latitude,longitude,max_wind_gust
19.3999999999999559,121.3999999999995225,20.6776809692382812
19.3999999999999559,121.4999999999995168,20.5659561157226562
18.8999999999999488,121.8999999999994941,19.6000194549560547
18.5999999999999446,120.7999999999995566,18.5566425323486328
18.5999999999999446,120.8999999999995509,17.5800895690917969
18.5999999999999446,121.0999999999995396,15.5318756103515625
18.5999999999999446,121.1999999999995339,14.7207336425781250
18.4999999999999432,120.6999999999995623,15.8870038986206055
18.4999999999999432,120.7999999999995566,14.4818181991577148
18.4999999999999432,120.8999999999995509,13.1752386093139648
18.4999999999999432,120.9999999999995453,12.1284933090209961
18.4999999999999432,121.0999999999995396,11.5164213180541992
18.4999999999999432,121.1999999999995339,10.9506301879882812
18.4999999999999432,121.2999999999995282,11.2759466171264648
18.4999999999999432,122.1999999999994770,19.3103046417236328
18.3999999999999417,120.5999999999995680,14.0690832138061523
18.3999999999999417,120.6999999999995623,12.7031927108764648
18.3999999999999417,120.7999999999995566,11.1737670898437500
18.3999999999999417,120.8999999999995509,9.7575826644897461
18.3999999999999417,120.9999999999995453,8.7372465133666992
18.3999999999999417,121.0999999999995396,7.9854731559753418
18.3999999999999417,121.1999999999995339,7.6486372947692871
18.3999999999999417,121.2999999999995282,8.2875661849975586
18.3999999999999417,121.3999999999995225,9.3290777206420898
18.3999999999999417,121.4999999999995168,10.0698766708374023
18.3999999999999417,121.5999999999995111,11.7206907272338867
18.3999999999999417,122.0999999999994827,18.0628776550292969
18.3999999999999417,122.1999999999994770,18.7331619262695312
18.3999999999999417,122.2999999999994714,19.1056041717529297
18.2999999999999403,120.6999999999995623,11.0592975616455078
18.2999999999999403,120.7999999999995566,9.7036933898925781
18.2999999999999403,120.8999999999995509,8.3967189788818359
18.2999999999999403,120.9999999999995453,7.5077967643737793
18.2999999999999403,121.0999999999995396,6.8511958122253418
18.2999999999999403,121.1999999999995339,6.5295405387878418
18.2999999999999403,121.2999999999995282,6.9871230125427246
18.2999999999999403,121.3999999999995225,7.8840384483337402
18.2999999999999403,121.4999999999995168,8.9455785751342773
18.2999999999999403,121.5999999999995111,10.4177474975585938
18.2999999999999403,121.6999999999995055,12.0152139663696289
18.2999999999999403,122.0999999999994827,14.7399826049804688
18.2999999999999403,122.1999999999994770,16.3440189361572266
18.2999999999999403,122.2999999999994714,17.4817180633544922
18.1999999999999389,120.4999999999995737,13.3539228439331055
18.1999999999999389,120.5999999999995680,11.7805795669555664
18.1999999999999389,120.6999999999995623,9.7600679397583008
18.1999999999999389,120.7999999999995566,8.5168895721435547
18.1999999999999389,120.8999999999995509,7.4143061637878418
18.1999999999999389,120.9999999999995453,6.6191987991333008
18.1999999999999389,121.0999999999995396,6.1438899040222168
18.1999999999999389,121.1999999999995339,5.8762121200561523
18.1999999999999389,121.2999999999995282,6.0881247520446777
18.1999999999999389,121.3999999999995225,6.6945991516113281
18.1999999999999389,121.4999999999995168,7.4304351806640625
18.1999999999999389,121.5999999999995111,8.5199899673461914
18.1999999999999389,121.6999999999995055,9.6346902847290039
18.1999999999999389,121.7999999999994998,10.4789190292358398
18.1999999999999389,121.8999999999994941,10.4728727340698242
18.1999999999999389,121.9999999999994884,10.4056854248046875
18.1999999999999389,122.0999999999994827,10.9502487182617188
18.1999999999999389,122.1999999999994770,13.5600833892822266
18.0999999999999375,120.4999999999995737,13.1005220413208008
18.0999999999999375,120.5999999999995680,10.6132497787475586
18.0999999999999375,120.6999999999995623,8.8644971847534180
18.0999999999999375,120.7999999999995566,7.8607020378112793
18.0999999999999375,120.8999999999995509,6.8918108940124512
18.0999999999999375,120.9999999999995453,6.2157726287841797
18.0999999999999375,121.0999999999995396,5.7876520156860352
18.0999999999999375,121.1999999999995339,5.4887228012084961
18.0999999999999375,121.2999999999995282,5.6001896858215332
18.0999999999999375,121.3999999999995225,5.8468317985534668
18.0999999999999375,121.4999999999995168,6.2777543067932129
18.0999999999999375,121.5999999999995111,6.8979682922363281
18.0999999999999375,121.6999999999995055,7.5719947814941406
18.0999999999999375,121.7999999999994998,8.0665550231933594
18.0999999999999375,121.8999999999994941,8.0820264816284180
18.0999999999999375,121.9999999999994884,8.0829658508300781
18.0999999999999375,122.0999999999994827,8.7671594619750977
18.0999999999999375,122.1999999999994770,10.0480489730834961
17.9999999999999361,120.5999999999995680,10.1898536682128906
17.9999999999999361,120.6999999999995623,8.9197320938110352
17.9999999999999361,120.7999999999995566,8.1862783432006836
17.9999999999999361,120.8999999999995509,7.4934029579162598
17.9999999999999361,120.9999999999995453,6.8805551528930664
17.9999999999999361,121.0999999999995396,6.3326926231384277
17.9999999999999361,121.1999999999995339,5.8930001258850098
17.9999999999999361,121.2999999999995282,5.7696490287780762
17.9999999999999361,121.3999999999995225,5.9247145652770996
17.9999999999999361,121.4999999999995168,6.1663575172424316
17.9999999999999361,121.5999999999995111,6.3174600601196289
17.9999999999999361,121.6999999999995055,6.4594111442565918
17.9999999999999361,121.7999999999994998,6.5877108573913574
17.9999999999999361,121.8999999999994941,6.6830582618713379
17.9999999999999361,121.9999999999994884,6.7977766990661621
17.9999999999999361,122.0999999999994827,7.8087043762207031
17.8999999999999346,120.4999999999995737,11.4157066345214844
17.8999999999999346,120.5999999999995680,9.8419361114501953
17.8999999999999346,120.6999999999995623,8.9462537765502930
17.8999999999999346,120.7999999999995566,8.5684280395507812
17.8999999999999346,120.8999999999995509,8.2841882705688477
17.8999999999999346,120.9999999999995453,7.5508003234863281
17.8999999999999346,121.0999999999995396,6.8920111656188965
17.8999999999999346,121.1999999999995339,6.3328895568847656
17.8999999999999346,121.2999999999995282,6.0562281608581543
17.8999999999999346,121.3999999999995225,6.0255255699157715
17.8999999999999346,121.4999999999995168,6.1502985954284668
17.8999999999999346,121.5999999999995111,6.0325183868408203
17.8999999999999346,121.6999999999995055,5.8314008712768555
17.8999999999999346,121.7999999999994998,5.6488733291625977
17.8999999999999346,121.8999999999994941,5.4883742332458496
17.8999999999999346,121.9999999999994884,5.5945720672607422
17.8999999999999346,122.0999999999994827,6.7029457092285156
17.7999999999999332,120.4999999999995737,11.0313177108764648
17.7999999999999332,120.5999999999995680,9.6668844223022461
17.7999999999999332,120.6999999999995623,8.9675817489624023
17.7999999999999332,120.7999999999995566,8.6948652267456055
17.7999999999999332,120.8999999999995509,8.4287672042846680
17.7999999999999332,120.9999999999995453,7.7212891578674316
17.7999999999999332,121.0999999999995396,6.8680114746093750
17.7999999999999332,121.1999999999995339,6.1737632751464844
17.7999999999999332,121.2999999999995282,5.8952231407165527
17.7999999999999332,121.3999999999995225,5.9328937530517578
17.7999999999999332,121.4999999999995168,6.2819561958312988
17.7999999999999332,121.5999999999995111,5.9594616889953613
17.7999999999999332,121.6999999999995055,5.5588374137878418
17.7999999999999332,121.7999999999994998,5.1846003532409668
17.7999999999999332,121.8999999999994941,4.9382057189941406
17.7999999999999332,121.9999999999994884,4.9073309898376465
17.7999999999999332,122.0999999999994827,6.1077551841735840
17.6999999999999318,120.3999999999995794,14.0883407592773438
17.6999999999999318,120.4999999999995737,11.2407341003417969
17.6999999999999318,120.5999999999995680,9.6973466873168945
17.6999999999999318,120.6999999999995623,8.8796186447143555
17.6999999999999318,120.7999999999995566,8.5282468795776367
17.6999999999999318,120.8999999999995509,8.2623472213745117
17.6999999999999318,120.9999999999995453,7.4524002075195312
17.6999999999999318,121.0999999999995396,6.2991299629211426
17.6999999999999318,121.1999999999995339,5.2756648063659668
17.6999999999999318,121.2999999999995282,5.1281332969665527
17.6999999999999318,121.3999999999995225,5.6283450126647949
17.6999999999999318,121.4999999999995168,6.3480496406555176
17.6999999999999318,121.5999999999995111,6.2159075736999512
17.6999999999999318,121.6999999999995055,5.8220925331115723
17.6999999999999318,121.7999999999994998,5.3961057662963867
17.6999999999999318,121.8999999999994941,4.9521808624267578
17.6999999999999318,121.9999999999994884,4.6900777816772461
17.6999999999999318,122.0999999999994827,5.7012834548950195
17.5999999999999304,120.3999999999995794,15.3125982284545898
17.5999999999999304,120.4999999999995737,11.9546995162963867
17.5999999999999304,120.5999999999995680,9.6356039047241211
17.5999999999999304,120.6999999999995623,8.7888784408569336
17.5999999999999304,120.7999999999995566,8.3352880477905273
17.5999999999999304,120.8999999999995509,8.1061410903930664
17.5999999999999304,120.9999999999995453,7.1930565834045410
17.5999999999999304,121.0999999999995396,5.8564820289611816
17.5999999999999304,121.1999999999995339,4.6176924705505371
17.5999999999999304,121.2999999999995282,4.4145636558532715
17.5999999999999304,121.3999999999995225,5.4640545845031738
17.5999999999999304,121.4999999999995168,6.8609771728515625
17.5999999999999304,121.5999999999995111,6.6475510597229004
17.5999999999999304,121.6999999999995055,6.2847957611083984
17.5999999999999304,121.7999999999994998,5.7930388450622559
17.5999999999999304,121.8999999999994941,5.0884304046630859
17.5999999999999304,121.9999999999994884,4.6340084075927734
17.5999999999999304,122.0999999999994827,5.6776347160339355
17.4999999999999289,120.4999999999995737,11.3607702255249023
17.4999999999999289,120.5999999999995680,8.3956050872802734
17.4999999999999289,120.6999999999995623,7.6657447814941406
17.4999999999999289,120.7999999999995566,7.4058876037597656
17.4999999999999289,120.8999999999995509,7.3690600395202637
17.4999999999999289,120.9999999999995453,6.5685768127441406
17.4999999999999289,121.0999999999995396,5.3214583396911621
17.4999999999999289,121.1999999999995339,4.1495838165283203
17.4999999999999289,121.2999999999995282,4.0461444854736328
17.4999999999999289,121.3999999999995225,5.4067668914794922
17.4999999999999289,121.4999999999995168,6.8526506423950195
17.4999999999999289,121.5999999999995111,6.8721938133239746
17.4999999999999289,121.6999999999995055,6.5453438758850098
17.4999999999999289,121.7999999999994998,6.0312705039978027
17.4999999999999289,121.8999999999994941,5.0384426116943359
17.4999999999999289,121.9999999999994884,4.3887057304382324
17.4999999999999289,122.0999999999994827,5.1289134025573730
17.3999999999999275,120.4999999999995737,10.0770006179809570
17.3999999999999275,120.5999999999995680,6.6640892028808594
17.3999999999999275,120.6999999999995623,5.9316015243530273
17.3999999999999275,120.7999999999995566,5.9692244529724121
17.3999999999999275,120.8999999999995509,6.1397471427917480
17.3999999999999275,120.9999999999995453,5.6887350082397461
17.3999999999999275,121.0999999999995396,4.7184629440307617
17.3999999999999275,121.1999999999995339,3.9709343910217285
17.3999999999999275,121.2999999999995282,4.0067415237426758
17.3999999999999275,121.3999999999995225,5.3852763175964355
17.3999999999999275,121.4999999999995168,7.1086487770080566
17.3999999999999275,121.5999999999995111,6.9261717796325684
17.3999999999999275,121.6999999999995055,6.6823997497558594
17.3999999999999275,121.7999999999994998,6.1058382987976074
17.3999999999999275,121.8999999999994941,4.8950414657592773
17.3999999999999275,121.9999999999994884,4.0201220512390137
17.3999999999999275,122.0999999999994827,4.7755255699157715
17.3999999999999275,122.1999999999994770,6.7709879875183105
17.2999999999999261,120.4999999999995737,8.6274099349975586
17.2999999999999261,120.5999999999995680,5.4526777267456055
17.2999999999999261,120.6999999999995623,4.2420420646667480
17.2999999999999261,120.7999999999995566,4.7097716331481934
17.2999999999999261,120.8999999999995509,5.2522988319396973
17.2999999999999261,120.9999999999995453,5.0387835502624512
17.2999999999999261,121.0999999999995396,4.2272639274597168
17.2999999999999261,121.1999999999995339,3.7393715381622314
17.2999999999999261,121.2999999999995282,4.0242943763732910
17.2999999999999261,121.3999999999995225,5.4073719978332520
17.2999999999999261,121.4999999999995168,6.9055795669555664
17.2999999999999261,121.5999999999995111,7.0478196144104004
17.2999999999999261,121.6999999999995055,6.9397158622741699
17.2999999999999261,121.7999999999994998,6.5466203689575195
17.2999999999999261,121.8999999999994941,4.9464411735534668
17.2999999999999261,121.9999999999994884,3.8476300239562988
17.2999999999999261,122.0999999999994827,4.4375810623168945
17.2999999999999261,122.1999999999994770,6.0827221870422363
17.2999999999999261,122.2999999999994714,8.1030731201171875
17.1999999999999247,120.4999999999995737,7.0490450859069824
17.1999999999999247,120.5999999999995680,4.0357518196105957
17.1999999999999247,120.6999999999995623,3.6348826885223389
17.1999999999999247,120.7999999999995566,3.9986183643341064
17.1999999999999247,120.8999999999995509,4.7730212211608887
17.1999999999999247,120.9999999999995453,4.6683359146118164
17.1999999999999247,121.0999999999995396,3.9498112201690674
17.1999999999999247,121.1999999999995339,3.7396347522735596
17.1999999999999247,121.2999999999995282,4.2022714614868164
17.1999999999999247,121.3999999999995225,5.5193581581115723
17.1999999999999247,121.4999999999995168,6.9870514869689941
17.1999999999999247,121.5999999999995111,7.0794157981872559
17.1999999999999247,121.6999999999995055,7.1841874122619629
17.1999999999999247,121.7999999999994998,6.8160853385925293
17.1999999999999247,121.8999999999994941,5.3885946273803711
17.1999999999999247,121.9999999999994884,4.2698912620544434
17.1999999999999247,122.0999999999994827,4.7039208412170410
17.1999999999999247,122.1999999999994770,6.0763530731201172
17.1999999999999247,122.2999999999994714,7.7384033203125000
17.1999999999999247,122.3999999999994657,9.2939720153808594
17.0999999999999233,120.4999999999995737,5.3574624061584473
17.0999999999999233,120.5999999999995680,3.3465802669525146
17.0999999999999233,120.6999999999995623,3.4629440307617188
17.0999999999999233,120.7999999999995566,3.5692918300628662
17.0999999999999233,120.8999999999995509,4.5346274375915527
17.0999999999999233,120.9999999999995453,4.4119925498962402
17.0999999999999233,121.0999999999995396,3.7978799343109131
17.0999999999999233,121.1999999999995339,3.8680934906005859
17.0999999999999233,121.2999999999995282,4.6695475578308105
17.0999999999999233,121.3999999999995225,5.6699976921081543
17.0999999999999233,121.4999999999995168,6.6675834655761719
17.0999999999999233,121.5999999999995111,7.0974373817443848
17.0999999999999233,121.6999999999995055,7.4160470962524414
17.0999999999999233,121.7999999999994998,7.3273158073425293
17.0999999999999233,121.8999999999994941,5.9703602790832520
17.0999999999999233,121.9999999999994884,4.9932746887207031
17.0999999999999233,122.0999999999994827,5.1411638259887695
17.0999999999999233,122.1999999999994770,6.2796969413757324
17.0999999999999233,122.2999999999994714,7.5457453727722168
17.0999999999999233,122.3999999999994657,10.0360364913940430
17.0999999999999233,122.4999999999994600,13.3645982742309570
16.9999999999999218,120.4999999999995737,5.5679993629455566
16.9999999999999218,120.5999999999995680,3.5670750141143799
16.9999999999999218,120.6999999999995623,3.3266193866729736
16.9999999999999218,120.7999999999995566,3.3126873970031738
16.9999999999999218,120.8999999999995509,4.3857779502868652
16.9999999999999218,120.9999999999995453,4.1777954101562500
16.9999999999999218,121.0999999999995396,3.6736805438995361
16.9999999999999218,121.1999999999995339,4.1488404273986816
16.9999999999999218,121.2999999999995282,4.9184570312500000
16.9999999999999218,121.3999999999995225,5.7103452682495117
16.9999999999999218,121.4999999999995168,6.5350871086120605
16.9999999999999218,121.5999999999995111,7.0141496658325195
16.9999999999999218,121.6999999999995055,7.5452508926391602
16.9999999999999218,121.7999999999994998,7.6030306816101074
16.9999999999999218,121.8999999999994941,6.4413604736328125
16.9999999999999218,121.9999999999994884,5.5556330680847168
16.9999999999999218,122.0999999999994827,5.6592354774475098
16.9999999999999218,122.1999999999994770,6.5045022964477539
16.9999999999999218,122.2999999999994714,7.5598106384277344
16.9999999999999218,122.3999999999994657,10.0713768005371094
16.8999999999999204,120.3999999999995794,6.9509019851684570
16.8999999999999204,120.4999999999995737,4.7282090187072754
16.8999999999999204,120.5999999999995680,3.1642034053802490
16.8999999999999204,120.6999999999995623,3.2082016468048096
16.8999999999999204,120.7999999999995566,3.1761445999145508
16.8999999999999204,120.8999999999995509,3.9921760559082031
16.8999999999999204,120.9999999999995453,3.9899194240570068
16.8999999999999204,121.0999999999995396,3.2988026142120361
16.8999999999999204,121.1999999999995339,3.4725856781005859
16.8999999999999204,121.2999999999995282,4.3210010528564453
16.8999999999999204,121.3999999999995225,5.2076454162597656
16.8999999999999204,121.4999999999995168,6.0251784324645996
16.8999999999999204,121.5999999999995111,6.6211104393005371
16.8999999999999204,121.6999999999995055,7.2416548728942871
16.8999999999999204,121.7999999999994998,7.4699716567993164
16.8999999999999204,121.8999999999994941,6.3929882049560547
16.8999999999999204,121.9999999999994884,5.5116829872131348
16.8999999999999204,122.0999999999994827,5.5624690055847168
16.8999999999999204,122.1999999999994770,6.6547417640686035
16.8999999999999204,122.2999999999994714,7.7507715225219727
16.8999999999999204,122.3999999999994657,10.6816101074218750
16.7999999999999190,120.3999999999995794,6.3826251029968262
16.7999999999999190,120.4999999999995737,4.0009622573852539
16.7999999999999190,120.5999999999995680,2.7369220256805420
16.7999999999999190,120.6999999999995623,3.1023778915405273
16.7999999999999190,120.7999999999995566,3.0755259990692139
16.7999999999999190,120.8999999999995509,3.9763283729553223
16.7999999999999190,120.9999999999995453,3.8175487518310547
16.7999999999999190,121.0999999999995396,2.8978519439697266
16.7999999999999190,121.1999999999995339,2.7161567211151123
16.7999999999999190,121.2999999999995282,3.5315940380096436
16.7999999999999190,121.3999999999995225,4.6030216217041016
16.7999999999999190,121.4999999999995168,5.6204600334167480
16.7999999999999190,121.5999999999995111,6.1890573501586914
16.7999999999999190,121.6999999999995055,6.8708758354187012
16.7999999999999190,121.7999999999994998,7.2322640419006348
16.7999999999999190,121.8999999999994941,6.2441973686218262
16.7999999999999190,121.9999999999994884,5.3289961814880371
16.7999999999999190,122.0999999999994827,5.4479894638061523
16.7999999999999190,122.1999999999994770,6.8178267478942871
16.7999999999999190,122.2999999999994714,8.2936763763427734
16.7999999999999190,122.3999999999994657,10.1820268630981445
16.6999999999999176,120.3999999999995794,4.9331488609313965
16.6999999999999176,120.4999999999995737,3.5070369243621826
16.6999999999999176,120.5999999999995680,2.4594924449920654
16.6999999999999176,120.6999999999995623,3.0338919162750244
16.6999999999999176,120.7999999999995566,3.0474770069122314
16.6999999999999176,120.8999999999995509,3.9117951393127441
16.6999999999999176,120.9999999999995453,3.7452943325042725
16.6999999999999176,121.0999999999995396,2.7600073814392090
16.6999999999999176,121.1999999999995339,2.4565942287445068
16.6999999999999176,121.2999999999995282,3.0206928253173828
16.6999999999999176,121.3999999999995225,4.1484422683715820
16.6999999999999176,121.4999999999995168,5.1682353019714355
16.6999999999999176,121.5999999999995111,5.7530531883239746
16.6999999999999176,121.6999999999995055,6.3884115219116211
16.6999999999999176,121.7999999999994998,6.8211388587951660
16.6999999999999176,121.8999999999994941,6.0468893051147461
16.6999999999999176,121.9999999999994884,5.3070030212402344
16.6999999999999176,122.0999999999994827,5.5843801498413086
16.6999999999999176,122.1999999999994770,7.4270091056823730
16.6999999999999176,122.2999999999994714,9.2775497436523438
16.5999999999999162,120.2999999999995850,4.4771142005920410
16.5999999999999162,120.3999999999995794,5.1750526428222656
16.5999999999999162,120.4999999999995737,3.5995430946350098
16.5999999999999162,120.5999999999995680,2.5276005268096924
16.5999999999999162,120.6999999999995623,3.1375546455383301
16.5999999999999162,120.7999999999995566,3.3080003261566162
16.5999999999999162,120.8999999999995509,4.2276573181152344
16.5999999999999162,120.9999999999995453,4.0494532585144043
16.5999999999999162,121.0999999999995396,3.3119721412658691
16.5999999999999162,121.1999999999995339,3.1992483139038086
16.5999999999999162,121.2999999999995282,3.6911227703094482
16.5999999999999162,121.3999999999995225,4.5297846794128418
16.5999999999999162,121.4999999999995168,5.3771371841430664
16.5999999999999162,121.5999999999995111,5.2137742042541504
16.5999999999999162,121.6999999999995055,5.5200414657592773
16.5999999999999162,121.7999999999994998,6.0006537437438965
16.5999999999999162,121.8999999999994941,5.8059968948364258
16.5999999999999162,121.9999999999994884,5.6735777854919434
16.5999999999999162,122.0999999999994827,6.6499047279357910
16.5999999999999162,122.1999999999994770,9.1948308944702148
16.5999999999999162,122.2999999999994714,11.1139402389526367
16.4999999999999147,120.2999999999995850,5.4575357437133789
16.4999999999999147,120.3999999999995794,5.1476831436157227
16.4999999999999147,120.4999999999995737,3.7169919013977051
16.4999999999999147,120.5999999999995680,2.8207426071166992
16.4999999999999147,120.6999999999995623,3.4379334449768066
16.4999999999999147,120.7999999999995566,3.7096912860870361
16.4999999999999147,120.8999999999995509,4.4800267219543457
16.4999999999999147,120.9999999999995453,4.4456133842468262
16.4999999999999147,121.0999999999995396,3.9156410694122314
16.4999999999999147,121.1999999999995339,3.9071476459503174
16.4999999999999147,121.2999999999995282,4.4094214439392090
16.4999999999999147,121.3999999999995225,4.9731230735778809
16.4999999999999147,121.4999999999995168,5.4282574653625488
16.4999999999999147,121.5999999999995111,5.1192684173583984
16.4999999999999147,121.6999999999995055,5.4605245590209961
16.4999999999999147,121.7999999999994998,5.9286036491394043
16.4999999999999147,121.8999999999994941,5.8757104873657227
16.4999999999999147,121.9999999999994884,6.3758664131164551
16.4999999999999147,122.0999999999994827,7.9525704383850098
16.4999999999999147,122.1999999999994770,11.1101131439208984
16.3999999999999133,120.3999999999995794,5.3711071014404297
16.3999999999999133,120.4999999999995737,3.8340251445770264
16.3999999999999133,120.5999999999995680,3.0420374870300293
16.3999999999999133,120.6999999999995623,3.6408715248107910
16.3999999999999133,120.7999999999995566,3.9494953155517578
16.3999999999999133,120.8999999999995509,4.7285790443420410
16.3999999999999133,120.9999999999995453,4.8243193626403809
16.3999999999999133,121.0999999999995396,4.4946217536926270
16.3999999999999133,121.1999999999995339,4.6682224273681641
16.3999999999999133,121.2999999999995282,5.0478224754333496
16.3999999999999133,121.3999999999995225,5.4537706375122070
16.3999999999999133,121.4999999999995168,5.7706961631774902
16.3999999999999133,121.5999999999995111,5.5538029670715332
16.3999999999999133,121.6999999999995055,5.6400895118713379
16.3999999999999133,121.7999999999994998,6.0802230834960938
16.3999999999999133,121.8999999999994941,6.9137816429138184
16.3999999999999133,121.9999999999994884,8.1134653091430664
16.3999999999999133,122.0999999999994827,10.1834011077880859
16.3999999999999133,122.1999999999994770,12.9424467086791992
16.2999999999999119,119.7999999999996135,7.7232699394226074
16.2999999999999119,120.3999999999995794,5.5768671035766602
16.2999999999999119,120.4999999999995737,3.9951863288879395
16.2999999999999119,120.5999999999995680,3.1112649440765381
16.2999999999999119,120.6999999999995623,3.5158677101135254
16.2999999999999119,120.7999999999995566,3.8453903198242188
16.2999999999999119,120.8999999999995509,4.6657896041870117
16.2999999999999119,120.9999999999995453,5.0097951889038086
16.2999999999999119,121.0999999999995396,5.0062594413757324
16.2999999999999119,121.1999999999995339,5.4223499298095703
16.2999999999999119,121.2999999999995282,5.5905766487121582
16.2999999999999119,121.3999999999995225,5.6405444145202637
16.2999999999999119,121.4999999999995168,5.7479553222656250
16.2999999999999119,121.5999999999995111,6.0117907524108887
16.2999999999999119,121.6999999999995055,6.4495062828063965
16.2999999999999119,121.7999999999994998,7.1831970214843750
16.2999999999999119,121.8999999999994941,8.8215866088867188
16.2999999999999119,121.9999999999994884,10.9123792648315430
16.2999999999999119,122.0999999999994827,13.3937702178955078
16.1999999999999105,119.7999999999996135,7.5815782546997070
16.1999999999999105,119.8999999999996078,8.0330057144165039
16.1999999999999105,119.9999999999996021,9.1044120788574219
16.1999999999999105,120.4999999999995737,5.5676517486572266
16.1999999999999105,120.5999999999995680,3.7029266357421875
16.1999999999999105,120.6999999999995623,3.5495026111602783
16.1999999999999105,120.7999999999995566,3.8488872051239014
16.1999999999999105,120.8999999999995509,4.8326134681701660
16.1999999999999105,120.9999999999995453,5.2982368469238281
16.1999999999999105,121.0999999999995396,5.6056346893310547
16.1999999999999105,121.1999999999995339,6.1680188179016113
16.1999999999999105,121.2999999999995282,6.0999875068664551
16.1999999999999105,121.3999999999995225,5.8453888893127441
16.1999999999999105,121.4999999999995168,5.6889071464538574
16.1999999999999105,121.5999999999995111,6.4223532676696777
16.1999999999999105,121.6999999999995055,7.2853355407714844
16.1999999999999105,121.7999999999994998,8.5485296249389648
16.1999999999999105,121.8999999999994941,10.7727565765380859
16.1999999999999105,121.9999999999994884,13.6776981353759766
16.0999999999999091,119.7999999999996135,7.7676234245300293
16.0999999999999091,119.8999999999996078,7.7262201309204102
16.0999999999999091,119.9999999999996021,8.8480319976806641
16.0999999999999091,120.4999999999995737,5.9389524459838867
16.0999999999999091,120.5999999999995680,3.8237037658691406
16.0999999999999091,120.6999999999995623,3.0879609584808350
16.0999999999999091,120.7999999999995566,3.5549142360687256
16.0999999999999091,120.8999999999995509,4.6196088790893555
16.0999999999999091,120.9999999999995453,5.3131513595581055
16.0999999999999091,121.0999999999995396,6.0000433921813965
16.0999999999999091,121.1999999999995339,6.7312426567077637
16.0999999999999091,121.2999999999995282,6.3594870567321777
16.0999999999999091,121.3999999999995225,5.9962759017944336
16.0999999999999091,121.4999999999995168,5.9667301177978516
16.0999999999999091,121.5999999999995111,7.1967349052429199
16.0999999999999091,121.6999999999995055,8.6553792953491211
15.9999999999999094,119.7999999999996135,8.4502296447753906
15.9999999999999094,119.8999999999996078,7.6265573501586914
15.9999999999999094,119.9999999999996021,7.8891816139221191
15.9999999999999094,120.0999999999995964,8.1687726974487305
15.9999999999999094,120.1999999999995907,7.6863846778869629
15.9999999999999094,120.2999999999995850,7.5871176719665527
15.9999999999999094,120.3999999999995794,7.2248492240905762
15.9999999999999094,120.4999999999995737,5.4063787460327148
15.9999999999999094,120.5999999999995680,3.6724941730499268
15.9999999999999094,120.6999999999995623,3.1017587184906006
15.9999999999999094,120.7999999999995566,3.1373071670532227
15.9999999999999094,120.8999999999995509,4.8194093704223633
15.9999999999999094,120.9999999999995453,5.7145533561706543
15.9999999999999094,121.0999999999995396,6.1710300445556641
15.9999999999999094,121.1999999999995339,6.5352053642272949
15.9999999999999094,121.2999999999995282,6.4609832763671875
15.9999999999999094,121.3999999999995225,6.1311869621276855
15.9999999999999094,121.4999999999995168,5.9519181251525879
15.9999999999999094,121.5999999999995111,7.9543414115905762
15.8999999999999098,119.9999999999996021,7.2805137634277344
15.8999999999999098,120.0999999999995964,7.0389366149902344
15.8999999999999098,120.1999999999995907,6.3394832611083984
15.8999999999999098,120.2999999999995850,6.2895298004150391
15.8999999999999098,120.3999999999995794,6.2184333801269531
15.8999999999999098,120.4999999999995737,5.1740407943725586
15.8999999999999098,120.5999999999995680,4.1445446014404297
15.8999999999999098,120.6999999999995623,3.3111846446990967
15.8999999999999098,120.7999999999995566,3.5694789886474609
15.8999999999999098,120.8999999999995509,5.2591886520385742
15.8999999999999098,120.9999999999995453,6.0806574821472168
15.8999999999999098,121.0999999999995396,6.3333754539489746
15.8999999999999098,121.1999999999995339,6.6690688133239746
15.8999999999999098,121.2999999999995282,6.5179200172424316
15.8999999999999098,121.3999999999995225,6.2620387077331543
15.8999999999999098,121.4999999999995168,6.5537080764770508
15.8999999999999098,121.5999999999995111,7.7604308128356934
15.7999999999999101,119.9999999999996021,6.2567276954650879
15.7999999999999101,120.0999999999995964,5.7646512985229492
15.7999999999999101,120.1999999999995907,5.0630388259887695
15.7999999999999101,120.2999999999995850,4.9422936439514160
15.7999999999999101,120.3999999999995794,5.1381850242614746
15.7999999999999101,120.4999999999995737,4.5692596435546875
15.7999999999999101,120.5999999999995680,4.0285696983337402
15.7999999999999101,120.6999999999995623,3.5191514492034912
15.7999999999999101,120.7999999999995566,4.2738065719604492
15.7999999999999101,120.8999999999995509,5.8048863410949707
15.7999999999999101,120.9999999999995453,6.3911070823669434
15.7999999999999101,121.0999999999995396,6.3159203529357910
15.7999999999999101,121.1999999999995339,6.2541189193725586
15.7999999999999101,121.2999999999995282,6.2015681266784668
15.7999999999999101,121.3999999999995225,6.1971740722656250
15.7999999999999101,121.4999999999995168,6.3722586631774902
15.6999999999999105,119.9999999999996021,5.1086664199829102
15.6999999999999105,120.0999999999995964,4.5815773010253906
15.6999999999999105,120.1999999999995907,3.8894822597503662
15.6999999999999105,120.2999999999995850,3.6529920101165771
15.6999999999999105,120.3999999999995794,3.9436924457550049
15.6999999999999105,120.4999999999995737,3.7447288036346436
15.6999999999999105,120.5999999999995680,3.6405613422393799
15.6999999999999105,120.6999999999995623,4.0706162452697754
15.6999999999999105,120.7999999999995566,5.1229696273803711
15.6999999999999105,120.8999999999995509,6.3106951713562012
15.6999999999999105,120.9999999999995453,6.6160454750061035
15.6999999999999105,121.0999999999995396,6.2021179199218750
15.6999999999999105,121.1999999999995339,5.7880744934082031
15.6999999999999105,121.2999999999995282,6.0062007904052734
15.6999999999999105,121.3999999999995225,6.4705834388732910
15.6999999999999105,121.4999999999995168,7.5158348083496094
15.5999999999999108,119.9999999999996021,4.8691258430480957
15.5999999999999108,120.0999999999995964,3.6704137325286865
15.5999999999999108,120.1999999999995907,4.1059122085571289
15.5999999999999108,120.2999999999995850,4.6600480079650879
15.5999999999999108,120.3999999999995794,5.0203604698181152
15.5999999999999108,120.4999999999995737,4.6391487121582031
15.5999999999999108,120.5999999999995680,4.6233954429626465
15.5999999999999108,120.6999999999995623,5.0213050842285156
15.5999999999999108,120.7999999999995566,5.8933982849121094
15.5999999999999108,120.8999999999995509,6.8951964378356934
15.5999999999999108,120.9999999999995453,6.8953890800476074
15.5999999999999108,121.0999999999995396,6.2762951850891113
15.5999999999999108,121.1999999999995339,5.7958860397338867
15.5999999999999108,121.2999999999995282,6.2593231201171875
15.5999999999999108,121.3999999999995225,7.1400847434997559
15.5999999999999108,121.4999999999995168,8.3127794265747070
15.4999999999999112,119.9999999999996021,4.7859201431274414
15.4999999999999112,120.0999999999995964,4.3712954521179199
15.4999999999999112,120.1999999999995907,4.9236083030700684
15.4999999999999112,120.2999999999995850,5.3276777267456055
15.4999999999999112,120.3999999999995794,5.5514712333679199
15.4999999999999112,120.4999999999995737,5.4074988365173340
15.4999999999999112,120.5999999999995680,5.3436141014099121
15.4999999999999112,120.6999999999995623,5.6686697006225586
15.4999999999999112,120.7999999999995566,6.3706431388854980
15.4999999999999112,120.8999999999995509,7.0586748123168945
15.4999999999999112,120.9999999999995453,7.2805342674255371
15.4999999999999112,121.0999999999995396,7.0780792236328125
15.4999999999999112,121.1999999999995339,6.8817062377929688
15.4999999999999112,121.2999999999995282,7.9306387901306152
15.4999999999999112,121.3999999999995225,9.3394765853881836
15.4999999999999112,121.4999999999995168,10.2735967636108398
15.3999999999999115,119.8999999999996078,7.7577905654907227
15.3999999999999115,119.9999999999996021,4.7127795219421387
15.3999999999999115,120.0999999999995964,5.1595606803894043
15.3999999999999115,120.1999999999995907,5.8014802932739258
15.3999999999999115,120.2999999999995850,6.2568221092224121
15.3999999999999115,120.3999999999995794,6.4898209571838379
15.3999999999999115,120.4999999999995737,6.2381319999694824
15.3999999999999115,120.5999999999995680,6.0344347953796387
15.3999999999999115,120.6999999999995623,6.1940240859985352
15.3999999999999115,120.7999999999995566,6.7325320243835449
15.3999999999999115,120.8999999999995509,7.2744188308715820
15.3999999999999115,120.9999999999995453,7.6815147399902344
15.3999999999999115,121.0999999999995396,8.0840692520141602
15.3999999999999115,121.1999999999995339,8.5921783447265625
15.3999999999999115,121.2999999999995282,10.0843572616577148
15.2999999999999119,119.9999999999996021,4.4693355560302734
15.2999999999999119,120.0999999999995964,5.7580904960632324
15.2999999999999119,120.1999999999995907,6.4860720634460449
15.2999999999999119,120.2999999999995850,7.0397462844848633
15.2999999999999119,120.3999999999995794,7.3170151710510254
15.2999999999999119,120.4999999999995737,7.0364379882812500
15.2999999999999119,120.5999999999995680,6.8073344230651855
15.2999999999999119,120.6999999999995623,6.8824257850646973
15.2999999999999119,120.7999999999995566,7.2399439811706543
15.2999999999999119,120.8999999999995509,7.6170945167541504
15.2999999999999119,120.9999999999995453,8.1918811798095703
15.2999999999999119,121.0999999999995396,8.9267683029174805
15.2999999999999119,121.1999999999995339,9.6638956069946289
15.2999999999999119,121.2999999999995282,11.5325279235839844
15.2999999999999119,121.3999999999995225,13.3605012893676758
15.1999999999999122,120.0999999999995964,6.4079689979553223
15.1999999999999122,120.1999999999995907,6.5491700172424316
15.1999999999999122,120.2999999999995850,7.1703467369079590
15.1999999999999122,120.3999999999995794,7.5576791763305664
15.1999999999999122,120.4999999999995737,7.5555300712585449
15.1999999999999122,120.5999999999995680,7.6505885124206543
15.1999999999999122,120.6999999999995623,7.8462128639221191
15.1999999999999122,120.7999999999995566,8.1343183517456055
15.1999999999999122,120.8999999999995509,8.4278297424316406
15.1999999999999122,120.9999999999995453,8.8189811706542969
15.1999999999999122,121.0999999999995396,9.2256774902343750
15.1999999999999122,121.1999999999995339,9.7127866744995117
15.1999999999999122,121.2999999999995282,10.9941701889038086
15.0999999999999126,120.0999999999995964,7.6977920532226562
15.0999999999999126,120.1999999999995907,6.6300539970397949
15.0999999999999126,120.2999999999995850,7.2436442375183105
15.0999999999999126,120.3999999999995794,7.7918739318847656
15.0999999999999126,120.4999999999995737,8.0898199081420898
15.0999999999999126,120.5999999999995680,8.5033941268920898
15.0999999999999126,120.6999999999995623,8.8534202575683594
15.0999999999999126,120.7999999999995566,9.0851087570190430
15.0999999999999126,120.8999999999995509,9.3064527511596680
15.0999999999999126,120.9999999999995453,9.4298782348632812
15.0999999999999126,121.0999999999995396,9.4812154769897461
15.0999999999999126,121.1999999999995339,9.5815658569335938
15.0999999999999126,121.2999999999995282,10.3533821105957031
15.0999999999999126,121.3999999999995225,11.2865037918090820
14.9999999999999130,120.0999999999995964,9.0767478942871094
14.9999999999999130,120.1999999999995907,7.6051139831542969
14.9999999999999130,120.2999999999995850,7.3619627952575684
14.9999999999999130,120.3999999999995794,8.0883455276489258
14.9999999999999130,120.4999999999995737,8.6300239562988281
14.9999999999999130,120.5999999999995680,9.1687564849853516
14.9999999999999130,120.6999999999995623,9.7243432998657227
14.9999999999999130,120.7999999999995566,9.8120803833007812
14.9999999999999130,120.8999999999995509,9.9056081771850586
14.9999999999999130,120.9999999999995453,9.8089342117309570
14.9999999999999130,121.0999999999995396,9.6062879562377930
14.9999999999999130,121.1999999999995339,9.4635801315307617
14.9999999999999130,121.2999999999995282,9.6442365646362305
14.9999999999999130,121.3999999999995225,10.0135335922241211
14.9999999999999130,121.4999999999995168,10.7582654953002930
14.9999999999999130,121.8999999999994941,25.0690689086914062
14.9999999999999130,121.9999999999994884,26.4245815277099609
14.8999999999999133,120.0999999999995964,10.3459081649780273
14.8999999999999133,120.1999999999995907,9.0014753341674805
14.8999999999999133,120.2999999999995850,7.5855035781860352
14.8999999999999133,120.3999999999995794,8.6281099319458008
14.8999999999999133,120.4999999999995737,9.2616491317749023
14.8999999999999133,120.7999999999995566,10.1649694442749023
14.8999999999999133,120.8999999999995509,9.9359617233276367
14.8999999999999133,120.9999999999995453,9.6742544174194336
14.8999999999999133,121.0999999999995396,9.3958044052124023
14.8999999999999133,121.1999999999995339,9.1535520553588867
14.8999999999999133,121.2999999999995282,9.0249967575073242
14.8999999999999133,121.3999999999995225,9.3210449218750000
14.8999999999999133,121.4999999999995168,10.4774341583251953
14.8999999999999133,121.8999999999994941,25.6425151824951172
14.8999999999999133,121.9999999999994884,26.4361476898193359
14.7999999999999137,120.1999999999995907,11.0568265914916992
14.7999999999999137,120.2999999999995850,8.4936580657958984
14.7999999999999137,120.3999999999995794,9.1272039413452148
14.7999999999999137,120.4999999999995737,9.9164896011352539
14.7999999999999137,120.8999999999995509,9.9088163375854492
14.7999999999999137,120.9999999999995453,9.5726747512817383
14.7999999999999137,121.0999999999995396,9.2033061981201172
14.7999999999999137,121.1999999999995339,9.6133489608764648
14.7999999999999137,121.2999999999995282,10.1169996261596680
14.7999999999999137,121.3999999999995225,10.2457799911499023
14.7999999999999137,121.4999999999995168,10.7817897796630859
14.7999999999999137,121.5999999999995111,14.9507055282592773
14.7999999999999137,121.8999999999994941,26.3101787567138672
14.7999999999999137,121.9999999999994884,27.1160869598388672
14.7999999999999137,122.1999999999994770,27.5603332519531250
14.6999999999999140,120.2999999999995850,10.4732093811035156
14.6999999999999140,120.3999999999995794,10.7110786437988281
14.6999999999999140,120.4999999999995737,11.2219114303588867
14.6999999999999140,120.9999999999995453,10.0026473999023438
14.6999999999999140,121.0999999999995396,9.7553710937500000
14.6999999999999140,121.1999999999995339,10.8388490676879883
14.6999999999999140,121.2999999999995282,10.9845762252807617
14.6999999999999140,121.3999999999995225,10.6700162887573242
14.6999999999999140,121.4999999999995168,11.4122390747070312
14.6999999999999140,121.5999999999995111,15.0343523025512695
14.6999999999999140,121.9999999999994884,27.1335048675537109
14.6999999999999140,122.3999999999994657,27.0458679199218750
14.5999999999999144,120.3999999999995794,14.1407136917114258
14.5999999999999144,120.4999999999995737,13.3698987960815430
14.5999999999999144,120.5999999999995680,13.4508285522460938
14.5999999999999144,120.9999999999995453,10.9222593307495117
14.5999999999999144,121.0999999999995396,11.0299263000488281
14.5999999999999144,121.1999999999995339,11.5961637496948242
14.5999999999999144,121.2999999999995282,11.6105728149414062
14.5999999999999144,121.3999999999995225,11.4318675994873047
14.5999999999999144,121.4999999999995168,11.5919427871704102
14.5999999999999144,121.5999999999995111,15.5436353683471680
14.4999999999999147,120.4999999999995737,16.7579250335693359
14.4999999999999147,120.5999999999995680,15.5701599121093750
14.4999999999999147,121.0999999999995396,11.7994947433471680
14.4999999999999147,121.1999999999995339,13.2114992141723633
14.4999999999999147,121.2999999999995282,12.7391176223754883
14.4999999999999147,121.3999999999995225,12.2301073074340820
14.4999999999999147,121.4999999999995168,12.4940061569213867
14.4999999999999147,121.5999999999995111,15.4210300445556641
14.3999999999999151,120.7999999999995566,11.7653770446777344
14.3999999999999151,120.8999999999995509,10.8627386093139648
14.3999999999999151,120.9999999999995453,11.0809946060180664
14.3999999999999151,121.2999999999995282,11.8241653442382812
14.3999999999999151,121.4999999999995168,11.2673254013061523
14.3999999999999151,121.5999999999995111,16.0432338714599609
14.3999999999999151,121.6999999999995055,19.4298305511474609
14.2999999999999154,120.6999999999995623,12.1606359481811523
14.2999999999999154,120.7999999999995566,11.2298450469970703
14.2999999999999154,120.8999999999995509,10.1938390731811523
14.2999999999999154,120.9999999999995453,10.3856525421142578
14.2999999999999154,121.0999999999995396,10.9899148941040039
14.2999999999999154,121.4999999999995168,10.6640214920043945
14.2999999999999154,121.5999999999995111,15.2031373977661133
14.2999999999999154,121.6999999999995055,21.3702602386474609
14.2999999999999154,122.4999999999994600,17.0943508148193359
14.2999999999999154,122.6999999999994486,16.9530162811279297
14.1999999999999158,120.5999999999995680,12.9444799423217773
14.1999999999999158,120.6999999999995623,11.8089437484741211
14.1999999999999158,120.7999999999995566,10.8625707626342773
14.1999999999999158,120.8999999999995509,9.9323472976684570
14.1999999999999158,120.9999999999995453,9.9204587936401367
14.1999999999999158,121.0999999999995396,10.2073535919189453
14.1999999999999158,121.3999999999995225,9.6202812194824219
14.1999999999999158,121.4999999999995168,9.9329519271850586
14.1999999999999158,121.5999999999995111,14.6050100326538086
14.1999999999999158,121.6999999999995055,21.4815654754638672
14.1999999999999158,121.9999999999994884,24.7651596069335938
14.1999999999999158,122.3999999999994657,12.9302778244018555
14.1999999999999158,122.4999999999994600,12.9001007080078125
14.1999999999999158,122.5999999999994543,12.3503904342651367
14.1999999999999158,122.6999999999994486,12.4037961959838867
14.1999999999999158,122.7999999999994429,12.8405427932739258
14.1999999999999158,122.8999999999994373,13.2506322860717773
14.0999999999999162,120.5999999999995680,13.3733053207397461
14.0999999999999162,120.6999999999995623,12.8109302520751953
14.0999999999999162,120.7999999999995566,11.9273548126220703
14.0999999999999162,120.8999999999995509,11.0413312911987305
14.0999999999999162,120.9999999999995453,10.4554252624511719
14.0999999999999162,121.0999999999995396,10.2086515426635742
14.0999999999999162,121.1999999999995339,9.9678249359130859
14.0999999999999162,121.2999999999995282,9.6857862472534180
14.0999999999999162,121.3999999999995225,9.6380815505981445
14.0999999999999162,121.4999999999995168,10.6635780334472656
14.0999999999999162,121.5999999999995111,14.9058046340942383
14.0999999999999162,121.6999999999995055,21.5372905731201172
14.0999999999999162,121.7999999999994998,27.0986213684082031
14.0999999999999162,122.0999999999994827,19.5160598754882812
14.0999999999999162,122.2999999999994714,13.5210647583007812
14.0999999999999162,122.3999999999994657,11.7867918014526367
14.0999999999999162,122.4999999999994600,11.4883680343627930
14.0999999999999162,122.5999999999994543,11.2303438186645508
14.0999999999999162,122.6999999999994486,11.3397169113159180
14.0999999999999162,122.7999999999994429,11.6396045684814453
14.0999999999999162,122.8999999999994373,12.5204124450683594
14.0999999999999162,122.9999999999994316,14.4567022323608398
13.9999999999999165,120.6999999999995623,14.3068609237670898
13.9999999999999165,120.7999999999995566,13.4508123397827148
13.9999999999999165,120.8999999999995509,12.5935869216918945
13.9999999999999165,120.9999999999995453,11.5266313552856445
13.9999999999999165,121.0999999999995396,10.5247716903686523
13.9999999999999165,121.1999999999995339,9.7525987625122070
13.9999999999999165,121.2999999999995282,9.7710142135620117
13.9999999999999165,121.3999999999995225,10.0097856521606445
13.9999999999999165,121.4999999999995168,10.9773397445678711
13.9999999999999165,121.5999999999995111,15.4014205932617188
13.9999999999999165,121.6999999999995055,21.5936336517333984
13.9999999999999165,121.7999999999994998,26.0525398254394531
13.9999999999999165,121.8999999999994941,24.2103443145751953
13.9999999999999165,122.3999999999994657,10.9497041702270508
13.9999999999999165,122.4999999999994600,11.0115232467651367
13.9999999999999165,122.5999999999994543,11.3013439178466797
13.9999999999999165,122.6999999999994486,11.4475240707397461
13.9999999999999165,122.7999999999994429,11.5975761413574219
13.9999999999999165,122.8999999999994373,12.1867456436157227
13.9999999999999165,122.9999999999994316,15.5393114089965820
13.9999999999999165,123.2999999999994145,21.1597900390625000
13.9999999999999165,124.1999999999993634,19.8320846557617188
13.9999999999999165,124.2999999999993577,17.1703090667724609
13.8999999999999169,120.5999999999995680,16.6647224426269531
13.8999999999999169,120.9999999999995453,12.3929796218872070
13.8999999999999169,121.0999999999995396,10.6313533782958984
13.8999999999999169,121.1999999999995339,9.2556142807006836
13.8999999999999169,121.2999999999995282,9.8032836914062500
13.8999999999999169,121.3999999999995225,10.7893514633178711
13.8999999999999169,121.4999999999995168,12.3505506515502930
13.8999999999999169,121.9999999999994884,19.5051288604736328
13.8999999999999169,122.0999999999994827,15.9826755523681641
13.8999999999999169,122.1999999999994770,13.4409017562866211
13.8999999999999169,122.2999999999994714,11.1737003326416016
13.8999999999999169,122.3999999999994657,10.5520620346069336
13.8999999999999169,122.6999999999994486,11.9585008621215820
13.8999999999999169,122.7999999999994429,11.8539247512817383
13.8999999999999169,122.8999999999994373,12.2061147689819336
13.8999999999999169,122.9999999999994316,14.8077945709228516
13.8999999999999169,123.3999999999994088,17.4420757293701172
13.8999999999999169,123.4999999999994031,17.2712192535400391
13.8999999999999169,123.5999999999993975,19.9195728302001953
13.8999999999999169,123.6999999999993918,23.0637588500976562
13.8999999999999169,124.1999999999993634,17.7212333679199219
13.8999999999999169,124.2999999999993577,15.4645910263061523
13.7999999999999172,120.0999999999995964,21.4690589904785156
13.7999999999999172,120.1999999999995907,21.0141372680664062
13.7999999999999172,120.8999999999995509,13.7984161376953125
13.7999999999999172,120.9999999999995453,12.3357257843017578
13.7999999999999172,121.0999999999995396,10.5344820022583008
13.7999999999999172,121.1999999999995339,9.0213975906372070
13.7999999999999172,121.2999999999995282,10.1560201644897461
13.7999999999999172,121.3999999999995225,12.2524623870849609
13.7999999999999172,121.9999999999994884,18.8711242675781250
13.7999999999999172,122.0999999999994827,16.2921943664550781
13.7999999999999172,122.1999999999994770,14.5618076324462891
13.7999999999999172,122.2999999999994714,12.7590923309326172
13.7999999999999172,122.3999999999994657,12.4296979904174805
13.7999999999999172,122.7999999999994429,12.8313398361206055
13.7999999999999172,122.8999999999994373,12.6120977401733398
13.7999999999999172,122.9999999999994316,14.3273210525512695
13.7999999999999172,123.2999999999994145,15.9307146072387695
13.7999999999999172,123.3999999999994088,15.0177412033081055
13.7999999999999172,123.4999999999994031,14.9683532714843750
13.7999999999999172,123.5999999999993975,18.1212406158447266
13.7999999999999172,123.6999999999993918,21.8710861206054688
13.7999999999999172,123.7999999999993861,23.9242458343505859
13.7999999999999172,124.1999999999993634,17.2453041076660156
13.7999999999999172,124.2999999999993577,14.8660192489624023
13.6999999999999176,121.0999999999995396,11.0032167434692383
13.6999999999999176,121.1999999999995339,9.1212825775146484
13.6999999999999176,121.2999999999995282,11.0195999145507812
13.6999999999999176,121.3999999999995225,13.7763462066650391
13.6999999999999176,122.1999999999994770,15.6011018753051758
13.6999999999999176,122.2999999999994714,14.6610813140869141
13.6999999999999176,122.3999999999994657,14.7466964721679688
13.6999999999999176,122.8999999999994373,13.1987991333007812
13.6999999999999176,122.9999999999994316,13.7283706665039062
13.6999999999999176,123.0999999999994259,14.5914506912231445
13.6999999999999176,123.1999999999994202,14.9516754150390625
13.6999999999999176,123.2999999999994145,14.0063705444335938
13.6999999999999176,123.3999999999994088,12.5672950744628906
13.6999999999999176,123.4999999999994031,12.8249158859252930
13.6999999999999176,124.0999999999993690,19.6638183593750000
13.6999999999999176,124.1999999999993634,16.8838291168212891
13.6999999999999176,124.2999999999993577,14.6536760330200195
13.5999999999999179,122.2999999999994714,16.1990985870361328
13.5999999999999179,122.3999999999994657,16.5576992034912109
13.5999999999999179,122.4999999999994600,17.3102760314941406
13.5999999999999179,122.8999999999994373,13.7686204910278320
13.5999999999999179,122.9999999999994316,14.0596456527709961
13.5999999999999179,123.0999999999994259,14.3528594970703125
13.5999999999999179,123.1999999999994202,14.0791063308715820
13.5999999999999179,123.2999999999994145,12.4857215881347656
13.5999999999999179,123.3999999999994088,10.7052249908447266
13.5999999999999179,123.4999999999994031,10.4520559310913086
13.5999999999999179,124.1999999999993634,17.4207115173339844
13.5999999999999179,124.2999999999993577,15.3400650024414062
13.4999999999999183,120.6999999999995623,12.7176637649536133
13.4999999999999183,120.7999999999995566,10.9219160079956055
13.4999999999999183,121.8999999999994941,22.6527309417724609
13.4999999999999183,121.9999999999994884,18.6047496795654297
13.4999999999999183,122.4999999999994600,17.5520591735839844
13.4999999999999183,122.5999999999994543,17.9000167846679688
13.4999999999999183,123.1999999999994202,16.5962677001953125
13.4999999999999183,123.2999999999994145,13.3690128326416016
13.4999999999999183,123.3999999999994088,10.1454582214355469
13.4999999999999183,123.4999999999994031,9.0620794296264648
13.4999999999999183,123.5999999999993975,10.4732084274291992
13.3999999999999186,120.4999999999995737,16.0508480072021484
13.3999999999999186,120.5999999999995680,13.5366182327270508
13.3999999999999186,120.6999999999995623,11.1867055892944336
13.3999999999999186,120.7999999999995566,8.9245367050170898
13.3999999999999186,120.8999999999995509,6.8140769004821777
13.3999999999999186,120.9999999999995453,6.5410456657409668
13.3999999999999186,121.0999999999995396,7.1557040214538574
13.3999999999999186,121.1999999999995339,7.9000840187072754
13.3999999999999186,121.7999999999994998,24.1197338104248047
13.3999999999999186,121.8999999999994941,21.7779827117919922
13.3999999999999186,121.9999999999994884,17.9083404541015625
13.3999999999999186,122.0999999999994827,15.6337919235229492
13.3999999999999186,122.4999999999994600,17.8816661834716797
13.3999999999999186,122.5999999999994543,17.9062633514404297
13.3999999999999186,123.1999999999994202,17.4835491180419922
13.3999999999999186,123.2999999999994145,14.3071899414062500
13.3999999999999186,123.3999999999994088,9.8541622161865234
13.3999999999999186,123.4999999999994031,7.3175454139709473
13.3999999999999186,123.5999999999993975,8.8080129623413086
13.2999999999999190,120.5999999999995680,11.8985204696655273
13.2999999999999190,120.6999999999995623,9.2457532882690430
13.2999999999999190,120.7999999999995566,7.1312255859375000
13.2999999999999190,120.8999999999995509,5.7463674545288086
13.2999999999999190,120.9999999999995453,5.9174079895019531
13.2999999999999190,121.0999999999995396,6.7689375877380371
13.2999999999999190,121.1999999999995339,7.8457612991333008
13.2999999999999190,121.2999999999995282,10.4299077987670898
13.2999999999999190,121.8999999999994941,21.6879978179931641
13.2999999999999190,121.9999999999994884,18.6377220153808594
13.2999999999999190,122.5999999999994543,18.9381313323974609
13.2999999999999190,123.2999999999994145,15.2418670654296875
13.2999999999999190,123.4999999999994031,7.5241556167602539
13.2999999999999190,123.5999999999993975,8.2510147094726562
13.2999999999999190,123.6999999999993918,9.7093801498413086
13.2999999999999190,123.8999999999993804,15.5597248077392578
13.1999999999999194,120.6999999999995623,8.3396329879760742
13.1999999999999194,120.7999999999995566,6.9495811462402344
13.1999999999999194,120.8999999999995509,6.4545631408691406
13.1999999999999194,120.9999999999995453,6.4032616615295410
13.1999999999999194,121.0999999999995396,6.7268333435058594
13.1999999999999194,121.1999999999995339,7.2140269279479980
13.1999999999999194,121.3999999999995225,11.9362630844116211
13.1999999999999194,123.2999999999994145,15.9557065963745117
13.1999999999999194,123.3999999999994088,11.5955305099487305
13.1999999999999194,123.4999999999994031,8.7467155456542969
13.1999999999999194,123.5999999999993975,9.9061889648437500
13.1999999999999194,123.6999999999993918,11.4199666976928711
13.0999999999999197,120.6999999999995623,7.8181452751159668
13.0999999999999197,120.7999999999995566,7.2564444541931152
13.0999999999999197,120.8999999999995509,7.0942111015319824
13.0999999999999197,120.9999999999995453,6.8767166137695312
13.0999999999999197,121.0999999999995396,6.6006617546081543
13.0999999999999197,121.1999999999995339,6.5182938575744629
13.0999999999999197,121.2999999999995282,7.8608651161193848
13.0999999999999197,121.3999999999995225,9.9091167449951172
13.0999999999999197,121.4999999999995168,11.7123498916625977
13.0999999999999197,122.9999999999994316,24.4087886810302734
13.0999999999999197,123.3999999999994088,12.8547124862670898
13.0999999999999197,123.4999999999994031,10.7814149856567383
13.0999999999999197,123.5999999999993975,11.6860551834106445
13.0999999999999197,123.6999999999993918,13.2218141555786133
13.0999999999999197,123.7999999999993861,16.0250988006591797
13.0999999999999197,123.8999999999993804,20.3019332885742188
12.9999999999999201,120.7999999999995566,7.2656922340393066
12.9999999999999201,120.8999999999995509,7.1978888511657715
12.9999999999999201,120.9999999999995453,6.8711800575256348
12.9999999999999201,121.0999999999995396,6.4043860435485840
12.9999999999999201,121.1999999999995339,6.1381220817565918
12.9999999999999201,121.2999999999995282,7.3610711097717285
12.9999999999999201,121.3999999999995225,9.3825674057006836
12.9999999999999201,122.9999999999994316,25.2978973388671875
12.9999999999999201,123.0999999999994259,24.1815490722656250
12.9999999999999201,123.4999999999994031,13.7803621292114258
12.9999999999999201,123.5999999999993975,15.2840290069580078
12.9999999999999201,123.6999999999993918,16.3477916717529297
12.9999999999999201,123.7999999999993861,18.3579463958740234
12.9999999999999201,123.8999999999993804,20.9638233184814453
12.9999999999999201,123.9999999999993747,23.5577468872070312
12.9999999999999201,124.0999999999993690,25.7510681152343750
12.8999999999999204,120.7999999999995566,7.5045900344848633
12.8999999999999204,120.8999999999995509,7.0670976638793945
12.8999999999999204,120.9999999999995453,6.5797309875488281
12.8999999999999204,121.0999999999995396,6.1458725929260254
12.8999999999999204,121.1999999999995339,5.8603301048278809
12.8999999999999204,121.2999999999995282,7.2782082557678223
12.8999999999999204,121.3999999999995225,9.5126686096191406
12.8999999999999204,121.4999999999995168,11.2005071640014648
12.8999999999999204,123.1999999999994202,23.5115699768066406
12.8999999999999204,123.7999999999993861,21.0788879394531250
12.8999999999999204,124.0999999999993690,22.9419136047363281
12.7999999999999208,120.7999999999995566,7.5057268142700195
12.7999999999999208,120.8999999999995509,6.5582709312438965
12.7999999999999208,120.9999999999995453,6.0664820671081543
12.7999999999999208,121.0999999999995396,5.7786545753479004
12.7999999999999208,121.1999999999995339,5.6872944831848145
12.7999999999999208,121.2999999999995282,7.3903717994689941
12.7999999999999208,121.3999999999995225,9.8777189254760742
12.7999999999999208,123.8999999999993804,21.7907772064208984
12.7999999999999208,123.9999999999993747,19.8593502044677734
12.7999999999999208,124.0999999999993690,21.5209560394287109
12.6999999999999211,120.8999999999995509,9.3545856475830078
12.6999999999999211,120.9999999999995453,8.0427350997924805
12.6999999999999211,121.0999999999995396,6.5794882774353027
12.6999999999999211,121.1999999999995339,6.8895134925842285
12.6999999999999211,121.2999999999995282,8.2473678588867188
12.6999999999999211,121.3999999999995225,11.6736364364624023
12.6999999999999211,121.4999999999995168,14.7103013992309570
12.6999999999999211,123.8999999999993804,24.1649837493896484
12.6999999999999211,123.9999999999993747,22.4380416870117188
12.6999999999999211,124.0999999999993690,23.2154827117919922
12.5999999999999215,120.9999999999995453,11.9163274765014648
12.5999999999999215,121.0999999999995396,9.9759988784790039
12.5999999999999215,121.1999999999995339,9.0846385955810547
12.5999999999999215,121.2999999999995282,10.7710485458374023
12.5999999999999215,121.3999999999995225,14.9463644027709961
12.5999999999999215,121.4999999999995168,18.3132667541503906
12.5999999999999215,122.0999999999994827,18.9702053070068359
12.5999999999999215,123.9999999999993747,26.0061988830566406
12.4999999999999218,120.9999999999995453,15.4212818145751953
12.4999999999999218,121.0999999999995396,13.3366928100585938
12.4999999999999218,121.1999999999995339,11.7726430892944336
12.4999999999999218,121.2999999999995282,13.5776672363281250
12.4999999999999218,121.3999999999995225,17.3841075897216797
12.4999999999999218,121.9999999999994884,16.2740516662597656
12.4999999999999218,122.4999999999994600,27.2285003662109375
12.4999999999999218,122.5999999999994543,27.8082523345947266
12.4999999999999218,123.2999999999994145,28.1497173309326172
12.4999999999999218,123.3999999999994088,28.7361297607421875
12.4999999999999218,123.4999999999994031,28.9984321594238281
12.4999999999999218,123.6999999999993918,29.4885692596435547
12.4999999999999218,124.2999999999993577,33.0439720153808594
12.4999999999999218,124.3999999999993520,29.7838993072509766
12.4999999999999218,124.4999999999993463,25.8657836914062500
12.4999999999999218,124.5999999999993406,22.3701801300048828
12.4999999999999218,124.6999999999993349,20.6219081878662109
12.4999999999999218,124.7999999999993292,19.7701110839843750
12.4999999999999218,124.8999999999993236,20.2935237884521484
12.4999999999999218,124.9999999999993179,21.1907196044921875
12.4999999999999218,125.0999999999993122,22.2047595977783203
12.4999999999999218,125.1999999999993065,23.5816841125488281
12.3999999999999222,120.9999999999995453,17.1559047698974609
12.3999999999999222,121.0999999999995396,16.0091495513916016
12.3999999999999222,121.1999999999995339,15.5545520782470703
12.3999999999999222,121.2999999999995282,16.9400844573974609
12.3999999999999222,121.9999999999994884,18.6320743560791016
12.3999999999999222,122.0999999999994827,17.0418395996093750
12.3999999999999222,122.4999999999994600,27.2576141357421875
12.3999999999999222,122.5999999999994543,27.5870647430419922
12.3999999999999222,123.2999999999994145,28.5232429504394531
12.3999999999999222,123.3999999999994088,28.1016368865966797
12.3999999999999222,123.4999999999994031,27.9832363128662109
12.3999999999999222,124.3999999999993520,29.9195594787597656
12.3999999999999222,124.4999999999993463,25.2829303741455078
12.3999999999999222,124.5999999999993406,21.1315135955810547
12.3999999999999222,124.6999999999993349,19.8116664886474609
12.3999999999999222,124.7999999999993292,18.9160461425781250
12.3999999999999222,124.8999999999993236,18.9900226593017578
12.3999999999999222,124.9999999999993179,19.9731407165527344
12.3999999999999222,125.0999999999993122,21.2134342193603516
12.3999999999999222,125.1999999999993065,23.6779460906982422
12.2999999999999226,119.8999999999996078,27.1308937072753906
12.2999999999999226,121.1999999999995339,19.7587432861328125
12.2999999999999226,121.9999999999994884,20.0025024414062500
12.2999999999999226,123.2999999999994145,28.5989418029785156
12.2999999999999226,123.3999999999994088,27.4113597869873047
12.2999999999999226,123.4999999999994031,26.6817111968994141
12.2999999999999226,123.5999999999993975,26.8044433593750000
12.2999999999999226,123.6999999999993918,26.9887123107910156
12.2999999999999226,124.3999999999993520,30.2187538146972656
12.2999999999999226,124.4999999999993463,24.6178226470947266
12.2999999999999226,124.5999999999993406,20.3128185272216797
12.2999999999999226,124.6999999999993349,18.6449337005615234
12.2999999999999226,124.7999999999993292,17.8345623016357422
12.2999999999999226,124.8999999999993236,17.9323406219482422
12.2999999999999226,124.9999999999993179,19.1297836303710938
12.2999999999999226,125.0999999999993122,20.9352245330810547
12.2999999999999226,125.1999999999993065,23.8182678222656250
12.2999999999999226,125.2999999999993008,27.9061031341552734
12.1999999999999229,119.8999999999996078,28.0485324859619141
12.1999999999999229,119.9999999999996021,27.8676300048828125
12.1999999999999229,121.9999999999994884,21.4292945861816406
12.1999999999999229,123.2999999999994145,29.1168956756591797
12.1999999999999229,123.3999999999994088,27.8598842620849609
12.1999999999999229,123.5999999999993975,26.7364406585693359
12.1999999999999229,123.6999999999993918,26.9550380706787109
12.1999999999999229,123.7999999999993861,28.6510715484619141
12.1999999999999229,123.8999999999993804,30.6184062957763672
12.1999999999999229,124.3999999999993520,29.5869693756103516
12.1999999999999229,124.4999999999993463,25.3680706024169922
12.1999999999999229,124.5999999999993406,20.5542659759521484
12.1999999999999229,124.6999999999993349,18.9099864959716797
12.1999999999999229,124.7999999999993292,17.6674480438232422
12.1999999999999229,124.8999999999993236,17.5625438690185547
12.1999999999999229,124.9999999999993179,18.7132740020751953
12.1999999999999229,125.0999999999993122,20.4654350280761719
12.1999999999999229,125.1999999999993065,23.3185482025146484
12.1999999999999229,125.2999999999993008,27.5360012054443359
12.1999999999999229,125.3999999999992951,31.8595218658447266
12.1999999999999229,125.4999999999992895,33.5792732238769531
12.0999999999999233,119.9999999999996021,28.1359748840332031
12.0999999999999233,120.0999999999995964,28.0534248352050781
12.0999999999999233,120.1999999999995907,27.4134216308593750
12.0999999999999233,120.2999999999995850,26.8117103576660156
12.0999999999999233,123.2999999999994145,30.0718746185302734
12.0999999999999233,123.6999999999993918,30.7605628967285156
12.0999999999999233,123.7999999999993861,32.2318420410156250
12.0999999999999233,123.8999999999993804,34.7343406677246094
12.0999999999999233,124.4999999999993463,28.6398830413818359
12.0999999999999233,124.5999999999993406,25.1340503692626953
12.0999999999999233,124.6999999999993349,22.9904003143310547
12.0999999999999233,124.7999999999993292,21.2737026214599609
12.0999999999999233,124.8999999999993236,19.8513164520263672
12.0999999999999233,124.9999999999993179,19.5094089508056641
12.0999999999999233,125.0999999999993122,19.6149673461914062
12.0999999999999233,125.1999999999993065,21.5184555053710938
12.0999999999999233,125.2999999999993008,25.5534152984619141
12.0999999999999233,125.3999999999992951,29.3159217834472656
11.9999999999999236,123.1999999999994202,31.3372955322265625
11.9999999999999236,123.7999999999993861,36.0208511352539062
11.9999999999999236,123.8999999999993804,37.8041801452636719
11.9999999999999236,123.9999999999993747,40.6377220153808594
11.9999999999999236,124.6999999999993349,26.3950481414794922
11.9999999999999236,124.7999999999993292,25.2535381317138672
11.9999999999999236,124.8999999999993236,23.4037475585937500
11.9999999999999236,124.9999999999993179,21.6066818237304688
11.9999999999999236,125.0999999999993122,20.9955387115478516
11.9999999999999236,125.1999999999993065,22.2771186828613281
11.9999999999999236,125.2999999999993008,25.5940151214599609
11.9999999999999236,125.3999999999992951,28.9152812957763672
11.8999999999999240,121.9999999999994884,26.8076572418212891
11.8999999999999240,123.7999999999993861,38.8237991333007812
11.8999999999999240,123.8999999999993804,40.1519622802734375
11.8999999999999240,123.9999999999993747,42.6653327941894531
11.8999999999999240,124.7999999999993292,29.6588993072509766
11.8999999999999240,124.8999999999993236,27.2156887054443359
11.8999999999999240,124.9999999999993179,24.2983665466308594
11.8999999999999240,125.0999999999993122,23.0300121307373047
11.8999999999999240,125.1999999999993065,23.5577754974365234
11.8999999999999240,125.2999999999993008,26.2340450286865234
11.7999999999999243,121.8999999999994941,28.0832347869873047
11.7999999999999243,121.9999999999994884,27.3071689605712891
11.7999999999999243,122.0999999999994827,25.9833774566650391
11.7999999999999243,122.1999999999994770,23.7106151580810547
11.7999999999999243,124.2999999999993577,42.9357872009277344
11.7999999999999243,124.8999999999993236,31.8236751556396484
11.7999999999999243,124.9999999999993179,27.8350410461425781
11.7999999999999243,125.0999999999993122,25.8587093353271484
11.7999999999999243,125.1999999999993065,25.7558231353759766
11.7999999999999243,125.2999999999993008,27.7273654937744141
11.7999999999999243,125.3999999999992951,29.5143184661865234
11.6999999999999247,119.9999999999996021,29.1343841552734375
11.6999999999999247,122.0999999999994827,25.2403926849365234
11.6999999999999247,122.1999999999994770,23.0228805541992188
11.6999999999999247,122.2999999999994714,20.8242282867431641
11.6999999999999247,122.3999999999994657,20.1968460083007812
11.6999999999999247,124.9999999999993179,30.7696533203125000
11.6999999999999247,125.0999999999993122,28.7348461151123047
11.6999999999999247,125.1999999999993065,27.9722633361816406
11.6999999999999247,125.2999999999993008,29.1157970428466797
11.6999999999999247,125.3999999999992951,30.6092109680175781
11.5999999999999250,122.1999999999994770,19.2669429779052734
11.5999999999999250,122.2999999999994714,17.0056781768798828
11.5999999999999250,122.6999999999994486,22.5122241973876953
11.5999999999999250,124.4999999999993463,46.0139045715332031
11.5999999999999250,125.0999999999993122,29.8712215423583984
11.5999999999999250,125.1999999999993065,28.9708080291748047
11.5999999999999250,125.2999999999993008,29.5989227294921875
11.5999999999999250,125.3999999999992951,30.9206485748291016
11.4999999999999254,122.0999999999994827,15.1127347946166992
11.4999999999999254,122.1999999999994770,13.7432327270507812
11.4999999999999254,122.2999999999994714,12.5028829574584961
11.4999999999999254,122.3999999999994657,12.9039993286132812
11.4999999999999254,122.4999999999994600,15.1612615585327148
11.4999999999999254,122.5999999999994543,17.5211620330810547
11.4999999999999254,122.6999999999994486,19.7621879577636719
11.4999999999999254,122.7999999999994429,21.3457965850830078
11.4999999999999254,123.0999999999994259,29.0017032623291016
11.4999999999999254,124.3999999999993520,47.4693565368652344
11.4999999999999254,124.4999999999993463,46.6230583190917969
11.4999999999999254,124.8999999999993236,33.8334503173828125
11.4999999999999254,124.9999999999993179,31.0904388427734375
11.4999999999999254,125.0999999999993122,29.8093090057373047
11.4999999999999254,125.1999999999993065,29.2142944335937500
11.4999999999999254,125.2999999999993008,29.4645633697509766
11.4999999999999254,125.3999999999992951,30.9533634185791016
11.4999999999999254,125.4999999999992895,34.9304924011230469
11.3999999999999257,122.0999999999994827,10.7863759994506836
11.3999999999999257,122.1999999999994770,9.8812599182128906
11.3999999999999257,122.2999999999994714,9.0063819885253906
11.3999999999999257,122.3999999999994657,9.5379209518432617
11.3999999999999257,122.4999999999994600,11.5203161239624023
11.3999999999999257,122.5999999999994543,14.0223178863525391
11.3999999999999257,122.6999999999994486,15.9756956100463867
11.3999999999999257,122.7999999999994429,17.6617832183837891
11.3999999999999257,122.8999999999994373,19.6598663330078125
11.3999999999999257,122.9999999999994316,24.0508289337158203
11.3999999999999257,123.0999999999994259,28.8916721343994141
11.3999999999999257,124.2999999999993577,49.2008934020996094
11.3999999999999257,124.3999999999993520,47.7197227478027344
11.3999999999999257,124.4999999999993463,46.6745719909667969
11.3999999999999257,124.8999999999993236,33.3852615356445312
11.3999999999999257,124.9999999999993179,30.2940711975097656
11.3999999999999257,125.0999999999993122,30.0830135345458984
11.3999999999999257,125.1999999999993065,29.5403804779052734
11.3999999999999257,125.2999999999993008,29.1141147613525391
11.3999999999999257,125.3999999999992951,31.4560890197753906
11.3999999999999257,125.4999999999992895,36.1211242675781250
11.2999999999999261,119.4999999999996305,24.0909118652343750
11.2999999999999261,122.0999999999994827,9.0281076431274414
11.2999999999999261,122.1999999999994770,8.0805616378784180
11.2999999999999261,122.2999999999994714,7.4271645545959473
11.2999999999999261,122.3999999999994657,8.0590620040893555
11.2999999999999261,122.4999999999994600,10.1471862792968750
11.2999999999999261,122.5999999999994543,12.5372781753540039
11.2999999999999261,122.6999999999994486,14.2820892333984375
11.2999999999999261,122.7999999999994429,15.7833480834960938
11.2999999999999261,122.8999999999994373,17.4176006317138672
11.2999999999999261,122.9999999999994316,22.1713542938232422
11.2999999999999261,123.0999999999994259,26.3401184082031250
11.2999999999999261,124.3999999999993520,44.3339195251464844
11.2999999999999261,124.4999999999993463,42.2696571350097656
11.2999999999999261,124.5999999999993406,41.0482063293457031
11.2999999999999261,124.6999999999993349,36.0597381591796875
11.2999999999999261,124.7999999999993292,33.1053314208984375
11.2999999999999261,124.8999999999993236,29.1919231414794922
11.2999999999999261,125.1999999999993065,29.4771118164062500
11.2999999999999261,125.2999999999993008,28.0254039764404297
11.2999999999999261,125.3999999999992951,32.2230606079101562
11.2999999999999261,125.4999999999992895,35.3749351501464844
11.1999999999999265,119.4999999999996305,20.6650905609130859
11.1999999999999265,122.0999999999994827,8.6369829177856445
11.1999999999999265,122.1999999999994770,7.9405198097229004
11.1999999999999265,122.2999999999994714,7.2484049797058105
11.1999999999999265,122.3999999999994657,7.8537278175354004
11.1999999999999265,122.4999999999994600,9.8137798309326172
11.1999999999999265,122.5999999999994543,11.9909276962280273
11.1999999999999265,122.6999999999994486,13.5869626998901367
11.1999999999999265,122.7999999999994429,14.9394779205322266
11.1999999999999265,122.8999999999994373,16.7324695587158203
11.1999999999999265,122.9999999999994316,20.9425697326660156
11.1999999999999265,123.7999999999993861,40.6668205261230469
11.1999999999999265,123.9999999999993747,43.5251579284667969
11.1999999999999265,124.3999999999993520,40.7659263610839844
11.1999999999999265,124.4999999999993463,37.6000518798828125
11.1999999999999265,124.5999999999993406,35.4222984313964844
11.1999999999999265,124.6999999999993349,31.0610141754150391
11.1999999999999265,124.7999999999993292,27.3042030334472656
11.1999999999999265,124.8999999999993236,24.8919811248779297
11.1999999999999265,124.9999999999993179,27.1643924713134766
11.1999999999999265,125.1999999999993065,33.0807151794433594
11.1999999999999265,125.2999999999993008,34.0530052185058594
11.1999999999999265,125.3999999999992951,35.0622062683105469
11.1999999999999265,125.4999999999992895,38.0968437194824219
11.0999999999999268,119.4999999999996305,18.2269725799560547
11.0999999999999268,122.0999999999994827,8.7384147644042969
11.0999999999999268,122.1999999999994770,7.8819060325622559
11.0999999999999268,122.2999999999994714,7.2646956443786621
11.0999999999999268,122.3999999999994657,7.7454371452331543
11.0999999999999268,122.4999999999994600,9.4593534469604492
11.0999999999999268,122.5999999999994543,11.5134534835815430
11.0999999999999268,122.6999999999994486,13.1232213973999023
11.0999999999999268,122.7999999999994429,14.4057865142822266
11.0999999999999268,122.8999999999994373,16.1077175140380859
11.0999999999999268,124.3999999999993520,36.5842475891113281
11.0999999999999268,124.4999999999993463,34.8375473022460938
11.0999999999999268,124.5999999999993406,31.9403209686279297
11.0999999999999268,124.6999999999993349,26.1168270111083984
11.0999999999999268,124.7999999999993292,22.6522579193115234
11.0999999999999268,124.8999999999993236,22.3398799896240234
11.0999999999999268,124.9999999999993179,26.6516971588134766
11.0999999999999268,125.4999999999992895,42.1131477355957031
10.9999999999999272,119.3999999999996362,20.1382598876953125
10.9999999999999272,122.0999999999994827,9.1077089309692383
10.9999999999999272,122.1999999999994770,8.1098012924194336
10.9999999999999272,122.2999999999994714,7.1458511352539062
10.9999999999999272,122.3999999999994657,7.9241418838500977
10.9999999999999272,122.4999999999994600,10.1315984725952148
10.9999999999999272,122.5999999999994543,12.3388404846191406
10.9999999999999272,122.6999999999994486,14.2997083663940430
10.9999999999999272,122.7999999999994429,16.0416870117187500
10.9999999999999272,123.9999999999993747,40.5431823730468750
10.9999999999999272,124.4999999999993463,35.7349052429199219
10.9999999999999272,124.5999999999993406,32.3461761474609375
10.9999999999999272,124.6999999999993349,25.6062450408935547
10.9999999999999272,124.7999999999993292,22.4339351654052734
10.9999999999999272,124.8999999999993236,21.0865383148193359
10.9999999999999272,124.9999999999993179,26.2358379364013672
10.8999999999999275,119.3999999999996362,19.0514984130859375
10.8999999999999275,119.4999999999996305,15.8867216110229492
10.8999999999999275,121.9999999999994884,12.7542839050292969
10.8999999999999275,122.0999999999994827,10.1883955001831055
10.8999999999999275,122.1999999999994770,8.4397172927856445
10.8999999999999275,122.2999999999994714,7.9079995155334473
10.8999999999999275,122.3999999999994657,9.0340976715087891
10.8999999999999275,122.4999999999994600,11.1125793457031250
10.8999999999999275,122.5999999999994543,14.0627641677856445
10.8999999999999275,122.6999999999994486,16.5618152618408203
10.8999999999999275,123.1999999999994202,19.8695449829101562
10.8999999999999275,123.2999999999994145,23.3338222503662109
10.8999999999999275,123.3999999999994088,27.0095653533935547
10.8999999999999275,123.9999999999993747,40.3487167358398438
10.8999999999999275,124.4999999999993463,38.0618591308593750
10.8999999999999275,124.7999999999993292,24.3293380737304688
10.8999999999999275,124.8999999999993236,22.2264728546142578
10.8999999999999275,124.9999999999993179,25.3820571899414062
10.7999999999999279,119.2999999999996419,24.2760372161865234
10.7999999999999279,119.3999999999996362,20.6477184295654297
10.7999999999999279,119.4999999999996305,13.6465444564819336
10.7999999999999279,121.9999999999994884,14.6856384277343750
10.7999999999999279,122.0999999999994827,11.4873075485229492
10.7999999999999279,122.1999999999994770,9.6946201324462891
10.7999999999999279,122.2999999999994714,9.7354860305786133
10.7999999999999279,122.3999999999994657,10.7811069488525391
10.7999999999999279,122.4999999999994600,12.6298255920410156
10.7999999999999279,122.9999999999994316,18.8282489776611328
10.7999999999999279,123.0999999999994259,16.0429286956787109
10.7999999999999279,123.1999999999994202,15.6407442092895508
10.7999999999999279,123.2999999999994145,19.4536685943603516
10.7999999999999279,123.3999999999994088,23.4491596221923828
10.7999999999999279,123.4999999999994031,27.4631690979003906
10.7999999999999279,123.8999999999993804,38.6664161682128906
10.7999999999999279,123.9999999999993747,40.2280120849609375
10.7999999999999279,124.8999999999993236,24.8667011260986328
10.6999999999999282,119.3999999999996362,18.0435619354248047
10.6999999999999282,119.4999999999996305,14.1142196655273438
10.6999999999999282,119.5999999999996248,13.7541046142578125
10.6999999999999282,121.9999999999994884,15.2504072189331055
10.6999999999999282,122.0999999999994827,12.6042356491088867
10.6999999999999282,122.1999999999994770,11.5981054306030273
10.6999999999999282,122.2999999999994714,11.5926914215087891
10.6999999999999282,122.3999999999994657,12.3868169784545898
10.6999999999999282,122.4999999999994600,13.9002561569213867
10.6999999999999282,122.5999999999994543,16.8738460540771484
10.6999999999999282,122.6999999999994486,17.8209266662597656
10.6999999999999282,122.9999999999994316,16.7303447723388672
10.6999999999999282,123.0999999999994259,13.1622838973999023
10.6999999999999282,123.1999999999994202,13.2079801559448242
10.6999999999999282,123.2999999999994145,16.8839626312255859
10.6999999999999282,123.3999999999994088,21.0946712493896484
10.6999999999999282,123.4999999999994031,24.4770717620849609
10.6999999999999282,123.8999999999993804,33.5343284606933594
10.6999999999999282,124.7999999999993292,24.7910537719726562
10.6999999999999282,124.8999999999993236,21.6528301239013672
10.6999999999999282,124.9999999999993179,24.3117275238037109
10.6999999999999282,125.7999999999992724,47.0705490112304688
10.5999999999999286,119.3999999999996362,18.0092144012451172
10.5999999999999286,119.4999999999996305,13.8073797225952148
10.5999999999999286,119.5999999999996248,13.6658926010131836
10.5999999999999286,119.7999999999996135,19.9239044189453125
10.5999999999999286,119.8999999999996078,20.6024303436279297
10.5999999999999286,121.9999999999994884,16.4149150848388672
10.5999999999999286,122.4999999999994600,16.7186717987060547
10.5999999999999286,122.5999999999994543,17.9614601135253906
10.5999999999999286,122.6999999999994486,17.9929790496826172
10.5999999999999286,122.8999999999994373,16.0097103118896484
10.5999999999999286,122.9999999999994316,13.8739805221557617
10.5999999999999286,123.0999999999994259,10.1836805343627930
10.5999999999999286,123.1999999999994202,10.7506933212280273
10.5999999999999286,123.2999999999994145,14.9434938430786133
10.5999999999999286,123.3999999999994088,19.4821434020996094
10.5999999999999286,123.6999999999993918,24.0761413574218750
10.5999999999999286,123.7999999999993861,26.1788825988769531
10.5999999999999286,123.8999999999993804,29.3596477508544922
10.5999999999999286,123.9999999999993747,32.0994453430175781
10.5999999999999286,124.7999999999993292,23.8587856292724609
10.5999999999999286,124.8999999999993236,21.6718807220458984
10.5999999999999286,124.9999999999993179,21.6226615905761719
10.5999999999999286,125.0999999999993122,23.1703586578369141
10.4999999999999289,119.2999999999996419,20.3849658966064453
10.4999999999999289,119.3999999999996362,16.7729263305664062
10.4999999999999289,119.4999999999996305,13.5926961898803711
10.4999999999999289,119.5999999999996248,13.6490325927734375
10.4999999999999289,119.7999999999996135,19.7583408355712891
10.4999999999999289,119.8999999999996078,20.3028373718261719
10.4999999999999289,121.9999999999994884,17.6866626739501953
10.4999999999999289,122.4999999999994600,17.5312976837158203
10.4999999999999289,122.5999999999994543,18.5271434783935547
10.4999999999999289,122.6999999999994486,18.5057735443115234
10.4999999999999289,122.7999999999994429,15.7580356597900391
10.4999999999999289,122.8999999999994373,15.3789319992065430
10.4999999999999289,122.9999999999994316,11.5273132324218750
10.4999999999999289,123.0999999999994259,8.7994575500488281
10.4999999999999289,123.1999999999994202,9.9955749511718750
10.4999999999999289,123.2999999999994145,14.1928911209106445
10.4999999999999289,123.3999999999994088,18.1050300598144531
10.4999999999999289,123.7999999999993861,23.6632041931152344
10.4999999999999289,123.8999999999993804,27.4711856842041016
10.4999999999999289,123.9999999999993747,31.6211128234863281
10.4999999999999289,124.7999999999993292,25.5395030975341797
10.4999999999999289,124.8999999999993236,21.5097618103027344
10.4999999999999289,124.9999999999993179,21.2466793060302734
10.4999999999999289,125.0999999999993122,21.7443504333496094
10.3999999999999293,119.0999999999996533,15.4276962280273438
10.3999999999999293,119.1999999999996476,16.3374156951904297
10.3999999999999293,119.2999999999996419,15.9973545074462891
10.3999999999999293,119.3999999999996362,14.5670213699340820
10.3999999999999293,119.4999999999996305,13.8067731857299805
10.3999999999999293,122.8999999999994373,13.5645399093627930
10.3999999999999293,122.9999999999994316,10.9182577133178711
10.3999999999999293,123.0999999999994259,9.3303337097167969
10.3999999999999293,123.1999999999994202,10.2915601730346680
10.3999999999999293,123.2999999999994145,14.4093980789184570
10.3999999999999293,123.6999999999993918,20.9797782897949219
10.3999999999999293,123.7999999999993861,22.6425170898437500
10.3999999999999293,123.8999999999993804,26.2087745666503906
10.3999999999999293,123.9999999999993747,29.5124149322509766
10.3999999999999293,124.7999999999993292,23.8461418151855469
10.3999999999999293,124.8999999999993236,20.0410594940185547
10.3999999999999293,124.9999999999993179,19.4945640563964844
10.3999999999999293,125.0999999999993122,19.6675968170166016
10.3999999999999293,125.1999999999993065,22.1457748413085938
10.3999999999999293,125.5999999999992838,38.9061393737792969
10.2999999999999297,118.9999999999996589,11.9784240722656250
10.2999999999999297,119.0999999999996533,11.9379053115844727
10.2999999999999297,119.1999999999996476,12.4417877197265625
10.2999999999999297,119.2999999999996419,12.8483963012695312
10.2999999999999297,122.8999999999994373,13.1187887191772461
10.2999999999999297,122.9999999999994316,10.9062671661376953
10.2999999999999297,123.0999999999994259,10.9705276489257812
10.2999999999999297,123.1999999999994202,12.1136960983276367
10.2999999999999297,123.2999999999994145,15.0466737747192383
10.2999999999999297,123.5999999999993975,21.3203334808349609
10.2999999999999297,123.6999999999993918,20.7884483337402344
10.2999999999999297,123.7999999999993861,21.8599872589111328
10.2999999999999297,124.7999999999993292,23.3478927612304688
10.2999999999999297,124.8999999999993236,19.6280822753906250
10.2999999999999297,125.0999999999993122,17.6610546112060547
10.2999999999999297,125.1999999999993065,19.7801685333251953
10.2999999999999297,125.5999999999992838,37.2166213989257812
10.1999999999999300,118.7999999999996703,12.3995161056518555
10.1999999999999300,118.9999999999996589,10.2207527160644531
10.1999999999999300,119.0999999999996533,10.8325929641723633
10.1999999999999300,119.1999999999996476,11.6220922470092773
10.1999999999999300,122.8999999999994373,13.0853900909423828
10.1999999999999300,122.9999999999994316,11.2991905212402344
10.1999999999999300,123.0999999999994259,10.7695617675781250
10.1999999999999300,123.1999999999994202,11.6671018600463867
10.1999999999999300,123.2999999999994145,13.7887411117553711
10.1999999999999300,123.5999999999993975,19.7583866119384766
10.1999999999999300,123.6999999999993918,19.6853599548339844
10.1999999999999300,124.8999999999993236,21.4139308929443359
10.1999999999999300,125.5999999999992838,35.8322677612304688
10.0999999999999304,118.8999999999996646,11.7259693145751953
10.0999999999999304,118.9999999999996589,11.8924512863159180
10.0999999999999304,119.0999999999996533,12.8016004562377930
10.0999999999999304,119.1999999999996476,13.6140460968017578
10.0999999999999304,122.8999999999994373,12.3072490692138672
10.0999999999999304,122.9999999999994316,10.8343734741210938
10.0999999999999304,123.0999999999994259,9.3577613830566406
10.0999999999999304,123.1999999999994202,9.5618782043457031
10.0999999999999304,123.4999999999994031,15.3383703231811523
10.0999999999999304,123.5999999999993975,16.8223743438720703
10.0999999999999304,124.1999999999993634,20.6645507812500000
10.0999999999999304,124.2999999999993577,21.1336116790771484
10.0999999999999304,124.3999999999993520,22.5865230560302734
10.0999999999999304,125.1999999999993065,26.0007781982421875
10.0999999999999304,125.5999999999992838,34.3253135681152344
9.9999999999999307,118.7999999999996703,11.4438276290893555
9.9999999999999307,118.8999999999996646,12.3945341110229492
9.9999999999999307,118.9999999999996589,13.4001073837280273
9.9999999999999307,119.0999999999996533,14.2416381835937500
9.9999999999999307,122.7999999999994429,13.0327911376953125
9.9999999999999307,122.8999999999994373,11.7319507598876953
9.9999999999999307,122.9999999999994316,10.5810499191284180
9.9999999999999307,123.0999999999994259,9.5005617141723633
9.9999999999999307,123.1999999999994202,8.5140018463134766
9.9999999999999307,123.3999999999994088,11.2831687927246094
9.9999999999999307,123.4999999999994031,12.7628364562988281
9.9999999999999307,123.5999999999993975,14.0954456329345703
9.9999999999999307,124.0999999999993690,16.1964492797851562
9.9999999999999307,124.1999999999993634,16.2376232147216797
9.9999999999999307,124.2999999999993577,16.4106693267822266
9.9999999999999307,124.3999999999993520,18.9049339294433594
9.9999999999999307,124.4999999999993463,22.0274181365966797
9.9999999999999307,125.1999999999993065,29.7995281219482422
9.9999999999999307,125.5999999999992838,33.4477806091308594
9.8999999999999311,118.5999999999996817,10.1761980056762695
9.8999999999999311,118.6999999999996760,9.6595239639282227
9.8999999999999311,122.3999999999994657,21.9403362274169922
9.8999999999999311,122.4999999999994600,18.1478137969970703
9.8999999999999311,122.5999999999994543,15.7537860870361328
9.8999999999999311,122.6999999999994486,13.5362167358398438
9.8999999999999311,122.7999999999994429,12.3810749053955078
9.8999999999999311,122.8999999999994373,11.4596042633056641
9.8999999999999311,122.9999999999994316,10.8713960647583008
9.8999999999999311,123.0999999999994259,10.3423662185668945
9.8999999999999311,123.3999999999994088,8.7581367492675781
9.8999999999999311,123.4999999999994031,9.7343111038208008
9.8999999999999311,123.5999999999993975,12.3176832199096680
9.8999999999999311,123.8999999999993804,15.4493551254272461
9.8999999999999311,123.9999999999993747,14.5085754394531250
9.8999999999999311,124.0999999999993690,13.9333848953247070
9.8999999999999311,124.1999999999993634,13.7411470413208008
9.8999999999999311,124.2999999999993577,13.6749715805053711
9.8999999999999311,124.3999999999993520,16.8369083404541016
9.8999999999999311,124.4999999999993463,20.6602916717529297
9.8999999999999311,125.5999999999992838,29.2410678863525391
9.8999999999999311,125.9999999999992610,34.5610618591308594
9.7999999999999314,118.5999999999996817,10.3131866455078125
9.7999999999999314,118.6999999999996760,8.6478929519653320
9.7999999999999314,122.4999999999994600,17.5424823760986328
9.7999999999999314,122.5999999999994543,14.6195268630981445
9.7999999999999314,122.6999999999994486,13.3195180892944336
9.7999999999999314,122.7999999999994429,12.4615316390991211
9.7999999999999314,122.8999999999994373,11.7203702926635742
9.7999999999999314,122.9999999999994316,11.5366182327270508
9.7999999999999314,123.0999999999994259,11.5759954452514648
9.7999999999999314,123.3999999999994088,9.5947990417480469
9.7999999999999314,123.4999999999994031,9.2513484954833984
9.7999999999999314,123.8999999999993804,14.9541578292846680
9.7999999999999314,123.9999999999993747,13.1581449508666992
9.7999999999999314,124.0999999999993690,12.5343847274780273
9.7999999999999314,124.1999999999993634,12.5146856307983398
9.7999999999999314,124.2999999999993577,12.9788160324096680
9.7999999999999314,124.3999999999993520,16.0153408050537109
9.7999999999999314,124.4999999999993463,20.2055110931396484
9.7999999999999314,125.9999999999992610,33.4970436096191406
9.7999999999999314,126.0999999999992554,33.6698265075683594
9.6999999999999318,118.3999999999996930,13.6822938919067383
9.6999999999999318,118.4999999999996874,12.0323343276977539
9.6999999999999318,118.5999999999996817,9.9518375396728516
9.6999999999999318,118.6999999999996760,8.7778577804565430
9.6999999999999318,122.4999999999994600,17.4674243927001953
9.6999999999999318,122.5999999999994543,15.0190172195434570
9.6999999999999318,122.6999999999994486,13.7512531280517578
9.6999999999999318,122.7999999999994429,12.7736711502075195
9.6999999999999318,122.8999999999994373,11.8857192993164062
9.6999999999999318,122.9999999999994316,11.9862852096557617
9.6999999999999318,123.0999999999994259,12.3348684310913086
9.6999999999999318,123.3999999999994088,10.5320091247558594
9.6999999999999318,123.8999999999993804,14.5343389511108398
9.6999999999999318,123.9999999999993747,12.4326629638671875
9.6999999999999318,124.0999999999993690,11.8124103546142578
9.6999999999999318,124.1999999999993634,11.9766931533813477
9.6999999999999318,124.2999999999993577,12.2540054321289062
9.6999999999999318,124.3999999999993520,15.1021776199340820
9.6999999999999318,125.4999999999992895,19.8848400115966797
9.5999999999999321,118.3999999999996930,12.2424564361572266
9.5999999999999321,118.4999999999996874,10.7759227752685547
9.5999999999999321,118.5999999999996817,9.5698003768920898
9.5999999999999321,118.6999999999996760,9.6349439620971680
9.5999999999999321,122.4999999999994600,17.4423599243164062
9.5999999999999321,122.5999999999994543,15.8982639312744141
9.5999999999999321,122.6999999999994486,14.3192672729492188
9.5999999999999321,122.7999999999994429,13.0093050003051758
9.5999999999999321,122.8999999999994373,11.9104337692260742
9.5999999999999321,122.9999999999994316,11.3063659667968750
9.5999999999999321,123.0999999999994259,11.1237010955810547
9.5999999999999321,123.2999999999994145,10.9384241104125977
9.5999999999999321,123.3999999999994088,10.9741106033325195
9.5999999999999321,123.7999999999993861,17.2140998840332031
9.5999999999999321,125.3999999999992951,18.7399520874023438
9.5999999999999321,125.4999999999992895,19.0113334655761719
9.5999999999999321,125.5999999999992838,19.5524234771728516
9.5999999999999321,125.6999999999992781,19.9338893890380859
9.4999999999999325,118.2999999999996987,12.0836610794067383
9.4999999999999325,118.3999999999996930,9.9400520324707031
9.4999999999999325,118.4999999999996874,9.4645109176635742
9.4999999999999325,118.5999999999996817,10.1227054595947266
9.4999999999999325,122.5999999999994543,17.8928165435791016
9.4999999999999325,122.6999999999994486,15.4115743637084961
9.4999999999999325,122.7999999999994429,13.7086591720581055
9.4999999999999325,122.8999999999994373,12.2602214813232422
9.4999999999999325,122.9999999999994316,10.6673641204833984
9.4999999999999325,123.0999999999994259,9.4257326126098633
9.4999999999999325,123.3999999999994088,11.1704053878784180
9.4999999999999325,125.4999999999992895,18.9468059539794922
9.4999999999999325,125.5999999999992838,17.8083591461181641
9.4999999999999325,125.6999999999992781,16.6696071624755859
9.4999999999999325,125.7999999999992724,18.2599945068359375
9.3999999999999329,118.1999999999997044,12.3497114181518555
9.3999999999999329,118.2999999999996987,10.2942924499511719
9.3999999999999329,118.3999999999996930,8.0394802093505859
9.3999999999999329,118.4999999999996874,9.9481801986694336
9.3999999999999329,122.7999999999994429,14.7369766235351562
9.3999999999999329,122.8999999999994373,13.2533569335937500
9.3999999999999329,122.9999999999994316,10.8917303085327148
9.3999999999999329,123.0999999999994259,8.5478057861328125
9.3999999999999329,123.1999999999994202,8.1790056228637695
9.3999999999999329,125.5999999999992838,15.8308973312377930
9.3999999999999329,125.6999999999992781,13.3789596557617188
9.3999999999999329,125.7999999999992724,14.6277790069580078
9.3999999999999329,125.8999999999992667,16.3783378601074219
9.2999999999999332,118.0999999999997101,12.1641530990600586
9.2999999999999332,118.1999999999997044,10.5736503601074219
9.2999999999999332,118.2999999999996987,8.6912717819213867
9.2999999999999332,118.3999999999996930,9.4996290206909180
9.2999999999999332,122.8999999999994373,14.7290191650390625
9.2999999999999332,122.9999999999994316,12.1436119079589844
9.2999999999999332,123.0999999999994259,9.3286094665527344
9.2999999999999332,123.1999999999994202,8.0169277191162109
9.2999999999999332,123.2999999999994145,10.0383672714233398
9.2999999999999332,125.5999999999992838,13.1534852981567383
9.2999999999999332,125.6999999999992781,10.4814405441284180
9.2999999999999332,125.7999999999992724,11.5098237991333008
9.2999999999999332,125.8999999999992667,13.5118656158447266
9.1999999999999336,117.8999999999997215,8.8443078994750977
9.1999999999999336,117.9999999999997158,9.6959486007690430
9.1999999999999336,118.0999999999997101,9.9980306625366211
9.1999999999999336,118.1999999999997044,8.8745422363281250
9.1999999999999336,122.8999999999994373,16.6251831054687500
9.1999999999999336,122.9999999999994316,13.7542572021484375
9.1999999999999336,123.0999999999994259,10.7746353149414062
9.1999999999999336,123.1999999999994202,9.0503387451171875
9.1999999999999336,123.4999999999994031,16.8921928405761719
9.1999999999999336,123.5999999999993975,16.1370277404785156
9.1999999999999336,124.6999999999993349,19.3456134796142578
9.1999999999999336,124.7999999999993292,18.9091529846191406
9.1999999999999336,125.5999999999992838,11.2944440841674805
9.1999999999999336,125.6999999999992781,8.1554012298583984
9.1999999999999336,125.7999999999992724,8.5329446792602539
9.1999999999999336,125.8999999999992667,9.9096136093139648
9.1999999999999336,125.9999999999992610,11.7926654815673828
9.1999999999999336,126.0999999999992554,13.9961414337158203
9.0999999999999339,117.7999999999997272,7.3193373680114746
9.0999999999999339,117.8999999999997215,7.4177584648132324
9.0999999999999339,117.9999999999997158,8.1238355636596680
9.0999999999999339,122.9999999999994316,15.6673231124877930
9.0999999999999339,123.0999999999994259,12.5899639129638672
9.0999999999999339,123.5999999999993975,16.4240627288818359
9.0999999999999339,125.5999999999992838,9.4383687973022461
9.0999999999999339,125.6999999999992781,6.7651672363281250
9.0999999999999339,125.7999999999992724,6.4795074462890625
9.0999999999999339,125.8999999999992667,7.4096550941467285
9.0999999999999339,125.9999999999992610,8.9556236267089844
9.0999999999999339,126.0999999999992554,11.3202056884765625
8.9999999999999343,117.5999999999997385,8.1732444763183594
8.9999999999999343,117.6999999999997328,7.3790850639343262
8.9999999999999343,117.7999999999997272,6.1550421714782715
8.9999999999999343,117.8999999999997215,6.7109322547912598
8.9999999999999343,117.9999999999997158,8.2354316711425781
8.9999999999999343,125.2999999999993008,10.4963178634643555
8.9999999999999343,125.3999999999992951,10.8095922470092773
8.9999999999999343,125.5999999999992838,8.1425428390502930
8.9999999999999343,125.6999999999992781,5.9583411216735840
8.9999999999999343,125.7999999999992724,5.7639346122741699
8.9999999999999343,125.8999999999992667,6.4232287406921387
8.9999999999999343,125.9999999999992610,7.5750193595886230
8.9999999999999343,126.0999999999992554,9.4392213821411133
8.9999999999999343,126.1999999999992497,11.3990812301635742
8.8999999999999346,117.4999999999997442,9.0901889801025391
8.8999999999999346,117.5999999999997385,7.4287352561950684
8.8999999999999346,117.6999999999997328,6.0769133567810059
8.8999999999999346,117.7999999999997272,5.7477965354919434
8.8999999999999346,117.8999999999997215,7.1460814476013184
8.8999999999999346,117.9999999999997158,9.0590696334838867
8.8999999999999346,124.7999999999993292,8.5347614288330078
8.8999999999999346,124.8999999999993236,7.6342401504516602
8.8999999999999346,124.9999999999993179,6.4947075843811035
8.8999999999999346,125.1999999999993065,7.6119232177734375
8.8999999999999346,125.2999999999993008,8.5794486999511719
8.8999999999999346,125.3999999999992951,9.4032068252563477
8.8999999999999346,125.4999999999992895,8.9552593231201172
8.8999999999999346,125.5999999999992838,7.6492857933044434
8.8999999999999346,125.6999999999992781,6.5597276687622070
8.8999999999999346,125.7999999999992724,6.0376467704772949
8.8999999999999346,125.8999999999992667,5.8211817741394043
8.8999999999999346,125.9999999999992610,6.3040695190429688
8.8999999999999346,126.0999999999992554,7.7809181213378906
8.8999999999999346,126.1999999999992497,9.6421279907226562
8.8999999999999346,126.2999999999992440,11.5730552673339844
8.7999999999999350,117.4999999999997442,9.0214967727661133
8.7999999999999350,117.5999999999997385,7.0627207756042480
8.7999999999999350,117.6999999999997328,6.2595171928405762
8.7999999999999350,117.7999999999997272,6.8144106864929199
8.7999999999999350,117.8999999999997215,7.5673341751098633
8.7999999999999350,124.8999999999993236,5.4282498359680176
8.7999999999999350,124.9999999999993179,5.5259642601013184
8.7999999999999350,125.0999999999993122,5.6351447105407715
8.7999999999999350,125.1999999999993065,6.0281629562377930
8.7999999999999350,125.2999999999993008,6.9571108818054199
8.7999999999999350,125.3999999999992951,8.0026502609252930
8.7999999999999350,125.4999999999992895,8.0075521469116211
8.7999999999999350,125.5999999999992838,7.3893470764160156
8.7999999999999350,125.6999999999992781,6.8751196861267090
8.7999999999999350,125.7999999999992724,6.4838166236877441
8.7999999999999350,125.8999999999992667,6.2126569747924805
8.7999999999999350,125.9999999999992610,6.1913647651672363
8.7999999999999350,126.0999999999992554,7.6464715003967285
8.7999999999999350,126.1999999999992497,9.6638612747192383
8.7999999999999350,126.2999999999992440,10.5261859893798828
8.6999999999999353,117.3999999999997499,10.6261978149414062
8.6999999999999353,117.4999999999997442,9.0513334274291992
8.6999999999999353,117.5999999999997385,7.7001037597656250
8.6999999999999353,123.4999999999994031,11.4731683731079102
8.6999999999999353,124.7999999999993292,6.7874345779418945
8.6999999999999353,124.8999999999993236,5.7136740684509277
8.6999999999999353,124.9999999999993179,5.7246170043945312
8.6999999999999353,125.0999999999993122,5.7379355430603027
8.6999999999999353,125.1999999999993065,5.9258360862731934
8.6999999999999353,125.2999999999993008,6.4372611045837402
8.6999999999999353,125.3999999999992951,7.1130700111389160
8.6999999999999353,125.4999999999992895,7.3097162246704102
8.6999999999999353,125.5999999999992838,7.1378741264343262
8.6999999999999353,125.6999999999992781,7.0349116325378418
8.6999999999999353,125.7999999999992724,6.9132194519042969
8.6999999999999353,125.8999999999992667,6.8800735473632812
8.6999999999999353,125.9999999999992610,7.2382187843322754
8.6999999999999353,126.0999999999992554,8.9185285568237305
8.5999999999999357,117.3999999999997499,9.9476432800292969
8.5999999999999357,117.4999999999997442,9.2604742050170898
8.5999999999999357,123.3999999999994088,9.7995252609252930
8.5999999999999357,123.4999999999994031,9.0023984909057617
8.5999999999999357,123.5999999999993975,9.6147298812866211
8.5999999999999357,123.6999999999993918,10.6046209335327148
8.5999999999999357,124.7999999999993292,6.9000601768493652
8.5999999999999357,124.8999999999993236,5.9424796104431152
8.5999999999999357,124.9999999999993179,5.9232244491577148
8.5999999999999357,125.0999999999993122,5.8571715354919434
8.5999999999999357,125.1999999999993065,5.8014459609985352
8.5999999999999357,125.2999999999993008,5.9344844818115234
8.5999999999999357,125.3999999999992951,6.2659630775451660
8.5999999999999357,125.4999999999992895,6.6328353881835938
8.5999999999999357,125.5999999999992838,6.9171204566955566
8.5999999999999357,125.6999999999992781,7.2149415016174316
8.5999999999999357,125.7999999999992724,7.3001031875610352
8.5999999999999357,125.8999999999992667,7.5484046936035156
8.5999999999999357,125.9999999999992610,8.1566562652587891
8.5999999999999357,126.0999999999992554,10.0660438537597656
8.4999999999999361,117.1999999999997613,11.8671646118164062
8.4999999999999361,117.2999999999997556,10.5774469375610352
8.4999999999999361,117.3999999999997499,9.8648204803466797
8.4999999999999361,123.0999999999994259,11.8305616378784180
8.4999999999999361,123.2999999999994145,8.3672275543212891
8.4999999999999361,123.3999999999994088,7.3202219009399414
8.4999999999999361,123.4999999999994031,7.3383097648620605
8.4999999999999361,123.5999999999993975,8.2788562774658203
8.4999999999999361,123.6999999999993918,9.3799962997436523
8.4999999999999361,123.7999999999993861,9.6500673294067383
8.4999999999999361,124.2999999999993577,8.4002008438110352
8.4999999999999361,124.3999999999993520,9.2867641448974609
8.4999999999999361,124.4999999999993463,9.9183664321899414
8.4999999999999361,124.6999999999993349,7.4697833061218262
8.4999999999999361,124.7999999999993292,5.9542155265808105
8.4999999999999361,124.8999999999993236,5.9899644851684570
8.4999999999999361,124.9999999999993179,5.9324502944946289
8.4999999999999361,125.0999999999993122,5.8629708290100098
8.4999999999999361,125.1999999999993065,5.7130341529846191
8.4999999999999361,125.2999999999993008,5.5460233688354492
8.4999999999999361,125.3999999999992951,5.5513348579406738
8.4999999999999361,125.4999999999992895,5.8949489593505859
8.4999999999999361,125.5999999999992838,6.3505663871765137
8.4999999999999361,125.6999999999992781,6.8007111549377441
8.4999999999999361,125.7999999999992724,6.9272942543029785
8.4999999999999361,125.8999999999992667,7.2054567337036133
8.4999999999999361,125.9999999999992610,7.8655943870544434
8.4999999999999361,126.0999999999992554,9.5133075714111328
8.4999999999999361,126.1999999999992497,11.8372154235839844
8.4999999999999361,126.2999999999992440,14.3847675323486328
8.3999999999999364,123.0999999999994259,10.3474264144897461
8.3999999999999364,123.1999999999994202,8.8200826644897461
8.3999999999999364,123.2999999999994145,7.7059450149536133
8.3999999999999364,123.3999999999994088,6.8905100822448730
8.3999999999999364,123.4999999999994031,7.0447306632995605
8.3999999999999364,123.5999999999993975,7.6972970962524414
8.3999999999999364,123.6999999999993918,8.4433383941650391
8.3999999999999364,123.7999999999993861,8.8877735137939453
8.3999999999999364,124.2999999999993577,7.0977873802185059
8.3999999999999364,124.3999999999993520,7.2792305946350098
8.3999999999999364,124.4999999999993463,7.7844324111938477
8.3999999999999364,124.5999999999993406,8.0886030197143555
8.3999999999999364,124.6999999999993349,6.6212143898010254
8.3999999999999364,124.7999999999993292,5.3010010719299316
8.3999999999999364,124.8999999999993236,5.8258118629455566
8.3999999999999364,124.9999999999993179,5.8416709899902344
8.3999999999999364,125.0999999999993122,5.8035101890563965
8.3999999999999364,125.1999999999993065,5.6101665496826172
8.3999999999999364,125.2999999999993008,5.2694201469421387
8.3999999999999364,125.3999999999992951,5.0238699913024902
8.3999999999999364,125.4999999999992895,5.1553301811218262
8.3999999999999364,125.5999999999992838,5.5871272087097168
8.3999999999999364,125.6999999999992781,6.0349416732788086
8.3999999999999364,125.7999999999992724,6.1703114509582520
8.3999999999999364,125.8999999999992667,6.3708062171936035
8.3999999999999364,125.9999999999992610,6.7655730247497559
8.3999999999999364,126.0999999999992554,8.3900947570800781
8.3999999999999364,126.1999999999992497,10.1399812698364258
8.3999999999999364,126.2999999999992440,11.9937734603881836
8.2999999999999368,117.2999999999997556,11.1829147338867188
8.2999999999999368,122.9999999999994316,9.7005796432495117
8.2999999999999368,123.0999999999994259,8.5102815628051758
8.2999999999999368,123.1999999999994202,7.6519331932067871
8.2999999999999368,123.2999999999994145,7.2581367492675781
8.2999999999999368,123.3999999999994088,6.8826279640197754
8.2999999999999368,123.4999999999994031,6.7723326683044434
8.2999999999999368,123.5999999999993975,7.2010154724121094
8.2999999999999368,123.6999999999993918,7.6745944023132324
8.2999999999999368,123.7999999999993861,8.0033292770385742
8.2999999999999368,124.2999999999993577,5.5187087059020996
8.2999999999999368,124.3999999999993520,5.5288901329040527
8.2999999999999368,124.4999999999993463,5.8744087219238281
8.2999999999999368,124.5999999999993406,6.1213507652282715
8.2999999999999368,124.6999999999993349,5.2409634590148926
8.2999999999999368,124.7999999999993292,5.0975909233093262
8.2999999999999368,124.8999999999993236,5.7508864402770996
8.2999999999999368,124.9999999999993179,5.7214579582214355
8.2999999999999368,125.0999999999993122,5.7077670097351074
8.2999999999999368,125.1999999999993065,5.5175318717956543
8.2999999999999368,125.2999999999993008,5.0559573173522949
8.2999999999999368,125.3999999999992951,4.6104474067687988
8.2999999999999368,125.4999999999992895,4.5485920906066895
8.2999999999999368,125.5999999999992838,4.8595685958862305
8.2999999999999368,125.6999999999992781,5.3220691680908203
8.2999999999999368,125.7999999999992724,5.4603767395019531
8.2999999999999368,125.8999999999992667,5.6111025810241699
8.2999999999999368,125.9999999999992610,6.0386037826538086
8.2999999999999368,126.0999999999992554,7.3687667846679688
8.2999999999999368,126.1999999999992497,8.9451103210449219
8.2999999999999368,126.2999999999992440,10.6416339874267578
8.1999999999999371,122.9999999999994316,8.6285371780395508
8.1999999999999371,123.0999999999994259,7.6484994888305664
8.1999999999999371,123.1999999999994202,7.4823813438415527
8.1999999999999371,123.2999999999994145,7.2963485717773438
8.1999999999999371,123.3999999999994088,7.1344614028930664
8.1999999999999371,123.4999999999994031,7.0837607383728027
8.1999999999999371,123.5999999999993975,7.2850952148437500
8.1999999999999371,123.6999999999993918,7.4797515869140625
8.1999999999999371,123.7999999999993861,7.6071405410766602
8.1999999999999371,124.0999999999993690,6.7966761589050293
8.1999999999999371,124.1999999999993634,5.5690240859985352
8.1999999999999371,124.2999999999993577,4.7449550628662109
8.1999999999999371,124.3999999999993520,4.7375988960266113
8.1999999999999371,124.4999999999993463,5.0635375976562500
8.1999999999999371,124.5999999999993406,5.4119257926940918
8.1999999999999371,124.6999999999993349,4.3589777946472168
8.1999999999999371,124.7999999999993292,4.8398303985595703
8.1999999999999371,124.8999999999993236,5.3497357368469238
8.1999999999999371,124.9999999999993179,5.3794102668762207
8.1999999999999371,125.0999999999993122,5.4511508941650391
8.1999999999999371,125.1999999999993065,5.3601326942443848
8.1999999999999371,125.2999999999993008,5.0078234672546387
8.1999999999999371,125.3999999999992951,4.6636085510253906
8.1999999999999371,125.4999999999992895,4.4178309440612793
8.1999999999999371,125.5999999999992838,4.4078497886657715
8.1999999999999371,125.6999999999992781,4.5728816986083984
8.1999999999999371,125.7999999999992724,4.6774535179138184
8.1999999999999371,125.8999999999992667,4.8191146850585938
8.1999999999999371,125.9999999999992610,5.1778950691223145
8.1999999999999371,126.0999999999992554,6.3629646301269531
8.1999999999999371,126.1999999999992497,7.7172493934631348
8.1999999999999371,126.2999999999992440,9.2682027816772461
8.1999999999999371,126.3999999999992383,10.6533956527709961
8.0999999999999375,116.9999999999997726,14.3280973434448242
8.0999999999999375,122.7999999999994429,8.2000646591186523
8.0999999999999375,122.8999999999994373,8.0004072189331055
8.0999999999999375,122.9999999999994316,7.2803330421447754
8.0999999999999375,123.0999999999994259,7.1789178848266602
8.0999999999999375,123.1999999999994202,7.1503181457519531
8.0999999999999375,123.2999999999994145,7.3001017570495605
8.0999999999999375,123.3999999999994088,7.4563927650451660
8.0999999999999375,123.4999999999994031,7.5600962638854980
8.0999999999999375,123.5999999999993975,7.5321707725524902
8.0999999999999375,123.6999999999993918,7.5078444480895996
8.0999999999999375,123.7999999999993861,7.4264235496520996
8.0999999999999375,123.9999999999993747,7.1848359107971191
8.0999999999999375,124.0999999999993690,6.4819717407226562
8.0999999999999375,124.1999999999993634,5.5690617561340332
8.0999999999999375,124.2999999999993577,4.6624412536621094
8.0999999999999375,124.3999999999993520,4.5419912338256836
8.0999999999999375,124.4999999999993463,4.6736874580383301
8.0999999999999375,124.5999999999993406,4.6079254150390625
8.0999999999999375,124.6999999999993349,4.3601412773132324
8.0999999999999375,124.7999999999993292,4.5964832305908203
8.0999999999999375,124.8999999999993236,4.8724179267883301
8.0999999999999375,124.9999999999993179,4.9614672660827637
8.0999999999999375,125.0999999999993122,5.1293392181396484
8.0999999999999375,125.1999999999993065,5.2072505950927734
8.0999999999999375,125.2999999999993008,5.0475621223449707
8.0999999999999375,125.3999999999992951,4.8947463035583496
8.0999999999999375,125.4999999999992895,4.5641808509826660
8.0999999999999375,125.5999999999992838,4.2077527046203613
8.0999999999999375,125.6999999999992781,3.9917538166046143
8.0999999999999375,125.7999999999992724,4.0082850456237793
8.0999999999999375,125.8999999999992667,4.1234927177429199
8.0999999999999375,125.9999999999992610,4.4325523376464844
8.0999999999999375,126.0999999999992554,5.4129352569580078
8.0999999999999375,126.1999999999992497,6.4794564247131348
8.0999999999999375,126.2999999999992440,7.9058365821838379
8.0999999999999375,126.3999999999992383,10.0837697982788086
7.9999999999999378,116.9999999999997726,13.9713993072509766
7.9999999999999378,122.2999999999994714,8.9179420471191406
7.9999999999999378,122.3999999999994657,8.3265762329101562
7.9999999999999378,122.4999999999994600,8.4333448410034180
7.9999999999999378,122.5999999999994543,8.5145502090454102
7.9999999999999378,122.6999999999994486,8.1275243759155273
7.9999999999999378,122.7999999999994429,7.5331392288208008
7.9999999999999378,122.8999999999994373,7.0099787712097168
7.9999999999999378,122.9999999999994316,6.8819742202758789
7.9999999999999378,123.0999999999994259,6.8074088096618652
7.9999999999999378,123.1999999999994202,6.8415179252624512
7.9999999999999378,123.2999999999994145,7.3816866874694824
7.9999999999999378,123.3999999999994088,7.9890298843383789
7.9999999999999378,123.4999999999994031,8.3016681671142578
7.9999999999999378,123.5999999999993975,8.1262960433959961
7.9999999999999378,123.6999999999993918,7.9400877952575684
7.9999999999999378,123.7999999999993861,7.6273698806762695
7.9999999999999378,123.8999999999993804,7.2666831016540527
7.9999999999999378,123.9999999999993747,6.8486685752868652
7.9999999999999378,124.0999999999993690,6.2405486106872559
7.9999999999999378,124.1999999999993634,5.5217204093933105
7.9999999999999378,124.2999999999993577,4.8429064750671387
7.9999999999999378,124.3999999999993520,4.5385112762451172
7.9999999999999378,124.4999999999993463,4.5265898704528809
7.9999999999999378,124.5999999999993406,4.6619648933410645
7.9999999999999378,124.6999999999993349,4.3797492980957031
7.9999999999999378,124.7999999999993292,4.2195963859558105
7.9999999999999378,124.8999999999993236,4.2751178741455078
7.9999999999999378,124.9999999999993179,4.4715099334716797
7.9999999999999378,125.0999999999993122,4.7626314163208008
7.9999999999999378,125.1999999999993065,4.9708991050720215
7.9999999999999378,125.2999999999993008,5.0096845626831055
7.9999999999999378,125.3999999999992951,5.0731511116027832
7.9999999999999378,125.4999999999992895,4.6675906181335449
7.9999999999999378,125.5999999999992838,4.0479121208190918
7.9999999999999378,125.6999999999992781,3.5118122100830078
7.9999999999999378,125.7999999999992724,3.4280018806457520
7.9999999999999378,125.8999999999992667,3.5489833354949951
7.9999999999999378,125.9999999999992610,3.7864925861358643
7.9999999999999378,126.0999999999992554,4.5396928787231445
7.9999999999999378,126.1999999999992497,5.3952598571777344
7.9999999999999378,126.2999999999992440,6.5204277038574219
7.8999999999999382,116.9999999999997726,13.5255832672119141
7.8999999999999382,122.2999999999994714,8.5315818786621094
7.8999999999999382,122.3999999999994657,8.1815996170043945
7.8999999999999382,122.4999999999994600,8.6689586639404297
7.8999999999999382,122.5999999999994543,9.0961523056030273
7.8999999999999382,122.6999999999994486,8.6386604309082031
7.8999999999999382,122.7999999999994429,7.7652359008789062
7.8999999999999382,122.8999999999994373,7.0271263122558594
7.8999999999999382,122.9999999999994316,6.7041659355163574
7.8999999999999382,123.0999999999994259,6.5180420875549316
7.8999999999999382,123.1999999999994202,6.6569252014160156
7.8999999999999382,123.2999999999994145,7.7673983573913574
7.8999999999999382,123.3999999999994088,8.9870777130126953
7.8999999999999382,123.4999999999994031,9.6850881576538086
7.8999999999999382,123.5999999999993975,9.5686998367309570
7.8999999999999382,123.6999999999993918,9.6195049285888672
7.8999999999999382,123.7999999999993861,9.0557069778442383
7.8999999999999382,123.8999999999993804,8.0838375091552734
7.8999999999999382,123.9999999999993747,7.1162157058715820
7.8999999999999382,124.0999999999993690,6.2179341316223145
7.8999999999999382,124.1999999999993634,5.3800220489501953
7.8999999999999382,124.2999999999993577,4.5949430465698242
7.8999999999999382,124.3999999999993520,4.2958168983459473
7.8999999999999382,124.4999999999993463,4.3320069313049316
7.8999999999999382,124.5999999999993406,4.3746690750122070
7.8999999999999382,124.6999999999993349,3.9065971374511719
7.8999999999999382,124.7999999999993292,3.6656892299652100
7.8999999999999382,124.8999999999993236,3.7303359508514404
7.8999999999999382,124.9999999999993179,3.8283467292785645
7.8999999999999382,125.0999999999993122,4.2652778625488281
7.8999999999999382,125.1999999999993065,4.5868411064147949
7.8999999999999382,125.2999999999993008,4.7176547050476074
7.8999999999999382,125.3999999999992951,4.8436398506164551
7.8999999999999382,125.4999999999992895,4.2951984405517578
7.8999999999999382,125.5999999999992838,3.3546712398529053
7.8999999999999382,125.6999999999992781,3.0592701435089111
7.8999999999999382,125.7999999999992724,2.6114764213562012
7.8999999999999382,125.8999999999992667,2.7863507270812988
7.8999999999999382,125.9999999999992610,3.1717181205749512
7.8999999999999382,126.0999999999992554,3.8503291606903076
7.8999999999999382,126.1999999999992497,4.5898170471191406
7.8999999999999382,126.2999999999992440,5.5370326042175293
7.7999999999999385,122.0999999999994827,10.7200002670288086
7.7999999999999385,122.1999999999994770,9.5084466934204102
7.7999999999999385,122.2999999999994714,8.2134628295898438
7.7999999999999385,122.3999999999994657,8.0676155090332031
7.7999999999999385,122.4999999999994600,8.9466886520385742
7.7999999999999385,122.5999999999994543,9.7705202102661133
7.7999999999999385,122.6999999999994486,9.1462774276733398
7.7999999999999385,122.7999999999994429,8.0968704223632812
7.7999999999999385,122.8999999999994373,7.0849189758300781
7.7999999999999385,122.9999999999994316,6.5756502151489258
7.7999999999999385,123.0999999999994259,6.2337355613708496
7.7999999999999385,123.1999999999994202,6.3347654342651367
7.7999999999999385,123.2999999999994145,8.2039575576782227
7.7999999999999385,123.3999999999994088,10.1809358596801758
7.7999999999999385,123.6999999999993918,10.8207511901855469
7.7999999999999385,123.7999999999993861,10.7572746276855469
7.7999999999999385,123.8999999999993804,9.1488666534423828
7.7999999999999385,123.9999999999993747,7.4756011962890625
7.7999999999999385,124.0999999999993690,6.2492074966430664
7.7999999999999385,124.1999999999993634,5.2340006828308105
7.7999999999999385,124.2999999999993577,4.2706699371337891
7.7999999999999385,124.3999999999993520,3.9585461616516113
7.7999999999999385,124.4999999999993463,4.0419878959655762
7.7999999999999385,124.5999999999993406,4.1478900909423828
7.7999999999999385,124.6999999999993349,3.8592815399169922
7.7999999999999385,124.7999999999993292,3.8112671375274658
7.7999999999999385,124.8999999999993236,3.8386323451995850
7.7999999999999385,124.9999999999993179,3.6046016216278076
7.7999999999999385,125.0999999999993122,3.8866622447967529
7.7999999999999385,125.1999999999993065,4.2524948120117188
7.7999999999999385,125.2999999999993008,4.4068861007690430
7.7999999999999385,125.3999999999992951,4.5601773262023926
7.7999999999999385,125.4999999999992895,3.8456828594207764
7.7999999999999385,125.5999999999992838,2.9871375560760498
7.7999999999999385,125.6999999999992781,3.1406531333923340
7.7999999999999385,125.7999999999992724,2.6661610603332520
7.7999999999999385,125.8999999999992667,2.7619457244873047
7.7999999999999385,125.9999999999992610,3.1581912040710449
7.7999999999999385,126.0999999999992554,3.2178037166595459
7.7999999999999385,126.1999999999992497,3.8559272289276123
7.7999999999999385,126.2999999999992440,4.4739151000976562
7.7999999999999385,126.3999999999992383,5.8062047958374023
7.6999999999999389,122.1999999999994770,9.3883457183837891
7.6999999999999389,122.2999999999994714,7.9447212219238281
7.6999999999999389,122.3999999999994657,7.9949579238891602
7.6999999999999389,122.4999999999994600,8.9419393539428711
7.6999999999999389,122.8999999999994373,7.3285346031188965
7.6999999999999389,122.9999999999994316,6.5678343772888184
7.6999999999999389,123.0999999999994259,6.0977234840393066
7.6999999999999389,123.1999999999994202,6.4752664566040039
7.6999999999999389,123.2999999999994145,8.5825557708740234
7.6999999999999389,123.3999999999994088,10.9829092025756836
7.6999999999999389,123.4999999999994031,12.6742582321166992
7.6999999999999389,123.8999999999993804,9.0188980102539062
7.6999999999999389,123.9999999999993747,7.4347128868103027
7.6999999999999389,124.0999999999993690,5.8891139030456543
7.6999999999999389,124.1999999999993634,4.6545405387878418
7.6999999999999389,124.2999999999993577,4.0256209373474121
7.6999999999999389,124.3999999999993520,3.9154586791992188
7.6999999999999389,124.4999999999993463,3.9104526042938232
7.6999999999999389,124.5999999999993406,3.9933166503906250
7.6999999999999389,124.6999999999993349,3.8853156566619873
7.6999999999999389,124.7999999999993292,3.8347015380859375
7.6999999999999389,124.8999999999993236,3.7260396480560303
7.6999999999999389,124.9999999999993179,3.4826133251190186
7.6999999999999389,125.0999999999993122,3.6875646114349365
7.6999999999999389,125.1999999999993065,4.0045585632324219
7.6999999999999389,125.2999999999993008,4.1326236724853516
7.6999999999999389,125.3999999999992951,4.2263731956481934
7.6999999999999389,125.4999999999992895,3.4232175350189209
7.6999999999999389,125.5999999999992838,3.2385776042938232
7.6999999999999389,125.6999999999992781,3.2821528911590576
7.6999999999999389,125.7999999999992724,2.8930625915527344
7.6999999999999389,125.8999999999992667,3.0318543910980225
7.6999999999999389,125.9999999999992610,3.5955128669738770
7.6999999999999389,126.0999999999992554,3.0646042823791504
7.6999999999999389,126.1999999999992497,3.2107665538787842
7.6999999999999389,126.2999999999992440,3.5914490222930908
7.6999999999999389,126.3999999999992383,5.2654385566711426
7.6999999999999389,126.4999999999992326,8.3581228256225586
7.5999999999999392,122.1999999999994770,9.1943082809448242
7.5999999999999392,122.2999999999994714,7.9312248229980469
7.5999999999999392,122.3999999999994657,8.1153059005737305
7.5999999999999392,122.8999999999994373,7.9560675621032715
7.5999999999999392,122.9999999999994316,6.8405375480651855
7.5999999999999392,123.1999999999994202,6.7750830650329590
7.5999999999999392,123.2999999999994145,8.8047866821289062
7.5999999999999392,123.3999999999994088,10.3769178390502930
7.5999999999999392,124.0999999999993690,5.1491589546203613
7.5999999999999392,124.1999999999993634,4.0166001319885254
7.5999999999999392,124.2999999999993577,3.5580272674560547
7.5999999999999392,124.3999999999993520,3.3780095577239990
7.5999999999999392,124.4999999999993463,3.3247814178466797
7.5999999999999392,124.5999999999993406,3.4152476787567139
7.5999999999999392,124.6999999999993349,3.4209969043731689
7.5999999999999392,124.7999999999993292,3.4131214618682861
7.5999999999999392,124.8999999999993236,3.6253063678741455
7.5999999999999392,124.9999999999993179,3.3009095191955566
7.5999999999999392,125.0999999999993122,3.5421683788299561
7.5999999999999392,125.1999999999993065,3.7351653575897217
7.5999999999999392,125.2999999999993008,3.8705258369445801
7.5999999999999392,125.3999999999992951,4.0437316894531250
7.5999999999999392,125.4999999999992895,3.5118324756622314
7.5999999999999392,125.5999999999992838,3.7472095489501953
7.5999999999999392,125.6999999999992781,3.9865379333496094
7.5999999999999392,125.7999999999992724,3.0960013866424561
7.5999999999999392,125.8999999999992667,2.6320896148681641
7.5999999999999392,125.9999999999992610,2.7647080421447754
7.5999999999999392,126.0999999999992554,2.5143630504608154
7.5999999999999392,126.1999999999992497,2.7814679145812988
7.5999999999999392,126.2999999999992440,2.8410856723785400
7.5999999999999392,126.3999999999992383,4.5003170967102051
7.5999999999999392,126.4999999999992326,7.1870188713073730
7.4999999999999396,122.0999999999994827,10.3505516052246094
7.4999999999999396,122.1999999999994770,9.1037740707397461
7.4999999999999396,122.2999999999994714,7.9462523460388184
7.4999999999999396,123.2999999999994145,9.6512269973754883
7.4999999999999396,123.3999999999994088,11.8991651535034180
7.4999999999999396,124.1999999999993634,4.7270560264587402
7.4999999999999396,124.2999999999993577,4.2042660713195801
7.4999999999999396,124.3999999999993520,3.5641598701477051
7.4999999999999396,124.4999999999993463,3.6931278705596924
7.4999999999999396,124.5999999999993406,3.7823402881622314
7.4999999999999396,124.6999999999993349,3.8322556018829346
7.4999999999999396,124.7999999999993292,4.1619939804077148
7.4999999999999396,124.8999999999993236,4.2923755645751953
7.4999999999999396,124.9999999999993179,3.7303338050842285
7.4999999999999396,125.0999999999993122,3.4156742095947266
7.4999999999999396,125.1999999999993065,3.4691033363342285
7.4999999999999396,125.2999999999993008,3.6074166297912598
7.4999999999999396,125.3999999999992951,3.7271480560302734
7.4999999999999396,125.4999999999992895,3.7219555377960205
7.4999999999999396,125.5999999999992838,4.2384262084960938
7.4999999999999396,125.6999999999992781,4.6689386367797852
7.4999999999999396,125.7999999999992724,3.8552403450012207
7.4999999999999396,125.8999999999992667,2.9444985389709473
7.4999999999999396,125.9999999999992610,2.8657779693603516
7.4999999999999396,126.0999999999992554,2.3898115158081055
7.4999999999999396,126.1999999999992497,2.4478142261505127
7.4999999999999396,126.2999999999992440,2.2757096290588379
7.4999999999999396,126.3999999999992383,3.9266610145568848
7.4999999999999396,126.4999999999992326,6.1633443832397461
7.4999999999999396,126.5999999999992269,7.7085161209106445
7.3999999999999400,122.0999999999994827,9.6031007766723633
7.3999999999999400,122.1999999999994770,8.7692003250122070
7.3999999999999400,122.2999999999994714,8.1074094772338867
7.3999999999999400,122.7999999999994429,11.1129999160766602
7.3999999999999400,123.3999999999994088,12.5717668533325195
7.3999999999999400,124.1999999999993634,5.2905573844909668
7.3999999999999400,124.2999999999993577,4.7165427207946777
7.3999999999999400,124.3999999999993520,4.5384392738342285
7.3999999999999400,124.4999999999993463,4.4309267997741699
7.3999999999999400,124.5999999999993406,4.3530788421630859
7.3999999999999400,124.6999999999993349,4.3452024459838867
7.3999999999999400,124.7999999999993292,4.4616446495056152
7.3999999999999400,124.8999999999993236,4.4713482856750488
7.3999999999999400,124.9999999999993179,3.8118770122528076
7.3999999999999400,125.0999999999993122,3.4147789478302002
7.3999999999999400,125.1999999999993065,3.3139464855194092
7.3999999999999400,125.2999999999993008,3.2653148174285889
7.3999999999999400,125.3999999999992951,3.2678990364074707
7.3999999999999400,125.4999999999992895,3.9369816780090332
7.3999999999999400,125.5999999999992838,4.7965435981750488
7.3999999999999400,125.6999999999992781,5.6118741035461426
7.3999999999999400,125.7999999999992724,4.5830640792846680
7.3999999999999400,125.8999999999992667,3.5355579853057861
7.3999999999999400,125.9999999999992610,2.7052066326141357
7.3999999999999400,126.0999999999992554,2.5631287097930908
7.3999999999999400,126.1999999999992497,2.4582278728485107
7.3999999999999400,126.2999999999992440,2.3784639835357666
7.3999999999999400,126.3999999999992383,3.9565606117248535
7.3999999999999400,126.4999999999992326,5.7543196678161621
7.2999999999999403,116.8999999999997783,11.8634634017944336
7.2999999999999403,117.0999999999997669,12.9288024902343750
7.2999999999999403,117.1999999999997613,13.3422927856445312
7.2999999999999403,122.0999999999994827,8.1486721038818359
7.2999999999999403,122.1999999999994770,7.9378638267517090
7.2999999999999403,124.1999999999993634,6.2983703613281250
7.2999999999999403,124.2999999999993577,5.3256592750549316
7.2999999999999403,124.3999999999993520,4.7705850601196289
7.2999999999999403,124.4999999999993463,4.4347109794616699
7.2999999999999403,124.5999999999993406,4.4163908958435059
7.2999999999999403,124.6999999999993349,4.1084475517272949
7.2999999999999403,124.7999999999993292,3.9795176982879639
7.2999999999999403,124.8999999999993236,3.9172821044921875
7.2999999999999403,124.9999999999993179,3.6440269947052002
7.2999999999999403,125.0999999999993122,3.5474002361297607
7.2999999999999403,125.1999999999993065,3.3372962474822998
7.2999999999999403,125.2999999999993008,2.8785970211029053
7.2999999999999403,125.3999999999992951,3.1806128025054932
7.2999999999999403,125.4999999999992895,4.2569231986999512
7.2999999999999403,125.5999999999992838,5.4072012901306152
7.2999999999999403,125.6999999999992781,6.2937402725219727
7.2999999999999403,125.8999999999992667,4.4512457847595215
7.2999999999999403,125.9999999999992610,3.3112735748291016
7.2999999999999403,126.0999999999992554,2.9281337261199951
7.2999999999999403,126.1999999999992497,2.8301877975463867
7.2999999999999403,126.2999999999992440,3.1091117858886719
7.2999999999999403,126.3999999999992383,4.4573106765747070
7.2999999999999403,126.4999999999992326,6.6812415122985840
7.2999999999999403,126.5999999999992269,9.5484876632690430
7.1999999999999407,117.0999999999997669,13.0469741821289062
7.1999999999999407,117.1999999999997613,13.3550176620483398
7.1999999999999407,121.9999999999994884,8.0394563674926758
7.1999999999999407,122.0999999999994827,6.9100298881530762
7.1999999999999407,122.1999999999994770,7.1736602783203125
7.1999999999999407,124.1999999999993634,7.1319618225097656
7.1999999999999407,124.2999999999993577,5.9961581230163574
7.1999999999999407,124.3999999999993520,5.1941866874694824
7.1999999999999407,124.4999999999993463,4.8852458000183105
7.1999999999999407,124.5999999999993406,4.5570235252380371
7.1999999999999407,124.6999999999993349,4.0126147270202637
7.1999999999999407,124.7999999999993292,4.0114760398864746
7.1999999999999407,124.8999999999993236,4.3757405281066895
7.1999999999999407,124.9999999999993179,3.6469547748565674
7.1999999999999407,125.0999999999993122,3.6615688800811768
7.1999999999999407,125.1999999999993065,3.3683865070343018
7.1999999999999407,125.2999999999993008,2.5200662612915039
7.1999999999999407,125.3999999999992951,3.2852962017059326
7.1999999999999407,125.4999999999992895,4.7170639038085938
7.1999999999999407,125.5999999999992838,6.1209273338317871
7.1999999999999407,125.9999999999992610,4.4681973457336426
7.1999999999999407,126.0999999999992554,4.0446820259094238
7.1999999999999407,126.1999999999992497,3.8120276927947998
7.1999999999999407,126.2999999999992440,3.9620404243469238
7.1999999999999407,126.3999999999992383,6.1837449073791504
7.1999999999999407,126.4999999999992326,9.2333784103393555
7.0999999999999410,121.9999999999994884,7.1539268493652344
7.0999999999999410,122.0999999999994827,6.2712135314941406
7.0999999999999410,122.1999999999994770,6.6694231033325195
7.0999999999999410,124.0999999999993690,8.1358289718627930
7.0999999999999410,124.1999999999993634,6.9234313964843750
7.0999999999999410,124.2999999999993577,5.8307247161865234
7.0999999999999410,124.3999999999993520,5.0265488624572754
7.0999999999999410,124.4999999999993463,4.5777678489685059
7.0999999999999410,124.5999999999993406,4.1082863807678223
7.0999999999999410,124.6999999999993349,3.2803821563720703
7.0999999999999410,124.7999999999993292,3.6155719757080078
7.0999999999999410,124.8999999999993236,4.3780202865600586
7.0999999999999410,124.9999999999993179,3.3556733131408691
7.0999999999999410,125.0999999999993122,3.5793683528900146
7.0999999999999410,125.1999999999993065,3.3600335121154785
7.0999999999999410,125.2999999999993008,2.3690202236175537
7.0999999999999410,125.3999999999992951,3.3195111751556396
7.0999999999999410,125.4999999999992895,4.8761892318725586
7.0999999999999410,125.5999999999992838,6.2238841056823730
7.0999999999999410,125.6999999999992781,8.7538986206054688
7.0999999999999410,125.8999999999992667,5.7854404449462891
7.0999999999999410,125.9999999999992610,4.8447222709655762
7.0999999999999410,126.0999999999992554,4.4841995239257812
7.0999999999999410,126.1999999999992497,5.0886216163635254
7.0999999999999410,126.2999999999992440,5.9084773063659668
7.0999999999999410,126.3999999999992383,8.3383293151855469
6.9999999999999414,117.0999999999997669,11.5674123764038086
6.9999999999999414,121.9999999999994884,8.0590124130249023
6.9999999999999414,122.0999999999994827,7.6663956642150879
6.9999999999999414,122.1999999999994770,7.3829727172851562
6.9999999999999414,123.9999999999993747,7.7281489372253418
6.9999999999999414,124.0999999999993690,7.0544314384460449
6.9999999999999414,124.1999999999993634,6.0732755661010742
6.9999999999999414,124.2999999999993577,5.1562933921813965
6.9999999999999414,124.3999999999993520,4.3311514854431152
6.9999999999999414,124.4999999999993463,3.8557307720184326
6.9999999999999414,124.5999999999993406,3.2569692134857178
6.9999999999999414,124.6999999999993349,2.6661219596862793
6.9999999999999414,124.7999999999993292,3.1038384437561035
6.9999999999999414,124.8999999999993236,3.8626427650451660
6.9999999999999414,124.9999999999993179,2.8882834911346436
6.9999999999999414,125.0999999999993122,3.3075797557830811
6.9999999999999414,125.1999999999993065,3.3697037696838379
6.9999999999999414,125.2999999999993008,2.3823575973510742
6.9999999999999414,125.3999999999992951,3.2627701759338379
6.9999999999999414,125.4999999999992895,4.5112729072570801
6.9999999999999414,125.7999999999992724,8.5128898620605469
6.9999999999999414,125.9999999999992610,5.1644802093505859
6.9999999999999414,126.0999999999992554,6.1320438385009766
6.9999999999999414,126.1999999999992497,7.5926575660705566
6.9999999999999414,126.2999999999992440,9.0232477188110352
6.8999999999999417,116.6999999999997897,7.9562888145446777
6.8999999999999417,116.7999999999997840,8.4574928283691406
6.8999999999999417,117.0999999999997669,10.3507413864135742
6.8999999999999417,117.1999999999997613,11.1577138900756836
6.8999999999999417,122.0999999999994827,8.7304353713989258
6.8999999999999417,123.9999999999993747,7.0143618583679199
6.8999999999999417,124.0999999999993690,6.1490859985351562
6.8999999999999417,124.1999999999993634,5.3386125564575195
6.8999999999999417,124.2999999999993577,4.5592665672302246
6.8999999999999417,124.3999999999993520,3.7353825569152832
6.8999999999999417,124.4999999999993463,3.3219330310821533
6.8999999999999417,124.5999999999993406,3.1797440052032471
6.8999999999999417,124.6999999999993349,2.6240911483764648
6.8999999999999417,124.7999999999993292,3.0798251628875732
6.8999999999999417,124.8999999999993236,3.7359797954559326
6.8999999999999417,124.9999999999993179,2.7754390239715576
6.8999999999999417,125.0999999999993122,3.1457061767578125
6.8999999999999417,125.1999999999993065,3.3706378936767578
6.8999999999999417,125.2999999999993008,2.4531331062316895
6.8999999999999417,125.3999999999992951,3.2795941829681396
6.8999999999999417,126.0999999999992554,7.5833811759948730
6.8999999999999417,126.2999999999992440,11.7431497573852539
6.7999999999999421,124.0999999999993690,6.2275466918945312
6.7999999999999421,124.1999999999993634,5.2385110855102539
6.7999999999999421,124.2999999999993577,4.2907338142395020
6.7999999999999421,124.3999999999993520,3.5050640106201172
6.7999999999999421,124.4999999999993463,2.9828863143920898
6.7999999999999421,124.5999999999993406,2.8416233062744141
6.7999999999999421,124.6999999999993349,2.4298768043518066
6.7999999999999421,124.7999999999993292,2.7858133316040039
6.7999999999999421,124.8999999999993236,3.1637935638427734
6.7999999999999421,124.9999999999993179,2.6174266338348389
6.7999999999999421,125.0999999999993122,3.1124627590179443
6.7999999999999421,125.1999999999993065,3.4270954132080078
6.7999999999999421,125.2999999999993008,2.6611919403076172
6.7999999999999421,125.3999999999992951,3.2473466396331787
6.7999999999999421,126.0999999999992554,8.2675981521606445
6.7999999999999421,126.1999999999992497,10.2272844314575195
6.6999999999999424,121.9999999999994884,8.1087522506713867
6.6999999999999424,122.0999999999994827,7.5374398231506348
6.6999999999999424,124.0999999999993690,6.6806464195251465
6.6999999999999424,124.1999999999993634,5.4217944145202637
6.6999999999999424,124.2999999999993577,4.2141284942626953
6.6999999999999424,124.3999999999993520,3.3858914375305176
6.6999999999999424,124.4999999999993463,2.7292170524597168
6.6999999999999424,124.5999999999993406,2.5560142993927002
6.6999999999999424,124.6999999999993349,2.3765745162963867
6.6999999999999424,124.7999999999993292,2.6039855480194092
6.6999999999999424,124.8999999999993236,2.9969005584716797
6.6999999999999424,124.9999999999993179,2.4425220489501953
6.6999999999999424,125.0999999999993122,3.2050740718841553
6.6999999999999424,125.1999999999993065,3.5490760803222656
6.6999999999999424,125.2999999999993008,2.9367578029632568
6.6999999999999424,126.0999999999992554,9.2046728134155273
6.6999999999999424,126.1999999999992497,10.8663434982299805
6.5999999999999428,121.8999999999994941,8.9303064346313477
6.5999999999999428,121.9999999999994884,7.7138671875000000
6.5999999999999428,122.0999999999994827,6.8877563476562500
6.5999999999999428,122.1999999999994770,7.1907801628112793
6.5999999999999428,124.0999999999993690,7.0933518409729004
6.5999999999999428,124.1999999999993634,5.5522971153259277
6.5999999999999428,124.2999999999993577,4.1403937339782715
6.5999999999999428,124.3999999999993520,3.2885968685150146
6.5999999999999428,124.4999999999993463,2.6316602230072021
6.5999999999999428,124.5999999999993406,2.3662502765655518
6.5999999999999428,124.6999999999993349,2.5072638988494873
6.5999999999999428,124.7999999999993292,3.1158967018127441
6.5999999999999428,124.8999999999993236,3.3221657276153564
6.5999999999999428,124.9999999999993179,2.8831188678741455
6.5999999999999428,125.0999999999993122,3.3755185604095459
6.5999999999999428,125.1999999999993065,3.6441674232482910
6.5999999999999428,125.2999999999993008,3.1640145778656006
6.5999999999999428,126.0999999999992554,11.7030725479125977
6.5999999999999428,126.1999999999992497,12.5633287429809570
6.4999999999999432,121.9999999999994884,7.9238290786743164
6.4999999999999432,122.0999999999994827,7.1858611106872559
6.4999999999999432,122.1999999999994770,6.9661178588867188
6.4999999999999432,124.0999999999993690,7.2535600662231445
6.4999999999999432,124.1999999999993634,5.5608468055725098
6.4999999999999432,124.2999999999993577,4.1583433151245117
6.4999999999999432,124.3999999999993520,3.2895245552062988
6.4999999999999432,124.4999999999993463,2.5746076107025146
6.4999999999999432,124.5999999999993406,2.1369211673736572
6.4999999999999432,124.6999999999993349,2.1314828395843506
6.4999999999999432,124.7999999999993292,2.9391191005706787
6.4999999999999432,124.8999999999993236,3.3872096538543701
6.4999999999999432,124.9999999999993179,2.8065359592437744
6.4999999999999432,125.0999999999993122,3.3276174068450928
6.4999999999999432,125.1999999999993065,3.6456639766693115
6.4999999999999432,125.2999999999993008,3.3052177429199219
6.4999999999999432,125.3999999999992951,3.2284228801727295
6.4999999999999432,125.4999999999992895,4.0949559211730957
6.4999999999999432,125.5999999999992838,4.9968738555908203
6.4999999999999432,126.1999999999992497,13.0472440719604492
6.3999999999999435,121.9999999999994884,8.3469429016113281
6.3999999999999435,124.0999999999993690,7.1568589210510254
6.3999999999999435,124.1999999999993634,5.5249285697937012
6.3999999999999435,124.2999999999993577,4.3000726699829102
6.3999999999999435,124.3999999999993520,3.3960766792297363
6.3999999999999435,124.4999999999993463,2.7703919410705566
6.3999999999999435,124.5999999999993406,2.1748449802398682
6.3999999999999435,124.6999999999993349,2.0552549362182617
6.3999999999999435,124.7999999999993292,2.6346499919891357
6.3999999999999435,124.8999999999993236,3.1359975337982178
6.3999999999999435,124.9999999999993179,3.2531077861785889
6.3999999999999435,125.0999999999993122,3.4242858886718750
6.3999999999999435,125.1999999999993065,3.6413276195526123
6.3999999999999435,125.2999999999993008,3.4203724861145020
6.3999999999999435,125.3999999999992951,3.5256612300872803
6.3999999999999435,125.4999999999992895,3.7140128612518311
6.2999999999999439,120.5999999999995680,13.2959690093994141
6.2999999999999439,124.1999999999993634,6.4026579856872559
6.2999999999999439,124.2999999999993577,4.8677868843078613
6.2999999999999439,124.3999999999993520,3.8627688884735107
6.2999999999999439,124.4999999999993463,3.1028344631195068
6.2999999999999439,124.5999999999993406,2.5943317413330078
6.2999999999999439,124.6999999999993349,2.3818817138671875
6.2999999999999439,124.7999999999993292,2.8054566383361816
6.2999999999999439,124.8999999999993236,3.3030331134796143
6.2999999999999439,124.9999999999993179,3.5914826393127441
6.2999999999999439,125.0999999999993122,3.8639359474182129
6.2999999999999439,125.1999999999993065,3.7323176860809326
6.2999999999999439,125.2999999999993008,3.6352410316467285
6.2999999999999439,125.3999999999992951,4.0369257926940918
6.2999999999999439,125.4999999999992895,4.2257375717163086
6.2999999999999439,125.5999999999992838,6.0487093925476074
6.1999999999999442,124.2999999999993577,5.6890006065368652
6.1999999999999442,124.3999999999993520,4.9183897972106934
6.1999999999999442,124.4999999999993463,3.8685524463653564
6.1999999999999442,124.5999999999993406,3.0026738643646240
6.1999999999999442,124.6999999999993349,2.4339730739593506
6.1999999999999442,124.7999999999993292,2.5762362480163574
6.1999999999999442,124.8999999999993236,2.9746930599212646
6.1999999999999442,124.9999999999993179,3.4018592834472656
6.1999999999999442,125.0999999999993122,3.8190243244171143
6.1999999999999442,125.1999999999993065,4.1134729385375977
6.1999999999999442,125.2999999999993008,4.1913275718688965
6.1999999999999442,125.3999999999992951,4.2632937431335449
6.1999999999999442,125.4999999999992895,4.5152721405029297
6.1999999999999442,125.5999999999992838,6.8349504470825195
6.1999999999999442,125.6999999999992781,8.1943969726562500
6.0999999999999446,120.9999999999995453,12.8705549240112305
6.0999999999999446,121.0999999999995396,12.9306182861328125
6.0999999999999446,124.4999999999993463,4.9015412330627441
6.0999999999999446,124.5999999999993406,3.9457614421844482
6.0999999999999446,124.6999999999993349,3.1624214649200439
6.0999999999999446,124.7999999999993292,2.5347878932952881
6.0999999999999446,124.8999999999993236,2.8013050556182861
6.0999999999999446,124.9999999999993179,3.5289909839630127
6.0999999999999446,125.0999999999993122,4.3561100959777832
6.0999999999999446,125.2999999999993008,4.9191656112670898
6.0999999999999446,125.3999999999992951,4.8719878196716309
6.0999999999999446,125.4999999999992895,5.3161425590515137
6.0999999999999446,125.5999999999992838,7.5910716056823730
6.0999999999999446,125.6999999999992781,10.1353864669799805
5.9999999999999449,120.8999999999995509,12.6005420684814453
5.9999999999999449,120.9999999999995453,12.6836385726928711
5.9999999999999449,121.0999999999995396,12.7772064208984375
5.9999999999999449,121.3999999999995225,12.7342548370361328
5.9999999999999449,124.5999999999993406,5.0942225456237793
5.9999999999999449,124.6999999999993349,4.4574961662292480
5.9999999999999449,124.7999999999993292,4.0739450454711914
5.9999999999999449,124.8999999999993236,3.9120888710021973
5.9999999999999449,124.9999999999993179,4.7585072517395020
5.9999999999999449,125.0999999999993122,5.6714911460876465
5.9999999999999449,125.3999999999992951,5.4489665031433105
5.9999999999999449,125.4999999999992895,5.8657813072204590
5.9999999999999449,125.5999999999992838,8.0750761032104492
5.8999999999999453,120.8999999999995509,12.3512849807739258
5.8999999999999453,124.7999999999993292,5.6189751625061035
5.8999999999999453,124.8999999999993236,6.4485778808593750
5.8999999999999453,124.9999999999993179,6.2231459617614746
5.8999999999999453,125.0999999999993122,6.6325211524963379
5.8999999999999453,125.1999999999993065,6.8997735977172852
5.8999999999999453,125.2999999999993008,6.3152494430541992
5.8999999999999453,125.3999999999992951,6.1515498161315918
5.8999999999999453,125.4999999999992895,6.3017916679382324
5.8999999999999453,125.5999999999992838,8.3341217041015625
5.7999999999999456,125.2999999999993008,7.2511668205261230
5.7999999999999456,125.3999999999992951,6.8871650695800781
5.7999999999999456,125.4999999999992895,7.0149989128112793
5.6999999999999460,125.2999999999993008,7.9001564979553223
5.6999999999999460,125.3999999999992951,7.9114813804626465
5.5999999999999464,125.2999999999993008,10.5924177169799805
5.5999999999999464,125.3999999999992951,10.0944976806640625
5.3999999999999471,118.8999999999996646,7.9703736305236816
5.3999999999999471,118.9999999999996589,8.9341583251953125
5.3999999999999471,119.0999999999996533,9.8966894149780273
5.3999999999999471,119.1999999999996476,11.0361967086791992
5.2999999999999474,118.8999999999996646,7.3095850944519043
5.2999999999999474,118.9999999999996589,8.3422784805297852
5.2999999999999474,119.0999999999996533,9.4369611740112305
5.2999999999999474,119.1999999999996476,10.5068311691284180
5.2999999999999474,120.1999999999995907,11.7146863937377930
5.1999999999999478,118.8999999999996646,6.8698611259460449
5.1999999999999478,118.9999999999996589,7.8273096084594727
5.1999999999999478,119.0999999999996533,9.1594257354736328
5.1999999999999478,119.1999999999996476,10.4927482604980469
5.1999999999999478,120.1999999999995907,11.7517433166503906
5.0999999999999481,118.8999999999996646,7.6859116554260254
5.0999999999999481,118.9999999999996589,8.4523077011108398
5.0999999999999481,119.7999999999996135,11.8674354553222656
5.0999999999999481,119.8999999999996078,11.8031682968139648
