latitude,longitude,max_wind_gust
19.3999999999999559,121.3999999999995225,3.7800214290618896
19.3999999999999559,121.4999999999995168,4.2295637130737305
18.8999999999999488,121.8999999999994941,2.9088532924652100
18.5999999999999446,120.7999999999995566,2.3022987842559814
18.5999999999999446,120.8999999999995509,2.5550625324249268
18.5999999999999446,121.0999999999995396,2.4831099510192871
18.5999999999999446,121.1999999999995339,2.5524516105651855
18.4999999999999432,120.6999999999995623,2.0910944938659668
18.4999999999999432,120.7999999999995566,1.8938497304916382
18.4999999999999432,120.8999999999995509,1.8931465148925781
18.4999999999999432,120.9999999999995453,1.7990111112594604
18.4999999999999432,121.0999999999995396,1.7559244632720947
18.4999999999999432,121.1999999999995339,1.8550611734390259
18.4999999999999432,121.2999999999995282,1.6750459671020508
18.4999999999999432,122.1999999999994770,2.5636656284332275
18.3999999999999417,120.5999999999995680,2.6263916492462158
18.3999999999999417,120.6999999999995623,1.8101767301559448
18.3999999999999417,120.7999999999995566,1.4900854825973511
18.3999999999999417,120.8999999999995509,1.4732340574264526
18.3999999999999417,120.9999999999995453,1.3784527778625488
18.3999999999999417,121.0999999999995396,1.4188712835311890
18.3999999999999417,121.1999999999995339,1.5216597318649292
18.3999999999999417,121.2999999999995282,1.4354822635650635
18.3999999999999417,121.3999999999995225,1.6174061298370361
18.3999999999999417,121.4999999999995168,2.7970101833343506
18.3999999999999417,121.5999999999995111,3.3554418087005615
18.3999999999999417,122.0999999999994827,2.2680261135101318
18.3999999999999417,122.1999999999994770,2.0800321102142334
18.3999999999999417,122.2999999999994714,3.3255546092987061
18.2999999999999403,120.6999999999995623,1.7186040878295898
18.2999999999999403,120.7999999999995566,1.2835706472396851
18.2999999999999403,120.8999999999995509,1.1439503431320190
18.2999999999999403,120.9999999999995453,1.1039384603500366
18.2999999999999403,121.0999999999995396,1.1014590263366699
18.2999999999999403,121.1999999999995339,1.5071675777435303
18.2999999999999403,121.2999999999995282,1.5432934761047363
18.2999999999999403,121.3999999999995225,1.3927701711654663
18.2999999999999403,121.4999999999995168,2.5142371654510498
18.2999999999999403,121.5999999999995111,3.2074363231658936
18.2999999999999403,121.6999999999995055,3.5894572734832764
18.2999999999999403,122.0999999999994827,1.8344408273696899
18.2999999999999403,122.1999999999994770,2.0962824821472168
18.2999999999999403,122.2999999999994714,3.1303775310516357
18.1999999999999389,120.4999999999995737,4.0099806785583496
18.1999999999999389,120.5999999999995680,2.7693998813629150
18.1999999999999389,120.6999999999995623,1.8096971511840820
18.1999999999999389,120.7999999999995566,1.3339656591415405
18.1999999999999389,120.8999999999995509,1.0728996992111206
18.1999999999999389,120.9999999999995453,0.9048859477043152
18.1999999999999389,121.0999999999995396,0.7757642865180969
18.1999999999999389,121.1999999999995339,1.5770481824874878
18.1999999999999389,121.2999999999995282,1.6417907476425171
18.1999999999999389,121.3999999999995225,1.4647539854049683
18.1999999999999389,121.4999999999995168,2.3034048080444336
18.1999999999999389,121.5999999999995111,2.7677366733551025
18.1999999999999389,121.6999999999995055,2.8408610820770264
18.1999999999999389,121.7999999999994998,2.6582837104797363
18.1999999999999389,121.8999999999994941,2.0318119525909424
18.1999999999999389,121.9999999999994884,1.7180508375167847
18.1999999999999389,122.0999999999994827,1.0483592748641968
18.1999999999999389,122.1999999999994770,2.6412198543548584
18.0999999999999375,120.4999999999995737,4.3751134872436523
18.0999999999999375,120.5999999999995680,2.7071979045867920
18.0999999999999375,120.6999999999995623,2.1236660480499268
18.0999999999999375,120.7999999999995566,1.6154361963272095
18.0999999999999375,120.8999999999995509,1.2159734964370728
18.0999999999999375,120.9999999999995453,0.7439278364181519
18.0999999999999375,121.0999999999995396,0.8345685005187988
18.0999999999999375,121.1999999999995339,1.6846107244491577
18.0999999999999375,121.2999999999995282,1.7121851444244385
18.0999999999999375,121.3999999999995225,1.5277761220932007
18.0999999999999375,121.4999999999995168,2.0360200405120850
18.0999999999999375,121.5999999999995111,2.2156057357788086
18.0999999999999375,121.6999999999995055,2.2798631191253662
18.0999999999999375,121.7999999999994998,2.1469204425811768
18.0999999999999375,121.8999999999994941,1.6167339086532593
18.0999999999999375,121.9999999999994884,1.2601772546768188
18.0999999999999375,122.0999999999994827,1.1570296287536621
18.0999999999999375,122.1999999999994770,2.3005180358886719
17.9999999999999361,120.5999999999995680,2.4875516891479492
17.9999999999999361,120.6999999999995623,2.0096919536590576
17.9999999999999361,120.7999999999995566,1.5499523878097534
17.9999999999999361,120.8999999999995509,1.2858861684799194
17.9999999999999361,120.9999999999995453,0.7868223190307617
17.9999999999999361,121.0999999999995396,0.7850885987281799
17.9999999999999361,121.1999999999995339,1.5765966176986694
17.9999999999999361,121.2999999999995282,1.6450731754302979
17.9999999999999361,121.3999999999995225,1.7228634357452393
17.9999999999999361,121.4999999999995168,2.3097484111785889
17.9999999999999361,121.5999999999995111,2.2792220115661621
17.9999999999999361,121.6999999999995055,2.2922754287719727
17.9999999999999361,121.7999999999994998,2.2300453186035156
17.9999999999999361,121.8999999999994941,1.6664211750030518
17.9999999999999361,121.9999999999994884,1.2744554281234741
17.9999999999999361,122.0999999999994827,1.2038602828979492
17.8999999999999346,120.4999999999995737,3.9530150890350342
17.8999999999999346,120.5999999999995680,2.3787677288055420
17.8999999999999346,120.6999999999995623,2.0084581375122070
17.8999999999999346,120.7999999999995566,1.6855173110961914
17.8999999999999346,120.8999999999995509,1.4833697080612183
17.8999999999999346,120.9999999999995453,0.9739554524421692
17.8999999999999346,121.0999999999995396,0.8306832313537598
17.8999999999999346,121.1999999999995339,1.5640887022018433
17.8999999999999346,121.2999999999995282,1.6748863458633423
17.8999999999999346,121.3999999999995225,1.9285923242568970
17.8999999999999346,121.4999999999995168,2.4057879447937012
17.8999999999999346,121.5999999999995111,2.4474942684173584
17.8999999999999346,121.6999999999995055,2.3483631610870361
17.8999999999999346,121.7999999999994998,2.3003206253051758
17.8999999999999346,121.8999999999994941,1.7310564517974854
17.8999999999999346,121.9999999999994884,1.1610319614410400
17.8999999999999346,122.0999999999994827,1.4481815099716187
17.7999999999999332,120.4999999999995737,3.6192843914031982
17.7999999999999332,120.5999999999995680,2.4417371749877930
17.7999999999999332,120.6999999999995623,2.1204123497009277
17.7999999999999332,120.7999999999995566,1.8612451553344727
17.7999999999999332,120.8999999999995509,1.6456670761108398
17.7999999999999332,120.9999999999995453,1.0586479902267456
17.7999999999999332,121.0999999999995396,1.0252615213394165
17.7999999999999332,121.1999999999995339,1.4477125406265259
17.7999999999999332,121.2999999999995282,1.8657064437866211
17.7999999999999332,121.3999999999995225,1.9479507207870483
17.7999999999999332,121.4999999999995168,2.4786450862884521
17.7999999999999332,121.5999999999995111,2.4289281368255615
17.7999999999999332,121.6999999999995055,2.3714909553527832
17.7999999999999332,121.7999999999994998,2.2862546443939209
17.7999999999999332,121.8999999999994941,1.5730575323104858
17.7999999999999332,121.9999999999994884,1.1725338697433472
17.7999999999999332,122.0999999999994827,1.5485203266143799
17.6999999999999318,120.3999999999995794,4.5164904594421387
17.6999999999999318,120.4999999999995737,3.1332547664642334
17.6999999999999318,120.5999999999995680,2.4540543556213379
17.6999999999999318,120.6999999999995623,2.2273325920104980
17.6999999999999318,120.7999999999995566,2.0269925594329834
17.6999999999999318,120.8999999999995509,1.8441079854965210
17.6999999999999318,120.9999999999995453,1.2303590774536133
17.6999999999999318,121.0999999999995396,1.0293184518814087
17.6999999999999318,121.1999999999995339,1.4656966924667358
17.6999999999999318,121.2999999999995282,1.9090700149536133
17.6999999999999318,121.3999999999995225,2.1240546703338623
17.6999999999999318,121.4999999999995168,2.2140059471130371
17.6999999999999318,121.5999999999995111,2.2375271320343018
17.6999999999999318,121.6999999999995055,2.3189957141876221
17.6999999999999318,121.7999999999994998,2.3248937129974365
17.6999999999999318,121.8999999999994941,1.5132896900177002
17.6999999999999318,121.9999999999994884,1.1017235517501831
17.6999999999999318,122.0999999999994827,1.5234438180923462
17.5999999999999304,120.3999999999995794,4.2875847816467285
17.5999999999999304,120.4999999999995737,3.1223781108856201
17.5999999999999304,120.5999999999995680,2.6142909526824951
17.5999999999999304,120.6999999999995623,2.3192036151885986
17.5999999999999304,120.7999999999995566,2.1652920246124268
17.5999999999999304,120.8999999999995509,2.0354819297790527
17.5999999999999304,120.9999999999995453,1.4079879522323608
17.5999999999999304,121.0999999999995396,0.8212907910346985
17.5999999999999304,121.1999999999995339,1.3863371610641479
17.5999999999999304,121.2999999999995282,1.8770700693130493
17.5999999999999304,121.3999999999995225,2.1902344226837158
17.5999999999999304,121.4999999999995168,2.3431332111358643
17.5999999999999304,121.5999999999995111,2.2107264995574951
17.5999999999999304,121.6999999999995055,2.4019091129302979
17.5999999999999304,121.7999999999994998,2.4023756980895996
17.5999999999999304,121.8999999999994941,1.6340130567550659
17.5999999999999304,121.9999999999994884,1.0828785896301270
17.5999999999999304,122.0999999999994827,1.4784497022628784
17.4999999999999289,120.4999999999995737,3.2120797634124756
17.4999999999999289,120.5999999999995680,2.6942408084869385
17.4999999999999289,120.6999999999995623,2.3779535293579102
17.4999999999999289,120.7999999999995566,2.2569892406463623
17.4999999999999289,120.8999999999995509,2.1126935482025146
17.4999999999999289,120.9999999999995453,1.3222676515579224
17.4999999999999289,121.0999999999995396,0.7560410499572754
17.4999999999999289,121.1999999999995339,1.5279766321182251
17.4999999999999289,121.2999999999995282,1.9406528472900391
17.4999999999999289,121.3999999999995225,2.2266194820404053
17.4999999999999289,121.4999999999995168,2.2635257244110107
17.4999999999999289,121.5999999999995111,2.3111922740936279
17.4999999999999289,121.6999999999995055,2.5271718502044678
17.4999999999999289,121.7999999999994998,2.5681560039520264
17.4999999999999289,121.8999999999994941,1.7819015979766846
17.4999999999999289,121.9999999999994884,1.3421351909637451
17.4999999999999289,122.0999999999994827,1.3363445997238159
17.3999999999999275,120.4999999999995737,3.0254447460174561
17.3999999999999275,120.5999999999995680,2.7179148197174072
17.3999999999999275,120.6999999999995623,2.4022986888885498
17.3999999999999275,120.7999999999995566,2.2970302104949951
17.3999999999999275,120.8999999999995509,2.1049885749816895
17.3999999999999275,120.9999999999995453,1.3085259199142456
17.3999999999999275,121.0999999999995396,0.7676903605461121
17.3999999999999275,121.1999999999995339,1.5262352228164673
17.3999999999999275,121.2999999999995282,2.0665090084075928
17.3999999999999275,121.3999999999995225,2.2575588226318359
17.3999999999999275,121.4999999999995168,2.6151018142700195
17.3999999999999275,121.5999999999995111,2.4304380416870117
17.3999999999999275,121.6999999999995055,2.7862744331359863
17.3999999999999275,121.7999999999994998,2.7567169666290283
17.3999999999999275,121.8999999999994941,2.1396038532257080
17.3999999999999275,121.9999999999994884,1.4873442649841309
17.3999999999999275,122.0999999999994827,1.0711343288421631
17.3999999999999275,122.1999999999994770,1.4910372495651245
17.2999999999999261,120.4999999999995737,2.5394091606140137
17.2999999999999261,120.5999999999995680,2.5452110767364502
17.2999999999999261,120.6999999999995623,2.4591197967529297
17.2999999999999261,120.7999999999995566,2.2793865203857422
17.2999999999999261,120.8999999999995509,2.0846555233001709
17.2999999999999261,120.9999999999995453,1.3171837329864502
17.2999999999999261,121.0999999999995396,0.8888460397720337
17.2999999999999261,121.1999999999995339,1.7619142532348633
17.2999999999999261,121.2999999999995282,2.0706493854522705
17.2999999999999261,121.3999999999995225,2.1953094005584717
17.2999999999999261,121.4999999999995168,2.7063081264495850
17.2999999999999261,121.5999999999995111,2.6477599143981934
17.2999999999999261,121.6999999999995055,2.8565461635589600
17.2999999999999261,121.7999999999994998,3.1076569557189941
17.2999999999999261,121.8999999999994941,2.4398076534271240
17.2999999999999261,121.9999999999994884,1.7183805704116821
17.2999999999999261,122.0999999999994827,1.0160859823226929
17.2999999999999261,122.1999999999994770,1.3209975957870483
17.2999999999999261,122.2999999999994714,2.1387422084808350
17.1999999999999247,120.4999999999995737,1.9672605991363525
17.1999999999999247,120.5999999999995680,2.1769349575042725
17.1999999999999247,120.6999999999995623,2.3116676807403564
17.1999999999999247,120.7999999999995566,2.1498398780822754
17.1999999999999247,120.8999999999995509,1.9723732471466064
17.1999999999999247,120.9999999999995453,1.2042937278747559
17.1999999999999247,121.0999999999995396,0.9804908037185669
17.1999999999999247,121.1999999999995339,1.7402132749557495
17.1999999999999247,121.2999999999995282,2.0332434177398682
17.1999999999999247,121.3999999999995225,2.1390180587768555
17.1999999999999247,121.4999999999995168,2.9559476375579834
17.1999999999999247,121.5999999999995111,2.8318119049072266
17.1999999999999247,121.6999999999995055,2.9168431758880615
17.1999999999999247,121.7999999999994998,3.0195114612579346
17.1999999999999247,121.8999999999994941,2.5290651321411133
17.1999999999999247,121.9999999999994884,1.8128169775009155
17.1999999999999247,122.0999999999994827,1.2006430625915527
17.1999999999999247,122.1999999999994770,1.3425194025039673
17.1999999999999247,122.2999999999994714,2.1434085369110107
17.1999999999999247,122.3999999999994657,3.1964073181152344
17.0999999999999233,120.4999999999995737,1.5349113941192627
17.0999999999999233,120.5999999999995680,2.0165274143218994
17.0999999999999233,120.6999999999995623,2.2760469913482666
17.0999999999999233,120.7999999999995566,2.0137333869934082
17.0999999999999233,120.8999999999995509,1.7673147916793823
17.0999999999999233,120.9999999999995453,1.0313342809677124
17.0999999999999233,121.0999999999995396,0.9979698061943054
17.0999999999999233,121.1999999999995339,1.9178917407989502
17.0999999999999233,121.2999999999995282,2.0904340744018555
17.0999999999999233,121.3999999999995225,2.0934176445007324
17.0999999999999233,121.4999999999995168,2.8833091259002686
17.0999999999999233,121.5999999999995111,2.7949659824371338
17.0999999999999233,121.6999999999995055,2.6968874931335449
17.0999999999999233,121.7999999999994998,2.7716796398162842
17.0999999999999233,121.8999999999994941,2.4509830474853516
17.0999999999999233,121.9999999999994884,1.9643335342407227
17.0999999999999233,122.0999999999994827,1.7470501661300659
17.0999999999999233,122.1999999999994770,1.6523935794830322
17.0999999999999233,122.2999999999994714,1.9541879892349243
17.0999999999999233,122.3999999999994657,3.8466114997863770
17.0999999999999233,122.4999999999994600,6.7336373329162598
16.9999999999999218,120.4999999999995737,1.6120961904525757
16.9999999999999218,120.5999999999995680,1.9355477094650269
16.9999999999999218,120.6999999999995623,2.1955478191375732
16.9999999999999218,120.7999999999995566,1.9354743957519531
16.9999999999999218,120.8999999999995509,1.6795959472656250
16.9999999999999218,120.9999999999995453,0.8945795297622681
16.9999999999999218,121.0999999999995396,1.0514624118804932
16.9999999999999218,121.1999999999995339,1.9860413074493408
16.9999999999999218,121.2999999999995282,2.2342562675476074
16.9999999999999218,121.3999999999995225,2.3882617950439453
16.9999999999999218,121.4999999999995168,3.0356101989746094
16.9999999999999218,121.5999999999995111,2.4356892108917236
16.9999999999999218,121.6999999999995055,2.3307518959045410
16.9999999999999218,121.7999999999994998,2.4098365306854248
16.9999999999999218,121.8999999999994941,2.1699936389923096
16.9999999999999218,121.9999999999994884,2.2315201759338379
16.9999999999999218,122.0999999999994827,2.0988018512725830
16.9999999999999218,122.1999999999994770,1.7406797409057617
16.9999999999999218,122.2999999999994714,1.9921489953994751
16.9999999999999218,122.3999999999994657,3.7606239318847656
16.8999999999999204,120.3999999999995794,2.0263702869415283
16.8999999999999204,120.4999999999995737,1.4740989208221436
16.8999999999999204,120.5999999999995680,1.8834930658340454
16.8999999999999204,120.6999999999995623,2.1678237915039062
16.8999999999999204,120.7999999999995566,1.8429756164550781
16.8999999999999204,120.8999999999995509,1.2740401029586792
16.8999999999999204,120.9999999999995453,0.9671679735183716
16.8999999999999204,121.0999999999995396,1.2688833475112915
16.8999999999999204,121.1999999999995339,2.3219006061553955
16.8999999999999204,121.2999999999995282,2.4548699855804443
16.8999999999999204,121.3999999999995225,2.5111415386199951
16.8999999999999204,121.4999999999995168,2.3088634014129639
16.8999999999999204,121.5999999999995111,1.6069122552871704
16.8999999999999204,121.6999999999995055,1.6110476255416870
16.8999999999999204,121.7999999999994998,1.8121159076690674
16.8999999999999204,121.8999999999994941,2.1102378368377686
16.8999999999999204,121.9999999999994884,2.2899987697601318
16.8999999999999204,122.0999999999994827,2.0984518527984619
16.8999999999999204,122.1999999999994770,1.8766342401504517
16.8999999999999204,122.2999999999994714,2.1938824653625488
16.8999999999999204,122.3999999999994657,4.1319794654846191
16.7999999999999190,120.3999999999995794,1.7547028064727783
16.7999999999999190,120.4999999999995737,1.3813341856002808
16.7999999999999190,120.5999999999995680,1.8429733514785767
16.7999999999999190,120.6999999999995623,2.0994641780853271
16.7999999999999190,120.7999999999995566,1.4725313186645508
16.7999999999999190,120.8999999999995509,1.1256248950958252
16.7999999999999190,120.9999999999995453,1.2237271070480347
16.7999999999999190,121.0999999999995396,1.7270292043685913
16.7999999999999190,121.1999999999995339,2.5104246139526367
16.7999999999999190,121.2999999999995282,2.4303689002990723
16.7999999999999190,121.3999999999995225,2.1709511280059814
16.7999999999999190,121.4999999999995168,1.9264091253280640
16.7999999999999190,121.5999999999995111,1.3331929445266724
16.7999999999999190,121.6999999999995055,1.3021782636642456
16.7999999999999190,121.7999999999994998,2.1570546627044678
16.7999999999999190,121.8999999999994941,2.3459076881408691
16.7999999999999190,121.9999999999994884,2.3108930587768555
16.7999999999999190,122.0999999999994827,2.1601336002349854
16.7999999999999190,122.1999999999994770,2.1546905040740967
16.7999999999999190,122.2999999999994714,2.5984342098236084
16.7999999999999190,122.3999999999994657,3.7230217456817627
16.6999999999999176,120.3999999999995794,1.4774458408355713
16.6999999999999176,120.4999999999995737,1.4439300298690796
16.6999999999999176,120.5999999999995680,1.8951982259750366
16.6999999999999176,120.6999999999995623,1.8284361362457275
16.6999999999999176,120.7999999999995566,1.0782282352447510
16.6999999999999176,120.8999999999995509,1.0275954008102417
16.6999999999999176,120.9999999999995453,1.8695350885391235
16.6999999999999176,121.0999999999995396,2.3667230606079102
16.6999999999999176,121.1999999999995339,2.8104798793792725
16.6999999999999176,121.2999999999995282,2.1039521694183350
16.6999999999999176,121.3999999999995225,1.5844197273254395
16.6999999999999176,121.4999999999995168,1.4730080366134644
16.6999999999999176,121.5999999999995111,1.1486208438873291
16.6999999999999176,121.6999999999995055,1.9785569906234741
16.6999999999999176,121.7999999999994998,2.6358540058135986
16.6999999999999176,121.8999999999994941,2.5338735580444336
16.6999999999999176,121.9999999999994884,2.3872652053833008
16.6999999999999176,122.0999999999994827,2.2928874492645264
16.6999999999999176,122.1999999999994770,2.4985663890838623
16.6999999999999176,122.2999999999994714,2.9835629463195801
16.5999999999999162,120.2999999999995850,1.9589880704879761
16.5999999999999162,120.3999999999995794,1.9459079504013062
16.5999999999999162,120.4999999999995737,1.4629882574081421
16.5999999999999162,120.5999999999995680,1.8013323545455933
16.5999999999999162,120.6999999999995623,1.6758304834365845
16.5999999999999162,120.7999999999995566,0.8980978131294250
16.5999999999999162,120.8999999999995509,1.1634926795959473
16.5999999999999162,120.9999999999995453,1.9350391626358032
16.5999999999999162,121.0999999999995396,2.2598829269409180
16.5999999999999162,121.1999999999995339,2.2693316936492920
16.5999999999999162,121.2999999999995282,1.7354156970977783
16.5999999999999162,121.3999999999995225,1.0005537271499634
16.5999999999999162,121.4999999999995168,0.9364379048347473
16.5999999999999162,121.5999999999995111,1.6344698667526245
16.5999999999999162,121.6999999999995055,2.4619679450988770
16.5999999999999162,121.7999999999994998,2.6146607398986816
16.5999999999999162,121.8999999999994941,2.5406904220581055
16.5999999999999162,121.9999999999994884,2.3804318904876709
16.5999999999999162,122.0999999999994827,2.3710992336273193
16.5999999999999162,122.1999999999994770,2.8263528347015381
16.5999999999999162,122.2999999999994714,3.5329387187957764
16.4999999999999147,120.2999999999995850,2.6074619293212891
16.4999999999999147,120.3999999999995794,2.3298449516296387
16.4999999999999147,120.4999999999995737,1.5216772556304932
16.4999999999999147,120.5999999999995680,1.7123613357543945
16.4999999999999147,120.6999999999995623,1.7597020864486694
16.4999999999999147,120.7999999999995566,0.9757229685783386
16.4999999999999147,120.8999999999995509,1.3218258619308472
16.4999999999999147,120.9999999999995453,1.8100608587265015
16.4999999999999147,121.0999999999995396,1.8031860589981079
16.4999999999999147,121.1999999999995339,1.8527411222457886
16.4999999999999147,121.2999999999995282,1.4029195308685303
16.4999999999999147,121.3999999999995225,0.9359489679336548
16.4999999999999147,121.4999999999995168,1.5242352485656738
16.4999999999999147,121.5999999999995111,2.0698771476745605
16.4999999999999147,121.6999999999995055,2.3904864788055420
16.4999999999999147,121.7999999999994998,2.5533862113952637
16.4999999999999147,121.8999999999994941,2.5242688655853271
16.4999999999999147,121.9999999999994884,2.4995992183685303
16.4999999999999147,122.0999999999994827,2.6980681419372559
16.4999999999999147,122.1999999999994770,3.6550605297088623
16.3999999999999133,120.3999999999995794,2.5965297222137451
16.3999999999999133,120.4999999999995737,1.6904659271240234
16.3999999999999133,120.5999999999995680,1.8063108921051025
16.3999999999999133,120.6999999999995623,1.9305156469345093
16.3999999999999133,120.7999999999995566,1.3167862892150879
16.3999999999999133,120.8999999999995509,1.5173214673995972
16.3999999999999133,120.9999999999995453,1.4953304529190063
16.3999999999999133,121.0999999999995396,1.3513611555099487
16.3999999999999133,121.1999999999995339,1.4683543443679810
16.3999999999999133,121.2999999999995282,1.2962530851364136
16.3999999999999133,121.3999999999995225,1.4252644777297974
16.3999999999999133,121.4999999999995168,1.7739292383193970
16.3999999999999133,121.5999999999995111,1.9700272083282471
16.3999999999999133,121.6999999999995055,2.1976904869079590
16.3999999999999133,121.7999999999994998,2.3574030399322510
16.3999999999999133,121.8999999999994941,2.3710498809814453
16.3999999999999133,121.9999999999994884,2.4865911006927490
16.3999999999999133,122.0999999999994827,3.1633460521697998
16.3999999999999133,122.1999999999994770,4.2960119247436523
16.2999999999999119,119.7999999999996135,4.9325733184814453
16.2999999999999119,120.3999999999995794,2.3504896163940430
16.2999999999999119,120.4999999999995737,1.7858825922012329
16.2999999999999119,120.5999999999995680,2.0190351009368896
16.2999999999999119,120.6999999999995623,1.9659312963485718
16.2999999999999119,120.7999999999995566,1.4533663988113403
16.2999999999999119,120.8999999999995509,1.5096192359924316
16.2999999999999119,120.9999999999995453,1.3904434442520142
16.2999999999999119,121.0999999999995396,1.3859792947769165
16.2999999999999119,121.1999999999995339,1.3049654960632324
16.2999999999999119,121.2999999999995282,1.2927373647689819
16.2999999999999119,121.3999999999995225,1.5403927564620972
16.2999999999999119,121.4999999999995168,1.5875042676925659
16.2999999999999119,121.5999999999995111,1.6640952825546265
16.2999999999999119,121.6999999999995055,1.8334335088729858
16.2999999999999119,121.7999999999994998,2.0156066417694092
16.2999999999999119,121.8999999999994941,2.1920258998870850
16.2999999999999119,121.9999999999994884,2.8402583599090576
16.2999999999999119,122.0999999999994827,3.7423882484436035
16.1999999999999105,119.7999999999996135,4.7084250450134277
16.1999999999999105,119.8999999999996078,3.8000576496124268
16.1999999999999105,119.9999999999996021,3.1040856838226318
16.1999999999999105,120.4999999999995737,1.5942977666854858
16.1999999999999105,120.5999999999995680,2.1062307357788086
16.1999999999999105,120.6999999999995623,2.2331054210662842
16.1999999999999105,120.7999999999995566,1.9479312896728516
16.1999999999999105,120.8999999999995509,1.9340759515762329
16.1999999999999105,120.9999999999995453,1.6742925643920898
16.1999999999999105,121.0999999999995396,1.3041419982910156
16.1999999999999105,121.1999999999995339,1.5216628313064575
16.1999999999999105,121.2999999999995282,1.5579481124877930
16.1999999999999105,121.3999999999995225,1.6619415283203125
16.1999999999999105,121.4999999999995168,1.7797701358795166
16.1999999999999105,121.5999999999995111,1.8954123258590698
16.1999999999999105,121.6999999999995055,1.9911053180694580
16.1999999999999105,121.7999999999994998,2.1526801586151123
16.1999999999999105,121.8999999999994941,2.6482312679290771
16.1999999999999105,121.9999999999994884,3.5375442504882812
16.0999999999999091,119.7999999999996135,4.6465187072753906
16.0999999999999091,119.8999999999996078,3.7608139514923096
16.0999999999999091,119.9999999999996021,2.8401978015899658
16.0999999999999091,120.4999999999995737,1.8012001514434814
16.0999999999999091,120.5999999999995680,2.0279500484466553
16.0999999999999091,120.6999999999995623,2.4297821521759033
16.0999999999999091,120.7999999999995566,2.2814040184020996
16.0999999999999091,120.8999999999995509,2.2037985324859619
16.0999999999999091,120.9999999999995453,1.9027465581893921
16.0999999999999091,121.0999999999995396,1.4502547979354858
16.0999999999999091,121.1999999999995339,1.5185714960098267
16.0999999999999091,121.2999999999995282,1.7707737684249878
16.0999999999999091,121.3999999999995225,1.8930138349533081
16.0999999999999091,121.4999999999995168,2.0115315914154053
16.0999999999999091,121.5999999999995111,2.1269927024841309
16.0999999999999091,121.6999999999995055,2.2561328411102295
15.9999999999999094,119.7999999999996135,5.0896668434143066
15.9999999999999094,119.8999999999996078,4.1236543655395508
15.9999999999999094,119.9999999999996021,2.8209292888641357
15.9999999999999094,120.0999999999995964,1.8967889547348022
15.9999999999999094,120.1999999999995907,1.7002762556076050
15.9999999999999094,120.2999999999995850,1.8543558120727539
15.9999999999999094,120.3999999999995794,1.9130839109420776
15.9999999999999094,120.4999999999995737,1.9690035581588745
15.9999999999999094,120.5999999999995680,2.1055269241333008
15.9999999999999094,120.6999999999995623,2.3148872852325439
15.9999999999999094,120.7999999999995566,2.4617762565612793
15.9999999999999094,120.8999999999995509,2.2532689571380615
15.9999999999999094,120.9999999999995453,1.9354631900787354
15.9999999999999094,121.0999999999995396,1.5685837268829346
15.9999999999999094,121.1999999999995339,1.5424535274505615
15.9999999999999094,121.2999999999995282,1.9115852117538452
15.9999999999999094,121.3999999999995225,2.1158819198608398
15.9999999999999094,121.4999999999995168,2.2422940731048584
15.9999999999999094,121.5999999999995111,2.3407502174377441
15.8999999999999098,119.9999999999996021,2.6167354583740234
15.8999999999999098,120.0999999999995964,1.7901877164840698
15.8999999999999098,120.1999999999995907,1.5837168693542480
15.8999999999999098,120.2999999999995850,1.9057239294052124
15.8999999999999098,120.3999999999995794,2.1231057643890381
15.8999999999999098,120.4999999999995737,2.1559333801269531
15.8999999999999098,120.5999999999995680,2.2285382747650146
15.8999999999999098,120.6999999999995623,2.1968331336975098
15.8999999999999098,120.7999999999995566,2.2725436687469482
15.8999999999999098,120.8999999999995509,2.4380097389221191
15.8999999999999098,120.9999999999995453,2.0719165802001953
15.8999999999999098,121.0999999999995396,1.7976878881454468
15.8999999999999098,121.1999999999995339,1.6664707660675049
15.8999999999999098,121.2999999999995282,1.9835470914840698
15.8999999999999098,121.3999999999995225,2.2287387847900391
15.8999999999999098,121.4999999999995168,2.4636237621307373
15.8999999999999098,121.5999999999995111,2.5086691379547119
15.7999999999999101,119.9999999999996021,2.4608390331268311
15.7999999999999101,120.0999999999995964,1.5248811244964600
15.7999999999999101,120.1999999999995907,1.2890332937240601
15.7999999999999101,120.2999999999995850,1.6085611581802368
15.7999999999999101,120.3999999999995794,1.9975970983505249
15.7999999999999101,120.4999999999995737,1.7715219259262085
15.7999999999999101,120.5999999999995680,1.8541244268417358
15.7999999999999101,120.6999999999995623,1.8418874740600586
15.7999999999999101,120.7999999999995566,1.7875884771347046
15.7999999999999101,120.8999999999995509,2.1565444469451904
15.7999999999999101,120.9999999999995453,2.1536223888397217
15.7999999999999101,121.0999999999995396,1.8054141998291016
15.7999999999999101,121.1999999999995339,1.5619313716888428
15.7999999999999101,121.2999999999995282,1.8979777097702026
15.7999999999999101,121.3999999999995225,2.1588342189788818
15.7999999999999101,121.4999999999995168,2.5622224807739258
15.6999999999999105,119.9999999999996021,2.3659875392913818
15.6999999999999105,120.0999999999995964,1.2204629182815552
15.6999999999999105,120.1999999999995907,0.9701733589172363
15.6999999999999105,120.2999999999995850,1.2514039278030396
15.6999999999999105,120.3999999999995794,1.7026480436325073
15.6999999999999105,120.4999999999995737,1.3393994569778442
15.6999999999999105,120.5999999999995680,1.2785798311233521
15.6999999999999105,120.6999999999995623,1.3888564109802246
15.6999999999999105,120.7999999999995566,1.6784002780914307
15.6999999999999105,120.8999999999995509,2.2044084072113037
15.6999999999999105,120.9999999999995453,2.2014710903167725
15.6999999999999105,121.0999999999995396,1.7906818389892578
15.6999999999999105,121.1999999999995339,1.4989668130874634
15.6999999999999105,121.2999999999995282,1.7878408432006836
15.6999999999999105,121.3999999999995225,2.1955411434173584
15.6999999999999105,121.4999999999995168,2.6220860481262207
15.5999999999999108,119.9999999999996021,2.2286765575408936
15.5999999999999108,120.0999999999995964,1.0087196826934814
15.5999999999999108,120.1999999999995907,0.7662915587425232
15.5999999999999108,120.2999999999995850,1.1877208948135376
15.5999999999999108,120.3999999999995794,1.6438039541244507
15.5999999999999108,120.4999999999995737,1.4338394403457642
15.5999999999999108,120.5999999999995680,1.3092397451400757
15.5999999999999108,120.6999999999995623,1.2425801753997803
15.5999999999999108,120.7999999999995566,1.8170026540756226
15.5999999999999108,120.8999999999995509,2.4358136653900146
15.5999999999999108,120.9999999999995453,2.3845019340515137
15.5999999999999108,121.0999999999995396,1.9372923374176025
15.5999999999999108,121.1999999999995339,1.5939878225326538
15.5999999999999108,121.2999999999995282,2.0219242572784424
15.5999999999999108,121.3999999999995225,2.4806649684906006
15.5999999999999108,121.4999999999995168,2.9249548912048340
15.4999999999999112,119.9999999999996021,1.7540886402130127
15.4999999999999112,120.0999999999995964,0.8615917563438416
15.4999999999999112,120.1999999999995907,0.9490193724632263
15.4999999999999112,120.2999999999995850,1.0959552526473999
15.4999999999999112,120.3999999999995794,1.6099942922592163
15.4999999999999112,120.4999999999995737,1.4547235965728760
15.4999999999999112,120.5999999999995680,1.4764088392257690
15.4999999999999112,120.6999999999995623,1.2226995229721069
15.4999999999999112,120.7999999999995566,1.6879898309707642
15.4999999999999112,120.8999999999995509,2.2678105831146240
15.4999999999999112,120.9999999999995453,2.3020522594451904
15.4999999999999112,121.0999999999995396,1.8299028873443604
15.4999999999999112,121.1999999999995339,1.7322934865951538
15.4999999999999112,121.2999999999995282,2.7751019001007080
15.4999999999999112,121.3999999999995225,3.3342545032501221
15.4999999999999112,121.4999999999995168,3.6302704811096191
15.3999999999999115,119.8999999999996078,2.4631574153900146
15.3999999999999115,119.9999999999996021,1.5834369659423828
15.3999999999999115,120.0999999999995964,0.8211583495140076
15.3999999999999115,120.1999999999995907,1.0346562862396240
15.3999999999999115,120.2999999999995850,1.4602324962615967
15.3999999999999115,120.3999999999995794,1.6423797607421875
15.3999999999999115,120.4999999999995737,1.5886969566345215
15.3999999999999115,120.5999999999995680,1.8015174865722656
15.3999999999999115,120.6999999999995623,1.8345390558242798
15.3999999999999115,120.7999999999995566,2.0113468170166016
15.3999999999999115,120.8999999999995509,2.3779146671295166
15.3999999999999115,120.9999999999995453,2.3140189647674561
15.3999999999999115,121.0999999999995396,1.8220989704132080
15.3999999999999115,121.1999999999995339,2.1445362567901611
15.3999999999999115,121.2999999999995282,3.2057023048400879
15.2999999999999119,119.9999999999996021,1.3599511384963989
15.2999999999999119,120.0999999999995964,1.0644754171371460
15.2999999999999119,120.1999999999995907,1.0661667585372925
15.2999999999999119,120.2999999999995850,1.6142905950546265
15.2999999999999119,120.3999999999995794,1.7894089221954346
15.2999999999999119,120.4999999999995737,1.7536038160324097
15.2999999999999119,120.5999999999995680,1.9786080121994019
15.2999999999999119,120.6999999999995623,2.4452888965606689
15.2999999999999119,120.7999999999995566,2.5315396785736084
15.2999999999999119,120.8999999999995509,2.6192436218261719
15.2999999999999119,120.9999999999995453,2.3908927440643311
15.2999999999999119,121.0999999999995396,1.9158680438995361
15.2999999999999119,121.1999999999995339,2.3894250392913818
15.2999999999999119,121.2999999999995282,3.4432735443115234
15.2999999999999119,121.3999999999995225,4.2588033676147461
15.1999999999999122,120.0999999999995964,1.1111032962799072
15.1999999999999122,120.1999999999995907,1.1117957830429077
15.1999999999999122,120.2999999999995850,1.5312016010284424
15.1999999999999122,120.3999999999995794,1.6743892431259155
15.1999999999999122,120.4999999999995737,1.7082159519195557
15.1999999999999122,120.5999999999995680,2.0726172924041748
15.1999999999999122,120.6999999999995623,2.4820716381072998
15.1999999999999122,120.7999999999995566,2.5212008953094482
15.1999999999999122,120.8999999999995509,2.6172852516174316
15.1999999999999122,120.9999999999995453,2.1898970603942871
15.1999999999999122,121.0999999999995396,1.6092771291732788
15.1999999999999122,121.1999999999995339,2.0618798732757568
15.1999999999999122,121.2999999999995282,3.1075546741485596
15.0999999999999126,120.0999999999995964,1.2129658460617065
15.0999999999999126,120.1999999999995907,1.0549224615097046
15.0999999999999126,120.2999999999995850,1.2908396720886230
15.0999999999999126,120.3999999999995794,1.4401823282241821
15.0999999999999126,120.4999999999995737,1.5713480710983276
15.0999999999999126,120.5999999999995680,2.1785030364990234
15.0999999999999126,120.6999999999995623,2.4844620227813721
15.0999999999999126,120.7999999999995566,2.5737519264221191
15.0999999999999126,120.8999999999995509,2.6447191238403320
15.0999999999999126,120.9999999999995453,2.1891515254974365
15.0999999999999126,121.0999999999995396,1.5450617074966431
15.0999999999999126,121.1999999999995339,1.7717382907867432
15.0999999999999126,121.2999999999995282,2.6986775398254395
15.0999999999999126,121.3999999999995225,3.4357223510742188
14.9999999999999130,120.0999999999995964,1.4570330381393433
14.9999999999999130,120.1999999999995907,1.2052191495895386
14.9999999999999130,120.2999999999995850,1.1819179058074951
14.9999999999999130,120.3999999999995794,1.3649415969848633
14.9999999999999130,120.4999999999995737,1.4952992200851440
14.9999999999999130,120.5999999999995680,2.0891654491424561
14.9999999999999130,120.6999999999995623,2.5915038585662842
14.9999999999999130,120.7999999999995566,2.6506917476654053
14.9999999999999130,120.8999999999995509,2.7573602199554443
14.9999999999999130,120.9999999999995453,2.2257182598114014
14.9999999999999130,121.0999999999995396,1.6381765604019165
14.9999999999999130,121.1999999999995339,1.6577185392379761
14.9999999999999130,121.2999999999995282,2.1123054027557373
14.9999999999999130,121.3999999999995225,2.8062059879302979
14.9999999999999130,121.4999999999995168,3.4948101043701172
14.9999999999999130,121.8999999999994941,7.0227518081665039
14.9999999999999130,121.9999999999994884,7.3755707740783691
14.8999999999999133,120.0999999999995964,1.8810707330703735
14.8999999999999133,120.1999999999995907,1.4843159914016724
14.8999999999999133,120.2999999999995850,1.3824027776718140
14.8999999999999133,120.3999999999995794,1.5113190412521362
14.8999999999999133,120.4999999999995737,1.8367065191268921
14.8999999999999133,120.7999999999995566,2.5990295410156250
14.8999999999999133,120.8999999999995509,2.5588295459747314
14.8999999999999133,120.9999999999995453,2.0629901885986328
14.8999999999999133,121.0999999999995396,1.7086523771286011
14.8999999999999133,121.1999999999995339,1.6379121541976929
14.8999999999999133,121.2999999999995282,1.8342421054840088
14.8999999999999133,121.3999999999995225,2.2496471405029297
14.8999999999999133,121.4999999999995168,2.8520584106445312
14.8999999999999133,121.8999999999994941,7.1601977348327637
14.8999999999999133,121.9999999999994884,7.3779802322387695
14.7999999999999137,120.1999999999995907,1.9873827695846558
14.7999999999999137,120.2999999999995850,1.6628216505050659
14.7999999999999137,120.3999999999995794,1.7298564910888672
14.7999999999999137,120.4999999999995737,2.3861026763916016
14.7999999999999137,120.8999999999995509,2.4737658500671387
14.7999999999999137,120.9999999999995453,2.0531463623046875
14.7999999999999137,121.0999999999995396,1.8082240819931030
14.7999999999999137,121.1999999999995339,1.6375011205673218
14.7999999999999137,121.2999999999995282,1.8524814844131470
14.7999999999999137,121.3999999999995225,1.9605468511581421
14.7999999999999137,121.4999999999995168,2.3261659145355225
14.7999999999999137,121.5999999999995111,2.9285619258880615
14.7999999999999137,121.8999999999994941,7.2669548988342285
14.7999999999999137,121.9999999999994884,7.5602984428405762
14.7999999999999137,122.1999999999994770,7.4881730079650879
14.6999999999999140,120.2999999999995850,1.8161071538925171
14.6999999999999140,120.3999999999995794,2.2738218307495117
14.6999999999999140,120.4999999999995737,2.8414561748504639
14.6999999999999140,120.9999999999995453,2.2604219913482666
14.6999999999999140,121.0999999999995396,2.0104181766510010
14.6999999999999140,121.1999999999995339,1.9692438840866089
14.6999999999999140,121.2999999999995282,2.1447265148162842
14.6999999999999140,121.3999999999995225,2.2081854343414307
14.6999999999999140,121.4999999999995168,2.1804785728454590
14.6999999999999140,121.5999999999995111,2.9040493965148926
14.6999999999999140,121.9999999999994884,7.5161132812500000
14.6999999999999140,122.3999999999994657,6.9251208305358887
14.5999999999999144,120.3999999999995794,2.8851931095123291
14.5999999999999144,120.4999999999995737,3.2783322334289551
14.5999999999999144,120.5999999999995680,3.7894489765167236
14.5999999999999144,120.9999999999995453,2.3822531700134277
14.5999999999999144,121.0999999999995396,2.2847669124603271
14.5999999999999144,121.1999999999995339,2.4212958812713623
14.5999999999999144,121.2999999999995282,2.6135537624359131
14.5999999999999144,121.3999999999995225,2.4632894992828369
14.5999999999999144,121.4999999999995168,2.2154586315155029
14.5999999999999144,121.5999999999995111,2.9602289199829102
14.4999999999999147,120.4999999999995737,3.7907211780548096
14.4999999999999147,120.5999999999995680,3.9861652851104736
14.4999999999999147,121.0999999999995396,2.5851423740386963
14.4999999999999147,121.1999999999995339,2.9484908580780029
14.4999999999999147,121.2999999999995282,2.8340251445770264
14.4999999999999147,121.3999999999995225,2.5433266162872314
14.4999999999999147,121.4999999999995168,2.3112652301788330
14.4999999999999147,121.5999999999995111,2.8285434246063232
14.3999999999999151,120.7999999999995566,2.5269973278045654
14.3999999999999151,120.8999999999995509,2.2114121913909912
14.3999999999999151,120.9999999999995453,2.3274002075195312
14.3999999999999151,121.2999999999995282,2.7159016132354736
14.3999999999999151,121.4999999999995168,2.2416026592254639
14.3999999999999151,121.5999999999995111,3.2977585792541504
14.3999999999999151,121.6999999999995055,4.6412882804870605
14.2999999999999154,120.6999999999995623,2.5897529125213623
14.2999999999999154,120.7999999999995566,2.4048831462860107
14.2999999999999154,120.8999999999995509,1.9787632226943970
14.2999999999999154,120.9999999999995453,1.9507530927658081
14.2999999999999154,121.0999999999995396,2.1974751949310303
14.2999999999999154,121.4999999999995168,2.2145383358001709
14.2999999999999154,121.5999999999995111,3.3254525661468506
14.2999999999999154,121.6999999999995055,5.2917671203613281
14.2999999999999154,122.4999999999994600,3.9727199077606201
14.2999999999999154,122.6999999999994486,3.9209039211273193
14.1999999999999158,120.5999999999995680,2.3905634880065918
14.1999999999999158,120.6999999999995623,2.1644628047943115
14.1999999999999158,120.7999999999995566,1.9292662143707275
14.1999999999999158,120.8999999999995509,1.6909408569335938
14.1999999999999158,120.9999999999995453,1.6602324247360229
14.1999999999999158,121.0999999999995396,1.8501881361007690
14.1999999999999158,121.3999999999995225,2.1355221271514893
14.1999999999999158,121.4999999999995168,2.1599504947662354
14.1999999999999158,121.5999999999995111,3.2884724140167236
14.1999999999999158,121.6999999999995055,5.2357850074768066
14.1999999999999158,121.9999999999994884,6.8406443595886230
14.1999999999999158,122.3999999999994657,3.1796674728393555
14.1999999999999158,122.4999999999994600,2.9153361320495605
14.1999999999999158,122.5999999999994543,2.5701034069061279
14.1999999999999158,122.6999999999994486,2.8070659637451172
14.1999999999999158,122.7999999999994429,3.5045063495635986
14.1999999999999158,122.8999999999994373,4.0533947944641113
14.0999999999999162,120.5999999999995680,2.4733073711395264
14.0999999999999162,120.6999999999995623,2.3276586532592773
14.0999999999999162,120.7999999999995566,2.1057784557342529
14.0999999999999162,120.8999999999995509,1.9311949014663696
14.0999999999999162,120.9999999999995453,1.8117821216583252
14.0999999999999162,121.0999999999995396,1.8706279993057251
14.0999999999999162,121.1999999999995339,2.0576143264770508
14.0999999999999162,121.2999999999995282,2.1220433712005615
14.0999999999999162,121.3999999999995225,2.1889238357543945
14.0999999999999162,121.4999999999995168,2.4725155830383301
14.0999999999999162,121.5999999999995111,3.1529121398925781
14.0999999999999162,121.6999999999995055,5.0025892257690430
14.0999999999999162,121.7999999999994998,6.5711007118225098
14.0999999999999162,122.0999999999994827,5.5161366462707520
14.0999999999999162,122.2999999999994714,3.6198105812072754
14.0999999999999162,122.3999999999994657,2.7846019268035889
14.0999999999999162,122.4999999999994600,2.3477821350097656
14.0999999999999162,122.5999999999994543,2.3106055259704590
14.0999999999999162,122.6999999999994486,2.1962592601776123
14.0999999999999162,122.7999999999994429,2.6677412986755371
14.0999999999999162,122.8999999999994373,3.3636989593505859
14.0999999999999162,122.9999999999994316,3.7830789089202881
13.9999999999999165,120.6999999999995623,2.7313668727874756
13.9999999999999165,120.7999999999995566,2.5455796718597412
13.9999999999999165,120.8999999999995509,2.4095578193664551
13.9999999999999165,120.9999999999995453,2.2594769001007080
13.9999999999999165,121.0999999999995396,2.1115906238555908
13.9999999999999165,121.1999999999995339,2.1924853324890137
13.9999999999999165,121.2999999999995282,2.3373436927795410
13.9999999999999165,121.3999999999995225,2.5822396278381348
13.9999999999999165,121.4999999999995168,2.9266898632049561
13.9999999999999165,121.5999999999995111,3.2694282531738281
13.9999999999999165,121.6999999999995055,4.7469897270202637
13.9999999999999165,121.7999999999994998,6.1887297630310059
13.9999999999999165,121.8999999999994941,6.0242991447448730
13.9999999999999165,122.3999999999994657,2.3677182197570801
13.9999999999999165,122.4999999999994600,2.2556426525115967
13.9999999999999165,122.5999999999994543,2.4300200939178467
13.9999999999999165,122.6999999999994486,2.3054072856903076
13.9999999999999165,122.7999999999994429,2.1155352592468262
13.9999999999999165,122.8999999999994373,2.5953655242919922
13.9999999999999165,122.9999999999994316,3.4420597553253174
13.9999999999999165,123.2999999999994145,4.5571522712707520
13.9999999999999165,124.1999999999993634,4.4045958518981934
13.9999999999999165,124.2999999999993577,3.9712598323822021
13.8999999999999169,120.5999999999995680,3.2910790443420410
13.8999999999999169,120.9999999999995453,2.7879130840301514
13.8999999999999169,121.0999999999995396,2.6290671825408936
13.8999999999999169,121.1999999999995339,2.4818329811096191
13.8999999999999169,121.2999999999995282,2.7295413017272949
13.8999999999999169,121.3999999999995225,3.0715148448944092
13.8999999999999169,121.4999999999995168,3.4144852161407471
13.8999999999999169,121.9999999999994884,4.8827376365661621
13.8999999999999169,122.0999999999994827,4.0560483932495117
13.8999999999999169,122.1999999999994770,3.2542588710784912
13.8999999999999169,122.2999999999994714,2.8795688152313232
13.8999999999999169,122.3999999999994657,2.5258576869964600
13.8999999999999169,122.6999999999994486,2.5336146354675293
13.8999999999999169,122.7999999999994429,2.4142160415649414
13.8999999999999169,122.8999999999994373,2.3222835063934326
13.8999999999999169,122.9999999999994316,2.6643245220184326
13.8999999999999169,123.3999999999994088,3.5905442237854004
13.8999999999999169,123.4999999999994031,3.7440934181213379
13.8999999999999169,123.5999999999993975,4.3625664710998535
13.8999999999999169,123.6999999999993918,4.9509024620056152
13.8999999999999169,124.1999999999993634,3.4583752155303955
13.8999999999999169,124.2999999999993577,3.3040416240692139
13.7999999999999172,120.0999999999995964,3.5779988765716553
13.7999999999999172,120.1999999999995907,4.0161409378051758
13.7999999999999172,120.8999999999995509,3.5048806667327881
13.7999999999999172,120.9999999999995453,3.3919167518615723
13.7999999999999172,121.0999999999995396,3.3218979835510254
13.7999999999999172,121.1999999999995339,3.1751272678375244
13.7999999999999172,121.2999999999995282,3.3770046234130859
13.7999999999999172,121.3999999999995225,3.7023456096649170
13.7999999999999172,121.9999999999994884,4.7119855880737305
13.7999999999999172,122.0999999999994827,4.1023101806640625
13.7999999999999172,122.1999999999994770,3.5474324226379395
13.7999999999999172,122.2999999999994714,3.2479844093322754
13.7999999999999172,122.3999999999994657,2.9670407772064209
13.7999999999999172,122.7999999999994429,2.7674052715301514
13.7999999999999172,122.8999999999994373,2.4170548915863037
13.7999999999999172,122.9999999999994316,2.2504496574401855
13.7999999999999172,123.2999999999994145,2.8532192707061768
13.7999999999999172,123.3999999999994088,2.9496514797210693
13.7999999999999172,123.4999999999994031,3.1554830074310303
13.7999999999999172,123.5999999999993975,3.8191375732421875
13.7999999999999172,123.6999999999993918,4.4839086532592773
13.7999999999999172,123.7999999999993861,4.6105074882507324
13.7999999999999172,124.1999999999993634,3.3111310005187988
13.7999999999999172,124.2999999999993577,3.1416447162628174
13.6999999999999176,121.0999999999995396,3.9699103832244873
13.6999999999999176,121.1999999999995339,3.8488495349884033
13.6999999999999176,121.2999999999995282,4.0683732032775879
13.6999999999999176,121.3999999999995225,4.3117704391479492
13.6999999999999176,122.1999999999994770,3.9351785182952881
13.6999999999999176,122.2999999999994714,3.7052593231201172
13.6999999999999176,122.3999999999994657,3.4477241039276123
13.6999999999999176,122.8999999999994373,2.5784683227539062
13.6999999999999176,122.9999999999994316,2.4383015632629395
13.6999999999999176,123.0999999999994259,2.3907554149627686
13.6999999999999176,123.1999999999994202,2.7374858856201172
13.6999999999999176,123.2999999999994145,2.4956698417663574
13.6999999999999176,123.3999999999994088,2.4543778896331787
13.6999999999999176,123.4999999999994031,2.5368309020996094
13.6999999999999176,124.0999999999993690,3.0679669380187988
13.6999999999999176,124.1999999999993634,3.0245938301086426
13.6999999999999176,124.2999999999993577,3.0835876464843750
13.5999999999999179,122.2999999999994714,4.0212459564208984
13.5999999999999179,122.3999999999994657,3.9105973243713379
13.5999999999999179,122.4999999999994600,3.9313619136810303
13.5999999999999179,122.8999999999994373,2.7775144577026367
13.5999999999999179,122.9999999999994316,2.7263870239257812
13.5999999999999179,123.0999999999994259,2.6977708339691162
13.5999999999999179,123.1999999999994202,2.5674602985382080
13.5999999999999179,123.2999999999994145,2.2376232147216797
13.5999999999999179,123.3999999999994088,2.1034762859344482
13.5999999999999179,123.4999999999994031,2.1617190837860107
13.5999999999999179,124.1999999999993634,2.9489181041717529
13.5999999999999179,124.2999999999993577,3.1999657154083252
13.4999999999999183,120.6999999999995623,3.1976444721221924
13.4999999999999183,120.7999999999995566,3.0899517536163330
13.4999999999999183,121.8999999999994941,4.7122325897216797
13.4999999999999183,121.9999999999994884,4.2027235031127930
13.4999999999999183,122.4999999999994600,3.9081172943115234
13.4999999999999183,122.5999999999994543,3.7725479602813721
13.4999999999999183,123.1999999999994202,3.4444034099578857
13.4999999999999183,123.2999999999994145,2.2893877029418945
13.4999999999999183,123.3999999999994088,1.8614965677261353
13.4999999999999183,123.4999999999994031,1.9297552108764648
13.4999999999999183,123.5999999999993975,2.4220719337463379
13.3999999999999186,120.4999999999995737,3.7648456096649170
13.3999999999999186,120.5999999999995680,2.8934993743896484
13.3999999999999186,120.6999999999995623,2.5551390647888184
13.3999999999999186,120.7999999999995566,2.6227340698242188
13.3999999999999186,120.8999999999995509,2.9594960212707520
13.3999999999999186,120.9999999999995453,3.1581988334655762
13.3999999999999186,121.0999999999995396,3.1901345252990723
13.3999999999999186,121.1999999999995339,3.2846095561981201
13.3999999999999186,121.7999999999994998,4.4260282516479492
13.3999999999999186,121.8999999999994941,4.2297024726867676
13.3999999999999186,121.9999999999994884,3.8490483760833740
13.3999999999999186,122.0999999999994827,3.6419498920440674
13.3999999999999186,122.4999999999994600,3.7932586669921875
13.3999999999999186,122.5999999999994543,3.6006925106048584
13.3999999999999186,123.1999999999994202,3.9357471466064453
13.3999999999999186,123.2999999999994145,3.0661947727203369
13.3999999999999186,123.3999999999994088,1.8734031915664673
13.3999999999999186,123.4999999999994031,1.7318277359008789
13.3999999999999186,123.5999999999993975,1.9165359735488892
13.2999999999999190,120.5999999999995680,2.5224888324737549
13.2999999999999190,120.6999999999995623,2.0057380199432373
13.2999999999999190,120.7999999999995566,2.2053480148315430
13.2999999999999190,120.8999999999995509,2.4847640991210938
13.2999999999999190,120.9999999999995453,2.6766941547393799
13.2999999999999190,121.0999999999995396,2.7640285491943359
13.2999999999999190,121.1999999999995339,2.8368260860443115
13.2999999999999190,121.2999999999995282,2.7474715709686279
13.2999999999999190,121.8999999999994941,4.1601142883300781
13.2999999999999190,121.9999999999994884,3.8064954280853271
13.2999999999999190,122.5999999999994543,3.8943512439727783
13.2999999999999190,123.2999999999994145,3.6179840564727783
13.2999999999999190,123.4999999999994031,2.0941793918609619
13.2999999999999190,123.5999999999993975,2.3293151855468750
13.2999999999999190,123.6999999999993918,2.5366232395172119
13.2999999999999190,123.8999999999993804,3.5920321941375732
13.1999999999999194,120.6999999999995623,1.9716589450836182
13.1999999999999194,120.7999999999995566,2.0468175411224365
13.1999999999999194,120.8999999999995509,2.3650937080383301
13.1999999999999194,120.9999999999995453,2.4914224147796631
13.1999999999999194,121.0999999999995396,2.5416257381439209
13.1999999999999194,121.1999999999995339,2.5508615970611572
13.1999999999999194,121.3999999999995225,2.0541555881500244
13.1999999999999194,123.2999999999994145,4.0085110664367676
13.1999999999999194,123.3999999999994088,3.0060000419616699
13.1999999999999194,123.4999999999994031,2.7262365818023682
13.1999999999999194,123.5999999999993975,3.1677918434143066
13.1999999999999194,123.6999999999993918,3.4341332912445068
13.0999999999999197,120.6999999999995623,1.9691066741943359
13.0999999999999197,120.7999999999995566,1.7250339984893799
13.0999999999999197,120.8999999999995509,2.2489383220672607
13.0999999999999197,120.9999999999995453,2.3644320964813232
13.0999999999999197,121.0999999999995396,2.4011511802673340
13.0999999999999197,121.1999999999995339,2.3930823802947998
13.0999999999999197,121.2999999999995282,1.8506876230239868
13.0999999999999197,121.3999999999995225,1.8703502416610718
13.0999999999999197,121.4999999999995168,2.1757843494415283
13.0999999999999197,122.9999999999994316,6.1535453796386719
13.0999999999999197,123.3999999999994088,3.6079082489013672
13.0999999999999197,123.4999999999994031,3.4813256263732910
13.0999999999999197,123.5999999999993975,3.8537685871124268
13.0999999999999197,123.6999999999993918,4.2999186515808105
13.0999999999999197,123.7999999999993861,4.8151187896728516
13.0999999999999197,123.8999999999993804,5.6625666618347168
12.9999999999999201,120.7999999999995566,1.7643368244171143
12.9999999999999201,120.8999999999995509,1.8962678909301758
12.9999999999999201,120.9999999999995453,2.2239985466003418
12.9999999999999201,121.0999999999995396,2.3147590160369873
12.9999999999999201,121.1999999999995339,2.2794606685638428
12.9999999999999201,121.2999999999995282,1.6669746637344360
12.9999999999999201,121.3999999999995225,1.6923503875732422
12.9999999999999201,122.9999999999994316,6.4865236282348633
12.9999999999999201,123.0999999999994259,6.4439897537231445
12.9999999999999201,123.4999999999994031,4.4706358909606934
12.9999999999999201,123.5999999999993975,5.0242981910705566
12.9999999999999201,123.6999999999993918,5.1254096031188965
12.9999999999999201,123.7999999999993861,4.9780325889587402
12.9999999999999201,123.8999999999993804,5.3243041038513184
12.9999999999999201,123.9999999999993747,6.1335940361022949
12.9999999999999201,124.0999999999993690,6.0919675827026367
12.8999999999999204,120.7999999999995566,2.1583907604217529
12.8999999999999204,120.8999999999995509,1.9530171155929565
12.8999999999999204,120.9999999999995453,1.8008507490158081
12.8999999999999204,121.0999999999995396,2.1276462078094482
12.8999999999999204,121.1999999999995339,2.1903045177459717
12.8999999999999204,121.2999999999995282,1.5223284959793091
12.8999999999999204,121.3999999999995225,1.6378542184829712
12.8999999999999204,121.4999999999995168,2.0893061161041260
12.8999999999999204,123.1999999999994202,6.9816346168518066
12.8999999999999204,123.7999999999993861,5.1843161582946777
12.8999999999999204,124.0999999999993690,5.4140253067016602
12.7999999999999208,120.7999999999995566,2.5147683620452881
12.7999999999999208,120.8999999999995509,1.9519938230514526
12.7999999999999208,120.9999999999995453,1.7520239353179932
12.7999999999999208,121.0999999999995396,1.7886275053024292
12.7999999999999208,121.1999999999995339,2.1823070049285889
12.7999999999999208,121.2999999999995282,2.1016671657562256
12.7999999999999208,121.3999999999995225,2.1695444583892822
12.7999999999999208,123.8999999999993804,5.0747065544128418
12.7999999999999208,123.9999999999993747,4.6065154075622559
12.7999999999999208,124.0999999999993690,4.9600338935852051
12.6999999999999211,120.8999999999995509,2.1367118358612061
12.6999999999999211,120.9999999999995453,1.8571172952651978
12.6999999999999211,121.0999999999995396,1.9478600025177002
12.6999999999999211,121.1999999999995339,2.4600043296813965
12.6999999999999211,121.2999999999995282,3.5311467647552490
12.6999999999999211,121.3999999999995225,3.7555253505706787
12.6999999999999211,121.4999999999995168,4.0454936027526855
12.6999999999999211,123.8999999999993804,5.5520424842834473
12.6999999999999211,123.9999999999993747,5.3305182456970215
12.6999999999999211,124.0999999999993690,5.2718844413757324
12.5999999999999215,120.9999999999995453,2.5440061092376709
12.5999999999999215,121.0999999999995396,2.4390714168548584
12.5999999999999215,121.1999999999995339,3.0052423477172852
12.5999999999999215,121.2999999999995282,4.1147336959838867
12.5999999999999215,121.3999999999995225,5.1882619857788086
12.5999999999999215,121.4999999999995168,5.4063687324523926
12.5999999999999215,122.0999999999994827,5.0969629287719727
12.5999999999999215,123.9999999999993747,6.1966795921325684
12.4999999999999218,120.9999999999995453,3.1733529567718506
12.4999999999999218,121.0999999999995396,3.1735808849334717
12.4999999999999218,121.1999999999995339,3.8198833465576172
12.4999999999999218,121.2999999999995282,4.9075293540954590
12.4999999999999218,121.3999999999995225,6.0348310470581055
12.4999999999999218,121.9999999999994884,4.4473114013671875
12.4999999999999218,122.4999999999994600,7.3786287307739258
12.4999999999999218,122.5999999999994543,7.8289742469787598
12.4999999999999218,123.2999999999994145,8.1735649108886719
12.4999999999999218,123.3999999999994088,8.1813459396362305
12.4999999999999218,123.4999999999994031,8.1135149002075195
12.4999999999999218,123.6999999999993918,7.5590090751647949
12.4999999999999218,124.2999999999993577,7.3207612037658691
12.4999999999999218,124.3999999999993520,6.0023250579833984
12.4999999999999218,124.4999999999993463,4.5303206443786621
12.4999999999999218,124.5999999999993406,3.6478397846221924
12.4999999999999218,124.6999999999993349,3.5325703620910645
12.4999999999999218,124.7999999999993292,3.5669057369232178
12.4999999999999218,124.8999999999993236,3.8635540008544922
12.4999999999999218,124.9999999999993179,4.1269040107727051
12.4999999999999218,125.0999999999993122,4.3809013366699219
12.4999999999999218,125.1999999999993065,4.6219954490661621
12.3999999999999222,120.9999999999995453,4.3237953186035156
12.3999999999999222,121.0999999999995396,4.6515517234802246
12.3999999999999222,121.1999999999995339,5.5485472679138184
12.3999999999999222,121.2999999999995282,6.6189088821411133
12.3999999999999222,121.9999999999994884,5.6340141296386719
12.3999999999999222,122.0999999999994827,5.5029711723327637
12.3999999999999222,122.4999999999994600,7.7816743850708008
12.3999999999999222,122.5999999999994543,7.9160585403442383
12.3999999999999222,123.2999999999994145,7.3708949089050293
12.3999999999999222,123.3999999999994088,7.3713259696960449
12.3999999999999222,123.4999999999994031,7.2913689613342285
12.3999999999999222,124.3999999999993520,5.4450826644897461
12.3999999999999222,124.4999999999993463,4.0445313453674316
12.3999999999999222,124.5999999999993406,3.0295212268829346
12.3999999999999222,124.6999999999993349,3.0244297981262207
12.3999999999999222,124.7999999999993292,3.1642582416534424
12.3999999999999222,124.8999999999993236,3.5152313709259033
12.3999999999999222,124.9999999999993179,3.8745582103729248
12.3999999999999222,125.0999999999993122,4.1460609436035156
12.3999999999999222,125.1999999999993065,4.4353351593017578
12.2999999999999226,119.8999999999996078,4.4556994438171387
12.2999999999999226,121.1999999999995339,7.4501776695251465
12.2999999999999226,121.9999999999994884,7.1059031486511230
12.2999999999999226,123.2999999999994145,6.9334511756896973
12.2999999999999226,123.3999999999994088,6.4278764724731445
12.2999999999999226,123.4999999999994031,6.2729287147521973
12.2999999999999226,123.5999999999993975,6.0483450889587402
12.2999999999999226,123.6999999999993918,5.9482984542846680
12.2999999999999226,124.3999999999993520,5.0773649215698242
12.2999999999999226,124.4999999999993463,3.4767601490020752
12.2999999999999226,124.5999999999993406,2.4807877540588379
12.2999999999999226,124.6999999999993349,2.5080888271331787
12.2999999999999226,124.7999999999993292,2.8097858428955078
12.2999999999999226,124.8999999999993236,3.1642465591430664
12.2999999999999226,124.9999999999993179,3.5567135810852051
12.2999999999999226,125.0999999999993122,3.9305648803710938
12.2999999999999226,125.1999999999993065,4.2252774238586426
12.2999999999999226,125.2999999999993008,4.6988978385925293
12.1999999999999229,119.8999999999996078,4.3961138725280762
12.1999999999999229,119.9999999999996021,4.5208926200866699
12.1999999999999229,121.9999999999994884,8.5009832382202148
12.1999999999999229,123.2999999999994145,6.6256194114685059
12.1999999999999229,123.3999999999994088,6.1402354240417480
12.1999999999999229,123.5999999999993975,5.7294707298278809
12.1999999999999229,123.6999999999993918,5.6507191658020020
12.1999999999999229,123.7999999999993861,6.0042052268981934
12.1999999999999229,123.8999999999993804,6.5086083412170410
12.1999999999999229,124.3999999999993520,4.3858175277709961
12.1999999999999229,124.4999999999993463,3.2111968994140625
12.1999999999999229,124.5999999999993406,2.2123336791992188
12.1999999999999229,124.6999999999993349,2.3690490722656250
12.1999999999999229,124.7999999999993292,2.6937205791473389
12.1999999999999229,124.8999999999993236,3.0320847034454346
12.1999999999999229,124.9999999999993179,3.4015316963195801
12.1999999999999229,125.0999999999993122,3.7705810070037842
12.1999999999999229,125.1999999999993065,4.0842299461364746
12.1999999999999229,125.2999999999993008,4.5413880348205566
12.1999999999999229,125.3999999999992951,5.0753636360168457
12.1999999999999229,125.4999999999992895,5.3592238426208496
12.0999999999999233,119.9999999999996021,4.4394893646240234
12.0999999999999233,120.0999999999995964,4.5772337913513184
12.0999999999999233,120.1999999999995907,4.6046104431152344
12.0999999999999233,120.2999999999995850,4.6165056228637695
12.0999999999999233,123.2999999999994145,6.6841773986816406
12.0999999999999233,123.6999999999993918,6.5170831680297852
12.0999999999999233,123.7999999999993861,6.8809800148010254
12.0999999999999233,123.8999999999993804,7.7197632789611816
12.0999999999999233,124.4999999999993463,3.6437299251556396
12.0999999999999233,124.5999999999993406,3.1492049694061279
12.0999999999999233,124.6999999999993349,2.9510622024536133
12.0999999999999233,124.7999999999993292,3.0831222534179688
12.0999999999999233,124.8999999999993236,3.4092636108398438
12.0999999999999233,124.9999999999993179,3.7356102466583252
12.0999999999999233,125.0999999999993122,3.9539787769317627
12.0999999999999233,125.1999999999993065,3.9935226440429688
12.0999999999999233,125.2999999999993008,4.0468645095825195
12.0999999999999233,125.3999999999992951,4.4711604118347168
11.9999999999999236,123.1999999999994202,7.5391688346862793
11.9999999999999236,123.7999999999993861,7.6247553825378418
11.9999999999999236,123.8999999999993804,7.7451400756835938
11.9999999999999236,123.9999999999993747,7.6664819717407227
11.9999999999999236,124.6999999999993349,3.6958038806915283
11.9999999999999236,124.7999999999993292,3.6075615882873535
11.9999999999999236,124.8999999999993236,3.8113555908203125
11.9999999999999236,124.9999999999993179,3.9695987701416016
11.9999999999999236,125.0999999999993122,4.0726747512817383
11.9999999999999236,125.1999999999993065,4.0932788848876953
11.9999999999999236,125.2999999999993008,4.0026803016662598
11.9999999999999236,125.3999999999992951,4.0357565879821777
11.8999999999999240,121.9999999999994884,10.7541494369506836
11.8999999999999240,123.7999999999993861,7.8730654716491699
11.8999999999999240,123.8999999999993804,7.7930922508239746
11.8999999999999240,123.9999999999993747,7.7352633476257324
11.8999999999999240,124.7999999999993292,4.4494109153747559
11.8999999999999240,124.8999999999993236,4.0307736396789551
11.8999999999999240,124.9999999999993179,3.9309375286102295
11.8999999999999240,125.0999999999993122,4.0246462821960449
11.8999999999999240,125.1999999999993065,4.0447311401367188
11.8999999999999240,125.2999999999993008,3.9455940723419189
11.7999999999999243,121.8999999999994941,10.6777362823486328
11.7999999999999243,121.9999999999994884,10.0526638031005859
11.7999999999999243,122.0999999999994827,8.6472282409667969
11.7999999999999243,122.1999999999994770,7.1213684082031250
11.7999999999999243,124.2999999999993577,7.6090583801269531
11.7999999999999243,124.8999999999993236,4.2442755699157715
11.7999999999999243,124.9999999999993179,3.8312408924102783
11.7999999999999243,125.0999999999993122,3.7588984966278076
11.7999999999999243,125.1999999999993065,3.7785072326660156
11.7999999999999243,125.2999999999993008,3.6283977031707764
11.7999999999999243,125.3999999999992951,3.3068153858184814
11.6999999999999247,119.9999999999996021,4.1704869270324707
11.6999999999999247,122.0999999999994827,7.5848937034606934
11.6999999999999247,122.1999999999994770,6.3737292289733887
11.6999999999999247,122.2999999999994714,5.1822886466979980
11.6999999999999247,122.3999999999994657,4.8279919624328613
11.6999999999999247,124.9999999999993179,3.9886176586151123
11.6999999999999247,125.0999999999993122,3.5928032398223877
11.6999999999999247,125.1999999999993065,3.4537789821624756
11.6999999999999247,125.2999999999993008,3.0473020076751709
11.6999999999999247,125.3999999999992951,2.5939900875091553
11.5999999999999250,122.1999999999994770,4.7676200866699219
11.5999999999999250,122.2999999999994714,3.8545253276824951
11.5999999999999250,122.6999999999994486,5.6600804328918457
11.5999999999999250,124.4999999999993463,7.6652603149414062
11.5999999999999250,125.0999999999993122,3.5446918010711670
11.5999999999999250,125.1999999999993065,3.1944172382354736
11.5999999999999250,125.2999999999993008,2.8970506191253662
11.5999999999999250,125.3999999999992951,2.4467597007751465
11.4999999999999254,122.0999999999994827,3.9826893806457520
11.4999999999999254,122.1999999999994770,3.1297764778137207
11.4999999999999254,122.2999999999994714,2.8899247646331787
11.4999999999999254,122.3999999999994657,2.7417621612548828
11.4999999999999254,122.4999999999994600,2.7469472885131836
11.4999999999999254,122.5999999999994543,3.5716183185577393
11.4999999999999254,122.6999999999994486,4.3444461822509766
11.4999999999999254,122.7999999999994429,4.9230237007141113
11.4999999999999254,123.0999999999994259,8.4667663574218750
11.4999999999999254,124.3999999999993520,8.0953006744384766
11.4999999999999254,124.4999999999993463,7.4052772521972656
11.4999999999999254,124.8999999999993236,4.1856651306152344
11.4999999999999254,124.9999999999993179,3.8075902462005615
11.4999999999999254,125.0999999999993122,3.2778339385986328
11.4999999999999254,125.1999999999993065,2.9517881870269775
11.4999999999999254,125.2999999999993008,2.9471461772918701
11.4999999999999254,125.3999999999992951,2.6028668880462646
11.4999999999999254,125.4999999999992895,3.0096812248229980
11.3999999999999257,122.0999999999994827,2.8711984157562256
11.3999999999999257,122.1999999999994770,2.4365026950836182
11.3999999999999257,122.2999999999994714,2.1721503734588623
11.3999999999999257,122.3999999999994657,2.0001142024993896
11.3999999999999257,122.4999999999994600,1.8882859945297241
11.3999999999999257,122.5999999999994543,1.9522507190704346
11.3999999999999257,122.6999999999994486,2.6615350246429443
11.3999999999999257,122.7999999999994429,3.3504035472869873
11.3999999999999257,122.8999999999994373,4.1285729408264160
11.3999999999999257,122.9999999999994316,5.6197524070739746
11.3999999999999257,123.0999999999994259,7.3783044815063477
11.3999999999999257,124.2999999999993577,8.1185398101806641
11.3999999999999257,124.3999999999993520,7.5782012939453125
11.3999999999999257,124.4999999999993463,7.1673936843872070
11.3999999999999257,124.8999999999993236,4.2257795333862305
11.3999999999999257,124.9999999999993179,3.7622210979461670
11.3999999999999257,125.0999999999993122,3.2118854522705078
11.3999999999999257,125.1999999999993065,2.8650763034820557
11.3999999999999257,125.2999999999993008,2.8131434917449951
11.3999999999999257,125.3999999999992951,2.8466536998748779
11.3999999999999257,125.4999999999992895,3.4201378822326660
11.2999999999999261,119.4999999999996305,3.7468307018280029
11.2999999999999261,122.0999999999994827,2.3246448040008545
11.2999999999999261,122.1999999999994770,2.3664934635162354
11.2999999999999261,122.2999999999994714,2.0643794536590576
11.2999999999999261,122.3999999999994657,1.8633050918579102
11.2999999999999261,122.4999999999994600,1.7342875003814697
11.2999999999999261,122.5999999999994543,1.6459448337554932
11.2999999999999261,122.6999999999994486,2.3207790851593018
11.2999999999999261,122.7999999999994429,3.1421496868133545
11.2999999999999261,122.8999999999994373,3.8472592830657959
11.2999999999999261,122.9999999999994316,5.3138718605041504
11.2999999999999261,123.0999999999994259,6.5177645683288574
11.2999999999999261,124.3999999999993520,6.4394912719726562
11.2999999999999261,124.4999999999993463,6.0358347892761230
11.2999999999999261,124.5999999999993406,5.4255557060241699
11.2999999999999261,124.6999999999993349,4.3910393714904785
11.2999999999999261,124.7999999999993292,4.0274710655212402
11.2999999999999261,124.8999999999993236,4.3582925796508789
11.2999999999999261,125.1999999999993065,3.9917581081390381
11.2999999999999261,125.2999999999993008,3.8925170898437500
11.2999999999999261,125.3999999999992951,3.9856896400451660
11.2999999999999261,125.4999999999992895,4.3031325340270996
11.1999999999999265,119.4999999999996305,3.3678352832794189
11.1999999999999265,122.0999999999994827,1.8618892431259155
11.1999999999999265,122.1999999999994770,2.1775467395782471
11.1999999999999265,122.2999999999994714,2.2286307811737061
11.1999999999999265,122.3999999999994657,2.0304474830627441
11.1999999999999265,122.4999999999994600,1.9623883962631226
11.1999999999999265,122.5999999999994543,2.1338651180267334
11.1999999999999265,122.6999999999994486,2.5975930690765381
11.1999999999999265,122.7999999999994429,3.6237530708312988
11.1999999999999265,122.8999999999994373,4.4171915054321289
11.1999999999999265,122.9999999999994316,5.6838130950927734
11.1999999999999265,123.7999999999993861,6.9050631523132324
11.1999999999999265,123.9999999999993747,6.2858080863952637
11.1999999999999265,124.3999999999993520,5.0761389732360840
11.1999999999999265,124.4999999999993463,4.5450987815856934
11.1999999999999265,124.5999999999993406,4.0288825035095215
11.1999999999999265,124.6999999999993349,3.3461563587188721
11.1999999999999265,124.7999999999993292,3.4430606365203857
11.1999999999999265,124.8999999999993236,4.0123705863952637
11.1999999999999265,124.9999999999993179,5.0506892204284668
11.1999999999999265,125.1999999999993065,5.5351114273071289
11.1999999999999265,125.2999999999993008,5.6603503227233887
11.1999999999999265,125.3999999999992951,5.8863940238952637
11.1999999999999265,125.4999999999992895,6.0143008232116699
11.0999999999999268,119.4999999999996305,3.1751914024353027
11.0999999999999268,122.0999999999994827,1.8480304479598999
11.0999999999999268,122.1999999999994770,1.7505493164062500
11.0999999999999268,122.2999999999994714,2.2764182090759277
11.0999999999999268,122.3999999999994657,2.4827315807342529
11.0999999999999268,122.4999999999994600,2.6654388904571533
11.0999999999999268,122.5999999999994543,2.9912431240081787
11.0999999999999268,122.6999999999994486,3.3859429359436035
11.0999999999999268,122.7999999999994429,3.9121959209442139
11.0999999999999268,122.8999999999994373,4.9232110977172852
11.0999999999999268,124.3999999999993520,3.7591564655303955
11.0999999999999268,124.4999999999993463,3.2915496826171875
11.0999999999999268,124.5999999999993406,2.9007089138031006
11.0999999999999268,124.6999999999993349,2.9584290981292725
11.0999999999999268,124.7999999999993292,3.1825881004333496
11.0999999999999268,124.8999999999993236,3.7835400104522705
11.0999999999999268,124.9999999999993179,5.0665736198425293
11.0999999999999268,125.4999999999992895,7.1094813346862793
10.9999999999999272,119.3999999999996362,3.7191448211669922
10.9999999999999272,122.0999999999994827,1.8977621793746948
10.9999999999999272,122.1999999999994770,1.8588354587554932
10.9999999999999272,122.2999999999994714,2.6027877330780029
10.9999999999999272,122.3999999999994657,3.3588993549346924
10.9999999999999272,122.4999999999994600,3.8260924816131592
10.9999999999999272,122.5999999999994543,4.1807208061218262
10.9999999999999272,122.6999999999994486,4.5589385032653809
10.9999999999999272,122.7999999999994429,4.9698476791381836
10.9999999999999272,123.9999999999993747,5.4628138542175293
10.9999999999999272,124.4999999999993463,3.1424577236175537
10.9999999999999272,124.5999999999993406,2.7046163082122803
10.9999999999999272,124.6999999999993349,2.9979891777038574
10.9999999999999272,124.7999999999993292,3.1861371994018555
10.9999999999999272,124.8999999999993236,3.7611057758331299
10.9999999999999272,124.9999999999993179,5.1293005943298340
10.8999999999999275,119.3999999999996362,3.5710990428924561
10.8999999999999275,119.4999999999996305,2.9791972637176514
10.8999999999999275,121.9999999999994884,2.2774207592010498
10.8999999999999275,122.0999999999994827,2.0112886428833008
10.8999999999999275,122.1999999999994770,2.3190712928771973
10.8999999999999275,122.2999999999994714,3.3300578594207764
10.8999999999999275,122.3999999999994657,4.1552939414978027
10.8999999999999275,122.4999999999994600,4.8549160957336426
10.8999999999999275,122.5999999999994543,5.4260191917419434
10.8999999999999275,122.6999999999994486,5.7140831947326660
10.8999999999999275,123.1999999999994202,4.2275729179382324
10.8999999999999275,123.2999999999994145,3.8614804744720459
10.8999999999999275,123.3999999999994088,3.7784008979797363
10.8999999999999275,123.9999999999993747,5.4858088493347168
10.8999999999999275,124.4999999999993463,3.2457425594329834
10.8999999999999275,124.7999999999993292,3.2671086788177490
10.8999999999999275,124.8999999999993236,3.7915151119232178
10.8999999999999275,124.9999999999993179,4.9266929626464844
10.7999999999999279,119.2999999999996419,4.3815488815307617
10.7999999999999279,119.3999999999996362,3.8664186000823975
10.7999999999999279,119.4999999999996305,2.7057123184204102
10.7999999999999279,121.9999999999994884,2.2713477611541748
10.7999999999999279,122.0999999999994827,2.3508038520812988
10.7999999999999279,122.1999999999994770,3.1034624576568604
10.7999999999999279,122.2999999999994714,4.1744017601013184
10.7999999999999279,122.3999999999994657,5.0213999748229980
10.7999999999999279,122.4999999999994600,5.7408442497253418
10.7999999999999279,122.9999999999994316,4.6863722801208496
10.7999999999999279,123.0999999999994259,3.7637078762054443
10.7999999999999279,123.1999999999994202,3.3594670295715332
10.7999999999999279,123.2999999999994145,2.9709262847900391
10.7999999999999279,123.3999999999994088,2.8952498435974121
10.7999999999999279,123.4999999999994031,3.1566348075866699
10.7999999999999279,123.8999999999993804,5.4755034446716309
10.7999999999999279,123.9999999999993747,5.5766634941101074
10.7999999999999279,124.8999999999993236,3.6404976844787598
10.6999999999999282,119.3999999999996362,3.6952705383300781
10.6999999999999282,119.4999999999996305,3.0828924179077148
10.6999999999999282,119.5999999999996248,3.3918769359588623
10.6999999999999282,121.9999999999994884,2.9381530284881592
10.6999999999999282,122.0999999999994827,3.2895314693450928
10.6999999999999282,122.1999999999994770,4.1807150840759277
10.6999999999999282,122.2999999999994714,4.8793768882751465
10.6999999999999282,122.3999999999994657,5.8373274803161621
10.6999999999999282,122.4999999999994600,6.5939993858337402
10.6999999999999282,122.5999999999994543,6.4304223060607910
10.6999999999999282,122.6999999999994486,5.8225159645080566
10.6999999999999282,122.9999999999994316,3.7372512817382812
10.6999999999999282,123.0999999999994259,2.9923346042633057
10.6999999999999282,123.1999999999994202,2.9550399780273438
10.6999999999999282,123.2999999999994145,3.4258847236633301
10.6999999999999282,123.3999999999994088,3.5987751483917236
10.6999999999999282,123.4999999999994031,3.3728706836700439
10.6999999999999282,123.8999999999993804,5.7086110115051270
10.6999999999999282,124.7999999999993292,3.5888130664825439
10.6999999999999282,124.8999999999993236,3.4048631191253662
10.6999999999999282,124.9999999999993179,3.0739402770996094
10.6999999999999282,125.7999999999992724,8.0482501983642578
10.5999999999999286,119.3999999999996362,3.7754387855529785
10.5999999999999286,119.4999999999996305,3.2902429103851318
10.5999999999999286,119.5999999999996248,3.7205474376678467
10.5999999999999286,119.7999999999996135,5.6901650428771973
10.5999999999999286,119.8999999999996078,5.8283228874206543
10.5999999999999286,121.9999999999994884,4.0331745147705078
10.5999999999999286,122.4999999999994600,6.5096049308776855
10.5999999999999286,122.5999999999994543,6.3236517906188965
10.5999999999999286,122.6999999999994486,5.4532914161682129
10.5999999999999286,122.8999999999994373,3.0055012702941895
10.5999999999999286,122.9999999999994316,2.8868949413299561
10.5999999999999286,123.0999999999994259,2.5751886367797852
10.5999999999999286,123.1999999999994202,2.5759613513946533
10.5999999999999286,123.2999999999994145,3.3378281593322754
10.5999999999999286,123.3999999999994088,4.4112024307250977
10.5999999999999286,123.6999999999993918,4.4398565292358398
10.5999999999999286,123.7999999999993861,4.8462400436401367
10.5999999999999286,123.8999999999993804,5.5369296073913574
10.5999999999999286,123.9999999999993747,5.9709830284118652
10.5999999999999286,124.7999999999993292,3.5470063686370850
10.5999999999999286,124.8999999999993236,3.3739960193634033
10.5999999999999286,124.9999999999993179,2.9490420818328857
10.5999999999999286,125.0999999999993122,2.9782407283782959
10.4999999999999289,119.2999999999996419,3.9668557643890381
10.4999999999999289,119.3999999999996362,3.5825588703155518
10.4999999999999289,119.4999999999996305,3.3562533855438232
10.4999999999999289,119.5999999999996248,3.9022881984710693
10.4999999999999289,119.7999999999996135,5.8062505722045898
10.4999999999999289,119.8999999999996078,5.9595365524291992
10.4999999999999289,121.9999999999994884,4.9859890937805176
10.4999999999999289,122.4999999999994600,6.5112547874450684
10.4999999999999289,122.5999999999994543,6.1511821746826172
10.4999999999999289,122.6999999999994486,5.5505094528198242
10.4999999999999289,122.7999999999994429,3.7314088344573975
10.4999999999999289,122.8999999999994373,2.8987300395965576
10.4999999999999289,122.9999999999994316,2.8666293621063232
10.4999999999999289,123.0999999999994259,2.7000441551208496
10.4999999999999289,123.1999999999994202,2.6761896610260010
10.4999999999999289,123.2999999999994145,3.2756297588348389
10.4999999999999289,123.3999999999994088,4.1754469871520996
10.4999999999999289,123.7999999999993861,4.5433897972106934
10.4999999999999289,123.8999999999993804,5.2625427246093750
10.4999999999999289,123.9999999999993747,6.0470786094665527
10.4999999999999289,124.7999999999993292,3.7576527595520020
10.4999999999999289,124.8999999999993236,3.5446956157684326
10.4999999999999289,124.9999999999993179,3.0971229076385498
10.4999999999999289,125.0999999999993122,2.7391088008880615
10.3999999999999293,119.0999999999996533,3.8517696857452393
10.3999999999999293,119.1999999999996476,3.8397374153137207
10.3999999999999293,119.2999999999996419,3.6387212276458740
10.3999999999999293,119.3999999999996362,3.5132503509521484
10.3999999999999293,119.4999999999996305,3.9929008483886719
10.3999999999999293,122.8999999999994373,2.9424636363983154
10.3999999999999293,122.9999999999994316,3.2763679027557373
10.3999999999999293,123.0999999999994259,3.5540986061096191
10.3999999999999293,123.1999999999994202,3.5638649463653564
10.3999999999999293,123.2999999999994145,3.5444304943084717
10.3999999999999293,123.6999999999993918,4.0552010536193848
10.3999999999999293,123.7999999999993861,4.3857321739196777
10.3999999999999293,123.8999999999993804,5.1532444953918457
10.3999999999999293,123.9999999999993747,5.8812646865844727
10.3999999999999293,124.7999999999993292,4.1712446212768555
10.3999999999999293,124.8999999999993236,3.9612503051757812
10.3999999999999293,124.9999999999993179,3.5302166938781738
10.3999999999999293,125.0999999999993122,3.2517852783203125
10.3999999999999293,125.1999999999993065,3.7651333808898926
10.3999999999999293,125.5999999999992838,8.3846244812011719
10.2999999999999297,118.9999999999996589,3.2477405071258545
10.2999999999999297,119.0999999999996533,3.3757145404815674
10.2999999999999297,119.1999999999996476,3.5018150806427002
10.2999999999999297,119.2999999999996419,3.4614410400390625
10.2999999999999297,122.8999999999994373,3.1359002590179443
10.2999999999999297,122.9999999999994316,3.6167621612548828
10.2999999999999297,123.0999999999994259,4.1815862655639648
10.2999999999999297,123.1999999999994202,4.4301209449768066
10.2999999999999297,123.2999999999994145,4.2134742736816406
10.2999999999999297,123.5999999999993975,4.3965587615966797
10.2999999999999297,123.6999999999993918,4.0406947135925293
10.2999999999999297,123.7999999999993861,4.2874341011047363
10.2999999999999297,124.7999999999993292,4.7006793022155762
10.2999999999999297,124.8999999999993236,4.4363980293273926
10.2999999999999297,125.0999999999993122,3.8581917285919189
10.2999999999999297,125.1999999999993065,4.2730646133422852
10.2999999999999297,125.5999999999992838,8.5192518234252930
10.1999999999999300,118.7999999999996703,3.9950470924377441
10.1999999999999300,118.9999999999996589,3.0987281799316406
10.1999999999999300,119.0999999999996533,3.2589905261993408
10.1999999999999300,119.1999999999996476,3.5298588275909424
10.1999999999999300,122.8999999999994373,3.1897890567779541
10.1999999999999300,122.9999999999994316,3.5444607734680176
10.1999999999999300,123.0999999999994259,4.0799555778503418
10.1999999999999300,123.1999999999994202,4.4665389060974121
10.1999999999999300,123.2999999999994145,4.5114512443542480
10.1999999999999300,123.5999999999993975,4.0042452812194824
10.1999999999999300,123.6999999999993918,3.8799412250518799
10.1999999999999300,124.8999999999993236,6.1782798767089844
10.1999999999999300,125.5999999999992838,9.0545740127563477
10.0999999999999304,118.8999999999996646,3.6922395229339600
10.0999999999999304,118.9999999999996589,3.3988022804260254
10.0999999999999304,119.0999999999996533,3.6047141551971436
10.0999999999999304,119.1999999999996476,4.0140852928161621
10.0999999999999304,122.8999999999994373,2.6366529464721680
10.0999999999999304,122.9999999999994316,3.0301818847656250
10.0999999999999304,123.0999999999994259,3.4557919502258301
10.0999999999999304,123.1999999999994202,3.7834877967834473
10.0999999999999304,123.4999999999994031,3.4707057476043701
10.0999999999999304,123.5999999999993975,3.4112861156463623
10.0999999999999304,124.1999999999993634,4.7917718887329102
10.0999999999999304,124.2999999999993577,5.0510835647583008
10.0999999999999304,124.3999999999993520,6.4856486320495605
10.0999999999999304,125.1999999999993065,9.0450620651245117
10.0999999999999304,125.5999999999992838,9.6453142166137695
9.9999999999999307,118.7999999999996703,3.3309590816497803
9.9999999999999307,118.8999999999996646,3.6761586666107178
9.9999999999999307,118.9999999999996589,3.5915153026580811
9.9999999999999307,119.0999999999996533,3.9748017787933350
9.9999999999999307,122.7999999999994429,2.4632184505462646
9.9999999999999307,122.8999999999994373,2.2834851741790771
9.9999999999999307,122.9999999999994316,2.4885170459747314
9.9999999999999307,123.0999999999994259,2.8455741405487061
9.9999999999999307,123.1999999999994202,3.2035758495330811
9.9999999999999307,123.3999999999994088,3.4232296943664551
9.9999999999999307,123.4999999999994031,3.2861278057098389
9.9999999999999307,123.5999999999993975,3.4576594829559326
9.9999999999999307,124.0999999999993690,4.5371780395507812
9.9999999999999307,124.1999999999993634,4.6908936500549316
9.9999999999999307,124.2999999999993577,5.0741949081420898
9.9999999999999307,124.3999999999993520,6.5714387893676758
9.9999999999999307,124.4999999999993463,8.3830966949462891
9.9999999999999307,125.1999999999993065,11.0287752151489258
9.9999999999999307,125.5999999999992838,10.2824668884277344
9.8999999999999311,118.5999999999996817,2.5109210014343262
9.8999999999999311,118.6999999999996760,2.5119750499725342
9.8999999999999311,122.3999999999994657,4.7643313407897949
9.8999999999999311,122.4999999999994600,3.9070556163787842
9.8999999999999311,122.5999999999994543,2.9748446941375732
9.8999999999999311,122.6999999999994486,2.4292056560516357
9.8999999999999311,122.7999999999994429,2.1174826622009277
9.8999999999999311,122.8999999999994373,2.2582058906555176
9.8999999999999311,122.9999999999994316,2.5078804492950439
9.8999999999999311,123.0999999999994259,2.8356931209564209
9.8999999999999311,123.3999999999994088,3.2342255115509033
9.8999999999999311,123.4999999999994031,3.3448383808135986
9.8999999999999311,123.5999999999993975,3.7933254241943359
9.8999999999999311,123.8999999999993804,4.4172682762145996
9.8999999999999311,123.9999999999993747,4.2592635154724121
9.8999999999999311,124.0999999999993690,4.5053668022155762
9.8999999999999311,124.1999999999993634,4.7670922279357910
9.8999999999999311,124.2999999999993577,5.0362181663513184
9.8999999999999311,124.3999999999993520,6.6020545959472656
9.8999999999999311,124.4999999999993463,8.3985242843627930
9.8999999999999311,125.5999999999992838,8.7400541305541992
9.8999999999999311,125.9999999999992610,9.2108831405639648
9.7999999999999314,118.5999999999996817,2.2838733196258545
9.7999999999999314,118.6999999999996760,2.0309457778930664
9.7999999999999314,122.4999999999994600,3.5915882587432861
9.7999999999999314,122.5999999999994543,2.7630469799041748
9.7999999999999314,122.6999999999994486,2.2917020320892334
9.7999999999999314,122.7999999999994429,2.3948345184326172
9.7999999999999314,122.8999999999994373,2.6969976425170898
9.7999999999999314,122.9999999999994316,2.9124917984008789
9.7999999999999314,123.0999999999994259,3.1199862957000732
9.7999999999999314,123.3999999999994088,3.2617237567901611
9.7999999999999314,123.4999999999994031,3.2289242744445801
9.7999999999999314,123.8999999999993804,4.3497958183288574
9.7999999999999314,123.9999999999993747,4.0172524452209473
9.7999999999999314,124.0999999999993690,4.2953166961669922
9.7999999999999314,124.1999999999993634,4.9274382591247559
9.7999999999999314,124.2999999999993577,5.3280935287475586
9.7999999999999314,124.3999999999993520,6.7337279319763184
9.7999999999999314,124.4999999999993463,8.5035486221313477
9.7999999999999314,125.9999999999992610,9.2761125564575195
9.7999999999999314,126.0999999999992554,8.9407043457031250
9.6999999999999318,118.3999999999996930,2.7314171791076660
9.6999999999999318,118.4999999999996874,2.3886206150054932
9.6999999999999318,118.5999999999996817,1.9185783863067627
9.6999999999999318,118.6999999999996760,1.9173958301544189
9.6999999999999318,122.4999999999994600,3.2154126167297363
9.6999999999999318,122.5999999999994543,2.6546771526336670
9.6999999999999318,122.6999999999994486,2.5250580310821533
9.6999999999999318,122.7999999999994429,2.8410463333129883
9.6999999999999318,122.8999999999994373,3.1503617763519287
9.6999999999999318,122.9999999999994316,3.3474957942962646
9.6999999999999318,123.0999999999994259,3.5321624279022217
9.6999999999999318,123.3999999999994088,3.2950115203857422
9.6999999999999318,123.8999999999993804,4.4632844924926758
9.6999999999999318,123.9999999999993747,4.1182923316955566
9.6999999999999318,124.0999999999993690,4.3463850021362305
9.6999999999999318,124.1999999999993634,4.9534807205200195
9.6999999999999318,124.2999999999993577,5.5640587806701660
9.6999999999999318,124.3999999999993520,6.6323542594909668
9.6999999999999318,125.4999999999992895,6.4703645706176758
9.5999999999999321,118.3999999999996930,2.4293684959411621
9.5999999999999321,118.4999999999996874,1.9315311908721924
9.5999999999999321,118.5999999999996817,1.7944221496582031
9.5999999999999321,118.6999999999996760,2.1155571937561035
9.5999999999999321,122.4999999999994600,2.8849406242370605
9.5999999999999321,122.5999999999994543,2.9599785804748535
9.5999999999999321,122.6999999999994486,2.9591560363769531
9.5999999999999321,122.7999999999994429,3.1555032730102539
9.5999999999999321,122.8999999999994373,3.4488892555236816
9.5999999999999321,122.9999999999994316,3.6493263244628906
9.5999999999999321,123.0999999999994259,3.7991223335266113
9.5999999999999321,123.2999999999994145,3.7900738716125488
9.5999999999999321,123.3999999999994088,3.7006428241729736
9.5999999999999321,123.7999999999993861,5.7052993774414062
9.5999999999999321,125.3999999999992951,4.9429731369018555
9.5999999999999321,125.4999999999992895,5.1488509178161621
9.5999999999999321,125.5999999999992838,5.6225910186767578
9.5999999999999321,125.6999999999992781,6.2119402885437012
9.4999999999999325,118.2999999999996987,2.4117603302001953
9.4999999999999325,118.3999999999996930,1.9458162784576416
9.4999999999999325,118.4999999999996874,1.6714805364608765
9.4999999999999325,118.5999999999996817,1.9514077901840210
9.4999999999999325,122.5999999999994543,3.8687801361083984
9.4999999999999325,122.6999999999994486,3.6140339374542236
9.4999999999999325,122.7999999999994429,3.5767714977264404
9.4999999999999325,122.8999999999994373,3.7430527210235596
9.4999999999999325,122.9999999999994316,3.7327129840850830
9.4999999999999325,123.0999999999994259,3.4322898387908936
9.4999999999999325,123.3999999999994088,4.0832662582397461
9.4999999999999325,125.4999999999992895,3.8603973388671875
9.4999999999999325,125.5999999999992838,4.1355681419372559
9.4999999999999325,125.6999999999992781,4.7482290267944336
9.4999999999999325,125.7999999999992724,5.0332417488098145
9.3999999999999329,118.1999999999997044,2.2137057781219482
9.3999999999999329,118.2999999999996987,1.9018945693969727
9.3999999999999329,118.3999999999996930,1.6432875394821167
9.3999999999999329,118.4999999999996874,1.9859561920166016
9.3999999999999329,122.7999999999994429,4.1534042358398438
9.3999999999999329,122.8999999999994373,4.0359587669372559
9.3999999999999329,122.9999999999994316,3.7482306957244873
9.3999999999999329,123.0999999999994259,3.2905125617980957
9.3999999999999329,123.1999999999994202,3.0600175857543945
9.3999999999999329,125.5999999999992838,3.0030076503753662
9.3999999999999329,125.6999999999992781,3.3408496379852295
9.3999999999999329,125.7999999999992724,3.7479197978973389
9.3999999999999329,125.8999999999992667,4.2674055099487305
9.2999999999999332,118.0999999999997101,2.2318196296691895
9.2999999999999332,118.1999999999997044,1.9712013006210327
9.2999999999999332,118.2999999999996987,1.7478207349777222
9.2999999999999332,118.3999999999996930,1.8170391321182251
9.2999999999999332,122.8999999999994373,4.3787598609924316
9.2999999999999332,122.9999999999994316,4.1356325149536133
9.2999999999999332,123.0999999999994259,3.7561893463134766
9.2999999999999332,123.1999999999994202,3.4384739398956299
9.2999999999999332,123.2999999999994145,3.7874588966369629
9.2999999999999332,125.5999999999992838,2.8655543327331543
9.2999999999999332,125.6999999999992781,2.9709270000457764
9.2999999999999332,125.7999999999992724,2.8862049579620361
9.2999999999999332,125.8999999999992667,3.2119545936584473
9.1999999999999336,117.8999999999997215,1.6432012319564819
9.1999999999999336,117.9999999999997158,1.9104427099227905
9.1999999999999336,118.0999999999997101,2.0555844306945801
9.1999999999999336,118.1999999999997044,1.8786966800689697
9.1999999999999336,122.8999999999994373,4.7437939643859863
9.1999999999999336,122.9999999999994316,4.4571971893310547
9.1999999999999336,123.0999999999994259,4.2326140403747559
9.1999999999999336,123.1999999999994202,4.0558319091796875
9.1999999999999336,123.4999999999994031,7.1885919570922852
9.1999999999999336,123.5999999999993975,7.2638220787048340
9.1999999999999336,124.6999999999993349,8.9098377227783203
9.1999999999999336,124.7999999999993292,8.5122232437133789
9.1999999999999336,125.5999999999992838,2.6679832935333252
9.1999999999999336,125.6999999999992781,2.6413991451263428
9.1999999999999336,125.7999999999992724,2.5213460922241211
9.1999999999999336,125.8999999999992667,2.3590228557586670
9.1999999999999336,125.9999999999992610,2.6388809680938721
9.1999999999999336,126.0999999999992554,3.2091910839080811
9.0999999999999339,117.7999999999997272,1.5431494712829590
9.0999999999999339,117.8999999999997215,1.4053102731704712
9.0999999999999339,117.9999999999997158,1.6023057699203491
9.0999999999999339,122.9999999999994316,5.0537796020507812
9.0999999999999339,123.0999999999994259,4.7998194694519043
9.0999999999999339,123.5999999999993975,7.7248435020446777
9.0999999999999339,125.5999999999992838,2.2702522277832031
9.0999999999999339,125.6999999999992781,2.3331038951873779
9.0999999999999339,125.7999999999992724,2.2395596504211426
9.0999999999999339,125.8999999999992667,2.0322220325469971
9.0999999999999339,125.9999999999992610,1.8216425180435181
9.0999999999999339,126.0999999999992554,2.4116618633270264
8.9999999999999343,117.5999999999997385,2.3875768184661865
8.9999999999999343,117.6999999999997328,2.2735750675201416
8.9999999999999343,117.7999999999997272,1.7229921817779541
8.9999999999999343,117.8999999999997215,1.4893519878387451
8.9999999999999343,117.9999999999997158,1.7973350286483765
8.9999999999999343,125.2999999999993008,3.2040309906005859
8.9999999999999343,125.3999999999992951,3.1748886108398438
8.9999999999999343,125.5999999999992838,2.2989947795867920
8.9999999999999343,125.6999999999992781,2.2105770111083984
8.9999999999999343,125.7999999999992724,2.0831992626190186
8.9999999999999343,125.8999999999992667,1.8190065622329712
8.9999999999999343,125.9999999999992610,1.7347519397735596
8.9999999999999343,126.0999999999992554,2.2735354900360107
8.9999999999999343,126.1999999999992497,2.8519544601440430
8.8999999999999346,117.4999999999997442,2.2464599609375000
8.8999999999999346,117.5999999999997385,1.9436062574386597
8.8999999999999346,117.6999999999997328,1.8728188276290894
8.8999999999999346,117.7999999999997272,1.7025600671768188
8.8999999999999346,117.8999999999997215,1.6587711572647095
8.8999999999999346,117.9999999999997158,2.1823434829711914
8.8999999999999346,124.7999999999993292,3.1493260860443115
8.8999999999999346,124.8999999999993236,3.5466334819793701
8.8999999999999346,124.9999999999993179,3.4424576759338379
8.8999999999999346,125.1999999999993065,3.1024503707885742
8.8999999999999346,125.2999999999993008,3.0425920486450195
8.8999999999999346,125.3999999999992951,3.1572337150573730
8.8999999999999346,125.4999999999992895,2.8759896755218506
8.8999999999999346,125.5999999999992838,2.3921430110931396
8.8999999999999346,125.6999999999992781,2.1548709869384766
8.8999999999999346,125.7999999999992724,1.8877419233322144
8.8999999999999346,125.8999999999992667,1.5780408382415771
8.8999999999999346,125.9999999999992610,1.6575952768325806
8.8999999999999346,126.0999999999992554,2.2130970954895020
8.8999999999999346,126.1999999999992497,2.8273768424987793
8.8999999999999346,126.2999999999992440,3.4304826259613037
8.7999999999999350,117.4999999999997442,2.0804407596588135
8.7999999999999350,117.5999999999997385,1.6147272586822510
8.7999999999999350,117.6999999999997328,1.5467557907104492
8.7999999999999350,117.7999999999997272,1.5373679399490356
8.7999999999999350,117.8999999999997215,1.8007745742797852
8.7999999999999350,124.8999999999993236,2.3755633831024170
8.7999999999999350,124.9999999999993179,2.5292010307312012
8.7999999999999350,125.0999999999993122,2.9416587352752686
8.7999999999999350,125.1999999999993065,3.1769299507141113
8.7999999999999350,125.2999999999993008,3.0694587230682373
8.7999999999999350,125.3999999999992951,3.1979207992553711
8.7999999999999350,125.4999999999992895,2.9059939384460449
8.7999999999999350,125.5999999999992838,2.4161548614501953
8.7999999999999350,125.6999999999992781,2.0732076168060303
8.7999999999999350,125.7999999999992724,1.8800106048583984
8.7999999999999350,125.8999999999992667,1.7350361347198486
8.7999999999999350,125.9999999999992610,1.7788804769515991
8.7999999999999350,126.0999999999992554,2.3274583816528320
8.7999999999999350,126.1999999999992497,3.0364656448364258
8.7999999999999350,126.2999999999992440,3.3555648326873779
8.6999999999999353,117.3999999999997499,2.6759450435638428
8.6999999999999353,117.4999999999997442,2.0358152389526367
8.6999999999999353,117.5999999999997385,1.5301095247268677
8.6999999999999353,123.4999999999994031,5.3690171241760254
8.6999999999999353,124.7999999999993292,2.3122227191925049
8.6999999999999353,124.8999999999993236,2.2877252101898193
8.6999999999999353,124.9999999999993179,2.3318157196044922
8.6999999999999353,125.0999999999993122,3.1458051204681396
8.6999999999999353,125.1999999999993065,3.4335496425628662
8.6999999999999353,125.2999999999993008,3.0068461894989014
8.6999999999999353,125.3999999999992951,2.9539566040039062
8.6999999999999353,125.4999999999992895,2.6770513057708740
8.6999999999999353,125.5999999999992838,2.2633898258209229
8.6999999999999353,125.6999999999992781,1.8784830570220947
8.6999999999999353,125.7999999999992724,1.8055849075317383
8.6999999999999353,125.8999999999992667,2.1553409099578857
8.6999999999999353,125.9999999999992610,2.1435794830322266
8.6999999999999353,126.0999999999992554,2.6262643337249756
8.5999999999999357,117.3999999999997499,2.2539763450622559
8.5999999999999357,117.4999999999997442,1.9809464216232300
8.5999999999999357,123.3999999999994088,5.1104230880737305
8.5999999999999357,123.4999999999994031,4.5508584976196289
8.5999999999999357,123.5999999999993975,4.5974040031433105
8.5999999999999357,123.6999999999993918,5.0373868942260742
8.5999999999999357,124.7999999999993292,2.1549375057220459
8.5999999999999357,124.8999999999993236,2.3976058959960938
8.5999999999999357,124.9999999999993179,2.4736571311950684
8.5999999999999357,125.0999999999993122,3.4477753639221191
8.5999999999999357,125.1999999999993065,3.7255070209503174
8.5999999999999357,125.2999999999993008,3.1541514396667480
8.5999999999999357,125.3999999999992951,2.7450499534606934
8.5999999999999357,125.4999999999992895,2.4851574897766113
8.5999999999999357,125.5999999999992838,2.0895559787750244
8.5999999999999357,125.6999999999992781,2.0981445312500000
8.5999999999999357,125.7999999999992724,1.7354065179824829
8.5999999999999357,125.8999999999992667,2.1676054000854492
8.5999999999999357,125.9999999999992610,2.5067393779754639
8.5999999999999357,126.0999999999992554,3.2763607501983643
8.4999999999999361,117.1999999999997613,2.7973163127899170
8.4999999999999361,117.2999999999997556,2.3991093635559082
8.4999999999999361,117.3999999999997499,2.1465802192687988
8.4999999999999361,123.0999999999994259,6.0735220909118652
8.4999999999999361,123.2999999999994145,4.4613704681396484
8.4999999999999361,123.3999999999994088,4.0407843589782715
8.4999999999999361,123.4999999999994031,3.4542071819305420
8.4999999999999361,123.5999999999993975,3.4539325237274170
8.4999999999999361,123.6999999999993918,3.9162509441375732
8.4999999999999361,123.7999999999993861,4.0922069549560547
8.4999999999999361,124.2999999999993577,3.3121087551116943
8.4999999999999361,124.3999999999993520,3.2127976417541504
8.4999999999999361,124.4999999999993463,2.4097371101379395
8.4999999999999361,124.6999999999993349,2.0262351036071777
8.4999999999999361,124.7999999999993292,2.3069558143615723
8.4999999999999361,124.8999999999993236,2.4285361766815186
8.4999999999999361,124.9999999999993179,2.3127026557922363
8.4999999999999361,125.0999999999993122,3.2793922424316406
8.4999999999999361,125.1999999999993065,3.5349934101104736
8.4999999999999361,125.2999999999993008,2.9346313476562500
8.4999999999999361,125.3999999999992951,2.4151723384857178
8.4999999999999361,125.4999999999992895,2.0017302036285400
8.4999999999999361,125.5999999999992838,2.0033977031707764
8.4999999999999361,125.6999999999992781,2.1043345928192139
8.4999999999999361,125.7999999999992724,1.7567089796066284
8.4999999999999361,125.8999999999992667,2.1874167919158936
8.4999999999999361,125.9999999999992610,2.4294526576995850
8.4999999999999361,126.0999999999992554,3.0227959156036377
8.4999999999999361,126.1999999999992497,4.2497906684875488
8.4999999999999361,126.2999999999992440,5.3601546287536621
8.3999999999999364,123.0999999999994259,4.8620376586914062
8.3999999999999364,123.1999999999994202,4.1292219161987305
8.3999999999999364,123.2999999999994145,3.6397247314453125
8.3999999999999364,123.3999999999994088,3.0119509696960449
8.3999999999999364,123.4999999999994031,2.4287786483764648
8.3999999999999364,123.5999999999993975,2.4698996543884277
8.3999999999999364,123.6999999999993918,3.0237014293670654
8.3999999999999364,123.7999999999993861,3.5151917934417725
8.3999999999999364,124.2999999999993577,2.9290261268615723
8.3999999999999364,124.3999999999993520,2.6517524719238281
8.3999999999999364,124.4999999999993463,2.3475892543792725
8.3999999999999364,124.5999999999993406,2.1166608333587646
8.3999999999999364,124.6999999999993349,2.3575809001922607
8.3999999999999364,124.7999999999993292,2.4817759990692139
8.3999999999999364,124.8999999999993236,2.5030686855316162
8.3999999999999364,124.9999999999993179,2.2044193744659424
8.3999999999999364,125.0999999999993122,2.8265683650970459
8.3999999999999364,125.1999999999993065,3.0390965938568115
8.3999999999999364,125.2999999999993008,2.4569375514984131
8.3999999999999364,125.3999999999992951,1.8808950185775757
8.3999999999999364,125.4999999999992895,1.7114359140396118
8.3999999999999364,125.5999999999992838,1.9509439468383789
8.3999999999999364,125.6999999999992781,1.8437799215316772
8.3999999999999364,125.7999999999992724,1.8497914075851440
8.3999999999999364,125.8999999999992667,2.0345776081085205
8.3999999999999364,125.9999999999992610,2.0542247295379639
8.3999999999999364,126.0999999999992554,2.6113934516906738
8.3999999999999364,126.1999999999992497,3.5644378662109375
8.3999999999999364,126.2999999999992440,4.6160755157470703
8.2999999999999368,117.2999999999997556,3.9754726886749268
8.2999999999999368,122.9999999999994316,4.0667920112609863
8.2999999999999368,123.0999999999994259,3.4649517536163330
8.2999999999999368,123.1999999999994202,2.7208251953125000
8.2999999999999368,123.2999999999994145,2.2671353816986084
8.2999999999999368,123.3999999999994088,1.8558733463287354
8.2999999999999368,123.4999999999994031,1.6523450613021851
8.2999999999999368,123.5999999999993975,1.9027254581451416
8.2999999999999368,123.6999999999993918,2.3110537528991699
8.2999999999999368,123.7999999999993861,2.7703633308410645
8.2999999999999368,124.2999999999993577,2.3268244266510010
8.2999999999999368,124.3999999999993520,2.0828011035919189
8.2999999999999368,124.4999999999993463,2.0732550621032715
8.2999999999999368,124.5999999999993406,2.4035918712615967
8.2999999999999368,124.6999999999993349,2.3394134044647217
8.2999999999999368,124.7999999999993292,2.5507819652557373
8.2999999999999368,124.8999999999993236,2.6256492137908936
8.2999999999999368,124.9999999999993179,2.4838237762451172
8.2999999999999368,125.0999999999993122,2.6826732158660889
8.2999999999999368,125.1999999999993065,2.6834161281585693
8.2999999999999368,125.2999999999993008,2.1386442184448242
8.2999999999999368,125.3999999999992951,1.5947471857070923
8.2999999999999368,125.4999999999992895,1.3966475725173950
8.2999999999999368,125.5999999999992838,1.6445019245147705
8.2999999999999368,125.6999999999992781,1.7761420011520386
8.2999999999999368,125.7999999999992724,1.7532631158828735
8.2999999999999368,125.8999999999992667,1.7839101552963257
8.2999999999999368,125.9999999999992610,1.8256448507308960
8.2999999999999368,126.0999999999992554,2.4100577831268311
8.2999999999999368,126.1999999999992497,3.1758742332458496
8.2999999999999368,126.2999999999992440,3.9394154548645020
8.1999999999999371,122.9999999999994316,3.6037309169769287
8.1999999999999371,123.0999999999994259,2.6905422210693359
8.1999999999999371,123.1999999999994202,1.8721411228179932
8.1999999999999371,123.2999999999994145,1.4962780475616455
8.1999999999999371,123.3999999999994088,1.4902113676071167
8.1999999999999371,123.4999999999994031,1.6141322851181030
8.1999999999999371,123.5999999999993975,1.8570654392242432
8.1999999999999371,123.6999999999993918,2.1033208370208740
8.1999999999999371,123.7999999999993861,2.5008082389831543
8.1999999999999371,124.0999999999993690,3.0304405689239502
8.1999999999999371,124.1999999999993634,2.5749742984771729
8.1999999999999371,124.2999999999993577,2.1189057826995850
8.1999999999999371,124.3999999999993520,1.9046230316162109
8.1999999999999371,124.4999999999993463,2.1928880214691162
8.1999999999999371,124.5999999999993406,2.4629557132720947
8.1999999999999371,124.6999999999993349,1.9213522672653198
8.1999999999999371,124.7999999999993292,1.9572035074234009
8.1999999999999371,124.8999999999993236,2.3831636905670166
8.1999999999999371,124.9999999999993179,2.4706423282623291
8.1999999999999371,125.0999999999993122,2.5566363334655762
8.1999999999999371,125.1999999999993065,2.4902007579803467
8.1999999999999371,125.2999999999993008,2.1530597209930420
8.1999999999999371,125.3999999999992951,1.6976541280746460
8.1999999999999371,125.4999999999992895,1.3346521854400635
8.1999999999999371,125.5999999999992838,1.3935593366622925
8.1999999999999371,125.6999999999992781,1.8102130889892578
8.1999999999999371,125.7999999999992724,1.6613752841949463
8.1999999999999371,125.8999999999992667,1.6716349124908447
8.1999999999999371,125.9999999999992610,1.8322795629501343
8.1999999999999371,126.0999999999992554,2.4442188739776611
8.1999999999999371,126.1999999999992497,3.0373778343200684
8.1999999999999371,126.2999999999992440,3.4471077919006348
8.1999999999999371,126.3999999999992383,4.7636842727661133
8.0999999999999375,116.9999999999997726,3.9642910957336426
8.0999999999999375,122.7999999999994429,3.0973899364471436
8.0999999999999375,122.8999999999994373,3.2213337421417236
8.0999999999999375,122.9999999999994316,2.8254222869873047
8.0999999999999375,123.0999999999994259,2.2166421413421631
8.0999999999999375,123.1999999999994202,1.6115665435791016
8.0999999999999375,123.2999999999994145,1.6282199621200562
8.0999999999999375,123.3999999999994088,1.9363101720809937
8.0999999999999375,123.4999999999994031,2.1189768314361572
8.0999999999999375,123.5999999999993975,1.9221683740615845
8.0999999999999375,123.6999999999993918,2.1867454051971436
8.0999999999999375,123.7999999999993861,2.4068365097045898
8.0999999999999375,123.9999999999993747,2.8835897445678711
8.0999999999999375,124.0999999999993690,2.7285153865814209
8.0999999999999375,124.1999999999993634,2.4648435115814209
8.0999999999999375,124.2999999999993577,2.0635597705841064
8.0999999999999375,124.3999999999993520,1.8606897592544556
8.0999999999999375,124.4999999999993463,2.0848760604858398
8.0999999999999375,124.5999999999993406,2.1214790344238281
8.0999999999999375,124.6999999999993349,1.6212236881256104
8.0999999999999375,124.7999999999993292,1.7037725448608398
8.0999999999999375,124.8999999999993236,2.2402813434600830
8.0999999999999375,124.9999999999993179,2.2307839393615723
8.0999999999999375,125.0999999999993122,2.2283267974853516
8.0999999999999375,125.1999999999993065,2.2280230522155762
8.0999999999999375,125.2999999999993008,2.1331498622894287
8.0999999999999375,125.3999999999992951,1.9399298429489136
8.0999999999999375,125.4999999999992895,1.6819221973419189
8.0999999999999375,125.5999999999992838,1.6632022857666016
8.0999999999999375,125.6999999999992781,2.2888200283050537
8.0999999999999375,125.7999999999992724,1.9911558628082275
8.0999999999999375,125.8999999999992667,1.6108149290084839
8.0999999999999375,125.9999999999992610,1.9799947738647461
8.0999999999999375,126.0999999999992554,2.4960579872131348
8.0999999999999375,126.1999999999992497,2.6731808185577393
8.0999999999999375,126.2999999999992440,3.0104174613952637
8.0999999999999375,126.3999999999992383,5.0888624191284180
7.9999999999999378,116.9999999999997726,4.2168021202087402
7.9999999999999378,122.2999999999994714,4.0157337188720703
7.9999999999999378,122.3999999999994657,3.7425162792205811
7.9999999999999378,122.4999999999994600,3.3153426647186279
7.9999999999999378,122.5999999999994543,3.3525617122650146
7.9999999999999378,122.6999999999994486,3.1976335048675537
7.9999999999999378,122.7999999999994429,2.6830494403839111
7.9999999999999378,122.8999999999994373,2.5573031902313232
7.9999999999999378,122.9999999999994316,2.1342976093292236
7.9999999999999378,123.0999999999994259,1.8070520162582397
7.9999999999999378,123.1999999999994202,1.7458523511886597
7.9999999999999378,123.2999999999994145,2.1101214885711670
7.9999999999999378,123.3999999999994088,2.5120267868041992
7.9999999999999378,123.4999999999994031,2.6879043579101562
7.9999999999999378,123.5999999999993975,2.4081113338470459
7.9999999999999378,123.6999999999993918,2.3688740730285645
7.9999999999999378,123.7999999999993861,2.3394367694854736
7.9999999999999378,123.8999999999993804,2.4271214008331299
7.9999999999999378,123.9999999999993747,2.5965039730072021
7.9999999999999378,124.0999999999993690,2.4318673610687256
7.9999999999999378,124.1999999999993634,2.1309647560119629
7.9999999999999378,124.2999999999993577,1.9308757781982422
7.9999999999999378,124.3999999999993520,1.8232589960098267
7.9999999999999378,124.4999999999993463,1.8122657537460327
7.9999999999999378,124.5999999999993406,2.3995158672332764
7.9999999999999378,124.6999999999993349,2.2547748088836670
7.9999999999999378,124.7999999999993292,2.0949971675872803
7.9999999999999378,124.8999999999993236,2.0193526744842529
7.9999999999999378,124.9999999999993179,1.9216734170913696
7.9999999999999378,125.0999999999993122,1.9644889831542969
7.9999999999999378,125.1999999999993065,2.0370678901672363
7.9999999999999378,125.2999999999993008,2.0253016948699951
7.9999999999999378,125.3999999999992951,2.1088755130767822
7.9999999999999378,125.4999999999992895,2.1178565025329590
7.9999999999999378,125.5999999999992838,2.1528642177581787
7.9999999999999378,125.6999999999992781,2.5295598506927490
7.9999999999999378,125.7999999999992724,2.2873244285583496
7.9999999999999378,125.8999999999992667,2.1783015727996826
7.9999999999999378,125.9999999999992610,2.0957992076873779
7.9999999999999378,126.0999999999992554,2.0455007553100586
7.9999999999999378,126.1999999999992497,2.2008426189422607
7.9999999999999378,126.2999999999992440,2.5279858112335205
7.8999999999999382,116.9999999999997726,4.2163977622985840
7.8999999999999382,122.2999999999994714,3.4938037395477295
7.8999999999999382,122.3999999999994657,3.0969183444976807
7.8999999999999382,122.4999999999994600,3.0033030509948730
7.8999999999999382,122.5999999999994543,3.9832901954650879
7.8999999999999382,122.6999999999994486,3.7098629474639893
7.8999999999999382,122.7999999999994429,3.0543324947357178
7.8999999999999382,122.8999999999994373,2.6090512275695801
7.8999999999999382,122.9999999999994316,2.3635404109954834
7.8999999999999382,123.0999999999994259,2.1489791870117188
7.8999999999999382,123.1999999999994202,1.9241081476211548
7.8999999999999382,123.2999999999994145,2.7032551765441895
7.8999999999999382,123.3999999999994088,3.2789654731750488
7.8999999999999382,123.4999999999994031,3.4164586067199707
7.8999999999999382,123.5999999999993975,3.1318624019622803
7.8999999999999382,123.6999999999993918,3.1543653011322021
7.8999999999999382,123.7999999999993861,2.6738412380218506
7.8999999999999382,123.8999999999993804,2.1752617359161377
7.8999999999999382,123.9999999999993747,2.3653147220611572
7.8999999999999382,124.0999999999993690,2.1815054416656494
7.8999999999999382,124.1999999999993634,1.9627832174301147
7.8999999999999382,124.2999999999993577,1.9318450689315796
7.8999999999999382,124.3999999999993520,1.8776241540908813
7.8999999999999382,124.4999999999993463,1.7128359079360962
7.8999999999999382,124.5999999999993406,2.3081285953521729
7.8999999999999382,124.6999999999993349,2.3122487068176270
7.8999999999999382,124.7999999999993292,2.0191781520843506
7.8999999999999382,124.8999999999993236,1.6506756544113159
7.8999999999999382,124.9999999999993179,1.7297734022140503
7.8999999999999382,125.0999999999993122,1.8049398660659790
7.8999999999999382,125.1999999999993065,1.8928864002227783
7.8999999999999382,125.2999999999993008,1.9009965658187866
7.8999999999999382,125.3999999999992951,2.0824267864227295
7.8999999999999382,125.4999999999992895,2.3748078346252441
7.8999999999999382,125.5999999999992838,2.6816627979278564
7.8999999999999382,125.6999999999992781,2.9451403617858887
7.8999999999999382,125.7999999999992724,2.8568227291107178
7.8999999999999382,125.8999999999992667,2.6098926067352295
7.8999999999999382,125.9999999999992610,2.2418825626373291
7.8999999999999382,126.0999999999992554,1.7721379995346069
7.8999999999999382,126.1999999999992497,1.8324978351593018
7.8999999999999382,126.2999999999992440,2.5133411884307861
7.7999999999999385,122.0999999999994827,4.6263260841369629
7.7999999999999385,122.1999999999994770,3.5045304298400879
7.7999999999999385,122.2999999999994714,2.8679556846618652
7.7999999999999385,122.3999999999994657,2.6545083522796631
7.7999999999999385,122.4999999999994600,3.7016675472259521
7.7999999999999385,122.5999999999994543,4.9215745925903320
7.7999999999999385,122.6999999999994486,4.4197506904602051
7.7999999999999385,122.7999999999994429,3.7281682491302490
7.7999999999999385,122.8999999999994373,3.0902626514434814
7.7999999999999385,122.9999999999994316,2.7358748912811279
7.7999999999999385,123.0999999999994259,2.1748340129852295
7.7999999999999385,123.1999999999994202,2.2100799083709717
7.7999999999999385,123.2999999999994145,2.9259805679321289
7.7999999999999385,123.3999999999994088,4.0528025627136230
7.7999999999999385,123.6999999999993918,3.8280231952667236
7.7999999999999385,123.7999999999993861,3.7624497413635254
7.7999999999999385,123.8999999999993804,2.7041409015655518
7.7999999999999385,123.9999999999993747,2.2018797397613525
7.7999999999999385,124.0999999999993690,2.0680232048034668
7.7999999999999385,124.1999999999993634,1.9483779668807983
7.7999999999999385,124.2999999999993577,1.9590438604354858
7.7999999999999385,124.3999999999993520,1.9172899723052979
7.7999999999999385,124.4999999999993463,1.9188041687011719
7.7999999999999385,124.5999999999993406,2.3741540908813477
7.7999999999999385,124.6999999999993349,2.1321222782135010
7.7999999999999385,124.7999999999993292,1.6688938140869141
7.7999999999999385,124.8999999999993236,1.7456926107406616
7.7999999999999385,124.9999999999993179,1.7418216466903687
7.7999999999999385,125.0999999999993122,1.9375461339950562
7.7999999999999385,125.1999999999993065,2.0279459953308105
7.7999999999999385,125.2999999999993008,1.8355619907379150
7.7999999999999385,125.3999999999992951,2.1068170070648193
7.7999999999999385,125.4999999999992895,2.4794409275054932
7.7999999999999385,125.5999999999992838,3.0373914241790771
7.7999999999999385,125.6999999999992781,3.4970538616180420
7.7999999999999385,125.7999999999992724,3.3101289272308350
7.7999999999999385,125.8999999999992667,2.8093190193176270
7.7999999999999385,125.9999999999992610,2.4054496288299561
7.7999999999999385,126.0999999999992554,1.9479954242706299
7.7999999999999385,126.1999999999992497,1.9589918851852417
7.7999999999999385,126.2999999999992440,2.4946000576019287
7.7999999999999385,126.3999999999992383,4.2397456169128418
7.6999999999999389,122.1999999999994770,3.7797451019287109
7.6999999999999389,122.2999999999994714,2.7523400783538818
7.6999999999999389,122.3999999999994657,3.1504065990447998
7.6999999999999389,122.4999999999994600,4.1585011482238770
7.6999999999999389,122.8999999999994373,3.7678451538085938
7.6999999999999389,122.9999999999994316,3.2474975585937500
7.6999999999999389,123.0999999999994259,2.6457021236419678
7.6999999999999389,123.1999999999994202,2.6130225658416748
7.6999999999999389,123.2999999999994145,3.3010418415069580
7.6999999999999389,123.3999999999994088,4.4637866020202637
7.6999999999999389,123.4999999999994031,5.0536069869995117
7.6999999999999389,123.8999999999993804,3.2135345935821533
7.6999999999999389,123.9999999999993747,2.4340982437133789
7.6999999999999389,124.0999999999993690,1.9882507324218750
7.6999999999999389,124.1999999999993634,1.9181044101715088
7.6999999999999389,124.2999999999993577,1.9343289136886597
7.6999999999999389,124.3999999999993520,1.9296935796737671
7.6999999999999389,124.4999999999993463,2.2133259773254395
7.6999999999999389,124.5999999999993406,2.3832561969757080
7.6999999999999389,124.6999999999993349,2.0301358699798584
7.6999999999999389,124.7999999999993292,2.1131961345672607
7.6999999999999389,124.8999999999993236,2.1895546913146973
7.6999999999999389,124.9999999999993179,2.1808285713195801
7.6999999999999389,125.0999999999993122,2.2092199325561523
7.6999999999999389,125.1999999999993065,2.1376109123229980
7.6999999999999389,125.2999999999993008,1.8084766864776611
7.6999999999999389,125.3999999999992951,2.0139257907867432
7.6999999999999389,125.4999999999992895,2.4643065929412842
7.6999999999999389,125.5999999999992838,3.0855724811553955
7.6999999999999389,125.6999999999992781,3.7517051696777344
7.6999999999999389,125.7999999999992724,3.3424592018127441
7.6999999999999389,125.8999999999992667,2.7959756851196289
7.6999999999999389,125.9999999999992610,2.4897058010101318
7.6999999999999389,126.0999999999992554,1.9843475818634033
7.6999999999999389,126.1999999999992497,1.9708579778671265
7.6999999999999389,126.2999999999992440,2.0649540424346924
7.6999999999999389,126.3999999999992383,3.5147438049316406
7.6999999999999389,126.4999999999992326,5.0669207572937012
7.5999999999999392,122.1999999999994770,3.7689607143402100
7.5999999999999392,122.2999999999994714,3.0432386398315430
7.5999999999999392,122.3999999999994657,3.5095894336700439
7.5999999999999392,122.8999999999994373,5.3231329917907715
7.5999999999999392,122.9999999999994316,4.4701929092407227
7.5999999999999392,123.1999999999994202,3.7946851253509521
7.5999999999999392,123.2999999999994145,4.4630842208862305
7.5999999999999392,123.3999999999994088,4.9751639366149902
7.5999999999999392,124.0999999999993690,2.2935042381286621
7.5999999999999392,124.1999999999993634,1.8550878763198853
7.5999999999999392,124.2999999999993577,1.8919632434844971
7.5999999999999392,124.3999999999993520,2.0412814617156982
7.5999999999999392,124.4999999999993463,2.0947046279907227
7.5999999999999392,124.5999999999993406,2.0283908843994141
7.5999999999999392,124.6999999999993349,2.1577064990997314
7.5999999999999392,124.7999999999993292,2.2461211681365967
7.5999999999999392,124.8999999999993236,2.3084390163421631
7.5999999999999392,124.9999999999993179,2.2722179889678955
7.5999999999999392,125.0999999999993122,2.3060076236724854
7.5999999999999392,125.1999999999993065,2.1895377635955811
7.5999999999999392,125.2999999999993008,2.0109596252441406
7.5999999999999392,125.3999999999992951,1.7109130620956421
7.5999999999999392,125.4999999999992895,2.2134654521942139
7.5999999999999392,125.5999999999992838,2.9577844142913818
7.5999999999999392,125.6999999999992781,3.6983284950256348
7.5999999999999392,125.7999999999992724,3.1267592906951904
7.5999999999999392,125.8999999999992667,2.4356863498687744
7.5999999999999392,125.9999999999992610,2.0420019626617432
7.5999999999999392,126.0999999999992554,1.6457748413085938
7.5999999999999392,126.1999999999992497,1.5269821882247925
7.5999999999999392,126.2999999999992440,1.5057661533355713
7.5999999999999392,126.3999999999992383,2.2788846492767334
7.5999999999999392,126.4999999999992326,3.6311180591583252
7.4999999999999396,122.0999999999994827,4.8324279785156250
7.4999999999999396,122.1999999999994770,4.0329732894897461
7.4999999999999396,122.2999999999994714,3.3911011219024658
7.4999999999999396,123.2999999999994145,5.3888049125671387
7.4999999999999396,123.3999999999994088,5.4760346412658691
7.4999999999999396,124.1999999999993634,2.5881795883178711
7.4999999999999396,124.2999999999993577,2.0582666397094727
7.4999999999999396,124.3999999999993520,1.9600881338119507
7.4999999999999396,124.4999999999993463,1.6858762502670288
7.4999999999999396,124.5999999999993406,1.8463003635406494
7.4999999999999396,124.6999999999993349,2.1097238063812256
7.4999999999999396,124.7999999999993292,2.3523023128509521
7.4999999999999396,124.8999999999993236,2.4479708671569824
7.4999999999999396,124.9999999999993179,2.3489990234375000
7.4999999999999396,125.0999999999993122,2.3236730098724365
7.4999999999999396,125.1999999999993065,2.2138428688049316
7.4999999999999396,125.2999999999993008,1.8944858312606812
7.4999999999999396,125.3999999999992951,1.8784561157226562
7.4999999999999396,125.4999999999992895,2.0877931118011475
7.4999999999999396,125.5999999999992838,2.9350183010101318
7.4999999999999396,125.6999999999992781,3.6752166748046875
7.4999999999999396,125.7999999999992724,3.0848438739776611
7.4999999999999396,125.8999999999992667,2.1491568088531494
7.4999999999999396,125.9999999999992610,1.6956337690353394
7.4999999999999396,126.0999999999992554,1.2841641902923584
7.4999999999999396,126.1999999999992497,1.1763485670089722
7.4999999999999396,126.2999999999992440,1.3184601068496704
7.4999999999999396,126.3999999999992383,1.7193746566772461
7.4999999999999396,126.4999999999992326,2.4589264392852783
7.4999999999999396,126.5999999999992269,3.5415139198303223
7.3999999999999400,122.0999999999994827,4.7616477012634277
7.3999999999999400,122.1999999999994770,4.3189530372619629
7.3999999999999400,122.2999999999994714,3.7022807598114014
7.3999999999999400,122.7999999999994429,7.7305998802185059
7.3999999999999400,123.3999999999994088,5.6919698715209961
7.3999999999999400,124.1999999999993634,3.0636641979217529
7.3999999999999400,124.2999999999993577,2.2866096496582031
7.3999999999999400,124.3999999999993520,1.8630129098892212
7.3999999999999400,124.4999999999993463,1.5821449756622314
7.3999999999999400,124.5999999999993406,1.7282164096832275
7.3999999999999400,124.6999999999993349,1.9506915807723999
7.3999999999999400,124.7999999999993292,2.1794843673706055
7.3999999999999400,124.8999999999993236,2.4041979312896729
7.3999999999999400,124.9999999999993179,2.1921441555023193
7.3999999999999400,125.0999999999993122,2.1881585121154785
7.3999999999999400,125.1999999999993065,2.0965838432312012
7.3999999999999400,125.2999999999993008,1.7539612054824829
7.3999999999999400,125.3999999999992951,1.7988903522491455
7.3999999999999400,125.4999999999992895,2.7952077388763428
7.3999999999999400,125.5999999999992838,3.7671890258789062
7.3999999999999400,125.6999999999992781,4.5986132621765137
7.3999999999999400,125.7999999999992724,3.6574826240539551
7.3999999999999400,125.8999999999992667,2.7971022129058838
7.3999999999999400,125.9999999999992610,1.7955683469772339
7.3999999999999400,126.0999999999992554,1.4629446268081665
7.3999999999999400,126.1999999999992497,1.1988726854324341
7.3999999999999400,126.2999999999992440,1.1425821781158447
7.3999999999999400,126.3999999999992383,1.7824573516845703
7.3999999999999400,126.4999999999992326,2.8111503124237061
7.2999999999999403,116.8999999999997783,4.4814791679382324
7.2999999999999403,117.0999999999997669,5.4142165184020996
7.2999999999999403,117.1999999999997613,5.5494704246520996
7.2999999999999403,122.0999999999994827,4.1608576774597168
7.2999999999999403,122.1999999999994770,4.3740844726562500
7.2999999999999403,124.1999999999993634,2.8835673332214355
7.2999999999999403,124.2999999999993577,2.3498280048370361
7.2999999999999403,124.3999999999993520,2.0230290889739990
7.2999999999999403,124.4999999999993463,1.6955267190933228
7.2999999999999403,124.5999999999993406,2.0198743343353271
7.2999999999999403,124.6999999999993349,1.8619959354400635
7.2999999999999403,124.7999999999993292,2.2718217372894287
7.2999999999999403,124.8999999999993236,2.4687068462371826
7.2999999999999403,124.9999999999993179,2.0069694519042969
7.2999999999999403,125.0999999999993122,1.9470373392105103
7.2999999999999403,125.1999999999993065,1.8395689725875854
7.2999999999999403,125.2999999999993008,1.5468578338623047
7.2999999999999403,125.3999999999992951,1.9199230670928955
7.2999999999999403,125.4999999999992895,3.5858094692230225
7.2999999999999403,125.5999999999992838,5.3255910873413086
7.2999999999999403,125.6999999999992781,6.0023260116577148
7.2999999999999403,125.8999999999992667,4.1622881889343262
7.2999999999999403,125.9999999999992610,2.5577499866485596
7.2999999999999403,126.0999999999992554,1.9933127164840698
7.2999999999999403,126.1999999999992497,1.7301267385482788
7.2999999999999403,126.2999999999992440,1.6054073572158813
7.2999999999999403,126.3999999999992383,2.5873870849609375
7.2999999999999403,126.4999999999992326,4.3255000114440918
7.2999999999999403,126.5999999999992269,6.2146568298339844
7.1999999999999407,117.0999999999997669,5.6224946975708008
7.1999999999999407,117.1999999999997613,5.8300080299377441
7.1999999999999407,121.9999999999994884,3.9216804504394531
7.1999999999999407,122.0999999999994827,3.4693679809570312
7.1999999999999407,122.1999999999994770,3.7271790504455566
7.1999999999999407,124.1999999999993634,3.1312897205352783
7.1999999999999407,124.2999999999993577,2.5441675186157227
7.1999999999999407,124.3999999999993520,2.1590468883514404
7.1999999999999407,124.4999999999993463,2.0248298645019531
7.1999999999999407,124.5999999999993406,2.2677354812622070
7.1999999999999407,124.6999999999993349,2.0729205608367920
7.1999999999999407,124.7999999999993292,2.4626257419586182
7.1999999999999407,124.8999999999993236,2.6709179878234863
7.1999999999999407,124.9999999999993179,2.0264661312103271
7.1999999999999407,125.0999999999993122,1.8600114583969116
7.1999999999999407,125.1999999999993065,1.8146524429321289
7.1999999999999407,125.2999999999993008,1.8035684823989868
7.1999999999999407,125.3999999999992951,2.4307963848114014
7.1999999999999407,125.4999999999992895,4.1091809272766113
7.1999999999999407,125.5999999999992838,6.1790614128112793
7.1999999999999407,125.9999999999992610,3.5960633754730225
7.1999999999999407,126.0999999999992554,2.8578643798828125
7.1999999999999407,126.1999999999992497,2.3795955181121826
7.1999999999999407,126.2999999999992440,2.3334741592407227
7.1999999999999407,126.3999999999992383,4.1352720260620117
7.1999999999999407,126.4999999999992326,6.4470934867858887
7.0999999999999410,121.9999999999994884,3.6563949584960938
7.0999999999999410,122.0999999999994827,3.2286918163299561
7.0999999999999410,122.1999999999994770,3.4133098125457764
7.0999999999999410,124.0999999999993690,3.7365577220916748
7.0999999999999410,124.1999999999993634,3.1319339275360107
7.0999999999999410,124.2999999999993577,2.5097725391387939
7.0999999999999410,124.3999999999993520,2.1418969631195068
7.0999999999999410,124.4999999999993463,1.8398221731185913
7.0999999999999410,124.5999999999993406,2.2220726013183594
7.0999999999999410,124.6999999999993349,2.2561097145080566
7.0999999999999410,124.7999999999993292,2.2538011074066162
7.0999999999999410,124.8999999999993236,2.4386622905731201
7.0999999999999410,124.9999999999993179,1.7745939493179321
7.0999999999999410,125.0999999999993122,1.5147556066513062
7.0999999999999410,125.1999999999993065,1.8020132780075073
7.0999999999999410,125.2999999999993008,2.0565755367279053
7.0999999999999410,125.3999999999992951,2.5816338062286377
7.0999999999999410,125.4999999999992895,4.2248530387878418
7.0999999999999410,125.5999999999992838,6.1215915679931641
7.0999999999999410,125.6999999999992781,8.7653865814208984
7.0999999999999410,125.8999999999992667,5.7608542442321777
7.0999999999999410,125.9999999999992610,4.6524920463562012
7.0999999999999410,126.0999999999992554,3.8533189296722412
7.0999999999999410,126.1999999999992497,3.2270278930664062
7.0999999999999410,126.2999999999992440,3.4347672462463379
7.0999999999999410,126.3999999999992383,5.6491646766662598
6.9999999999999414,117.0999999999997669,5.3139700889587402
6.9999999999999414,121.9999999999994884,3.7286770343780518
6.9999999999999414,122.0999999999994827,3.4109694957733154
6.9999999999999414,122.1999999999994770,3.6795785427093506
6.9999999999999414,123.9999999999993747,3.1097164154052734
6.9999999999999414,124.0999999999993690,3.1089890003204346
6.9999999999999414,124.1999999999993634,2.9092211723327637
6.9999999999999414,124.2999999999993577,2.4102189540863037
6.9999999999999414,124.3999999999993520,2.0130689144134521
6.9999999999999414,124.4999999999993463,1.6689939498901367
6.9999999999999414,124.5999999999993406,1.7779940366744995
6.9999999999999414,124.6999999999993349,2.1521973609924316
6.9999999999999414,124.7999999999993292,2.3392832279205322
6.9999999999999414,124.8999999999993236,2.2002227306365967
6.9999999999999414,124.9999999999993179,1.7855519056320190
6.9999999999999414,125.0999999999993122,1.1751803159713745
6.9999999999999414,125.1999999999993065,1.4595644474029541
6.9999999999999414,125.2999999999993008,2.1560323238372803
6.9999999999999414,125.3999999999992951,2.5755343437194824
6.9999999999999414,125.4999999999992895,3.5684895515441895
6.9999999999999414,125.7999999999992724,9.4412918090820312
6.9999999999999414,125.9999999999992610,5.5528106689453125
6.9999999999999414,126.0999999999992554,4.7476239204406738
6.9999999999999414,126.1999999999992497,3.6124291419982910
6.9999999999999414,126.2999999999992440,4.3506298065185547
6.8999999999999417,116.6999999999997897,2.3322534561157227
6.8999999999999417,116.7999999999997840,2.8961648941040039
6.8999999999999417,117.0999999999997669,5.0457239151000977
6.8999999999999417,117.1999999999997613,5.6009902954101562
6.8999999999999417,122.0999999999994827,3.5425305366516113
6.8999999999999417,123.9999999999993747,2.6972577571868896
6.8999999999999417,124.0999999999993690,2.4482867717742920
6.8999999999999417,124.1999999999993634,2.3670690059661865
6.8999999999999417,124.2999999999993577,2.2001461982727051
6.8999999999999417,124.3999999999993520,1.8138750791549683
6.8999999999999417,124.4999999999993463,1.5160058736801147
6.8999999999999417,124.5999999999993406,1.7278015613555908
6.8999999999999417,124.6999999999993349,1.8195980787277222
6.8999999999999417,124.7999999999993292,2.2662351131439209
6.8999999999999417,124.8999999999993236,2.4905660152435303
6.8999999999999417,124.9999999999993179,1.7875238656997681
6.8999999999999417,125.0999999999993122,1.2405803203582764
6.8999999999999417,125.1999999999993065,1.0983936786651611
6.8999999999999417,125.2999999999993008,1.7194494009017944
6.8999999999999417,125.3999999999992951,2.5433757305145264
6.8999999999999417,126.0999999999992554,5.2434992790222168
6.8999999999999417,126.2999999999992440,5.1853957176208496
6.7999999999999421,124.0999999999993690,2.2080838680267334
6.7999999999999421,124.1999999999993634,1.9289677143096924
6.7999999999999421,124.2999999999993577,1.9896837472915649
6.7999999999999421,124.3999999999993520,1.5196770429611206
6.7999999999999421,124.4999999999993463,1.4488824605941772
6.7999999999999421,124.5999999999993406,1.5792793035507202
6.7999999999999421,124.6999999999993349,1.4683525562286377
6.7999999999999421,124.7999999999993292,1.8766691684722900
6.7999999999999421,124.8999999999993236,2.2019641399383545
6.7999999999999421,124.9999999999993179,1.7748626470565796
6.7999999999999421,125.0999999999993122,1.4084930419921875
6.7999999999999421,125.1999999999993065,1.1030522584915161
6.7999999999999421,125.2999999999993008,1.6019216775894165
6.7999999999999421,125.3999999999992951,2.3315706253051758
6.7999999999999421,126.0999999999992554,5.6503553390502930
6.7999999999999421,126.1999999999992497,5.3908805847167969
6.6999999999999424,121.9999999999994884,4.0078134536743164
6.6999999999999424,122.0999999999994827,3.3857605457305908
6.6999999999999424,124.0999999999993690,3.1631472110748291
6.6999999999999424,124.1999999999993634,1.9755295515060425
6.6999999999999424,124.2999999999993577,1.8260322809219360
6.6999999999999424,124.3999999999993520,1.3186188936233521
6.6999999999999424,124.4999999999993463,1.3658531904220581
6.6999999999999424,124.5999999999993406,1.7084530591964722
6.6999999999999424,124.6999999999993349,1.2755329608917236
6.6999999999999424,124.7999999999993292,1.8325872421264648
6.6999999999999424,124.8999999999993236,2.3001213073730469
6.6999999999999424,124.9999999999993179,1.9663183689117432
6.6999999999999424,125.0999999999993122,1.6540962457656860
6.6999999999999424,125.1999999999993065,1.2441604137420654
6.6999999999999424,125.2999999999993008,1.5385441780090332
6.6999999999999424,126.0999999999992554,6.4754385948181152
6.6999999999999424,126.1999999999992497,6.3429508209228516
6.5999999999999428,121.8999999999994941,5.9379897117614746
6.5999999999999428,121.9999999999994884,4.3239421844482422
6.5999999999999428,122.0999999999994827,3.4913234710693359
6.5999999999999428,122.1999999999994770,3.8700923919677734
6.5999999999999428,124.0999999999993690,3.7504582405090332
6.5999999999999428,124.1999999999993634,2.3062226772308350
6.5999999999999428,124.2999999999993577,1.7083433866500854
6.5999999999999428,124.3999999999993520,1.2557255029678345
6.5999999999999428,124.4999999999993463,1.2180025577545166
6.5999999999999428,124.5999999999993406,1.6411453485488892
6.5999999999999428,124.6999999999993349,1.6719926595687866
6.5999999999999428,124.7999999999993292,1.8732976913452148
6.5999999999999428,124.8999999999993236,2.2965133190155029
6.5999999999999428,124.9999999999993179,2.0132718086242676
6.5999999999999428,125.0999999999993122,1.7666237354278564
6.5999999999999428,125.1999999999993065,1.3843615055084229
6.5999999999999428,125.2999999999993008,1.4563447237014771
6.5999999999999428,126.0999999999992554,7.1902670860290527
6.5999999999999428,126.1999999999992497,7.1053347587585449
6.4999999999999432,121.9999999999994884,5.1264195442199707
6.4999999999999432,122.0999999999994827,4.2665247917175293
6.4999999999999432,122.1999999999994770,4.5085101127624512
6.4999999999999432,124.0999999999993690,4.2547984123229980
6.4999999999999432,124.1999999999993634,2.6760506629943848
6.4999999999999432,124.2999999999993577,1.4173017740249634
6.4999999999999432,124.3999999999993520,1.0514351129531860
6.4999999999999432,124.4999999999993463,1.1931810379028320
6.4999999999999432,124.5999999999993406,1.3428710699081421
6.4999999999999432,124.6999999999993349,1.5602753162384033
6.4999999999999432,124.7999999999993292,1.7208366394042969
6.4999999999999432,124.8999999999993236,2.0196521282196045
6.4999999999999432,124.9999999999993179,1.7561918497085571
6.4999999999999432,125.0999999999993122,1.5076847076416016
6.4999999999999432,125.1999999999993065,1.1237605810165405
6.4999999999999432,125.2999999999993008,1.5093249082565308
6.4999999999999432,125.3999999999992951,2.3989756107330322
6.4999999999999432,125.4999999999992895,4.3451228141784668
6.4999999999999432,125.5999999999992838,6.0285143852233887
6.4999999999999432,126.1999999999992497,7.4260382652282715
6.3999999999999435,121.9999999999994884,5.9833884239196777
6.3999999999999435,124.0999999999993690,4.7132186889648438
6.3999999999999435,124.1999999999993634,3.1909472942352295
6.3999999999999435,124.2999999999993577,1.6918429136276245
6.3999999999999435,124.3999999999993520,1.2627782821655273
6.3999999999999435,124.4999999999993463,1.0772349834442139
6.3999999999999435,124.5999999999993406,1.4328993558883667
6.3999999999999435,124.6999999999993349,1.5569599866867065
6.3999999999999435,124.7999999999993292,1.6423037052154541
6.3999999999999435,124.8999999999993236,1.6424623727798462
6.3999999999999435,124.9999999999993179,1.4968926906585693
6.3999999999999435,125.0999999999993122,1.2037446498870850
6.3999999999999435,125.1999999999993065,1.0409841537475586
6.3999999999999435,125.2999999999993008,1.5188491344451904
6.3999999999999435,125.3999999999992951,2.4863269329071045
6.3999999999999435,125.4999999999992895,4.4399318695068359
6.2999999999999439,120.5999999999995680,6.4014053344726562
6.2999999999999439,124.1999999999993634,3.8315708637237549
6.2999999999999439,124.2999999999993577,2.1532294750213623
6.2999999999999439,124.3999999999993520,1.3322728872299194
6.2999999999999439,124.4999999999993463,1.0969809293746948
6.2999999999999439,124.5999999999993406,1.3812764883041382
6.2999999999999439,124.6999999999993349,1.5039710998535156
6.2999999999999439,124.7999999999993292,1.5966806411743164
6.2999999999999439,124.8999999999993236,1.5722839832305908
6.2999999999999439,124.9999999999993179,1.2611354589462280
6.2999999999999439,125.0999999999993122,0.9426721930503845
6.2999999999999439,125.1999999999993065,0.8716214299201965
6.2999999999999439,125.2999999999993008,1.6437768936157227
6.2999999999999439,125.3999999999992951,2.6585664749145508
6.2999999999999439,125.4999999999992895,4.2622685432434082
6.2999999999999439,125.5999999999992838,6.8238153457641602
6.1999999999999442,124.2999999999993577,3.0244591236114502
6.1999999999999442,124.3999999999993520,2.2415826320648193
6.1999999999999442,124.4999999999993463,1.4651941061019897
6.1999999999999442,124.5999999999993406,1.3523985147476196
6.1999999999999442,124.6999999999993349,1.3500310182571411
6.1999999999999442,124.7999999999993292,1.3325635194778442
6.1999999999999442,124.8999999999993236,1.2200716733932495
6.1999999999999442,124.9999999999993179,0.9078108668327332
6.1999999999999442,125.0999999999993122,0.7582769989967346
6.1999999999999442,125.1999999999993065,1.1408250331878662
6.1999999999999442,125.2999999999993008,2.0315849781036377
6.1999999999999442,125.3999999999992951,2.6159577369689941
6.1999999999999442,125.4999999999992895,3.9447915554046631
6.1999999999999442,125.5999999999992838,6.1608114242553711
6.1999999999999442,125.6999999999992781,8.0672893524169922
6.0999999999999446,120.9999999999995453,7.2254037857055664
6.0999999999999446,121.0999999999995396,7.3749556541442871
6.0999999999999446,124.4999999999993463,2.4819569587707520
6.0999999999999446,124.5999999999993406,1.8657715320587158
6.0999999999999446,124.6999999999993349,1.6176878213882446
6.0999999999999446,124.7999999999993292,1.4433590173721313
6.0999999999999446,124.8999999999993236,1.2733892202377319
6.0999999999999446,124.9999999999993179,1.3200899362564087
6.0999999999999446,125.0999999999993122,1.5324600934982300
6.0999999999999446,125.2999999999993008,2.1027047634124756
6.0999999999999446,125.3999999999992951,2.5068531036376953
6.0999999999999446,125.4999999999992895,3.8269546031951904
6.0999999999999446,125.5999999999992838,5.7917141914367676
6.0999999999999446,125.6999999999992781,7.4477725028991699
5.9999999999999449,120.8999999999995509,6.9838204383850098
5.9999999999999449,120.9999999999995453,7.1760497093200684
5.9999999999999449,121.0999999999995396,7.3781218528747559
5.9999999999999449,121.3999999999995225,7.6495690345764160
5.9999999999999449,124.5999999999993406,2.7415347099304199
5.9999999999999449,124.6999999999993349,2.3036844730377197
5.9999999999999449,124.7999999999993292,2.2366144657135010
5.9999999999999449,124.8999999999993236,2.0580251216888428
5.9999999999999449,124.9999999999993179,1.9360685348510742
5.9999999999999449,125.0999999999993122,1.9160213470458984
5.9999999999999449,125.3999999999992951,2.2228157520294189
5.9999999999999449,125.4999999999992895,3.5820305347442627
5.9999999999999449,125.5999999999992838,5.5318617820739746
5.8999999999999453,120.8999999999995509,6.8407626152038574
5.8999999999999453,124.7999999999993292,3.0386230945587158
5.8999999999999453,124.8999999999993236,3.3965404033660889
5.8999999999999453,124.9999999999993179,3.2165775299072266
5.8999999999999453,125.0999999999993122,2.6989972591400146
5.8999999999999453,125.1999999999993065,2.4922702312469482
5.8999999999999453,125.2999999999993008,2.0444996356964111
5.8999999999999453,125.3999999999992951,1.8868521451950073
5.8999999999999453,125.4999999999992895,3.1552343368530273
5.8999999999999453,125.5999999999992838,4.8454337120056152
5.7999999999999456,125.2999999999993008,2.4784276485443115
5.7999999999999456,125.3999999999992951,2.0373854637145996
5.7999999999999456,125.4999999999992895,2.5624649524688721
5.6999999999999460,125.2999999999993008,3.0174767971038818
5.6999999999999460,125.3999999999992951,3.2954299449920654
5.5999999999999464,125.2999999999993008,5.1914372444152832
5.5999999999999464,125.3999999999992951,5.1074728965759277
5.3999999999999471,118.8999999999996646,4.3296656608581543
5.3999999999999471,118.9999999999996589,4.8567824363708496
5.3999999999999471,119.0999999999996533,5.4810938835144043
5.3999999999999471,119.1999999999996476,5.9017982482910156
5.2999999999999474,118.8999999999996646,3.5335998535156250
5.2999999999999474,118.9999999999996589,4.1222319602966309
5.2999999999999474,119.0999999999996533,4.9238171577453613
5.2999999999999474,119.1999999999996476,5.5348153114318848
5.2999999999999474,120.1999999999995907,5.6582884788513184
5.1999999999999478,118.8999999999996646,2.8096413612365723
5.1999999999999478,118.9999999999996589,3.3898556232452393
5.1999999999999478,119.0999999999996533,4.2852621078491211
5.1999999999999478,119.1999999999996476,5.2386469841003418
5.1999999999999478,120.1999999999995907,5.7213110923767090
5.0999999999999481,118.8999999999996646,3.1812760829925537
5.0999999999999481,118.9999999999996589,3.8137900829315186
5.0999999999999481,119.7999999999996135,5.4600377082824707
5.0999999999999481,119.8999999999996078,5.4768266677856445
