latitude,longitude,max_wind_gust
19.3999999999999559,121.3999999999995225,14.2042055130004883
19.3999999999999559,121.4999999999995168,14.2224292755126953
18.8999999999999488,121.8999999999994941,12.2431058883666992
18.5999999999999446,120.7999999999995566,11.2758340835571289
18.5999999999999446,120.8999999999995509,10.7587108612060547
18.5999999999999446,121.0999999999995396,9.9032926559448242
18.5999999999999446,121.1999999999995339,9.5923347473144531
18.4999999999999432,120.6999999999995623,9.2498846054077148
18.4999999999999432,120.7999999999995566,8.4144802093505859
18.4999999999999432,120.8999999999995509,7.7147250175476074
18.4999999999999432,120.9999999999995453,7.4378662109375000
18.4999999999999432,121.0999999999995396,7.2215294837951660
18.4999999999999432,121.1999999999995339,7.1187944412231445
18.4999999999999432,121.2999999999995282,7.0568795204162598
18.4999999999999432,122.1999999999994770,11.4401788711547852
18.3999999999999417,120.5999999999995680,7.9151659011840820
18.3999999999999417,120.6999999999995623,6.8518676757812500
18.3999999999999417,120.7999999999995566,5.8888359069824219
18.3999999999999417,120.8999999999995509,5.1211071014404297
18.3999999999999417,120.9999999999995453,4.9763035774230957
18.3999999999999417,121.0999999999995396,4.8312206268310547
18.3999999999999417,121.1999999999995339,4.8884425163269043
18.3999999999999417,121.2999999999995282,4.9506793022155762
18.3999999999999417,121.3999999999995225,5.2158737182617188
18.3999999999999417,121.4999999999995168,5.9139666557312012
18.3999999999999417,121.5999999999995111,7.2582926750183105
18.3999999999999417,122.0999999999994827,10.5791091918945312
18.3999999999999417,122.1999999999994770,11.0692434310913086
18.3999999999999417,122.2999999999994714,11.5696706771850586
18.2999999999999403,120.6999999999995623,5.6206660270690918
18.2999999999999403,120.7999999999995566,4.9848299026489258
18.2999999999999403,120.8999999999995509,4.5426836013793945
18.2999999999999403,120.9999999999995453,4.1069951057434082
18.2999999999999403,121.0999999999995396,4.1351089477539062
18.2999999999999403,121.1999999999995339,4.1565337181091309
18.2999999999999403,121.2999999999995282,4.0280714035034180
18.2999999999999403,121.3999999999995225,4.4484038352966309
18.2999999999999403,121.4999999999995168,5.1595849990844727
18.2999999999999403,121.5999999999995111,6.1799635887145996
18.2999999999999403,121.6999999999995055,7.5972185134887695
18.2999999999999403,122.0999999999994827,8.8108863830566406
18.2999999999999403,122.1999999999994770,9.7098398208618164
18.2999999999999403,122.2999999999994714,10.5622091293334961
18.1999999999999389,120.4999999999995737,8.0278034210205078
18.1999999999999389,120.5999999999995680,6.1983718872070312
18.1999999999999389,120.6999999999995623,4.5832839012145996
18.1999999999999389,120.7999999999995566,4.2818140983581543
18.1999999999999389,120.8999999999995509,4.2262511253356934
18.1999999999999389,120.9999999999995453,3.8631188869476318
18.1999999999999389,121.0999999999995396,3.7050495147705078
18.1999999999999389,121.1999999999995339,3.6469199657440186
18.1999999999999389,121.2999999999995282,3.6464078426361084
18.1999999999999389,121.3999999999995225,3.8973577022552490
18.1999999999999389,121.4999999999995168,4.1930456161499023
18.1999999999999389,121.5999999999995111,4.7096109390258789
18.1999999999999389,121.6999999999995055,5.4012856483459473
18.1999999999999389,121.7999999999994998,6.1954627037048340
18.1999999999999389,121.8999999999994941,6.1993288993835449
18.1999999999999389,121.9999999999994884,6.1439814567565918
18.1999999999999389,122.0999999999994827,6.7652039527893066
18.1999999999999389,122.1999999999994770,8.3422765731811523
18.0999999999999375,120.4999999999995737,8.3990077972412109
18.0999999999999375,120.5999999999995680,5.4091081619262695
18.0999999999999375,120.6999999999995623,3.7567753791809082
18.0999999999999375,120.7999999999995566,3.8577239513397217
18.0999999999999375,120.8999999999995509,4.1578583717346191
18.0999999999999375,120.9999999999995453,3.8759694099426270
18.0999999999999375,121.0999999999995396,3.4624783992767334
18.0999999999999375,121.1999999999995339,3.4632985591888428
18.0999999999999375,121.2999999999995282,3.4662125110626221
18.0999999999999375,121.3999999999995225,3.4283959865570068
18.0999999999999375,121.4999999999995168,3.6410329341888428
18.0999999999999375,121.5999999999995111,4.0660953521728516
18.0999999999999375,121.6999999999995055,4.6620821952819824
18.0999999999999375,121.7999999999994998,5.0422744750976562
18.0999999999999375,121.8999999999994941,4.7606997489929199
18.0999999999999375,121.9999999999994884,4.4492592811584473
18.0999999999999375,122.0999999999994827,5.0716876983642578
18.0999999999999375,122.1999999999994770,6.5038108825683594
17.9999999999999361,120.5999999999995680,5.1055140495300293
17.9999999999999361,120.6999999999995623,3.8090889453887939
17.9999999999999361,120.7999999999995566,4.0573587417602539
17.9999999999999361,120.8999999999995509,4.4963531494140625
17.9999999999999361,120.9999999999995453,4.2278971672058105
17.9999999999999361,121.0999999999995396,3.7216908931732178
17.9999999999999361,121.1999999999995339,3.5385289192199707
17.9999999999999361,121.2999999999995282,3.3039608001708984
17.9999999999999361,121.3999999999995225,3.4857800006866455
17.9999999999999361,121.4999999999995168,3.8064382076263428
17.9999999999999361,121.5999999999995111,3.8465371131896973
17.9999999999999361,121.6999999999995055,4.2463631629943848
17.9999999999999361,121.7999999999994998,4.5269503593444824
17.9999999999999361,121.8999999999994941,4.2060542106628418
17.9999999999999361,121.9999999999994884,3.9050438404083252
17.9999999999999361,122.0999999999994827,4.5765304565429688
17.8999999999999346,120.4999999999995737,7.5522065162658691
17.8999999999999346,120.5999999999995680,4.9127802848815918
17.8999999999999346,120.6999999999995623,3.7528645992279053
17.8999999999999346,120.7999999999995566,4.2816786766052246
17.8999999999999346,120.8999999999995509,4.9164795875549316
17.8999999999999346,120.9999999999995453,4.5661711692810059
17.8999999999999346,121.0999999999995396,4.0142135620117188
17.8999999999999346,121.1999999999995339,3.7999761104583740
17.8999999999999346,121.2999999999995282,3.5024666786193848
17.8999999999999346,121.3999999999995225,3.6578125953674316
17.8999999999999346,121.4999999999995168,3.8579266071319580
17.8999999999999346,121.5999999999995111,3.7134075164794922
17.8999999999999346,121.6999999999995055,3.9388046264648438
17.8999999999999346,121.7999999999994998,4.0497131347656250
17.8999999999999346,121.8999999999994941,3.6935565471649170
17.8999999999999346,121.9999999999994884,3.4088847637176514
17.8999999999999346,122.0999999999994827,3.9578521251678467
17.7999999999999332,120.4999999999995737,7.2620654106140137
17.7999999999999332,120.5999999999995680,4.8290209770202637
17.7999999999999332,120.6999999999995623,3.5591313838958740
17.7999999999999332,120.7999999999995566,4.1450562477111816
17.7999999999999332,120.8999999999995509,4.8579721450805664
17.7999999999999332,120.9999999999995453,4.6003355979919434
17.7999999999999332,121.0999999999995396,3.9658057689666748
17.7999999999999332,121.1999999999995339,3.6745223999023438
17.7999999999999332,121.2999999999995282,3.5563645362854004
17.7999999999999332,121.3999999999995225,3.7147266864776611
17.7999999999999332,121.4999999999995168,3.9801831245422363
17.7999999999999332,121.5999999999995111,3.8237595558166504
17.7999999999999332,121.6999999999995055,3.9377524852752686
17.7999999999999332,121.7999999999994998,3.9200005531311035
17.7999999999999332,121.8999999999994941,3.4461650848388672
17.7999999999999332,121.9999999999994884,3.0618932247161865
17.7999999999999332,122.0999999999994827,3.8597202301025391
17.6999999999999318,120.3999999999995794,9.4732303619384766
17.6999999999999318,120.4999999999995737,7.2786521911621094
17.6999999999999318,120.5999999999995680,4.8587870597839355
17.6999999999999318,120.6999999999995623,3.0705962181091309
17.6999999999999318,120.7999999999995566,3.5933206081390381
17.6999999999999318,120.8999999999995509,4.3841824531555176
17.6999999999999318,120.9999999999995453,4.2059512138366699
17.6999999999999318,121.0999999999995396,3.5099663734436035
17.6999999999999318,121.1999999999995339,3.3770701885223389
17.6999999999999318,121.2999999999995282,3.4344708919525146
17.6999999999999318,121.3999999999995225,3.6310181617736816
17.6999999999999318,121.4999999999995168,3.9451069831848145
17.6999999999999318,121.5999999999995111,4.1370921134948730
17.6999999999999318,121.6999999999995055,4.2122263908386230
17.6999999999999318,121.7999999999994998,4.1261458396911621
17.6999999999999318,121.8999999999994941,3.4924702644348145
17.6999999999999318,121.9999999999994884,2.9610393047332764
17.6999999999999318,122.0999999999994827,3.8472023010253906
17.5999999999999304,120.3999999999995794,9.9360427856445312
17.5999999999999304,120.4999999999995737,7.5402574539184570
17.5999999999999304,120.5999999999995680,5.1447896957397461
17.5999999999999304,120.6999999999995623,3.0079391002655029
17.5999999999999304,120.7999999999995566,3.0648334026336670
17.5999999999999304,120.8999999999995509,3.8569397926330566
17.5999999999999304,120.9999999999995453,3.8086833953857422
17.5999999999999304,121.0999999999995396,3.2731697559356689
17.5999999999999304,121.1999999999995339,3.0677859783172607
17.5999999999999304,121.2999999999995282,3.3231704235076904
17.5999999999999304,121.3999999999995225,3.7259769439697266
17.5999999999999304,121.4999999999995168,4.3598418235778809
17.5999999999999304,121.5999999999995111,4.4603157043457031
17.5999999999999304,121.6999999999995055,4.5092539787292480
17.5999999999999304,121.7999999999994998,4.3273410797119141
17.5999999999999304,121.8999999999994941,3.7752659320831299
17.5999999999999304,121.9999999999994884,3.3859775066375732
17.5999999999999304,122.0999999999994827,4.0876417160034180
17.4999999999999289,120.4999999999995737,7.2182779312133789
17.4999999999999289,120.5999999999995680,5.0483584403991699
17.4999999999999289,120.6999999999995623,3.1486713886260986
17.4999999999999289,120.7999999999995566,2.5978226661682129
17.4999999999999289,120.8999999999995509,3.2599263191223145
17.4999999999999289,120.9999999999995453,3.3805835247039795
17.4999999999999289,121.0999999999995396,3.1057965755462646
17.4999999999999289,121.1999999999995339,3.1441247463226318
17.4999999999999289,121.2999999999995282,3.3582599163055420
17.4999999999999289,121.3999999999995225,3.7897517681121826
17.4999999999999289,121.4999999999995168,4.4013667106628418
17.4999999999999289,121.5999999999995111,4.6141977310180664
17.4999999999999289,121.6999999999995055,4.6864128112792969
17.4999999999999289,121.7999999999994998,4.6369552612304688
17.4999999999999289,121.8999999999994941,3.9709866046905518
17.4999999999999289,121.9999999999994884,3.4211719036102295
17.4999999999999289,122.0999999999994827,3.7354385852813721
17.3999999999999275,120.4999999999995737,6.4663057327270508
17.3999999999999275,120.5999999999995680,4.6128559112548828
17.3999999999999275,120.6999999999995623,2.8374047279357910
17.3999999999999275,120.7999999999995566,2.5592365264892578
17.3999999999999275,120.8999999999995509,2.6172807216644287
17.3999999999999275,120.9999999999995453,3.0103805065155029
17.3999999999999275,121.0999999999995396,3.0278403759002686
17.3999999999999275,121.1999999999995339,3.2661499977111816
17.3999999999999275,121.2999999999995282,3.4939229488372803
17.3999999999999275,121.3999999999995225,3.7523047924041748
17.3999999999999275,121.4999999999995168,4.4475688934326172
17.3999999999999275,121.5999999999995111,4.6380953788757324
17.3999999999999275,121.6999999999995055,4.8013567924499512
17.3999999999999275,121.7999999999994998,4.8076853752136230
17.3999999999999275,121.8999999999994941,4.0294346809387207
17.3999999999999275,121.9999999999994884,3.2563016414642334
17.3999999999999275,122.0999999999994827,3.4020214080810547
17.3999999999999275,122.1999999999994770,4.5067238807678223
17.2999999999999261,120.4999999999995737,5.6559553146362305
17.2999999999999261,120.5999999999995680,4.1836643218994141
17.2999999999999261,120.6999999999995623,2.6975276470184326
17.2999999999999261,120.7999999999995566,2.5980668067932129
17.2999999999999261,120.8999999999995509,2.5100302696228027
17.2999999999999261,120.9999999999995453,2.8472294807434082
17.2999999999999261,121.0999999999995396,3.0898382663726807
17.2999999999999261,121.1999999999995339,3.5338466167449951
17.2999999999999261,121.2999999999995282,3.6195988655090332
17.2999999999999261,121.3999999999995225,3.7630269527435303
17.2999999999999261,121.4999999999995168,4.3288187980651855
17.2999999999999261,121.5999999999995111,4.6539340019226074
17.2999999999999261,121.6999999999995055,4.9595212936401367
17.2999999999999261,121.7999999999994998,5.1462006568908691
17.2999999999999261,121.8999999999994941,4.1421627998352051
17.2999999999999261,121.9999999999994884,3.1534080505371094
17.2999999999999261,122.0999999999994827,2.9443984031677246
17.2999999999999261,122.1999999999994770,3.8452191352844238
17.2999999999999261,122.2999999999994714,4.8369421958923340
17.1999999999999247,120.4999999999995737,5.2742824554443359
17.1999999999999247,120.5999999999995680,3.8868782520294189
17.1999999999999247,120.6999999999995623,2.6395413875579834
17.1999999999999247,120.7999999999995566,2.4838056564331055
17.1999999999999247,120.8999999999995509,2.3291728496551514
17.1999999999999247,120.9999999999995453,2.7349143028259277
17.1999999999999247,121.0999999999995396,3.0869553089141846
17.1999999999999247,121.1999999999995339,3.4616775512695312
17.1999999999999247,121.2999999999995282,3.6540067195892334
17.1999999999999247,121.3999999999995225,3.7284839153289795
17.1999999999999247,121.4999999999995168,4.2352833747863770
17.1999999999999247,121.5999999999995111,4.4900703430175781
17.1999999999999247,121.6999999999995055,4.8232979774475098
17.1999999999999247,121.7999999999994998,4.9991426467895508
17.1999999999999247,121.8999999999994941,4.0525379180908203
17.1999999999999247,121.9999999999994884,2.9667255878448486
17.1999999999999247,122.0999999999994827,2.5563971996307373
17.1999999999999247,122.1999999999994770,3.2539088726043701
17.1999999999999247,122.2999999999994714,4.1187930107116699
17.1999999999999247,122.3999999999994657,4.9805874824523926
17.0999999999999233,120.4999999999995737,4.7384200096130371
17.0999999999999233,120.5999999999995680,3.6425285339355469
17.0999999999999233,120.6999999999995623,2.5739305019378662
17.0999999999999233,120.7999999999995566,2.2967016696929932
17.0999999999999233,120.8999999999995509,2.0421044826507568
17.0999999999999233,120.9999999999995453,2.7139048576354980
17.0999999999999233,121.0999999999995396,3.0547590255737305
17.0999999999999233,121.1999999999995339,3.6069970130920410
17.0999999999999233,121.2999999999995282,3.6480464935302734
17.0999999999999233,121.3999999999995225,3.7750573158264160
17.0999999999999233,121.4999999999995168,4.0409235954284668
17.0999999999999233,121.5999999999995111,4.2717142105102539
17.0999999999999233,121.6999999999995055,4.5881361961364746
17.0999999999999233,121.7999999999994998,4.8759107589721680
17.0999999999999233,121.8999999999994941,3.8940112590789795
17.0999999999999233,121.9999999999994884,2.8228490352630615
17.0999999999999233,122.0999999999994827,2.5066127777099609
17.0999999999999233,122.1999999999994770,2.8219974040985107
17.0999999999999233,122.2999999999994714,3.4605557918548584
17.0999999999999233,122.3999999999994657,4.8853979110717773
17.0999999999999233,122.4999999999994600,8.2413396835327148
16.9999999999999218,120.4999999999995737,4.7539477348327637
16.9999999999999218,120.5999999999995680,3.4222886562347412
16.9999999999999218,120.6999999999995623,2.4862334728240967
16.9999999999999218,120.7999999999995566,2.1150293350219727
16.9999999999999218,120.8999999999995509,2.2757599353790283
16.9999999999999218,120.9999999999995453,2.8429114818572998
16.9999999999999218,121.0999999999995396,3.0219457149505615
16.9999999999999218,121.1999999999995339,3.6011917591094971
16.9999999999999218,121.2999999999995282,3.6398651599884033
16.9999999999999218,121.3999999999995225,3.7101380825042725
16.9999999999999218,121.4999999999995168,3.8945622444152832
16.9999999999999218,121.5999999999995111,3.9589042663574219
16.9999999999999218,121.6999999999995055,4.2665624618530273
16.9999999999999218,121.7999999999994998,4.6166219711303711
16.9999999999999218,121.8999999999994941,3.7798957824707031
16.9999999999999218,121.9999999999994884,2.8113906383514404
16.9999999999999218,122.0999999999994827,2.6657164096832275
16.9999999999999218,122.1999999999994770,2.8020257949829102
16.9999999999999218,122.2999999999994714,3.4212329387664795
16.9999999999999218,122.3999999999994657,4.6765446662902832
16.8999999999999204,120.3999999999995794,5.7555251121520996
16.8999999999999204,120.4999999999995737,4.0041518211364746
16.8999999999999204,120.5999999999995680,3.0646319389343262
16.8999999999999204,120.6999999999995623,2.4039220809936523
16.8999999999999204,120.7999999999995566,1.9329149723052979
16.8999999999999204,120.8999999999995509,2.2767255306243896
16.8999999999999204,120.9999999999995453,2.9214198589324951
16.8999999999999204,121.0999999999995396,3.0269691944122314
16.8999999999999204,121.1999999999995339,3.4978001117706299
16.8999999999999204,121.2999999999995282,3.3218915462493896
16.8999999999999204,121.3999999999995225,3.2158432006835938
16.8999999999999204,121.4999999999995168,3.1676142215728760
16.8999999999999204,121.5999999999995111,3.1958634853363037
16.8999999999999204,121.6999999999995055,3.7206234931945801
16.8999999999999204,121.7999999999994998,4.3113722801208496
16.8999999999999204,121.8999999999994941,3.6093170642852783
16.8999999999999204,121.9999999999994884,2.8075330257415771
16.8999999999999204,122.0999999999994827,2.6020472049713135
16.8999999999999204,122.1999999999994770,2.9849412441253662
16.8999999999999204,122.2999999999994714,3.6780891418457031
16.8999999999999204,122.3999999999994657,5.0851573944091797
16.7999999999999190,120.3999999999995794,5.2408375740051270
16.7999999999999190,120.4999999999995737,3.5347232818603516
16.7999999999999190,120.5999999999995680,2.6760356426239014
16.7999999999999190,120.6999999999995623,2.3214392662048340
16.7999999999999190,120.7999999999995566,1.7716110944747925
16.7999999999999190,120.8999999999995509,2.5749344825744629
16.7999999999999190,120.9999999999995453,3.1039605140686035
16.7999999999999190,121.0999999999995396,3.0160696506500244
16.7999999999999190,121.1999999999995339,3.3057365417480469
16.7999999999999190,121.2999999999995282,3.0501906871795654
16.7999999999999190,121.3999999999995225,2.8523414134979248
16.7999999999999190,121.4999999999995168,2.9941537380218506
16.7999999999999190,121.5999999999995111,2.7175242900848389
16.7999999999999190,121.6999999999995055,3.1786844730377197
16.7999999999999190,121.7999999999994998,3.9873962402343750
16.7999999999999190,121.8999999999994941,3.4386384487152100
16.7999999999999190,121.9999999999994884,2.8045911788940430
16.7999999999999190,122.0999999999994827,2.9743561744689941
16.7999999999999190,122.1999999999994770,3.3801445960998535
16.7999999999999190,122.2999999999994714,4.1742224693298340
16.7999999999999190,122.3999999999994657,4.9775538444519043
16.6999999999999176,120.3999999999995794,4.5598039627075195
16.6999999999999176,120.4999999999995737,3.5551838874816895
16.6999999999999176,120.5999999999995680,2.6325364112854004
16.6999999999999176,120.6999999999995623,2.2370002269744873
16.6999999999999176,120.7999999999995566,1.6563085317611694
16.6999999999999176,120.8999999999995509,2.7377874851226807
16.6999999999999176,120.9999999999995453,3.2289173603057861
16.6999999999999176,121.0999999999995396,2.9951529502868652
16.6999999999999176,121.1999999999995339,3.3140218257904053
16.6999999999999176,121.2999999999995282,2.9359660148620605
16.6999999999999176,121.3999999999995225,2.7985274791717529
16.6999999999999176,121.4999999999995168,2.8851420879364014
16.6999999999999176,121.5999999999995111,2.7814791202545166
16.6999999999999176,121.6999999999995055,3.0602748394012451
16.6999999999999176,121.7999999999994998,3.6691722869873047
16.6999999999999176,121.8999999999994941,3.1940910816192627
16.6999999999999176,121.9999999999994884,3.0714221000671387
16.6999999999999176,122.0999999999994827,3.4089818000793457
16.6999999999999176,122.1999999999994770,3.9754543304443359
16.6999999999999176,122.2999999999994714,5.0652489662170410
16.5999999999999162,120.2999999999995850,5.6650137901306152
16.5999999999999162,120.3999999999995794,4.4376354217529297
16.5999999999999162,120.4999999999995737,3.4934659004211426
16.5999999999999162,120.5999999999995680,2.6765334606170654
16.5999999999999162,120.6999999999995623,2.1340291500091553
16.5999999999999162,120.7999999999995566,2.0765507221221924
16.5999999999999162,120.8999999999995509,3.1506116390228271
16.5999999999999162,120.9999999999995453,3.3000409603118896
16.5999999999999162,121.0999999999995396,2.9606730937957764
16.5999999999999162,121.1999999999995339,3.0646831989288330
16.5999999999999162,121.2999999999995282,2.9448363780975342
16.5999999999999162,121.3999999999995225,2.6361341476440430
16.5999999999999162,121.4999999999995168,2.6639473438262939
16.5999999999999162,121.5999999999995111,2.6718051433563232
16.5999999999999162,121.6999999999995055,2.9550242424011230
16.5999999999999162,121.7999999999994998,3.4653499126434326
16.5999999999999162,121.8999999999994941,3.1355688571929932
16.5999999999999162,121.9999999999994884,3.5386245250701904
16.5999999999999162,122.0999999999994827,4.0375528335571289
16.5999999999999162,122.1999999999994770,5.0399584770202637
16.5999999999999162,122.2999999999994714,6.0952601432800293
16.4999999999999147,120.2999999999995850,5.6444563865661621
16.4999999999999147,120.3999999999995794,4.9899344444274902
16.4999999999999147,120.4999999999995737,3.7186717987060547
16.4999999999999147,120.5999999999995680,2.9047060012817383
16.4999999999999147,120.6999999999995623,2.1177003383636475
16.4999999999999147,120.7999999999995566,2.5625281333923340
16.4999999999999147,120.8999999999995509,3.5965976715087891
16.4999999999999147,120.9999999999995453,3.7211880683898926
16.4999999999999147,121.0999999999995396,3.1825604438781738
16.4999999999999147,121.1999999999995339,3.0973975658416748
16.4999999999999147,121.2999999999995282,3.1382005214691162
16.4999999999999147,121.3999999999995225,3.0727078914642334
16.4999999999999147,121.4999999999995168,3.0212264060974121
16.4999999999999147,121.5999999999995111,2.9515333175659180
16.4999999999999147,121.6999999999995055,3.1641488075256348
16.4999999999999147,121.7999999999994998,3.3625416755676270
16.4999999999999147,121.8999999999994941,3.4211945533752441
16.4999999999999147,121.9999999999994884,4.0991702079772949
16.4999999999999147,122.0999999999994827,4.8107314109802246
16.4999999999999147,122.1999999999994770,6.2308549880981445
16.3999999999999133,120.3999999999995794,6.1520123481750488
16.3999999999999133,120.4999999999995737,4.2856440544128418
16.3999999999999133,120.5999999999995680,2.9640116691589355
16.3999999999999133,120.6999999999995623,2.0931646823883057
16.3999999999999133,120.7999999999995566,2.3918759822845459
16.3999999999999133,120.8999999999995509,3.5661447048187256
16.3999999999999133,120.9999999999995453,3.7762849330902100
16.3999999999999133,121.0999999999995396,3.4009647369384766
16.3999999999999133,121.1999999999995339,3.2379364967346191
16.3999999999999133,121.2999999999995282,3.0221955776214600
16.3999999999999133,121.3999999999995225,3.1383974552154541
16.3999999999999133,121.4999999999995168,3.2429192066192627
16.3999999999999133,121.5999999999995111,2.9324572086334229
16.3999999999999133,121.6999999999995055,2.8200027942657471
16.3999999999999133,121.7999999999994998,3.0080687999725342
16.3999999999999133,121.8999999999994941,3.7381856441497803
16.3999999999999133,121.9999999999994884,4.6381850242614746
16.3999999999999133,122.0999999999994827,5.5694785118103027
16.3999999999999133,122.1999999999994770,7.2524580955505371
16.2999999999999119,119.7999999999996135,7.0286302566528320
16.2999999999999119,120.3999999999995794,7.2105064392089844
16.2999999999999119,120.4999999999995737,5.1891107559204102
16.2999999999999119,120.5999999999995680,2.9978964328765869
16.2999999999999119,120.6999999999995623,2.2965042591094971
16.2999999999999119,120.7999999999995566,1.8291504383087158
16.2999999999999119,120.8999999999995509,2.6008110046386719
16.2999999999999119,120.9999999999995453,3.1474936008453369
16.2999999999999119,121.0999999999995396,3.1347262859344482
16.2999999999999119,121.1999999999995339,3.5032558441162109
16.2999999999999119,121.2999999999995282,3.1403315067291260
16.2999999999999119,121.3999999999995225,2.7870941162109375
16.2999999999999119,121.4999999999995168,2.6097438335418701
16.2999999999999119,121.5999999999995111,2.4360826015472412
16.2999999999999119,121.6999999999995055,2.5439527034759521
16.2999999999999119,121.7999999999994998,3.1163308620452881
16.2999999999999119,121.8999999999994941,3.8664157390594482
16.2999999999999119,121.9999999999994884,5.2891783714294434
16.2999999999999119,122.0999999999994827,6.8481912612915039
16.1999999999999105,119.7999999999996135,6.5751962661743164
16.1999999999999105,119.8999999999996078,6.1429142951965332
16.1999999999999105,119.9999999999996021,6.1598277091979980
16.1999999999999105,120.4999999999995737,6.3205518722534180
16.1999999999999105,120.5999999999995680,3.9528529644012451
16.1999999999999105,120.6999999999995623,2.5416316986083984
16.1999999999999105,120.7999999999995566,1.7792748212814331
16.1999999999999105,120.8999999999995509,1.8571026325225830
16.1999999999999105,120.9999999999995453,2.5320689678192139
16.1999999999999105,121.0999999999995396,3.1426565647125244
16.1999999999999105,121.1999999999995339,3.6453957557678223
16.1999999999999105,121.2999999999995282,3.5611634254455566
16.1999999999999105,121.3999999999995225,3.1650013923645020
16.1999999999999105,121.4999999999995168,2.7829825878143311
16.1999999999999105,121.5999999999995111,2.6133761405944824
16.1999999999999105,121.6999999999995055,2.7589051723480225
16.1999999999999105,121.7999999999994998,3.2842042446136475
16.1999999999999105,121.8999999999994941,4.6691164970397949
16.1999999999999105,121.9999999999994884,6.6024599075317383
16.0999999999999091,119.7999999999996135,6.8607430458068848
16.0999999999999091,119.8999999999996078,6.3125853538513184
16.0999999999999091,119.9999999999996021,6.2018389701843262
16.0999999999999091,120.4999999999995737,6.0000014305114746
16.0999999999999091,120.5999999999995680,3.9104545116424561
16.0999999999999091,120.6999999999995623,2.5511848926544189
16.0999999999999091,120.7999999999995566,2.0178277492523193
16.0999999999999091,120.8999999999995509,1.8703435659408569
16.0999999999999091,120.9999999999995453,1.9659082889556885
16.0999999999999091,121.0999999999995396,2.6231341361999512
16.0999999999999091,121.1999999999995339,3.4145886898040771
16.0999999999999091,121.2999999999995282,3.3601379394531250
16.0999999999999091,121.3999999999995225,3.0938396453857422
16.0999999999999091,121.4999999999995168,2.8671927452087402
16.0999999999999091,121.5999999999995111,2.8003747463226318
16.0999999999999091,121.6999999999995055,3.0283267498016357
15.9999999999999094,119.7999999999996135,8.0495262145996094
15.9999999999999094,119.8999999999996078,6.7271151542663574
15.9999999999999094,119.9999999999996021,6.1877894401550293
15.9999999999999094,120.0999999999995964,5.4775290489196777
15.9999999999999094,120.1999999999995907,5.5942249298095703
15.9999999999999094,120.2999999999995850,6.0744819641113281
15.9999999999999094,120.3999999999995794,6.1364936828613281
15.9999999999999094,120.4999999999995737,4.4759879112243652
15.9999999999999094,120.5999999999995680,3.0617260932922363
15.9999999999999094,120.6999999999995623,2.5935745239257812
15.9999999999999094,120.7999999999995566,2.2954118251800537
15.9999999999999094,120.8999999999995509,2.1855564117431641
15.9999999999999094,120.9999999999995453,1.7722984552383423
15.9999999999999094,121.0999999999995396,2.2793614864349365
15.9999999999999094,121.1999999999995339,2.9949293136596680
15.9999999999999094,121.2999999999995282,2.9848592281341553
15.9999999999999094,121.3999999999995225,2.8145551681518555
15.9999999999999094,121.4999999999995168,2.7722575664520264
15.9999999999999094,121.5999999999995111,2.9258074760437012
15.8999999999999098,119.9999999999996021,6.1205358505249023
15.8999999999999098,120.0999999999995964,5.1360797882080078
15.8999999999999098,120.1999999999995907,4.1426558494567871
15.8999999999999098,120.2999999999995850,4.2957010269165039
15.8999999999999098,120.3999999999995794,4.1519341468811035
15.8999999999999098,120.4999999999995737,3.3894906044006348
15.8999999999999098,120.5999999999995680,3.1304247379302979
15.8999999999999098,120.6999999999995623,2.7983670234680176
15.8999999999999098,120.7999999999995566,2.5160293579101562
15.8999999999999098,120.8999999999995509,2.8010966777801514
15.8999999999999098,120.9999999999995453,2.5897035598754883
15.8999999999999098,121.0999999999995396,2.0930228233337402
15.8999999999999098,121.1999999999995339,3.0748386383056641
15.8999999999999098,121.2999999999995282,3.0864162445068359
15.8999999999999098,121.3999999999995225,2.9199092388153076
15.8999999999999098,121.4999999999995168,2.9451687335968018
15.8999999999999098,121.5999999999995111,3.1749317646026611
15.7999999999999101,119.9999999999996021,5.4477381706237793
15.7999999999999101,120.0999999999995964,4.2786455154418945
15.7999999999999101,120.1999999999995907,3.1383485794067383
15.7999999999999101,120.2999999999995850,2.9934732913970947
15.7999999999999101,120.3999999999995794,3.2130451202392578
15.7999999999999101,120.4999999999995737,2.9064910411834717
15.7999999999999101,120.5999999999995680,2.8758807182312012
15.7999999999999101,120.6999999999995623,2.6642026901245117
15.7999999999999101,120.7999999999995566,2.4326651096343994
15.7999999999999101,120.8999999999995509,2.8052675724029541
15.7999999999999101,120.9999999999995453,2.7649521827697754
15.7999999999999101,121.0999999999995396,2.4384417533874512
15.7999999999999101,121.1999999999995339,2.6553692817687988
15.7999999999999101,121.2999999999995282,3.0182201862335205
15.7999999999999101,121.3999999999995225,3.1022267341613770
15.7999999999999101,121.4999999999995168,3.2969911098480225
15.6999999999999105,119.9999999999996021,4.8528800010681152
15.6999999999999105,120.0999999999995964,3.1960086822509766
15.6999999999999105,120.1999999999995907,2.3926885128021240
15.6999999999999105,120.2999999999995850,2.3845226764678955
15.6999999999999105,120.3999999999995794,2.7815701961517334
15.6999999999999105,120.4999999999995737,2.5187058448791504
15.6999999999999105,120.5999999999995680,2.5607907772064209
15.6999999999999105,120.6999999999995623,2.3668839931488037
15.6999999999999105,120.7999999999995566,2.4028389453887939
15.6999999999999105,120.8999999999995509,2.5062899589538574
15.6999999999999105,120.9999999999995453,2.6207172870635986
15.6999999999999105,121.0999999999995396,2.4302425384521484
15.6999999999999105,121.1999999999995339,2.3681249618530273
15.6999999999999105,121.2999999999995282,2.7604262828826904
15.6999999999999105,121.3999999999995225,3.1296160221099854
15.6999999999999105,121.4999999999995168,3.6830852031707764
15.5999999999999108,119.9999999999996021,4.9301376342773438
15.5999999999999108,120.0999999999995964,3.0317103862762451
15.5999999999999108,120.1999999999995907,1.7928079366683960
15.5999999999999108,120.2999999999995850,2.0373640060424805
15.5999999999999108,120.3999999999995794,2.9548325538635254
15.5999999999999108,120.4999999999995737,2.2866106033325195
15.5999999999999108,120.5999999999995680,2.3720419406890869
15.5999999999999108,120.6999999999995623,2.3007791042327881
15.5999999999999108,120.7999999999995566,2.3865387439727783
15.5999999999999108,120.8999999999995509,2.5937788486480713
15.5999999999999108,120.9999999999995453,2.4543948173522949
15.5999999999999108,121.0999999999995396,2.3733017444610596
15.5999999999999108,121.1999999999995339,2.4517171382904053
15.5999999999999108,121.2999999999995282,2.6917781829833984
15.5999999999999108,121.3999999999995225,3.3199219703674316
15.5999999999999108,121.4999999999995168,4.2056617736816406
15.4999999999999112,119.9999999999996021,4.8463702201843262
15.4999999999999112,120.0999999999995964,3.0547292232513428
15.4999999999999112,120.1999999999995907,2.0926172733306885
15.4999999999999112,120.2999999999995850,1.9013397693634033
15.4999999999999112,120.3999999999995794,2.7410793304443359
15.4999999999999112,120.4999999999995737,2.0403769016265869
15.4999999999999112,120.5999999999995680,2.1109280586242676
15.4999999999999112,120.6999999999995623,2.1804485321044922
15.4999999999999112,120.7999999999995566,2.0309550762176514
15.4999999999999112,120.8999999999995509,2.1252200603485107
15.4999999999999112,120.9999999999995453,2.3227179050445557
15.4999999999999112,121.0999999999995396,2.3153483867645264
15.4999999999999112,121.1999999999995339,2.7614412307739258
15.4999999999999112,121.2999999999995282,3.2223794460296631
15.4999999999999112,121.3999999999995225,4.1167736053466797
15.4999999999999112,121.4999999999995168,4.7522120475769043
15.3999999999999115,119.8999999999996078,6.8906860351562500
15.3999999999999115,119.9999999999996021,4.7464137077331543
15.3999999999999115,120.0999999999995964,3.1802172660827637
15.3999999999999115,120.1999999999995907,2.6306114196777344
15.3999999999999115,120.2999999999995850,2.2030360698699951
15.3999999999999115,120.3999999999995794,2.5439693927764893
15.3999999999999115,120.4999999999995737,2.2394940853118896
15.3999999999999115,120.5999999999995680,2.6546268463134766
15.3999999999999115,120.6999999999995623,2.7232215404510498
15.3999999999999115,120.7999999999995566,2.3763062953948975
15.3999999999999115,120.8999999999995509,2.2556874752044678
15.3999999999999115,120.9999999999995453,2.4740591049194336
15.3999999999999115,121.0999999999995396,2.4292485713958740
15.3999999999999115,121.1999999999995339,3.0824992656707764
15.3999999999999115,121.2999999999995282,4.0714759826660156
15.2999999999999119,119.9999999999996021,4.6812810897827148
15.2999999999999119,120.0999999999995964,3.2339928150177002
15.2999999999999119,120.1999999999995907,2.9714956283569336
15.2999999999999119,120.2999999999995850,2.8463380336761475
15.2999999999999119,120.3999999999995794,2.7683203220367432
15.2999999999999119,120.4999999999995737,2.8850238323211670
15.2999999999999119,120.5999999999995680,3.2511436939239502
15.2999999999999119,120.6999999999995623,3.3258717060089111
15.2999999999999119,120.7999999999995566,2.9659931659698486
15.2999999999999119,120.8999999999995509,2.7558116912841797
15.2999999999999119,120.9999999999995453,2.5543878078460693
15.2999999999999119,121.0999999999995396,2.5904183387756348
15.2999999999999119,121.1999999999995339,3.6573650836944580
15.2999999999999119,121.2999999999995282,4.7414941787719727
15.2999999999999119,121.3999999999995225,5.6888270378112793
15.1999999999999122,120.0999999999995964,3.8010704517364502
15.1999999999999122,120.1999999999995907,2.8508963584899902
15.1999999999999122,120.2999999999995850,2.7052915096282959
15.1999999999999122,120.3999999999995794,2.6171119213104248
15.1999999999999122,120.4999999999995737,2.7977762222290039
15.1999999999999122,120.5999999999995680,3.2614872455596924
15.1999999999999122,120.6999999999995623,3.4175903797149658
15.1999999999999122,120.7999999999995566,3.1040720939636230
15.1999999999999122,120.8999999999995509,2.9193181991577148
15.1999999999999122,120.9999999999995453,2.6026139259338379
15.1999999999999122,121.0999999999995396,2.7047390937805176
15.1999999999999122,121.1999999999995339,3.4645950794219971
15.1999999999999122,121.2999999999995282,4.2604894638061523
15.0999999999999126,120.0999999999995964,4.7070007324218750
15.0999999999999126,120.1999999999995907,3.0470676422119141
15.0999999999999126,120.2999999999995850,2.5405445098876953
15.0999999999999126,120.3999999999995794,2.4422693252563477
15.0999999999999126,120.4999999999995737,2.6993148326873779
15.0999999999999126,120.5999999999995680,3.2547891139984131
15.0999999999999126,120.6999999999995623,3.4785859584808350
15.0999999999999126,120.7999999999995566,3.2196140289306641
15.0999999999999126,120.8999999999995509,3.0369749069213867
15.0999999999999126,120.9999999999995453,2.8083198070526123
15.0999999999999126,121.0999999999995396,2.8956887722015381
15.0999999999999126,121.1999999999995339,3.3303425312042236
15.0999999999999126,121.2999999999995282,3.7527546882629395
15.0999999999999126,121.3999999999995225,4.3186745643615723
14.9999999999999130,120.0999999999995964,5.4125366210937500
14.9999999999999130,120.1999999999995907,3.8113389015197754
14.9999999999999130,120.2999999999995850,2.7362000942230225
14.9999999999999130,120.3999999999995794,2.4913349151611328
14.9999999999999130,120.4999999999995737,2.8556475639343262
14.9999999999999130,120.5999999999995680,3.2973949909210205
14.9999999999999130,120.6999999999995623,3.6643409729003906
14.9999999999999130,120.7999999999995566,3.3649289608001709
14.9999999999999130,120.8999999999995509,3.2687313556671143
14.9999999999999130,120.9999999999995453,3.0887048244476318
14.9999999999999130,121.0999999999995396,3.0171377658843994
14.9999999999999130,121.1999999999995339,3.1713263988494873
14.9999999999999130,121.2999999999995282,3.3685054779052734
14.9999999999999130,121.3999999999995225,3.5871918201446533
14.9999999999999130,121.4999999999995168,4.0951933860778809
14.9999999999999130,121.8999999999994941,8.5925731658935547
14.9999999999999130,121.9999999999994884,9.8959455490112305
14.8999999999999133,120.0999999999995964,5.7455277442932129
14.8999999999999133,120.1999999999995907,4.3967547416687012
14.8999999999999133,120.2999999999995850,3.2376186847686768
14.8999999999999133,120.3999999999995794,2.9603083133697510
14.8999999999999133,120.4999999999995737,4.0695786476135254
14.8999999999999133,120.7999999999995566,4.2451567649841309
14.8999999999999133,120.8999999999995509,3.2401866912841797
14.8999999999999133,120.9999999999995453,3.0817244052886963
14.8999999999999133,121.0999999999995396,2.9213540554046631
14.8999999999999133,121.1999999999995339,2.9637486934661865
14.8999999999999133,121.2999999999995282,3.1734001636505127
14.8999999999999133,121.3999999999995225,3.4436066150665283
14.8999999999999133,121.4999999999995168,3.7810223102569580
14.8999999999999133,121.8999999999994941,8.9468955993652344
14.8999999999999133,121.9999999999994884,9.6903085708618164
14.7999999999999137,120.1999999999995907,5.5466666221618652
14.7999999999999137,120.2999999999995850,3.7405362129211426
14.7999999999999137,120.3999999999995794,3.7848670482635498
14.7999999999999137,120.4999999999995737,5.1916427612304688
14.7999999999999137,120.8999999999995509,4.1910443305969238
14.7999999999999137,120.9999999999995453,3.1039292812347412
14.7999999999999137,121.0999999999995396,2.8474249839782715
14.7999999999999137,121.1999999999995339,2.7797374725341797
14.7999999999999137,121.2999999999995282,3.0114812850952148
14.7999999999999137,121.3999999999995225,3.3105602264404297
14.7999999999999137,121.4999999999995168,3.6832318305969238
14.7999999999999137,121.5999999999995111,4.2716593742370605
14.7999999999999137,121.8999999999994941,9.3206892013549805
14.7999999999999137,121.9999999999994884,10.0596113204956055
14.7999999999999137,122.1999999999994770,11.3123617172241211
14.6999999999999140,120.2999999999995850,4.4231557846069336
14.6999999999999140,120.3999999999995794,4.7156004905700684
14.6999999999999140,120.4999999999995737,5.7773985862731934
14.6999999999999140,120.9999999999995453,3.8133182525634766
14.6999999999999140,121.0999999999995396,3.3029792308807373
14.6999999999999140,121.1999999999995339,3.2239418029785156
14.6999999999999140,121.2999999999995282,3.4053025245666504
14.6999999999999140,121.3999999999995225,3.6347215175628662
14.6999999999999140,121.4999999999995168,3.9904847145080566
14.6999999999999140,121.5999999999995111,4.4964671134948730
14.6999999999999140,121.9999999999994884,9.9333963394165039
14.6999999999999140,122.3999999999994657,12.1026716232299805
14.5999999999999144,120.3999999999995794,6.4042840003967285
14.5999999999999144,120.4999999999995737,6.5507864952087402
14.5999999999999144,120.5999999999995680,7.5691804885864258
14.5999999999999144,120.9999999999995453,4.4313735961914062
14.5999999999999144,121.0999999999995396,4.2995219230651855
14.5999999999999144,121.1999999999995339,4.2892680168151855
14.5999999999999144,121.2999999999995282,4.3190245628356934
14.5999999999999144,121.3999999999995225,4.3634319305419922
14.5999999999999144,121.4999999999995168,4.4942307472229004
14.5999999999999144,121.5999999999995111,5.5639042854309082
14.4999999999999147,120.4999999999995737,8.1034803390502930
14.4999999999999147,120.5999999999995680,7.9748110771179199
14.4999999999999147,121.0999999999995396,5.1778302192687988
14.4999999999999147,121.1999999999995339,5.2276339530944824
14.4999999999999147,121.2999999999995282,5.0977144241333008
14.4999999999999147,121.3999999999995225,5.0315928459167480
14.4999999999999147,121.4999999999995168,5.1692266464233398
14.4999999999999147,121.5999999999995111,6.0849857330322266
14.3999999999999151,120.7999999999995566,5.8320221900939941
14.3999999999999151,120.8999999999995509,5.0005793571472168
14.3999999999999151,120.9999999999995453,5.0155830383300781
14.3999999999999151,121.2999999999995282,4.8745079040527344
14.3999999999999151,121.4999999999995168,4.9520335197448730
14.3999999999999151,121.5999999999995111,6.4112429618835449
14.3999999999999151,121.6999999999995055,7.4076609611511230
14.2999999999999154,120.6999999999995623,6.2296061515808105
14.2999999999999154,120.7999999999995566,5.4425163269042969
14.2999999999999154,120.8999999999995509,4.5810275077819824
14.2999999999999154,120.9999999999995453,4.3330326080322266
14.2999999999999154,121.0999999999995396,4.3393712043762207
14.2999999999999154,121.4999999999995168,4.7299456596374512
14.2999999999999154,121.5999999999995111,6.1098303794860840
14.2999999999999154,121.6999999999995055,7.7932353019714355
14.2999999999999154,122.4999999999994600,7.5154228210449219
14.2999999999999154,122.6999999999994486,7.3187179565429688
14.1999999999999158,120.5999999999995680,6.7254996299743652
14.1999999999999158,120.6999999999995623,5.8863778114318848
14.1999999999999158,120.7999999999995566,4.7507157325744629
14.1999999999999158,120.8999999999995509,4.1806001663208008
14.1999999999999158,120.9999999999995453,3.8779485225677490
14.1999999999999158,121.0999999999995396,3.9797158241271973
14.1999999999999158,121.3999999999995225,4.0024027824401855
14.1999999999999158,121.4999999999995168,4.2905411720275879
14.1999999999999158,121.5999999999995111,5.8914303779602051
14.1999999999999158,121.6999999999995055,7.6507315635681152
14.1999999999999158,121.9999999999994884,9.3924579620361328
14.1999999999999158,122.3999999999994657,5.6897969245910645
14.1999999999999158,122.4999999999994600,5.7243094444274902
14.1999999999999158,122.5999999999994543,5.5393204689025879
14.1999999999999158,122.6999999999994486,5.6245470046997070
14.1999999999999158,122.7999999999994429,5.8221621513366699
14.1999999999999158,122.8999999999994373,5.9122071266174316
14.0999999999999162,120.5999999999995680,7.3276557922363281
14.0999999999999162,120.6999999999995623,6.6301627159118652
14.0999999999999162,120.7999999999995566,5.5197734832763672
14.0999999999999162,120.8999999999995509,4.6992559432983398
14.0999999999999162,120.9999999999995453,4.1839675903320312
14.0999999999999162,121.0999999999995396,4.1379394531250000
14.0999999999999162,121.1999999999995339,4.2412428855895996
14.0999999999999162,121.2999999999995282,4.0010256767272949
14.0999999999999162,121.3999999999995225,4.0607972145080566
14.0999999999999162,121.4999999999995168,4.6857409477233887
14.0999999999999162,121.5999999999995111,6.0946993827819824
14.0999999999999162,121.6999999999995055,7.8763594627380371
14.0999999999999162,121.7999999999994998,9.6977396011352539
14.0999999999999162,122.0999999999994827,7.6353259086608887
14.0999999999999162,122.2999999999994714,5.5635323524475098
14.0999999999999162,122.3999999999994657,4.9670042991638184
14.0999999999999162,122.4999999999994600,4.7927298545837402
14.0999999999999162,122.5999999999994543,4.8325304985046387
14.0999999999999162,122.6999999999994486,4.9378991127014160
14.0999999999999162,122.7999999999994429,5.0711584091186523
14.0999999999999162,122.8999999999994373,5.3835096359252930
14.0999999999999162,122.9999999999994316,6.0964622497558594
13.9999999999999165,120.6999999999995623,7.8066020011901855
13.9999999999999165,120.7999999999995566,6.6764831542968750
13.9999999999999165,120.8999999999995509,5.5685935020446777
13.9999999999999165,120.9999999999995453,4.9443325996398926
13.9999999999999165,121.0999999999995396,4.4823527336120605
13.9999999999999165,121.1999999999995339,4.1734366416931152
13.9999999999999165,121.2999999999995282,4.1221451759338379
13.9999999999999165,121.3999999999995225,4.3806166648864746
13.9999999999999165,121.4999999999995168,5.1252264976501465
13.9999999999999165,121.5999999999995111,6.4837050437927246
13.9999999999999165,121.6999999999995055,8.4541730880737305
13.9999999999999165,121.7999999999994998,9.9103946685791016
13.9999999999999165,121.8999999999994941,9.4784078598022461
13.9999999999999165,122.3999999999994657,4.6339344978332520
13.9999999999999165,122.4999999999994600,4.6144194602966309
13.9999999999999165,122.5999999999994543,4.7683644294738770
13.9999999999999165,122.6999999999994486,4.8363523483276367
13.9999999999999165,122.7999999999994429,4.7895407676696777
13.9999999999999165,122.8999999999994373,4.9630589485168457
13.9999999999999165,122.9999999999994316,6.4519653320312500
13.9999999999999165,123.2999999999994145,8.9166746139526367
13.9999999999999165,124.1999999999993634,10.0755176544189453
13.9999999999999165,124.2999999999993577,9.0061693191528320
13.8999999999999169,120.5999999999995680,9.5037536621093750
13.8999999999999169,120.9999999999995453,5.9451217651367188
13.8999999999999169,121.0999999999995396,4.8743028640747070
13.8999999999999169,121.1999999999995339,4.4129128456115723
13.8999999999999169,121.2999999999995282,4.2492523193359375
13.8999999999999169,121.3999999999995225,4.6248307228088379
13.8999999999999169,121.4999999999995168,5.5004405975341797
13.8999999999999169,121.9999999999994884,8.3908729553222656
13.8999999999999169,122.0999999999994827,7.0503821372985840
13.8999999999999169,122.1999999999994770,5.6807017326354980
13.8999999999999169,122.2999999999994714,4.7803406715393066
13.8999999999999169,122.3999999999994657,4.4668631553649902
13.8999999999999169,122.6999999999994486,5.3780131340026855
13.8999999999999169,122.7999999999994429,5.0940756797790527
13.8999999999999169,122.8999999999994373,5.0916814804077148
13.8999999999999169,122.9999999999994316,6.1082186698913574
13.8999999999999169,123.3999999999994088,6.8016963005065918
13.8999999999999169,123.4999999999994031,6.9234757423400879
13.8999999999999169,123.5999999999993975,8.2348108291625977
13.8999999999999169,123.6999999999993918,9.4120340347290039
13.8999999999999169,124.1999999999993634,8.7064123153686523
13.8999999999999169,124.2999999999993577,7.6371459960937500
13.7999999999999172,120.0999999999995964,10.5615921020507812
13.7999999999999172,120.1999999999995907,10.4379930496215820
13.7999999999999172,120.8999999999995509,7.3439784049987793
13.7999999999999172,120.9999999999995453,6.4604415893554688
13.7999999999999172,121.0999999999995396,5.2329592704772949
13.7999999999999172,121.1999999999995339,4.4606037139892578
13.7999999999999172,121.2999999999995282,4.4869155883789062
13.7999999999999172,121.3999999999995225,5.2342109680175781
13.7999999999999172,121.9999999999994884,8.4262647628784180
13.7999999999999172,122.0999999999994827,7.4379038810729980
13.7999999999999172,122.1999999999994770,6.2507996559143066
13.7999999999999172,122.2999999999994714,5.0375604629516602
13.7999999999999172,122.3999999999994657,4.9227662086486816
13.7999999999999172,122.7999999999994429,5.6477174758911133
13.7999999999999172,122.8999999999994373,5.1555962562561035
13.7999999999999172,122.9999999999994316,5.5565748214721680
13.7999999999999172,123.2999999999994145,5.9343929290771484
13.7999999999999172,123.3999999999994088,5.6193747520446777
13.7999999999999172,123.4999999999994031,5.8268499374389648
13.7999999999999172,123.5999999999993975,7.2088694572448730
13.7999999999999172,123.6999999999993918,8.5886678695678711
13.7999999999999172,123.7999999999993861,9.4378480911254883
13.7999999999999172,124.1999999999993634,7.6953363418579102
13.7999999999999172,124.2999999999993577,6.7959074974060059
13.6999999999999176,121.0999999999995396,5.4493894577026367
13.6999999999999176,121.1999999999995339,4.5382089614868164
13.6999999999999176,121.2999999999995282,4.9091792106628418
13.6999999999999176,121.3999999999995225,5.9468402862548828
13.6999999999999176,122.1999999999994770,6.8043746948242188
13.6999999999999176,122.2999999999994714,5.9634141921997070
13.6999999999999176,122.3999999999994657,6.3014583587646484
13.6999999999999176,122.8999999999994373,5.8979806900024414
13.6999999999999176,122.9999999999994316,5.2805733680725098
13.6999999999999176,123.0999999999994259,5.5300436019897461
13.6999999999999176,123.1999999999994202,5.7649168968200684
13.6999999999999176,123.2999999999994145,5.2835636138916016
13.6999999999999176,123.3999999999994088,4.9314203262329102
13.6999999999999176,123.4999999999994031,5.0615553855895996
13.6999999999999176,124.0999999999993690,8.2991857528686523
13.6999999999999176,124.1999999999993634,7.4780411720275879
13.6999999999999176,124.2999999999993577,6.9418692588806152
13.5999999999999179,122.2999999999994714,6.9055747985839844
13.5999999999999179,122.3999999999994657,7.3148303031921387
13.5999999999999179,122.4999999999994600,8.1483297348022461
13.5999999999999179,122.8999999999994373,6.9518570899963379
13.5999999999999179,122.9999999999994316,6.1587190628051758
13.5999999999999179,123.0999999999994259,5.9601535797119141
13.5999999999999179,123.1999999999994202,5.9730677604675293
13.5999999999999179,123.2999999999994145,5.3692431449890137
13.5999999999999179,123.3999999999994088,4.8437013626098633
13.5999999999999179,123.4999999999994031,4.6220464706420898
13.5999999999999179,124.1999999999993634,8.1273155212402344
13.5999999999999179,124.2999999999993577,7.7322616577148438
13.4999999999999183,120.6999999999995623,5.9487500190734863
13.4999999999999183,120.7999999999995566,5.4574599266052246
13.4999999999999183,121.8999999999994941,8.3095121383666992
13.4999999999999183,121.9999999999994884,7.5106263160705566
13.4999999999999183,122.4999999999994600,7.8090834617614746
13.4999999999999183,122.5999999999994543,8.4124135971069336
13.4999999999999183,123.1999999999994202,7.5946745872497559
13.4999999999999183,123.2999999999994145,6.3971910476684570
13.4999999999999183,123.3999999999994088,5.4425187110900879
13.4999999999999183,123.4999999999994031,4.8038916587829590
13.4999999999999183,123.5999999999993975,4.7149310111999512
13.3999999999999186,120.4999999999995737,7.0154280662536621
13.3999999999999186,120.5999999999995680,5.5505657196044922
13.3999999999999186,120.6999999999995623,4.3952946662902832
13.3999999999999186,120.7999999999995566,3.8756463527679443
13.3999999999999186,120.8999999999995509,3.6416721343994141
13.3999999999999186,120.9999999999995453,3.1368410587310791
13.3999999999999186,121.0999999999995396,2.6237337589263916
13.3999999999999186,121.1999999999995339,2.5126471519470215
13.3999999999999186,121.7999999999994998,8.6007823944091797
13.3999999999999186,121.8999999999994941,8.0997591018676758
13.3999999999999186,121.9999999999994884,7.2879042625427246
13.3999999999999186,122.0999999999994827,6.7581992149353027
13.3999999999999186,122.4999999999994600,7.6027994155883789
13.3999999999999186,122.5999999999994543,8.2395467758178711
13.3999999999999186,123.1999999999994202,9.2076549530029297
13.3999999999999186,123.2999999999994145,7.6188979148864746
13.3999999999999186,123.3999999999994088,6.1066761016845703
13.3999999999999186,123.4999999999994031,4.9962916374206543
13.3999999999999186,123.5999999999993975,4.6244273185729980
13.2999999999999190,120.5999999999995680,4.4270582199096680
13.2999999999999190,120.6999999999995623,3.3438942432403564
13.2999999999999190,120.7999999999995566,2.9418170452117920
13.2999999999999190,120.8999999999995509,2.5922625064849854
13.2999999999999190,120.9999999999995453,2.2167115211486816
13.2999999999999190,121.0999999999995396,2.1354432106018066
13.2999999999999190,121.1999999999995339,2.2905731201171875
13.2999999999999190,121.2999999999995282,3.2450101375579834
13.2999999999999190,121.8999999999994941,7.6947250366210938
13.2999999999999190,121.9999999999994884,7.0897583961486816
13.2999999999999190,122.5999999999994543,8.4283599853515625
13.2999999999999190,123.2999999999994145,8.8394470214843750
13.2999999999999190,123.4999999999994031,5.4394450187683105
13.2999999999999190,123.5999999999993975,4.9991731643676758
13.2999999999999190,123.6999999999993918,4.7003073692321777
13.2999999999999190,123.8999999999993804,8.4138584136962891
13.1999999999999194,120.6999999999995623,3.8870670795440674
13.1999999999999194,120.7999999999995566,3.3237380981445312
13.1999999999999194,120.8999999999995509,2.8995935916900635
13.1999999999999194,120.9999999999995453,2.6663081645965576
13.1999999999999194,121.0999999999995396,2.4529929161071777
13.1999999999999194,121.1999999999995339,2.4288017749786377
13.1999999999999194,121.3999999999995225,3.3577442169189453
13.1999999999999194,123.2999999999994145,9.7257127761840820
13.1999999999999194,123.3999999999994088,7.2328696250915527
13.1999999999999194,123.4999999999994031,5.9218130111694336
13.1999999999999194,123.5999999999993975,5.9087839126586914
13.1999999999999194,123.6999999999993918,5.9643578529357910
13.0999999999999197,120.6999999999995623,4.1084918975830078
13.0999999999999197,120.7999999999995566,3.7183914184570312
13.0999999999999197,120.8999999999995509,3.3669383525848389
13.0999999999999197,120.9999999999995453,3.1161251068115234
13.0999999999999197,121.0999999999995396,2.8038179874420166
13.0999999999999197,121.1999999999995339,2.8297975063323975
13.0999999999999197,121.2999999999995282,2.2112109661102295
13.0999999999999197,121.3999999999995225,2.7261261940002441
13.0999999999999197,121.4999999999995168,3.4336860179901123
13.0999999999999197,122.9999999999994316,13.5650272369384766
13.0999999999999197,123.3999999999994088,8.7745437622070312
13.0999999999999197,123.4999999999994031,7.2914061546325684
13.0999999999999197,123.5999999999993975,7.2531518936157227
13.0999999999999197,123.6999999999993918,7.9412355422973633
13.0999999999999197,123.7999999999993861,9.5139045715332031
13.0999999999999197,123.8999999999993804,12.0943155288696289
12.9999999999999201,120.7999999999995566,3.9720489978790283
12.9999999999999201,120.8999999999995509,3.6255156993865967
12.9999999999999201,120.9999999999995453,3.2695190906524658
12.9999999999999201,121.0999999999995396,2.8765072822570801
12.9999999999999201,121.1999999999995339,2.8563868999481201
12.9999999999999201,121.2999999999995282,2.2748370170593262
12.9999999999999201,121.3999999999995225,2.1268727779388428
12.9999999999999201,122.9999999999994316,14.0452299118041992
12.9999999999999201,123.0999999999994259,14.2667303085327148
12.9999999999999201,123.4999999999994031,9.1952085494995117
12.9999999999999201,123.5999999999993975,9.7839145660400391
12.9999999999999201,123.6999999999993918,10.2631511688232422
12.9999999999999201,123.7999999999993861,11.2930555343627930
12.9999999999999201,123.8999999999993804,12.6707954406738281
12.9999999999999201,123.9999999999993747,14.2285766601562500
12.9999999999999201,124.0999999999993690,15.5956287384033203
12.8999999999999204,120.7999999999995566,4.5535683631896973
12.8999999999999204,120.8999999999995509,3.9261691570281982
12.8999999999999204,120.9999999999995453,3.3036935329437256
12.8999999999999204,121.0999999999995396,2.7743270397186279
12.8999999999999204,121.1999999999995339,2.7074749469757080
12.8999999999999204,121.2999999999995282,2.3510863780975342
12.8999999999999204,121.3999999999995225,2.0196423530578613
12.8999999999999204,121.4999999999995168,2.4198758602142334
12.8999999999999204,123.1999999999994202,14.8501205444335938
12.8999999999999204,123.7999999999993861,12.7906341552734375
12.8999999999999204,124.0999999999993690,13.6004352569580078
12.7999999999999208,120.7999999999995566,5.3604116439819336
12.7999999999999208,120.8999999999995509,4.3569025993347168
12.7999999999999208,120.9999999999995453,3.5302402973175049
12.7999999999999208,121.0999999999995396,3.0518062114715576
12.7999999999999208,121.1999999999995339,2.7850387096405029
12.7999999999999208,121.2999999999995282,2.7478251457214355
12.7999999999999208,121.3999999999995225,2.8131949901580811
12.7999999999999208,123.8999999999993804,12.9094533920288086
12.7999999999999208,123.9999999999993747,11.5222206115722656
12.7999999999999208,124.0999999999993690,12.4909582138061523
12.6999999999999211,120.8999999999995509,5.5864253044128418
12.6999999999999211,120.9999999999995453,4.6552786827087402
12.6999999999999211,121.0999999999995396,4.1566424369812012
12.6999999999999211,121.1999999999995339,3.7248756885528564
12.6999999999999211,121.2999999999995282,4.0332808494567871
12.6999999999999211,121.3999999999995225,4.7149996757507324
12.6999999999999211,121.4999999999995168,5.5731959342956543
12.6999999999999211,123.8999999999993804,13.7657089233398438
12.6999999999999211,123.9999999999993747,12.4569025039672852
12.6999999999999211,124.0999999999993690,12.8750915527343750
12.5999999999999215,120.9999999999995453,6.2940440177917480
12.5999999999999215,121.0999999999995396,5.6255459785461426
12.5999999999999215,121.1999999999995339,5.0417017936706543
12.5999999999999215,121.2999999999995282,6.0242924690246582
12.5999999999999215,121.3999999999995225,7.5523524284362793
12.5999999999999215,121.4999999999995168,8.5199871063232422
12.5999999999999215,122.0999999999994827,11.8550138473510742
12.5999999999999215,123.9999999999993747,13.8933286666870117
12.4999999999999218,120.9999999999995453,8.1538343429565430
12.4999999999999218,121.0999999999995396,7.3342208862304688
12.4999999999999218,121.1999999999995339,6.6108245849609375
12.4999999999999218,121.2999999999995282,8.0546379089355469
12.4999999999999218,121.3999999999995225,9.9524145126342773
12.4999999999999218,121.9999999999994884,12.3867330551147461
12.4999999999999218,122.4999999999994600,17.7099361419677734
12.4999999999999218,122.5999999999994543,18.7109622955322266
12.4999999999999218,123.2999999999994145,18.0702304840087891
12.4999999999999218,123.3999999999994088,17.4032821655273438
12.4999999999999218,123.4999999999994031,16.8381481170654297
12.4999999999999218,123.6999999999993918,15.5172109603881836
12.4999999999999218,124.2999999999993577,17.7685298919677734
12.4999999999999218,124.3999999999993520,16.2334823608398438
12.4999999999999218,124.4999999999993463,14.1483154296875000
12.4999999999999218,124.5999999999993406,12.1909236907958984
12.4999999999999218,124.6999999999993349,10.7704610824584961
12.4999999999999218,124.7999999999993292,9.9872283935546875
12.4999999999999218,124.8999999999993236,9.9060907363891602
12.4999999999999218,124.9999999999993179,9.9824943542480469
12.4999999999999218,125.0999999999993122,10.0594205856323242
12.4999999999999218,125.1999999999993065,10.0849714279174805
12.3999999999999222,120.9999999999995453,10.1464672088623047
12.3999999999999222,121.0999999999995396,9.6865139007568359
12.3999999999999222,121.1999999999995339,9.4016599655151367
12.3999999999999222,121.2999999999995282,10.3467578887939453
12.3999999999999222,121.9999999999994884,13.9541778564453125
12.3999999999999222,122.0999999999994827,13.5607213973999023
12.3999999999999222,122.4999999999994600,18.0298976898193359
12.3999999999999222,122.5999999999994543,18.9992046356201172
12.3999999999999222,123.2999999999994145,16.9987392425537109
12.3999999999999222,123.3999999999994088,15.6624450683593750
12.3999999999999222,123.4999999999994031,14.5795125961303711
12.3999999999999222,124.3999999999993520,15.6175203323364258
12.3999999999999222,124.4999999999993463,13.4174957275390625
12.3999999999999222,124.5999999999993406,11.3062477111816406
12.3999999999999222,124.6999999999993349,10.1517810821533203
12.3999999999999222,124.7999999999993292,9.3581762313842773
12.3999999999999222,124.8999999999993236,9.0633077621459961
12.3999999999999222,124.9999999999993179,9.0838212966918945
12.3999999999999222,125.0999999999993122,9.1548147201538086
12.3999999999999222,125.1999999999993065,9.3348073959350586
12.2999999999999226,119.8999999999996078,15.8638887405395508
12.2999999999999226,121.1999999999995339,12.4680519104003906
12.2999999999999226,121.9999999999994884,15.5742235183715820
12.2999999999999226,123.2999999999994145,15.4015245437622070
12.2999999999999226,123.3999999999994088,13.3583345413208008
12.2999999999999226,123.4999999999994031,12.2958517074584961
12.2999999999999226,123.5999999999993975,11.6356077194213867
12.2999999999999226,123.6999999999993918,10.9776716232299805
12.2999999999999226,124.3999999999993520,14.9796056747436523
12.2999999999999226,124.4999999999993463,12.5005874633789062
12.2999999999999226,124.5999999999993406,10.2721014022827148
12.2999999999999226,124.6999999999993349,9.1111965179443359
12.2999999999999226,124.7999999999993292,8.5835094451904297
12.2999999999999226,124.8999999999993236,8.3384752273559570
12.2999999999999226,124.9999999999993179,8.3351278305053711
12.2999999999999226,125.0999999999993122,8.3863677978515625
12.2999999999999226,125.1999999999993065,8.5844011306762695
12.2999999999999226,125.2999999999993008,9.2877664566040039
12.1999999999999229,119.8999999999996078,16.0967483520507812
12.1999999999999229,119.9999999999996021,16.0752983093261719
12.1999999999999229,121.9999999999994884,17.0071010589599609
12.1999999999999229,123.2999999999994145,14.3275222778320312
12.1999999999999229,123.3999999999994088,12.5071239471435547
12.1999999999999229,123.5999999999993975,10.0932931900024414
12.1999999999999229,123.6999999999993918,9.5448656082153320
12.1999999999999229,123.7999999999993861,10.2132940292358398
12.1999999999999229,123.8999999999993804,11.6245250701904297
12.1999999999999229,124.3999999999993520,13.9976520538330078
12.1999999999999229,124.4999999999993463,12.1516447067260742
12.1999999999999229,124.5999999999993406,9.8218030929565430
12.1999999999999229,124.6999999999993349,8.7612133026123047
12.1999999999999229,124.7999999999993292,8.2480840682983398
12.1999999999999229,124.8999999999993236,8.0861616134643555
12.1999999999999229,124.9999999999993179,7.9815444946289062
12.1999999999999229,125.0999999999993122,7.8884348869323730
12.1999999999999229,125.1999999999993065,8.0192699432373047
12.1999999999999229,125.2999999999993008,8.6078090667724609
12.1999999999999229,125.3999999999992951,10.0529470443725586
12.1999999999999229,125.4999999999992895,11.1999521255493164
12.0999999999999233,119.9999999999996021,16.3088817596435547
12.0999999999999233,120.0999999999995964,16.4614315032958984
12.0999999999999233,120.1999999999995907,16.3071269989013672
12.0999999999999233,120.2999999999995850,16.1613121032714844
12.0999999999999233,123.2999999999994145,14.3431463241577148
12.0999999999999233,123.6999999999993918,11.3903598785400391
12.0999999999999233,123.7999999999993861,12.1138105392456055
12.0999999999999233,123.8999999999993804,13.8461828231811523
12.0999999999999233,124.4999999999993463,13.2882709503173828
12.0999999999999233,124.5999999999993406,11.6125602722167969
12.0999999999999233,124.6999999999993349,10.2538175582885742
12.0999999999999233,124.7999999999993292,9.0494394302368164
12.0999999999999233,124.8999999999993236,8.5951642990112305
12.0999999999999233,124.9999999999993179,8.3093433380126953
12.0999999999999233,125.0999999999993122,8.0350961685180664
12.0999999999999233,125.1999999999993065,8.0292930603027344
12.0999999999999233,125.2999999999993008,8.3722219467163086
12.0999999999999233,125.3999999999992951,8.7826642990112305
11.9999999999999236,123.1999999999994202,15.9354190826416016
11.9999999999999236,123.7999999999993861,14.2028017044067383
11.9999999999999236,123.8999999999993804,15.0704793930053711
11.9999999999999236,123.9999999999993747,15.9382276535034180
11.9999999999999236,124.6999999999993349,11.2680501937866211
11.9999999999999236,124.7999999999993292,10.2136125564575195
11.9999999999999236,124.8999999999993236,9.1604642868041992
11.9999999999999236,124.9999999999993179,8.7044973373413086
11.9999999999999236,125.0999999999993122,8.4245529174804688
11.9999999999999236,125.1999999999993065,8.2321138381958008
11.9999999999999236,125.2999999999993008,8.1787958145141602
11.9999999999999236,125.3999999999992951,8.2608604431152344
11.8999999999999240,121.9999999999994884,18.6687660217285156
11.8999999999999240,123.7999999999993861,15.5391874313354492
11.8999999999999240,123.8999999999993804,15.8417768478393555
11.8999999999999240,123.9999999999993747,16.1473445892333984
11.8999999999999240,124.7999999999993292,11.5487318038940430
11.8999999999999240,124.8999999999993236,10.0821685791015625
11.8999999999999240,124.9999999999993179,9.4786405563354492
11.8999999999999240,125.0999999999993122,8.9215040206909180
11.8999999999999240,125.1999999999993065,8.4243555068969727
11.8999999999999240,125.2999999999993008,8.0699062347412109
11.7999999999999243,121.8999999999994941,17.5723552703857422
11.7999999999999243,121.9999999999994884,18.1638641357421875
11.7999999999999243,122.0999999999994827,17.4838256835937500
11.7999999999999243,122.1999999999994770,15.4111022949218750
11.7999999999999243,124.2999999999993577,16.9777889251708984
11.7999999999999243,124.8999999999993236,11.2537336349487305
11.7999999999999243,124.9999999999993179,10.2698926925659180
11.7999999999999243,125.0999999999993122,9.3009338378906250
11.7999999999999243,125.1999999999993065,8.5535821914672852
11.7999999999999243,125.2999999999993008,8.1257867813110352
11.7999999999999243,125.3999999999992951,7.9428415298461914
11.6999999999999247,119.9999999999996021,16.9434871673583984
11.6999999999999247,122.0999999999994827,15.9871034622192383
11.6999999999999247,122.1999999999994770,13.9761295318603516
11.6999999999999247,122.2999999999994714,11.6677846908569336
11.6999999999999247,122.3999999999994657,10.5797796249389648
11.6999999999999247,124.9999999999993179,10.7907733917236328
11.6999999999999247,125.0999999999993122,9.6920995712280273
11.6999999999999247,125.1999999999993065,8.6693353652954102
11.6999999999999247,125.2999999999993008,8.1543760299682617
11.6999999999999247,125.3999999999992951,7.7188181877136230
11.5999999999999250,122.1999999999994770,11.2915678024291992
11.5999999999999250,122.2999999999994714,8.9778299331665039
11.5999999999999250,122.6999999999994486,8.3195171356201172
11.5999999999999250,124.4999999999993463,17.6399478912353516
11.5999999999999250,125.0999999999993122,8.9387283325195312
11.5999999999999250,125.1999999999993065,8.1544561386108398
11.5999999999999250,125.2999999999993008,7.7480897903442383
11.5999999999999250,125.3999999999992951,7.3837485313415527
11.4999999999999254,122.0999999999994827,9.4112071990966797
11.4999999999999254,122.1999999999994770,8.1547546386718750
11.4999999999999254,122.2999999999994714,6.6299943923950195
11.4999999999999254,122.3999999999994657,5.8956460952758789
11.4999999999999254,122.4999999999994600,5.6281929016113281
11.4999999999999254,122.5999999999994543,5.6956100463867188
11.4999999999999254,122.6999999999994486,6.3758711814880371
11.4999999999999254,122.7999999999994429,6.8068222999572754
11.4999999999999254,123.0999999999994259,11.3562841415405273
11.4999999999999254,124.3999999999993520,16.4132900238037109
11.4999999999999254,124.4999999999993463,16.6225700378417969
11.4999999999999254,124.8999999999993236,9.5531663894653320
11.4999999999999254,124.9999999999993179,8.7258262634277344
11.4999999999999254,125.0999999999993122,7.8317065238952637
11.4999999999999254,125.1999999999993065,7.2369308471679688
11.4999999999999254,125.2999999999993008,7.0737404823303223
11.4999999999999254,125.3999999999992951,7.0879855155944824
11.4999999999999254,125.4999999999992895,8.0325546264648438
11.3999999999999257,122.0999999999994827,6.6548762321472168
11.3999999999999257,122.1999999999994770,5.6369180679321289
11.3999999999999257,122.2999999999994714,4.6372780799865723
11.3999999999999257,122.3999999999994657,4.0134854316711426
11.3999999999999257,122.4999999999994600,3.6712467670440674
11.3999999999999257,122.5999999999994543,3.3872432708740234
11.3999999999999257,122.6999999999994486,4.0457844734191895
11.3999999999999257,122.7999999999994429,5.2059049606323242
11.3999999999999257,122.8999999999994373,6.5511202812194824
11.3999999999999257,122.9999999999994316,9.2764616012573242
11.3999999999999257,123.0999999999994259,12.4101648330688477
11.3999999999999257,124.2999999999993577,16.1793651580810547
11.3999999999999257,124.3999999999993520,15.8676500320434570
11.3999999999999257,124.4999999999993463,15.5093984603881836
11.3999999999999257,124.8999999999993236,8.4843549728393555
11.3999999999999257,124.9999999999993179,7.6917009353637695
11.3999999999999257,125.0999999999993122,7.2255921363830566
11.3999999999999257,125.1999999999993065,7.0090866088867188
11.3999999999999257,125.2999999999993008,7.0951247215270996
11.3999999999999257,125.3999999999992951,7.2149477005004883
11.3999999999999257,125.4999999999992895,8.6135540008544922
11.2999999999999261,119.4999999999996305,13.6289520263671875
11.2999999999999261,122.0999999999994827,5.8474283218383789
11.2999999999999261,122.1999999999994770,4.9463005065917969
11.2999999999999261,122.2999999999994714,4.0703620910644531
11.2999999999999261,122.3999999999994657,3.5343937873840332
11.2999999999999261,122.4999999999994600,3.3389890193939209
11.2999999999999261,122.5999999999994543,3.5129628181457520
11.2999999999999261,122.6999999999994486,4.6900324821472168
11.2999999999999261,122.7999999999994429,6.2062807083129883
11.2999999999999261,122.8999999999994373,7.7625055313110352
11.2999999999999261,122.9999999999994316,10.4232406616210938
11.2999999999999261,123.0999999999994259,12.6400175094604492
11.2999999999999261,124.3999999999993520,14.8033819198608398
11.2999999999999261,124.4999999999993463,14.0630235671997070
11.2999999999999261,124.5999999999993406,12.9315557479858398
11.2999999999999261,124.6999999999993349,10.0799064636230469
11.2999999999999261,124.7999999999993292,8.2746562957763672
11.2999999999999261,124.8999999999993236,7.3372330665588379
11.2999999999999261,125.1999999999993065,7.9637961387634277
11.2999999999999261,125.2999999999993008,8.2407293319702148
11.2999999999999261,125.3999999999992951,8.4961395263671875
11.2999999999999261,125.4999999999992895,9.6007823944091797
11.1999999999999265,119.4999999999996305,11.7849416732788086
11.1999999999999265,122.0999999999994827,5.8928790092468262
11.1999999999999265,122.1999999999994770,5.0020303726196289
11.1999999999999265,122.2999999999994714,4.3465666770935059
11.1999999999999265,122.3999999999994657,4.0258855819702148
11.1999999999999265,122.4999999999994600,4.1344780921936035
11.1999999999999265,122.5999999999994543,4.5544023513793945
11.1999999999999265,122.6999999999994486,6.0033149719238281
11.1999999999999265,122.7999999999994429,7.9142236709594727
11.1999999999999265,122.8999999999994373,9.8536062240600586
11.1999999999999265,122.9999999999994316,12.0167636871337891
11.1999999999999265,123.7999999999993861,13.3607892990112305
11.1999999999999265,123.9999999999993747,13.6277465820312500
11.1999999999999265,124.3999999999993520,13.8425893783569336
11.1999999999999265,124.4999999999993463,12.4821586608886719
11.1999999999999265,124.5999999999993406,10.8067827224731445
11.1999999999999265,124.6999999999993349,8.4263715744018555
11.1999999999999265,124.7999999999993292,6.9719185829162598
11.1999999999999265,124.8999999999993236,6.5720744132995605
11.1999999999999265,124.9999999999993179,7.3292069435119629
11.1999999999999265,125.1999999999993065,9.2312946319580078
11.1999999999999265,125.2999999999993008,9.7780218124389648
11.1999999999999265,125.3999999999992951,10.2432851791381836
11.1999999999999265,125.4999999999992895,11.7439870834350586
11.0999999999999268,119.4999999999996305,10.4105310440063477
11.0999999999999268,122.0999999999994827,6.1141810417175293
11.0999999999999268,122.1999999999994770,5.2416176795959473
11.0999999999999268,122.2999999999994714,4.8251676559448242
11.0999999999999268,122.3999999999994657,4.6954607963562012
11.0999999999999268,122.4999999999994600,4.9712481498718262
11.0999999999999268,122.5999999999994543,5.5413460731506348
11.0999999999999268,122.6999999999994486,7.3456444740295410
11.0999999999999268,122.7999999999994429,9.5983591079711914
11.0999999999999268,122.8999999999994373,11.8091421127319336
11.0999999999999268,124.3999999999993520,12.6254196166992188
11.0999999999999268,124.4999999999993463,11.3696498870849609
11.0999999999999268,124.5999999999993406,9.5032072067260742
11.0999999999999268,124.6999999999993349,7.3134131431579590
11.0999999999999268,124.7999999999993292,6.3488059043884277
11.0999999999999268,124.8999999999993236,6.1422295570373535
11.0999999999999268,124.9999999999993179,7.4894113540649414
11.0999999999999268,125.4999999999992895,12.7833309173583984
10.9999999999999272,119.3999999999996362,11.7139806747436523
10.9999999999999272,122.0999999999994827,6.4892630577087402
10.9999999999999272,122.1999999999994770,5.6931357383728027
10.9999999999999272,122.2999999999994714,5.3318915367126465
10.9999999999999272,122.3999999999994657,5.4112200736999512
10.9999999999999272,122.4999999999994600,6.1380629539489746
10.9999999999999272,122.5999999999994543,7.1895880699157715
10.9999999999999272,122.6999999999994486,8.9719438552856445
10.9999999999999272,122.7999999999994429,10.8589887619018555
10.9999999999999272,123.9999999999993747,13.2587280273437500
10.9999999999999272,124.4999999999993463,11.9145574569702148
10.9999999999999272,124.5999999999993406,10.0727720260620117
10.9999999999999272,124.6999999999993349,8.0726394653320312
10.9999999999999272,124.7999999999993292,6.9855971336364746
10.9999999999999272,124.8999999999993236,6.6492400169372559
10.9999999999999272,124.9999999999993179,7.9144425392150879
10.8999999999999275,119.3999999999996362,11.4504928588867188
10.8999999999999275,119.4999999999996305,9.8020458221435547
10.8999999999999275,121.9999999999994884,8.1449365615844727
10.8999999999999275,122.0999999999994827,6.9984254837036133
10.8999999999999275,122.1999999999994770,6.3021078109741211
10.8999999999999275,122.2999999999994714,6.1693091392517090
10.8999999999999275,122.3999999999994657,6.5367608070373535
10.8999999999999275,122.4999999999994600,7.5682005882263184
10.8999999999999275,122.5999999999994543,8.9646873474121094
10.8999999999999275,122.6999999999994486,10.7855482101440430
10.8999999999999275,123.1999999999994202,11.1802663803100586
10.8999999999999275,123.2999999999994145,9.6557216644287109
10.8999999999999275,123.3999999999994088,8.4617471694946289
10.8999999999999275,123.9999999999993747,13.4031286239624023
10.8999999999999275,124.4999999999993463,12.4380521774291992
10.8999999999999275,124.7999999999993292,7.9330101013183594
10.8999999999999275,124.8999999999993236,7.2919321060180664
10.8999999999999275,124.9999999999993179,8.0798101425170898
10.7999999999999279,119.2999999999996419,14.6672716140747070
10.7999999999999279,119.3999999999996362,12.7427654266357422
10.7999999999999279,119.4999999999996305,8.8015279769897461
10.7999999999999279,121.9999999999994884,9.1038846969604492
10.7999999999999279,122.0999999999994827,7.6508369445800781
10.7999999999999279,122.1999999999994770,7.2148323059082031
10.7999999999999279,122.2999999999994714,7.4117951393127441
10.7999999999999279,122.3999999999994657,7.9005088806152344
10.7999999999999279,122.4999999999994600,8.9992246627807617
10.7999999999999279,122.9999999999994316,12.5950250625610352
10.7999999999999279,123.0999999999994259,10.7933359146118164
10.7999999999999279,123.1999999999994202,8.8785085678100586
10.7999999999999279,123.2999999999994145,7.8199892044067383
10.7999999999999279,123.3999999999994088,6.9709358215332031
10.7999999999999279,123.4999999999994031,6.6792206764221191
10.7999999999999279,123.8999999999993804,12.1634168624877930
10.7999999999999279,123.9999999999993747,13.2685241699218750
10.7999999999999279,124.8999999999993236,7.7548661231994629
10.6999999999999282,119.3999999999996362,10.9640855789184570
10.6999999999999282,119.4999999999996305,8.8534345626831055
10.6999999999999282,119.5999999999996248,9.1373796463012695
10.6999999999999282,121.9999999999994884,10.0021743774414062
10.6999999999999282,122.0999999999994827,8.9914264678955078
10.6999999999999282,122.1999999999994770,8.8945188522338867
10.6999999999999282,122.2999999999994714,8.5228834152221680
10.6999999999999282,122.3999999999994657,9.2018270492553711
10.6999999999999282,122.4999999999994600,10.1532201766967773
10.6999999999999282,122.5999999999994543,11.3823060989379883
10.6999999999999282,122.6999999999994486,11.8978290557861328
10.6999999999999282,122.9999999999994316,10.9954605102539062
10.6999999999999282,123.0999999999994259,9.1480340957641602
10.6999999999999282,123.1999999999994202,7.8005747795104980
10.6999999999999282,123.2999999999994145,7.2688937187194824
10.6999999999999282,123.3999999999994088,7.2886309623718262
10.6999999999999282,123.4999999999994031,7.0634880065917969
10.6999999999999282,123.8999999999993804,11.8476934432983398
10.6999999999999282,124.7999999999993292,7.9649438858032227
10.6999999999999282,124.8999999999993236,7.0660700798034668
10.6999999999999282,124.9999999999993179,7.3303780555725098
10.6999999999999282,125.7999999999992724,16.7832031250000000
10.5999999999999286,119.3999999999996362,11.3013687133789062
10.5999999999999286,119.4999999999996305,9.4573974609375000
10.5999999999999286,119.5999999999996248,9.7804937362670898
10.5999999999999286,119.7999999999996135,13.3212175369262695
10.5999999999999286,119.8999999999996078,13.7936887741088867
10.5999999999999286,121.9999999999994884,10.9184846878051758
10.5999999999999286,122.4999999999994600,12.4959821701049805
10.5999999999999286,122.5999999999994543,12.4790115356445312
10.5999999999999286,122.6999999999994486,12.3577203750610352
10.5999999999999286,122.8999999999994373,10.3811216354370117
10.5999999999999286,122.9999999999994316,9.4984245300292969
10.5999999999999286,123.0999999999994259,7.7464194297790527
10.5999999999999286,123.1999999999994202,6.7073655128479004
10.5999999999999286,123.2999999999994145,6.9585976600646973
10.5999999999999286,123.3999999999994088,8.0433626174926758
10.5999999999999286,123.6999999999993918,9.3736715316772461
10.5999999999999286,123.7999999999993861,10.4559955596923828
10.5999999999999286,123.8999999999993804,11.9204854965209961
10.5999999999999286,123.9999999999993747,13.2660551071166992
10.5999999999999286,124.7999999999993292,8.0886182785034180
10.5999999999999286,124.8999999999993236,7.3703780174255371
10.5999999999999286,124.9999999999993179,7.1592979431152344
10.5999999999999286,125.0999999999993122,7.0041022300720215
10.4999999999999289,119.2999999999996419,12.3467607498168945
10.4999999999999289,119.3999999999996362,11.1127576828002930
10.4999999999999289,119.4999999999996305,9.9472684860229492
10.4999999999999289,119.5999999999996248,10.1608915328979492
10.4999999999999289,119.7999999999996135,12.9778356552124023
10.4999999999999289,119.8999999999996078,13.3909254074096680
10.4999999999999289,121.9999999999994884,11.7959432601928711
10.4999999999999289,122.4999999999994600,13.3437652587890625
10.4999999999999289,122.5999999999994543,13.5551023483276367
10.4999999999999289,122.6999999999994486,13.0981140136718750
10.4999999999999289,122.7999999999994429,11.0443058013916016
10.4999999999999289,122.8999999999994373,10.0562171936035156
10.4999999999999289,122.9999999999994316,8.4542741775512695
10.4999999999999289,123.0999999999994259,7.0537490844726562
10.4999999999999289,123.1999999999994202,6.4330153465270996
10.4999999999999289,123.2999999999994145,7.1380381584167480
10.4999999999999289,123.3999999999994088,8.5070514678955078
10.4999999999999289,123.7999999999993861,10.1994485855102539
10.4999999999999289,123.8999999999993804,11.9304389953613281
10.4999999999999289,123.9999999999993747,13.6866245269775391
10.4999999999999289,124.7999999999993292,8.6530618667602539
10.4999999999999289,124.8999999999993236,7.3425803184509277
10.4999999999999289,124.9999999999993179,7.0979800224304199
10.4999999999999289,125.0999999999993122,6.8527207374572754
10.3999999999999293,119.0999999999996533,9.4540014266967773
10.3999999999999293,119.1999999999996476,10.0880756378173828
10.3999999999999293,119.2999999999996419,10.3509740829467773
10.3999999999999293,119.3999999999996362,10.2499866485595703
10.3999999999999293,119.4999999999996305,10.1490097045898438
10.3999999999999293,122.8999999999994373,9.6040058135986328
10.3999999999999293,122.9999999999994316,8.4100770950317383
10.3999999999999293,123.0999999999994259,7.4406809806823730
10.3999999999999293,123.1999999999994202,7.2103486061096191
10.3999999999999293,123.2999999999994145,7.9807815551757812
10.3999999999999293,123.6999999999993918,9.2787504196166992
10.3999999999999293,123.7999999999993861,9.9781312942504883
10.3999999999999293,123.8999999999993804,11.6208543777465820
10.3999999999999293,123.9999999999993747,12.9861392974853516
10.3999999999999293,124.7999999999993292,8.1764917373657227
10.3999999999999293,124.8999999999993236,6.9990592002868652
10.3999999999999293,124.9999999999993179,7.3197035789489746
10.3999999999999293,125.0999999999993122,7.8084549903869629
10.3999999999999293,125.1999999999993065,9.1095705032348633
10.3999999999999293,125.5999999999992838,17.3582973480224609
10.2999999999999297,118.9999999999996589,7.9932518005371094
10.2999999999999297,119.0999999999996533,7.7810449600219727
10.2999999999999297,119.1999999999996476,7.8889079093933105
10.2999999999999297,119.2999999999996419,8.1470594406127930
10.2999999999999297,122.8999999999994373,9.6204433441162109
10.2999999999999297,122.9999999999994316,8.7706413269042969
10.2999999999999297,123.0999999999994259,7.9850182533264160
10.2999999999999297,123.1999999999994202,8.1384515762329102
10.2999999999999297,123.2999999999994145,8.7760276794433594
10.2999999999999297,123.5999999999993975,10.8468408584594727
10.2999999999999297,123.6999999999993918,9.8697423934936523
10.2999999999999297,123.7999999999993861,9.8679018020629883
10.2999999999999297,124.7999999999993292,8.1068363189697266
10.2999999999999297,124.8999999999993236,7.1495432853698730
10.2999999999999297,125.0999999999993122,9.1055440902709961
10.2999999999999297,125.1999999999993065,10.4085674285888672
10.2999999999999297,125.5999999999992838,17.6633090972900391
10.1999999999999300,118.7999999999996703,10.0605144500732422
10.1999999999999300,118.9999999999996589,8.1403732299804688
10.1999999999999300,119.0999999999996533,8.1530132293701172
10.1999999999999300,119.1999999999996476,8.1507940292358398
10.1999999999999300,122.8999999999994373,9.3049144744873047
10.1999999999999300,122.9999999999994316,8.6663665771484375
10.1999999999999300,123.0999999999994259,8.2024545669555664
10.1999999999999300,123.1999999999994202,8.2988729476928711
10.1999999999999300,123.2999999999994145,8.8295516967773438
10.1999999999999300,123.5999999999993975,10.7860898971557617
10.1999999999999300,123.6999999999993918,9.8814067840576172
10.1999999999999300,124.8999999999993236,9.0242252349853516
10.1999999999999300,125.5999999999992838,17.7381916046142578
10.0999999999999304,118.8999999999996646,10.0380210876464844
10.0999999999999304,118.9999999999996589,10.1887273788452148
10.0999999999999304,119.0999999999996533,10.5697507858276367
10.0999999999999304,119.1999999999996476,10.8459062576293945
10.0999999999999304,122.8999999999994373,8.4701871871948242
10.0999999999999304,122.9999999999994316,8.2443037033081055
10.0999999999999304,123.0999999999994259,8.1159620285034180
10.0999999999999304,123.1999999999994202,8.0971708297729492
10.0999999999999304,123.4999999999994031,9.5264205932617188
10.0999999999999304,123.5999999999993975,9.6152791976928711
10.0999999999999304,124.1999999999993634,9.8677358627319336
10.0999999999999304,124.2999999999993577,9.5505094528198242
10.0999999999999304,124.3999999999993520,10.1805257797241211
10.0999999999999304,125.1999999999993065,14.9292087554931641
10.0999999999999304,125.5999999999992838,17.2151851654052734
9.9999999999999307,118.7999999999996703,9.9292325973510742
9.9999999999999307,118.8999999999996646,10.9598884582519531
9.9999999999999307,118.9999999999996589,11.8778715133666992
9.9999999999999307,119.0999999999996533,12.4405050277709961
9.9999999999999307,122.7999999999994429,8.4837255477905273
9.9999999999999307,122.8999999999994373,7.9296622276306152
9.9999999999999307,122.9999999999994316,7.9603805541992188
9.9999999999999307,123.0999999999994259,8.1723318099975586
9.9999999999999307,123.1999999999994202,8.2441673278808594
9.9999999999999307,123.3999999999994088,7.8544449806213379
9.9999999999999307,123.4999999999994031,8.1013002395629883
9.9999999999999307,123.5999999999993975,8.5614824295043945
9.9999999999999307,124.0999999999993690,8.8880968093872070
9.9999999999999307,124.1999999999993634,8.4152402877807617
9.9999999999999307,124.2999999999993577,7.9885993003845215
9.9999999999999307,124.3999999999993520,9.0509386062622070
9.9999999999999307,124.4999999999993463,11.5300521850585938
9.9999999999999307,125.1999999999993065,17.4237365722656250
9.9999999999999307,125.5999999999992838,16.7390975952148438
9.8999999999999311,118.5999999999996817,8.6406698226928711
9.8999999999999311,118.6999999999996760,8.1122655868530273
9.8999999999999311,122.3999999999994657,13.0411071777343750
9.8999999999999311,122.4999999999994600,11.2539081573486328
9.8999999999999311,122.5999999999994543,9.5451974868774414
9.8999999999999311,122.6999999999994486,8.7564611434936523
9.8999999999999311,122.7999999999994429,8.1357984542846680
9.8999999999999311,122.8999999999994373,7.5589785575866699
9.8999999999999311,122.9999999999994316,7.9457445144653320
9.8999999999999311,123.0999999999994259,8.5222473144531250
9.8999999999999311,123.3999999999994088,7.6668357849121094
9.8999999999999311,123.4999999999994031,7.6992225646972656
9.8999999999999311,123.5999999999993975,8.7686147689819336
9.8999999999999311,123.8999999999993804,9.6089925765991211
9.8999999999999311,123.9999999999993747,9.1901130676269531
9.8999999999999311,124.0999999999993690,8.6693258285522461
9.8999999999999311,124.1999999999993634,8.0880498886108398
9.8999999999999311,124.2999999999993577,7.5827431678771973
9.8999999999999311,124.3999999999993520,9.1064090728759766
9.8999999999999311,124.4999999999993463,11.9568872451782227
9.8999999999999311,125.5999999999992838,14.4846973419189453
9.8999999999999311,125.9999999999992610,15.4654817581176758
9.7999999999999314,118.5999999999996817,8.3294782638549805
9.7999999999999314,118.6999999999996760,6.5781068801879883
9.7999999999999314,122.4999999999994600,11.1907196044921875
9.7999999999999314,122.5999999999994543,9.2022008895874023
9.7999999999999314,122.6999999999994486,8.6195344924926758
9.7999999999999314,122.7999999999994429,8.3126134872436523
9.7999999999999314,122.8999999999994373,8.1321964263916016
9.7999999999999314,122.9999999999994316,8.5853805541992188
9.7999999999999314,123.0999999999994259,9.2498273849487305
9.7999999999999314,123.3999999999994088,8.2612524032592773
9.7999999999999314,123.4999999999994031,7.8410553932189941
9.7999999999999314,123.8999999999993804,9.7311439514160156
9.7999999999999314,123.9999999999993747,9.2628698348999023
9.7999999999999314,124.0999999999993690,8.8248252868652344
9.7999999999999314,124.1999999999993634,8.5165586471557617
9.7999999999999314,124.2999999999993577,8.5591049194335938
9.7999999999999314,124.3999999999993520,10.0206212997436523
9.7999999999999314,124.4999999999993463,12.7455129623413086
9.7999999999999314,125.9999999999992610,14.9180374145507812
9.7999999999999314,126.0999999999992554,14.2627058029174805
9.6999999999999318,118.3999999999996930,12.8187026977539062
9.6999999999999318,118.4999999999996874,10.4053153991699219
9.6999999999999318,118.5999999999996817,7.7376260757446289
9.6999999999999318,118.6999999999996760,6.3146548271179199
9.6999999999999318,122.4999999999994600,11.2916164398193359
9.6999999999999318,122.5999999999994543,9.2979831695556641
9.6999999999999318,122.6999999999994486,8.6111507415771484
9.6999999999999318,122.7999999999994429,8.4717350006103516
9.6999999999999318,122.8999999999994373,8.3907566070556641
9.6999999999999318,122.9999999999994316,9.2116403579711914
9.6999999999999318,123.0999999999994259,10.1777744293212891
9.6999999999999318,123.3999999999994088,8.7714090347290039
9.6999999999999318,123.8999999999993804,10.0093288421630859
9.6999999999999318,123.9999999999993747,9.4906129837036133
9.6999999999999318,124.0999999999993690,9.1712112426757812
9.6999999999999318,124.1999999999993634,9.2283868789672852
9.6999999999999318,124.2999999999993577,9.3546781539916992
9.6999999999999318,124.3999999999993520,10.6782054901123047
9.6999999999999318,125.4999999999992895,10.6415681838989258
9.5999999999999321,118.3999999999996930,10.7729253768920898
9.5999999999999321,118.4999999999996874,8.7130622863769531
9.5999999999999321,118.5999999999996817,7.2388033866882324
9.5999999999999321,118.6999999999996760,6.0790581703186035
9.5999999999999321,122.4999999999994600,11.6679296493530273
9.5999999999999321,122.5999999999994543,10.5492696762084961
9.5999999999999321,122.6999999999994486,9.4537572860717773
9.5999999999999321,122.7999999999994429,8.5654401779174805
9.5999999999999321,122.8999999999994373,8.1499176025390625
9.5999999999999321,122.9999999999994316,8.5058002471923828
9.5999999999999321,123.0999999999994259,9.0622577667236328
9.5999999999999321,123.2999999999994145,8.9924106597900391
9.5999999999999321,123.3999999999994088,8.6367187500000000
9.5999999999999321,123.7999999999993861,12.8420019149780273
9.5999999999999321,125.3999999999992951,10.0167274475097656
9.5999999999999321,125.4999999999992895,9.8507738113403320
9.5999999999999321,125.5999999999992838,9.6127643585205078
9.5999999999999321,125.6999999999992781,9.4505681991577148
9.4999999999999325,118.2999999999996987,9.4283714294433594
9.4999999999999325,118.3999999999996930,8.0301952362060547
9.4999999999999325,118.4999999999996874,7.3352341651916504
9.4999999999999325,118.5999999999996817,6.9366426467895508
9.4999999999999325,122.5999999999994543,12.1901140213012695
9.4999999999999325,122.6999999999994486,10.8446769714355469
9.4999999999999325,122.7999999999994429,9.6362209320068359
9.4999999999999325,122.8999999999994373,8.7165861129760742
9.4999999999999325,122.9999999999994316,7.9698767662048340
9.4999999999999325,123.0999999999994259,7.6531138420104980
9.4999999999999325,123.3999999999994088,8.3707218170166016
9.4999999999999325,125.4999999999992895,9.4085340499877930
9.4999999999999325,125.5999999999992838,8.5457010269165039
9.4999999999999325,125.6999999999992781,7.7404298782348633
9.4999999999999325,125.7999999999992724,6.6763911247253418
9.3999999999999329,118.1999999999997044,9.1041975021362305
9.3999999999999329,118.2999999999996987,7.7700457572937012
9.3999999999999329,118.3999999999996930,6.6430954933166504
9.3999999999999329,118.4999999999996874,6.6425757408142090
9.3999999999999329,122.7999999999994429,10.7293119430541992
9.3999999999999329,122.8999999999994373,9.3354940414428711
9.3999999999999329,122.9999999999994316,8.0836105346679688
9.3999999999999329,123.0999999999994259,7.0409903526306152
9.3999999999999329,123.1999999999994202,6.7025346755981445
9.3999999999999329,125.5999999999992838,7.4029884338378906
9.3999999999999329,125.6999999999992781,6.0255765914916992
9.3999999999999329,125.7999999999992724,4.3079128265380859
9.3999999999999329,125.8999999999992667,3.6849541664123535
9.2999999999999332,118.0999999999997101,8.9653406143188477
9.2999999999999332,118.1999999999997044,8.3862371444702148
9.2999999999999332,118.2999999999996987,7.6253519058227539
9.2999999999999332,118.3999999999996930,7.1331763267517090
9.2999999999999332,122.8999999999994373,10.0553045272827148
9.2999999999999332,122.9999999999994316,8.7186241149902344
9.2999999999999332,123.0999999999994259,7.7753639221191406
9.2999999999999332,123.1999999999994202,7.2073860168457031
9.2999999999999332,123.2999999999994145,7.7249560356140137
9.2999999999999332,125.5999999999992838,6.1812610626220703
9.2999999999999332,125.6999999999992781,4.7943801879882812
9.2999999999999332,125.7999999999992724,3.1864993572235107
9.2999999999999332,125.8999999999992667,2.9479548931121826
9.1999999999999336,117.8999999999997215,7.6152520179748535
9.1999999999999336,117.9999999999997158,7.8957953453063965
9.1999999999999336,118.0999999999997101,7.5734076499938965
9.1999999999999336,118.1999999999997044,7.6753997802734375
9.1999999999999336,122.8999999999994373,10.8765096664428711
9.1999999999999336,122.9999999999994316,9.7207250595092773
9.1999999999999336,123.0999999999994259,8.6857576370239258
9.1999999999999336,123.1999999999994202,8.1630268096923828
9.1999999999999336,123.4999999999994031,13.3252820968627930
9.1999999999999336,123.5999999999993975,14.0765676498413086
9.1999999999999336,124.6999999999993349,14.7667074203491211
9.1999999999999336,124.7999999999993292,14.3248596191406250
9.1999999999999336,125.5999999999992838,5.6499323844909668
9.1999999999999336,125.6999999999992781,4.2787632942199707
9.1999999999999336,125.7999999999992724,2.5546605587005615
9.1999999999999336,125.8999999999992667,2.0694215297698975
9.1999999999999336,125.9999999999992610,3.3624100685119629
9.1999999999999336,126.0999999999992554,3.9261291027069092
9.0999999999999339,117.7999999999997272,6.8162150382995605
9.0999999999999339,117.8999999999997215,6.5149893760681152
9.0999999999999339,117.9999999999997158,6.6474184989929199
9.0999999999999339,122.9999999999994316,10.7830419540405273
9.0999999999999339,123.0999999999994259,9.6853628158569336
9.0999999999999339,123.5999999999993975,14.1797580718994141
9.0999999999999339,125.5999999999992838,5.2614731788635254
9.0999999999999339,125.6999999999992781,3.9920852184295654
9.0999999999999339,125.7999999999992724,2.5876386165618896
9.0999999999999339,125.8999999999992667,1.8354396820068359
9.0999999999999339,125.9999999999992610,2.6284091472625732
9.0999999999999339,126.0999999999992554,3.3412632942199707
8.9999999999999343,117.5999999999997385,7.5507469177246094
8.9999999999999343,117.6999999999997328,6.8913955688476562
8.9999999999999343,117.7999999999997272,5.8617086410522461
8.9999999999999343,117.8999999999997215,5.8722763061523438
8.9999999999999343,117.9999999999997158,6.6052680015563965
8.9999999999999343,125.2999999999993008,5.1578688621520996
8.9999999999999343,125.3999999999992951,5.5685153007507324
8.9999999999999343,125.5999999999992838,4.5377945899963379
8.9999999999999343,125.6999999999992781,3.7160146236419678
8.9999999999999343,125.7999999999992724,2.7902810573577881
8.9999999999999343,125.8999999999992667,1.8515552282333374
8.9999999999999343,125.9999999999992610,1.8408352136611938
8.9999999999999343,126.0999999999992554,2.8363394737243652
8.9999999999999343,126.1999999999992497,4.0918173789978027
8.8999999999999346,117.4999999999997442,7.1795730590820312
8.8999999999999346,117.5999999999997385,6.0777010917663574
8.8999999999999346,117.6999999999997328,5.2069244384765625
8.8999999999999346,117.7999999999997272,4.6025233268737793
8.8999999999999346,117.8999999999997215,5.2489318847656250
8.8999999999999346,117.9999999999997158,6.4734382629394531
8.8999999999999346,124.7999999999993292,6.6502428054809570
8.8999999999999346,124.8999999999993236,6.1676521301269531
8.8999999999999346,124.9999999999993179,4.6428217887878418
8.8999999999999346,125.1999999999993065,3.3410606384277344
8.8999999999999346,125.2999999999993008,4.0172877311706543
8.8999999999999346,125.3999999999992951,4.6956796646118164
8.8999999999999346,125.4999999999992895,4.5028300285339355
8.8999999999999346,125.5999999999992838,3.8570296764373779
8.8999999999999346,125.6999999999992781,3.6970860958099365
8.8999999999999346,125.7999999999992724,3.2658441066741943
8.8999999999999346,125.8999999999992667,2.5769014358520508
8.8999999999999346,125.9999999999992610,2.3822429180145264
8.8999999999999346,126.0999999999992554,3.3851819038391113
8.8999999999999346,126.1999999999992497,4.5094676017761230
8.8999999999999346,126.2999999999992440,5.6969523429870605
8.7999999999999350,117.4999999999997442,6.6634683609008789
8.7999999999999350,117.5999999999997385,5.8045463562011719
8.7999999999999350,117.6999999999997328,5.6706209182739258
8.7999999999999350,117.7999999999997272,5.4688186645507812
8.7999999999999350,117.8999999999997215,5.5943961143493652
8.7999999999999350,124.8999999999993236,4.6194014549255371
8.7999999999999350,124.9999999999993179,3.5572755336761475
8.7999999999999350,125.0999999999993122,2.9029166698455811
8.7999999999999350,125.1999999999993065,2.5581078529357910
8.7999999999999350,125.2999999999993008,2.9596669673919678
8.7999999999999350,125.3999999999992951,3.7396214008331299
8.7999999999999350,125.4999999999992895,3.7055351734161377
8.7999999999999350,125.5999999999992838,3.4142620563507080
8.7999999999999350,125.6999999999992781,3.7643249034881592
8.7999999999999350,125.7999999999992724,3.3965740203857422
8.7999999999999350,125.8999999999992667,2.8202447891235352
8.7999999999999350,125.9999999999992610,3.0546579360961914
8.7999999999999350,126.0999999999992554,3.9192109107971191
8.7999999999999350,126.1999999999992497,5.1206164360046387
8.7999999999999350,126.2999999999992440,5.6806273460388184
8.6999999999999353,117.3999999999997499,8.2764501571655273
8.6999999999999353,117.4999999999997442,7.6410937309265137
8.6999999999999353,117.5999999999997385,7.6304078102111816
8.6999999999999353,123.4999999999994031,10.6211280822753906
8.6999999999999353,124.7999999999993292,3.9643979072570801
8.6999999999999353,124.8999999999993236,4.5229392051696777
8.6999999999999353,124.9999999999993179,3.8237640857696533
8.6999999999999353,125.0999999999993122,3.3874337673187256
8.6999999999999353,125.1999999999993065,2.7219402790069580
8.6999999999999353,125.2999999999993008,2.3523638248443604
8.6999999999999353,125.3999999999992951,2.8815741539001465
8.6999999999999353,125.4999999999992895,2.9967455863952637
8.6999999999999353,125.5999999999992838,3.2558124065399170
8.6999999999999353,125.6999999999992781,3.6552436351776123
8.6999999999999353,125.7999999999992724,3.2606964111328125
8.6999999999999353,125.8999999999992667,2.8090777397155762
8.6999999999999353,125.9999999999992610,3.5771024227142334
8.6999999999999353,126.0999999999992554,4.4515528678894043
8.5999999999999357,117.3999999999997499,8.4894790649414062
8.5999999999999357,117.4999999999997442,8.6508045196533203
8.5999999999999357,123.3999999999994088,9.4246234893798828
8.5999999999999357,123.4999999999994031,8.5433568954467773
8.5999999999999357,123.5999999999993975,8.7766904830932617
8.5999999999999357,123.6999999999993918,9.0948858261108398
8.5999999999999357,124.7999999999993292,3.7676091194152832
8.5999999999999357,124.8999999999993236,4.2895283699035645
8.5999999999999357,124.9999999999993179,4.1896739006042480
8.5999999999999357,125.0999999999993122,4.0223050117492676
8.5999999999999357,125.1999999999993065,3.2290844917297363
8.5999999999999357,125.2999999999993008,2.3311214447021484
8.5999999999999357,125.3999999999992951,2.3548309803009033
8.5999999999999357,125.4999999999992895,2.7454793453216553
8.5999999999999357,125.5999999999992838,3.1657087802886963
8.5999999999999357,125.6999999999992781,3.7732799053192139
8.5999999999999357,125.7999999999992724,3.1527352333068848
8.5999999999999357,125.8999999999992667,3.0867004394531250
8.5999999999999357,125.9999999999992610,4.0990853309631348
8.5999999999999357,126.0999999999992554,5.0893149375915527
8.4999999999999361,117.1999999999997613,9.8463659286499023
8.4999999999999361,117.2999999999997556,8.9052715301513672
8.4999999999999361,117.3999999999997499,8.8082685470581055
8.4999999999999361,123.0999999999994259,10.7354698181152344
8.4999999999999361,123.2999999999994145,8.2448978424072266
8.4999999999999361,123.3999999999994088,7.4095726013183594
8.4999999999999361,123.4999999999994031,6.8254890441894531
8.4999999999999361,123.5999999999993975,6.8796830177307129
8.4999999999999361,123.6999999999993918,6.9948258399963379
8.4999999999999361,123.7999999999993861,7.3449149131774902
8.4999999999999361,124.2999999999993577,6.6097984313964844
8.4999999999999361,124.3999999999993520,5.8729887008666992
8.4999999999999361,124.4999999999993463,4.7494931221008301
8.4999999999999361,124.6999999999993349,4.0987977981567383
8.4999999999999361,124.7999999999993292,4.1224932670593262
8.4999999999999361,124.8999999999993236,4.6313352584838867
8.4999999999999361,124.9999999999993179,4.2900009155273438
8.4999999999999361,125.0999999999993122,4.1154489517211914
8.4999999999999361,125.1999999999993065,3.3985905647277832
8.4999999999999361,125.2999999999993008,2.4188401699066162
8.4999999999999361,125.3999999999992951,2.2729036808013916
8.4999999999999361,125.4999999999992895,2.3386826515197754
8.4999999999999361,125.5999999999992838,2.7057571411132812
8.4999999999999361,125.6999999999992781,3.1624011993408203
8.4999999999999361,125.7999999999992724,2.8062791824340820
8.4999999999999361,125.8999999999992667,3.4450852870941162
8.4999999999999361,125.9999999999992610,4.4160785675048828
8.4999999999999361,126.0999999999992554,5.2904620170593262
8.4999999999999361,126.1999999999992497,6.3281207084655762
8.4999999999999361,126.2999999999992440,7.9247932434082031
8.3999999999999364,123.0999999999994259,9.5550460815429688
8.3999999999999364,123.1999999999994202,8.6568517684936523
8.3999999999999364,123.2999999999994145,7.2703967094421387
8.3999999999999364,123.3999999999994088,5.8425822257995605
8.3999999999999364,123.4999999999994031,5.1338262557983398
8.3999999999999364,123.5999999999993975,5.4671635627746582
8.3999999999999364,123.6999999999993918,6.2409234046936035
8.3999999999999364,123.7999999999993861,7.5086326599121094
8.3999999999999364,124.2999999999993577,6.6242699623107910
8.3999999999999364,124.3999999999993520,5.1506714820861816
8.3999999999999364,124.4999999999993463,4.5877909660339355
8.3999999999999364,124.5999999999993406,4.3001480102539062
8.3999999999999364,124.6999999999993349,4.5094008445739746
8.3999999999999364,124.7999999999993292,4.9172391891479492
8.3999999999999364,124.8999999999993236,5.0276126861572266
8.3999999999999364,124.9999999999993179,4.5681166648864746
8.3999999999999364,125.0999999999993122,4.0769424438476562
8.3999999999999364,125.1999999999993065,3.3007895946502686
8.3999999999999364,125.2999999999993008,2.4707534313201904
8.3999999999999364,125.3999999999992951,2.0736634731292725
8.3999999999999364,125.4999999999992895,2.0518908500671387
8.3999999999999364,125.5999999999992838,2.2139525413513184
8.3999999999999364,125.6999999999992781,2.5311849117279053
8.3999999999999364,125.7999999999992724,3.1293871402740479
8.3999999999999364,125.8999999999992667,3.8739552497863770
8.3999999999999364,125.9999999999992610,4.6837406158447266
8.3999999999999364,126.0999999999992554,5.2760024070739746
8.3999999999999364,126.1999999999992497,5.8702788352966309
8.3999999999999364,126.2999999999992440,6.6150240898132324
8.2999999999999368,117.2999999999997556,12.7264184951782227
8.2999999999999368,122.9999999999994316,8.9661512374877930
8.2999999999999368,123.0999999999994259,8.0392713546752930
8.2999999999999368,123.1999999999994202,7.0499696731567383
8.2999999999999368,123.2999999999994145,5.8760347366333008
8.2999999999999368,123.3999999999994088,4.9490756988525391
8.2999999999999368,123.4999999999994031,4.8144516944885254
8.2999999999999368,123.5999999999993975,5.2440838813781738
8.2999999999999368,123.6999999999993918,6.0521855354309082
8.2999999999999368,123.7999999999993861,7.3102736473083496
8.2999999999999368,124.2999999999993577,6.1915497779846191
8.2999999999999368,124.3999999999993520,5.9057374000549316
8.2999999999999368,124.4999999999993463,5.6628146171569824
8.2999999999999368,124.5999999999993406,5.5044922828674316
8.2999999999999368,124.6999999999993349,5.4989385604858398
8.2999999999999368,124.7999999999993292,5.5878796577453613
8.2999999999999368,124.8999999999993236,5.4525580406188965
8.2999999999999368,124.9999999999993179,4.6919512748718262
8.2999999999999368,125.0999999999993122,3.9801025390625000
8.2999999999999368,125.1999999999993065,3.2383630275726318
8.2999999999999368,125.2999999999993008,2.9233608245849609
8.2999999999999368,125.3999999999992951,2.6353118419647217
8.2999999999999368,125.4999999999992895,2.6748359203338623
8.2999999999999368,125.5999999999992838,3.0078754425048828
8.2999999999999368,125.6999999999992781,3.4528756141662598
8.2999999999999368,125.7999999999992724,3.8892810344696045
8.2999999999999368,125.8999999999992667,4.3038473129272461
8.2999999999999368,125.9999999999992610,4.8439631462097168
8.2999999999999368,126.0999999999992554,5.2299246788024902
8.2999999999999368,126.1999999999992497,5.5663542747497559
8.2999999999999368,126.2999999999992440,5.6225709915161133
8.1999999999999371,122.9999999999994316,7.9064621925354004
8.1999999999999371,123.0999999999994259,6.6527552604675293
8.1999999999999371,123.1999999999994202,5.9210491180419922
8.1999999999999371,123.2999999999994145,5.1779627799987793
8.1999999999999371,123.3999999999994088,4.8084430694580078
8.1999999999999371,123.4999999999994031,4.8111686706542969
8.1999999999999371,123.5999999999993975,5.0201058387756348
8.1999999999999371,123.6999999999993918,5.4193077087402344
8.1999999999999371,123.7999999999993861,6.4440050125122070
8.1999999999999371,124.0999999999993690,8.0437994003295898
8.1999999999999371,124.1999999999993634,6.8759536743164062
8.1999999999999371,124.2999999999993577,6.5628557205200195
8.1999999999999371,124.3999999999993520,6.3541941642761230
8.1999999999999371,124.4999999999993463,6.1614089012145996
8.1999999999999371,124.5999999999993406,6.0284390449523926
8.1999999999999371,124.6999999999993349,5.5738067626953125
8.1999999999999371,124.7999999999993292,5.1730284690856934
8.1999999999999371,124.8999999999993236,4.7622251510620117
8.1999999999999371,124.9999999999993179,4.1662478446960449
8.1999999999999371,125.0999999999993122,3.6834022998809814
8.1999999999999371,125.1999999999993065,3.3257675170898438
8.1999999999999371,125.2999999999993008,3.3863503932952881
8.1999999999999371,125.3999999999992951,3.4882743358612061
8.1999999999999371,125.4999999999992895,3.4936046600341797
8.1999999999999371,125.5999999999992838,3.6375100612640381
8.1999999999999371,125.6999999999992781,3.9263164997100830
8.1999999999999371,125.7999999999992724,4.1891894340515137
8.1999999999999371,125.8999999999992667,4.4390344619750977
8.1999999999999371,125.9999999999992610,4.8885774612426758
8.1999999999999371,126.0999999999992554,5.0263242721557617
8.1999999999999371,126.1999999999992497,5.1283359527587891
8.1999999999999371,126.2999999999992440,4.9967284202575684
8.1999999999999371,126.3999999999992383,4.3361392021179199
8.0999999999999375,116.9999999999997726,12.9113149642944336
8.0999999999999375,122.7999999999994429,7.2551360130310059
8.0999999999999375,122.8999999999994373,7.2204141616821289
8.0999999999999375,122.9999999999994316,6.4146699905395508
8.0999999999999375,123.0999999999994259,5.5268692970275879
8.0999999999999375,123.1999999999994202,5.1246795654296875
8.0999999999999375,123.2999999999994145,4.8160090446472168
8.0999999999999375,123.3999999999994088,4.8775491714477539
8.0999999999999375,123.4999999999994031,5.0944561958312988
8.0999999999999375,123.5999999999993975,5.0718841552734375
8.0999999999999375,123.6999999999993918,5.1994719505310059
8.0999999999999375,123.7999999999993861,5.5117845535278320
8.0999999999999375,123.9999999999993747,7.2474174499511719
8.0999999999999375,124.0999999999993690,7.0295023918151855
8.0999999999999375,124.1999999999993634,6.8033523559570312
8.0999999999999375,124.2999999999993577,6.9189620018005371
8.0999999999999375,124.3999999999993520,6.7285170555114746
8.0999999999999375,124.4999999999993463,6.5037074089050293
8.0999999999999375,124.5999999999993406,6.2071118354797363
8.0999999999999375,124.6999999999993349,5.4388461112976074
8.0999999999999375,124.7999999999993292,4.5769128799438477
8.0999999999999375,124.8999999999993236,3.8941688537597656
8.0999999999999375,124.9999999999993179,3.6927838325500488
8.0999999999999375,125.0999999999993122,3.6526801586151123
8.0999999999999375,125.1999999999993065,3.7955727577209473
8.0999999999999375,125.2999999999993008,3.9988777637481689
8.0999999999999375,125.3999999999992951,4.3669490814208984
8.0999999999999375,125.4999999999992895,4.3005056381225586
8.0999999999999375,125.5999999999992838,4.1518602371215820
8.0999999999999375,125.6999999999992781,4.5931029319763184
8.0999999999999375,125.7999999999992724,4.6264190673828125
8.0999999999999375,125.8999999999992667,4.5004420280456543
8.0999999999999375,125.9999999999992610,4.8470287322998047
8.0999999999999375,126.0999999999992554,4.7889280319213867
8.0999999999999375,126.1999999999992497,4.6442356109619141
8.0999999999999375,126.2999999999992440,4.1742339134216309
8.0999999999999375,126.3999999999992383,4.2605547904968262
7.9999999999999378,116.9999999999997726,12.9424123764038086
7.9999999999999378,122.2999999999994714,9.1726236343383789
7.9999999999999378,122.3999999999994657,7.8709306716918945
7.9999999999999378,122.4999999999994600,6.8610663414001465
7.9999999999999378,122.5999999999994543,6.3753347396850586
7.9999999999999378,122.6999999999994486,6.2386279106140137
7.9999999999999378,122.7999999999994429,6.0471625328063965
7.9999999999999378,122.8999999999994373,6.0118708610534668
7.9999999999999378,122.9999999999994316,5.4242658615112305
7.9999999999999378,123.0999999999994259,5.0610175132751465
7.9999999999999378,123.1999999999994202,4.7444462776184082
7.9999999999999378,123.2999999999994145,4.8159976005554199
7.9999999999999378,123.3999999999994088,5.1960315704345703
7.9999999999999378,123.4999999999994031,5.4929604530334473
7.9999999999999378,123.5999999999993975,5.3814578056335449
7.9999999999999378,123.6999999999993918,5.4340615272521973
7.9999999999999378,123.7999999999993861,5.6352396011352539
7.9999999999999378,123.8999999999993804,5.9215035438537598
7.9999999999999378,123.9999999999993747,6.2524180412292480
7.9999999999999378,124.0999999999993690,6.5704550743103027
7.9999999999999378,124.1999999999993634,6.8616976737976074
7.9999999999999378,124.2999999999993577,7.1107811927795410
7.9999999999999378,124.3999999999993520,6.9815402030944824
7.9999999999999378,124.4999999999993463,6.7686576843261719
7.9999999999999378,124.5999999999993406,6.4991607666015625
7.9999999999999378,124.6999999999993349,5.4383111000061035
7.9999999999999378,124.7999999999993292,4.3314623832702637
7.9999999999999378,124.8999999999993236,3.5653152465820312
7.9999999999999378,124.9999999999993179,3.7459342479705811
7.9999999999999378,125.0999999999993122,4.0640282630920410
7.9999999999999378,125.1999999999993065,4.4563345909118652
7.9999999999999378,125.2999999999993008,4.7265133857727051
7.9999999999999378,125.3999999999992951,5.0344944000244141
7.9999999999999378,125.4999999999992895,4.8814740180969238
7.9999999999999378,125.5999999999992838,4.7499589920043945
7.9999999999999378,125.6999999999992781,5.2747249603271484
7.9999999999999378,125.7999999999992724,5.2047801017761230
7.9999999999999378,125.8999999999992667,4.9059147834777832
7.9999999999999378,125.9999999999992610,4.9481024742126465
7.9999999999999378,126.0999999999992554,4.6816053390502930
7.9999999999999378,126.1999999999992497,4.2975287437438965
7.9999999999999378,126.2999999999992440,3.5421292781829834
7.8999999999999382,116.9999999999997726,12.8802156448364258
7.8999999999999382,122.2999999999994714,8.5001096725463867
7.8999999999999382,122.3999999999994657,7.0595240592956543
7.8999999999999382,122.4999999999994600,6.1426515579223633
7.8999999999999382,122.5999999999994543,6.1734423637390137
7.8999999999999382,122.6999999999994486,6.1154026985168457
7.8999999999999382,122.7999999999994429,5.9278464317321777
7.8999999999999382,122.8999999999994373,5.7463641166687012
7.8999999999999382,122.9999999999994316,5.5472307205200195
7.8999999999999382,123.0999999999994259,5.3459410667419434
7.8999999999999382,123.1999999999994202,5.2042822837829590
7.8999999999999382,123.2999999999994145,5.4024143218994141
7.8999999999999382,123.3999999999994088,5.8626842498779297
7.8999999999999382,123.4999999999994031,6.1212286949157715
7.8999999999999382,123.5999999999993975,5.7829809188842773
7.8999999999999382,123.6999999999993918,5.5748133659362793
7.8999999999999382,123.7999999999993861,5.4331068992614746
7.8999999999999382,123.8999999999993804,5.4073586463928223
7.8999999999999382,123.9999999999993747,5.4605002403259277
7.8999999999999382,124.0999999999993690,5.7884688377380371
7.8999999999999382,124.1999999999993634,6.2515549659729004
7.8999999999999382,124.2999999999993577,6.6995577812194824
7.8999999999999382,124.3999999999993520,6.7190065383911133
7.8999999999999382,124.4999999999993463,6.6326041221618652
7.8999999999999382,124.5999999999993406,6.3785667419433594
7.8999999999999382,124.6999999999993349,5.5615272521972656
7.8999999999999382,124.7999999999993292,4.7418837547302246
7.8999999999999382,124.8999999999993236,4.3643221855163574
7.8999999999999382,124.9999999999993179,4.5051903724670410
7.8999999999999382,125.0999999999993122,4.7741451263427734
7.8999999999999382,125.1999999999993065,4.9671854972839355
7.8999999999999382,125.2999999999993008,5.0611090660095215
7.8999999999999382,125.3999999999992951,5.1875162124633789
7.8999999999999382,125.4999999999992895,4.7403721809387207
7.8999999999999382,125.5999999999992838,4.7025656700134277
7.8999999999999382,125.6999999999992781,5.2974491119384766
7.8999999999999382,125.7999999999992724,5.1860680580139160
7.8999999999999382,125.8999999999992667,4.9081568717956543
7.8999999999999382,125.9999999999992610,4.9632406234741211
7.8999999999999382,126.0999999999992554,4.3709702491760254
7.8999999999999382,126.1999999999992497,3.7067742347717285
7.8999999999999382,126.2999999999992440,2.7371785640716553
7.7999999999999385,122.0999999999994827,11.0637626647949219
7.7999999999999385,122.1999999999994770,9.5074529647827148
7.7999999999999385,122.2999999999994714,7.7537240982055664
7.7999999999999385,122.3999999999994657,6.4131989479064941
7.7999999999999385,122.4999999999994600,5.8774991035461426
7.7999999999999385,122.5999999999994543,6.3949041366577148
7.7999999999999385,122.6999999999994486,6.2482390403747559
7.7999999999999385,122.7999999999994429,6.0255193710327148
7.7999999999999385,122.8999999999994373,5.8101449012756348
7.7999999999999385,122.9999999999994316,5.7730102539062500
7.7999999999999385,123.0999999999994259,5.8805522918701172
7.7999999999999385,123.1999999999994202,6.0103034973144531
7.7999999999999385,123.2999999999994145,6.5037727355957031
7.7999999999999385,123.3999999999994088,7.2133941650390625
7.7999999999999385,123.6999999999993918,6.2106966972351074
7.7999999999999385,123.7999999999993861,5.9375004768371582
7.7999999999999385,123.8999999999993804,5.1402416229248047
7.7999999999999385,123.9999999999993747,4.6485843658447266
7.7999999999999385,124.0999999999993690,4.8826365470886230
7.7999999999999385,124.1999999999993634,5.5015673637390137
7.7999999999999385,124.2999999999993577,6.1801962852478027
7.7999999999999385,124.3999999999993520,6.3832411766052246
7.7999999999999385,124.4999999999993463,6.4227662086486816
7.7999999999999385,124.5999999999993406,6.3781151771545410
7.7999999999999385,124.6999999999993349,5.9642100334167480
7.7999999999999385,124.7999999999993292,5.7083106040954590
7.7999999999999385,124.8999999999993236,5.6185183525085449
7.7999999999999385,124.9999999999993179,5.5007567405700684
7.7999999999999385,125.0999999999993122,5.5133337974548340
7.7999999999999385,125.1999999999993065,5.4616584777832031
7.7999999999999385,125.2999999999993008,5.3069252967834473
7.7999999999999385,125.3999999999992951,5.2359285354614258
7.7999999999999385,125.4999999999992895,4.6766366958618164
7.7999999999999385,125.5999999999992838,4.5129542350769043
7.7999999999999385,125.6999999999992781,5.0897955894470215
7.7999999999999385,125.7999999999992724,5.0495071411132812
7.7999999999999385,125.8999999999992667,4.8427972793579102
7.7999999999999385,125.9999999999992610,4.9035120010375977
7.7999999999999385,126.0999999999992554,4.1481008529663086
7.7999999999999385,126.1999999999992497,3.2826237678527832
7.7999999999999385,126.2999999999992440,2.2097508907318115
7.7999999999999385,126.3999999999992383,2.7254655361175537
7.6999999999999389,122.1999999999994770,9.0822439193725586
7.6999999999999389,122.2999999999994714,7.2014465332031250
7.6999999999999389,122.3999999999994657,5.9434742927551270
7.6999999999999389,122.4999999999994600,5.7531809806823730
7.6999999999999389,122.8999999999994373,5.9116621017456055
7.6999999999999389,122.9999999999994316,6.0780596733093262
7.6999999999999389,123.0999999999994259,6.4608836174011230
7.6999999999999389,123.1999999999994202,6.8715987205505371
7.6999999999999389,123.2999999999994145,7.4470343589782715
7.6999999999999389,123.3999999999994088,8.2061071395874023
7.6999999999999389,123.4999999999994031,8.7871446609497070
7.6999999999999389,123.8999999999993804,5.0471720695495605
7.6999999999999389,123.9999999999993747,4.7074122428894043
7.6999999999999389,124.0999999999993690,4.5944037437438965
7.6999999999999389,124.1999999999993634,4.8417944908142090
7.6999999999999389,124.2999999999993577,5.8162636756896973
7.6999999999999389,124.3999999999993520,6.1488122940063477
7.6999999999999389,124.4999999999993463,6.3555541038513184
7.6999999999999389,124.5999999999993406,6.4663519859313965
7.6999999999999389,124.6999999999993349,6.3343043327331543
7.6999999999999389,124.7999999999993292,6.3658728599548340
7.6999999999999389,124.8999999999993236,6.3719148635864258
7.6999999999999389,124.9999999999993179,6.1412596702575684
7.6999999999999389,125.0999999999993122,5.9369273185729980
7.6999999999999389,125.1999999999993065,5.6912684440612793
7.6999999999999389,125.2999999999993008,5.4354228973388672
7.6999999999999389,125.3999999999992951,5.2427854537963867
7.6999999999999389,125.4999999999992895,4.5827236175537109
7.6999999999999389,125.5999999999992838,4.2677788734436035
7.6999999999999389,125.6999999999992781,4.8901429176330566
7.6999999999999389,125.7999999999992724,4.8685464859008789
7.6999999999999389,125.8999999999992667,4.6704568862915039
7.6999999999999389,125.9999999999992610,4.9772915840148926
7.6999999999999389,126.0999999999992554,3.8452079296112061
7.6999999999999389,126.1999999999992497,2.8338754177093506
7.6999999999999389,126.2999999999992440,2.5103197097778320
7.6999999999999389,126.3999999999992383,3.0516016483306885
7.6999999999999389,126.4999999999992326,5.1648616790771484
7.5999999999999392,122.1999999999994770,8.5987243652343750
7.5999999999999392,122.2999999999994714,6.9973039627075195
7.5999999999999392,122.3999999999994657,5.9534425735473633
7.5999999999999392,122.8999999999994373,6.2208495140075684
7.5999999999999392,122.9999999999994316,6.3610167503356934
7.5999999999999392,123.1999999999994202,7.3064837455749512
7.5999999999999392,123.2999999999994145,7.6407647132873535
7.5999999999999392,123.3999999999994088,7.9579710960388184
7.5999999999999392,124.0999999999993690,4.5369563102722168
7.5999999999999392,124.1999999999993634,4.7442512512207031
7.5999999999999392,124.2999999999993577,5.4245343208312988
7.5999999999999392,124.3999999999993520,5.8662757873535156
7.5999999999999392,124.4999999999993463,6.1709799766540527
7.5999999999999392,124.5999999999993406,6.4094653129577637
7.5999999999999392,124.6999999999993349,6.1852202415466309
7.5999999999999392,124.7999999999993292,6.1400957107543945
7.5999999999999392,124.8999999999993236,6.1527342796325684
7.5999999999999392,124.9999999999993179,5.8861460685729980
7.5999999999999392,125.0999999999993122,5.6599369049072266
7.5999999999999392,125.1999999999993065,5.4617629051208496
7.5999999999999392,125.2999999999993008,5.2890686988830566
7.5999999999999392,125.3999999999992951,5.1620745658874512
7.5999999999999392,125.4999999999992895,4.3679137229919434
7.5999999999999392,125.5999999999992838,3.8996913433074951
7.5999999999999392,125.6999999999992781,4.6846175193786621
7.5999999999999392,125.7999999999992724,4.5985388755798340
7.5999999999999392,125.8999999999992667,4.2407417297363281
7.5999999999999392,125.9999999999992610,4.2152438163757324
7.5999999999999392,126.0999999999992554,3.3341877460479736
7.5999999999999392,126.1999999999992497,2.3523237705230713
7.5999999999999392,126.2999999999992440,1.9068787097930908
7.5999999999999392,126.3999999999992383,2.2140092849731445
7.5999999999999392,126.4999999999992326,3.9694938659667969
7.4999999999999396,122.0999999999994827,9.4516658782958984
7.4999999999999396,122.1999999999994770,8.1465444564819336
7.4999999999999396,122.2999999999994714,6.7996582984924316
7.4999999999999396,123.2999999999994145,8.0634708404541016
7.4999999999999396,123.3999999999994088,8.6957569122314453
7.4999999999999396,124.1999999999993634,5.1882524490356445
7.4999999999999396,124.2999999999993577,5.3328390121459961
7.4999999999999396,124.3999999999993520,5.6805462837219238
7.4999999999999396,124.4999999999993463,6.0644049644470215
7.4999999999999396,124.5999999999993406,6.3539142608642578
7.4999999999999396,124.6999999999993349,6.1246771812438965
7.4999999999999396,124.7999999999993292,6.0504965782165527
7.4999999999999396,124.8999999999993236,5.9894466400146484
7.4999999999999396,124.9999999999993179,5.7320771217346191
7.4999999999999396,125.0999999999993122,5.5197825431823730
7.4999999999999396,125.1999999999993065,5.3605766296386719
7.4999999999999396,125.2999999999993008,5.2082424163818359
7.4999999999999396,125.3999999999992951,5.0127630233764648
7.4999999999999396,125.4999999999992895,4.1429286003112793
7.4999999999999396,125.5999999999992838,3.5884387493133545
7.4999999999999396,125.6999999999992781,4.4754419326782227
7.4999999999999396,125.7999999999992724,4.3531608581542969
7.4999999999999396,125.8999999999992667,3.8290688991546631
7.4999999999999396,125.9999999999992610,3.9365155696868896
7.4999999999999396,126.0999999999992554,3.0165083408355713
7.4999999999999396,126.1999999999992497,2.1241426467895508
7.4999999999999396,126.2999999999992440,1.6328915357589722
7.4999999999999396,126.3999999999992383,1.8352180719375610
7.4999999999999396,126.4999999999992326,3.2114589214324951
7.4999999999999396,126.5999999999992269,4.8670034408569336
7.3999999999999400,122.0999999999994827,8.4791707992553711
7.3999999999999400,122.1999999999994770,7.4777369499206543
7.3999999999999400,122.2999999999994714,6.6676826477050781
7.3999999999999400,122.7999999999994429,7.8132910728454590
7.3999999999999400,123.3999999999994088,8.9870309829711914
7.3999999999999400,124.1999999999993634,5.5732221603393555
7.3999999999999400,124.2999999999993577,5.6146864891052246
7.3999999999999400,124.3999999999993520,5.5988802909851074
7.3999999999999400,124.4999999999993463,5.9605321884155273
7.3999999999999400,124.5999999999993406,6.2131571769714355
7.3999999999999400,124.6999999999993349,5.9141044616699219
7.3999999999999400,124.7999999999993292,5.7815628051757812
7.3999999999999400,124.8999999999993236,5.7443890571594238
7.3999999999999400,124.9999999999993179,5.5460395812988281
7.3999999999999400,125.0999999999993122,5.4201912879943848
7.3999999999999400,125.1999999999993065,5.2312340736389160
7.3999999999999400,125.2999999999993008,4.9174184799194336
7.3999999999999400,125.3999999999992951,4.6090960502624512
7.3999999999999400,125.4999999999992895,3.5493981838226318
7.3999999999999400,125.5999999999992838,3.6224701404571533
7.3999999999999400,125.6999999999992781,5.0884027481079102
7.3999999999999400,125.7999999999992724,4.1533808708190918
7.3999999999999400,125.8999999999992667,3.4996845722198486
7.3999999999999400,125.9999999999992610,3.5132973194122314
7.3999999999999400,126.0999999999992554,2.8236780166625977
7.3999999999999400,126.1999999999992497,2.1897902488708496
7.3999999999999400,126.2999999999992440,2.0426440238952637
7.3999999999999400,126.3999999999992383,2.7249214649200439
7.3999999999999400,126.4999999999992326,4.0618548393249512
7.2999999999999403,116.8999999999997783,13.1201190948486328
7.2999999999999403,117.0999999999997669,13.1837863922119141
7.2999999999999403,117.1999999999997613,13.1315660476684570
7.2999999999999403,122.0999999999994827,7.1517472267150879
7.2999999999999403,122.1999999999994770,6.6427788734436035
7.2999999999999403,124.1999999999993634,5.8568148612976074
7.2999999999999403,124.2999999999993577,5.6865220069885254
7.2999999999999403,124.3999999999993520,5.7484927177429199
7.2999999999999403,124.4999999999993463,5.8918457031250000
7.2999999999999403,124.5999999999993406,6.0962305068969727
7.2999999999999403,124.6999999999993349,5.7223162651062012
7.2999999999999403,124.7999999999993292,5.4535441398620605
7.2999999999999403,124.8999999999993236,5.3612065315246582
7.2999999999999403,124.9999999999993179,5.2976670265197754
7.2999999999999403,125.0999999999993122,5.2792963981628418
7.2999999999999403,125.1999999999993065,4.9965624809265137
7.2999999999999403,125.2999999999993008,4.3798656463623047
7.2999999999999403,125.3999999999992951,3.7325882911682129
7.2999999999999403,125.4999999999992895,2.7793292999267578
7.2999999999999403,125.5999999999992838,4.6619811058044434
7.2999999999999403,125.6999999999992781,6.2525143623352051
7.2999999999999403,125.8999999999992667,3.7554359436035156
7.2999999999999403,125.9999999999992610,2.9709641933441162
7.2999999999999403,126.0999999999992554,2.8873376846313477
7.2999999999999403,126.1999999999992497,2.7876410484313965
7.2999999999999403,126.2999999999992440,3.2942943572998047
7.2999999999999403,126.3999999999992383,4.7874088287353516
7.2999999999999403,126.4999999999992326,6.5386223793029785
7.2999999999999403,126.5999999999992269,9.0981731414794922
7.1999999999999407,117.0999999999997669,13.3624439239501953
7.1999999999999407,117.1999999999997613,13.2750883102416992
7.1999999999999407,121.9999999999994884,6.6299629211425781
7.1999999999999407,122.0999999999994827,5.9515633583068848
7.1999999999999407,122.1999999999994770,5.9141192436218262
7.1999999999999407,124.1999999999993634,6.1053848266601562
7.1999999999999407,124.2999999999993577,5.9804129600524902
7.1999999999999407,124.3999999999993520,6.0263829231262207
7.1999999999999407,124.4999999999993463,6.2420649528503418
7.1999999999999407,124.5999999999993406,6.2996788024902344
7.1999999999999407,124.6999999999993349,5.8278765678405762
7.1999999999999407,124.7999999999993292,5.3253211975097656
7.1999999999999407,124.8999999999993236,5.1311683654785156
7.1999999999999407,124.9999999999993179,5.1321568489074707
7.1999999999999407,125.0999999999993122,5.1850786209106445
7.1999999999999407,125.1999999999993065,4.7984380722045898
7.1999999999999407,125.2999999999993008,3.8366730213165283
7.1999999999999407,125.3999999999992951,2.9352667331695557
7.1999999999999407,125.4999999999992895,3.6858944892883301
7.1999999999999407,125.5999999999992838,6.2412371635437012
7.1999999999999407,125.9999999999992610,3.1727273464202881
7.1999999999999407,126.0999999999992554,2.9953837394714355
7.1999999999999407,126.1999999999992497,3.5919723510742188
7.1999999999999407,126.2999999999992440,4.7041974067687988
7.1999999999999407,126.3999999999992383,6.7976617813110352
7.1999999999999407,126.4999999999992326,9.3447332382202148
7.0999999999999410,121.9999999999994884,6.7014985084533691
7.0999999999999410,122.0999999999994827,6.1042933464050293
7.0999999999999410,122.1999999999994770,5.9181356430053711
7.0999999999999410,124.0999999999993690,6.2298464775085449
7.0999999999999410,124.1999999999993634,5.8761191368103027
7.0999999999999410,124.2999999999993577,5.7543931007385254
7.0999999999999410,124.3999999999993520,5.7612566947937012
7.0999999999999410,124.4999999999993463,5.8431363105773926
7.0999999999999410,124.5999999999993406,5.8672084808349609
7.0999999999999410,124.6999999999993349,5.2470874786376953
7.0999999999999410,124.7999999999993292,4.7234930992126465
7.0999999999999410,124.8999999999993236,4.5155520439147949
7.0999999999999410,124.9999999999993179,4.6335754394531250
7.0999999999999410,125.0999999999993122,4.8452129364013672
7.0999999999999410,125.1999999999993065,4.5070800781250000
7.0999999999999410,125.2999999999993008,3.5628719329833984
7.0999999999999410,125.3999999999992951,2.7198317050933838
7.0999999999999410,125.4999999999992895,3.9544422626495361
7.0999999999999410,125.5999999999992838,6.5703363418579102
7.0999999999999410,125.6999999999992781,9.6981010437011719
7.0999999999999410,125.8999999999992667,5.8194046020507812
7.0999999999999410,125.9999999999992610,4.6363749504089355
7.0999999999999410,126.0999999999992554,4.4732680320739746
7.0999999999999410,126.1999999999992497,4.9183840751647949
7.0999999999999410,126.2999999999992440,6.1377587318420410
7.0999999999999410,126.3999999999992383,8.8027849197387695
6.9999999999999414,117.0999999999997669,12.5130157470703125
6.9999999999999414,121.9999999999994884,7.5283203125000000
6.9999999999999414,122.0999999999994827,7.1653962135314941
6.9999999999999414,122.1999999999994770,7.1583833694458008
6.9999999999999414,123.9999999999993747,6.0591688156127930
6.9999999999999414,124.0999999999993690,5.7408037185668945
6.9999999999999414,124.1999999999993634,5.4296188354492188
6.9999999999999414,124.2999999999993577,5.3163719177246094
6.9999999999999414,124.3999999999993520,5.1491904258728027
6.9999999999999414,124.4999999999993463,4.9878816604614258
6.9999999999999414,124.5999999999993406,4.7782740592956543
6.9999999999999414,124.6999999999993349,4.1916375160217285
6.9999999999999414,124.7999999999993292,3.8506608009338379
6.9999999999999414,124.8999999999993236,3.7209668159484863
6.9999999999999414,124.9999999999993179,3.9523861408233643
6.9999999999999414,125.0999999999993122,4.3041148185729980
6.9999999999999414,125.1999999999993065,4.1990494728088379
6.9999999999999414,125.2999999999993008,3.4430813789367676
6.9999999999999414,125.3999999999992951,3.0461218357086182
6.9999999999999414,125.4999999999992895,2.9873998165130615
6.9999999999999414,125.7999999999992724,9.8243160247802734
6.9999999999999414,125.9999999999992610,6.5130662918090820
6.9999999999999414,126.0999999999992554,6.3023691177368164
6.9999999999999414,126.1999999999992497,6.7865138053894043
6.9999999999999414,126.2999999999992440,8.2471265792846680
6.8999999999999417,116.6999999999997897,7.9263186454772949
6.8999999999999417,116.7999999999997840,8.7094850540161133
6.8999999999999417,117.0999999999997669,11.7545509338378906
6.8999999999999417,117.1999999999997613,12.6324625015258789
6.8999999999999417,122.0999999999994827,7.9715571403503418
6.8999999999999417,123.9999999999993747,5.8567156791687012
6.8999999999999417,124.0999999999993690,5.5043520927429199
6.8999999999999417,124.1999999999993634,5.3020544052124023
6.8999999999999417,124.2999999999993577,5.2946829795837402
6.8999999999999417,124.3999999999993520,4.6969685554504395
6.8999999999999417,124.4999999999993463,4.1535944938659668
6.8999999999999417,124.5999999999993406,3.9121739864349365
6.8999999999999417,124.6999999999993349,3.4284031391143799
6.8999999999999417,124.7999999999993292,3.1814093589782715
6.8999999999999417,124.8999999999993236,3.1291956901550293
6.8999999999999417,124.9999999999993179,3.4918801784515381
6.8999999999999417,125.0999999999993122,3.8993313312530518
6.8999999999999417,125.1999999999993065,3.9205539226531982
6.8999999999999417,125.2999999999993008,3.3771512508392334
6.8999999999999417,125.3999999999992951,3.4298672676086426
6.8999999999999417,126.0999999999992554,8.5045604705810547
6.8999999999999417,126.2999999999992440,10.7919569015502930
6.7999999999999421,124.0999999999993690,5.5517230033874512
6.7999999999999421,124.1999999999993634,5.0910973548889160
6.7999999999999421,124.2999999999993577,5.1957502365112305
6.7999999999999421,124.3999999999993520,4.3923568725585938
6.7999999999999421,124.4999999999993463,3.5440495014190674
6.7999999999999421,124.5999999999993406,3.1062653064727783
6.7999999999999421,124.6999999999993349,3.0252249240875244
6.7999999999999421,124.7999999999993292,3.2833073139190674
6.7999999999999421,124.8999999999993236,3.1744952201843262
6.7999999999999421,124.9999999999993179,3.3152606487274170
6.7999999999999421,125.0999999999993122,3.7710053920745850
6.7999999999999421,125.1999999999993065,3.9469010829925537
6.7999999999999421,125.2999999999993008,3.5677940845489502
6.7999999999999421,125.3999999999992951,3.4366250038146973
6.7999999999999421,126.0999999999992554,10.4517850875854492
6.7999999999999421,126.1999999999992497,11.3220367431640625
6.6999999999999424,121.9999999999994884,7.0019950866699219
6.6999999999999424,122.0999999999994827,6.7594399452209473
6.6999999999999424,124.0999999999993690,5.6745390892028809
6.6999999999999424,124.1999999999993634,4.8323111534118652
6.6999999999999424,124.2999999999993577,4.9751906394958496
6.6999999999999424,124.3999999999993520,4.0706553459167480
6.6999999999999424,124.4999999999993463,3.0656433105468750
6.6999999999999424,124.5999999999993406,2.4923920631408691
6.6999999999999424,124.6999999999993349,2.6723020076751709
6.6999999999999424,124.7999999999993292,3.0601174831390381
6.6999999999999424,124.8999999999993236,3.1489782333374023
6.6999999999999424,124.9999999999993179,3.3031165599822998
6.6999999999999424,125.0999999999993122,3.7647118568420410
6.6999999999999424,125.1999999999993065,4.0919108390808105
6.6999999999999424,125.2999999999993008,3.8783042430877686
6.6999999999999424,126.0999999999992554,12.2445287704467773
6.6999999999999424,126.1999999999992497,13.0134935379028320
6.5999999999999428,121.8999999999994941,7.5970101356506348
6.5999999999999428,121.9999999999994884,6.6184134483337402
6.5999999999999428,122.0999999999994827,6.2700362205505371
6.5999999999999428,122.1999999999994770,6.7582583427429199
6.5999999999999428,124.0999999999993690,5.8817968368530273
6.5999999999999428,124.1999999999993634,4.8403010368347168
6.5999999999999428,124.2999999999993577,4.8190531730651855
6.5999999999999428,124.3999999999993520,3.8253803253173828
6.5999999999999428,124.4999999999993463,2.7262856960296631
6.5999999999999428,124.5999999999993406,2.0960085391998291
6.5999999999999428,124.6999999999993349,2.4186451435089111
6.5999999999999428,124.7999999999993292,2.9666559696197510
6.5999999999999428,124.8999999999993236,3.3177773952484131
6.5999999999999428,124.9999999999993179,3.3328316211700439
6.5999999999999428,125.0999999999993122,3.7863252162933350
6.5999999999999428,125.1999999999993065,4.2053160667419434
6.5999999999999428,125.2999999999993008,4.1252722740173340
6.5999999999999428,126.0999999999992554,14.5698795318603516
6.5999999999999428,126.1999999999992497,14.7301588058471680
6.4999999999999432,121.9999999999994884,7.2150444984436035
6.4999999999999432,122.0999999999994827,6.8162965774536133
6.4999999999999432,122.1999999999994770,7.1106047630310059
6.4999999999999432,124.0999999999993690,6.0869402885437012
6.4999999999999432,124.1999999999993634,4.5753188133239746
6.4999999999999432,124.2999999999993577,4.3867397308349609
6.4999999999999432,124.3999999999993520,3.7943508625030518
6.4999999999999432,124.4999999999993463,2.9414632320404053
6.4999999999999432,124.5999999999993406,2.2590243816375732
6.4999999999999432,124.6999999999993349,2.3104751110076904
6.4999999999999432,124.7999999999993292,2.7719950675964355
6.4999999999999432,124.8999999999993236,3.2199466228485107
6.4999999999999432,124.9999999999993179,3.2984580993652344
6.4999999999999432,125.0999999999993122,3.8216629028320312
6.4999999999999432,125.1999999999993065,4.2424216270446777
6.4999999999999432,125.2999999999993008,4.2184319496154785
6.4999999999999432,125.3999999999992951,4.5019407272338867
6.4999999999999432,125.4999999999992895,4.1346359252929688
6.4999999999999432,125.5999999999992838,5.1411509513854980
6.4999999999999432,126.1999999999992497,15.0172624588012695
6.3999999999999435,121.9999999999994884,7.8956160545349121
6.3999999999999435,124.0999999999993690,5.9969363212585449
6.3999999999999435,124.1999999999993634,4.3494739532470703
6.3999999999999435,124.2999999999993577,4.0958747863769531
6.3999999999999435,124.3999999999993520,3.8245174884796143
6.3999999999999435,124.4999999999993463,3.4468734264373779
6.3999999999999435,124.5999999999993406,3.0013742446899414
6.3999999999999435,124.6999999999993349,2.6402587890625000
6.3999999999999435,124.7999999999993292,2.7756752967834473
6.3999999999999435,124.8999999999993236,3.1397750377655029
6.3999999999999435,124.9999999999993179,3.3746058940887451
6.3999999999999435,125.0999999999993122,3.9331505298614502
6.3999999999999435,125.1999999999993065,4.3472552299499512
6.3999999999999435,125.2999999999993008,4.3421769142150879
6.3999999999999435,125.3999999999992951,4.6062655448913574
6.3999999999999435,125.4999999999992895,4.5427532196044922
6.2999999999999439,120.5999999999995680,10.5508155822753906
6.2999999999999439,124.1999999999993634,4.2982516288757324
6.2999999999999439,124.2999999999993577,3.9466748237609863
6.2999999999999439,124.3999999999993520,3.8007264137268066
6.2999999999999439,124.4999999999993463,3.7863488197326660
6.2999999999999439,124.5999999999993406,3.6778187751770020
6.2999999999999439,124.6999999999993349,3.2181489467620850
6.2999999999999439,124.7999999999993292,2.9619312286376953
6.2999999999999439,124.8999999999993236,3.1290500164031982
6.2999999999999439,124.9999999999993179,3.4859416484832764
6.2999999999999439,125.0999999999993122,4.1101503372192383
6.2999999999999439,125.1999999999993065,4.5269484519958496
6.2999999999999439,125.2999999999993008,4.5747323036193848
6.2999999999999439,125.3999999999992951,4.8118081092834473
6.2999999999999439,125.4999999999992895,4.8816208839416504
6.2999999999999439,125.5999999999992838,7.2064790725708008
6.1999999999999442,124.2999999999993577,3.9887866973876953
6.1999999999999442,124.3999999999993520,3.7967350482940674
6.1999999999999442,124.4999999999993463,3.7254695892333984
6.1999999999999442,124.5999999999993406,3.8425266742706299
6.1999999999999442,124.6999999999993349,3.5071792602539062
6.1999999999999442,124.7999999999993292,3.1839692592620850
6.1999999999999442,124.8999999999993236,3.1696827411651611
6.1999999999999442,124.9999999999993179,3.6955757141113281
6.1999999999999442,125.0999999999993122,4.4178271293640137
6.1999999999999442,125.1999999999993065,4.8908982276916504
6.1999999999999442,125.2999999999993008,4.9889254570007324
6.1999999999999442,125.3999999999992951,5.1206316947937012
6.1999999999999442,125.4999999999992895,5.5828890800476074
6.1999999999999442,125.5999999999992838,7.8260636329650879
6.1999999999999442,125.6999999999992781,9.4555196762084961
6.0999999999999446,120.9999999999995453,10.0528326034545898
6.0999999999999446,121.0999999999995396,9.9030714035034180
6.0999999999999446,124.4999999999993463,3.9101216793060303
6.0999999999999446,124.5999999999993406,3.9176266193389893
6.0999999999999446,124.6999999999993349,3.7823765277862549
6.0999999999999446,124.7999999999993292,3.5815131664276123
6.0999999999999446,124.8999999999993236,3.6226124763488770
6.0999999999999446,124.9999999999993179,4.2699937820434570
6.0999999999999446,125.0999999999993122,4.9871869087219238
6.0999999999999446,125.2999999999993008,5.6315512657165527
6.0999999999999446,125.3999999999992951,5.7253375053405762
6.0999999999999446,125.4999999999992895,6.5010499954223633
6.0999999999999446,125.5999999999992838,8.6073904037475586
6.0999999999999446,125.6999999999992781,11.2040634155273438
5.9999999999999449,120.8999999999995509,10.2703399658203125
5.9999999999999449,120.9999999999995453,10.1046028137207031
5.9999999999999449,121.0999999999995396,9.8124341964721680
5.9999999999999449,121.3999999999995225,9.8452978134155273
5.9999999999999449,124.5999999999993406,4.2760334014892578
5.9999999999999449,124.6999999999993349,4.2732629776000977
5.9999999999999449,124.7999999999993292,4.5171198844909668
5.9999999999999449,124.8999999999993236,4.7607049942016602
5.9999999999999449,124.9999999999993179,5.3302178382873535
5.9999999999999449,125.0999999999993122,6.0453786849975586
5.9999999999999449,125.3999999999992951,6.3452534675598145
5.9999999999999449,125.4999999999992895,7.2201838493347168
5.9999999999999449,125.5999999999992838,9.1161003112792969
5.8999999999999453,120.8999999999995509,10.1309022903442383
5.8999999999999453,124.7999999999993292,5.5239539146423340
5.8999999999999453,124.8999999999993236,6.7212538719177246
5.8999999999999453,124.9999999999993179,6.9518370628356934
5.8999999999999453,125.0999999999993122,7.1442551612854004
5.8999999999999453,125.1999999999993065,7.6519217491149902
5.8999999999999453,125.2999999999993008,7.1293349266052246
5.8999999999999453,125.3999999999992951,6.9052844047546387
5.8999999999999453,125.4999999999992895,7.7962565422058105
5.8999999999999453,125.5999999999992838,9.6280755996704102
5.7999999999999456,125.2999999999993008,8.0232114791870117
5.7999999999999456,125.3999999999992951,7.5626726150512695
5.7999999999999456,125.4999999999992895,8.2154302597045898
5.6999999999999460,125.2999999999993008,8.5946969985961914
5.6999999999999460,125.3999999999992951,8.3290596008300781
5.5999999999999464,125.2999999999993008,9.4845561981201172
5.5999999999999464,125.3999999999992951,9.3576679229736328
5.3999999999999471,118.8999999999996646,5.1964673995971680
5.3999999999999471,118.9999999999996589,6.2350969314575195
5.3999999999999471,119.0999999999996533,7.5140376091003418
5.3999999999999471,119.1999999999996476,8.5623474121093750
5.2999999999999474,118.8999999999996646,4.7093520164489746
5.2999999999999474,118.9999999999996589,5.8076281547546387
5.2999999999999474,119.0999999999996533,7.0945038795471191
5.2999999999999474,119.1999999999996476,8.2498464584350586
5.2999999999999474,120.1999999999995907,8.9314441680908203
5.1999999999999478,118.8999999999996646,4.5825004577636719
5.1999999999999478,118.9999999999996589,5.5302128791809082
5.1999999999999478,119.0999999999996533,6.8992624282836914
5.1999999999999478,119.1999999999996476,8.2889442443847656
5.1999999999999478,120.1999999999995907,8.9003582000732422
5.0999999999999481,118.8999999999996646,5.8362865447998047
5.0999999999999481,118.9999999999996589,6.4799904823303223
5.0999999999999481,119.7999999999996135,9.2835435867309570
5.0999999999999481,119.8999999999996078,9.2457418441772461
