latitude,longitude,max_wind_gust
19.3999999999999559,121.3999999999995225,15.4370832443237305
19.3999999999999559,121.4999999999995168,15.3748846054077148
18.8999999999999488,121.8999999999994941,13.9296741485595703
18.5999999999999446,120.7999999999995566,12.5015068054199219
18.5999999999999446,120.8999999999995509,12.1763162612915039
18.5999999999999446,121.0999999999995396,11.0326824188232422
18.5999999999999446,121.1999999999995339,10.6062221527099609
18.4999999999999432,120.6999999999995623,9.8267431259155273
18.4999999999999432,120.7999999999995566,9.3475265502929688
18.4999999999999432,120.8999999999995509,8.9911088943481445
18.4999999999999432,120.9999999999995453,8.6545286178588867
18.4999999999999432,121.0999999999995396,8.2865266799926758
18.4999999999999432,121.1999999999995339,7.9680819511413574
18.4999999999999432,121.2999999999995282,8.1249122619628906
18.4999999999999432,122.1999999999994770,13.0409011840820312
18.3999999999999417,120.5999999999995680,7.2581963539123535
18.3999999999999417,120.6999999999995623,6.8481783866882324
18.3999999999999417,120.7999999999995566,6.3937625885009766
18.3999999999999417,120.8999999999995509,6.1322708129882812
18.3999999999999417,120.9999999999995453,5.9753699302673340
18.3999999999999417,121.0999999999995396,5.8093504905700684
18.3999999999999417,121.1999999999995339,5.6988563537597656
18.3999999999999417,121.2999999999995282,6.0748801231384277
18.3999999999999417,121.3999999999995225,6.6877388954162598
18.3999999999999417,121.4999999999995168,7.1203246116638184
18.3999999999999417,121.5999999999995111,8.2233419418334961
18.3999999999999417,122.0999999999994827,12.2122106552124023
18.3999999999999417,122.1999999999994770,12.5526227951049805
18.3999999999999417,122.2999999999994714,12.6975011825561523
18.2999999999999403,120.6999999999995623,4.9758086204528809
18.2999999999999403,120.7999999999995566,4.9422359466552734
18.2999999999999403,120.8999999999995509,5.1009125709533691
18.2999999999999403,120.9999999999995453,5.1864371299743652
18.2999999999999403,121.0999999999995396,4.9580421447753906
18.2999999999999403,121.1999999999995339,4.8015670776367188
18.2999999999999403,121.2999999999995282,5.0811452865600586
18.2999999999999403,121.3999999999995225,5.5547051429748535
18.2999999999999403,121.4999999999995168,6.1764302253723145
18.2999999999999403,121.5999999999995111,7.1234850883483887
18.2999999999999403,121.6999999999995055,8.1651201248168945
18.2999999999999403,122.0999999999994827,9.7651395797729492
18.2999999999999403,122.1999999999994770,10.4775285720825195
18.2999999999999403,122.2999999999994714,11.1324195861816406
18.1999999999999389,120.4999999999995737,6.3379678726196289
18.1999999999999389,120.5999999999995680,5.0660390853881836
18.1999999999999389,120.6999999999995623,3.9315254688262939
18.1999999999999389,120.7999999999995566,3.9429776668548584
18.1999999999999389,120.8999999999995509,4.3856291770935059
18.1999999999999389,120.9999999999995453,4.6988067626953125
18.1999999999999389,121.0999999999995396,4.4024691581726074
18.1999999999999389,121.1999999999995339,4.1892428398132324
18.1999999999999389,121.2999999999995282,4.2875609397888184
18.1999999999999389,121.3999999999995225,4.5515351295471191
18.1999999999999389,121.4999999999995168,4.9048538208007812
18.1999999999999389,121.5999999999995111,5.5687828063964844
18.1999999999999389,121.6999999999995055,6.2549233436584473
18.1999999999999389,121.7999999999994998,6.8566374778747559
18.1999999999999389,121.8999999999994941,7.2108321189880371
18.1999999999999389,121.9999999999994884,7.6869363784790039
18.1999999999999389,122.0999999999994827,8.0303716659545898
18.1999999999999389,122.1999999999994770,8.4493045806884766
18.0999999999999375,120.4999999999995737,5.8529000282287598
18.0999999999999375,120.5999999999995680,4.1012477874755859
18.0999999999999375,120.6999999999995623,3.7568881511688232
18.0999999999999375,120.7999999999995566,4.1770200729370117
18.0999999999999375,120.8999999999995509,4.5989804267883301
18.0999999999999375,120.9999999999995453,4.4950003623962402
18.0999999999999375,121.0999999999995396,4.0678009986877441
18.0999999999999375,121.1999999999995339,3.8042855262756348
18.0999999999999375,121.2999999999995282,3.7470462322235107
18.0999999999999375,121.3999999999995225,3.7788162231445312
18.0999999999999375,121.4999999999995168,3.9283413887023926
18.0999999999999375,121.5999999999995111,4.2649445533752441
18.0999999999999375,121.6999999999995055,4.6660370826721191
18.0999999999999375,121.7999999999994998,5.0551452636718750
18.0999999999999375,121.8999999999994941,5.5481147766113281
18.0999999999999375,121.9999999999994884,6.2230401039123535
18.0999999999999375,122.0999999999994827,6.8107309341430664
18.0999999999999375,122.1999999999994770,6.9568514823913574
17.9999999999999361,120.5999999999995680,3.9643890857696533
17.9999999999999361,120.6999999999995623,3.8788032531738281
17.9999999999999361,120.7999999999995566,4.2600116729736328
17.9999999999999361,120.8999999999995509,4.6377744674682617
17.9999999999999361,120.9999999999995453,4.9177756309509277
17.9999999999999361,121.0999999999995396,4.4842152595520020
17.9999999999999361,121.1999999999995339,4.0900511741638184
17.9999999999999361,121.2999999999995282,3.8101902008056641
17.9999999999999361,121.3999999999995225,3.6021034717559814
17.9999999999999361,121.4999999999995168,3.4773991107940674
17.9999999999999361,121.5999999999995111,3.6770622730255127
17.9999999999999361,121.6999999999995055,3.9064209461212158
17.9999999999999361,121.7999999999994998,4.1853675842285156
17.9999999999999361,121.8999999999994941,4.7155394554138184
17.9999999999999361,121.9999999999994884,5.4391779899597168
17.9999999999999361,122.0999999999994827,5.9521861076354980
17.8999999999999346,120.4999999999995737,5.3869366645812988
17.8999999999999346,120.5999999999995680,4.1813979148864746
17.8999999999999346,120.6999999999995623,3.9894752502441406
17.8999999999999346,120.7999999999995566,4.3947672843933105
17.8999999999999346,120.8999999999995509,5.3049812316894531
17.8999999999999346,120.9999999999995453,5.5251307487487793
17.8999999999999346,121.0999999999995396,4.9585967063903809
17.8999999999999346,121.1999999999995339,4.3984074592590332
17.8999999999999346,121.2999999999995282,3.8916020393371582
17.8999999999999346,121.3999999999995225,3.4275791645050049
17.8999999999999346,121.4999999999995168,3.1005971431732178
17.8999999999999346,121.5999999999995111,3.0801274776458740
17.8999999999999346,121.6999999999995055,3.1543214321136475
17.8999999999999346,121.7999999999994998,3.3139379024505615
17.8999999999999346,121.8999999999994941,3.8954002857208252
17.8999999999999346,121.9999999999994884,4.6580128669738770
17.8999999999999346,122.0999999999994827,5.1611270904541016
17.7999999999999332,120.4999999999995737,5.8096547126770020
17.7999999999999332,120.5999999999995680,4.1361398696899414
17.7999999999999332,120.6999999999995623,3.9611682891845703
17.7999999999999332,120.7999999999995566,4.3142399787902832
17.7999999999999332,120.8999999999995509,5.3739571571350098
17.7999999999999332,120.9999999999995453,5.6926126480102539
17.7999999999999332,121.0999999999995396,5.0195040702819824
17.7999999999999332,121.1999999999995339,4.3434405326843262
17.7999999999999332,121.2999999999995282,3.6144320964813232
17.7999999999999332,121.3999999999995225,2.9138982295989990
17.7999999999999332,121.4999999999995168,2.3744618892669678
17.7999999999999332,121.5999999999995111,2.2991440296173096
17.7999999999999332,121.6999999999995055,2.2922801971435547
17.7999999999999332,121.7999999999994998,2.5497410297393799
17.7999999999999332,121.8999999999994941,3.1175525188446045
17.7999999999999332,121.9999999999994884,3.9897758960723877
17.7999999999999332,122.0999999999994827,4.4438500404357910
17.6999999999999318,120.3999999999995794,8.6916332244873047
17.6999999999999318,120.4999999999995737,6.1285262107849121
17.6999999999999318,120.5999999999995680,3.9668674468994141
17.6999999999999318,120.6999999999995623,3.5947303771972656
17.6999999999999318,120.7999999999995566,3.9194114208221436
17.6999999999999318,120.8999999999995509,4.9441351890563965
17.6999999999999318,120.9999999999995453,5.2316012382507324
17.6999999999999318,121.0999999999995396,4.5632252693176270
17.6999999999999318,121.1999999999995339,3.8892266750335693
17.6999999999999318,121.2999999999995282,3.0178592205047607
17.6999999999999318,121.3999999999995225,2.3938982486724854
17.6999999999999318,121.4999999999995168,1.9529170989990234
17.6999999999999318,121.5999999999995111,2.0494344234466553
17.6999999999999318,121.6999999999995055,2.2883574962615967
17.6999999999999318,121.7999999999994998,2.4985790252685547
17.6999999999999318,121.8999999999994941,2.4230511188507080
17.6999999999999318,121.9999999999994884,3.4399991035461426
17.6999999999999318,122.0999999999994827,4.0530467033386230
17.5999999999999304,120.3999999999995794,9.1954879760742188
17.5999999999999304,120.4999999999995737,6.4612612724304199
17.5999999999999304,120.5999999999995680,3.8552594184875488
17.5999999999999304,120.6999999999995623,3.4982953071594238
17.5999999999999304,120.7999999999995566,3.5404572486877441
17.5999999999999304,120.8999999999995509,4.5005507469177246
17.5999999999999304,120.9999999999995453,4.7764878273010254
17.5999999999999304,121.0999999999995396,4.1209406852722168
17.5999999999999304,121.1999999999995339,3.4012150764465332
17.5999999999999304,121.2999999999995282,2.6716418266296387
17.5999999999999304,121.3999999999995225,2.0140814781188965
17.5999999999999304,121.4999999999995168,2.5463922023773193
17.5999999999999304,121.5999999999995111,2.2360601425170898
17.5999999999999304,121.6999999999995055,2.4401054382324219
17.5999999999999304,121.7999999999994998,2.5808720588684082
17.5999999999999304,121.8999999999994941,2.4807219505310059
17.5999999999999304,121.9999999999994884,2.9981637001037598
17.5999999999999304,122.0999999999994827,3.6813831329345703
17.4999999999999289,120.4999999999995737,6.6451311111450195
17.4999999999999289,120.5999999999995680,4.1573395729064941
17.4999999999999289,120.6999999999995623,3.2687509059906006
17.4999999999999289,120.7999999999995566,3.3720760345458984
17.4999999999999289,120.8999999999995509,3.9480533599853516
17.4999999999999289,120.9999999999995453,4.3288259506225586
17.4999999999999289,121.0999999999995396,3.8485023975372314
17.4999999999999289,121.1999999999995339,3.4183754920959473
17.4999999999999289,121.2999999999995282,2.5357871055603027
17.4999999999999289,121.3999999999995225,2.1253259181976318
17.4999999999999289,121.4999999999995168,2.5535109043121338
17.4999999999999289,121.5999999999995111,2.2718873023986816
17.4999999999999289,121.6999999999995055,2.8104331493377686
17.4999999999999289,121.7999999999994998,2.9729015827178955
17.4999999999999289,121.8999999999994941,2.4224174022674561
17.4999999999999289,121.9999999999994884,2.6984508037567139
17.4999999999999289,122.0999999999994827,3.5928997993469238
17.3999999999999275,120.4999999999995737,6.7699089050292969
17.3999999999999275,120.5999999999995680,4.4613556861877441
17.3999999999999275,120.6999999999995623,3.0445125102996826
17.3999999999999275,120.7999999999995566,3.1903901100158691
17.3999999999999275,120.8999999999995509,3.3323876857757568
17.3999999999999275,120.9999999999995453,3.9029796123504639
17.3999999999999275,121.0999999999995396,3.7141799926757812
17.3999999999999275,121.1999999999995339,3.4522626399993896
17.3999999999999275,121.2999999999995282,2.5508124828338623
17.3999999999999275,121.3999999999995225,2.2390718460083008
17.3999999999999275,121.4999999999995168,2.7454144954681396
17.3999999999999275,121.5999999999995111,2.3430199623107910
17.3999999999999275,121.6999999999995055,2.9446151256561279
17.3999999999999275,121.7999999999994998,3.0124816894531250
17.3999999999999275,121.8999999999994941,2.1871242523193359
17.3999999999999275,121.9999999999994884,2.4411590099334717
17.3999999999999275,122.0999999999994827,3.4284958839416504
17.3999999999999275,122.1999999999994770,3.7739131450653076
17.2999999999999261,120.4999999999995737,6.6941256523132324
17.2999999999999261,120.5999999999995680,4.7536277770996094
17.2999999999999261,120.6999999999995623,2.9113223552703857
17.2999999999999261,120.7999999999995566,3.0733995437622070
17.2999999999999261,120.8999999999995509,3.2382545471191406
17.2999999999999261,120.9999999999995453,3.6409661769866943
17.2999999999999261,121.0999999999995396,3.6813371181488037
17.2999999999999261,121.1999999999995339,3.7646045684814453
17.2999999999999261,121.2999999999995282,2.5684628486633301
17.2999999999999261,121.3999999999995225,2.3517954349517822
17.2999999999999261,121.4999999999995168,2.7226781845092773
17.2999999999999261,121.5999999999995111,2.5902588367462158
17.2999999999999261,121.6999999999995055,3.0377500057220459
17.2999999999999261,121.7999999999994998,3.2228276729583740
17.2999999999999261,121.8999999999994941,1.9711685180664062
17.2999999999999261,121.9999999999994884,2.2964074611663818
17.2999999999999261,122.0999999999994827,3.4500253200531006
17.2999999999999261,122.1999999999994770,3.6653707027435303
17.2999999999999261,122.2999999999994714,4.1388583183288574
17.1999999999999247,120.4999999999995737,6.6132988929748535
17.1999999999999247,120.5999999999995680,4.5995931625366211
17.1999999999999247,120.6999999999995623,2.8336870670318604
17.1999999999999247,120.7999999999995566,2.9520132541656494
17.1999999999999247,120.8999999999995509,3.2803368568420410
17.1999999999999247,120.9999999999995453,3.8748238086700439
17.1999999999999247,121.0999999999995396,3.7573544979095459
17.1999999999999247,121.1999999999995339,3.5299212932586670
17.1999999999999247,121.2999999999995282,2.4856500625610352
17.1999999999999247,121.3999999999995225,2.2784118652343750
17.1999999999999247,121.4999999999995168,2.7524247169494629
17.1999999999999247,121.5999999999995111,2.6793332099914551
17.1999999999999247,121.6999999999995055,2.8529050350189209
17.1999999999999247,121.7999999999994998,2.7810566425323486
17.1999999999999247,121.8999999999994941,1.9816389083862305
17.1999999999999247,121.9999999999994884,2.8276479244232178
17.1999999999999247,122.0999999999994827,3.7135379314422607
17.1999999999999247,122.1999999999994770,3.8068985939025879
17.1999999999999247,122.2999999999994714,4.0676002502441406
17.1999999999999247,122.3999999999994657,4.4119353294372559
17.0999999999999233,120.4999999999995737,6.0219588279724121
17.0999999999999233,120.5999999999995680,4.2292656898498535
17.0999999999999233,120.6999999999995623,2.7592494487762451
17.0999999999999233,120.7999999999995566,2.8260405063629150
17.0999999999999233,120.8999999999995509,3.7505986690521240
17.0999999999999233,120.9999999999995453,4.3079848289489746
17.0999999999999233,121.0999999999995396,3.9957218170166016
17.0999999999999233,121.1999999999995339,3.7040550708770752
17.0999999999999233,121.2999999999995282,2.7030551433563232
17.0999999999999233,121.3999999999995225,2.1205701828002930
17.0999999999999233,121.4999999999995168,2.4779946804046631
17.0999999999999233,121.5999999999995111,2.4386761188507080
17.0999999999999233,121.6999999999995055,2.6232049465179443
17.0999999999999233,121.7999999999994998,2.6245048046112061
17.0999999999999233,121.8999999999994941,2.5104892253875732
17.0999999999999233,121.9999999999994884,3.5908658504486084
17.0999999999999233,122.0999999999994827,4.1678457260131836
17.0999999999999233,122.1999999999994770,4.0210347175598145
17.0999999999999233,122.2999999999994714,4.0073275566101074
17.0999999999999233,122.3999999999994657,4.6090607643127441
17.0999999999999233,122.4999999999994600,5.8345994949340820
16.9999999999999218,120.4999999999995737,5.8418779373168945
16.9999999999999218,120.5999999999995680,3.8378684520721436
16.9999999999999218,120.6999999999995623,2.6681315898895264
16.9999999999999218,120.7999999999995566,2.7181086540222168
16.9999999999999218,120.8999999999995509,4.3313322067260742
16.9999999999999218,120.9999999999995453,4.6134734153747559
16.9999999999999218,121.0999999999995396,4.0975184440612793
16.9999999999999218,121.1999999999995339,3.5534806251525879
16.9999999999999218,121.2999999999995282,2.8271286487579346
16.9999999999999218,121.3999999999995225,2.3363053798675537
16.9999999999999218,121.4999999999995168,2.5886871814727783
16.9999999999999218,121.5999999999995111,2.5562691688537598
16.9999999999999218,121.6999999999995055,2.7529346942901611
16.9999999999999218,121.7999999999994998,2.8266713619232178
16.9999999999999218,121.8999999999994941,3.2671551704406738
16.9999999999999218,121.9999999999994884,4.2121253013610840
16.9999999999999218,122.0999999999994827,4.5954413414001465
16.9999999999999218,122.1999999999994770,4.2174816131591797
16.9999999999999218,122.2999999999994714,4.1092524528503418
16.9999999999999218,122.3999999999994657,4.7410597801208496
16.8999999999999204,120.3999999999995794,6.8421211242675781
16.8999999999999204,120.4999999999995737,5.3573422431945801
16.8999999999999204,120.5999999999995680,3.3459820747375488
16.8999999999999204,120.6999999999995623,2.6023378372192383
16.8999999999999204,120.7999999999995566,2.6034877300262451
16.8999999999999204,120.8999999999995509,4.0500578880310059
16.8999999999999204,120.9999999999995453,4.3325190544128418
16.8999999999999204,121.0999999999995396,3.5929772853851318
16.8999999999999204,121.1999999999995339,2.8528897762298584
16.8999999999999204,121.2999999999995282,2.3622472286224365
16.8999999999999204,121.3999999999995225,2.3921937942504883
16.8999999999999204,121.4999999999995168,2.6270430088043213
16.8999999999999204,121.5999999999995111,2.8414723873138428
16.8999999999999204,121.6999999999995055,3.0795671939849854
16.8999999999999204,121.7999999999994998,3.2118203639984131
16.8999999999999204,121.8999999999994941,3.6204471588134766
16.8999999999999204,121.9999999999994884,4.2748599052429199
16.8999999999999204,122.0999999999994827,4.6254296302795410
16.8999999999999204,122.1999999999994770,4.3639092445373535
16.8999999999999204,122.2999999999994714,4.4200711250305176
16.8999999999999204,122.3999999999994657,5.2711234092712402
16.7999999999999190,120.3999999999995794,6.9124054908752441
16.7999999999999190,120.4999999999995737,4.8547034263610840
16.7999999999999190,120.5999999999995680,2.8440673351287842
16.7999999999999190,120.6999999999995623,2.6129205226898193
16.7999999999999190,120.7999999999995566,2.7800831794738770
16.7999999999999190,120.8999999999995509,3.8898150920867920
16.7999999999999190,120.9999999999995453,3.9624359607696533
16.7999999999999190,121.0999999999995396,2.9482972621917725
16.7999999999999190,121.1999999999995339,2.5680036544799805
16.7999999999999190,121.2999999999995282,2.4569854736328125
16.7999999999999190,121.3999999999995225,2.4572639465332031
16.7999999999999190,121.4999999999995168,2.8643872737884521
16.7999999999999190,121.5999999999995111,3.1178691387176514
16.7999999999999190,121.6999999999995055,3.4255661964416504
16.7999999999999190,121.7999999999994998,3.6692941188812256
16.7999999999999190,121.8999999999994941,3.8951375484466553
16.7999999999999190,121.9999999999994884,4.2425169944763184
16.7999999999999190,122.0999999999994827,4.4879384040832520
16.7999999999999190,122.1999999999994770,4.5483393669128418
16.7999999999999190,122.2999999999994714,4.8455786705017090
16.7999999999999190,122.3999999999994657,5.3755354881286621
16.6999999999999176,120.3999999999995794,6.2066001892089844
16.6999999999999176,120.4999999999995737,4.3824901580810547
16.6999999999999176,120.5999999999995680,2.4219183921813965
16.6999999999999176,120.6999999999995623,2.6351163387298584
16.6999999999999176,120.7999999999995566,2.9483201503753662
16.6999999999999176,120.8999999999995509,3.6456952095031738
16.6999999999999176,120.9999999999995453,3.6455249786376953
16.6999999999999176,121.0999999999995396,2.4257209300994873
16.6999999999999176,121.1999999999995339,2.8412148952484131
16.6999999999999176,121.2999999999995282,2.4735929965972900
16.6999999999999176,121.3999999999995225,2.6537854671478271
16.6999999999999176,121.4999999999995168,3.1047608852386475
16.6999999999999176,121.5999999999995111,3.4123313426971436
16.6999999999999176,121.6999999999995055,3.7326874732971191
16.6999999999999176,121.7999999999994998,4.1566700935363770
16.6999999999999176,121.8999999999994941,4.1545801162719727
16.6999999999999176,121.9999999999994884,4.2737460136413574
16.6999999999999176,122.0999999999994827,4.5438590049743652
16.6999999999999176,122.1999999999994770,4.9513010978698730
16.6999999999999176,122.2999999999994714,5.5868163108825684
16.5999999999999162,120.2999999999995850,6.3756051063537598
16.5999999999999162,120.3999999999995794,6.2469325065612793
16.5999999999999162,120.4999999999995737,3.8285610675811768
16.5999999999999162,120.5999999999995680,2.4099180698394775
16.5999999999999162,120.6999999999995623,2.7591011524200439
16.5999999999999162,120.7999999999995566,3.1989998817443848
16.5999999999999162,120.8999999999995509,3.9045033454895020
16.5999999999999162,120.9999999999995453,3.6662585735321045
16.5999999999999162,121.0999999999995396,2.9221282005310059
16.5999999999999162,121.1999999999995339,2.7085545063018799
16.5999999999999162,121.2999999999995282,2.9383916854858398
16.5999999999999162,121.3999999999995225,3.2356038093566895
16.5999999999999162,121.4999999999995168,3.5242440700531006
16.5999999999999162,121.5999999999995111,3.6807103157043457
16.5999999999999162,121.6999999999995055,3.8604373931884766
16.5999999999999162,121.7999999999994998,4.0094203948974609
16.5999999999999162,121.8999999999994941,4.1312355995178223
16.5999999999999162,121.9999999999994884,4.4545841217041016
16.5999999999999162,122.0999999999994827,5.0052099227905273
16.5999999999999162,122.1999999999994770,6.1684937477111816
16.5999999999999162,122.2999999999994714,6.9340424537658691
16.4999999999999147,120.2999999999995850,6.4475817680358887
16.4999999999999147,120.3999999999995794,5.8881044387817383
16.4999999999999147,120.4999999999995737,3.5141513347625732
16.4999999999999147,120.5999999999995680,2.6512777805328369
16.4999999999999147,120.6999999999995623,3.0730602741241455
16.4999999999999147,120.7999999999995566,3.6653335094451904
16.4999999999999147,120.8999999999995509,4.2880988121032715
16.4999999999999147,120.9999999999995453,4.1286597251892090
16.4999999999999147,121.0999999999995396,3.6368691921234131
16.4999999999999147,121.1999999999995339,3.6622517108917236
16.4999999999999147,121.2999999999995282,3.7841923236846924
16.4999999999999147,121.3999999999995225,3.8529930114746094
16.4999999999999147,121.4999999999995168,3.9164493083953857
16.4999999999999147,121.5999999999995111,3.9438674449920654
16.4999999999999147,121.6999999999995055,3.9895699024200439
16.4999999999999147,121.7999999999994998,4.0597624778747559
16.4999999999999147,121.8999999999994941,4.1852955818176270
16.4999999999999147,121.9999999999994884,4.7512869834899902
16.4999999999999147,122.0999999999994827,6.0875258445739746
16.4999999999999147,122.1999999999994770,7.6330804824829102
16.3999999999999133,120.3999999999995794,6.2393240928649902
16.3999999999999133,120.4999999999995737,3.6509671211242676
16.3999999999999133,120.5999999999995680,2.8747029304504395
16.3999999999999133,120.6999999999995623,3.2317426204681396
16.3999999999999133,120.7999999999995566,3.7994720935821533
16.3999999999999133,120.8999999999995509,4.5947251319885254
16.3999999999999133,120.9999999999995453,4.6831479072570801
16.3999999999999133,121.0999999999995396,4.3458752632141113
16.3999999999999133,121.1999999999995339,4.4754600524902344
16.3999999999999133,121.2999999999995282,4.4662013053894043
16.3999999999999133,121.3999999999995225,4.3278937339782715
16.3999999999999133,121.4999999999995168,4.1974992752075195
16.3999999999999133,121.5999999999995111,4.1620998382568359
16.3999999999999133,121.6999999999995055,4.1586203575134277
16.3999999999999133,121.7999999999994998,4.2862443923950195
16.3999999999999133,121.8999999999994941,4.7909479141235352
16.3999999999999133,121.9999999999994884,5.8893847465515137
16.3999999999999133,122.0999999999994827,7.4798636436462402
16.3999999999999133,122.1999999999994770,8.8964405059814453
16.2999999999999119,119.7999999999996135,6.9774026870727539
16.2999999999999119,120.3999999999995794,6.3451647758483887
16.2999999999999119,120.4999999999995737,4.1209259033203125
16.2999999999999119,120.5999999999995680,2.9226799011230469
16.2999999999999119,120.6999999999995623,2.9652485847473145
16.2999999999999119,120.7999999999995566,3.2528474330902100
16.2999999999999119,120.8999999999995509,4.5994982719421387
16.2999999999999119,120.9999999999995453,5.1188664436340332
16.2999999999999119,121.0999999999995396,4.9696612358093262
16.2999999999999119,121.1999999999995339,5.2133860588073730
16.2999999999999119,121.2999999999995282,5.0026612281799316
16.2999999999999119,121.3999999999995225,4.6165547370910645
16.2999999999999119,121.4999999999995168,4.3235507011413574
16.2999999999999119,121.5999999999995111,4.3376860618591309
16.2999999999999119,121.6999999999995055,4.4198250770568848
16.2999999999999119,121.7999999999994998,4.6981739997863770
16.2999999999999119,121.8999999999994941,5.9782824516296387
16.2999999999999119,121.9999999999994884,7.7797837257385254
16.2999999999999119,122.0999999999994827,9.2925939559936523
16.1999999999999105,119.7999999999996135,6.9194426536560059
16.1999999999999105,119.8999999999996078,6.4038057327270508
16.1999999999999105,119.9999999999996021,6.1198630332946777
16.1999999999999105,120.4999999999995737,4.5649862289428711
16.1999999999999105,120.5999999999995680,3.0208990573883057
16.1999999999999105,120.6999999999995623,2.9940946102142334
16.1999999999999105,120.7999999999995566,3.0176961421966553
16.1999999999999105,120.8999999999995509,4.6705818176269531
16.1999999999999105,120.9999999999995453,5.5058836936950684
16.1999999999999105,121.0999999999995396,5.6268944740295410
16.1999999999999105,121.1999999999995339,5.8512425422668457
16.1999999999999105,121.2999999999995282,5.5703296661376953
16.1999999999999105,121.3999999999995225,4.9610514640808105
16.1999999999999105,121.4999999999995168,4.4145183563232422
16.1999999999999105,121.5999999999995111,4.6044597625732422
16.1999999999999105,121.6999999999995055,5.1232252120971680
16.1999999999999105,121.7999999999994998,5.9830660820007324
16.1999999999999105,121.8999999999994941,7.5840973854064941
16.1999999999999105,121.9999999999994884,9.6006565093994141
16.0999999999999091,119.7999999999996135,7.1024584770202637
16.0999999999999091,119.8999999999996078,6.3182597160339355
16.0999999999999091,119.9999999999996021,6.0220065116882324
16.0999999999999091,120.4999999999995737,4.1828975677490234
16.0999999999999091,120.5999999999995680,3.1849610805511475
16.0999999999999091,120.6999999999995623,2.7845070362091064
16.0999999999999091,120.7999999999995566,2.7882645130157471
16.0999999999999091,120.8999999999995509,4.5260291099548340
16.0999999999999091,120.9999999999995453,5.5340342521667480
16.0999999999999091,121.0999999999995396,5.8042969703674316
16.0999999999999091,121.1999999999995339,6.1980848312377930
16.0999999999999091,121.2999999999995282,5.7875752449035645
16.0999999999999091,121.3999999999995225,5.1611828804016113
16.0999999999999091,121.4999999999995168,4.8888430595397949
16.0999999999999091,121.5999999999995111,5.5805110931396484
16.0999999999999091,121.6999999999995055,6.4850091934204102
15.9999999999999094,119.7999999999996135,7.5476250648498535
15.9999999999999094,119.8999999999996078,6.4202575683593750
15.9999999999999094,119.9999999999996021,5.5362639427185059
15.9999999999999094,120.0999999999995964,5.3424906730651855
15.9999999999999094,120.1999999999995907,5.2925677299499512
15.9999999999999094,120.2999999999995850,5.3134102821350098
15.9999999999999094,120.3999999999995794,5.0674371719360352
15.9999999999999094,120.4999999999995737,4.0339713096618652
15.9999999999999094,120.5999999999995680,3.3883514404296875
15.9999999999999094,120.6999999999995623,2.7228546142578125
15.9999999999999094,120.7999999999995566,2.6796033382415771
15.9999999999999094,120.8999999999995509,4.3721194267272949
15.9999999999999094,120.9999999999995453,5.3104047775268555
15.9999999999999094,121.0999999999995396,5.7408266067504883
15.9999999999999094,121.1999999999995339,6.0687270164489746
15.9999999999999094,121.2999999999995282,5.8544807434082031
15.9999999999999094,121.3999999999995225,5.6024355888366699
15.9999999999999094,121.4999999999995168,5.4961123466491699
15.9999999999999094,121.5999999999995111,6.4781022071838379
15.8999999999999098,119.9999999999996021,5.3385348320007324
15.8999999999999098,120.0999999999995964,4.6666364669799805
15.8999999999999098,120.1999999999995907,4.6705999374389648
15.8999999999999098,120.2999999999995850,4.7084212303161621
15.8999999999999098,120.3999999999995794,4.5220575332641602
15.8999999999999098,120.4999999999995737,3.8621361255645752
15.8999999999999098,120.5999999999995680,3.5246102809906006
15.8999999999999098,120.6999999999995623,2.9940233230590820
15.8999999999999098,120.7999999999995566,2.7579090595245361
15.8999999999999098,120.8999999999995509,4.3434062004089355
15.8999999999999098,120.9999999999995453,5.3829588890075684
15.8999999999999098,121.0999999999995396,5.9151587486267090
15.8999999999999098,121.1999999999995339,6.4505982398986816
15.8999999999999098,121.2999999999995282,6.4334192276000977
15.8999999999999098,121.3999999999995225,6.3100528717041016
15.8999999999999098,121.4999999999995168,6.4020256996154785
15.8999999999999098,121.5999999999995111,6.7814111709594727
15.7999999999999101,119.9999999999996021,5.1472940444946289
15.7999999999999101,120.0999999999995964,4.0085306167602539
15.7999999999999101,120.1999999999995907,3.8419919013977051
15.7999999999999101,120.2999999999995850,3.8345773220062256
15.7999999999999101,120.3999999999995794,3.6755127906799316
15.7999999999999101,120.4999999999995737,3.2412045001983643
15.7999999999999101,120.5999999999995680,3.1108644008636475
15.7999999999999101,120.6999999999995623,3.0231480598449707
15.7999999999999101,120.7999999999995566,3.0799105167388916
15.7999999999999101,120.8999999999995509,4.4059801101684570
15.7999999999999101,120.9999999999995453,5.4334597587585449
15.7999999999999101,121.0999999999995396,5.8780570030212402
15.7999999999999101,121.1999999999995339,6.2863945960998535
15.7999999999999101,121.2999999999995282,6.4218521118164062
15.7999999999999101,121.3999999999995225,6.4299607276916504
15.7999999999999101,121.4999999999995168,6.4870529174804688
15.6999999999999105,119.9999999999996021,4.8827919960021973
15.6999999999999105,120.0999999999995964,3.5519504547119141
15.6999999999999105,120.1999999999995907,3.0883023738861084
15.6999999999999105,120.2999999999995850,2.9277634620666504
15.6999999999999105,120.3999999999995794,2.8210284709930420
15.6999999999999105,120.4999999999995737,2.5266366004943848
15.6999999999999105,120.5999999999995680,2.9670131206512451
15.6999999999999105,120.6999999999995623,3.1192691326141357
15.6999999999999105,120.7999999999995566,3.5557198524475098
15.6999999999999105,120.8999999999995509,4.5144343376159668
15.6999999999999105,120.9999999999995453,5.3019680976867676
15.6999999999999105,121.0999999999995396,5.5615015029907227
15.6999999999999105,121.1999999999995339,5.8208565711975098
15.6999999999999105,121.2999999999995282,6.0226149559020996
15.6999999999999105,121.3999999999995225,6.2304034233093262
15.6999999999999105,121.4999999999995168,6.6478877067565918
15.5999999999999108,119.9999999999996021,4.6554532051086426
15.5999999999999108,120.0999999999995964,3.3103935718536377
15.5999999999999108,120.1999999999995907,3.3504250049591064
15.5999999999999108,120.2999999999995850,3.4461307525634766
15.5999999999999108,120.3999999999995794,3.4559094905853271
15.5999999999999108,120.4999999999995737,3.1814801692962646
15.5999999999999108,120.5999999999995680,3.2942550182342529
15.5999999999999108,120.6999999999995623,3.5949292182922363
15.5999999999999108,120.7999999999995566,4.0238661766052246
15.5999999999999108,120.8999999999995509,4.7023158073425293
15.5999999999999108,120.9999999999995453,5.2228846549987793
15.5999999999999108,121.0999999999995396,5.3793382644653320
15.5999999999999108,121.1999999999995339,5.5556464195251465
15.5999999999999108,121.2999999999995282,5.8844137191772461
15.5999999999999108,121.3999999999995225,6.2906947135925293
15.5999999999999108,121.4999999999995168,6.8152351379394531
15.4999999999999112,119.9999999999996021,4.2656569480895996
15.4999999999999112,120.0999999999995964,3.2304089069366455
15.4999999999999112,120.1999999999995907,3.7285885810852051
15.4999999999999112,120.2999999999995850,4.2307062149047852
15.4999999999999112,120.3999999999995794,4.4244871139526367
15.4999999999999112,120.4999999999995737,3.9670872688293457
15.4999999999999112,120.5999999999995680,3.8259167671203613
15.4999999999999112,120.6999999999995623,4.0476489067077637
15.4999999999999112,120.7999999999995566,4.3394398689270020
15.4999999999999112,120.8999999999995509,4.7076745033264160
15.4999999999999112,120.9999999999995453,5.3083095550537109
15.4999999999999112,121.0999999999995396,5.7543816566467285
15.4999999999999112,121.1999999999995339,6.2023658752441406
15.4999999999999112,121.2999999999995282,6.7353272438049316
15.4999999999999112,121.3999999999995225,7.3213424682617188
15.4999999999999112,121.4999999999995168,7.9868941307067871
15.3999999999999115,119.8999999999996078,6.3251609802246094
15.3999999999999115,119.9999999999996021,4.4800181388854980
15.3999999999999115,120.0999999999995964,3.3595395088195801
15.3999999999999115,120.1999999999995907,4.2103300094604492
15.3999999999999115,120.2999999999995850,5.0044913291931152
15.3999999999999115,120.3999999999995794,5.3419547080993652
15.3999999999999115,120.4999999999995737,4.6596384048461914
15.3999999999999115,120.5999999999995680,4.2568240165710449
15.3999999999999115,120.6999999999995623,4.3810439109802246
15.3999999999999115,120.7999999999995566,4.5879917144775391
15.3999999999999115,120.8999999999995509,4.9346494674682617
15.3999999999999115,120.9999999999995453,5.4171600341796875
15.3999999999999115,121.0999999999995396,6.2873458862304688
15.3999999999999115,121.1999999999995339,7.1467814445495605
15.3999999999999115,121.2999999999995282,8.0205945968627930
15.2999999999999119,119.9999999999996021,4.4349751472473145
15.2999999999999119,120.0999999999995964,3.2682893276214600
15.2999999999999119,120.1999999999995907,4.3992137908935547
15.2999999999999119,120.2999999999995850,5.5030303001403809
15.2999999999999119,120.3999999999995794,6.0056228637695312
15.2999999999999119,120.4999999999995737,5.2505435943603516
15.2999999999999119,120.5999999999995680,4.7489581108093262
15.2999999999999119,120.6999999999995623,4.8255119323730469
15.2999999999999119,120.7999999999995566,4.9795942306518555
15.2999999999999119,120.8999999999995509,5.2960052490234375
15.2999999999999119,120.9999999999995453,5.7873473167419434
15.2999999999999119,121.0999999999995396,6.6916971206665039
15.2999999999999119,121.1999999999995339,7.8796968460083008
15.2999999999999119,121.2999999999995282,9.7576141357421875
15.2999999999999119,121.3999999999995225,11.3136119842529297
15.1999999999999122,120.0999999999995964,3.5116775035858154
15.1999999999999122,120.1999999999995907,3.8450100421905518
15.1999999999999122,120.2999999999995850,5.2140531539916992
15.1999999999999122,120.3999999999995794,5.9731798171997070
15.1999999999999122,120.4999999999995737,5.5581388473510742
15.1999999999999122,120.5999999999995680,5.3991770744323730
15.1999999999999122,120.6999999999995623,5.5493321418762207
15.1999999999999122,120.7999999999995566,5.7904181480407715
15.1999999999999122,120.8999999999995509,6.1320514678955078
15.1999999999999122,120.9999999999995453,6.4910902976989746
15.1999999999999122,121.0999999999995396,6.9122896194458008
15.1999999999999122,121.1999999999995339,7.6364221572875977
15.1999999999999122,121.2999999999995282,8.7059202194213867
15.0999999999999126,120.0999999999995964,3.9456329345703125
15.0999999999999126,120.1999999999995907,3.7549788951873779
15.0999999999999126,120.2999999999995850,4.9799146652221680
15.0999999999999126,120.3999999999995794,5.9596629142761230
15.0999999999999126,120.4999999999995737,5.9492173194885254
15.0999999999999126,120.5999999999995680,6.0847325325012207
15.0999999999999126,120.6999999999995623,6.3209815025329590
15.0999999999999126,120.7999999999995566,6.6374983787536621
15.0999999999999126,120.8999999999995509,6.9979143142700195
15.0999999999999126,120.9999999999995453,7.2239871025085449
15.0999999999999126,121.0999999999995396,7.3808112144470215
15.0999999999999126,121.1999999999995339,7.7373633384704590
15.0999999999999126,121.2999999999995282,7.6740260124206543
15.0999999999999126,121.3999999999995225,8.1455373764038086
14.9999999999999130,120.0999999999995964,4.7048697471618652
14.9999999999999130,120.1999999999995907,4.2887063026428223
14.9999999999999130,120.2999999999995850,4.9848327636718750
14.9999999999999130,120.3999999999995794,6.0778169631958008
14.9999999999999130,120.4999999999995737,6.3929572105407715
14.9999999999999130,120.5999999999995680,6.6478266716003418
14.9999999999999130,120.6999999999995623,7.0187630653381348
14.9999999999999130,120.7999999999995566,7.2525629997253418
14.9999999999999130,120.8999999999995509,7.6347284317016602
14.9999999999999130,120.9999999999995453,7.7378616333007812
14.9999999999999130,121.0999999999995396,7.6211738586425781
14.9999999999999130,121.1999999999995339,7.6528449058532715
14.9999999999999130,121.2999999999995282,7.4591331481933594
14.9999999999999130,121.3999999999995225,7.2963843345642090
14.9999999999999130,121.4999999999995168,7.4016656875610352
14.9999999999999130,121.8999999999994941,15.0642213821411133
14.9999999999999130,121.9999999999994884,15.4732275009155273
14.8999999999999133,120.0999999999995964,6.1640925407409668
14.8999999999999133,120.1999999999995907,5.3893117904663086
14.8999999999999133,120.2999999999995850,5.1558337211608887
14.8999999999999133,120.3999999999995794,6.0963768959045410
14.8999999999999133,120.4999999999995737,6.6713480949401855
14.8999999999999133,120.7999999999995566,7.6153655052185059
14.8999999999999133,120.8999999999995509,7.5897440910339355
14.8999999999999133,120.9999999999995453,7.4095878601074219
14.8999999999999133,121.0999999999995396,7.1979022026062012
14.8999999999999133,121.1999999999995339,7.4587807655334473
14.8999999999999133,121.2999999999995282,7.0885848999023438
14.8999999999999133,121.3999999999995225,6.9935545921325684
14.8999999999999133,121.4999999999995168,7.4086527824401855
14.8999999999999133,121.8999999999994941,15.1925916671752930
14.8999999999999133,121.9999999999994884,15.5676527023315430
14.7999999999999137,120.1999999999995907,6.7448358535766602
14.7999999999999137,120.2999999999995850,6.3167390823364258
14.7999999999999137,120.3999999999995794,6.8272547721862793
14.7999999999999137,120.4999999999995737,7.7790055274963379
14.7999999999999137,120.8999999999995509,8.1042175292968750
14.7999999999999137,120.9999999999995453,7.6851334571838379
14.7999999999999137,121.0999999999995396,7.1729989051818848
14.7999999999999137,121.1999999999995339,7.0995802879333496
14.7999999999999137,121.2999999999995282,6.9067454338073730
14.7999999999999137,121.3999999999995225,6.7069201469421387
14.7999999999999137,121.4999999999995168,7.1246337890625000
14.7999999999999137,121.5999999999995111,9.3702869415283203
14.7999999999999137,121.8999999999994941,15.7334470748901367
14.7999999999999137,121.9999999999994884,16.1873378753662109
14.7999999999999137,122.1999999999994770,16.0338973999023438
14.6999999999999140,120.2999999999995850,7.5004487037658691
14.6999999999999140,120.3999999999995794,8.6968402862548828
14.6999999999999140,120.4999999999995737,9.2868242263793945
14.6999999999999140,120.9999999999995453,7.3940148353576660
14.6999999999999140,121.0999999999995396,6.7912440299987793
14.6999999999999140,121.1999999999995339,7.1048202514648438
14.6999999999999140,121.2999999999995282,6.9136857986450195
14.6999999999999140,121.3999999999995225,6.8327746391296387
14.6999999999999140,121.4999999999995168,7.5482668876647949
14.6999999999999140,121.5999999999995111,9.4371709823608398
14.6999999999999140,121.9999999999994884,16.3380489349365234
14.6999999999999140,122.3999999999994657,15.8396291732788086
14.5999999999999144,120.3999999999995794,11.3230371475219727
14.5999999999999144,120.4999999999995737,11.2778768539428711
14.5999999999999144,120.5999999999995680,11.8223609924316406
14.5999999999999144,120.9999999999995453,6.7041015625000000
14.5999999999999144,121.0999999999995396,6.7296829223632812
14.5999999999999144,121.1999999999995339,7.2063317298889160
14.5999999999999144,121.2999999999995282,7.1923561096191406
14.5999999999999144,121.3999999999995225,7.3349051475524902
14.5999999999999144,121.4999999999995168,8.0597143173217773
14.5999999999999144,121.5999999999995111,10.2955532073974609
14.4999999999999147,120.4999999999995737,13.2065114974975586
14.4999999999999147,120.5999999999995680,12.9542894363403320
14.4999999999999147,121.0999999999995396,6.6826639175415039
14.4999999999999147,121.1999999999995339,8.3266172409057617
14.4999999999999147,121.2999999999995282,7.9511718750000000
14.4999999999999147,121.3999999999995225,7.7747383117675781
14.4999999999999147,121.4999999999995168,8.8297052383422852
14.4999999999999147,121.5999999999995111,10.7103576660156250
14.3999999999999151,120.7999999999995566,7.9835696220397949
14.3999999999999151,120.8999999999995509,7.0314188003540039
14.3999999999999151,120.9999999999995453,6.6244134902954102
14.3999999999999151,121.2999999999995282,7.7589087486267090
14.3999999999999151,121.4999999999995168,8.5010404586791992
14.3999999999999151,121.5999999999995111,11.4202518463134766
14.3999999999999151,121.6999999999995055,13.6021776199340820
14.2999999999999154,120.6999999999995623,9.3464956283569336
14.2999999999999154,120.7999999999995566,8.2332954406738281
14.2999999999999154,120.8999999999995509,7.2471327781677246
14.2999999999999154,120.9999999999995453,6.6886858940124512
14.2999999999999154,121.0999999999995396,6.6168069839477539
14.2999999999999154,121.4999999999995168,8.2365713119506836
14.2999999999999154,121.5999999999995111,11.1840276718139648
14.2999999999999154,121.6999999999995055,15.0090885162353516
14.2999999999999154,122.4999999999994600,11.1684837341308594
14.2999999999999154,122.6999999999994486,11.0716123580932617
14.1999999999999158,120.5999999999995680,10.5363903045654297
14.1999999999999158,120.6999999999995623,9.0097045898437500
14.1999999999999158,120.7999999999995566,8.1058320999145508
14.1999999999999158,120.8999999999995509,7.1880111694335938
14.1999999999999158,120.9999999999995453,6.7187919616699219
14.1999999999999158,121.0999999999995396,6.6950669288635254
14.1999999999999158,121.3999999999995225,6.9635887145996094
14.1999999999999158,121.4999999999995168,7.6316347122192383
14.1999999999999158,121.5999999999995111,11.2292098999023438
14.1999999999999158,121.6999999999995055,15.2169589996337891
14.1999999999999158,121.9999999999994884,16.3530578613281250
14.1999999999999158,122.3999999999994657,9.4094228744506836
14.1999999999999158,122.4999999999994600,9.0782766342163086
14.1999999999999158,122.5999999999994543,8.9205102920532227
14.1999999999999158,122.6999999999994486,8.9773969650268555
14.1999999999999158,122.7999999999994429,9.1804370880126953
14.1999999999999158,122.8999999999994373,9.3066158294677734
14.0999999999999162,120.5999999999995680,10.6013784408569336
14.0999999999999162,120.6999999999995623,9.6222572326660156
14.0999999999999162,120.7999999999995566,8.3886718750000000
14.0999999999999162,120.8999999999995509,7.3830409049987793
14.0999999999999162,120.9999999999995453,6.9302287101745605
14.0999999999999162,121.0999999999995396,6.8404421806335449
14.0999999999999162,121.1999999999995339,6.8299746513366699
14.0999999999999162,121.2999999999995282,6.7899603843688965
14.0999999999999162,121.3999999999995225,7.2474770545959473
14.0999999999999162,121.4999999999995168,8.3265714645385742
14.0999999999999162,121.5999999999995111,11.4537754058837891
14.0999999999999162,121.6999999999995055,15.2294569015502930
14.0999999999999162,121.7999999999994998,18.3351078033447266
14.0999999999999162,122.0999999999994827,13.0949802398681641
14.0999999999999162,122.2999999999994714,9.9399404525756836
14.0999999999999162,122.3999999999994657,8.7551069259643555
14.0999999999999162,122.4999999999994600,8.0157232284545898
14.0999999999999162,122.5999999999994543,8.1100177764892578
14.0999999999999162,122.6999999999994486,7.9972872734069824
14.0999999999999162,122.7999999999994429,8.2355947494506836
14.0999999999999162,122.8999999999994373,8.8590841293334961
14.0999999999999162,122.9999999999994316,9.9406681060791016
13.9999999999999165,120.6999999999995623,10.8112840652465820
13.9999999999999165,120.7999999999995566,9.7469606399536133
13.9999999999999165,120.8999999999995509,8.8338356018066406
13.9999999999999165,120.9999999999995453,7.9671854972839355
13.9999999999999165,121.0999999999995396,7.0733795166015625
13.9999999999999165,121.1999999999995339,6.9549326896667480
13.9999999999999165,121.2999999999995282,7.0549211502075195
13.9999999999999165,121.3999999999995225,7.5979080200195312
13.9999999999999165,121.4999999999995168,8.8193693161010742
13.9999999999999165,121.5999999999995111,11.7486639022827148
13.9999999999999165,121.6999999999995055,15.3638200759887695
13.9999999999999165,121.7999999999994998,17.8191509246826172
13.9999999999999165,121.8999999999994941,16.3897457122802734
13.9999999999999165,122.3999999999994657,7.9872255325317383
13.9999999999999165,122.4999999999994600,7.7267756462097168
13.9999999999999165,122.5999999999994543,8.4299364089965820
13.9999999999999165,122.6999999999994486,8.4326725006103516
13.9999999999999165,122.7999999999994429,8.1744489669799805
13.9999999999999165,122.8999999999994373,8.3779325485229492
13.9999999999999165,122.9999999999994316,10.1509408950805664
13.9999999999999165,123.2999999999994145,13.3388967514038086
13.9999999999999165,124.1999999999993634,13.9268445968627930
13.9999999999999165,124.2999999999993577,12.5029354095458984
13.8999999999999169,120.5999999999995680,13.2229385375976562
13.8999999999999169,120.9999999999995453,9.0371723175048828
13.8999999999999169,121.0999999999995396,7.4301638603210449
13.8999999999999169,121.1999999999995339,7.0512032508850098
13.8999999999999169,121.2999999999995282,7.5013794898986816
13.8999999999999169,121.3999999999995225,8.1663980484008789
13.8999999999999169,121.4999999999995168,10.0705633163452148
13.8999999999999169,121.9999999999994884,12.9738006591796875
13.8999999999999169,122.0999999999994827,10.6765279769897461
13.8999999999999169,122.1999999999994770,9.3461284637451172
13.8999999999999169,122.2999999999994714,8.2390365600585938
13.8999999999999169,122.3999999999994657,7.6563296318054199
13.8999999999999169,122.6999999999994486,8.8886518478393555
13.8999999999999169,122.7999999999994429,8.5391492843627930
13.8999999999999169,122.8999999999994373,8.4892435073852539
13.8999999999999169,122.9999999999994316,9.8754072189331055
13.8999999999999169,123.3999999999994088,11.0424289703369141
13.8999999999999169,123.4999999999994031,11.1795234680175781
13.8999999999999169,123.5999999999993975,12.8570423126220703
13.8999999999999169,123.6999999999993918,14.3764419555664062
13.8999999999999169,124.1999999999993634,12.5671224594116211
13.8999999999999169,124.2999999999993577,11.1151514053344727
13.7999999999999172,120.0999999999995964,18.1010227203369141
13.7999999999999172,120.1999999999995907,17.7143306732177734
13.7999999999999172,120.8999999999995509,11.3133678436279297
13.7999999999999172,120.9999999999995453,10.1334362030029297
13.7999999999999172,121.0999999999995396,8.5198392868041992
13.7999999999999172,121.1999999999995339,7.1182909011840820
13.7999999999999172,121.2999999999995282,8.1635541915893555
13.7999999999999172,121.3999999999995225,9.9789772033691406
13.7999999999999172,121.9999999999994884,12.2650785446166992
13.7999999999999172,122.0999999999994827,10.6050615310668945
13.7999999999999172,122.1999999999994770,9.8291168212890625
13.7999999999999172,122.2999999999994714,9.0433454513549805
13.7999999999999172,122.3999999999994657,8.8143196105957031
13.7999999999999172,122.7999999999994429,8.7177228927612305
13.7999999999999172,122.8999999999994373,8.3084888458251953
13.7999999999999172,122.9999999999994316,9.2816858291625977
13.7999999999999172,123.2999999999994145,9.5522232055664062
13.7999999999999172,123.3999999999994088,9.1576766967773438
13.7999999999999172,123.4999999999994031,9.3965606689453125
13.7999999999999172,123.5999999999993975,11.2008676528930664
13.7999999999999172,123.6999999999993918,13.3584585189819336
13.7999999999999172,123.7999999999993861,14.9501104354858398
13.7999999999999172,124.1999999999993634,11.6326036453247070
13.7999999999999172,124.2999999999993577,10.2673978805541992
13.6999999999999176,121.0999999999995396,9.5157661437988281
13.6999999999999176,121.1999999999995339,7.7271089553833008
13.6999999999999176,121.2999999999995282,9.3478574752807617
13.6999999999999176,121.3999999999995225,11.5228862762451172
13.6999999999999176,122.1999999999994770,10.2550678253173828
13.6999999999999176,122.2999999999994714,10.0217504501342773
13.6999999999999176,122.3999999999994657,10.1950407028198242
13.6999999999999176,122.8999999999994373,9.2987661361694336
13.6999999999999176,122.9999999999994316,9.4418420791625977
13.6999999999999176,123.0999999999994259,9.7687673568725586
13.6999999999999176,123.1999999999994202,9.7830667495727539
13.6999999999999176,123.2999999999994145,8.3473196029663086
13.6999999999999176,123.3999999999994088,7.7286410331726074
13.6999999999999176,123.4999999999994031,8.0355625152587891
13.6999999999999176,124.0999999999993690,12.6114740371704102
13.6999999999999176,124.1999999999993634,10.6999053955078125
13.6999999999999176,124.2999999999993577,9.6076993942260742
13.5999999999999179,122.2999999999994714,10.7127485275268555
13.5999999999999179,122.3999999999994657,11.1259965896606445
13.5999999999999179,122.4999999999994600,11.6418943405151367
13.5999999999999179,122.8999999999994373,10.1698904037475586
13.5999999999999179,122.9999999999994316,9.9662399291992188
13.5999999999999179,123.0999999999994259,9.7102508544921875
13.5999999999999179,123.1999999999994202,9.0409927368164062
13.5999999999999179,123.2999999999994145,7.4067282676696777
13.5999999999999179,123.3999999999994088,6.5076913833618164
13.5999999999999179,123.4999999999994031,6.6638145446777344
13.5999999999999179,124.1999999999993634,11.2292156219482422
13.5999999999999179,124.2999999999993577,9.8132886886596680
13.4999999999999183,120.6999999999995623,10.3542804718017578
13.4999999999999183,120.7999999999995566,9.1199665069580078
13.4999999999999183,121.8999999999994941,15.0580062866210938
13.4999999999999183,121.9999999999994884,12.3630514144897461
13.4999999999999183,122.4999999999994600,11.2859783172607422
13.4999999999999183,122.5999999999994543,11.5317525863647461
13.4999999999999183,123.1999999999994202,11.0690498352050781
13.4999999999999183,123.2999999999994145,8.4051876068115234
13.4999999999999183,123.3999999999994088,5.7863440513610840
13.4999999999999183,123.4999999999994031,5.6246061325073242
13.4999999999999183,123.5999999999993975,6.3736529350280762
13.3999999999999186,120.4999999999995737,13.0881242752075195
13.3999999999999186,120.5999999999995680,10.2476396560668945
13.3999999999999186,120.6999999999995623,7.8810858726501465
13.3999999999999186,120.7999999999995566,6.6171045303344727
13.3999999999999186,120.8999999999995509,5.8144087791442871
13.3999999999999186,120.9999999999995453,5.3842272758483887
13.3999999999999186,121.0999999999995396,5.5923404693603516
13.3999999999999186,121.1999999999995339,6.0739278793334961
13.3999999999999186,121.7999999999994998,16.0600719451904297
13.3999999999999186,121.8999999999994941,14.5322618484497070
13.3999999999999186,121.9999999999994884,12.0659704208374023
13.3999999999999186,122.0999999999994827,10.6424093246459961
13.3999999999999186,122.4999999999994600,10.9835386276245117
13.3999999999999186,122.5999999999994543,11.1235256195068359
13.3999999999999186,123.1999999999994202,12.0299329757690430
13.3999999999999186,123.2999999999994145,9.5389528274536133
13.3999999999999186,123.3999999999994088,6.0092911720275879
13.3999999999999186,123.4999999999994031,4.4526419639587402
13.3999999999999186,123.5999999999993975,5.4245982170104980
13.2999999999999190,120.5999999999995680,8.9947080612182617
13.2999999999999190,120.6999999999995623,6.2786893844604492
13.2999999999999190,120.7999999999995566,4.9129772186279297
13.2999999999999190,120.8999999999995509,4.0170698165893555
13.2999999999999190,120.9999999999995453,4.5715498924255371
13.2999999999999190,121.0999999999995396,4.9114904403686523
13.2999999999999190,121.1999999999995339,5.3716826438903809
13.2999999999999190,121.2999999999995282,8.0638446807861328
13.2999999999999190,121.8999999999994941,14.5997161865234375
13.2999999999999190,121.9999999999994884,12.8982925415039062
13.2999999999999190,122.5999999999994543,11.5956125259399414
13.2999999999999190,123.2999999999994145,10.1753969192504883
13.2999999999999190,123.4999999999994031,4.4540266990661621
13.2999999999999190,123.5999999999993975,5.1838254928588867
13.2999999999999190,123.6999999999993918,6.0680389404296875
13.2999999999999190,123.8999999999993804,9.9835147857666016
13.1999999999999194,120.6999999999995623,7.3877749443054199
13.1999999999999194,120.7999999999995566,5.6556448936462402
13.1999999999999194,120.8999999999995509,4.1655635833740234
13.1999999999999194,120.9999999999995453,3.7297337055206299
13.1999999999999194,121.0999999999995396,4.3244400024414062
13.1999999999999194,121.1999999999995339,4.9990992546081543
13.1999999999999194,121.3999999999995225,9.5378570556640625
13.1999999999999194,123.2999999999994145,10.2282381057739258
13.1999999999999194,123.3999999999994088,6.8920412063598633
13.1999999999999194,123.4999999999994031,5.8862590789794922
13.1999999999999194,123.5999999999993975,6.5031356811523438
13.1999999999999194,123.6999999999993918,7.2939667701721191
13.0999999999999197,120.6999999999995623,7.9437599182128906
13.0999999999999197,120.7999999999995566,6.7547240257263184
13.0999999999999197,120.8999999999995509,5.1472377777099609
13.0999999999999197,120.9999999999995453,4.3338298797607422
13.0999999999999197,121.0999999999995396,4.0323591232299805
13.0999999999999197,121.1999999999995339,4.6865110397338867
13.0999999999999197,121.2999999999995282,5.7033238410949707
13.0999999999999197,121.3999999999995225,7.5496459007263184
13.0999999999999197,121.4999999999995168,9.1732969284057617
13.0999999999999197,122.9999999999994316,15.8340396881103516
13.0999999999999197,123.3999999999994088,7.6721611022949219
13.0999999999999197,123.4999999999994031,7.7561583518981934
13.0999999999999197,123.5999999999993975,8.1787500381469727
13.0999999999999197,123.6999999999993918,8.7493991851806641
13.0999999999999197,123.7999999999993861,10.1611537933349609
13.0999999999999197,123.8999999999993804,13.2450485229492188
12.9999999999999201,120.7999999999995566,7.0212540626525879
12.9999999999999201,120.8999999999995509,5.3848109245300293
12.9999999999999201,120.9999999999995453,4.6328825950622559
12.9999999999999201,121.0999999999995396,4.0464229583740234
12.9999999999999201,121.1999999999995339,4.4527378082275391
12.9999999999999201,121.2999999999995282,5.3064804077148438
12.9999999999999201,121.3999999999995225,6.9697442054748535
12.9999999999999201,122.9999999999994316,16.2401256561279297
12.9999999999999201,123.0999999999994259,15.2392988204956055
12.9999999999999201,123.4999999999994031,9.6551399230957031
12.9999999999999201,123.5999999999993975,10.1130514144897461
12.9999999999999201,123.6999999999993918,10.4395904541015625
12.9999999999999201,123.7999999999993861,11.6292390823364258
12.9999999999999201,123.8999999999993804,13.4588413238525391
12.9999999999999201,123.9999999999993747,15.2797698974609375
12.9999999999999201,124.0999999999993690,16.9835338592529297
12.8999999999999204,120.7999999999995566,8.7887935638427734
12.8999999999999204,120.8999999999995509,5.5919742584228516
12.8999999999999204,120.9999999999995453,4.6521320343017578
12.8999999999999204,121.0999999999995396,4.2518424987792969
12.8999999999999204,121.1999999999995339,4.2185740470886230
12.8999999999999204,121.2999999999995282,5.2550601959228516
12.8999999999999204,121.3999999999995225,7.7962250709533691
12.8999999999999204,121.4999999999995168,9.8303556442260742
12.8999999999999204,123.1999999999994202,13.8415117263793945
12.8999999999999204,123.7999999999993861,13.0594930648803711
12.8999999999999204,124.0999999999993690,15.0123062133789062
12.7999999999999208,120.7999999999995566,11.2314586639404297
12.7999999999999208,120.8999999999995509,7.4390983581542969
12.7999999999999208,120.9999999999995453,5.0340704917907715
12.7999999999999208,121.0999999999995396,4.6208343505859375
12.7999999999999208,121.1999999999995339,4.3549022674560547
12.7999999999999208,121.2999999999995282,5.6823859214782715
12.7999999999999208,121.3999999999995225,8.9329128265380859
12.7999999999999208,123.8999999999993804,13.4895887374877930
12.7999999999999208,123.9999999999993747,12.5507593154907227
12.7999999999999208,124.0999999999993690,13.9690046310424805
12.6999999999999211,120.8999999999995509,10.9251737594604492
12.6999999999999211,120.9999999999995453,7.9877824783325195
12.6999999999999211,121.0999999999995396,6.1220450401306152
12.6999999999999211,121.1999999999995339,5.8165326118469238
12.6999999999999211,121.2999999999995282,7.7518196105957031
12.6999999999999211,121.3999999999995225,11.2503194808959961
12.6999999999999211,121.4999999999995168,14.5636568069458008
12.6999999999999211,123.8999999999993804,14.7750196456909180
12.6999999999999211,123.9999999999993747,13.8792161941528320
12.6999999999999211,124.0999999999993690,14.5950822830200195
12.5999999999999215,120.9999999999995453,11.9268999099731445
12.5999999999999215,121.0999999999995396,8.6402063369750977
12.5999999999999215,121.1999999999995339,8.2755880355834961
12.5999999999999215,121.2999999999995282,11.1329660415649414
12.5999999999999215,121.3999999999995225,15.1473770141601562
12.5999999999999215,121.4999999999995168,18.8407230377197266
12.5999999999999215,122.0999999999994827,13.9005146026611328
12.5999999999999215,123.9999999999993747,15.8301725387573242
12.4999999999999218,120.9999999999995453,15.4859695434570312
12.4999999999999218,121.0999999999995396,11.1520452499389648
12.4999999999999218,121.1999999999995339,10.1378278732299805
12.4999999999999218,121.2999999999995282,13.1824693679809570
12.4999999999999218,121.3999999999995225,17.4762916564941406
12.4999999999999218,121.9999999999994884,12.6874952316284180
12.4999999999999218,122.4999999999994600,18.0655364990234375
12.4999999999999218,122.5999999999994543,18.4038066864013672
12.4999999999999218,123.2999999999994145,18.2751197814941406
12.4999999999999218,123.3999999999994088,17.8964900970458984
12.4999999999999218,123.4999999999994031,17.8325328826904297
12.4999999999999218,123.6999999999993918,17.4341621398925781
12.4999999999999218,124.2999999999993577,19.7975502014160156
12.4999999999999218,124.3999999999993520,17.2718181610107422
12.4999999999999218,124.4999999999993463,13.9019641876220703
12.4999999999999218,124.5999999999993406,11.2042665481567383
12.4999999999999218,124.6999999999993349,10.2801132202148438
12.4999999999999218,124.7999999999993292,9.8671035766601562
12.4999999999999218,124.8999999999993236,10.3160381317138672
12.4999999999999218,124.9999999999993179,11.4199285507202148
12.4999999999999218,125.0999999999993122,12.5478239059448242
12.4999999999999218,125.1999999999993065,13.7563037872314453
12.3999999999999222,120.9999999999995453,16.1033725738525391
12.3999999999999222,121.0999999999995396,13.7152557373046875
12.3999999999999222,121.1999999999995339,11.1078824996948242
12.3999999999999222,121.2999999999995282,12.6421518325805664
12.3999999999999222,121.9999999999994884,15.5295658111572266
12.3999999999999222,122.0999999999994827,14.2549638748168945
12.3999999999999222,122.4999999999994600,18.6622238159179688
12.3999999999999222,122.5999999999994543,18.9347896575927734
12.3999999999999222,123.2999999999994145,17.7313232421875000
12.3999999999999222,123.3999999999994088,16.6351299285888672
12.3999999999999222,123.4999999999994031,15.8161869049072266
12.3999999999999222,124.3999999999993520,16.4587841033935547
12.3999999999999222,124.4999999999993463,13.0528202056884766
12.3999999999999222,124.5999999999993406,9.9591445922851562
12.3999999999999222,124.6999999999993349,9.3986215591430664
12.3999999999999222,124.7999999999993292,8.9204854965209961
12.3999999999999222,124.8999999999993236,8.9926004409790039
12.3999999999999222,124.9999999999993179,10.0087118148803711
12.3999999999999222,125.0999999999993122,11.2002325057983398
12.3999999999999222,125.1999999999993065,12.7838802337646484
12.2999999999999226,119.8999999999996078,19.3454647064208984
12.2999999999999226,121.1999999999995339,14.1765336990356445
12.2999999999999226,121.9999999999994884,18.8091812133789062
12.2999999999999226,123.2999999999994145,16.7268009185791016
12.2999999999999226,123.3999999999994088,15.2138261795043945
12.2999999999999226,123.4999999999994031,14.1911334991455078
12.2999999999999226,123.5999999999993975,13.8038473129272461
12.2999999999999226,123.6999999999993918,13.8421525955200195
12.2999999999999226,124.3999999999993520,16.2639751434326172
12.2999999999999226,124.4999999999993463,12.1642141342163086
12.2999999999999226,124.5999999999993406,8.8897972106933594
12.2999999999999226,124.6999999999993349,8.1636629104614258
12.2999999999999226,124.7999999999993292,7.7384181022644043
12.2999999999999226,124.8999999999993236,7.7402405738830566
12.2999999999999226,124.9999999999993179,8.8210649490356445
12.2999999999999226,125.0999999999993122,9.9937009811401367
12.2999999999999226,125.1999999999993065,11.6570281982421875
12.2999999999999226,125.2999999999993008,13.9375915527343750
12.1999999999999229,119.8999999999996078,19.2037734985351562
12.1999999999999229,119.9999999999996021,20.1282711029052734
12.1999999999999229,121.9999999999994884,20.5032901763916016
12.1999999999999229,123.2999999999994145,16.5971355438232422
12.1999999999999229,123.3999999999994088,15.1261930465698242
12.1999999999999229,123.5999999999993975,13.2534914016723633
12.1999999999999229,123.6999999999993918,13.2991104125976562
12.1999999999999229,123.7999999999993861,14.4437227249145508
12.1999999999999229,123.8999999999993804,15.8368196487426758
12.1999999999999229,124.3999999999993520,15.4868593215942383
12.1999999999999229,124.4999999999993463,12.4384288787841797
12.1999999999999229,124.5999999999993406,8.6809682846069336
12.1999999999999229,124.6999999999993349,7.8888092041015625
12.1999999999999229,124.7999999999993292,7.3789706230163574
12.1999999999999229,124.8999999999993236,7.2834024429321289
12.1999999999999229,124.9999999999993179,8.0324029922485352
12.1999999999999229,125.0999999999993122,8.9546394348144531
12.1999999999999229,125.1999999999993065,10.4808473587036133
12.1999999999999229,125.2999999999993008,12.7773504257202148
12.1999999999999229,125.3999999999992951,15.0937118530273438
12.1999999999999229,125.4999999999992895,16.5034008026123047
12.0999999999999233,119.9999999999996021,19.7779979705810547
12.0999999999999233,120.0999999999995964,20.5073661804199219
12.0999999999999233,120.1999999999995907,20.5113334655761719
12.0999999999999233,120.2999999999995850,20.4747600555419922
12.0999999999999233,123.2999999999994145,17.9849567413330078
12.0999999999999233,123.6999999999993918,16.0153923034667969
12.0999999999999233,123.7999999999993861,16.6338176727294922
12.0999999999999233,123.8999999999993804,18.5782928466796875
12.0999999999999233,124.4999999999993463,14.4812259674072266
12.0999999999999233,124.5999999999993406,11.5283546447753906
12.0999999999999233,124.6999999999993349,10.1938190460205078
12.0999999999999233,124.7999999999993292,9.0848302841186523
12.0999999999999233,124.8999999999993236,8.1961154937744141
12.0999999999999233,124.9999999999993179,8.2236042022705078
12.0999999999999233,125.0999999999993122,8.3173494338989258
12.0999999999999233,125.1999999999993065,9.1688919067382812
12.0999999999999233,125.2999999999993008,11.0063962936401367
12.0999999999999233,125.3999999999992951,12.8467712402343750
11.9999999999999236,123.1999999999994202,21.6088447570800781
11.9999999999999236,123.7999999999993861,18.8915634155273438
11.9999999999999236,123.8999999999993804,20.1052207946777344
11.9999999999999236,123.9999999999993747,21.9699001312255859
11.9999999999999236,124.6999999999993349,11.9095392227172852
11.9999999999999236,124.7999999999993292,10.8292188644409180
11.9999999999999236,124.8999999999993236,9.3942251205444336
11.9999999999999236,124.9999999999993179,8.7914161682128906
11.9999999999999236,125.0999999999993122,8.2355337142944336
11.9999999999999236,125.1999999999993065,8.4640455245971680
11.9999999999999236,125.2999999999993008,9.5427112579345703
11.9999999999999236,125.3999999999992951,11.2870712280273438
11.8999999999999240,121.9999999999994884,22.7148246765136719
11.8999999999999240,123.7999999999993861,20.5209121704101562
11.8999999999999240,123.8999999999993804,21.1742000579833984
11.8999999999999240,123.9999999999993747,22.3916358947753906
11.8999999999999240,124.7999999999993292,12.7571268081665039
11.8999999999999240,124.8999999999993236,11.1153783798217773
11.8999999999999240,124.9999999999993179,9.9036540985107422
11.8999999999999240,125.0999999999993122,8.7508687973022461
11.8999999999999240,125.1999999999993065,8.3463430404663086
11.8999999999999240,125.2999999999993008,8.9617815017700195
11.7999999999999243,121.8999999999994941,23.6764049530029297
11.7999999999999243,121.9999999999994884,23.2343635559082031
11.7999999999999243,122.0999999999994827,22.5172309875488281
11.7999999999999243,122.1999999999994770,20.5131893157958984
11.7999999999999243,124.2999999999993577,21.4115657806396484
11.7999999999999243,124.8999999999993236,13.5387544631958008
11.7999999999999243,124.9999999999993179,11.6019449234008789
11.7999999999999243,125.0999999999993122,9.7863330841064453
11.7999999999999243,125.1999999999993065,8.8887462615966797
11.7999999999999243,125.2999999999993008,9.1095504760742188
11.7999999999999243,125.3999999999992951,9.6824054718017578
11.6999999999999247,119.9999999999996021,18.2007427215576172
11.6999999999999247,122.0999999999994827,21.8465023040771484
11.6999999999999247,122.1999999999994770,19.7809600830078125
11.6999999999999247,122.2999999999994714,18.0768623352050781
11.6999999999999247,122.3999999999994657,17.5972805023193359
11.6999999999999247,124.9999999999993179,13.0345220565795898
11.6999999999999247,125.0999999999993122,10.9539861679077148
11.6999999999999247,125.1999999999993065,9.4496412277221680
11.6999999999999247,125.2999999999993008,9.3258428573608398
11.6999999999999247,125.3999999999992951,9.2164554595947266
11.5999999999999250,122.1999999999994770,17.1852111816406250
11.5999999999999250,122.2999999999994714,15.3015489578247070
11.5999999999999250,122.6999999999994486,18.4618816375732422
11.5999999999999250,124.4999999999993463,21.4307785034179688
11.5999999999999250,125.0999999999993122,11.2859601974487305
11.5999999999999250,125.1999999999993065,9.9232234954833984
11.5999999999999250,125.2999999999993008,9.5128917694091797
11.5999999999999250,125.3999999999992951,9.1313695907592773
11.4999999999999254,122.0999999999994827,15.2389984130859375
11.4999999999999254,122.1999999999994770,13.6078510284423828
11.4999999999999254,122.2999999999994714,12.0683279037475586
11.4999999999999254,122.3999999999994657,12.2458152770996094
11.4999999999999254,122.4999999999994600,13.7315740585327148
11.4999999999999254,122.5999999999994543,15.6471939086914062
11.4999999999999254,122.6999999999994486,16.7476749420166016
11.4999999999999254,122.7999999999994429,17.6794052124023438
11.4999999999999254,123.0999999999994259,22.0695056915283203
11.4999999999999254,124.3999999999993520,21.9579620361328125
11.4999999999999254,124.4999999999993463,20.7893543243408203
11.4999999999999254,124.8999999999993236,13.3619308471679688
11.4999999999999254,124.9999999999993179,12.4766149520874023
11.4999999999999254,125.0999999999993122,11.1726179122924805
11.4999999999999254,125.1999999999993065,10.3095483779907227
11.4999999999999254,125.2999999999993008,9.9602241516113281
11.4999999999999254,125.3999999999992951,9.6204061508178711
11.4999999999999254,125.4999999999992895,10.9656524658203125
11.3999999999999257,122.0999999999994827,12.5896148681640625
11.3999999999999257,122.1999999999994770,10.3463163375854492
11.3999999999999257,122.2999999999994714,8.9518518447875977
11.3999999999999257,122.3999999999994657,9.4669752120971680
11.3999999999999257,122.4999999999994600,11.4898328781127930
11.3999999999999257,122.5999999999994543,13.6121463775634766
11.3999999999999257,122.6999999999994486,14.2939348220825195
11.3999999999999257,122.7999999999994429,14.9994726181030273
11.3999999999999257,122.8999999999994373,16.3346023559570312
11.3999999999999257,122.9999999999994316,18.9685268402099609
11.3999999999999257,123.0999999999994259,22.1907329559326172
11.3999999999999257,124.2999999999993577,22.4955692291259766
11.3999999999999257,124.3999999999993520,21.4815464019775391
11.3999999999999257,124.4999999999993463,20.1484298706054688
11.3999999999999257,124.8999999999993236,12.0991773605346680
11.3999999999999257,124.9999999999993179,11.6331968307495117
11.3999999999999257,125.0999999999993122,11.1924114227294922
11.3999999999999257,125.1999999999993065,10.8474502563476562
11.3999999999999257,125.2999999999993008,10.4917764663696289
11.3999999999999257,125.3999999999992951,10.2174139022827148
11.3999999999999257,125.4999999999992895,12.4470815658569336
11.2999999999999261,119.4999999999996305,12.8975038528442383
11.2999999999999261,122.0999999999994827,10.7978897094726562
11.2999999999999261,122.1999999999994770,8.8986225128173828
11.2999999999999261,122.2999999999994714,7.7897181510925293
11.2999999999999261,122.3999999999994657,8.4147558212280273
11.2999999999999261,122.4999999999994600,10.4683008193969727
11.2999999999999261,122.5999999999994543,12.6645593643188477
11.2999999999999261,122.6999999999994486,12.6490659713745117
11.2999999999999261,122.7999999999994429,13.1004714965820312
11.2999999999999261,122.8999999999994373,14.2864685058593750
11.2999999999999261,122.9999999999994316,17.0515460968017578
11.2999999999999261,123.0999999999994259,19.9556922912597656
11.2999999999999261,124.3999999999993520,19.4554252624511719
11.2999999999999261,124.4999999999993463,17.6982879638671875
11.2999999999999261,124.5999999999993406,15.3471469879150391
11.2999999999999261,124.6999999999993349,13.0310487747192383
11.2999999999999261,124.7999999999993292,11.4380283355712891
11.2999999999999261,124.8999999999993236,10.2234296798706055
11.2999999999999261,125.1999999999993065,12.0080814361572266
11.2999999999999261,125.2999999999993008,11.4536390304565430
11.2999999999999261,125.3999999999992951,12.6398344039916992
11.2999999999999261,125.4999999999992895,14.6524963378906250
11.1999999999999265,119.4999999999996305,10.7724790573120117
11.1999999999999265,122.0999999999994827,10.6825990676879883
11.1999999999999265,122.1999999999994770,8.6583890914916992
11.1999999999999265,122.2999999999994714,7.4633865356445312
11.1999999999999265,122.3999999999994657,8.1440992355346680
11.1999999999999265,122.4999999999994600,10.1032733917236328
11.1999999999999265,122.5999999999994543,12.1395750045776367
11.1999999999999265,122.6999999999994486,12.1965703964233398
11.1999999999999265,122.7999999999994429,11.9064168930053711
11.1999999999999265,122.8999999999994373,12.5376405715942383
11.1999999999999265,122.9999999999994316,15.0376844406127930
11.1999999999999265,123.7999999999993861,25.5212192535400391
11.1999999999999265,123.9999999999993747,22.4961853027343750
11.1999999999999265,124.3999999999993520,17.2389202117919922
11.1999999999999265,124.4999999999993463,14.5299673080444336
11.1999999999999265,124.5999999999993406,12.1302633285522461
11.1999999999999265,124.6999999999993349,10.2604093551635742
11.1999999999999265,124.7999999999993292,8.6626043319702148
11.1999999999999265,124.8999999999993236,8.2504844665527344
11.1999999999999265,124.9999999999993179,9.9654378890991211
11.1999999999999265,125.1999999999993065,13.7647094726562500
11.1999999999999265,125.2999999999993008,14.9811429977416992
11.1999999999999265,125.3999999999992951,16.0824928283691406
11.1999999999999265,125.4999999999992895,17.3511486053466797
11.0999999999999268,119.4999999999996305,9.1417760848999023
11.0999999999999268,122.0999999999994827,11.5277194976806641
11.0999999999999268,122.1999999999994770,8.6988773345947266
11.0999999999999268,122.2999999999994714,7.4753327369689941
11.0999999999999268,122.3999999999994657,7.9028000831604004
11.0999999999999268,122.4999999999994600,9.8113851547241211
11.0999999999999268,122.5999999999994543,11.7766914367675781
11.0999999999999268,122.6999999999994486,11.0993375778198242
11.0999999999999268,122.7999999999994429,10.3119163513183594
11.0999999999999268,122.8999999999994373,11.6237859725952148
11.0999999999999268,124.3999999999993520,15.0685272216796875
11.0999999999999268,124.4999999999993463,12.8466186523437500
11.0999999999999268,124.5999999999993406,10.1095228195190430
11.0999999999999268,124.6999999999993349,7.7580871582031250
11.0999999999999268,124.7999999999993292,6.4245390892028809
11.0999999999999268,124.8999999999993236,6.8127861022949219
11.0999999999999268,124.9999999999993179,9.8725490570068359
11.0999999999999268,125.4999999999992895,19.0289421081542969
10.9999999999999272,119.3999999999996362,10.2092123031616211
10.9999999999999272,122.0999999999994827,10.7036647796630859
10.9999999999999272,122.1999999999994770,8.4866809844970703
10.9999999999999272,122.2999999999994714,7.0184502601623535
10.9999999999999272,122.3999999999994657,6.9070734977722168
10.9999999999999272,122.4999999999994600,8.0584020614624023
10.9999999999999272,122.5999999999994543,9.8314266204833984
10.9999999999999272,122.6999999999994486,10.5366725921630859
10.9999999999999272,122.7999999999994429,11.1222324371337891
10.9999999999999272,123.9999999999993747,22.2952251434326172
10.9999999999999272,124.4999999999993463,13.5422687530517578
10.9999999999999272,124.5999999999993406,11.0011434555053711
10.9999999999999272,124.6999999999993349,8.6129713058471680
10.9999999999999272,124.7999999999993292,6.3889570236206055
10.9999999999999272,124.8999999999993236,6.2812967300415039
10.9999999999999272,124.9999999999993179,10.6207895278930664
10.8999999999999275,119.3999999999996362,9.8370170593261719
10.8999999999999275,119.4999999999996305,8.0716485977172852
10.8999999999999275,121.9999999999994884,12.4563188552856445
10.8999999999999275,122.0999999999994827,10.3627738952636719
10.8999999999999275,122.1999999999994770,8.5951671600341797
10.8999999999999275,122.2999999999994714,7.7801957130432129
10.8999999999999275,122.3999999999994657,9.0754833221435547
10.8999999999999275,122.4999999999994600,10.2083473205566406
10.8999999999999275,122.5999999999994543,11.3281593322753906
10.8999999999999275,122.6999999999994486,12.5679454803466797
10.8999999999999275,123.1999999999994202,9.0963926315307617
10.8999999999999275,123.2999999999994145,10.9954605102539062
10.8999999999999275,123.3999999999994088,13.1704711914062500
10.8999999999999275,123.9999999999993747,22.5873622894287109
10.8999999999999275,124.4999999999993463,14.1168899536132812
10.8999999999999275,124.7999999999993292,7.8626046180725098
10.8999999999999275,124.8999999999993236,7.5032052993774414
10.8999999999999275,124.9999999999993179,11.0723447799682617
10.7999999999999279,119.2999999999996419,13.1652402877807617
10.7999999999999279,119.3999999999996362,11.3133449554443359
10.7999999999999279,119.4999999999996305,7.4481291770935059
10.7999999999999279,121.9999999999994884,14.9778614044189453
10.7999999999999279,122.0999999999994827,12.9619007110595703
10.7999999999999279,122.1999999999994770,11.9657802581787109
10.7999999999999279,122.2999999999994714,11.8979167938232422
10.7999999999999279,122.3999999999994657,12.8980712890625000
10.7999999999999279,122.4999999999994600,13.6819677352905273
10.7999999999999279,122.9999999999994316,14.8630170822143555
10.7999999999999279,123.0999999999994259,10.9460477828979492
10.7999999999999279,123.1999999999994202,7.4241981506347656
10.7999999999999279,123.2999999999994145,8.5294876098632812
10.7999999999999279,123.3999999999994088,11.0144109725952148
10.7999999999999279,123.4999999999994031,13.1832170486450195
10.7999999999999279,123.8999999999993804,19.5112380981445312
10.7999999999999279,123.9999999999993747,21.5206604003906250
10.7999999999999279,124.8999999999993236,8.6757764816284180
10.6999999999999282,119.3999999999996362,10.2482252120971680
10.6999999999999282,119.4999999999996305,8.2501392364501953
10.6999999999999282,119.5999999999996248,9.1005258560180664
10.6999999999999282,121.9999999999994884,15.3149862289428711
10.6999999999999282,122.0999999999994827,13.6342487335205078
10.6999999999999282,122.1999999999994770,13.6460905075073242
10.6999999999999282,122.2999999999994714,13.7477369308471680
10.6999999999999282,122.3999999999994657,14.3437795639038086
10.6999999999999282,122.4999999999994600,14.6239080429077148
10.6999999999999282,122.5999999999994543,14.9363145828247070
10.6999999999999282,122.6999999999994486,14.9036865234375000
10.6999999999999282,122.9999999999994316,13.7109088897705078
10.6999999999999282,123.0999999999994259,9.6483564376831055
10.6999999999999282,123.1999999999994202,6.9321379661560059
10.6999999999999282,123.2999999999994145,7.6755614280700684
10.6999999999999282,123.3999999999994088,10.4314622879028320
10.6999999999999282,123.4999999999994031,12.2886009216308594
10.6999999999999282,123.8999999999993804,18.1310482025146484
10.6999999999999282,124.7999999999993292,8.7069263458251953
10.6999999999999282,124.8999999999993236,8.0051527023315430
10.6999999999999282,124.9999999999993179,10.0338945388793945
10.6999999999999282,125.7999999999992724,19.6871128082275391
10.5999999999999286,119.3999999999996362,10.7236986160278320
10.5999999999999286,119.4999999999996305,8.6600446701049805
10.5999999999999286,119.5999999999996248,9.5296745300292969
10.5999999999999286,119.7999999999996135,15.0704851150512695
10.5999999999999286,119.8999999999996078,15.9920339584350586
10.5999999999999286,121.9999999999994884,16.4028511047363281
10.5999999999999286,122.4999999999994600,18.4159526824951172
10.5999999999999286,122.5999999999994543,17.2592678070068359
10.5999999999999286,122.6999999999994486,16.3716335296630859
10.5999999999999286,122.8999999999994373,14.0285863876342773
10.5999999999999286,122.9999999999994316,11.9928407669067383
10.5999999999999286,123.0999999999994259,8.3701047897338867
10.5999999999999286,123.1999999999994202,6.1550478935241699
10.5999999999999286,123.2999999999994145,8.3200864791870117
10.5999999999999286,123.3999999999994088,11.1720266342163086
10.5999999999999286,123.6999999999993918,13.4916915893554688
10.5999999999999286,123.7999999999993861,15.0369796752929688
10.5999999999999286,123.8999999999993804,17.3880767822265625
10.5999999999999286,123.9999999999993747,19.4475078582763672
10.5999999999999286,124.7999999999993292,8.3735685348510742
10.5999999999999286,124.8999999999993236,7.5843400955200195
10.5999999999999286,124.9999999999993179,8.4821348190307617
10.5999999999999286,125.0999999999993122,9.7849531173706055
10.4999999999999289,119.2999999999996419,12.1193456649780273
10.4999999999999289,119.3999999999996362,10.5659818649291992
10.4999999999999289,119.4999999999996305,9.1950626373291016
10.4999999999999289,119.5999999999996248,9.9234771728515625
10.4999999999999289,119.7999999999996135,14.7398271560668945
10.4999999999999289,119.8999999999996078,15.6621065139770508
10.4999999999999289,121.9999999999994884,17.5141162872314453
10.4999999999999289,122.4999999999994600,20.2305221557617188
10.4999999999999289,122.5999999999994543,19.3561954498291016
10.4999999999999289,122.6999999999994486,17.9456443786621094
10.4999999999999289,122.7999999999994429,14.7772674560546875
10.4999999999999289,122.8999999999994373,13.3520860671997070
10.4999999999999289,122.9999999999994316,10.4293289184570312
10.4999999999999289,123.0999999999994259,7.5102882385253906
10.4999999999999289,123.1999999999994202,7.2772951126098633
10.4999999999999289,123.2999999999994145,9.6735515594482422
10.4999999999999289,123.3999999999994088,12.0950660705566406
10.4999999999999289,123.7999999999993861,14.0371704101562500
10.4999999999999289,123.8999999999993804,17.0108966827392578
10.4999999999999289,123.9999999999993747,20.6012401580810547
10.4999999999999289,124.7999999999993292,10.0775642395019531
10.4999999999999289,124.8999999999993236,7.5820741653442383
10.4999999999999289,124.9999999999993179,7.7957038879394531
10.4999999999999289,125.0999999999993122,8.5547389984130859
10.3999999999999293,119.0999999999996533,8.7787971496582031
10.3999999999999293,119.1999999999996476,9.6643953323364258
10.3999999999999293,119.2999999999996419,9.9378957748413086
10.3999999999999293,119.3999999999996362,9.8210353851318359
10.3999999999999293,119.4999999999996305,9.8930587768554688
10.3999999999999293,122.8999999999994373,10.7415914535522461
10.3999999999999293,122.9999999999994316,8.7027025222778320
10.3999999999999293,123.0999999999994259,7.3186349868774414
10.3999999999999293,123.1999999999994202,7.0405373573303223
10.3999999999999293,123.2999999999994145,9.3067483901977539
10.3999999999999293,123.6999999999993918,12.2560644149780273
10.3999999999999293,123.7999999999993861,13.8406286239624023
10.3999999999999293,123.8999999999993804,16.8738727569580078
10.3999999999999293,123.9999999999993747,19.4315872192382812
10.3999999999999293,124.7999999999993292,11.0054883956909180
10.3999999999999293,124.8999999999993236,8.6698617935180664
10.3999999999999293,124.9999999999993179,8.7397851943969727
10.3999999999999293,125.0999999999993122,9.3466634750366211
10.3999999999999293,125.1999999999993065,11.9496831893920898
10.3999999999999293,125.5999999999992838,21.4013156890869141
10.2999999999999297,118.9999999999996589,6.5172562599182129
10.2999999999999297,119.0999999999996533,6.8555445671081543
10.2999999999999297,119.1999999999996476,7.2713036537170410
10.2999999999999297,119.2999999999996419,7.5927195549011230
10.2999999999999297,122.8999999999994373,9.6733274459838867
10.2999999999999297,122.9999999999994316,8.8103456497192383
10.2999999999999297,123.0999999999994259,8.0169649124145508
10.2999999999999297,123.1999999999994202,8.1256361007690430
10.2999999999999297,123.2999999999994145,9.7434120178222656
10.2999999999999297,123.5999999999993975,12.4906902313232422
10.2999999999999297,123.6999999999993918,12.2203836441040039
10.2999999999999297,123.7999999999993861,13.8063430786132812
10.2999999999999297,124.7999999999993292,12.4399175643920898
10.2999999999999297,124.8999999999993236,9.8546857833862305
10.2999999999999297,125.0999999999993122,10.3844041824340820
10.2999999999999297,125.1999999999993065,12.6067495346069336
10.2999999999999297,125.5999999999992838,22.2261486053466797
10.1999999999999300,118.7999999999996703,8.1695423126220703
10.1999999999999300,118.9999999999996589,6.5245280265808105
10.1999999999999300,119.0999999999996533,6.9816908836364746
10.1999999999999300,119.1999999999996476,7.4302458763122559
10.1999999999999300,122.8999999999994373,8.6449995040893555
10.1999999999999300,122.9999999999994316,8.1855840682983398
10.1999999999999300,123.0999999999994259,7.8814578056335449
10.1999999999999300,123.1999999999994202,8.0357494354248047
10.1999999999999300,123.2999999999994145,9.4413928985595703
10.1999999999999300,123.5999999999993975,12.2644643783569336
10.1999999999999300,123.6999999999993918,12.4434556961059570
10.1999999999999300,124.8999999999993236,13.2482938766479492
10.1999999999999300,125.5999999999992838,21.8838081359863281
10.0999999999999304,118.8999999999996646,8.4013843536376953
10.0999999999999304,118.9999999999996589,8.6134214401245117
10.0999999999999304,119.0999999999996533,9.1449842453002930
10.0999999999999304,119.1999999999996476,9.5947628021240234
10.0999999999999304,122.8999999999994373,6.7541894912719727
10.0999999999999304,122.9999999999994316,6.7684860229492188
10.0999999999999304,123.0999999999994259,6.8781852722167969
10.0999999999999304,123.1999999999994202,7.0736002922058105
10.0999999999999304,123.4999999999994031,10.4543733596801758
10.0999999999999304,123.5999999999993975,11.2054395675659180
10.0999999999999304,124.1999999999993634,18.4406738281250000
10.0999999999999304,124.2999999999993577,19.6149196624755859
10.0999999999999304,124.3999999999993520,21.1064167022705078
10.0999999999999304,125.1999999999993065,20.2046012878417969
10.0999999999999304,125.5999999999992838,22.7810306549072266
9.9999999999999307,118.7999999999996703,8.4287672042846680
9.9999999999999307,118.8999999999996646,9.4510259628295898
9.9999999999999307,118.9999999999996589,10.3077802658081055
9.9999999999999307,119.0999999999996533,10.8065128326416016
9.9999999999999307,122.7999999999994429,6.8299136161804199
9.9999999999999307,122.8999999999994373,5.4323048591613770
9.9999999999999307,122.9999999999994316,5.4770908355712891
9.9999999999999307,123.0999999999994259,5.9720702171325684
9.9999999999999307,123.1999999999994202,6.3805255889892578
9.9999999999999307,123.3999999999994088,8.2942304611206055
9.9999999999999307,123.4999999999994031,9.1122694015502930
9.9999999999999307,123.5999999999993975,10.3451766967773438
9.9999999999999307,124.0999999999993690,15.0856494903564453
9.9999999999999307,124.1999999999993634,15.9419250488281250
9.9999999999999307,124.2999999999993577,17.0441970825195312
9.9999999999999307,124.3999999999993520,19.8417835235595703
9.9999999999999307,124.4999999999993463,23.9836654663085938
9.9999999999999307,125.1999999999993065,23.4451637268066406
9.9999999999999307,125.5999999999992838,23.9917964935302734
9.8999999999999311,118.5999999999996817,6.8271822929382324
9.8999999999999311,118.6999999999996760,6.7070932388305664
9.8999999999999311,122.3999999999994657,14.7594833374023438
9.8999999999999311,122.4999999999994600,12.3643751144409180
9.8999999999999311,122.5999999999994543,9.6112632751464844
9.8999999999999311,122.6999999999994486,7.5911841392517090
9.8999999999999311,122.7999999999994429,6.2102389335632324
9.8999999999999311,122.8999999999994373,5.1544175148010254
9.8999999999999311,122.9999999999994316,5.3293414115905762
9.8999999999999311,123.0999999999994259,6.1010122299194336
9.8999999999999311,123.3999999999994088,7.6990623474121094
9.8999999999999311,123.4999999999994031,8.4740600585937500
9.8999999999999311,123.5999999999993975,10.0939931869506836
9.8999999999999311,123.8999999999993804,13.4372282028198242
9.8999999999999311,123.9999999999993747,13.0633163452148438
9.8999999999999311,124.0999999999993690,13.2247924804687500
9.8999999999999311,124.1999999999993634,13.8675327301025391
9.8999999999999311,124.2999999999993577,14.6604404449462891
9.8999999999999311,124.3999999999993520,17.5125102996826172
9.8999999999999311,124.4999999999993463,21.7214546203613281
9.8999999999999311,125.5999999999992838,21.7800655364990234
9.8999999999999311,125.9999999999992610,23.4266204833984375
9.7999999999999314,118.5999999999996817,6.5874452590942383
9.7999999999999314,118.6999999999996760,5.4076967239379883
9.7999999999999314,122.4999999999994600,11.7759265899658203
9.7999999999999314,122.5999999999994543,9.0820245742797852
9.7999999999999314,122.6999999999994486,7.3543839454650879
9.7999999999999314,122.7999999999994429,6.1063628196716309
9.7999999999999314,122.8999999999994373,5.4799723625183105
9.7999999999999314,122.9999999999994316,6.1122717857360840
9.7999999999999314,123.0999999999994259,6.9327635765075684
9.7999999999999314,123.3999999999994088,7.6627993583679199
9.7999999999999314,123.4999999999994031,7.9118475914001465
9.7999999999999314,123.8999999999993804,12.9632177352905273
9.7999999999999314,123.9999999999993747,12.0719976425170898
9.7999999999999314,124.0999999999993690,12.0168485641479492
9.7999999999999314,124.1999999999993634,12.4663991928100586
9.7999999999999314,124.2999999999993577,13.1878652572631836
9.7999999999999314,124.3999999999993520,15.9774694442749023
9.7999999999999314,124.4999999999993463,21.4617938995361328
9.7999999999999314,125.9999999999992610,23.3693294525146484
9.7999999999999314,126.0999999999992554,23.4788246154785156
9.6999999999999318,118.3999999999996930,9.2759981155395508
9.6999999999999318,118.4999999999996874,7.6178259849548340
9.6999999999999318,118.5999999999996817,5.9768671989440918
9.6999999999999318,118.6999999999996760,5.1275191307067871
9.6999999999999318,122.4999999999994600,11.3367795944213867
9.6999999999999318,122.5999999999994543,9.0261907577514648
9.6999999999999318,122.6999999999994486,7.3903856277465820
9.6999999999999318,122.7999999999994429,6.3051247596740723
9.6999999999999318,122.8999999999994373,6.0198345184326172
9.6999999999999318,122.9999999999994316,6.9531283378601074
9.6999999999999318,123.0999999999994259,8.1988477706909180
9.6999999999999318,123.3999999999994088,7.8379411697387695
9.6999999999999318,123.8999999999993804,12.7976484298706055
9.6999999999999318,123.9999999999993747,11.9878873825073242
9.6999999999999318,124.0999999999993690,11.8791494369506836
9.6999999999999318,124.1999999999993634,12.1609039306640625
9.6999999999999318,124.2999999999993577,12.5290164947509766
9.6999999999999318,124.3999999999993520,15.1524763107299805
9.6999999999999318,125.4999999999992895,14.3534040451049805
9.5999999999999321,118.3999999999996930,8.0480403900146484
9.5999999999999321,118.4999999999996874,6.7603883743286133
9.5999999999999321,118.5999999999996817,5.5799922943115234
9.5999999999999321,118.6999999999996760,4.8545684814453125
9.5999999999999321,122.4999999999994600,11.5925750732421875
9.5999999999999321,122.5999999999994543,10.3451623916625977
9.5999999999999321,122.6999999999994486,8.3821954727172852
9.5999999999999321,122.7999999999994429,7.0234613418579102
9.5999999999999321,122.8999999999994373,6.3208055496215820
9.5999999999999321,122.9999999999994316,6.4463744163513184
9.5999999999999321,123.0999999999994259,7.2981805801391602
9.5999999999999321,123.2999999999994145,8.2269763946533203
9.5999999999999321,123.3999999999994088,8.1007795333862305
9.5999999999999321,123.7999999999993861,14.6773786544799805
9.5999999999999321,125.3999999999992951,12.7962427139282227
9.5999999999999321,125.4999999999992895,10.3415441513061523
9.5999999999999321,125.5999999999992838,9.8415079116821289
9.5999999999999321,125.6999999999992781,12.0090360641479492
9.4999999999999325,118.2999999999996987,7.5061926841735840
9.4999999999999325,118.3999999999996930,6.4669656753540039
9.4999999999999325,118.4999999999996874,5.8564653396606445
9.4999999999999325,118.5999999999996817,5.5253844261169434
9.4999999999999325,122.5999999999994543,11.9694490432739258
9.4999999999999325,122.6999999999994486,9.8963022232055664
9.4999999999999325,122.7999999999994429,8.0712261199951172
9.4999999999999325,122.8999999999994373,6.7937293052673340
9.4999999999999325,122.9999999999994316,6.1411261558532715
9.4999999999999325,123.0999999999994259,6.1607718467712402
9.4999999999999325,123.3999999999994088,8.8254861831665039
9.4999999999999325,125.4999999999992895,13.1485309600830078
9.4999999999999325,125.5999999999992838,8.9729261398315430
9.4999999999999325,125.6999999999992781,6.8895707130432129
9.4999999999999325,125.7999999999992724,8.8839788436889648
9.3999999999999329,118.1999999999997044,7.3357939720153809
9.3999999999999329,118.2999999999996987,6.6080765724182129
9.3999999999999329,118.3999999999996930,5.8421435356140137
9.3999999999999329,118.4999999999996874,5.6827077865600586
9.3999999999999329,122.7999999999994429,9.3791790008544922
9.3999999999999329,122.8999999999994373,7.5904192924499512
9.3999999999999329,122.9999999999994316,6.4535346031188965
9.3999999999999329,123.0999999999994259,5.4619078636169434
9.3999999999999329,123.1999999999994202,6.2706885337829590
9.3999999999999329,125.5999999999992838,10.0987424850463867
9.3999999999999329,125.6999999999992781,5.7917094230651855
9.3999999999999329,125.7999999999992724,6.0329484939575195
9.3999999999999329,125.8999999999992667,7.1902389526367188
9.2999999999999332,118.0999999999997101,7.7393112182617188
9.2999999999999332,118.1999999999997044,7.4918031692504883
9.2999999999999332,118.2999999999996987,7.1350708007812500
9.2999999999999332,118.3999999999996930,6.5850105285644531
9.2999999999999332,122.8999999999994373,8.8016824722290039
9.2999999999999332,122.9999999999994316,7.3075747489929199
9.2999999999999332,123.0999999999994259,5.9216251373291016
9.2999999999999332,123.1999999999994202,5.5224685668945312
9.2999999999999332,123.2999999999994145,7.4780550003051758
9.2999999999999332,125.5999999999992838,8.8782243728637695
9.2999999999999332,125.6999999999992781,5.2536115646362305
9.2999999999999332,125.7999999999992724,4.9188036918640137
9.2999999999999332,125.8999999999992667,5.7799601554870605
9.1999999999999336,117.8999999999997215,6.0151605606079102
9.1999999999999336,117.9999999999997158,6.8242487907409668
9.1999999999999336,118.0999999999997101,7.4129028320312500
9.1999999999999336,118.1999999999997044,7.6988930702209473
9.1999999999999336,122.8999999999994373,11.0939435958862305
9.1999999999999336,122.9999999999994316,8.7280254364013672
9.1999999999999336,123.0999999999994259,6.5630297660827637
9.1999999999999336,123.1999999999994202,5.6961917877197266
9.1999999999999336,123.4999999999994031,13.0708131790161133
9.1999999999999336,123.5999999999993975,14.4400119781494141
9.1999999999999336,124.6999999999993349,24.7956771850585938
9.1999999999999336,124.7999999999993292,24.6923484802246094
9.1999999999999336,125.5999999999992838,8.9752149581909180
9.1999999999999336,125.6999999999992781,5.0774703025817871
9.1999999999999336,125.7999999999992724,4.2652664184570312
9.1999999999999336,125.8999999999992667,4.4073281288146973
9.1999999999999336,125.9999999999992610,4.9534392356872559
9.1999999999999336,126.0999999999992554,7.1757631301879883
9.0999999999999339,117.7999999999997272,4.9425716400146484
9.0999999999999339,117.8999999999997215,4.9702281951904297
9.0999999999999339,117.9999999999997158,5.9905343055725098
9.0999999999999339,122.9999999999994316,10.3357009887695312
9.0999999999999339,123.0999999999994259,7.7732858657836914
9.0999999999999339,123.5999999999993975,14.1142272949218750
9.0999999999999339,125.5999999999992838,8.0707492828369141
9.0999999999999339,125.6999999999992781,5.1471209526062012
9.0999999999999339,125.7999999999992724,4.1279044151306152
9.0999999999999339,125.8999999999992667,4.1047191619873047
9.0999999999999339,125.9999999999992610,5.0438742637634277
9.0999999999999339,126.0999999999992554,6.9137802124023438
8.9999999999999343,117.5999999999997385,5.3995318412780762
8.9999999999999343,117.6999999999997328,4.7921948432922363
8.9999999999999343,117.7999999999997272,4.0692095756530762
8.9999999999999343,117.8999999999997215,4.3242835998535156
8.9999999999999343,117.9999999999997158,5.3047428131103516
8.9999999999999343,125.2999999999993008,8.4524888992309570
8.9999999999999343,125.3999999999992951,8.2170305252075195
8.9999999999999343,125.5999999999992838,6.4671363830566406
8.9999999999999343,125.6999999999992781,4.4200263023376465
8.9999999999999343,125.7999999999992724,3.6799519062042236
8.9999999999999343,125.8999999999992667,3.5402085781097412
8.9999999999999343,125.9999999999992610,4.5524897575378418
8.9999999999999343,126.0999999999992554,6.1807336807250977
8.9999999999999343,126.1999999999992497,8.1237783432006836
8.8999999999999346,117.4999999999997442,4.8170661926269531
8.8999999999999346,117.5999999999997385,4.1493864059448242
8.8999999999999346,117.6999999999997328,3.4665272235870361
8.8999999999999346,117.7999999999997272,3.2114160060882568
8.8999999999999346,117.8999999999997215,3.6859071254730225
8.8999999999999346,117.9999999999997158,4.6438274383544922
8.8999999999999346,124.7999999999993292,11.3632879257202148
8.8999999999999346,124.8999999999993236,9.3031616210937500
8.8999999999999346,124.9999999999993179,7.8999381065368652
8.8999999999999346,125.1999999999993065,5.7619185447692871
8.8999999999999346,125.2999999999993008,5.3989992141723633
8.8999999999999346,125.3999999999992951,5.4437828063964844
8.8999999999999346,125.4999999999992895,5.1744275093078613
8.8999999999999346,125.5999999999992838,4.4817309379577637
8.8999999999999346,125.6999999999992781,3.8637359142303467
8.8999999999999346,125.7999999999992724,3.3231933116912842
8.8999999999999346,125.8999999999992667,3.0676190853118896
8.8999999999999346,125.9999999999992610,4.0329885482788086
8.8999999999999346,126.0999999999992554,5.4351797103881836
8.8999999999999346,126.1999999999992497,7.2185654640197754
8.8999999999999346,126.2999999999992440,8.9925432205200195
8.7999999999999350,117.4999999999997442,5.1351332664489746
8.7999999999999350,117.5999999999997385,4.7240328788757324
8.7999999999999350,117.6999999999997328,4.5635709762573242
8.7999999999999350,117.7999999999997272,4.2506308555603027
8.7999999999999350,117.8999999999997215,4.0650100708007812
8.7999999999999350,124.8999999999993236,6.7193961143493652
8.7999999999999350,124.9999999999993179,5.3108849525451660
8.7999999999999350,125.0999999999993122,4.2002120018005371
8.7999999999999350,125.1999999999993065,3.7292106151580811
8.7999999999999350,125.2999999999993008,3.0484800338745117
8.7999999999999350,125.3999999999992951,3.0433216094970703
8.7999999999999350,125.4999999999992895,3.2334060668945312
8.7999999999999350,125.5999999999992838,3.2952809333801270
8.7999999999999350,125.6999999999992781,3.3499915599822998
8.7999999999999350,125.7999999999992724,3.0763671398162842
8.7999999999999350,125.8999999999992667,2.9827744960784912
8.7999999999999350,125.9999999999992610,3.9136047363281250
8.7999999999999350,126.0999999999992554,5.5633754730224609
8.7999999999999350,126.1999999999992497,7.3470740318298340
8.7999999999999350,126.2999999999992440,8.2433586120605469
8.6999999999999353,117.3999999999997499,6.2609186172485352
8.6999999999999353,117.4999999999997442,6.5064749717712402
8.6999999999999353,117.5999999999997385,6.9444770812988281
8.6999999999999353,123.4999999999994031,11.3626070022583008
8.6999999999999353,124.7999999999993292,7.7202630043029785
8.6999999999999353,124.8999999999993236,5.1633028984069824
8.6999999999999353,124.9999999999993179,4.4215822219848633
8.6999999999999353,125.0999999999993122,4.0562639236450195
8.6999999999999353,125.1999999999993065,3.5448195934295654
8.6999999999999353,125.2999999999993008,2.7113347053527832
8.6999999999999353,125.3999999999992951,2.2360153198242188
8.6999999999999353,125.4999999999992895,2.2845971584320068
8.6999999999999353,125.5999999999992838,2.3676049709320068
8.6999999999999353,125.6999999999992781,2.6234819889068604
8.6999999999999353,125.7999999999992724,2.9180707931518555
8.6999999999999353,125.8999999999992667,3.3470005989074707
8.6999999999999353,125.9999999999992610,4.3828430175781250
8.6999999999999353,126.0999999999992554,6.2856469154357910
8.5999999999999357,117.3999999999997499,6.8736557960510254
8.5999999999999357,117.4999999999997442,7.7061433792114258
8.5999999999999357,123.3999999999994088,9.6182174682617188
8.5999999999999357,123.4999999999994031,9.5278501510620117
8.5999999999999357,123.5999999999993975,11.1734676361083984
8.5999999999999357,123.6999999999993918,13.1021680831909180
8.5999999999999357,124.7999999999993292,7.0271964073181152
8.5999999999999357,124.8999999999993236,4.3430891036987305
8.5999999999999357,124.9999999999993179,3.6704921722412109
8.5999999999999357,125.0999999999993122,3.9942460060119629
8.5999999999999357,125.1999999999993065,3.9672780036926270
8.5999999999999357,125.2999999999993008,3.1121220588684082
8.5999999999999357,125.3999999999992951,2.5625400543212891
8.5999999999999357,125.4999999999992895,2.1570682525634766
8.5999999999999357,125.5999999999992838,2.1954901218414307
8.5999999999999357,125.6999999999992781,2.6213858127593994
8.5999999999999357,125.7999999999992724,2.6432397365570068
8.5999999999999357,125.8999999999992667,3.7286713123321533
8.5999999999999357,125.9999999999992610,4.9970192909240723
8.5999999999999357,126.0999999999992554,7.1272482872009277
8.4999999999999361,117.1999999999997613,7.9873948097229004
8.4999999999999361,117.2999999999997556,7.2130165100097656
8.4999999999999361,117.3999999999997499,7.4307932853698730
8.4999999999999361,123.0999999999994259,10.6332750320434570
8.4999999999999361,123.2999999999994145,7.8969645500183105
8.4999999999999361,123.3999999999994088,7.4590034484863281
8.4999999999999361,123.4999999999994031,6.7284555435180664
8.4999999999999361,123.5999999999993975,8.3276395797729492
8.4999999999999361,123.6999999999993918,10.0774679183959961
8.4999999999999361,123.7999999999993861,10.1911535263061523
8.4999999999999361,124.2999999999993577,9.8150815963745117
8.4999999999999361,124.3999999999993520,10.6181850433349609
8.4999999999999361,124.4999999999993463,11.0478839874267578
8.4999999999999361,124.6999999999993349,7.4483895301818848
8.4999999999999361,124.7999999999993292,5.2995982170104980
8.4999999999999361,124.8999999999993236,3.1674792766571045
8.4999999999999361,124.9999999999993179,3.1037433147430420
8.4999999999999361,125.0999999999993122,3.6602363586425781
8.4999999999999361,125.1999999999993065,3.8237998485565186
8.4999999999999361,125.2999999999993008,3.2025825977325439
8.4999999999999361,125.3999999999992951,2.7875635623931885
8.4999999999999361,125.4999999999992895,2.2886126041412354
8.4999999999999361,125.5999999999992838,2.1826996803283691
8.4999999999999361,125.6999999999992781,2.6367471218109131
8.4999999999999361,125.7999999999992724,2.8324687480926514
8.4999999999999361,125.8999999999992667,3.1265842914581299
8.4999999999999361,125.9999999999992610,4.1813421249389648
8.4999999999999361,126.0999999999992554,6.2993273735046387
8.4999999999999361,126.1999999999992497,8.5448970794677734
8.4999999999999361,126.2999999999992440,10.7336606979370117
8.3999999999999364,123.0999999999994259,9.4007291793823242
8.3999999999999364,123.1999999999994202,8.3362045288085938
8.3999999999999364,123.2999999999994145,6.7108712196350098
8.3999999999999364,123.3999999999994088,5.7083721160888672
8.3999999999999364,123.4999999999994031,4.9890198707580566
8.3999999999999364,123.5999999999993975,5.4535784721374512
8.3999999999999364,123.6999999999993918,6.6320075988769531
8.3999999999999364,123.7999999999993861,7.4917817115783691
8.3999999999999364,124.2999999999993577,7.6062750816345215
8.3999999999999364,124.3999999999993520,7.6864867210388184
8.3999999999999364,124.4999999999993463,8.0669345855712891
8.3999999999999364,124.5999999999993406,8.2896804809570312
8.3999999999999364,124.6999999999993349,6.2198691368103027
8.3999999999999364,124.7999999999993292,4.1269278526306152
8.3999999999999364,124.8999999999993236,3.0853698253631592
8.3999999999999364,124.9999999999993179,3.1126024723052979
8.3999999999999364,125.0999999999993122,3.4592404365539551
8.3999999999999364,125.1999999999993065,3.5331623554229736
8.3999999999999364,125.2999999999993008,3.0940656661987305
8.3999999999999364,125.3999999999992951,2.8355767726898193
8.3999999999999364,125.4999999999992895,2.4998514652252197
8.3999999999999364,125.5999999999992838,2.4915566444396973
8.3999999999999364,125.6999999999992781,3.0098369121551514
8.3999999999999364,125.7999999999992724,3.3141369819641113
8.3999999999999364,125.8999999999992667,3.5036695003509521
8.3999999999999364,125.9999999999992610,3.7325000762939453
8.3999999999999364,126.0999999999992554,4.7650394439697266
8.3999999999999364,126.1999999999992497,6.6669344902038574
8.3999999999999364,126.2999999999992440,8.7630901336669922
8.2999999999999368,117.2999999999997556,11.3114280700683594
8.2999999999999368,122.9999999999994316,8.4003028869628906
8.2999999999999368,123.0999999999994259,7.7036833763122559
8.2999999999999368,123.1999999999994202,6.4778494834899902
8.2999999999999368,123.2999999999994145,5.0333228111267090
8.2999999999999368,123.3999999999994088,4.1689248085021973
8.2999999999999368,123.4999999999994031,3.6289222240447998
8.2999999999999368,123.5999999999993975,3.5353209972381592
8.2999999999999368,123.6999999999993918,4.0696887969970703
8.2999999999999368,123.7999999999993861,4.6351070404052734
8.2999999999999368,124.2999999999993577,5.0494627952575684
8.2999999999999368,124.3999999999993520,5.0026617050170898
8.2999999999999368,124.4999999999993463,5.3344607353210449
8.2999999999999368,124.5999999999993406,5.5873589515686035
8.2999999999999368,124.6999999999993349,4.2262225151062012
8.2999999999999368,124.7999999999993292,3.4352681636810303
8.2999999999999368,124.8999999999993236,3.2723827362060547
8.2999999999999368,124.9999999999993179,3.3782899379730225
8.2999999999999368,125.0999999999993122,3.6526780128479004
8.2999999999999368,125.1999999999993065,3.6687610149383545
8.2999999999999368,125.2999999999993008,3.1388769149780273
8.2999999999999368,125.3999999999992951,3.0949287414550781
8.2999999999999368,125.4999999999992895,2.9233605861663818
8.2999999999999368,125.5999999999992838,3.1001498699188232
8.2999999999999368,125.6999999999992781,3.6867237091064453
8.2999999999999368,125.7999999999992724,3.8602657318115234
8.2999999999999368,125.8999999999992667,3.8183829784393311
8.2999999999999368,125.9999999999992610,3.7765552997589111
8.2999999999999368,126.0999999999992554,4.3779788017272949
8.2999999999999368,126.1999999999992497,5.1550803184509277
8.2999999999999368,126.2999999999992440,6.8166122436523438
8.1999999999999371,122.9999999999994316,6.8167276382446289
8.1999999999999371,123.0999999999994259,5.8673667907714844
8.1999999999999371,123.1999999999994202,4.8452849388122559
8.1999999999999371,123.2999999999994145,3.8366723060607910
8.1999999999999371,123.3999999999994088,3.4097344875335693
8.1999999999999371,123.4999999999994031,3.3045594692230225
8.1999999999999371,123.5999999999993975,3.3725636005401611
8.1999999999999371,123.6999999999993918,3.6062576770782471
8.1999999999999371,123.7999999999993861,3.8372075557708740
8.1999999999999371,124.0999999999993690,4.8388738632202148
8.1999999999999371,124.1999999999993634,4.6811823844909668
8.1999999999999371,124.2999999999993577,4.7596111297607422
8.1999999999999371,124.3999999999993520,4.2914862632751465
8.1999999999999371,124.4999999999993463,3.9947948455810547
8.1999999999999371,124.5999999999993406,4.1801729202270508
8.1999999999999371,124.6999999999993349,3.0774581432342529
8.1999999999999371,124.7999999999993292,3.0218055248260498
8.1999999999999371,124.8999999999993236,3.2589898109436035
8.1999999999999371,124.9999999999993179,3.3803501129150391
8.1999999999999371,125.0999999999993122,3.5033555030822754
8.1999999999999371,125.1999999999993065,3.4388031959533691
8.1999999999999371,125.2999999999993008,3.1538619995117188
8.1999999999999371,125.3999999999992951,3.0245461463928223
8.1999999999999371,125.4999999999992895,3.0546228885650635
8.1999999999999371,125.5999999999992838,3.3483150005340576
8.1999999999999371,125.6999999999992781,3.8967258930206299
8.1999999999999371,125.7999999999992724,3.9784665107727051
8.1999999999999371,125.8999999999992667,3.8088512420654297
8.1999999999999371,125.9999999999992610,3.6366710662841797
8.1999999999999371,126.0999999999992554,3.8339059352874756
8.1999999999999371,126.1999999999992497,4.3350067138671875
8.1999999999999371,126.2999999999992440,5.4407248497009277
8.1999999999999371,126.3999999999992383,6.8885507583618164
8.0999999999999375,116.9999999999997726,12.0993280410766602
8.0999999999999375,122.7999999999994429,6.1387557983398438
8.0999999999999375,122.8999999999994373,5.5902805328369141
8.0999999999999375,122.9999999999994316,4.8950023651123047
8.0999999999999375,123.0999999999994259,4.2877860069274902
8.0999999999999375,123.1999999999994202,3.6701259613037109
8.0999999999999375,123.2999999999994145,3.0260288715362549
8.0999999999999375,123.3999999999994088,3.0504462718963623
8.0999999999999375,123.4999999999994031,3.3942265510559082
8.0999999999999375,123.5999999999993975,3.5946006774902344
8.0999999999999375,123.6999999999993918,3.9592454433441162
8.0999999999999375,123.7999999999993861,4.0258793830871582
8.0999999999999375,123.9999999999993747,4.7531752586364746
8.0999999999999375,124.0999999999993690,4.6251311302185059
8.0999999999999375,124.1999999999993634,4.6264643669128418
8.0999999999999375,124.2999999999993577,4.7060618400573730
8.0999999999999375,124.3999999999993520,4.3854408264160156
8.0999999999999375,124.4999999999993463,4.1021485328674316
8.0999999999999375,124.5999999999993406,3.7192966938018799
8.0999999999999375,124.6999999999993349,3.0392594337463379
8.0999999999999375,124.7999999999993292,3.0376369953155518
8.0999999999999375,124.8999999999993236,3.2481644153594971
8.0999999999999375,124.9999999999993179,3.3127763271331787
8.0999999999999375,125.0999999999993122,3.3808658123016357
8.0999999999999375,125.1999999999993065,3.3990345001220703
8.0999999999999375,125.2999999999993008,3.3717427253723145
8.0999999999999375,125.3999999999992951,3.4321403503417969
8.0999999999999375,125.4999999999992895,3.3189704418182373
8.0999999999999375,125.5999999999992838,3.4912414550781250
8.0999999999999375,125.6999999999992781,4.0838904380798340
8.0999999999999375,125.7999999999992724,4.0013804435729980
8.0999999999999375,125.8999999999992667,3.7192852497100830
8.0999999999999375,125.9999999999992610,3.5961074829101562
8.0999999999999375,126.0999999999992554,3.5416519641876221
8.0999999999999375,126.1999999999992497,3.8135125637054443
8.0999999999999375,126.2999999999992440,4.4813551902770996
8.0999999999999375,126.3999999999992383,6.1989207267761230
7.9999999999999378,116.9999999999997726,12.4269952774047852
7.9999999999999378,122.2999999999994714,6.5271220207214355
7.9999999999999378,122.3999999999994657,5.8800826072692871
7.9999999999999378,122.4999999999994600,5.4369921684265137
7.9999999999999378,122.5999999999994543,5.0999903678894043
7.9999999999999378,122.6999999999994486,4.8612718582153320
7.9999999999999378,122.7999999999994429,4.5667190551757812
7.9999999999999378,122.8999999999994373,4.2961592674255371
7.9999999999999378,122.9999999999994316,3.8645036220550537
7.9999999999999378,123.0999999999994259,3.4788634777069092
7.9999999999999378,123.1999999999994202,3.0822672843933105
7.9999999999999378,123.2999999999994145,2.9291017055511475
7.9999999999999378,123.3999999999994088,3.3464176654815674
7.9999999999999378,123.4999999999994031,3.9504106044769287
7.9999999999999378,123.5999999999993975,4.1617102622985840
7.9999999999999378,123.6999999999993918,4.4695825576782227
7.9999999999999378,123.7999999999993861,4.4781703948974609
7.9999999999999378,123.8999999999993804,4.1097393035888672
7.9999999999999378,123.9999999999993747,4.2710652351379395
7.9999999999999378,124.0999999999993690,4.3774466514587402
7.9999999999999378,124.1999999999993634,4.7005348205566406
7.9999999999999378,124.2999999999993577,5.1335978507995605
7.9999999999999378,124.3999999999993520,4.8483881950378418
7.9999999999999378,124.4999999999993463,4.6254143714904785
7.9999999999999378,124.5999999999993406,4.4903860092163086
7.9999999999999378,124.6999999999993349,3.5994300842285156
7.9999999999999378,124.7999999999993292,3.2130513191223145
7.9999999999999378,124.8999999999993236,3.3764240741729736
7.9999999999999378,124.9999999999993179,3.2269451618194580
7.9999999999999378,125.0999999999993122,3.1959581375122070
7.9999999999999378,125.1999999999993065,3.5580418109893799
7.9999999999999378,125.2999999999993008,3.4383678436279297
7.9999999999999378,125.3999999999992951,3.7694568634033203
7.9999999999999378,125.4999999999992895,3.6943986415863037
7.9999999999999378,125.5999999999992838,3.6532971858978271
7.9999999999999378,125.6999999999992781,4.1200251579284668
7.9999999999999378,125.7999999999992724,4.0179915428161621
7.9999999999999378,125.8999999999992667,3.6813170909881592
7.9999999999999378,125.9999999999992610,3.8957402706146240
7.9999999999999378,126.0999999999992554,3.6418220996856689
7.9999999999999378,126.1999999999992497,3.4702413082122803
7.9999999999999378,126.2999999999992440,3.8525407314300537
7.8999999999999382,116.9999999999997726,12.8252182006835938
7.8999999999999382,122.2999999999994714,6.3300886154174805
7.8999999999999382,122.3999999999994657,5.3894085884094238
7.8999999999999382,122.4999999999994600,5.0184054374694824
7.8999999999999382,122.5999999999994543,5.0429511070251465
7.8999999999999382,122.6999999999994486,4.8039383888244629
7.8999999999999382,122.7999999999994429,4.5384602546691895
7.8999999999999382,122.8999999999994373,4.4247055053710938
7.8999999999999382,122.9999999999994316,3.9657425880432129
7.8999999999999382,123.0999999999994259,3.8164780139923096
7.8999999999999382,123.1999999999994202,3.7835443019866943
7.8999999999999382,123.2999999999994145,4.0423521995544434
7.8999999999999382,123.3999999999994088,4.8439168930053711
7.8999999999999382,123.4999999999994031,5.3669981956481934
7.8999999999999382,123.5999999999993975,5.3996467590332031
7.8999999999999382,123.6999999999993918,5.5461492538452148
7.8999999999999382,123.7999999999993861,5.2187476158142090
7.8999999999999382,123.8999999999993804,4.5952944755554199
7.8999999999999382,123.9999999999993747,4.1897573471069336
7.8999999999999382,124.0999999999993690,4.2447533607482910
7.8999999999999382,124.1999999999993634,4.4165272712707520
7.8999999999999382,124.2999999999993577,4.7676796913146973
7.8999999999999382,124.3999999999993520,4.4759783744812012
7.8999999999999382,124.4999999999993463,4.3027482032775879
7.8999999999999382,124.5999999999993406,4.2465028762817383
7.8999999999999382,124.6999999999993349,3.6566033363342285
7.8999999999999382,124.7999999999993292,3.1547412872314453
7.8999999999999382,124.8999999999993236,3.2834041118621826
7.8999999999999382,124.9999999999993179,3.3518950939178467
7.8999999999999382,125.0999999999993122,3.5825111865997314
7.8999999999999382,125.1999999999993065,3.7727153301239014
7.8999999999999382,125.2999999999993008,3.6813728809356689
7.8999999999999382,125.3999999999992951,3.9173762798309326
7.8999999999999382,125.4999999999992895,3.7255821228027344
7.8999999999999382,125.5999999999992838,3.4756171703338623
7.8999999999999382,125.6999999999992781,3.8770103454589844
7.8999999999999382,125.7999999999992724,3.7832837104797363
7.8999999999999382,125.8999999999992667,3.6348083019256592
7.8999999999999382,125.9999999999992610,4.0172281265258789
7.8999999999999382,126.0999999999992554,3.4514503479003906
7.8999999999999382,126.1999999999992497,3.1777858734130859
7.8999999999999382,126.2999999999992440,3.5724704265594482
7.7999999999999385,122.0999999999994827,10.2296562194824219
7.7999999999999385,122.1999999999994770,7.8870353698730469
7.7999999999999385,122.2999999999994714,6.1550488471984863
7.7999999999999385,122.3999999999994657,5.2778410911560059
7.7999999999999385,122.4999999999994600,5.0204176902770996
7.7999999999999385,122.5999999999994543,5.4198026657104492
7.7999999999999385,122.6999999999994486,4.9421668052673340
7.7999999999999385,122.7999999999994429,4.7797293663024902
7.7999999999999385,122.8999999999994373,4.8879179954528809
7.7999999999999385,122.9999999999994316,4.6391735076904297
7.7999999999999385,123.0999999999994259,4.5767755508422852
7.7999999999999385,123.1999999999994202,4.8660674095153809
7.7999999999999385,123.2999999999994145,5.5720176696777344
7.7999999999999385,123.3999999999994088,6.6098976135253906
7.7999999999999385,123.6999999999993918,6.3473963737487793
7.7999999999999385,123.7999999999993861,6.1851096153259277
7.7999999999999385,123.8999999999993804,5.2338786125183105
7.7999999999999385,123.9999999999993747,4.6164903640747070
7.7999999999999385,124.0999999999993690,4.3793525695800781
7.7999999999999385,124.1999999999993634,4.3081731796264648
7.7999999999999385,124.2999999999993577,4.5300912857055664
7.7999999999999385,124.3999999999993520,4.4022722244262695
7.7999999999999385,124.4999999999993463,4.1089491844177246
7.7999999999999385,124.5999999999993406,4.0356588363647461
7.7999999999999385,124.6999999999993349,3.7404003143310547
7.7999999999999385,124.7999999999993292,4.0364999771118164
7.7999999999999385,124.8999999999993236,4.3928833007812500
7.7999999999999385,124.9999999999993179,4.1220636367797852
7.7999999999999385,125.0999999999993122,4.0085148811340332
7.7999999999999385,125.1999999999993065,4.0524110794067383
7.7999999999999385,125.2999999999993008,3.9252541065216064
7.7999999999999385,125.3999999999992951,3.9553146362304688
7.7999999999999385,125.4999999999992895,3.6426632404327393
7.7999999999999385,125.5999999999992838,3.3646333217620850
7.7999999999999385,125.6999999999992781,3.4067037105560303
7.7999999999999385,125.7999999999992724,3.4527294635772705
7.7999999999999385,125.8999999999992667,3.5420567989349365
7.7999999999999385,125.9999999999992610,4.0358200073242188
7.7999999999999385,126.0999999999992554,3.2376828193664551
7.7999999999999385,126.1999999999992497,2.8915460109710693
7.7999999999999385,126.2999999999992440,3.1541748046875000
7.7999999999999385,126.3999999999992383,4.4907631874084473
7.6999999999999389,122.1999999999994770,8.1379795074462891
7.6999999999999389,122.2999999999994714,6.1265211105346680
7.6999999999999389,122.3999999999994657,5.3104524612426758
7.6999999999999389,122.4999999999994600,5.2018771171569824
7.6999999999999389,122.8999999999994373,5.2136492729187012
7.6999999999999389,122.9999999999994316,5.2490296363830566
7.6999999999999389,123.0999999999994259,5.3964471817016602
7.6999999999999389,123.1999999999994202,5.9227342605590820
7.6999999999999389,123.2999999999994145,6.7881197929382324
7.6999999999999389,123.3999999999994088,7.8452525138854980
7.6999999999999389,123.4999999999994031,8.6439733505249023
7.6999999999999389,123.8999999999993804,5.6238303184509277
7.6999999999999389,123.9999999999993747,5.0707702636718750
7.6999999999999389,124.0999999999993690,4.6879239082336426
7.6999999999999389,124.1999999999993634,4.3709979057312012
7.6999999999999389,124.2999999999993577,4.2657394409179688
7.6999999999999389,124.3999999999993520,4.2527561187744141
7.6999999999999389,124.4999999999993463,4.2029533386230469
7.6999999999999389,124.5999999999993406,4.0930724143981934
7.6999999999999389,124.6999999999993349,4.0199441909790039
7.6999999999999389,124.7999999999993292,4.5895643234252930
7.6999999999999389,124.8999999999993236,4.8902702331542969
7.6999999999999389,124.9999999999993179,4.5127158164978027
7.6999999999999389,125.0999999999993122,4.2653861045837402
7.6999999999999389,125.1999999999993065,4.2541494369506836
7.6999999999999389,125.2999999999993008,4.0559897422790527
7.6999999999999389,125.3999999999992951,4.0078406333923340
7.6999999999999389,125.4999999999992895,3.6097774505615234
7.6999999999999389,125.5999999999992838,3.2583751678466797
7.6999999999999389,125.6999999999992781,3.2065122127532959
7.6999999999999389,125.7999999999992724,3.2384204864501953
7.6999999999999389,125.8999999999992667,3.4046483039855957
7.6999999999999389,125.9999999999992610,4.3905191421508789
7.6999999999999389,126.0999999999992554,3.0812425613403320
7.6999999999999389,126.1999999999992497,2.4473192691802979
7.6999999999999389,126.2999999999992440,2.7381770610809326
7.6999999999999389,126.3999999999992383,3.8117759227752686
7.6999999999999389,126.4999999999992326,5.6416034698486328
7.5999999999999392,122.1999999999994770,8.1281213760375977
7.5999999999999392,122.2999999999994714,6.3739018440246582
7.5999999999999392,122.3999999999994657,5.5701861381530762
7.5999999999999392,122.8999999999994373,6.1230497360229492
7.5999999999999392,122.9999999999994316,5.4923043251037598
7.5999999999999392,123.1999999999994202,6.5239534378051758
7.5999999999999392,123.2999999999994145,7.1682968139648438
7.5999999999999392,123.3999999999994088,7.6391634941101074
7.5999999999999392,124.0999999999993690,4.9802851676940918
7.5999999999999392,124.1999999999993634,4.4677138328552246
7.5999999999999392,124.2999999999993577,4.0022330284118652
7.5999999999999392,124.3999999999993520,4.0214815139770508
7.5999999999999392,124.4999999999993463,4.0643181800842285
7.5999999999999392,124.5999999999993406,4.0669164657592773
7.5999999999999392,124.6999999999993349,3.7507407665252686
7.5999999999999392,124.7999999999993292,4.1110892295837402
7.5999999999999392,124.8999999999993236,4.3866133689880371
7.5999999999999392,124.9999999999993179,4.1170268058776855
7.5999999999999392,125.0999999999993122,4.0527243614196777
7.5999999999999392,125.1999999999993065,4.0479660034179688
7.5999999999999392,125.2999999999993008,4.0117659568786621
7.5999999999999392,125.3999999999992951,4.1415934562683105
7.5999999999999392,125.4999999999992895,3.7026340961456299
7.5999999999999392,125.5999999999992838,3.1670091152191162
7.5999999999999392,125.6999999999992781,3.2953860759735107
7.5999999999999392,125.7999999999992724,3.2869699001312256
7.5999999999999392,125.8999999999992667,3.3066513538360596
7.5999999999999392,125.9999999999992610,3.9859530925750732
7.5999999999999392,126.0999999999992554,2.9603936672210693
7.5999999999999392,126.1999999999992497,1.8402799367904663
7.5999999999999392,126.2999999999992440,1.6479042768478394
7.5999999999999392,126.3999999999992383,2.7751262187957764
7.5999999999999392,126.4999999999992326,4.4162955284118652
7.4999999999999396,122.0999999999994827,10.0442762374877930
7.4999999999999396,122.1999999999994770,8.1522626876831055
7.4999999999999396,122.2999999999994714,6.6492857933044434
7.4999999999999396,123.2999999999994145,7.7327361106872559
7.4999999999999396,123.3999999999994088,8.1520185470581055
7.4999999999999396,124.1999999999993634,5.4353327751159668
7.4999999999999396,124.2999999999993577,4.0229597091674805
7.4999999999999396,124.3999999999993520,3.9856069087982178
7.4999999999999396,124.4999999999993463,4.1398410797119141
7.4999999999999396,124.5999999999993406,4.2104487419128418
7.4999999999999396,124.6999999999993349,3.9164016246795654
7.4999999999999396,124.7999999999993292,4.0994119644165039
7.4999999999999396,124.8999999999993236,4.2686572074890137
7.4999999999999396,124.9999999999993179,4.1271972656250000
7.4999999999999396,125.0999999999993122,4.0178837776184082
7.4999999999999396,125.1999999999993065,3.9988484382629395
7.4999999999999396,125.2999999999993008,4.0731673240661621
7.4999999999999396,125.3999999999992951,4.2380552291870117
7.4999999999999396,125.4999999999992895,3.8131272792816162
7.4999999999999396,125.5999999999992838,3.1812980175018311
7.4999999999999396,125.6999999999992781,3.3961894512176514
7.4999999999999396,125.7999999999992724,3.3256916999816895
7.4999999999999396,125.8999999999992667,3.2157745361328125
7.4999999999999396,125.9999999999992610,4.0156664848327637
7.4999999999999396,126.0999999999992554,2.8404283523559570
7.4999999999999396,126.1999999999992497,1.7375816106796265
7.4999999999999396,126.2999999999992440,1.2444223165512085
7.4999999999999396,126.3999999999992383,1.9008877277374268
7.4999999999999396,126.4999999999992326,3.1598184108734131
7.4999999999999396,126.5999999999992269,4.5555958747863770
7.3999999999999400,122.0999999999994827,8.9666233062744141
7.3999999999999400,122.1999999999994770,7.4841933250427246
7.3999999999999400,122.2999999999994714,6.6561174392700195
7.3999999999999400,122.7999999999994429,9.0769462585449219
7.3999999999999400,123.3999999999994088,8.3487730026245117
7.3999999999999400,124.1999999999993634,6.6044287681579590
7.3999999999999400,124.2999999999993577,5.1543593406677246
7.3999999999999400,124.3999999999993520,4.2217631340026855
7.3999999999999400,124.4999999999993463,4.2596125602722168
7.3999999999999400,124.5999999999993406,4.2977967262268066
7.3999999999999400,124.6999999999993349,3.9309177398681641
7.3999999999999400,124.7999999999993292,4.0019049644470215
7.3999999999999400,124.8999999999993236,4.1766452789306641
7.3999999999999400,124.9999999999993179,4.0829987525939941
7.3999999999999400,125.0999999999993122,4.0521526336669922
7.3999999999999400,125.1999999999993065,4.0044250488281250
7.3999999999999400,125.2999999999993008,4.0052380561828613
7.3999999999999400,125.3999999999992951,4.0532736778259277
7.3999999999999400,125.4999999999992895,3.4357247352600098
7.3999999999999400,125.5999999999992838,2.9212532043457031
7.3999999999999400,125.6999999999992781,3.8451206684112549
7.3999999999999400,125.7999999999992724,3.4994785785675049
7.3999999999999400,125.8999999999992667,3.0020382404327393
7.3999999999999400,125.9999999999992610,3.4173381328582764
7.3999999999999400,126.0999999999992554,2.5986120700836182
7.3999999999999400,126.1999999999992497,1.8701847791671753
7.3999999999999400,126.2999999999992440,1.6914211511611938
7.3999999999999400,126.3999999999992383,2.5604119300842285
7.3999999999999400,126.4999999999992326,3.8623275756835938
7.2999999999999403,116.8999999999997783,13.3754215240478516
7.2999999999999403,117.0999999999997669,13.9331464767456055
7.2999999999999403,117.1999999999997613,14.0698947906494141
7.2999999999999403,122.0999999999994827,7.1284708976745605
7.2999999999999403,122.1999999999994770,6.1131534576416016
7.2999999999999403,124.1999999999993634,7.1906404495239258
7.2999999999999403,124.2999999999993577,5.8378872871398926
7.2999999999999403,124.3999999999993520,5.1181502342224121
7.2999999999999403,124.4999999999993463,4.5383200645446777
7.2999999999999403,124.5999999999993406,4.4975914955139160
7.2999999999999403,124.6999999999993349,3.8781430721282959
7.2999999999999403,124.7999999999993292,3.6909587383270264
7.2999999999999403,124.8999999999993236,3.8099827766418457
7.2999999999999403,124.9999999999993179,3.9304492473602295
7.2999999999999403,125.0999999999993122,4.0916094779968262
7.2999999999999403,125.1999999999993065,4.0977573394775391
7.2999999999999403,125.2999999999993008,3.7633018493652344
7.2999999999999403,125.3999999999992951,3.3773727416992188
7.2999999999999403,125.4999999999992895,2.5816819667816162
7.2999999999999403,125.5999999999992838,3.3208866119384766
7.2999999999999403,125.6999999999992781,4.2802615165710449
7.2999999999999403,125.8999999999992667,3.2480866909027100
7.2999999999999403,125.9999999999992610,2.5230283737182617
7.2999999999999403,126.0999999999992554,2.4396309852600098
7.2999999999999403,126.1999999999992497,2.2867429256439209
7.2999999999999403,126.2999999999992440,2.8026158809661865
7.2999999999999403,126.3999999999992383,4.4724931716918945
7.2999999999999403,126.4999999999992326,6.2012133598327637
7.2999999999999403,126.5999999999992269,8.3943510055541992
7.1999999999999407,117.0999999999997669,14.3782730102539062
7.1999999999999407,117.1999999999997613,14.4600849151611328
7.1999999999999407,121.9999999999994884,6.5528197288513184
7.1999999999999407,122.0999999999994827,5.6074542999267578
7.1999999999999407,122.1999999999994770,5.2243733406066895
7.1999999999999407,124.1999999999993634,7.8346571922302246
7.1999999999999407,124.2999999999993577,6.6281504631042480
7.1999999999999407,124.3999999999993520,5.9651465415954590
7.1999999999999407,124.4999999999993463,5.5136332511901855
7.1999999999999407,124.5999999999993406,4.9525561332702637
7.1999999999999407,124.6999999999993349,4.2868800163269043
7.1999999999999407,124.7999999999993292,3.6074120998382568
7.1999999999999407,124.8999999999993236,3.9321773052215576
7.1999999999999407,124.9999999999993179,3.9034793376922607
7.1999999999999407,125.0999999999993122,4.3100700378417969
7.1999999999999407,125.1999999999993065,4.2466683387756348
7.1999999999999407,125.2999999999993008,3.4997029304504395
7.1999999999999407,125.3999999999992951,2.8218977451324463
7.1999999999999407,125.4999999999992895,2.8061978816986084
7.1999999999999407,125.5999999999992838,4.2547531127929688
7.1999999999999407,125.9999999999992610,2.7599804401397705
7.1999999999999407,126.0999999999992554,2.2911021709442139
7.1999999999999407,126.1999999999992497,2.8465723991394043
7.1999999999999407,126.2999999999992440,4.0596766471862793
7.1999999999999407,126.3999999999992383,6.3116569519042969
7.1999999999999407,126.4999999999992326,8.5771980285644531
7.0999999999999410,121.9999999999994884,6.7704758644104004
7.0999999999999410,122.0999999999994827,5.9374012947082520
7.0999999999999410,122.1999999999994770,5.5930233001708984
7.0999999999999410,124.0999999999993690,8.1343402862548828
7.0999999999999410,124.1999999999993634,7.0822777748107910
7.0999999999999410,124.2999999999993577,6.0427336692810059
7.0999999999999410,124.3999999999993520,5.6416749954223633
7.0999999999999410,124.4999999999993463,5.3306536674499512
7.0999999999999410,124.5999999999993406,4.9541001319885254
7.0999999999999410,124.6999999999993349,4.0309381484985352
7.0999999999999410,124.7999999999993292,3.2741401195526123
7.0999999999999410,124.8999999999993236,3.5717277526855469
7.0999999999999410,124.9999999999993179,3.6307728290557861
7.0999999999999410,125.0999999999993122,4.2364764213562012
7.0999999999999410,125.1999999999993065,4.2000384330749512
7.0999999999999410,125.2999999999993008,3.4059784412384033
7.0999999999999410,125.3999999999992951,3.0490787029266357
7.0999999999999410,125.4999999999992895,3.0817182064056396
7.0999999999999410,125.5999999999992838,4.6103582382202148
7.0999999999999410,125.6999999999992781,6.7706065177917480
7.0999999999999410,125.8999999999992667,3.5710747241973877
7.0999999999999410,125.9999999999992610,3.0717191696166992
7.0999999999999410,126.0999999999992554,3.5011620521545410
7.0999999999999410,126.1999999999992497,4.6053042411804199
7.0999999999999410,126.2999999999992440,6.1104993820190430
7.0999999999999410,126.3999999999992383,8.3947820663452148
6.9999999999999414,117.0999999999997669,14.1657438278198242
6.9999999999999414,121.9999999999994884,7.9572348594665527
6.9999999999999414,122.0999999999994827,7.4623079299926758
6.9999999999999414,122.1999999999994770,7.7001008987426758
6.9999999999999414,123.9999999999993747,6.7087321281433105
6.9999999999999414,124.0999999999993690,6.2713255882263184
6.9999999999999414,124.1999999999993634,5.5496563911437988
6.9999999999999414,124.2999999999993577,4.9103446006774902
6.9999999999999414,124.3999999999993520,4.6125664710998535
6.9999999999999414,124.4999999999993463,4.4566416740417480
6.9999999999999414,124.5999999999993406,4.1741991043090820
6.9999999999999414,124.6999999999993349,3.3586406707763672
6.9999999999999414,124.7999999999993292,2.6525816917419434
6.9999999999999414,124.8999999999993236,2.8046710491180420
6.9999999999999414,124.9999999999993179,2.9500472545623779
6.9999999999999414,125.0999999999993122,3.8319127559661865
6.9999999999999414,125.1999999999993065,4.0790410041809082
6.9999999999999414,125.2999999999993008,3.4107627868652344
6.9999999999999414,125.3999999999992951,3.3312919139862061
6.9999999999999414,125.4999999999992895,3.6419723033905029
6.9999999999999414,125.7999999999992724,6.5298066139221191
6.9999999999999414,125.9999999999992610,5.0275568962097168
6.9999999999999414,126.0999999999992554,6.0680742263793945
6.9999999999999414,126.1999999999992497,7.3364624977111816
6.9999999999999414,126.2999999999992440,8.8017663955688477
6.8999999999999417,116.6999999999997897,7.8092722892761230
6.8999999999999417,116.7999999999997840,9.0778036117553711
6.8999999999999417,117.0999999999997669,13.4318342208862305
6.8999999999999417,117.1999999999997613,14.3702363967895508
6.8999999999999417,122.0999999999994827,8.6474714279174805
6.8999999999999417,123.9999999999993747,5.7619066238403320
6.8999999999999417,124.0999999999993690,5.2318377494812012
6.8999999999999417,124.1999999999993634,4.8407816886901855
6.8999999999999417,124.2999999999993577,4.6780161857604980
6.8999999999999417,124.3999999999993520,3.6659305095672607
6.8999999999999417,124.4999999999993463,3.6489007472991943
6.8999999999999417,124.5999999999993406,3.6391453742980957
6.8999999999999417,124.6999999999993349,3.0417010784149170
6.8999999999999417,124.7999999999993292,2.7064969539642334
6.8999999999999417,124.8999999999993236,2.6178772449493408
6.8999999999999417,124.9999999999993179,2.3884289264678955
6.8999999999999417,125.0999999999993122,3.6077625751495361
6.8999999999999417,125.1999999999993065,3.9551064968109131
6.8999999999999417,125.2999999999993008,3.4642918109893799
6.8999999999999417,125.3999999999992951,3.6774806976318359
6.8999999999999417,126.0999999999992554,9.0232372283935547
6.8999999999999417,126.2999999999992440,11.2184972763061523
6.7999999999999421,124.0999999999993690,5.3620963096618652
6.7999999999999421,124.1999999999993634,4.9883303642272949
6.7999999999999421,124.2999999999993577,4.7946810722351074
6.7999999999999421,124.3999999999993520,3.4131081104278564
6.7999999999999421,124.4999999999993463,3.1209299564361572
6.7999999999999421,124.5999999999993406,3.0315544605255127
6.7999999999999421,124.6999999999993349,2.6662333011627197
6.7999999999999421,124.7999999999993292,2.7807641029357910
6.7999999999999421,124.8999999999993236,2.7420799732208252
6.7999999999999421,124.9999999999993179,2.2722136974334717
6.7999999999999421,125.0999999999993122,3.5389506816864014
6.7999999999999421,125.1999999999993065,4.0563120841979980
6.7999999999999421,125.2999999999993008,3.7317721843719482
6.7999999999999421,125.3999999999992951,3.7434127330780029
6.7999999999999421,126.0999999999992554,10.6736383438110352
6.7999999999999421,126.1999999999992497,11.5526342391967773
6.6999999999999424,121.9999999999994884,7.8961572647094727
6.6999999999999424,122.0999999999994827,7.3849043846130371
6.6999999999999424,124.0999999999993690,5.4928407669067383
6.6999999999999424,124.1999999999993634,5.1390147209167480
6.6999999999999424,124.2999999999993577,4.8862400054931641
6.6999999999999424,124.3999999999993520,3.3955390453338623
6.6999999999999424,124.4999999999993463,2.7113766670227051
6.6999999999999424,124.5999999999993406,2.5281093120574951
6.6999999999999424,124.6999999999993349,2.3309893608093262
6.6999999999999424,124.7999999999993292,2.7294492721557617
6.6999999999999424,124.8999999999993236,3.0280563831329346
6.6999999999999424,124.9999999999993179,2.5830600261688232
6.6999999999999424,125.0999999999993122,3.5804355144500732
6.6999999999999424,125.1999999999993065,4.2133836746215820
6.6999999999999424,125.2999999999993008,4.1124930381774902
6.6999999999999424,126.0999999999992554,11.3984270095825195
6.6999999999999424,126.1999999999992497,12.3151540756225586
6.5999999999999428,121.8999999999994941,8.3124465942382812
6.5999999999999428,121.9999999999994884,7.4218444824218750
6.5999999999999428,122.0999999999994827,6.9414215087890625
6.5999999999999428,122.1999999999994770,7.4847230911254883
6.5999999999999428,124.0999999999993690,5.8546404838562012
6.5999999999999428,124.1999999999993634,5.1638236045837402
6.5999999999999428,124.2999999999993577,4.9756345748901367
6.5999999999999428,124.3999999999993520,3.4616947174072266
6.5999999999999428,124.4999999999993463,2.4101903438568115
6.5999999999999428,124.5999999999993406,2.0193192958831787
6.5999999999999428,124.6999999999993349,2.2336053848266602
6.5999999999999428,124.7999999999993292,2.9573197364807129
6.5999999999999428,124.8999999999993236,3.2420890331268311
6.5999999999999428,124.9999999999993179,3.0013930797576904
6.5999999999999428,125.0999999999993122,3.6261353492736816
6.5999999999999428,125.1999999999993065,4.2817077636718750
6.5999999999999428,125.2999999999993008,4.3745565414428711
6.5999999999999428,126.0999999999992554,12.1806211471557617
6.5999999999999428,126.1999999999992497,13.0460453033447266
6.4999999999999432,121.9999999999994884,7.9821343421936035
6.4999999999999432,122.0999999999994827,7.7633280754089355
6.4999999999999432,122.1999999999994770,8.1942853927612305
6.4999999999999432,124.0999999999993690,7.2700095176696777
6.4999999999999432,124.1999999999993634,5.5639071464538574
6.4999999999999432,124.2999999999993577,4.4559593200683594
6.4999999999999432,124.3999999999993520,3.5577704906463623
6.4999999999999432,124.4999999999993463,2.6712329387664795
6.4999999999999432,124.5999999999993406,2.0483071804046631
6.4999999999999432,124.6999999999993349,2.0587220191955566
6.4999999999999432,124.7999999999993292,2.7382953166961670
6.4999999999999432,124.8999999999993236,3.2058334350585938
6.4999999999999432,124.9999999999993179,2.9330382347106934
6.4999999999999432,125.0999999999993122,3.4314136505126953
6.4999999999999432,125.1999999999993065,4.0452132225036621
6.4999999999999432,125.2999999999993008,4.2981848716735840
6.4999999999999432,125.3999999999992951,4.5677256584167480
6.4999999999999432,125.4999999999992895,4.5929160118103027
6.4999999999999432,125.5999999999992838,5.2916569709777832
6.4999999999999432,126.1999999999992497,13.1575412750244141
6.3999999999999435,121.9999999999994884,9.0175762176513672
6.3999999999999435,124.0999999999993690,8.3787794113159180
6.3999999999999435,124.1999999999993634,6.8619179725646973
6.3999999999999435,124.2999999999993577,5.1581296920776367
6.3999999999999435,124.3999999999993520,3.6451401710510254
6.3999999999999435,124.4999999999993463,3.3076980113983154
6.3999999999999435,124.5999999999993406,2.9210553169250488
6.3999999999999435,124.6999999999993349,2.4496934413909912
6.3999999999999435,124.7999999999993292,2.6526813507080078
6.3999999999999435,124.8999999999993236,3.0015676021575928
6.3999999999999435,124.9999999999993179,2.8446564674377441
6.3999999999999435,125.0999999999993122,3.2656533718109131
6.3999999999999435,125.1999999999993065,3.9509220123291016
6.3999999999999435,125.2999999999993008,4.1867775917053223
6.3999999999999435,125.3999999999992951,4.4226918220520020
6.3999999999999435,125.4999999999992895,4.1795377731323242
6.2999999999999439,120.5999999999995680,11.4434118270874023
6.2999999999999439,124.1999999999993634,8.2508430480957031
6.2999999999999439,124.2999999999993577,6.5724763870239258
6.2999999999999439,124.3999999999993520,4.6171679496765137
6.2999999999999439,124.4999999999993463,3.8238742351531982
6.2999999999999439,124.5999999999993406,3.8363940715789795
6.2999999999999439,124.6999999999993349,3.1233334541320801
6.2999999999999439,124.7999999999993292,2.7651579380035400
6.2999999999999439,124.8999999999993236,2.8549134731292725
6.2999999999999439,124.9999999999993179,2.8078579902648926
6.2999999999999439,125.0999999999993122,3.4032764434814453
6.2999999999999439,125.1999999999993065,4.0192880630493164
6.2999999999999439,125.2999999999993008,4.2421894073486328
6.2999999999999439,125.3999999999992951,4.4659204483032227
6.2999999999999439,125.4999999999992895,4.3516421318054199
6.2999999999999439,125.5999999999992838,5.9782218933105469
6.1999999999999442,124.2999999999993577,8.0910539627075195
6.1999999999999442,124.3999999999993520,6.6664443016052246
6.1999999999999442,124.4999999999993463,4.9152116775512695
6.1999999999999442,124.5999999999993406,4.0421681404113770
6.1999999999999442,124.6999999999993349,3.4386870861053467
6.1999999999999442,124.7999999999993292,2.8803286552429199
6.1999999999999442,124.8999999999993236,2.7187077999114990
6.1999999999999442,124.9999999999993179,3.0836427211761475
6.1999999999999442,125.0999999999993122,3.8654491901397705
6.1999999999999442,125.1999999999993065,4.4567084312438965
6.1999999999999442,125.2999999999993008,4.6692128181457520
6.1999999999999442,125.3999999999992951,4.9752659797668457
6.1999999999999442,125.4999999999992895,4.5515089035034180
6.1999999999999442,125.5999999999992838,6.8240051269531250
6.1999999999999442,125.6999999999992781,8.0966234207153320
6.0999999999999446,120.9999999999995453,10.8542127609252930
6.0999999999999446,121.0999999999995396,10.9956884384155273
6.0999999999999446,124.4999999999993463,6.9470825195312500
6.0999999999999446,124.5999999999993406,5.2904648780822754
6.0999999999999446,124.6999999999993349,4.2582907676696777
6.0999999999999446,124.7999999999993292,3.4493935108184814
6.0999999999999446,124.8999999999993236,3.3188216686248779
6.0999999999999446,124.9999999999993179,3.9700620174407959
6.0999999999999446,125.0999999999993122,4.7142558097839355
6.0999999999999446,125.2999999999993008,5.5009770393371582
6.0999999999999446,125.3999999999992951,5.7912154197692871
6.0999999999999446,125.4999999999992895,5.4327254295349121
6.0999999999999446,125.5999999999992838,7.7045512199401855
6.0999999999999446,125.6999999999992781,10.2810029983520508
5.9999999999999449,120.8999999999995509,10.6487245559692383
5.9999999999999449,120.9999999999995453,10.7432479858398438
5.9999999999999449,121.0999999999995396,10.9306898117065430
5.9999999999999449,121.3999999999995225,10.9658279418945312
5.9999999999999449,124.5999999999993406,7.2951083183288574
5.9999999999999449,124.6999999999993349,6.3321123123168945
5.9999999999999449,124.7999999999993292,5.6771154403686523
5.9999999999999449,124.8999999999993236,5.0027575492858887
5.9999999999999449,124.9999999999993179,5.4019474983215332
5.9999999999999449,125.0999999999993122,6.1034598350524902
5.9999999999999449,125.3999999999992951,6.4282274246215820
5.9999999999999449,125.4999999999992895,6.4388384819030762
5.9999999999999449,125.5999999999992838,8.5502309799194336
5.8999999999999453,120.8999999999995509,10.5680007934570312
5.8999999999999453,124.7999999999993292,8.1531944274902344
5.8999999999999453,124.8999999999993236,9.2695188522338867
5.8999999999999453,124.9999999999993179,8.6889791488647461
5.8999999999999453,125.0999999999993122,7.9303216934204102
5.8999999999999453,125.1999999999993065,8.3427095413208008
5.8999999999999453,125.2999999999993008,7.4239134788513184
5.8999999999999453,125.3999999999992951,6.8974976539611816
5.8999999999999453,125.4999999999992895,7.1572656631469727
5.8999999999999453,125.5999999999992838,9.5282583236694336
5.7999999999999456,125.2999999999993008,8.8573713302612305
5.7999999999999456,125.3999999999992951,7.9425034523010254
5.7999999999999456,125.4999999999992895,8.2015476226806641
5.6999999999999460,125.2999999999993008,10.6367464065551758
5.6999999999999460,125.3999999999992951,10.0511064529418945
5.5999999999999464,125.2999999999993008,14.6641721725463867
5.5999999999999464,125.3999999999992951,13.5167989730834961
5.3999999999999471,118.8999999999996646,4.6119785308837891
5.3999999999999471,118.9999999999996589,5.6776399612426758
5.3999999999999471,119.0999999999996533,6.8363642692565918
5.3999999999999471,119.1999999999996476,8.0125713348388672
5.2999999999999474,118.8999999999996646,3.6778695583343506
5.2999999999999474,118.9999999999996589,4.7193212509155273
5.2999999999999474,119.0999999999996533,5.9040961265563965
5.2999999999999474,119.1999999999996476,7.1067976951599121
5.2999999999999474,120.1999999999995907,9.9225873947143555
5.1999999999999478,118.8999999999996646,3.0247118473052979
5.1999999999999478,118.9999999999996589,3.8441734313964844
5.1999999999999478,119.0999999999996533,5.1216387748718262
5.1999999999999478,119.1999999999996476,6.6059184074401855
5.1999999999999478,120.1999999999995907,9.7254552841186523
5.0999999999999481,118.8999999999996646,3.9758431911468506
5.0999999999999481,118.9999999999996589,4.4773135185241699
5.0999999999999481,119.7999999999996135,8.3260965347290039
5.0999999999999481,119.8999999999996078,8.4026746749877930
