latitude,longitude,max_wind_gust
19.3999999999999559,121.3999999999995225,26.4462280273437500
19.3999999999999559,121.4999999999995168,26.2405586242675781
18.8999999999999488,121.8999999999994941,26.9158687591552734
18.5999999999999446,120.7999999999995566,24.6892757415771484
18.5999999999999446,120.8999999999995509,24.1360874176025391
18.5999999999999446,121.0999999999995396,22.3927421569824219
18.5999999999999446,121.1999999999995339,21.1857738494873047
18.4999999999999432,120.6999999999995623,19.5303783416748047
18.4999999999999432,120.7999999999995566,18.7027301788330078
18.4999999999999432,120.8999999999995509,17.4005966186523438
18.4999999999999432,120.9999999999995453,16.8190593719482422
18.4999999999999432,121.0999999999995396,16.5557117462158203
18.4999999999999432,121.1999999999995339,15.6765356063842773
18.4999999999999432,121.2999999999995282,15.7210073471069336
18.4999999999999432,122.1999999999994770,26.6242618560791016
18.3999999999999417,120.5999999999995680,15.9230575561523438
18.3999999999999417,120.6999999999995623,14.5118532180786133
18.3999999999999417,120.7999999999995566,12.9763708114624023
18.3999999999999417,120.8999999999995509,11.7252521514892578
18.3999999999999417,120.9999999999995453,11.0205116271972656
18.3999999999999417,121.0999999999995396,10.8074293136596680
18.3999999999999417,121.1999999999995339,10.6083745956420898
18.3999999999999417,121.2999999999995282,11.5403556823730469
18.3999999999999417,121.3999999999995225,13.5902471542358398
18.3999999999999417,121.4999999999995168,15.3694477081298828
18.3999999999999417,121.5999999999995111,17.8866348266601562
18.3999999999999417,122.0999999999994827,25.6941585540771484
18.3999999999999417,122.1999999999994770,25.9728641510009766
18.3999999999999417,122.2999999999994714,25.7872619628906250
18.2999999999999403,120.6999999999995623,12.7970390319824219
18.2999999999999403,120.7999999999995566,12.0061836242675781
18.2999999999999403,120.8999999999995509,10.8315362930297852
18.2999999999999403,120.9999999999995453,9.9854469299316406
18.2999999999999403,121.0999999999995396,9.2148523330688477
18.2999999999999403,121.1999999999995339,9.2910919189453125
18.2999999999999403,121.2999999999995282,9.0499258041381836
18.2999999999999403,121.3999999999995225,10.4570569992065430
18.2999999999999403,121.4999999999995168,12.9418897628784180
18.2999999999999403,121.5999999999995111,15.7541046142578125
18.2999999999999403,121.6999999999995055,18.1581478118896484
18.2999999999999403,122.0999999999994827,21.5579814910888672
18.2999999999999403,122.1999999999994770,21.9980449676513672
18.2999999999999403,122.2999999999994714,22.5595417022705078
18.1999999999999389,120.4999999999995737,17.3999900817871094
18.1999999999999389,120.5999999999995680,14.6415910720825195
18.1999999999999389,120.6999999999995623,11.8301954269409180
18.1999999999999389,120.7999999999995566,10.8546438217163086
18.1999999999999389,120.8999999999995509,10.5518436431884766
18.1999999999999389,120.9999999999995453,9.6899852752685547
18.1999999999999389,121.0999999999995396,8.5875263214111328
18.1999999999999389,121.1999999999995339,8.8570337295532227
18.1999999999999389,121.2999999999995282,8.6499233245849609
18.1999999999999389,121.3999999999995225,8.4571037292480469
18.1999999999999389,121.4999999999995168,9.8650341033935547
18.1999999999999389,121.5999999999995111,12.0738821029663086
18.1999999999999389,121.6999999999995055,13.1050844192504883
18.1999999999999389,121.7999999999994998,14.1058607101440430
18.1999999999999389,121.8999999999994941,15.1338224411010742
18.1999999999999389,121.9999999999994884,16.3993339538574219
18.1999999999999389,122.0999999999994827,16.8447799682617188
18.1999999999999389,122.1999999999994770,19.3469123840332031
18.0999999999999375,120.4999999999995737,17.9238948822021484
18.0999999999999375,120.5999999999995680,13.8089208602905273
18.0999999999999375,120.6999999999995623,10.8933782577514648
18.0999999999999375,120.7999999999995566,9.5026922225952148
18.0999999999999375,120.8999999999995509,10.0607481002807617
18.0999999999999375,120.9999999999995453,9.3541889190673828
18.0999999999999375,121.0999999999995396,8.2805356979370117
18.0999999999999375,121.1999999999995339,8.5791816711425781
18.0999999999999375,121.2999999999995282,8.3612833023071289
18.0999999999999375,121.3999999999995225,8.0051288604736328
18.0999999999999375,121.4999999999995168,7.8394875526428223
18.0999999999999375,121.5999999999995111,8.3296537399291992
18.0999999999999375,121.6999999999995055,9.2947683334350586
18.0999999999999375,121.7999999999994998,10.2611284255981445
18.0999999999999375,121.8999999999994941,11.1910533905029297
18.0999999999999375,121.9999999999994884,12.3087816238403320
18.0999999999999375,122.0999999999994827,14.9493713378906250
18.0999999999999375,122.1999999999994770,17.3681106567382812
17.9999999999999361,120.5999999999995680,13.1988067626953125
17.9999999999999361,120.6999999999995623,10.4093074798583984
17.9999999999999361,120.7999999999995566,9.1642217636108398
17.9999999999999361,120.8999999999995509,10.4670314788818359
17.9999999999999361,120.9999999999995453,9.9973878860473633
17.9999999999999361,121.0999999999995396,8.9191417694091797
17.9999999999999361,121.1999999999995339,8.5754423141479492
17.9999999999999361,121.2999999999995282,8.3404407501220703
17.9999999999999361,121.3999999999995225,8.0735321044921875
17.9999999999999361,121.4999999999995168,7.5811166763305664
17.9999999999999361,121.5999999999995111,7.5471014976501465
17.9999999999999361,121.6999999999995055,8.1527013778686523
17.9999999999999361,121.7999999999994998,9.0484218597412109
17.9999999999999361,121.8999999999994941,9.9452304840087891
17.9999999999999361,121.9999999999994884,11.1806402206420898
17.9999999999999361,122.0999999999994827,14.2799501419067383
17.8999999999999346,120.4999999999995737,16.2700481414794922
17.8999999999999346,120.5999999999995680,12.6986570358276367
17.8999999999999346,120.6999999999995623,10.2308120727539062
17.8999999999999346,120.7999999999995566,10.0679159164428711
17.8999999999999346,120.8999999999995509,11.4027585983276367
17.8999999999999346,120.9999999999995453,11.1943778991699219
17.8999999999999346,121.0999999999995396,9.9931001663208008
17.8999999999999346,121.1999999999995339,9.2092399597167969
17.8999999999999346,121.2999999999995282,8.7332448959350586
17.8999999999999346,121.3999999999995225,8.0631475448608398
17.8999999999999346,121.4999999999995168,7.5189080238342285
17.8999999999999346,121.5999999999995111,7.3685379028320312
17.8999999999999346,121.6999999999995055,7.3316969871520996
17.8999999999999346,121.7999999999994998,7.8982896804809570
17.8999999999999346,121.8999999999994941,8.9100027084350586
17.8999999999999346,121.9999999999994884,10.3194723129272461
17.8999999999999346,122.0999999999994827,13.1758193969726562
17.7999999999999332,120.4999999999995737,16.0776042938232422
17.7999999999999332,120.5999999999995680,12.3921642303466797
17.7999999999999332,120.6999999999995623,10.6249389648437500
17.7999999999999332,120.7999999999995566,10.6741828918457031
17.7999999999999332,120.8999999999995509,11.7882928848266602
17.7999999999999332,120.9999999999995453,11.6756963729858398
17.7999999999999332,121.0999999999995396,10.3422069549560547
17.7999999999999332,121.1999999999995339,9.0637512207031250
17.7999999999999332,121.2999999999995282,8.3861579895019531
17.7999999999999332,121.3999999999995225,7.7603526115417480
17.7999999999999332,121.4999999999995168,7.3344192504882812
17.7999999999999332,121.5999999999995111,7.1994247436523438
17.7999999999999332,121.6999999999995055,7.0849509239196777
17.7999999999999332,121.7999999999994998,7.1142191886901855
17.7999999999999332,121.8999999999994941,8.0982990264892578
17.7999999999999332,121.9999999999994884,9.4506759643554688
17.7999999999999332,122.0999999999994827,12.4607133865356445
17.6999999999999318,120.3999999999995794,20.3923797607421875
17.6999999999999318,120.4999999999995737,16.7088203430175781
17.6999999999999318,120.5999999999995680,12.8279390335083008
17.6999999999999318,120.6999999999995623,10.8317546844482422
17.6999999999999318,120.7999999999995566,10.7131843566894531
17.6999999999999318,120.8999999999995509,11.2517318725585938
17.6999999999999318,120.9999999999995453,10.9707145690917969
17.6999999999999318,121.0999999999995396,9.3398847579956055
17.6999999999999318,121.1999999999995339,7.6678414344787598
17.6999999999999318,121.2999999999995282,7.3378677368164062
17.6999999999999318,121.3999999999995225,7.4951477050781250
17.6999999999999318,121.4999999999995168,7.2859926223754883
17.6999999999999318,121.5999999999995111,7.1136584281921387
17.6999999999999318,121.6999999999995055,6.9054179191589355
17.6999999999999318,121.7999999999994998,6.7213969230651855
17.6999999999999318,121.8999999999994941,7.3625564575195312
17.6999999999999318,121.9999999999994884,8.8371629714965820
17.6999999999999318,122.0999999999994827,11.5843801498413086
17.5999999999999304,120.3999999999995794,21.3545150756835938
17.5999999999999304,120.4999999999995737,17.0280818939208984
17.5999999999999304,120.5999999999995680,13.1082143783569336
17.5999999999999304,120.6999999999995623,11.2706899642944336
17.5999999999999304,120.7999999999995566,10.9918680191040039
17.5999999999999304,120.8999999999995509,11.1176481246948242
17.5999999999999304,120.9999999999995453,10.3438348770141602
17.5999999999999304,121.0999999999995396,8.3122282028198242
17.5999999999999304,121.1999999999995339,6.8402175903320312
17.5999999999999304,121.2999999999995282,6.1004562377929688
17.5999999999999304,121.3999999999995225,6.9045319557189941
17.5999999999999304,121.4999999999995168,7.4767112731933594
17.5999999999999304,121.5999999999995111,7.2261424064636230
17.5999999999999304,121.6999999999995055,6.9265322685241699
17.5999999999999304,121.7999999999994998,6.5524506568908691
17.5999999999999304,121.8999999999994941,6.8188052177429199
17.5999999999999304,121.9999999999994884,8.5918073654174805
17.5999999999999304,122.0999999999994827,11.7437887191772461
17.4999999999999289,120.4999999999995737,16.5032005310058594
17.4999999999999289,120.5999999999995680,12.6260528564453125
17.4999999999999289,120.6999999999995623,10.7329444885253906
17.4999999999999289,120.7999999999995566,10.5970306396484375
17.4999999999999289,120.8999999999995509,10.6731548309326172
17.4999999999999289,120.9999999999995453,10.2289638519287109
17.4999999999999289,121.0999999999995396,8.4041719436645508
17.4999999999999289,121.1999999999995339,6.4655151367187500
17.4999999999999289,121.2999999999995282,6.0374522209167480
17.4999999999999289,121.3999999999995225,6.6896586418151855
17.4999999999999289,121.4999999999995168,7.3352174758911133
17.4999999999999289,121.5999999999995111,6.9162912368774414
17.4999999999999289,121.6999999999995055,6.5714387893676758
17.4999999999999289,121.7999999999994998,6.3626217842102051
17.4999999999999289,121.8999999999994941,7.3131303787231445
17.4999999999999289,121.9999999999994884,8.2040176391601562
17.4999999999999289,122.0999999999994827,10.0769720077514648
17.3999999999999275,120.4999999999995737,16.0676460266113281
17.3999999999999275,120.5999999999995680,11.5353956222534180
17.3999999999999275,120.6999999999995623,9.8500890731811523
17.3999999999999275,120.7999999999995566,9.6424865722656250
17.3999999999999275,120.8999999999995509,9.7234106063842773
17.3999999999999275,120.9999999999995453,9.4362554550170898
17.3999999999999275,121.0999999999995396,8.5120849609375000
17.3999999999999275,121.1999999999995339,7.1645655632019043
17.3999999999999275,121.2999999999995282,6.7733421325683594
17.3999999999999275,121.3999999999995225,6.7413611412048340
17.3999999999999275,121.4999999999995168,7.5898070335388184
17.3999999999999275,121.5999999999995111,6.8169059753417969
17.3999999999999275,121.6999999999995055,6.6421813964843750
17.3999999999999275,121.7999999999994998,7.3902087211608887
17.3999999999999275,121.8999999999994941,8.0982923507690430
17.3999999999999275,121.9999999999994884,7.9923357963562012
17.3999999999999275,122.0999999999994827,8.7781763076782227
17.3999999999999275,122.1999999999994770,11.5046377182006836
17.2999999999999261,120.4999999999995737,16.2565364837646484
17.2999999999999261,120.5999999999995680,10.8995113372802734
17.2999999999999261,120.6999999999995623,8.7493762969970703
17.2999999999999261,120.7999999999995566,8.6239891052246094
17.2999999999999261,120.8999999999995509,8.8297872543334961
17.2999999999999261,120.9999999999995453,8.6032247543334961
17.2999999999999261,121.0999999999995396,7.9230866432189941
17.2999999999999261,121.1999999999995339,7.3177156448364258
17.2999999999999261,121.2999999999995282,6.6756043434143066
17.2999999999999261,121.3999999999995225,6.5687522888183594
17.2999999999999261,121.4999999999995168,7.4296011924743652
17.2999999999999261,121.5999999999995111,7.0398097038269043
17.2999999999999261,121.6999999999995055,7.4107604026794434
17.2999999999999261,121.7999999999994998,8.4173278808593750
17.2999999999999261,121.8999999999994941,8.1174879074096680
17.2999999999999261,121.9999999999994884,7.6542291641235352
17.2999999999999261,122.0999999999994827,7.8675851821899414
17.2999999999999261,122.1999999999994770,10.5716352462768555
17.2999999999999261,122.2999999999994714,13.5749254226684570
17.1999999999999247,120.4999999999995737,17.2019996643066406
17.1999999999999247,120.5999999999995680,10.6139163970947266
17.1999999999999247,120.6999999999995623,7.7045092582702637
17.1999999999999247,120.7999999999995566,7.8151917457580566
17.1999999999999247,120.8999999999995509,8.1553783416748047
17.1999999999999247,120.9999999999995453,7.9594740867614746
17.1999999999999247,121.0999999999995396,7.4557085037231445
17.1999999999999247,121.1999999999995339,7.4086771011352539
17.1999999999999247,121.2999999999995282,7.4575209617614746
17.1999999999999247,121.3999999999995225,7.0445542335510254
17.1999999999999247,121.4999999999995168,7.6982989311218262
17.1999999999999247,121.5999999999995111,7.5093455314636230
17.1999999999999247,121.6999999999995055,8.4549484252929688
17.1999999999999247,121.7999999999994998,8.9968557357788086
17.1999999999999247,121.8999999999994941,8.6118183135986328
17.1999999999999247,121.9999999999994884,8.1210813522338867
17.1999999999999247,122.0999999999994827,8.8574218750000000
17.1999999999999247,122.1999999999994770,11.4283580780029297
17.1999999999999247,122.2999999999994714,13.1625766754150391
17.1999999999999247,122.3999999999994657,14.3475027084350586
17.0999999999999233,120.4999999999995737,16.7103824615478516
17.0999999999999233,120.5999999999995680,9.9439735412597656
17.0999999999999233,120.6999999999995623,6.3290410041809082
17.0999999999999233,120.7999999999995566,6.9193034172058105
17.0999999999999233,120.8999999999995509,7.7964892387390137
17.0999999999999233,120.9999999999995453,7.7075514793395996
17.0999999999999233,121.0999999999995396,7.5676140785217285
17.0999999999999233,121.1999999999995339,8.1742734909057617
17.0999999999999233,121.2999999999995282,8.3022508621215820
17.0999999999999233,121.3999999999995225,8.8796710968017578
17.0999999999999233,121.4999999999995168,8.4878730773925781
17.0999999999999233,121.5999999999995111,8.5686645507812500
17.0999999999999233,121.6999999999995055,9.3766469955444336
17.0999999999999233,121.7999999999994998,9.9581184387207031
17.0999999999999233,121.8999999999994941,9.4792013168334961
17.0999999999999233,121.9999999999994884,9.5454578399658203
17.0999999999999233,122.0999999999994827,10.2556400299072266
17.0999999999999233,122.1999999999994770,11.6588954925537109
17.0999999999999233,122.2999999999994714,11.5588827133178711
17.0999999999999233,122.3999999999994657,14.4105854034423828
17.0999999999999233,122.4999999999994600,19.5683307647705078
16.9999999999999218,120.4999999999995737,16.6572360992431641
16.9999999999999218,120.5999999999995680,9.0184621810913086
16.9999999999999218,120.6999999999995623,5.4983611106872559
16.9999999999999218,120.7999999999995566,6.3165221214294434
16.9999999999999218,120.8999999999995509,7.5080828666687012
16.9999999999999218,120.9999999999995453,7.8244757652282715
16.9999999999999218,121.0999999999995396,8.0466241836547852
16.9999999999999218,121.1999999999995339,8.6181011199951172
16.9999999999999218,121.2999999999995282,8.8969945907592773
16.9999999999999218,121.3999999999995225,9.5397167205810547
16.9999999999999218,121.4999999999995168,10.0340347290039062
16.9999999999999218,121.5999999999995111,10.0688467025756836
16.9999999999999218,121.6999999999995055,10.7149419784545898
16.9999999999999218,121.7999999999994998,11.3448333740234375
16.9999999999999218,121.8999999999994941,11.2472200393676758
16.9999999999999218,121.9999999999994884,11.1887617111206055
16.9999999999999218,122.0999999999994827,11.0897512435913086
16.9999999999999218,122.1999999999994770,10.6820468902587891
16.9999999999999218,122.2999999999994714,10.5095815658569336
16.9999999999999218,122.3999999999994657,13.3708829879760742
16.8999999999999204,120.3999999999995794,19.9982185363769531
16.8999999999999204,120.4999999999995737,15.0512695312500000
16.8999999999999204,120.5999999999995680,7.8198823928833008
16.8999999999999204,120.6999999999995623,5.3212909698486328
16.8999999999999204,120.7999999999995566,6.2468891143798828
16.8999999999999204,120.8999999999995509,6.8561844825744629
16.8999999999999204,120.9999999999995453,7.3534913063049316
16.8999999999999204,121.0999999999995396,7.8338365554809570
16.8999999999999204,121.1999999999995339,8.7591543197631836
16.8999999999999204,121.2999999999995282,9.2656335830688477
16.8999999999999204,121.3999999999995225,9.8689727783203125
16.8999999999999204,121.4999999999995168,9.9487142562866211
16.8999999999999204,121.5999999999995111,9.6699991226196289
16.8999999999999204,121.6999999999995055,10.2769489288330078
16.8999999999999204,121.7999999999994998,11.1530904769897461
16.8999999999999204,121.8999999999994941,11.1606893539428711
16.8999999999999204,121.9999999999994884,10.9864416122436523
16.8999999999999204,122.0999999999994827,10.6663694381713867
16.8999999999999204,122.1999999999994770,10.3288412094116211
16.8999999999999204,122.2999999999994714,10.4667348861694336
16.8999999999999204,122.3999999999994657,13.5071401596069336
16.7999999999999190,120.3999999999995794,18.4664077758789062
16.7999999999999190,120.4999999999995737,12.4525394439697266
16.7999999999999190,120.5999999999995680,6.8005638122558594
16.7999999999999190,120.6999999999995623,5.4751696586608887
16.7999999999999190,120.7999999999995566,6.0039305686950684
16.7999999999999190,120.8999999999995509,6.6932206153869629
16.7999999999999190,120.9999999999995453,7.3163871765136719
16.7999999999999190,121.0999999999995396,7.8296542167663574
16.7999999999999190,121.1999999999995339,9.0829792022705078
16.7999999999999190,121.2999999999995282,9.6770048141479492
16.7999999999999190,121.3999999999995225,10.0961246490478516
16.7999999999999190,121.4999999999995168,10.4836997985839844
16.7999999999999190,121.5999999999995111,9.8413734436035156
16.7999999999999190,121.6999999999995055,9.8342847824096680
16.7999999999999190,121.7999999999994998,10.7268896102905273
16.7999999999999190,121.8999999999994941,10.5524654388427734
16.7999999999999190,121.9999999999994884,10.1566734313964844
16.7999999999999190,122.0999999999994827,10.1105422973632812
16.7999999999999190,122.1999999999994770,10.3245725631713867
16.7999999999999190,122.2999999999994714,10.7202405929565430
16.7999999999999190,122.3999999999994657,12.5498456954956055
16.6999999999999176,120.3999999999995794,15.5803480148315430
16.6999999999999176,120.4999999999995737,9.6652660369873047
16.6999999999999176,120.5999999999995680,4.8514437675476074
16.6999999999999176,120.6999999999995623,5.1670417785644531
16.6999999999999176,120.7999999999995566,5.6555423736572266
16.6999999999999176,120.8999999999995509,6.8391089439392090
16.6999999999999176,120.9999999999995453,7.6147766113281250
16.6999999999999176,121.0999999999995396,8.2431612014770508
16.6999999999999176,121.1999999999995339,9.4858226776123047
16.6999999999999176,121.2999999999995282,9.9689950942993164
16.6999999999999176,121.3999999999995225,10.5034494400024414
16.6999999999999176,121.4999999999995168,10.7907056808471680
16.6999999999999176,121.5999999999995111,10.4300003051757812
16.6999999999999176,121.6999999999995055,10.0741348266601562
16.6999999999999176,121.7999999999994998,10.6224231719970703
16.6999999999999176,121.8999999999994941,10.1696510314941406
16.6999999999999176,121.9999999999994884,9.9858961105346680
16.6999999999999176,122.0999999999994827,10.0619554519653320
16.6999999999999176,122.1999999999994770,10.4243631362915039
16.6999999999999176,122.2999999999994714,11.0137243270874023
16.5999999999999162,120.2999999999995850,18.8918647766113281
16.5999999999999162,120.3999999999995794,14.4483633041381836
16.5999999999999162,120.4999999999995737,8.4857892990112305
16.5999999999999162,120.5999999999995680,5.8636980056762695
16.5999999999999162,120.6999999999995623,5.2068877220153809
16.5999999999999162,120.7999999999995566,5.7052035331726074
16.5999999999999162,120.8999999999995509,6.4829201698303223
16.5999999999999162,120.9999999999995453,7.1245856285095215
16.5999999999999162,121.0999999999995396,7.8520884513854980
16.5999999999999162,121.1999999999995339,8.4218769073486328
16.5999999999999162,121.2999999999995282,8.7815008163452148
16.5999999999999162,121.3999999999995225,9.3059682846069336
16.5999999999999162,121.4999999999995168,9.7742376327514648
16.5999999999999162,121.5999999999995111,9.4265804290771484
16.5999999999999162,121.6999999999995055,9.1960630416870117
16.5999999999999162,121.7999999999994998,10.0741577148437500
16.5999999999999162,121.8999999999994941,10.9369745254516602
16.5999999999999162,121.9999999999994884,11.4476242065429688
16.5999999999999162,122.0999999999994827,11.7663879394531250
16.5999999999999162,122.1999999999994770,12.5482149124145508
16.5999999999999162,122.2999999999994714,14.0206317901611328
16.4999999999999147,120.2999999999995850,16.2475624084472656
16.4999999999999147,120.3999999999995794,13.4119081497192383
16.4999999999999147,120.4999999999995737,8.2897214889526367
16.4999999999999147,120.5999999999995680,6.2374014854431152
16.4999999999999147,120.6999999999995623,5.5731401443481445
16.4999999999999147,120.7999999999995566,5.5014495849609375
16.4999999999999147,120.8999999999995509,7.5816278457641602
16.4999999999999147,120.9999999999995453,7.5908813476562500
16.4999999999999147,121.0999999999995396,7.7429156303405762
16.4999999999999147,121.1999999999995339,8.2192983627319336
16.4999999999999147,121.2999999999995282,8.0771512985229492
16.4999999999999147,121.3999999999995225,8.1790618896484375
16.4999999999999147,121.4999999999995168,8.6067914962768555
16.4999999999999147,121.5999999999995111,8.3359041213989258
16.4999999999999147,121.6999999999995055,8.6745271682739258
16.4999999999999147,121.7999999999994998,9.8182706832885742
16.4999999999999147,121.8999999999994941,10.8005876541137695
16.4999999999999147,121.9999999999994884,12.8052978515625000
16.4999999999999147,122.0999999999994827,14.2680435180664062
16.4999999999999147,122.1999999999994770,16.8162784576416016
16.3999999999999133,120.3999999999995794,13.7330312728881836
16.3999999999999133,120.4999999999995737,9.4887361526489258
16.3999999999999133,120.5999999999995680,7.4804892539978027
16.3999999999999133,120.6999999999995623,6.8341670036315918
16.3999999999999133,120.7999999999995566,5.4434409141540527
16.3999999999999133,120.8999999999995509,7.7891716957092285
16.3999999999999133,120.9999999999995453,8.0986776351928711
16.3999999999999133,121.0999999999995396,7.6869730949401855
16.3999999999999133,121.1999999999995339,8.2489738464355469
16.3999999999999133,121.2999999999995282,8.1957769393920898
16.3999999999999133,121.3999999999995225,7.8565192222595215
16.3999999999999133,121.4999999999995168,8.0923280715942383
16.3999999999999133,121.5999999999995111,8.2055530548095703
16.3999999999999133,121.6999999999995055,9.1763572692871094
16.3999999999999133,121.7999999999994998,10.4868001937866211
16.3999999999999133,121.8999999999994941,11.7208242416381836
16.3999999999999133,121.9999999999994884,14.4478149414062500
16.3999999999999133,122.0999999999994827,17.4424724578857422
16.3999999999999133,122.1999999999994770,20.3647823333740234
16.2999999999999119,119.7999999999996135,25.7428073883056641
16.2999999999999119,120.3999999999995794,16.5214271545410156
16.2999999999999119,120.4999999999995737,11.4170026779174805
16.2999999999999119,120.5999999999995680,10.1824884414672852
16.2999999999999119,120.6999999999995623,9.5749149322509766
16.2999999999999119,120.7999999999995566,7.9645991325378418
16.2999999999999119,120.8999999999995509,6.5526084899902344
16.2999999999999119,120.9999999999995453,7.5189948081970215
16.2999999999999119,121.0999999999995396,8.2276487350463867
16.2999999999999119,121.1999999999995339,8.6478242874145508
16.2999999999999119,121.2999999999995282,8.4778070449829102
16.2999999999999119,121.3999999999995225,7.7838072776794434
16.2999999999999119,121.4999999999995168,7.5514082908630371
16.2999999999999119,121.5999999999995111,9.8674821853637695
16.2999999999999119,121.6999999999995055,11.1490859985351562
16.2999999999999119,121.7999999999994998,12.2030000686645508
16.2999999999999119,121.8999999999994941,14.7469854354858398
16.2999999999999119,121.9999999999994884,18.4074077606201172
16.2999999999999119,122.0999999999994827,21.3602523803710938
16.1999999999999105,119.7999999999996135,24.3852539062500000
16.1999999999999105,119.8999999999996078,25.3148841857910156
16.1999999999999105,119.9999999999996021,26.3219795227050781
16.1999999999999105,120.4999999999995737,16.8715515136718750
16.1999999999999105,120.5999999999995680,13.8787631988525391
16.1999999999999105,120.6999999999995623,11.9726734161376953
16.1999999999999105,120.7999999999995566,9.2372255325317383
16.1999999999999105,120.8999999999995509,6.8680872917175293
16.1999999999999105,120.9999999999995453,7.7981753349304199
16.1999999999999105,121.0999999999995396,8.0782518386840820
16.1999999999999105,121.1999999999995339,8.8495845794677734
16.1999999999999105,121.2999999999995282,8.4693307876586914
16.1999999999999105,121.3999999999995225,7.3322615623474121
16.1999999999999105,121.4999999999995168,6.8095841407775879
16.1999999999999105,121.5999999999995111,9.6651849746704102
16.1999999999999105,121.6999999999995055,13.1451940536499023
16.1999999999999105,121.7999999999994998,15.9088773727416992
16.1999999999999105,121.8999999999994941,19.2143592834472656
16.1999999999999105,121.9999999999994884,23.3737449645996094
16.0999999999999091,119.7999999999996135,24.0082435607910156
16.0999999999999091,119.8999999999996078,24.6834468841552734
16.0999999999999091,119.9999999999996021,25.9738101959228516
16.0999999999999091,120.4999999999995737,17.8136005401611328
16.0999999999999091,120.5999999999995680,14.8831243515014648
16.0999999999999091,120.6999999999995623,13.2331132888793945
16.0999999999999091,120.7999999999995566,10.5420360565185547
16.0999999999999091,120.8999999999995509,8.1235218048095703
16.0999999999999091,120.9999999999995453,8.1296281814575195
16.0999999999999091,121.0999999999995396,8.3974485397338867
16.0999999999999091,121.1999999999995339,8.8246097564697266
16.0999999999999091,121.2999999999995282,8.4727916717529297
16.0999999999999091,121.3999999999995225,7.9415130615234375
16.0999999999999091,121.4999999999995168,8.2351102828979492
16.0999999999999091,121.5999999999995111,10.9358777999877930
16.0999999999999091,121.6999999999995055,14.7746658325195312
15.9999999999999094,119.7999999999996135,24.0218868255615234
15.9999999999999094,119.8999999999996078,24.6866359710693359
15.9999999999999094,119.9999999999996021,22.8608379364013672
15.9999999999999094,120.0999999999995964,19.6831436157226562
15.9999999999999094,120.1999999999995907,18.4697818756103516
15.9999999999999094,120.2999999999995850,19.0631561279296875
15.9999999999999094,120.3999999999995794,18.3568439483642578
15.9999999999999094,120.4999999999995737,15.3248462677001953
15.9999999999999094,120.5999999999995680,14.6103200912475586
15.9999999999999094,120.6999999999995623,13.6104278564453125
15.9999999999999094,120.7999999999995566,11.9032392501831055
15.9999999999999094,120.8999999999995509,9.7728633880615234
15.9999999999999094,120.9999999999995453,8.6682729721069336
15.9999999999999094,121.0999999999995396,8.8497190475463867
15.9999999999999094,121.1999999999995339,9.2688169479370117
15.9999999999999094,121.2999999999995282,9.4884996414184570
15.9999999999999094,121.3999999999995225,10.3979825973510742
15.9999999999999094,121.4999999999995168,10.9742498397827148
15.9999999999999094,121.5999999999995111,13.5709943771362305
15.8999999999999098,119.9999999999996021,18.3235569000244141
15.8999999999999098,120.0999999999995964,14.9185104370117188
15.8999999999999098,120.1999999999995907,14.2394962310791016
15.8999999999999098,120.2999999999995850,14.8960447311401367
15.8999999999999098,120.3999999999995794,16.1443023681640625
15.8999999999999098,120.4999999999995737,15.1632947921752930
15.8999999999999098,120.5999999999995680,14.7625875473022461
15.8999999999999098,120.6999999999995623,13.8026914596557617
15.8999999999999098,120.7999999999995566,12.3049144744873047
15.8999999999999098,120.8999999999995509,11.4842023849487305
15.8999999999999098,120.9999999999995453,9.9301862716674805
15.8999999999999098,121.0999999999995396,9.2614316940307617
15.8999999999999098,121.1999999999995339,9.7787780761718750
15.8999999999999098,121.2999999999995282,10.6697282791137695
15.8999999999999098,121.3999999999995225,12.1866998672485352
15.8999999999999098,121.4999999999995168,14.0748538970947266
15.8999999999999098,121.5999999999995111,15.3655700683593750
15.7999999999999101,119.9999999999996021,15.6691455841064453
15.7999999999999101,120.0999999999995964,12.4426898956298828
15.7999999999999101,120.1999999999995907,11.6696910858154297
15.7999999999999101,120.2999999999995850,12.2888383865356445
15.7999999999999101,120.3999999999995794,13.8151769638061523
15.7999999999999101,120.4999999999995737,14.9424057006835938
15.7999999999999101,120.5999999999995680,14.5545091629028320
15.7999999999999101,120.6999999999995623,13.6008329391479492
15.7999999999999101,120.7999999999995566,12.4097557067871094
15.7999999999999101,120.8999999999995509,12.0645914077758789
15.7999999999999101,120.9999999999995453,10.4705419540405273
15.7999999999999101,121.0999999999995396,8.2034835815429688
15.7999999999999101,121.1999999999995339,8.8872623443603516
15.7999999999999101,121.2999999999995282,9.9764413833618164
15.7999999999999101,121.3999999999995225,11.4998197555541992
15.7999999999999101,121.4999999999995168,13.3510150909423828
15.6999999999999105,119.9999999999996021,14.2610540390014648
15.6999999999999105,120.0999999999995964,10.4350433349609375
15.6999999999999105,120.1999999999995907,9.9568319320678711
15.6999999999999105,120.2999999999995850,9.9207468032836914
15.6999999999999105,120.3999999999995794,11.0350656509399414
15.6999999999999105,120.4999999999995737,13.1829118728637695
15.6999999999999105,120.5999999999995680,14.0846624374389648
15.6999999999999105,120.6999999999995623,13.2711257934570312
15.6999999999999105,120.7999999999995566,12.4997434616088867
15.6999999999999105,120.8999999999995509,12.6363353729248047
15.6999999999999105,120.9999999999995453,11.1516952514648438
15.6999999999999105,121.0999999999995396,8.5136318206787109
15.6999999999999105,121.1999999999995339,7.4720978736877441
15.6999999999999105,121.2999999999995282,8.2552480697631836
15.6999999999999105,121.3999999999995225,9.7507410049438477
15.6999999999999105,121.4999999999995168,12.7095861434936523
15.5999999999999108,119.9999999999996021,14.3164339065551758
15.5999999999999108,120.0999999999995964,9.2096519470214844
15.5999999999999108,120.1999999999995907,8.2972002029418945
15.5999999999999108,120.2999999999995850,8.2341279983520508
15.5999999999999108,120.3999999999995794,8.6425161361694336
15.5999999999999108,120.4999999999995737,10.7379894256591797
15.5999999999999108,120.5999999999995680,12.8917665481567383
15.5999999999999108,120.6999999999995623,13.1690721511840820
15.5999999999999108,120.7999999999995566,13.1741733551025391
15.5999999999999108,120.8999999999995509,13.5618791580200195
15.5999999999999108,120.9999999999995453,11.9500284194946289
15.5999999999999108,121.0999999999995396,9.1260337829589844
15.5999999999999108,121.1999999999995339,7.2754387855529785
15.5999999999999108,121.2999999999995282,8.3686847686767578
15.5999999999999108,121.3999999999995225,11.0531959533691406
15.5999999999999108,121.4999999999995168,14.1591634750366211
15.4999999999999112,119.9999999999996021,14.7767171859741211
15.4999999999999112,120.0999999999995964,8.7982387542724609
15.4999999999999112,120.1999999999995907,7.6646461486816406
15.4999999999999112,120.2999999999995850,7.5857920646667480
15.4999999999999112,120.3999999999995794,8.0266685485839844
15.4999999999999112,120.4999999999995737,10.0379114151000977
15.4999999999999112,120.5999999999995680,12.1394567489624023
15.4999999999999112,120.6999999999995623,12.8673582077026367
15.4999999999999112,120.7999999999995566,13.0092267990112305
15.4999999999999112,120.8999999999995509,13.2861194610595703
15.4999999999999112,120.9999999999995453,11.9065198898315430
15.4999999999999112,121.0999999999995396,9.1028795242309570
15.4999999999999112,121.1999999999995339,8.2306261062622070
15.4999999999999112,121.2999999999995282,12.4464111328125000
15.4999999999999112,121.3999999999995225,15.7240142822265625
15.4999999999999112,121.4999999999995168,17.6111488342285156
15.3999999999999115,119.8999999999996078,20.8075485229492188
15.3999999999999115,119.9999999999996021,14.9357423782348633
15.3999999999999115,120.0999999999995964,8.9363470077514648
15.3999999999999115,120.1999999999995907,7.7449417114257812
15.3999999999999115,120.2999999999995850,7.5139336585998535
15.3999999999999115,120.3999999999995794,7.9076890945434570
15.3999999999999115,120.4999999999995737,9.8664731979370117
15.3999999999999115,120.5999999999995680,12.0547561645507812
15.3999999999999115,120.6999999999995623,12.8714666366577148
15.3999999999999115,120.7999999999995566,12.6735296249389648
15.3999999999999115,120.8999999999995509,13.3031330108642578
15.3999999999999115,120.9999999999995453,11.7669134140014648
15.3999999999999115,121.0999999999995396,10.2688722610473633
15.3999999999999115,121.1999999999995339,11.2827291488647461
15.3999999999999115,121.2999999999995282,15.6203107833862305
15.2999999999999119,119.9999999999996021,14.4733381271362305
15.2999999999999119,120.0999999999995964,10.2966241836547852
15.2999999999999119,120.1999999999995907,9.0959272384643555
15.2999999999999119,120.2999999999995850,8.0301065444946289
15.2999999999999119,120.3999999999995794,8.0336875915527344
15.2999999999999119,120.4999999999995737,10.1344289779663086
15.2999999999999119,120.5999999999995680,12.3661565780639648
15.2999999999999119,120.6999999999995623,13.1666402816772461
15.2999999999999119,120.7999999999995566,12.7660522460937500
15.2999999999999119,120.8999999999995509,13.2241010665893555
15.2999999999999119,120.9999999999995453,12.9201459884643555
15.2999999999999119,121.0999999999995396,11.7861661911010742
15.2999999999999119,121.1999999999995339,13.5924367904663086
15.2999999999999119,121.2999999999995282,17.4716911315917969
15.2999999999999119,121.3999999999995225,21.6364822387695312
15.1999999999999122,120.0999999999995964,11.0004205703735352
15.1999999999999122,120.1999999999995907,9.8104858398437500
15.1999999999999122,120.2999999999995850,8.3570404052734375
15.1999999999999122,120.3999999999995794,7.9276695251464844
15.1999999999999122,120.4999999999995737,10.6751394271850586
15.1999999999999122,120.5999999999995680,13.0821943283081055
15.1999999999999122,120.6999999999995623,13.9005985260009766
15.1999999999999122,120.7999999999995566,13.4781637191772461
15.1999999999999122,120.8999999999995509,14.0969362258911133
15.1999999999999122,120.9999999999995453,13.4188995361328125
15.1999999999999122,121.0999999999995396,11.8687658309936523
15.1999999999999122,121.1999999999995339,13.2287235260009766
15.1999999999999122,121.2999999999995282,16.9427108764648438
15.0999999999999126,120.0999999999995964,12.5660905838012695
15.0999999999999126,120.1999999999995907,10.2907075881958008
15.0999999999999126,120.2999999999995850,8.0574321746826172
15.0999999999999126,120.3999999999995794,7.4918336868286133
15.0999999999999126,120.4999999999995737,10.6754150390625000
15.0999999999999126,120.5999999999995680,13.9843740463256836
15.0999999999999126,120.6999999999995623,14.7517614364624023
15.0999999999999126,120.7999999999995566,13.8897523880004883
15.0999999999999126,120.8999999999995509,15.1476211547851562
15.0999999999999126,120.9999999999995453,14.6464643478393555
15.0999999999999126,121.0999999999995396,12.6567649841308594
15.0999999999999126,121.1999999999995339,12.5343627929687500
15.0999999999999126,121.2999999999995282,16.0589389801025391
15.0999999999999126,121.3999999999995225,18.6102161407470703
14.9999999999999130,120.0999999999995964,13.9239339828491211
14.9999999999999130,120.1999999999995907,10.8049116134643555
14.9999999999999130,120.2999999999995850,8.5495328903198242
14.9999999999999130,120.3999999999995794,8.1606025695800781
14.9999999999999130,120.4999999999995737,11.1576004028320312
14.9999999999999130,120.5999999999995680,14.1473569869995117
14.9999999999999130,120.6999999999995623,15.6495332717895508
14.9999999999999130,120.7999999999995566,14.7488040924072266
14.9999999999999130,120.8999999999995509,16.3092365264892578
14.9999999999999130,120.9999999999995453,15.6500959396362305
14.9999999999999130,121.0999999999995396,13.7524671554565430
14.9999999999999130,121.1999999999995339,12.3534946441650391
14.9999999999999130,121.2999999999995282,13.6402893066406250
14.9999999999999130,121.3999999999995225,16.1385459899902344
14.9999999999999130,121.4999999999995168,18.8496570587158203
14.9999999999999130,121.8999999999994941,31.3021297454833984
14.9999999999999130,121.9999999999994884,31.5301971435546875
14.8999999999999133,120.0999999999995964,17.1000270843505859
14.8999999999999133,120.1999999999995907,13.4078369140625000
14.8999999999999133,120.2999999999995850,11.0829725265502930
14.8999999999999133,120.3999999999995794,10.2713737487792969
14.8999999999999133,120.4999999999995737,12.9457216262817383
14.8999999999999133,120.7999999999995566,15.3884229660034180
14.8999999999999133,120.8999999999995509,16.3813495635986328
14.8999999999999133,120.9999999999995453,15.8686895370483398
14.8999999999999133,121.0999999999995396,14.0896015167236328
14.8999999999999133,121.1999999999995339,12.4428453445434570
14.8999999999999133,121.2999999999995282,11.8859195709228516
14.8999999999999133,121.3999999999995225,13.7022294998168945
14.8999999999999133,121.4999999999995168,16.3839778900146484
14.8999999999999133,121.8999999999994941,30.3417358398437500
14.8999999999999133,121.9999999999994884,31.0001678466796875
14.7999999999999137,120.1999999999995907,17.5509300231933594
14.7999999999999137,120.2999999999995850,13.6133880615234375
14.7999999999999137,120.3999999999995794,13.8607053756713867
14.7999999999999137,120.4999999999995737,15.1294498443603516
14.7999999999999137,120.8999999999995509,17.0053958892822266
14.7999999999999137,120.9999999999995453,16.3049831390380859
14.7999999999999137,121.0999999999995396,14.6297149658203125
14.7999999999999137,121.1999999999995339,12.9933347702026367
14.7999999999999137,121.2999999999995282,11.4350261688232422
14.7999999999999137,121.3999999999995225,11.7829885482788086
14.7999999999999137,121.4999999999995168,13.9474744796752930
14.7999999999999137,121.5999999999995111,18.1557960510253906
14.7999999999999137,121.8999999999994941,30.2652988433837891
14.7999999999999137,121.9999999999994884,31.6256752014160156
14.7999999999999137,122.1999999999994770,32.2053451538085938
14.6999999999999140,120.2999999999995850,16.1689147949218750
14.6999999999999140,120.3999999999995794,15.5041856765747070
14.6999999999999140,120.4999999999995737,16.1504383087158203
14.6999999999999140,120.9999999999995453,17.6494350433349609
14.6999999999999140,121.0999999999995396,15.8969926834106445
14.6999999999999140,121.1999999999995339,14.1514196395874023
14.6999999999999140,121.2999999999995282,12.6946735382080078
14.6999999999999140,121.3999999999995225,11.2195444107055664
14.6999999999999140,121.4999999999995168,12.7101020812988281
14.6999999999999140,121.5999999999995111,17.3165416717529297
14.6999999999999140,121.9999999999994884,31.2211055755615234
14.6999999999999140,122.3999999999994657,32.1679840087890625
14.5999999999999144,120.3999999999995794,18.2057647705078125
14.5999999999999144,120.4999999999995737,18.0744419097900391
14.5999999999999144,120.5999999999995680,20.5698928833007812
14.5999999999999144,120.9999999999995453,17.2231025695800781
14.5999999999999144,121.0999999999995396,17.1369132995605469
14.5999999999999144,121.1999999999995339,16.2634391784667969
14.5999999999999144,121.2999999999995282,15.3581838607788086
14.5999999999999144,121.3999999999995225,13.1738510131835938
14.5999999999999144,121.4999999999995168,12.5658140182495117
14.5999999999999144,121.5999999999995111,17.4471912384033203
14.4999999999999147,120.4999999999995737,21.4800834655761719
14.4999999999999147,120.5999999999995680,21.6634616851806641
14.4999999999999147,121.0999999999995396,17.5321903228759766
14.4999999999999147,121.1999999999995339,18.9765300750732422
14.4999999999999147,121.2999999999995282,17.5911273956298828
14.4999999999999147,121.3999999999995225,14.9898071289062500
14.4999999999999147,121.4999999999995168,13.2359895706176758
14.4999999999999147,121.5999999999995111,17.0871696472167969
14.3999999999999151,120.7999999999995566,18.3093681335449219
14.3999999999999151,120.8999999999995509,16.1760768890380859
14.3999999999999151,120.9999999999995453,16.3192882537841797
14.3999999999999151,121.2999999999995282,16.5212783813476562
14.3999999999999151,121.4999999999995168,12.4091596603393555
14.3999999999999151,121.5999999999995111,16.9027328491210938
14.3999999999999151,121.6999999999995055,20.6385612487792969
14.2999999999999154,120.6999999999995623,19.3168144226074219
14.2999999999999154,120.7999999999995566,17.8052845001220703
14.2999999999999154,120.8999999999995509,15.3923597335815430
14.2999999999999154,120.9999999999995453,14.3456678390502930
14.2999999999999154,121.0999999999995396,15.8749561309814453
14.2999999999999154,121.4999999999995168,12.1532278060913086
14.2999999999999154,121.5999999999995111,15.9628677368164062
14.2999999999999154,121.6999999999995055,23.6870975494384766
14.2999999999999154,122.4999999999994600,19.9310207366943359
14.2999999999999154,122.6999999999994486,19.8739414215087891
14.1999999999999158,120.5999999999995680,19.9882812500000000
14.1999999999999158,120.6999999999995623,17.9458045959472656
14.1999999999999158,120.7999999999995566,15.9423246383666992
14.1999999999999158,120.8999999999995509,13.9317674636840820
14.1999999999999158,120.9999999999995453,12.7685308456420898
14.1999999999999158,121.0999999999995396,13.8924636840820312
14.1999999999999158,121.3999999999995225,11.7349042892456055
14.1999999999999158,121.4999999999995168,10.4966735839843750
14.1999999999999158,121.5999999999995111,16.3136978149414062
14.1999999999999158,121.6999999999995055,24.4084758758544922
14.1999999999999158,121.9999999999994884,27.4236049652099609
14.1999999999999158,122.3999999999994657,17.5186805725097656
14.1999999999999158,122.4999999999994600,17.3952751159667969
14.1999999999999158,122.5999999999994543,17.1132831573486328
14.1999999999999158,122.6999999999994486,17.1808719635009766
14.1999999999999158,122.7999999999994429,17.4589748382568359
14.1999999999999158,122.8999999999994373,18.6643123626708984
14.0999999999999162,120.5999999999995680,19.7695503234863281
14.0999999999999162,120.6999999999995623,18.3072242736816406
14.0999999999999162,120.7999999999995566,16.1819095611572266
14.0999999999999162,120.8999999999995509,14.0883913040161133
14.0999999999999162,120.9999999999995453,12.0025854110717773
14.0999999999999162,121.0999999999995396,11.8264904022216797
14.0999999999999162,121.1999999999995339,12.9099168777465820
14.0999999999999162,121.2999999999995282,11.5454902648925781
14.0999999999999162,121.3999999999995225,10.2724647521972656
14.0999999999999162,121.4999999999995168,10.7977905273437500
14.0999999999999162,121.5999999999995111,16.2624263763427734
14.0999999999999162,121.6999999999995055,24.2025585174560547
14.0999999999999162,121.7999999999994998,30.4027004241943359
14.0999999999999162,122.0999999999994827,22.3560047149658203
14.0999999999999162,122.2999999999994714,17.8096981048583984
14.0999999999999162,122.3999999999994657,16.8946571350097656
14.0999999999999162,122.4999999999994600,16.7569580078125000
14.0999999999999162,122.5999999999994543,17.5251216888427734
14.0999999999999162,122.6999999999994486,16.6497554779052734
14.0999999999999162,122.7999999999994429,16.4555301666259766
14.0999999999999162,122.8999999999994373,17.1587295532226562
14.0999999999999162,122.9999999999994316,19.0608596801757812
13.9999999999999165,120.6999999999995623,20.9903087615966797
13.9999999999999165,120.7999999999995566,18.8818740844726562
13.9999999999999165,120.8999999999995509,16.2639560699462891
13.9999999999999165,120.9999999999995453,14.0836505889892578
13.9999999999999165,121.0999999999995396,11.8833026885986328
13.9999999999999165,121.1999999999995339,11.6951837539672852
13.9999999999999165,121.2999999999995282,11.1964139938354492
13.9999999999999165,121.3999999999995225,10.6825141906738281
13.9999999999999165,121.4999999999995168,11.3577957153320312
13.9999999999999165,121.5999999999995111,16.4114894866943359
13.9999999999999165,121.6999999999995055,23.9451065063476562
13.9999999999999165,121.7999999999994998,29.3719978332519531
13.9999999999999165,121.8999999999994941,27.6155586242675781
13.9999999999999165,122.3999999999994657,16.7941093444824219
13.9999999999999165,122.4999999999994600,17.6430721282958984
13.9999999999999165,122.5999999999994543,19.0303268432617188
13.9999999999999165,122.6999999999994486,18.2031402587890625
13.9999999999999165,122.7999999999994429,16.6162757873535156
13.9999999999999165,122.8999999999994373,16.5469150543212891
13.9999999999999165,122.9999999999994316,19.5036048889160156
13.9999999999999165,123.2999999999994145,22.9529705047607422
13.9999999999999165,124.1999999999993634,25.2850399017333984
13.9999999999999165,124.2999999999993577,21.4716625213623047
13.8999999999999169,120.5999999999995680,25.0661773681640625
13.8999999999999169,120.9999999999995453,16.5515060424804688
13.8999999999999169,121.0999999999995396,14.2281007766723633
13.8999999999999169,121.1999999999995339,11.6655187606811523
13.8999999999999169,121.2999999999995282,11.5624876022338867
13.8999999999999169,121.3999999999995225,11.9730958938598633
13.8999999999999169,121.4999999999995168,13.0097064971923828
13.8999999999999169,121.9999999999994884,21.6837215423583984
13.8999999999999169,122.0999999999994827,19.8214702606201172
13.8999999999999169,122.1999999999994770,18.5902576446533203
13.8999999999999169,122.2999999999994714,17.4760360717773438
13.8999999999999169,122.3999999999994657,17.8423805236816406
13.8999999999999169,122.6999999999994486,19.8634624481201172
13.8999999999999169,122.7999999999994429,18.0685672760009766
13.8999999999999169,122.8999999999994373,16.6907253265380859
13.8999999999999169,122.9999999999994316,17.8476238250732422
13.8999999999999169,123.3999999999994088,19.0117225646972656
13.8999999999999169,123.4999999999994031,18.6584625244140625
13.8999999999999169,123.5999999999993975,22.7467651367187500
13.8999999999999169,123.6999999999993918,26.8418102264404297
13.8999999999999169,124.1999999999993634,21.5119152069091797
13.8999999999999169,124.2999999999993577,18.0956172943115234
13.7999999999999172,120.0999999999995964,23.7756328582763672
13.7999999999999172,120.1999999999995907,24.2656002044677734
13.7999999999999172,120.8999999999995509,20.7941226959228516
13.7999999999999172,120.9999999999995453,18.7044315338134766
13.7999999999999172,121.0999999999995396,15.9580907821655273
13.7999999999999172,121.1999999999995339,12.3437547683715820
13.7999999999999172,121.2999999999995282,12.1391248703002930
13.7999999999999172,121.3999999999995225,13.1924896240234375
13.7999999999999172,121.9999999999994884,21.0204982757568359
13.7999999999999172,122.0999999999994827,21.1299724578857422
13.7999999999999172,122.1999999999994770,19.9755115509033203
13.7999999999999172,122.2999999999994714,19.4232063293457031
13.7999999999999172,122.3999999999994657,20.0228328704833984
13.7999999999999172,122.7999999999994429,19.5995101928710938
13.7999999999999172,122.8999999999994373,17.3928108215332031
13.7999999999999172,122.9999999999994316,17.2255935668945312
13.7999999999999172,123.2999999999994145,17.8425025939941406
13.7999999999999172,123.3999999999994088,16.1871643066406250
13.7999999999999172,123.4999999999994031,15.7477312088012695
13.7999999999999172,123.5999999999993975,20.7696552276611328
13.7999999999999172,123.6999999999993918,25.2486400604248047
13.7999999999999172,123.7999999999993861,27.0114040374755859
13.7999999999999172,124.1999999999993634,20.2599811553955078
13.7999999999999172,124.2999999999993577,16.6211967468261719
13.6999999999999176,121.0999999999995396,18.1648006439208984
13.6999999999999176,121.1999999999995339,14.5246191024780273
13.6999999999999176,121.2999999999995282,14.4237718582153320
13.6999999999999176,121.3999999999995225,15.8684740066528320
13.6999999999999176,122.1999999999994770,22.0335350036621094
13.6999999999999176,122.2999999999994714,22.2462005615234375
13.6999999999999176,122.3999999999994657,22.9010658264160156
13.6999999999999176,122.8999999999994373,20.0150585174560547
13.6999999999999176,122.9999999999994316,19.7085285186767578
13.6999999999999176,123.0999999999994259,19.7204322814941406
13.6999999999999176,123.1999999999994202,21.1331081390380859
13.6999999999999176,123.2999999999994145,17.1305809020996094
13.6999999999999176,123.3999999999994088,13.0507535934448242
13.6999999999999176,123.4999999999994031,12.5890579223632812
13.6999999999999176,124.0999999999993690,23.6887130737304688
13.6999999999999176,124.1999999999993634,19.3321189880371094
13.6999999999999176,124.2999999999993577,15.5773820877075195
13.5999999999999179,122.2999999999994714,24.7740154266357422
13.5999999999999179,122.3999999999994657,25.3452568054199219
13.5999999999999179,122.4999999999994600,26.1615390777587891
13.5999999999999179,122.8999999999994373,22.4832572937011719
13.5999999999999179,122.9999999999994316,22.3705272674560547
13.5999999999999179,123.0999999999994259,22.1875667572021484
13.5999999999999179,123.1999999999994202,20.4918727874755859
13.5999999999999179,123.2999999999994145,15.7092771530151367
13.5999999999999179,123.3999999999994088,11.4963293075561523
13.5999999999999179,123.4999999999994031,9.6448926925659180
13.5999999999999179,124.1999999999993634,19.0132217407226562
13.5999999999999179,124.2999999999993577,15.5122604370117188
13.4999999999999183,120.6999999999995623,18.5783767700195312
13.4999999999999183,120.7999999999995566,17.8009986877441406
13.4999999999999183,121.8999999999994941,24.9587097167968750
13.4999999999999183,121.9999999999994884,23.6709041595458984
13.4999999999999183,122.4999999999994600,26.7622814178466797
13.4999999999999183,122.5999999999994543,26.4552803039550781
13.4999999999999183,123.1999999999994202,24.6399288177490234
13.4999999999999183,123.2999999999994145,16.7642803192138672
13.4999999999999183,123.3999999999994088,11.4011278152465820
13.4999999999999183,123.4999999999994031,9.9208745956420898
13.4999999999999183,123.5999999999993975,12.9933366775512695
13.3999999999999186,120.4999999999995737,19.4093971252441406
13.3999999999999186,120.5999999999995680,15.6035261154174805
13.3999999999999186,120.6999999999995623,15.2630987167358398
13.3999999999999186,120.7999999999995566,12.9264526367187500
13.3999999999999186,120.8999999999995509,10.7959194183349609
13.3999999999999186,120.9999999999995453,9.2533912658691406
13.3999999999999186,121.0999999999995396,10.8461294174194336
13.3999999999999186,121.1999999999995339,12.4556035995483398
13.3999999999999186,121.7999999999994998,27.4717769622802734
13.3999999999999186,121.8999999999994941,24.6107387542724609
13.3999999999999186,121.9999999999994884,23.2468013763427734
13.3999999999999186,122.0999999999994827,23.2661724090576172
13.3999999999999186,122.4999999999994600,26.9036254882812500
13.3999999999999186,122.5999999999994543,26.5709438323974609
13.3999999999999186,123.1999999999994202,25.9758548736572266
13.3999999999999186,123.2999999999994145,20.0882148742675781
13.3999999999999186,123.3999999999994088,12.4442863464355469
13.3999999999999186,123.4999999999994031,9.6646919250488281
13.3999999999999186,123.5999999999993975,10.7466154098510742
13.2999999999999190,120.5999999999995680,16.8313941955566406
13.2999999999999190,120.6999999999995623,13.0652799606323242
13.2999999999999190,120.7999999999995566,9.9449987411499023
13.2999999999999190,120.8999999999995509,8.3158884048461914
13.2999999999999190,120.9999999999995453,6.7589731216430664
13.2999999999999190,121.0999999999995396,8.6664304733276367
13.2999999999999190,121.1999999999995339,9.8864803314208984
13.2999999999999190,121.2999999999995282,12.9754056930541992
13.2999999999999190,121.8999999999994941,25.8291168212890625
13.2999999999999190,121.9999999999994884,24.4516391754150391
13.2999999999999190,122.5999999999994543,28.0446300506591797
13.2999999999999190,123.2999999999994145,21.2251033782958984
13.2999999999999190,123.4999999999994031,10.1209592819213867
13.2999999999999190,123.5999999999993975,9.3733720779418945
13.2999999999999190,123.6999999999993918,9.4840211868286133
13.2999999999999190,123.8999999999993804,16.6179962158203125
13.1999999999999194,120.6999999999995623,17.2307052612304688
13.1999999999999194,120.7999999999995566,12.3946390151977539
13.1999999999999194,120.8999999999995509,9.9389867782592773
13.1999999999999194,120.9999999999995453,8.4836854934692383
13.1999999999999194,121.0999999999995396,8.1182565689086914
13.1999999999999194,121.1999999999995339,7.9483065605163574
13.1999999999999194,121.3999999999995225,14.6071720123291016
13.1999999999999194,123.2999999999994145,19.8338623046875000
13.1999999999999194,123.3999999999994088,15.4260053634643555
13.1999999999999194,123.4999999999994031,11.9895238876342773
13.1999999999999194,123.5999999999993975,11.0151262283325195
13.1999999999999194,123.6999999999993918,11.1591882705688477
13.0999999999999197,120.6999999999995623,19.5049514770507812
13.0999999999999197,120.7999999999995566,16.2646694183349609
13.0999999999999197,120.8999999999995509,12.5075635910034180
13.0999999999999197,120.9999999999995453,10.4804067611694336
13.0999999999999197,121.0999999999995396,7.8309679031372070
13.0999999999999197,121.1999999999995339,6.1961436271667480
13.0999999999999197,121.2999999999995282,8.3111219406127930
13.0999999999999197,121.3999999999995225,12.2654294967651367
13.0999999999999197,121.4999999999995168,15.5258989334106445
13.0999999999999197,122.9999999999994316,31.3327922821044922
13.0999999999999197,123.3999999999994088,17.7494506835937500
13.0999999999999197,123.4999999999994031,15.6966295242309570
13.0999999999999197,123.5999999999993975,14.4654417037963867
13.0999999999999197,123.6999999999993918,13.4967498779296875
13.0999999999999197,123.7999999999993861,15.3140001296997070
13.0999999999999197,123.8999999999993804,18.3026180267333984
12.9999999999999201,120.7999999999995566,17.9878654479980469
12.9999999999999201,120.8999999999995509,14.8695802688598633
12.9999999999999201,120.9999999999995453,11.3572835922241211
12.9999999999999201,121.0999999999995396,8.5394773483276367
12.9999999999999201,121.1999999999995339,6.8122253417968750
12.9999999999999201,121.2999999999995282,7.6074957847595215
12.9999999999999201,121.3999999999995225,11.4781236648559570
12.9999999999999201,122.9999999999994316,32.1539535522460938
12.9999999999999201,123.0999999999994259,29.2724056243896484
12.9999999999999201,123.4999999999994031,19.2759933471679688
12.9999999999999201,123.5999999999993975,18.8732128143310547
12.9999999999999201,123.6999999999993918,17.7457942962646484
12.9999999999999201,123.7999999999993861,16.4098567962646484
12.9999999999999201,123.8999999999993804,16.4205474853515625
12.9999999999999201,123.9999999999993747,18.8188743591308594
12.9999999999999201,124.0999999999993690,20.5574989318847656
12.8999999999999204,120.7999999999995566,19.4893856048583984
12.8999999999999204,120.8999999999995509,16.4340763092041016
12.8999999999999204,120.9999999999995453,12.8378248214721680
12.8999999999999204,121.0999999999995396,9.6072254180908203
12.8999999999999204,121.1999999999995339,7.5511345863342285
12.8999999999999204,121.2999999999995282,8.3640432357788086
12.8999999999999204,121.3999999999995225,10.7286539077758789
12.8999999999999204,121.4999999999995168,12.6655778884887695
12.8999999999999204,123.1999999999994202,28.1606636047363281
12.8999999999999204,123.7999999999993861,20.1556854248046875
12.8999999999999204,124.0999999999993690,18.4441356658935547
12.7999999999999208,120.7999999999995566,21.8542671203613281
12.7999999999999208,120.8999999999995509,18.3327598571777344
12.7999999999999208,120.9999999999995453,14.9561147689819336
12.7999999999999208,121.0999999999995396,11.8297948837280273
12.7999999999999208,121.1999999999995339,9.2316236495971680
12.7999999999999208,121.2999999999995282,10.4391613006591797
12.7999999999999208,121.3999999999995225,13.0672550201416016
12.7999999999999208,123.8999999999993804,19.9656524658203125
12.7999999999999208,123.9999999999993747,16.2433547973632812
12.7999999999999208,124.0999999999993690,17.7013187408447266
12.6999999999999211,120.8999999999995509,21.3186168670654297
12.6999999999999211,120.9999999999995453,17.9537334442138672
12.6999999999999211,121.0999999999995396,14.8781785964965820
12.6999999999999211,121.1999999999995339,12.2612590789794922
12.6999999999999211,121.2999999999995282,14.2224903106689453
12.6999999999999211,121.3999999999995225,16.9034786224365234
12.6999999999999211,121.4999999999995168,19.1675281524658203
12.6999999999999211,123.8999999999993804,20.7154388427734375
12.6999999999999211,123.9999999999993747,18.7817878723144531
12.6999999999999211,124.0999999999993690,18.7888736724853516
12.5999999999999215,120.9999999999995453,21.1944236755371094
12.5999999999999215,121.0999999999995396,18.4249401092529297
12.5999999999999215,121.1999999999995339,16.1189365386962891
12.5999999999999215,121.2999999999995282,17.9916343688964844
12.5999999999999215,121.3999999999995225,21.1640071868896484
12.5999999999999215,121.4999999999995168,23.5748043060302734
12.5999999999999215,122.0999999999994827,23.5585441589355469
12.5999999999999215,123.9999999999993747,22.0313472747802734
12.4999999999999218,120.9999999999995453,24.5438194274902344
12.4999999999999218,121.0999999999995396,21.9818630218505859
12.4999999999999218,121.1999999999995339,19.4485683441162109
12.4999999999999218,121.2999999999995282,21.5227985382080078
12.4999999999999218,121.3999999999995225,24.4365139007568359
12.4999999999999218,121.9999999999994884,22.2948188781738281
12.4999999999999218,122.4999999999994600,29.2588291168212891
12.4999999999999218,122.5999999999994543,30.0565776824951172
12.4999999999999218,123.2999999999994145,30.0060062408447266
12.4999999999999218,123.3999999999994088,29.9511871337890625
12.4999999999999218,123.4999999999994031,29.7034969329833984
12.4999999999999218,123.6999999999993918,27.6309757232666016
12.4999999999999218,124.2999999999993577,25.9951972961425781
12.4999999999999218,124.3999999999993520,22.0557498931884766
12.4999999999999218,124.4999999999993463,16.6903381347656250
12.4999999999999218,124.5999999999993406,12.4108304977416992
12.4999999999999218,124.6999999999993349,11.9801330566406250
12.4999999999999218,124.7999999999993292,11.9406166076660156
12.4999999999999218,124.8999999999993236,12.0151844024658203
12.4999999999999218,124.9999999999993179,11.9356632232666016
12.4999999999999218,125.0999999999993122,11.8987665176391602
12.4999999999999218,125.1999999999993065,12.7773389816284180
12.3999999999999222,120.9999999999995453,26.7271118164062500
12.3999999999999222,121.0999999999995396,24.6120815277099609
12.3999999999999222,121.1999999999995339,22.5252246856689453
12.3999999999999222,121.2999999999995282,24.3108806610107422
12.3999999999999222,121.9999999999994884,24.4511184692382812
12.3999999999999222,122.0999999999994827,23.8278255462646484
12.3999999999999222,122.4999999999994600,29.6969795227050781
12.3999999999999222,122.5999999999994543,29.2978572845458984
12.3999999999999222,123.2999999999994145,27.2553462982177734
12.3999999999999222,123.3999999999994088,26.9550380706787109
12.3999999999999222,123.4999999999994031,26.6760768890380859
12.3999999999999222,124.3999999999993520,21.5968093872070312
12.3999999999999222,124.4999999999993463,16.6942806243896484
12.3999999999999222,124.5999999999993406,12.4523773193359375
12.3999999999999222,124.6999999999993349,12.2653913497924805
12.3999999999999222,124.7999999999993292,11.7254381179809570
12.3999999999999222,124.8999999999993236,10.8307600021362305
12.3999999999999222,124.9999999999993179,10.5823297500610352
12.3999999999999222,125.0999999999993122,10.5392217636108398
12.3999999999999222,125.1999999999993065,11.7091856002807617
12.2999999999999226,119.8999999999996078,26.6007423400878906
12.2999999999999226,121.1999999999995339,26.1639995574951172
12.2999999999999226,121.9999999999994884,26.8870887756347656
12.2999999999999226,123.2999999999994145,26.6441440582275391
12.2999999999999226,123.3999999999994088,23.6103267669677734
12.2999999999999226,123.4999999999994031,22.9589748382568359
12.2999999999999226,123.5999999999993975,21.7060108184814453
12.2999999999999226,123.6999999999993918,20.5328197479248047
12.2999999999999226,124.3999999999993520,21.3516368865966797
12.2999999999999226,124.4999999999993463,16.7069034576416016
12.2999999999999226,124.5999999999993406,13.1634931564331055
12.2999999999999226,124.6999999999993349,12.2395658493041992
12.2999999999999226,124.7999999999993292,10.9070558547973633
12.2999999999999226,124.8999999999993236,9.8774938583374023
12.2999999999999226,124.9999999999993179,9.5715885162353516
12.2999999999999226,125.0999999999993122,9.3983325958251953
12.2999999999999226,125.1999999999993065,10.7340621948242188
12.2999999999999226,125.2999999999993008,14.2454347610473633
12.1999999999999229,119.8999999999996078,26.6969604492187500
12.1999999999999229,119.9999999999996021,26.8257198333740234
12.1999999999999229,121.9999999999994884,28.9271392822265625
12.1999999999999229,123.2999999999994145,27.6012172698974609
12.1999999999999229,123.3999999999994088,24.2085571289062500
12.1999999999999229,123.5999999999993975,19.6748790740966797
12.1999999999999229,123.6999999999993918,18.5919017791748047
12.1999999999999229,123.7999999999993861,19.3845100402832031
12.1999999999999229,123.8999999999993804,21.2821521759033203
12.1999999999999229,124.3999999999993520,19.8472919464111328
12.1999999999999229,124.4999999999993463,16.5139636993408203
12.1999999999999229,124.5999999999993406,14.1248826980590820
12.1999999999999229,124.6999999999993349,12.1428375244140625
12.1999999999999229,124.7999999999993292,10.6026506423950195
12.1999999999999229,124.8999999999993236,9.7036848068237305
12.1999999999999229,124.9999999999993179,9.1999607086181641
12.1999999999999229,125.0999999999993122,8.8515205383300781
12.1999999999999229,125.1999999999993065,9.1576805114746094
12.1999999999999229,125.2999999999993008,12.1081485748291016
12.1999999999999229,125.3999999999992951,15.8935518264770508
12.1999999999999229,125.4999999999992895,18.2130565643310547
12.0999999999999233,119.9999999999996021,26.8073425292968750
12.0999999999999233,120.0999999999995964,27.1017894744873047
12.0999999999999233,120.1999999999995907,27.0124568939208984
12.0999999999999233,120.2999999999995850,27.2087917327880859
12.0999999999999233,123.2999999999994145,27.6356639862060547
12.0999999999999233,123.6999999999993918,21.1794223785400391
12.0999999999999233,123.7999999999993861,21.9714641571044922
12.0999999999999233,123.8999999999993804,24.8212814331054688
12.0999999999999233,124.4999999999993463,17.8414096832275391
12.0999999999999233,124.5999999999993406,16.7837886810302734
12.0999999999999233,124.6999999999993349,13.9036359786987305
12.0999999999999233,124.7999999999993292,11.7171468734741211
12.0999999999999233,124.8999999999993236,10.7650661468505859
12.0999999999999233,124.9999999999993179,10.1110715866088867
12.0999999999999233,125.0999999999993122,8.8345394134521484
12.0999999999999233,125.1999999999993065,8.0934629440307617
12.0999999999999233,125.2999999999993008,10.0079908370971680
12.0999999999999233,125.3999999999992951,13.1283903121948242
11.9999999999999236,123.1999999999994202,30.5301055908203125
11.9999999999999236,123.7999999999993861,24.5328464508056641
11.9999999999999236,123.8999999999993804,25.1535167694091797
11.9999999999999236,123.9999999999993747,25.2238636016845703
11.9999999999999236,124.6999999999993349,15.6192703247070312
11.9999999999999236,124.7999999999993292,13.2880172729492188
11.9999999999999236,124.8999999999993236,12.0717115402221680
11.9999999999999236,124.9999999999993179,10.6104717254638672
11.9999999999999236,125.0999999999993122,8.5870790481567383
11.9999999999999236,125.1999999999993065,7.8212304115295410
11.9999999999999236,125.2999999999993008,9.1605167388916016
11.9999999999999236,125.3999999999992951,11.2009649276733398
11.8999999999999240,121.9999999999994884,28.9000835418701172
11.8999999999999240,123.7999999999993861,25.1737804412841797
11.8999999999999240,123.8999999999993804,25.1085300445556641
11.8999999999999240,123.9999999999993747,24.9499053955078125
11.8999999999999240,124.7999999999993292,15.3970642089843750
11.8999999999999240,124.8999999999993236,12.8803558349609375
11.8999999999999240,124.9999999999993179,10.5954084396362305
11.8999999999999240,125.0999999999993122,8.5711851119995117
11.8999999999999240,125.1999999999993065,7.7243232727050781
11.8999999999999240,125.2999999999993008,8.8906621932983398
11.7999999999999243,121.8999999999994941,28.2498683929443359
11.7999999999999243,121.9999999999994884,27.6025753021240234
11.7999999999999243,122.0999999999994827,24.6986751556396484
11.7999999999999243,122.1999999999994770,20.8694553375244141
11.7999999999999243,124.2999999999993577,24.9155712127685547
11.7999999999999243,124.8999999999993236,14.0522432327270508
11.7999999999999243,124.9999999999993179,11.0864200592041016
11.7999999999999243,125.0999999999993122,8.7795734405517578
11.7999999999999243,125.1999999999993065,7.9267272949218750
11.7999999999999243,125.2999999999993008,9.1182546615600586
11.7999999999999243,125.3999999999992951,9.7124586105346680
11.6999999999999247,119.9999999999996021,26.1825351715087891
11.6999999999999247,122.0999999999994827,22.3305892944335938
11.6999999999999247,122.1999999999994770,19.5063762664794922
11.6999999999999247,122.2999999999994714,17.5190315246582031
11.6999999999999247,122.3999999999994657,17.6710414886474609
11.6999999999999247,124.9999999999993179,11.7447280883789062
11.6999999999999247,125.0999999999993122,9.1638240814208984
11.6999999999999247,125.1999999999993065,8.3246183395385742
11.6999999999999247,125.2999999999993008,9.0460243225097656
11.6999999999999247,125.3999999999992951,9.6895093917846680
11.5999999999999250,122.1999999999994770,16.0963802337646484
11.5999999999999250,122.2999999999994714,14.0060396194458008
11.5999999999999250,122.6999999999994486,17.1920070648193359
11.5999999999999250,124.4999999999993463,23.9194526672363281
11.5999999999999250,125.0999999999993122,8.8293685913085938
11.5999999999999250,125.1999999999993065,8.4012975692749023
11.5999999999999250,125.2999999999993008,9.1398448944091797
11.5999999999999250,125.3999999999992951,9.8928585052490234
11.4999999999999254,122.0999999999994827,14.6581182479858398
11.4999999999999254,122.1999999999994770,11.8836698532104492
11.4999999999999254,122.2999999999994714,10.1127815246582031
11.4999999999999254,122.3999999999994657,9.5063352584838867
11.4999999999999254,122.4999999999994600,10.1697807312011719
11.4999999999999254,122.5999999999994543,12.0980501174926758
11.4999999999999254,122.6999999999994486,13.7819166183471680
11.4999999999999254,122.7999999999994429,14.8158788681030273
11.4999999999999254,123.0999999999994259,23.5204849243164062
11.4999999999999254,124.3999999999993520,24.2555599212646484
11.4999999999999254,124.4999999999993463,22.3845005035400391
11.4999999999999254,124.8999999999993236,10.7321081161499023
11.4999999999999254,124.9999999999993179,9.0240049362182617
11.4999999999999254,125.0999999999993122,8.2782344818115234
11.4999999999999254,125.1999999999993065,8.7650470733642578
11.4999999999999254,125.2999999999993008,9.3744077682495117
11.4999999999999254,125.3999999999992951,10.1588106155395508
11.4999999999999254,125.4999999999992895,12.6472234725952148
11.3999999999999257,122.0999999999994827,12.1427869796752930
11.3999999999999257,122.1999999999994770,8.8972005844116211
11.3999999999999257,122.2999999999994714,6.6376085281372070
11.3999999999999257,122.3999999999994657,6.4542250633239746
11.3999999999999257,122.4999999999994600,7.6281814575195312
11.3999999999999257,122.5999999999994543,8.8028173446655273
11.3999999999999257,122.6999999999994486,9.5358991622924805
11.3999999999999257,122.7999999999994429,10.8181972503662109
11.3999999999999257,122.8999999999994373,12.7875576019287109
11.3999999999999257,122.9999999999994316,16.9524173736572266
11.3999999999999257,123.0999999999994259,21.5472583770751953
11.3999999999999257,124.2999999999993577,24.4290637969970703
11.3999999999999257,124.3999999999993520,22.9495582580566406
11.3999999999999257,124.4999999999993463,21.0251026153564453
11.3999999999999257,124.8999999999993236,9.8982686996459961
11.3999999999999257,124.9999999999993179,9.1405172348022461
11.3999999999999257,125.0999999999993122,9.2125501632690430
11.3999999999999257,125.1999999999993065,9.8531389236450195
11.3999999999999257,125.2999999999993008,10.4644203186035156
11.3999999999999257,125.3999999999992951,11.1621961593627930
11.3999999999999257,125.4999999999992895,13.2824420928955078
11.2999999999999261,119.4999999999996305,21.3359909057617188
11.2999999999999261,122.0999999999994827,11.0934114456176758
11.2999999999999261,122.1999999999994770,9.0463094711303711
11.2999999999999261,122.2999999999994714,6.3081822395324707
11.2999999999999261,122.3999999999994657,5.7330660820007324
11.2999999999999261,122.4999999999994600,6.8422064781188965
11.2999999999999261,122.5999999999994543,8.1653175354003906
11.2999999999999261,122.6999999999994486,9.6634931564331055
11.2999999999999261,122.7999999999994429,11.1803951263427734
11.2999999999999261,122.8999999999994373,13.3699445724487305
11.2999999999999261,122.9999999999994316,17.7555294036865234
11.2999999999999261,123.0999999999994259,21.3437023162841797
11.2999999999999261,124.3999999999993520,20.9362468719482422
11.2999999999999261,124.4999999999993463,19.2102870941162109
11.2999999999999261,124.5999999999993406,17.1361351013183594
11.2999999999999261,124.6999999999993349,13.3196868896484375
11.2999999999999261,124.7999999999993292,10.4848623275756836
11.2999999999999261,124.8999999999993236,9.5420570373535156
11.2999999999999261,125.1999999999993065,11.6960239410400391
11.2999999999999261,125.2999999999993008,12.3077650070190430
11.2999999999999261,125.3999999999992951,13.1984329223632812
11.2999999999999261,125.4999999999992895,14.3149185180664062
11.1999999999999265,119.4999999999996305,17.4991550445556641
11.1999999999999265,122.0999999999994827,10.4926319122314453
11.1999999999999265,122.1999999999994770,9.2638483047485352
11.1999999999999265,122.2999999999994714,7.3518052101135254
11.1999999999999265,122.3999999999994657,6.6860542297363281
11.1999999999999265,122.4999999999994600,7.8489007949829102
11.1999999999999265,122.5999999999994543,9.1006431579589844
11.1999999999999265,122.6999999999994486,10.7803497314453125
11.1999999999999265,122.7999999999994429,12.7144994735717773
11.1999999999999265,122.8999999999994373,15.1501331329345703
11.1999999999999265,122.9999999999994316,18.8018093109130859
11.1999999999999265,123.7999999999993861,21.7778701782226562
11.1999999999999265,123.9999999999993747,21.9182186126708984
11.1999999999999265,124.3999999999993520,20.4191455841064453
11.1999999999999265,124.4999999999993463,17.8741073608398438
11.1999999999999265,124.5999999999993406,15.5156221389770508
11.1999999999999265,124.6999999999993349,12.0974426269531250
11.1999999999999265,124.7999999999993292,8.9066743850708008
11.1999999999999265,124.8999999999993236,7.9185290336608887
11.1999999999999265,124.9999999999993179,10.8347139358520508
11.1999999999999265,125.1999999999993065,14.0432910919189453
11.1999999999999265,125.2999999999993008,15.2749633789062500
11.1999999999999265,125.3999999999992951,16.6019134521484375
11.1999999999999265,125.4999999999992895,17.3656272888183594
11.0999999999999268,119.4999999999996305,15.2953586578369141
11.0999999999999268,122.0999999999994827,10.6783485412597656
11.0999999999999268,122.1999999999994770,9.4201936721801758
11.0999999999999268,122.2999999999994714,8.2904148101806641
11.0999999999999268,122.3999999999994657,7.9409370422363281
11.0999999999999268,122.4999999999994600,9.0636310577392578
11.0999999999999268,122.5999999999994543,10.2390890121459961
11.0999999999999268,122.6999999999994486,11.9620885848999023
11.0999999999999268,122.7999999999994429,14.0383319854736328
11.0999999999999268,122.8999999999994373,16.9521522521972656
11.0999999999999268,124.3999999999993520,19.4753837585449219
11.0999999999999268,124.4999999999993463,17.3498859405517578
11.0999999999999268,124.5999999999993406,14.8280668258666992
11.0999999999999268,124.6999999999993349,11.3254909515380859
11.0999999999999268,124.7999999999993292,8.1047267913818359
11.0999999999999268,124.8999999999993236,7.3361244201660156
11.0999999999999268,124.9999999999993179,10.8423061370849609
11.0999999999999268,125.4999999999992895,19.3774375915527344
10.9999999999999272,119.3999999999996362,18.3218593597412109
10.9999999999999272,122.0999999999994827,11.0363283157348633
10.9999999999999272,122.1999999999994770,9.8517627716064453
10.9999999999999272,122.2999999999994714,9.0517272949218750
10.9999999999999272,122.3999999999994657,9.5929470062255859
10.9999999999999272,122.4999999999994600,10.8375196456909180
10.9999999999999272,122.5999999999994543,11.9833745956420898
10.9999999999999272,122.6999999999994486,13.4653539657592773
10.9999999999999272,122.7999999999994429,15.8801298141479492
10.9999999999999272,123.9999999999993747,20.9357051849365234
10.9999999999999272,124.4999999999993463,18.1152324676513672
10.9999999999999272,124.5999999999993406,16.2439804077148438
10.9999999999999272,124.6999999999993349,12.6428728103637695
10.9999999999999272,124.7999999999993292,9.4677381515502930
10.9999999999999272,124.8999999999993236,8.7859745025634766
10.9999999999999272,124.9999999999993179,12.5001859664916992
10.8999999999999275,119.3999999999996362,17.2822246551513672
10.8999999999999275,119.4999999999996305,13.6997070312500000
10.8999999999999275,121.9999999999994884,13.8808584213256836
10.8999999999999275,122.0999999999994827,11.6283121109008789
10.8999999999999275,122.1999999999994770,10.7281932830810547
10.8999999999999275,122.2999999999994714,10.2094068527221680
10.8999999999999275,122.3999999999994657,10.9223890304565430
10.8999999999999275,122.4999999999994600,12.8478240966796875
10.8999999999999275,122.5999999999994543,14.1109590530395508
10.8999999999999275,122.6999999999994486,15.9549503326416016
10.8999999999999275,123.1999999999994202,15.0850009918212891
10.8999999999999275,123.2999999999994145,14.8582887649536133
10.8999999999999275,123.3999999999994088,14.1666440963745117
10.8999999999999275,123.9999999999993747,21.0809364318847656
10.8999999999999275,124.4999999999993463,19.3988952636718750
10.8999999999999275,124.7999999999993292,11.4677352905273438
10.8999999999999275,124.8999999999993236,10.4646415710449219
10.8999999999999275,124.9999999999993179,13.1963033676147461
10.7999999999999279,119.2999999999996419,21.3601169586181641
10.7999999999999279,119.3999999999996362,18.3492641448974609
10.7999999999999279,119.4999999999996305,11.6344766616821289
10.7999999999999279,121.9999999999994884,14.6885175704956055
10.7999999999999279,122.0999999999994827,12.7145786285400391
10.7999999999999279,122.1999999999994770,12.4356822967529297
10.7999999999999279,122.2999999999994714,11.9180717468261719
10.7999999999999279,122.3999999999994657,12.6207036972045898
10.7999999999999279,122.4999999999994600,14.6000843048095703
10.7999999999999279,122.9999999999994316,17.6156673431396484
10.7999999999999279,123.0999999999994259,14.9292783737182617
10.7999999999999279,123.1999999999994202,12.8283615112304688
10.7999999999999279,123.2999999999994145,12.3849420547485352
10.7999999999999279,123.3999999999994088,11.5046072006225586
10.7999999999999279,123.4999999999994031,11.8506050109863281
10.7999999999999279,123.8999999999993804,19.6239871978759766
10.7999999999999279,123.9999999999993747,20.7911663055419922
10.7999999999999279,124.8999999999993236,11.1839647293090820
10.6999999999999282,119.3999999999996362,15.9413166046142578
10.6999999999999282,119.4999999999996305,12.3036813735961914
10.6999999999999282,119.5999999999996248,12.5377283096313477
10.6999999999999282,121.9999999999994884,14.9842901229858398
10.6999999999999282,122.0999999999994827,14.5557222366333008
10.6999999999999282,122.1999999999994770,15.4115772247314453
10.6999999999999282,122.2999999999994714,14.5303106307983398
10.6999999999999282,122.3999999999994657,14.7802505493164062
10.6999999999999282,122.4999999999994600,16.8908100128173828
10.6999999999999282,122.5999999999994543,17.5671234130859375
10.6999999999999282,122.6999999999994486,16.4791240692138672
10.6999999999999282,122.9999999999994316,15.5625476837158203
10.6999999999999282,123.0999999999994259,12.8234701156616211
10.6999999999999282,123.1999999999994202,11.7460355758666992
10.6999999999999282,123.2999999999994145,13.1646757125854492
10.6999999999999282,123.3999999999994088,13.1698331832885742
10.6999999999999282,123.4999999999994031,12.3735294342041016
10.6999999999999282,123.8999999999993804,19.2075958251953125
10.6999999999999282,124.7999999999993292,12.9013996124267578
10.6999999999999282,124.8999999999993236,10.5594739913940430
10.6999999999999282,124.9999999999993179,9.6089506149291992
10.6999999999999282,125.7999999999992724,24.1680221557617188
10.5999999999999286,119.3999999999996362,15.0755186080932617
10.5999999999999286,119.4999999999996305,12.2868280410766602
10.5999999999999286,119.5999999999996248,12.9311895370483398
10.5999999999999286,119.7999999999996135,18.4571018218994141
10.5999999999999286,119.8999999999996078,19.3740978240966797
10.5999999999999286,121.9999999999994884,16.2082595825195312
10.5999999999999286,122.4999999999994600,19.1393566131591797
10.5999999999999286,122.5999999999994543,18.7551155090332031
10.5999999999999286,122.6999999999994486,17.3788471221923828
10.5999999999999286,122.8999999999994373,14.0437088012695312
10.5999999999999286,122.9999999999994316,13.1794967651367188
10.5999999999999286,123.0999999999994259,11.0267829895019531
10.5999999999999286,123.1999999999994202,9.8741750717163086
10.5999999999999286,123.2999999999994145,12.1410875320434570
10.5999999999999286,123.3999999999994088,14.8195362091064453
10.5999999999999286,123.6999999999993918,14.5076160430908203
10.5999999999999286,123.7999999999993861,15.8767700195312500
10.5999999999999286,123.8999999999993804,18.1531581878662109
10.5999999999999286,123.9999999999993747,19.8657360076904297
10.5999999999999286,124.7999999999993292,12.3675613403320312
10.5999999999999286,124.8999999999993236,10.7909708023071289
10.5999999999999286,124.9999999999993179,9.5326299667358398
10.5999999999999286,125.0999999999993122,9.2105331420898438
10.4999999999999289,119.2999999999996419,15.2923603057861328
10.4999999999999289,119.3999999999996362,12.9118957519531250
10.4999999999999289,119.4999999999996305,11.3959426879882812
10.4999999999999289,119.5999999999996248,12.8810396194458008
10.4999999999999289,119.7999999999996135,18.4636230468750000
10.4999999999999289,119.8999999999996078,19.4799537658691406
10.4999999999999289,121.9999999999994884,17.6328945159912109
10.4999999999999289,122.4999999999994600,20.2001228332519531
10.4999999999999289,122.5999999999994543,20.1210498809814453
10.4999999999999289,122.6999999999994486,18.9046154022216797
10.4999999999999289,122.7999999999994429,15.3621206283569336
10.4999999999999289,122.8999999999994373,13.4371366500854492
10.4999999999999289,122.9999999999994316,12.2354001998901367
10.4999999999999289,123.0999999999994259,10.2639064788818359
10.4999999999999289,123.1999999999994202,9.3094358444213867
10.4999999999999289,123.2999999999994145,11.3946599960327148
10.4999999999999289,123.3999999999994088,13.6724672317504883
10.4999999999999289,123.7999999999993861,14.7197103500366211
10.4999999999999289,123.8999999999993804,17.0863494873046875
10.4999999999999289,123.9999999999993747,19.5138454437255859
10.4999999999999289,124.7999999999993292,13.7488069534301758
10.4999999999999289,124.8999999999993236,10.6574563980102539
10.4999999999999289,124.9999999999993179,9.5062494277954102
10.4999999999999289,125.0999999999993122,8.5636520385742188
10.3999999999999293,119.0999999999996533,14.2854299545288086
10.3999999999999293,119.1999999999996476,13.6536560058593750
10.3999999999999293,119.2999999999996419,12.2279138565063477
10.3999999999999293,119.3999999999996362,10.8935804367065430
10.3999999999999293,119.4999999999996305,12.3553228378295898
10.3999999999999293,122.8999999999994373,12.6377058029174805
10.3999999999999293,122.9999999999994316,11.8220462799072266
10.3999999999999293,123.0999999999994259,10.9967861175537109
10.3999999999999293,123.1999999999994202,9.8256893157958984
10.3999999999999293,123.2999999999994145,12.0649909973144531
10.3999999999999293,123.6999999999993918,13.4979095458984375
10.3999999999999293,123.7999999999993861,14.1770601272583008
10.3999999999999293,123.8999999999993804,16.5742549896240234
10.3999999999999293,123.9999999999993747,18.4247722625732422
10.3999999999999293,124.7999999999993292,13.5233259201049805
10.3999999999999293,124.8999999999993236,10.6594409942626953
10.3999999999999293,124.9999999999993179,9.6364507675170898
10.3999999999999293,125.0999999999993122,9.7515592575073242
10.3999999999999293,125.1999999999993065,12.3701009750366211
10.3999999999999293,125.5999999999992838,25.3892631530761719
10.2999999999999297,118.9999999999996589,12.2566776275634766
10.2999999999999297,119.0999999999996533,11.7341566085815430
10.2999999999999297,119.1999999999996476,11.0829267501831055
10.2999999999999297,119.2999999999996419,10.3374052047729492
10.2999999999999297,122.8999999999994373,11.8823690414428711
10.2999999999999297,122.9999999999994316,11.3793792724609375
10.2999999999999297,123.0999999999994259,11.0548410415649414
10.2999999999999297,123.1999999999994202,10.6792640686035156
10.2999999999999297,123.2999999999994145,12.7428579330444336
10.2999999999999297,123.5999999999993975,15.3329162597656250
10.2999999999999297,123.6999999999993918,14.1156339645385742
10.2999999999999297,123.7999999999993861,14.4709825515747070
10.2999999999999297,124.7999999999993292,13.7741518020629883
10.2999999999999297,124.8999999999993236,11.2191305160522461
10.2999999999999297,125.0999999999993122,11.6628141403198242
10.2999999999999297,125.1999999999993065,13.8697271347045898
10.2999999999999297,125.5999999999992838,25.2164859771728516
10.1999999999999300,118.7999999999996703,15.8648176193237305
10.1999999999999300,118.9999999999996589,11.3389434814453125
10.1999999999999300,119.0999999999996533,10.7159452438354492
10.1999999999999300,119.1999999999996476,10.6626672744750977
10.1999999999999300,122.8999999999994373,12.4624948501586914
10.1999999999999300,122.9999999999994316,10.8677234649658203
10.1999999999999300,123.0999999999994259,10.5467414855957031
10.1999999999999300,123.1999999999994202,10.3931789398193359
10.1999999999999300,123.2999999999994145,11.6329374313354492
10.1999999999999300,123.5999999999993975,14.2558774948120117
10.1999999999999300,123.6999999999993918,13.8359375000000000
10.1999999999999300,124.8999999999993236,13.7585239410400391
10.1999999999999300,125.5999999999992838,24.2500267028808594
10.0999999999999304,118.8999999999996646,13.9363660812377930
10.0999999999999304,118.9999999999996589,12.2398653030395508
10.0999999999999304,119.0999999999996533,11.9556703567504883
10.0999999999999304,119.1999999999996476,12.8252248764038086
10.0999999999999304,122.8999999999994373,12.1998252868652344
10.0999999999999304,122.9999999999994316,10.3588132858276367
10.0999999999999304,123.0999999999994259,10.1080274581909180
10.0999999999999304,123.1999999999994202,10.0221624374389648
10.0999999999999304,123.4999999999994031,12.1795988082885742
10.0999999999999304,123.5999999999993975,12.0542058944702148
10.0999999999999304,124.1999999999993634,15.2901220321655273
10.0999999999999304,124.2999999999993577,14.3075580596923828
10.0999999999999304,124.3999999999993520,17.3617916107177734
10.0999999999999304,125.1999999999993065,21.3149414062500000
10.0999999999999304,125.5999999999992838,22.8648414611816406
9.9999999999999307,118.7999999999996703,12.6244916915893555
9.9999999999999307,118.8999999999996646,14.2909955978393555
9.9999999999999307,118.9999999999996589,13.7186269760131836
9.9999999999999307,119.0999999999996533,14.5044403076171875
9.9999999999999307,122.7999999999994429,13.3494997024536133
9.9999999999999307,122.8999999999994373,12.0927038192749023
9.9999999999999307,122.9999999999994316,10.3430519104003906
9.9999999999999307,123.0999999999994259,9.8878297805786133
9.9999999999999307,123.1999999999994202,9.9651536941528320
9.9999999999999307,123.3999999999994088,9.9966611862182617
9.9999999999999307,123.4999999999994031,10.7073917388916016
9.9999999999999307,123.5999999999993975,11.7552976608276367
9.9999999999999307,124.0999999999993690,13.6863203048706055
9.9999999999999307,124.1999999999993634,12.7128343582153320
9.9999999999999307,124.2999999999993577,11.8207263946533203
9.9999999999999307,124.3999999999993520,14.3483190536499023
9.9999999999999307,124.4999999999993463,18.3062915802001953
9.9999999999999307,125.1999999999993065,24.8956756591796875
9.9999999999999307,125.5999999999992838,22.0627079010009766
9.8999999999999311,118.5999999999996817,10.9763107299804688
9.8999999999999311,118.6999999999996760,10.3330678939819336
9.8999999999999311,122.3999999999994657,21.0439319610595703
9.8999999999999311,122.4999999999994600,18.2352523803710938
9.8999999999999311,122.5999999999994543,16.4104747772216797
9.8999999999999311,122.6999999999994486,14.3035125732421875
9.8999999999999311,122.7999999999994429,12.0702075958251953
9.8999999999999311,122.8999999999994373,12.0589704513549805
9.8999999999999311,122.9999999999994316,12.1546535491943359
9.8999999999999311,123.0999999999994259,11.5573949813842773
9.8999999999999311,123.3999999999994088,10.5677356719970703
9.8999999999999311,123.4999999999994031,11.0064458847045898
9.8999999999999311,123.5999999999993975,13.4926137924194336
9.8999999999999311,123.8999999999993804,15.1196489334106445
9.8999999999999311,123.9999999999993747,13.7552719116210938
9.8999999999999311,124.0999999999993690,12.3268327713012695
9.8999999999999311,124.1999999999993634,11.2510652542114258
9.8999999999999311,124.2999999999993577,11.1459074020385742
9.8999999999999311,124.3999999999993520,13.4974594116210938
9.8999999999999311,124.4999999999993463,17.0214061737060547
9.8999999999999311,125.5999999999992838,18.1097221374511719
9.8999999999999311,125.9999999999992610,13.4281759262084961
9.7999999999999314,118.5999999999996817,10.7860860824584961
9.7999999999999314,118.6999999999996760,8.8605527877807617
9.7999999999999314,122.4999999999994600,18.1353111267089844
9.7999999999999314,122.5999999999994543,15.8691930770874023
9.7999999999999314,122.6999999999994486,13.8035964965820312
9.7999999999999314,122.7999999999994429,12.4625215530395508
9.7999999999999314,122.8999999999994373,13.0986146926879883
9.7999999999999314,122.9999999999994316,14.0306272506713867
9.7999999999999314,123.0999999999994259,14.7687244415283203
9.7999999999999314,123.3999999999994088,12.6090345382690430
9.7999999999999314,123.4999999999994031,11.9910039901733398
9.7999999999999314,123.8999999999993804,15.8997144699096680
9.7999999999999314,123.9999999999993747,13.3549184799194336
9.7999999999999314,124.0999999999993690,12.1740083694458008
9.7999999999999314,124.1999999999993634,11.8951950073242188
9.7999999999999314,124.2999999999993577,12.1350269317626953
9.7999999999999314,124.3999999999993520,14.2451238632202148
9.7999999999999314,124.4999999999993463,17.9104194641113281
9.7999999999999314,125.9999999999992610,13.1546630859375000
9.7999999999999314,126.0999999999992554,13.7091093063354492
9.6999999999999318,118.3999999999996930,16.0363903045654297
9.6999999999999318,118.4999999999996874,12.9995317459106445
9.6999999999999318,118.5999999999996817,9.8182735443115234
9.6999999999999318,118.6999999999996760,8.3102264404296875
9.6999999999999318,122.4999999999994600,18.4115695953369141
9.6999999999999318,122.5999999999994543,15.7400312423706055
9.6999999999999318,122.6999999999994486,14.2699680328369141
9.6999999999999318,122.7999999999994429,13.4669408798217773
9.6999999999999318,122.8999999999994373,14.0452299118041992
9.6999999999999318,122.9999999999994316,15.0537328720092773
9.6999999999999318,123.0999999999994259,16.1195182800292969
9.6999999999999318,123.3999999999994088,14.9725980758666992
9.6999999999999318,123.8999999999993804,16.8234348297119141
9.6999999999999318,123.9999999999993747,14.2917509078979492
9.6999999999999318,124.0999999999993690,13.0858888626098633
9.6999999999999318,124.1999999999993634,12.5948295593261719
9.6999999999999318,124.2999999999993577,12.9432191848754883
9.6999999999999318,124.3999999999993520,14.8480014801025391
9.6999999999999318,125.4999999999992895,13.0285644531250000
9.5999999999999321,118.3999999999996930,13.8094348907470703
9.5999999999999321,118.4999999999996874,10.3658952713012695
9.5999999999999321,118.5999999999996817,7.8996672630310059
9.5999999999999321,118.6999999999996760,8.3743333816528320
9.5999999999999321,122.4999999999994600,17.3847637176513672
9.5999999999999321,122.5999999999994543,17.2426795959472656
9.5999999999999321,122.6999999999994486,15.7096223831176758
9.5999999999999321,122.7999999999994429,14.5833787918090820
9.5999999999999321,122.8999999999994373,14.3540439605712891
9.5999999999999321,122.9999999999994316,15.3488082885742188
9.5999999999999321,123.0999999999994259,16.2701492309570312
9.5999999999999321,123.2999999999994145,16.6864223480224609
9.5999999999999321,123.3999999999994088,15.8361711502075195
9.5999999999999321,123.7999999999993861,20.8496284484863281
9.5999999999999321,125.3999999999992951,12.8347806930541992
9.5999999999999321,125.4999999999992895,11.3545713424682617
9.5999999999999321,125.5999999999992838,9.7047986984252930
9.5999999999999321,125.6999999999992781,8.8039274215698242
9.4999999999999325,118.2999999999996987,12.6883945465087891
9.4999999999999325,118.3999999999996930,10.8166074752807617
9.4999999999999325,118.4999999999996874,7.9748330116271973
9.4999999999999325,118.5999999999996817,8.0528383255004883
9.4999999999999325,122.5999999999994543,19.7547950744628906
9.4999999999999325,122.6999999999994486,18.0486850738525391
9.4999999999999325,122.7999999999994429,16.1730937957763672
9.4999999999999325,122.8999999999994373,15.1380052566528320
9.4999999999999325,122.9999999999994316,14.5756750106811523
9.4999999999999325,123.0999999999994259,13.6129379272460938
9.4999999999999325,123.3999999999994088,16.7227897644042969
9.4999999999999325,125.4999999999992895,10.9676322937011719
9.4999999999999325,125.5999999999992838,8.6636857986450195
9.4999999999999325,125.6999999999992781,6.9672713279724121
9.4999999999999325,125.7999999999992724,6.1134810447692871
9.3999999999999329,118.1999999999997044,11.1222791671752930
9.3999999999999329,118.2999999999996987,9.8813104629516602
9.3999999999999329,118.3999999999996930,8.6680688858032227
9.3999999999999329,118.4999999999996874,9.4276294708251953
9.3999999999999329,122.7999999999994429,18.0069274902343750
9.3999999999999329,122.8999999999994373,16.1252746582031250
9.3999999999999329,122.9999999999994316,14.1921710968017578
9.3999999999999329,123.0999999999994259,11.9648933410644531
9.3999999999999329,123.1999999999994202,10.9508066177368164
9.3999999999999329,125.5999999999992838,7.5419282913208008
9.3999999999999329,125.6999999999992781,5.6349101066589355
9.3999999999999329,125.7999999999992724,4.7764415740966797
9.3999999999999329,125.8999999999992667,5.0860576629638672
9.2999999999999332,118.0999999999997101,10.5088005065917969
9.2999999999999332,118.1999999999997044,9.1379241943359375
9.2999999999999332,118.2999999999996987,8.2067193984985352
9.2999999999999332,118.3999999999996930,9.1279096603393555
9.2999999999999332,122.8999999999994373,17.1894359588623047
9.2999999999999332,122.9999999999994316,14.6498632431030273
9.2999999999999332,123.0999999999994259,12.2429046630859375
9.2999999999999332,123.1999999999994202,10.5698928833007812
9.2999999999999332,123.2999999999994145,12.1359424591064453
9.2999999999999332,125.5999999999992838,6.6545195579528809
9.2999999999999332,125.6999999999992781,4.2854342460632324
9.2999999999999332,125.7999999999992724,4.2275853157043457
9.2999999999999332,125.8999999999992667,4.4299941062927246
9.1999999999999336,117.8999999999997215,9.5084590911865234
9.1999999999999336,117.9999999999997158,10.1363534927368164
9.1999999999999336,118.0999999999997101,9.3254652023315430
9.1999999999999336,118.1999999999997044,8.5156822204589844
9.1999999999999336,122.8999999999994373,18.1668529510498047
9.1999999999999336,122.9999999999994316,15.5794744491577148
9.1999999999999336,123.0999999999994259,12.8193883895874023
9.1999999999999336,123.1999999999994202,11.1827383041381836
9.1999999999999336,123.4999999999994031,20.8805046081542969
9.1999999999999336,123.5999999999993975,21.9345607757568359
9.1999999999999336,124.6999999999993349,22.0474834442138672
9.1999999999999336,124.7999999999993292,21.2545623779296875
9.1999999999999336,125.5999999999992838,6.6815810203552246
9.1999999999999336,125.6999999999992781,4.2758975028991699
9.1999999999999336,125.7999999999992724,3.9438436031341553
9.1999999999999336,125.8999999999992667,4.3189234733581543
9.1999999999999336,125.9999999999992610,5.5830345153808594
9.1999999999999336,126.0999999999992554,8.0587482452392578
9.0999999999999339,117.7999999999997272,8.4990777969360352
9.0999999999999339,117.8999999999997215,7.8680534362792969
9.0999999999999339,117.9999999999997158,7.7106957435607910
9.0999999999999339,122.9999999999994316,16.5732498168945312
9.0999999999999339,123.0999999999994259,13.7286596298217773
9.0999999999999339,123.5999999999993975,22.2309398651123047
9.0999999999999339,125.5999999999992838,6.5417060852050781
9.0999999999999339,125.6999999999992781,4.6881623268127441
9.0999999999999339,125.7999999999992724,4.4602599143981934
9.0999999999999339,125.8999999999992667,4.7475872039794922
9.0999999999999339,125.9999999999992610,5.0817708969116211
9.0999999999999339,126.0999999999992554,6.7753767967224121
8.9999999999999343,117.5999999999997385,11.2504968643188477
8.9999999999999343,117.6999999999997328,10.3665256500244141
8.9999999999999343,117.7999999999997272,7.7677607536315918
8.9999999999999343,117.8999999999997215,6.5890259742736816
8.9999999999999343,117.9999999999997158,7.0516638755798340
8.9999999999999343,125.2999999999993008,6.3049616813659668
8.9999999999999343,125.3999999999992951,7.0526061058044434
8.9999999999999343,125.5999999999992838,7.0381975173950195
8.9999999999999343,125.6999999999992781,4.9925017356872559
8.9999999999999343,125.7999999999992724,4.6977233886718750
8.9999999999999343,125.8999999999992667,4.8728580474853516
8.9999999999999343,125.9999999999992610,5.2192196846008301
8.9999999999999343,126.0999999999992554,5.9011349678039551
8.9999999999999343,126.1999999999992497,8.0415868759155273
8.8999999999999346,117.4999999999997442,10.5414562225341797
8.8999999999999346,117.5999999999997385,9.2402362823486328
8.8999999999999346,117.6999999999997328,8.3327722549438477
8.8999999999999346,117.7999999999997272,7.1112017631530762
8.8999999999999346,117.8999999999997215,6.3445086479187012
8.8999999999999346,117.9999999999997158,8.2199401855468750
8.8999999999999346,124.7999999999993292,10.4266195297241211
8.8999999999999346,124.8999999999993236,8.5364456176757812
8.8999999999999346,124.9999999999993179,6.7983956336975098
8.8999999999999346,125.1999999999993065,3.2500209808349609
8.8999999999999346,125.2999999999993008,4.4345107078552246
8.8999999999999346,125.3999999999992951,5.9967670440673828
8.8999999999999346,125.4999999999992895,6.4124865531921387
8.8999999999999346,125.5999999999992838,6.0997223854064941
8.8999999999999346,125.6999999999992781,5.5312571525573730
8.8999999999999346,125.7999999999992724,4.9217147827148438
8.8999999999999346,125.8999999999992667,5.0857524871826172
8.8999999999999346,125.9999999999992610,5.5465297698974609
8.8999999999999346,126.0999999999992554,5.9106440544128418
8.8999999999999346,126.1999999999992497,7.2640762329101562
8.8999999999999346,126.2999999999992440,9.8504400253295898
8.7999999999999350,117.4999999999997442,10.5259990692138672
8.7999999999999350,117.5999999999997385,8.7714948654174805
8.7999999999999350,117.6999999999997328,7.8445429801940918
8.7999999999999350,117.7999999999997272,7.2252879142761230
8.7999999999999350,117.8999999999997215,7.4954767227172852
8.7999999999999350,124.8999999999993236,5.7912611961364746
8.7999999999999350,124.9999999999993179,4.0003066062927246
8.7999999999999350,125.0999999999993122,2.7809684276580811
8.7999999999999350,125.1999999999993065,2.1665182113647461
8.7999999999999350,125.2999999999993008,3.3548374176025391
8.7999999999999350,125.3999999999992951,4.9197483062744141
8.7999999999999350,125.4999999999992895,5.2974514961242676
8.7999999999999350,125.5999999999992838,5.0242924690246582
8.7999999999999350,125.6999999999992781,5.2197637557983398
8.7999999999999350,125.7999999999992724,5.0967206954956055
8.7999999999999350,125.8999999999992667,5.3822741508483887
8.7999999999999350,125.9999999999992610,5.8451800346374512
8.7999999999999350,126.0999999999992554,6.2116060256958008
8.7999999999999350,126.1999999999992497,7.8652048110961914
8.7999999999999350,126.2999999999992440,8.9412136077880859
8.6999999999999353,117.3999999999997499,13.0506696701049805
8.6999999999999353,117.4999999999997442,12.1300582885742188
8.6999999999999353,117.5999999999997385,10.4416198730468750
8.6999999999999353,123.4999999999994031,15.8947134017944336
8.6999999999999353,124.7999999999993292,7.5183920860290527
8.6999999999999353,124.8999999999993236,4.9011130332946777
8.6999999999999353,124.9999999999993179,3.6544227600097656
8.6999999999999353,125.0999999999993122,2.9995374679565430
8.6999999999999353,125.1999999999993065,2.6237499713897705
8.6999999999999353,125.2999999999993008,2.4305596351623535
8.6999999999999353,125.3999999999992951,3.9866485595703125
8.6999999999999353,125.4999999999992895,4.4340367317199707
8.6999999999999353,125.5999999999992838,4.6050262451171875
8.6999999999999353,125.6999999999992781,5.3197536468505859
8.6999999999999353,125.7999999999992724,5.4468650817871094
8.6999999999999353,125.8999999999992667,5.4604187011718750
8.6999999999999353,125.9999999999992610,5.8730292320251465
8.6999999999999353,126.0999999999992554,6.8013582229614258
8.5999999999999357,117.3999999999997499,11.9087457656860352
8.5999999999999357,117.4999999999997442,13.0266332626342773
8.5999999999999357,123.3999999999994088,14.3761291503906250
8.5999999999999357,123.4999999999994031,13.4496326446533203
8.5999999999999357,123.5999999999993975,14.4710512161254883
8.5999999999999357,123.6999999999993918,15.9681062698364258
8.5999999999999357,124.7999999999993292,6.9833893775939941
8.5999999999999357,124.8999999999993236,4.8737463951110840
8.5999999999999357,124.9999999999993179,3.8168461322784424
8.5999999999999357,125.0999999999993122,3.7271461486816406
8.5999999999999357,125.1999999999993065,3.5767185688018799
8.5999999999999357,125.2999999999993008,2.5478026866912842
8.5999999999999357,125.3999999999992951,3.2147896289825439
8.5999999999999357,125.4999999999992895,4.1037735939025879
8.5999999999999357,125.5999999999992838,4.9664120674133301
8.5999999999999357,125.6999999999992781,5.8524117469787598
8.5999999999999357,125.7999999999992724,5.9200334548950195
8.5999999999999357,125.8999999999992667,5.8354344367980957
8.5999999999999357,125.9999999999992610,5.9526324272155762
8.5999999999999357,126.0999999999992554,7.5319480895996094
8.4999999999999361,117.1999999999997613,14.1278638839721680
8.4999999999999361,117.2999999999997556,12.1684732437133789
8.4999999999999361,117.3999999999997499,12.2120714187622070
8.4999999999999361,123.0999999999994259,16.5878067016601562
8.4999999999999361,123.2999999999994145,11.0334777832031250
8.4999999999999361,123.3999999999994088,10.5848894119262695
8.4999999999999361,123.4999999999994031,9.5593185424804688
8.4999999999999361,123.5999999999993975,10.7578649520874023
8.4999999999999361,123.6999999999993918,12.2024297714233398
8.4999999999999361,123.7999999999993861,12.3238830566406250
8.4999999999999361,124.2999999999993577,10.9582529067993164
8.4999999999999361,124.3999999999993520,11.0167169570922852
8.4999999999999361,124.4999999999993463,10.8658246994018555
8.4999999999999361,124.6999999999993349,6.9829111099243164
8.4999999999999361,124.7999999999993292,5.3035941123962402
8.4999999999999361,124.8999999999993236,4.7545547485351562
8.4999999999999361,124.9999999999993179,3.9896347522735596
8.4999999999999361,125.0999999999993122,3.6507396697998047
8.4999999999999361,125.1999999999993065,3.4911773204803467
8.4999999999999361,125.2999999999993008,2.6530611515045166
8.4999999999999361,125.3999999999992951,3.4340102672576904
8.4999999999999361,125.4999999999992895,4.3382930755615234
8.4999999999999361,125.5999999999992838,5.2705297470092773
8.4999999999999361,125.6999999999992781,6.1581659317016602
8.4999999999999361,125.7999999999992724,6.2833094596862793
8.4999999999999361,125.8999999999992667,6.1970319747924805
8.4999999999999361,125.9999999999992610,6.1738877296447754
8.4999999999999361,126.0999999999992554,6.7842774391174316
8.4999999999999361,126.1999999999992497,8.7363061904907227
8.4999999999999361,126.2999999999992440,10.5776281356811523
8.3999999999999364,123.0999999999994259,14.1884860992431641
8.3999999999999364,123.1999999999994202,11.8085584640502930
8.3999999999999364,123.2999999999994145,9.9840373992919922
8.3999999999999364,123.3999999999994088,8.6331071853637695
8.3999999999999364,123.4999999999994031,7.1302843093872070
8.3999999999999364,123.5999999999993975,6.7041611671447754
8.3999999999999364,123.6999999999993918,8.1240491867065430
8.3999999999999364,123.7999999999993861,9.6561784744262695
8.3999999999999364,124.2999999999993577,10.3054237365722656
8.3999999999999364,124.3999999999993520,9.5516176223754883
8.3999999999999364,124.4999999999993463,9.0666046142578125
8.3999999999999364,124.5999999999993406,8.5514478683471680
8.3999999999999364,124.6999999999993349,6.2395563125610352
8.3999999999999364,124.7999999999993292,4.7833852767944336
8.3999999999999364,124.8999999999993236,3.9471147060394287
8.3999999999999364,124.9999999999993179,3.3630917072296143
8.3999999999999364,125.0999999999993122,3.0018784999847412
8.3999999999999364,125.1999999999993065,2.7532327175140381
8.3999999999999364,125.2999999999993008,2.9434320926666260
8.3999999999999364,125.3999999999992951,3.6837456226348877
8.3999999999999364,125.4999999999992895,4.5748801231384277
8.3999999999999364,125.5999999999992838,5.5834150314331055
8.3999999999999364,125.6999999999992781,6.4537925720214844
8.3999999999999364,125.7999999999992724,6.6188707351684570
8.3999999999999364,125.8999999999992667,6.3115096092224121
8.3999999999999364,125.9999999999992610,6.5414237976074219
8.3999999999999364,126.0999999999992554,6.6642236709594727
8.3999999999999364,126.1999999999992497,7.4506149291992188
8.3999999999999364,126.2999999999992440,9.1566390991210938
8.2999999999999368,117.2999999999997556,17.9748668670654297
8.2999999999999368,122.9999999999994316,13.1752624511718750
8.2999999999999368,123.0999999999994259,11.5814495086669922
8.2999999999999368,123.1999999999994202,9.8315525054931641
8.2999999999999368,123.2999999999994145,8.7887668609619141
8.2999999999999368,123.3999999999994088,7.7706727981567383
8.2999999999999368,123.4999999999994031,7.0222954750061035
8.2999999999999368,123.5999999999993975,7.2596106529235840
8.2999999999999368,123.6999999999993918,7.5313792228698730
8.2999999999999368,123.7999999999993861,8.4970884323120117
8.2999999999999368,124.2999999999993577,9.1632785797119141
8.2999999999999368,124.3999999999993520,8.3208179473876953
8.2999999999999368,124.4999999999993463,7.7347855567932129
8.2999999999999368,124.5999999999993406,7.0695047378540039
8.2999999999999368,124.6999999999993349,5.6143260002136230
8.2999999999999368,124.7999999999993292,4.6055712699890137
8.2999999999999368,124.8999999999993236,3.8666591644287109
8.2999999999999368,124.9999999999993179,3.2486989498138428
8.2999999999999368,125.0999999999993122,2.6674344539642334
8.2999999999999368,125.1999999999993065,2.6065127849578857
8.2999999999999368,125.2999999999993008,3.3043892383575439
8.2999999999999368,125.3999999999992951,4.0240449905395508
8.2999999999999368,125.4999999999992895,4.9375958442687988
8.2999999999999368,125.5999999999992838,5.9813647270202637
8.2999999999999368,125.6999999999992781,6.9303145408630371
8.2999999999999368,125.7999999999992724,6.6457862854003906
8.2999999999999368,125.8999999999992667,6.5970230102539062
8.2999999999999368,125.9999999999992610,6.8256402015686035
8.2999999999999368,126.0999999999992554,6.9765396118164062
8.2999999999999368,126.1999999999992497,7.1301813125610352
8.2999999999999368,126.2999999999992440,7.8146867752075195
8.1999999999999371,122.9999999999994316,11.6016798019409180
8.1999999999999371,123.0999999999994259,9.4985303878784180
8.1999999999999371,123.1999999999994202,8.2293510437011719
8.1999999999999371,123.2999999999994145,7.1964087486267090
8.1999999999999371,123.3999999999994088,6.6774253845214844
8.1999999999999371,123.4999999999994031,7.2014055252075195
8.1999999999999371,123.5999999999993975,7.7361192703247070
8.1999999999999371,123.6999999999993918,8.0114622116088867
8.1999999999999371,123.7999999999993861,8.5192623138427734
8.1999999999999371,124.0999999999993690,12.0341911315917969
8.1999999999999371,124.1999999999993634,10.4883918762207031
8.1999999999999371,124.2999999999993577,8.7484979629516602
8.1999999999999371,124.3999999999993520,7.9219727516174316
8.1999999999999371,124.4999999999993463,7.3244247436523438
8.1999999999999371,124.5999999999993406,6.6448187828063965
8.1999999999999371,124.6999999999993349,5.4003353118896484
8.1999999999999371,124.7999999999993292,4.3880133628845215
8.1999999999999371,124.8999999999993236,3.6782720088958740
8.1999999999999371,124.9999999999993179,3.0921542644500732
8.1999999999999371,125.0999999999993122,2.7997426986694336
8.1999999999999371,125.1999999999993065,3.3465163707733154
8.1999999999999371,125.2999999999993008,4.0150561332702637
8.1999999999999371,125.3999999999992951,4.7482943534851074
8.1999999999999371,125.4999999999992895,5.6174225807189941
8.1999999999999371,125.5999999999992838,6.6035966873168945
8.1999999999999371,125.6999999999992781,7.2473559379577637
8.1999999999999371,125.7999999999992724,6.6638450622558594
8.1999999999999371,125.8999999999992667,6.4781036376953125
8.1999999999999371,125.9999999999992610,6.7206816673278809
8.1999999999999371,126.0999999999992554,6.8782601356506348
8.1999999999999371,126.1999999999992497,6.7545890808105469
8.1999999999999371,126.2999999999992440,6.5250353813171387
8.1999999999999371,126.3999999999992383,8.1581354141235352
8.0999999999999375,116.9999999999997726,18.5392169952392578
8.0999999999999375,122.7999999999994429,10.2197341918945312
8.0999999999999375,122.8999999999994373,9.5810117721557617
8.0999999999999375,122.9999999999994316,8.6290845870971680
8.0999999999999375,123.0999999999994259,7.7510628700256348
8.0999999999999375,123.1999999999994202,6.4962015151977539
8.0999999999999375,123.2999999999994145,6.0427923202514648
8.0999999999999375,123.3999999999994088,6.4290361404418945
8.0999999999999375,123.4999999999994031,7.0816912651062012
8.0999999999999375,123.5999999999993975,7.8032393455505371
8.0999999999999375,123.6999999999993918,8.3329887390136719
8.0999999999999375,123.7999999999993861,8.7795515060424805
8.0999999999999375,123.9999999999993747,9.8682813644409180
8.0999999999999375,124.0999999999993690,10.1821947097778320
8.0999999999999375,124.1999999999993634,10.0086631774902344
8.0999999999999375,124.2999999999993577,8.7044439315795898
8.0999999999999375,124.3999999999993520,7.8317918777465820
8.0999999999999375,124.4999999999993463,7.2262911796569824
8.0999999999999375,124.5999999999993406,6.5353708267211914
8.0999999999999375,124.6999999999993349,5.3517122268676758
8.0999999999999375,124.7999999999993292,4.2271022796630859
8.0999999999999375,124.8999999999993236,3.5606582164764404
8.0999999999999375,124.9999999999993179,3.0745847225189209
8.0999999999999375,125.0999999999993122,3.8004810810089111
8.0999999999999375,125.1999999999993065,4.3174257278442383
8.0999999999999375,125.2999999999993008,4.8673701286315918
8.0999999999999375,125.3999999999992951,5.6078925132751465
8.0999999999999375,125.4999999999992895,6.3645277023315430
8.0999999999999375,125.5999999999992838,7.0642800331115723
8.0999999999999375,125.6999999999992781,7.7133164405822754
8.0999999999999375,125.7999999999992724,6.9599747657775879
8.0999999999999375,125.8999999999992667,6.3271913528442383
8.0999999999999375,125.9999999999992610,6.4640154838562012
8.0999999999999375,126.0999999999992554,6.5131921768188477
8.0999999999999375,126.1999999999992497,5.6076636314392090
8.0999999999999375,126.2999999999992440,5.4196000099182129
8.0999999999999375,126.3999999999992383,7.9132003784179688
7.9999999999999378,116.9999999999997726,18.5394039154052734
7.9999999999999378,122.2999999999994714,12.1116104125976562
7.9999999999999378,122.3999999999994657,10.4782609939575195
7.9999999999999378,122.4999999999994600,9.3631286621093750
7.9999999999999378,122.5999999999994543,8.7659444808959961
7.9999999999999378,122.6999999999994486,8.5232191085815430
7.9999999999999378,122.7999999999994429,7.6698365211486816
7.9999999999999378,122.8999999999994373,7.4437365531921387
7.9999999999999378,122.9999999999994316,6.8504004478454590
7.9999999999999378,123.0999999999994259,6.3456768989562988
7.9999999999999378,123.1999999999994202,6.1986336708068848
7.9999999999999378,123.2999999999994145,6.4006357192993164
7.9999999999999378,123.3999999999994088,7.0149779319763184
7.9999999999999378,123.4999999999994031,7.6704139709472656
7.9999999999999378,123.5999999999993975,8.4032583236694336
7.9999999999999378,123.6999999999993918,9.0851697921752930
7.9999999999999378,123.7999999999993861,8.6815986633300781
7.9999999999999378,123.8999999999993804,8.3144054412841797
7.9999999999999378,123.9999999999993747,8.3326025009155273
7.9999999999999378,124.0999999999993690,8.5067558288574219
7.9999999999999378,124.1999999999993634,8.3722171783447266
7.9999999999999378,124.2999999999993577,8.1696996688842773
7.9999999999999378,124.3999999999993520,7.7180895805358887
7.9999999999999378,124.4999999999993463,7.5294723510742188
7.9999999999999378,124.5999999999993406,7.3040785789489746
7.9999999999999378,124.6999999999993349,5.7245445251464844
7.9999999999999378,124.7999999999993292,4.3809986114501953
7.9999999999999378,124.8999999999993236,3.4906527996063232
7.9999999999999378,124.9999999999993179,4.0048766136169434
7.9999999999999378,125.0999999999993122,4.7696857452392578
7.9999999999999378,125.1999999999993065,5.3751540184020996
7.9999999999999378,125.2999999999993008,5.8798136711120605
7.9999999999999378,125.3999999999992951,6.3490672111511230
7.9999999999999378,125.4999999999992895,6.7205338478088379
7.9999999999999378,125.5999999999992838,7.2453203201293945
7.9999999999999378,125.6999999999992781,7.7902717590332031
7.9999999999999378,125.7999999999992724,7.1392474174499512
7.9999999999999378,125.8999999999992667,6.4301257133483887
7.9999999999999378,125.9999999999992610,6.1033577919006348
7.9999999999999378,126.0999999999992554,5.4206485748291016
7.9999999999999378,126.1999999999992497,4.5112247467041016
7.9999999999999378,126.2999999999992440,4.1471266746520996
7.8999999999999382,116.9999999999997726,18.4838428497314453
7.8999999999999382,122.2999999999994714,11.3575744628906250
7.8999999999999382,122.3999999999994657,9.5544185638427734
7.8999999999999382,122.4999999999994600,8.5479602813720703
7.8999999999999382,122.5999999999994543,9.4786920547485352
7.8999999999999382,122.6999999999994486,8.6855564117431641
7.8999999999999382,122.7999999999994429,7.5051245689392090
7.8999999999999382,122.8999999999994373,7.2692437171936035
7.8999999999999382,122.9999999999994316,6.6578316688537598
7.8999999999999382,123.0999999999994259,6.1592426300048828
7.8999999999999382,123.1999999999994202,6.8454451560974121
7.8999999999999382,123.2999999999994145,8.7969846725463867
7.8999999999999382,123.3999999999994088,9.7902030944824219
7.8999999999999382,123.4999999999994031,10.1383819580078125
7.8999999999999382,123.5999999999993975,10.9015731811523438
7.8999999999999382,123.6999999999993918,11.4815368652343750
7.8999999999999382,123.7999999999993861,10.1698894500732422
7.8999999999999382,123.8999999999993804,8.3534135818481445
7.8999999999999382,123.9999999999993747,8.1272153854370117
7.8999999999999382,124.0999999999993690,8.1095724105834961
7.8999999999999382,124.1999999999993634,8.1025362014770508
7.8999999999999382,124.2999999999993577,7.5709657669067383
7.8999999999999382,124.3999999999993520,7.4613070487976074
7.8999999999999382,124.4999999999993463,7.4087738990783691
7.8999999999999382,124.5999999999993406,7.0226874351501465
7.8999999999999382,124.6999999999993349,5.6759362220764160
7.8999999999999382,124.7999999999993292,4.5083179473876953
7.8999999999999382,124.8999999999993236,4.3698415756225586
7.8999999999999382,124.9999999999993179,4.6948981285095215
7.8999999999999382,125.0999999999993122,5.4863157272338867
7.8999999999999382,125.1999999999993065,6.1862616539001465
7.8999999999999382,125.2999999999993008,6.7491097450256348
7.8999999999999382,125.3999999999992951,6.5953078269958496
7.8999999999999382,125.4999999999992895,6.4071435928344727
7.8999999999999382,125.5999999999992838,6.8763880729675293
7.8999999999999382,125.6999999999992781,7.6290521621704102
7.8999999999999382,125.7999999999992724,6.8464465141296387
7.8999999999999382,125.8999999999992667,6.1773366928100586
7.8999999999999382,125.9999999999992610,6.3412547111511230
7.8999999999999382,126.0999999999992554,5.0783905982971191
7.8999999999999382,126.1999999999992497,4.1173067092895508
7.8999999999999382,126.2999999999992440,3.9154193401336670
7.7999999999999385,122.0999999999994827,15.7698278427124023
7.7999999999999385,122.1999999999994770,12.6891422271728516
7.7999999999999385,122.2999999999994714,10.5527362823486328
7.7999999999999385,122.3999999999994657,9.0856256484985352
7.7999999999999385,122.4999999999994600,9.2138147354125977
7.7999999999999385,122.5999999999994543,10.8814353942871094
7.7999999999999385,122.6999999999994486,9.8369359970092773
7.7999999999999385,122.7999999999994429,7.9206881523132324
7.7999999999999385,122.8999999999994373,7.5951204299926758
7.7999999999999385,122.9999999999994316,7.2669596672058105
7.7999999999999385,123.0999999999994259,7.3841018676757812
7.7999999999999385,123.1999999999994202,7.9793496131896973
7.7999999999999385,123.2999999999994145,10.4261016845703125
7.7999999999999385,123.3999999999994088,13.1467657089233398
7.7999999999999385,123.6999999999993918,13.0143756866455078
7.7999999999999385,123.7999999999993861,12.6828556060791016
7.7999999999999385,123.8999999999993804,9.9259443283081055
7.7999999999999385,123.9999999999993747,8.2783298492431641
7.7999999999999385,124.0999999999993690,8.4056549072265625
7.7999999999999385,124.1999999999993634,7.7254271507263184
7.7999999999999385,124.2999999999993577,7.2264132499694824
7.7999999999999385,124.3999999999993520,7.1218285560607910
7.7999999999999385,124.4999999999993463,7.2598738670349121
7.7999999999999385,124.5999999999993406,7.1108241081237793
7.7999999999999385,124.6999999999993349,6.1653628349304199
7.7999999999999385,124.7999999999993292,5.7659459114074707
7.7999999999999385,124.8999999999993236,5.5963072776794434
7.7999999999999385,124.9999999999993179,5.7023959159851074
7.7999999999999385,125.0999999999993122,6.3234000205993652
7.7999999999999385,125.1999999999993065,7.0776438713073730
7.7999999999999385,125.2999999999993008,6.8908419609069824
7.7999999999999385,125.3999999999992951,6.3781747817993164
7.7999999999999385,125.4999999999992895,6.0690059661865234
7.7999999999999385,125.5999999999992838,6.4879050254821777
7.7999999999999385,125.6999999999992781,7.2200427055358887
7.7999999999999385,125.7999999999992724,6.6327195167541504
7.7999999999999385,125.8999999999992667,6.3311724662780762
7.7999999999999385,125.9999999999992610,6.6013140678405762
7.7999999999999385,126.0999999999992554,5.3503031730651855
7.7999999999999385,126.1999999999992497,4.0075454711914062
7.7999999999999385,126.2999999999992440,3.4685134887695312
7.7999999999999385,126.3999999999992383,5.5802965164184570
7.6999999999999389,122.1999999999994770,12.4667291641235352
7.6999999999999389,122.2999999999994714,9.7378568649291992
7.6999999999999389,122.3999999999994657,9.4954719543457031
7.6999999999999389,122.4999999999994600,10.1834373474121094
7.6999999999999389,122.8999999999994373,8.5263395309448242
7.6999999999999389,122.9999999999994316,8.7881355285644531
7.6999999999999389,123.0999999999994259,9.0092058181762695
7.6999999999999389,123.1999999999994202,9.7807464599609375
7.6999999999999389,123.2999999999994145,12.0592041015625000
7.6999999999999389,123.3999999999994088,15.0220613479614258
7.6999999999999389,123.4999999999994031,16.5857448577880859
7.6999999999999389,123.8999999999993804,11.2108297348022461
7.6999999999999389,123.9999999999993747,9.8258419036865234
7.6999999999999389,124.0999999999993690,8.4989566802978516
7.6999999999999389,124.1999999999993634,7.4574661254882812
7.6999999999999389,124.2999999999993577,6.9839372634887695
7.6999999999999389,124.3999999999993520,6.9091453552246094
7.6999999999999389,124.4999999999993463,6.9084205627441406
7.6999999999999389,124.5999999999993406,7.0634016990661621
7.6999999999999389,124.6999999999993349,6.7946023941040039
7.6999999999999389,124.7999999999993292,6.4609093666076660
7.6999999999999389,124.8999999999993236,6.4115228652954102
7.6999999999999389,124.9999999999993179,6.5431184768676758
7.6999999999999389,125.0999999999993122,6.8320732116699219
7.6999999999999389,125.1999999999993065,7.0120277404785156
7.6999999999999389,125.2999999999993008,6.5195121765136719
7.6999999999999389,125.3999999999992951,6.0085649490356445
7.6999999999999389,125.4999999999992895,5.8060336112976074
7.6999999999999389,125.5999999999992838,6.1395878791809082
7.6999999999999389,125.6999999999992781,6.9148726463317871
7.6999999999999389,125.7999999999992724,6.6177515983581543
7.6999999999999389,125.8999999999992667,6.2186646461486816
7.6999999999999389,125.9999999999992610,6.7265801429748535
7.6999999999999389,126.0999999999992554,5.1981310844421387
7.6999999999999389,126.1999999999992497,3.7171885967254639
7.6999999999999389,126.2999999999992440,3.2408599853515625
7.6999999999999389,126.3999999999992383,4.8708753585815430
7.6999999999999389,126.4999999999992326,8.3802089691162109
7.5999999999999392,122.1999999999994770,11.8291587829589844
7.5999999999999392,122.2999999999994714,9.9419717788696289
7.5999999999999392,122.3999999999994657,9.9751586914062500
7.5999999999999392,122.8999999999994373,10.6262512207031250
7.5999999999999392,122.9999999999994316,10.5912542343139648
7.5999999999999392,123.1999999999994202,12.1174116134643555
7.5999999999999392,123.2999999999994145,14.5802230834960938
7.5999999999999392,123.3999999999994088,16.0892086029052734
7.5999999999999392,124.0999999999993690,10.1917343139648438
7.5999999999999392,124.1999999999993634,8.2432565689086914
7.5999999999999392,124.2999999999993577,7.0952172279357910
7.5999999999999392,124.3999999999993520,7.0281877517700195
7.5999999999999392,124.4999999999993463,6.7896881103515625
7.5999999999999392,124.5999999999993406,6.1625261306762695
7.5999999999999392,124.6999999999993349,6.3802032470703125
7.5999999999999392,124.7999999999993292,6.1938738822937012
7.5999999999999392,124.8999999999993236,6.2311282157897949
7.5999999999999392,124.9999999999993179,6.3178515434265137
7.5999999999999392,125.0999999999993122,6.3299379348754883
7.5999999999999392,125.1999999999993065,6.1962537765502930
7.5999999999999392,125.2999999999993008,5.9245123863220215
7.5999999999999392,125.3999999999992951,5.6027126312255859
7.5999999999999392,125.4999999999992895,5.4512438774108887
7.5999999999999392,125.5999999999992838,5.9895610809326172
7.5999999999999392,125.6999999999992781,7.1698174476623535
7.5999999999999392,125.7999999999992724,6.6378440856933594
7.5999999999999392,125.8999999999992667,5.8679366111755371
7.5999999999999392,125.9999999999992610,5.6783027648925781
7.5999999999999392,126.0999999999992554,4.2463345527648926
7.5999999999999392,126.1999999999992497,2.9390864372253418
7.5999999999999392,126.2999999999992440,2.5029962062835693
7.5999999999999392,126.3999999999992383,4.3902602195739746
7.5999999999999392,126.4999999999992326,7.4311418533325195
7.4999999999999396,122.0999999999994827,13.9081907272338867
7.4999999999999396,122.1999999999994770,12.0014619827270508
7.4999999999999396,122.2999999999994714,10.3916616439819336
7.4999999999999396,123.2999999999994145,16.1550960540771484
7.4999999999999396,123.3999999999994088,17.2280731201171875
7.4999999999999396,124.1999999999993634,9.8342933654785156
7.4999999999999396,124.2999999999993577,7.7499132156372070
7.4999999999999396,124.3999999999993520,7.0976767539978027
7.4999999999999396,124.4999999999993463,6.2520918846130371
7.4999999999999396,124.5999999999993406,5.5614843368530273
7.4999999999999396,124.6999999999993349,5.5629200935363770
7.4999999999999396,124.7999999999993292,6.0425639152526855
7.4999999999999396,124.8999999999993236,6.1011085510253906
7.4999999999999396,124.9999999999993179,6.0698385238647461
7.4999999999999396,125.0999999999993122,5.9252223968505859
7.4999999999999396,125.1999999999993065,5.7557086944580078
7.4999999999999396,125.2999999999993008,5.4825444221496582
7.4999999999999396,125.3999999999992951,5.2069888114929199
7.4999999999999396,125.4999999999992895,5.1837244033813477
7.4999999999999396,125.5999999999992838,6.1037364006042480
7.4999999999999396,125.6999999999992781,7.4705338478088379
7.4999999999999396,125.7999999999992724,6.9568367004394531
7.4999999999999396,125.8999999999992667,5.8179078102111816
7.4999999999999396,125.9999999999992610,5.4779200553894043
7.4999999999999396,126.0999999999992554,4.2612228393554688
7.4999999999999396,126.1999999999992497,3.2806909084320068
7.4999999999999396,126.2999999999992440,2.7800860404968262
7.4999999999999396,126.3999999999992383,4.7767138481140137
7.4999999999999396,126.4999999999992326,7.4034509658813477
7.4999999999999396,126.5999999999992269,10.6678390502929688
7.3999999999999400,122.0999999999994827,13.2605762481689453
7.3999999999999400,122.1999999999994770,12.1950235366821289
7.3999999999999400,122.2999999999994714,10.7762632369995117
7.3999999999999400,122.7999999999994429,15.1210269927978516
7.3999999999999400,123.3999999999994088,17.5035762786865234
7.3999999999999400,124.1999999999993634,10.7535705566406250
7.3999999999999400,124.2999999999993577,8.2464532852172852
7.3999999999999400,124.3999999999993520,6.9810142517089844
7.3999999999999400,124.4999999999993463,6.0440211296081543
7.3999999999999400,124.5999999999993406,5.2460565567016602
7.3999999999999400,124.6999999999993349,5.0797495841979980
7.3999999999999400,124.7999999999993292,5.2977771759033203
7.3999999999999400,124.8999999999993236,5.7420039176940918
7.3999999999999400,124.9999999999993179,5.5843453407287598
7.3999999999999400,125.0999999999993122,5.4630565643310547
7.3999999999999400,125.1999999999993065,5.3560166358947754
7.3999999999999400,125.2999999999993008,5.0615515708923340
7.3999999999999400,125.3999999999992951,4.7486677169799805
7.3999999999999400,125.4999999999992895,5.2684340476989746
7.3999999999999400,125.5999999999992838,7.0617990493774414
7.3999999999999400,125.6999999999992781,9.0129623413085938
7.3999999999999400,125.7999999999992724,7.5804252624511719
7.3999999999999400,125.8999999999992667,6.4063630104064941
7.3999999999999400,125.9999999999992610,5.6405253410339355
7.3999999999999400,126.0999999999992554,5.1219129562377930
7.3999999999999400,126.1999999999992497,4.0452084541320801
7.3999999999999400,126.2999999999992440,3.7572083473205566
7.3999999999999400,126.3999999999992383,5.6511564254760742
7.3999999999999400,126.4999999999992326,8.3779249191284180
7.2999999999999403,116.8999999999997783,18.7843189239501953
7.2999999999999403,117.0999999999997669,17.5023155212402344
7.2999999999999403,117.1999999999997613,17.4519786834716797
7.2999999999999403,122.0999999999994827,11.2513418197631836
7.2999999999999403,122.1999999999994770,11.7622232437133789
7.2999999999999403,124.1999999999993634,9.6355342864990234
7.2999999999999403,124.2999999999993577,7.5647416114807129
7.2999999999999403,124.3999999999993520,6.5808763504028320
7.2999999999999403,124.4999999999993463,5.8343029022216797
7.2999999999999403,124.5999999999993406,5.1242570877075195
7.2999999999999403,124.6999999999993349,4.7005023956298828
7.2999999999999403,124.7999999999993292,4.8188247680664062
7.2999999999999403,124.8999999999993236,5.1674008369445801
7.2999999999999403,124.9999999999993179,5.0098829269409180
7.2999999999999403,125.0999999999993122,5.0457224845886230
7.2999999999999403,125.1999999999993065,4.9703497886657715
7.2999999999999403,125.2999999999993008,4.6209740638732910
7.2999999999999403,125.3999999999992951,4.2078847885131836
7.2999999999999403,125.4999999999992895,6.1708631515502930
7.2999999999999403,125.5999999999992838,9.0255270004272461
7.2999999999999403,125.6999999999992781,10.6939697265625000
7.2999999999999403,125.8999999999992667,7.6759104728698730
7.2999999999999403,125.9999999999992610,5.8270301818847656
7.2999999999999403,126.0999999999992554,6.1368227005004883
7.2999999999999403,126.1999999999992497,5.7648458480834961
7.2999999999999403,126.2999999999992440,5.1615180969238281
7.2999999999999403,126.3999999999992383,7.5130867958068848
7.2999999999999403,126.4999999999992326,10.6991558074951172
7.2999999999999403,126.5999999999992269,14.9975681304931641
7.1999999999999407,117.0999999999997669,17.4659347534179688
7.1999999999999407,117.1999999999997613,17.3213500976562500
7.1999999999999407,121.9999999999994884,10.3053350448608398
7.1999999999999407,122.0999999999994827,9.5786809921264648
7.1999999999999407,122.1999999999994770,10.6773176193237305
7.1999999999999407,124.1999999999993634,9.6522808074951172
7.1999999999999407,124.2999999999993577,7.2141580581665039
7.1999999999999407,124.3999999999993520,6.1261782646179199
7.1999999999999407,124.4999999999993463,5.5785541534423828
7.1999999999999407,124.5999999999993406,4.9986329078674316
7.1999999999999407,124.6999999999993349,4.9212851524353027
7.1999999999999407,124.7999999999993292,5.2585864067077637
7.1999999999999407,124.8999999999993236,5.4384431838989258
7.1999999999999407,124.9999999999993179,4.8231210708618164
7.1999999999999407,125.0999999999993122,4.6175646781921387
7.1999999999999407,125.1999999999993065,4.5550003051757812
7.1999999999999407,125.2999999999993008,4.0474028587341309
7.1999999999999407,125.3999999999992951,4.5548758506774902
7.1999999999999407,125.4999999999992895,6.9312357902526855
7.1999999999999407,125.5999999999992838,10.2910947799682617
7.1999999999999407,125.9999999999992610,6.5398530960083008
7.1999999999999407,126.0999999999992554,6.2949461936950684
7.1999999999999407,126.1999999999992497,6.6739907264709473
7.1999999999999407,126.2999999999992440,7.1594004631042480
7.1999999999999407,126.3999999999992383,10.0324087142944336
7.1999999999999407,126.4999999999992326,14.6286535263061523
7.0999999999999410,121.9999999999994884,10.6505765914916992
7.0999999999999410,122.0999999999994827,9.9023456573486328
7.0999999999999410,122.1999999999994770,10.0909328460693359
7.0999999999999410,124.0999999999993690,11.5237150192260742
7.0999999999999410,124.1999999999993634,8.7082509994506836
7.0999999999999410,124.2999999999993577,6.1157259941101074
7.0999999999999410,124.3999999999993520,5.2115316390991211
7.0999999999999410,124.4999999999993463,4.6783862113952637
7.0999999999999410,124.5999999999993406,4.2792444229125977
7.0999999999999410,124.6999999999993349,4.2373280525207520
7.0999999999999410,124.7999999999993292,4.4646286964416504
7.0999999999999410,124.8999999999993236,4.5959849357604980
7.0999999999999410,124.9999999999993179,4.0032277107238770
7.0999999999999410,125.0999999999993122,3.7997231483459473
7.0999999999999410,125.1999999999993065,4.1803908348083496
7.0999999999999410,125.2999999999993008,3.8897111415863037
7.0999999999999410,125.3999999999992951,4.4272141456604004
7.0999999999999410,125.4999999999992895,6.7684412002563477
7.0999999999999410,125.5999999999992838,9.8789091110229492
7.0999999999999410,125.6999999999992781,13.6325855255126953
7.0999999999999410,125.8999999999992667,9.6081247329711914
7.0999999999999410,125.9999999999992610,7.7249298095703125
7.0999999999999410,126.0999999999992554,6.8006286621093750
7.0999999999999410,126.1999999999992497,6.9719352722167969
7.0999999999999410,126.2999999999992440,8.5383367538452148
7.0999999999999410,126.3999999999992383,12.3786306381225586
6.9999999999999414,117.0999999999997669,15.0363864898681641
6.9999999999999414,121.9999999999994884,13.0861501693725586
6.9999999999999414,122.0999999999994827,12.6072149276733398
6.9999999999999414,122.1999999999994770,13.3018722534179688
6.9999999999999414,123.9999999999993747,11.2118215560913086
6.9999999999999414,124.0999999999993690,9.8698978424072266
6.9999999999999414,124.1999999999993634,7.9067382812500000
6.9999999999999414,124.2999999999993577,5.7501177787780762
6.9999999999999414,124.3999999999993520,4.5705657005310059
6.9999999999999414,124.4999999999993463,3.8932788372039795
6.9999999999999414,124.5999999999993406,3.2101848125457764
6.9999999999999414,124.6999999999993349,3.3095328807830811
6.9999999999999414,124.7999999999993292,3.0564725399017334
6.9999999999999414,124.8999999999993236,3.0150802135467529
6.9999999999999414,124.9999999999993179,2.8649337291717529
6.9999999999999414,125.0999999999993122,3.0704352855682373
6.9999999999999414,125.1999999999993065,3.7484767436981201
6.9999999999999414,125.2999999999993008,3.8402335643768311
6.9999999999999414,125.3999999999992951,4.0433964729309082
6.9999999999999414,125.4999999999992895,5.2938370704650879
6.9999999999999414,125.7999999999992724,13.0928010940551758
6.9999999999999414,125.9999999999992610,8.9295940399169922
6.9999999999999414,126.0999999999992554,8.2779045104980469
6.9999999999999414,126.1999999999992497,9.6350727081298828
6.9999999999999414,126.2999999999992440,11.5299968719482422
6.8999999999999417,116.6999999999997897,11.4634237289428711
6.8999999999999417,116.7999999999997840,12.0607700347900391
6.8999999999999417,117.0999999999997669,13.9305524826049805
6.8999999999999417,117.1999999999997613,14.6542863845825195
6.8999999999999417,122.0999999999994827,14.5344238281250000
6.8999999999999417,123.9999999999993747,10.5703735351562500
6.8999999999999417,124.0999999999993690,8.5478935241699219
6.8999999999999417,124.1999999999993634,6.9378252029418945
6.8999999999999417,124.2999999999993577,5.3928318023681641
6.8999999999999417,124.3999999999993520,4.2802491188049316
6.8999999999999417,124.4999999999993463,3.4499332904815674
6.8999999999999417,124.5999999999993406,3.1006085872650146
6.8999999999999417,124.6999999999993349,3.2085063457489014
6.8999999999999417,124.7999999999993292,3.2929122447967529
6.8999999999999417,124.8999999999993236,3.1992185115814209
6.8999999999999417,124.9999999999993179,2.6148524284362793
6.8999999999999417,125.0999999999993122,2.8468472957611084
6.8999999999999417,125.1999999999993065,3.2244775295257568
6.8999999999999417,125.2999999999993008,3.3529746532440186
6.8999999999999417,125.3999999999992951,3.8272850513458252
6.8999999999999417,126.0999999999992554,11.1630096435546875
6.8999999999999417,126.2999999999992440,14.3719396591186523
6.7999999999999421,124.0999999999993690,9.7735605239868164
6.7999999999999421,124.1999999999993634,7.5729775428771973
6.7999999999999421,124.2999999999993577,5.2827391624450684
6.7999999999999421,124.3999999999993520,3.9451897144317627
6.7999999999999421,124.4999999999993463,3.0443866252899170
6.7999999999999421,124.5999999999993406,2.6398763656616211
6.7999999999999421,124.6999999999993349,2.7967727184295654
6.7999999999999421,124.7999999999993292,2.9304785728454590
6.7999999999999421,124.8999999999993236,2.8907830715179443
6.7999999999999421,124.9999999999993179,2.3438587188720703
6.7999999999999421,125.0999999999993122,2.7527999877929688
6.7999999999999421,125.1999999999993065,3.0293588638305664
6.7999999999999421,125.2999999999993008,3.2134747505187988
6.7999999999999421,125.3999999999992951,3.8707921504974365
6.7999999999999421,126.0999999999992554,13.6743040084838867
6.7999999999999421,126.1999999999992497,14.9795980453491211
6.6999999999999424,121.9999999999994884,12.3455963134765625
6.6999999999999424,122.0999999999994827,12.0500650405883789
6.6999999999999424,124.0999999999993690,11.5465850830078125
6.6999999999999424,124.1999999999993634,8.7264165878295898
6.6999999999999424,124.2999999999993577,5.8416829109191895
6.6999999999999424,124.3999999999993520,4.0705447196960449
6.6999999999999424,124.4999999999993463,2.7331159114837646
6.6999999999999424,124.5999999999993406,2.2035574913024902
6.6999999999999424,124.6999999999993349,2.3396759033203125
6.6999999999999424,124.7999999999993292,2.6523029804229736
6.6999999999999424,124.8999999999993236,2.6839637756347656
6.6999999999999424,124.9999999999993179,2.1421983242034912
6.6999999999999424,125.0999999999993122,2.7577583789825439
6.6999999999999424,125.1999999999993065,3.2011070251464844
6.6999999999999424,125.2999999999993008,3.5857613086700439
6.6999999999999424,126.0999999999992554,15.3293828964233398
6.6999999999999424,126.1999999999992497,17.0753726959228516
6.5999999999999428,121.8999999999994941,13.1152267456054688
6.5999999999999428,121.9999999999994884,11.3453931808471680
6.5999999999999428,122.0999999999994827,10.8062324523925781
6.5999999999999428,122.1999999999994770,12.1555747985839844
6.5999999999999428,124.0999999999993690,12.5910310745239258
6.5999999999999428,124.1999999999993634,9.3815002441406250
6.5999999999999428,124.2999999999993577,6.4710960388183594
6.5999999999999428,124.3999999999993520,4.3314075469970703
6.5999999999999428,124.4999999999993463,2.9218509197235107
6.5999999999999428,124.5999999999993406,2.0572955608367920
6.5999999999999428,124.6999999999993349,1.9364244937896729
6.5999999999999428,124.7999999999993292,2.2868278026580811
6.5999999999999428,124.8999999999993236,2.2640931606292725
6.5999999999999428,124.9999999999993179,2.2308444976806641
6.5999999999999428,125.0999999999993122,2.7872669696807861
6.5999999999999428,125.1999999999993065,3.5669591426849365
6.5999999999999428,125.2999999999993008,4.2124481201171875
6.5999999999999428,126.0999999999992554,17.7675437927246094
6.5999999999999428,126.1999999999992497,18.8195343017578125
6.4999999999999432,121.9999999999994884,12.7891836166381836
6.4999999999999432,122.0999999999994827,12.0562009811401367
6.4999999999999432,122.1999999999994770,13.1186981201171875
6.4999999999999432,124.0999999999993690,12.8374834060668945
6.4999999999999432,124.1999999999993634,9.7677917480468750
6.4999999999999432,124.2999999999993577,6.8281641006469727
6.4999999999999432,124.3999999999993520,4.6006612777709961
6.4999999999999432,124.4999999999993463,3.0503323078155518
6.4999999999999432,124.5999999999993406,3.0400688648223877
6.4999999999999432,124.6999999999993349,2.2389554977416992
6.4999999999999432,124.7999999999993292,1.9714472293853760
6.4999999999999432,124.8999999999993236,2.2481353282928467
6.4999999999999432,124.9999999999993179,2.5756499767303467
6.4999999999999432,125.0999999999993122,3.4749114513397217
6.4999999999999432,125.1999999999993065,4.3132438659667969
6.4999999999999432,125.2999999999993008,4.6547222137451172
6.4999999999999432,125.3999999999992951,5.4998726844787598
6.4999999999999432,125.4999999999992895,5.8826994895935059
6.4999999999999432,125.5999999999992838,6.4351420402526855
6.4999999999999432,126.1999999999992497,18.9685688018798828
6.3999999999999435,121.9999999999994884,14.2772874832153320
6.3999999999999435,124.0999999999993690,12.4084806442260742
6.3999999999999435,124.1999999999993634,9.9365510940551758
6.3999999999999435,124.2999999999993577,7.0340814590454102
6.3999999999999435,124.3999999999993520,5.0872678756713867
6.3999999999999435,124.4999999999993463,4.3667197227478027
6.3999999999999435,124.5999999999993406,4.4248690605163574
6.3999999999999435,124.6999999999993349,3.3837280273437500
6.3999999999999435,124.7999999999993292,2.3665015697479248
6.3999999999999435,124.8999999999993236,2.5319087505340576
6.3999999999999435,124.9999999999993179,3.0229442119598389
6.3999999999999435,125.0999999999993122,4.3178634643554688
6.3999999999999435,125.1999999999993065,5.1254944801330566
6.3999999999999435,125.2999999999993008,5.3818221092224121
6.3999999999999435,125.3999999999992951,5.8765573501586914
6.3999999999999435,125.4999999999992895,6.5078706741333008
6.2999999999999439,120.5999999999995680,16.3609447479248047
6.2999999999999439,124.1999999999993634,9.6260118484497070
6.2999999999999439,124.2999999999993577,7.2968750000000000
6.2999999999999439,124.3999999999993520,6.0608563423156738
6.2999999999999439,124.4999999999993463,5.1861724853515625
6.2999999999999439,124.5999999999993406,5.1655397415161133
6.2999999999999439,124.6999999999993349,4.1701030731201172
6.2999999999999439,124.7999999999993292,3.0364634990692139
6.2999999999999439,124.8999999999993236,2.8000512123107910
6.2999999999999439,124.9999999999993179,3.8267459869384766
6.2999999999999439,125.0999999999993122,5.1226253509521484
6.2999999999999439,125.1999999999993065,5.9308023452758789
6.2999999999999439,125.2999999999993008,6.1677055358886719
6.2999999999999439,125.3999999999992951,6.5134353637695312
6.2999999999999439,125.4999999999992895,7.7865381240844727
6.2999999999999439,125.5999999999992838,9.7366304397583008
6.1999999999999442,124.2999999999993577,7.9291353225708008
6.1999999999999442,124.3999999999993520,6.7933936119079590
6.1999999999999442,124.4999999999993463,5.6429920196533203
6.1999999999999442,124.5999999999993406,4.7334284782409668
6.1999999999999442,124.6999999999993349,3.9100062847137451
6.1999999999999442,124.7999999999993292,3.3069057464599609
6.1999999999999442,124.8999999999993236,3.6371586322784424
6.1999999999999442,124.9999999999993179,4.5576434135437012
6.1999999999999442,125.0999999999993122,5.8523979187011719
6.1999999999999442,125.1999999999993065,6.6679530143737793
6.1999999999999442,125.2999999999993008,6.7903261184692383
6.1999999999999442,125.3999999999992951,6.4404115676879883
6.1999999999999442,125.4999999999992895,8.0687675476074219
6.1999999999999442,125.5999999999992838,10.7013072967529297
6.1999999999999442,125.6999999999992781,11.9176540374755859
6.0999999999999446,120.9999999999995453,16.7310981750488281
6.0999999999999446,121.0999999999995396,16.8973236083984375
6.0999999999999446,124.4999999999993463,6.3861885070800781
6.0999999999999446,124.5999999999993406,5.2249155044555664
6.0999999999999446,124.6999999999993349,4.6229434013366699
6.0999999999999446,124.7999999999993292,4.1979002952575684
6.0999999999999446,124.8999999999993236,4.5644402503967285
6.0999999999999446,124.9999999999993179,5.4111108779907227
6.0999999999999446,125.0999999999993122,6.5174493789672852
6.0999999999999446,125.2999999999993008,6.8444046974182129
6.0999999999999446,125.3999999999992951,6.2517566680908203
6.0999999999999446,125.4999999999992895,7.8429293632507324
6.0999999999999446,125.5999999999992838,11.7904291152954102
6.0999999999999446,125.6999999999992781,15.2469711303710938
5.9999999999999449,120.8999999999995509,16.4637699127197266
5.9999999999999449,120.9999999999995453,16.6483306884765625
5.9999999999999449,121.0999999999995396,16.8706321716308594
5.9999999999999449,121.3999999999995225,16.7641353607177734
5.9999999999999449,124.5999999999993406,6.2294807434082031
5.9999999999999449,124.6999999999993349,5.9566192626953125
5.9999999999999449,124.7999999999993292,5.8940877914428711
5.9999999999999449,124.8999999999993236,5.9740848541259766
5.9999999999999449,124.9999999999993179,6.7913613319396973
5.9999999999999449,125.0999999999993122,7.8936781883239746
5.9999999999999449,125.3999999999992951,6.2584300041198730
5.9999999999999449,125.4999999999992895,8.5171136856079102
5.9999999999999449,125.5999999999992838,12.5761575698852539
5.8999999999999453,120.8999999999995509,16.3623313903808594
5.8999999999999453,124.7999999999993292,8.4234533309936523
5.8999999999999453,124.8999999999993236,9.6531658172607422
5.8999999999999453,124.9999999999993179,9.4338274002075195
5.8999999999999453,125.0999999999993122,9.6270484924316406
5.8999999999999453,125.1999999999993065,9.4706563949584961
5.8999999999999453,125.2999999999993008,7.6301536560058594
5.8999999999999453,125.3999999999992951,7.3420319557189941
5.8999999999999453,125.4999999999992895,10.0542106628417969
5.8999999999999453,125.5999999999992838,13.7504110336303711
5.7999999999999456,125.2999999999993008,10.7717447280883789
5.7999999999999456,125.3999999999992951,9.2591848373413086
5.7999999999999456,125.4999999999992895,11.1506528854370117
5.6999999999999460,125.2999999999993008,12.5366582870483398
5.6999999999999460,125.3999999999992951,11.7067832946777344
5.5999999999999464,125.2999999999993008,14.4879398345947266
5.5999999999999464,125.3999999999992951,14.0427236557006836
5.3999999999999471,118.8999999999996646,8.7136545181274414
5.3999999999999471,118.9999999999996589,9.8251266479492188
5.3999999999999471,119.0999999999996533,11.7308959960937500
5.3999999999999471,119.1999999999996476,12.8714971542358398
5.2999999999999474,118.8999999999996646,8.4930715560913086
5.2999999999999474,118.9999999999996589,9.6932964324951172
5.2999999999999474,119.0999999999996533,11.5751495361328125
5.2999999999999474,119.1999999999996476,13.0464239120483398
5.2999999999999474,120.1999999999995907,16.4117412567138672
5.1999999999999478,118.8999999999996646,8.5600500106811523
5.1999999999999478,118.9999999999996589,9.7121152877807617
5.1999999999999478,119.0999999999996533,11.6465158462524414
5.1999999999999478,119.1999999999996476,13.5545425415039062
5.1999999999999478,120.1999999999995907,16.5803661346435547
5.0999999999999481,118.8999999999996646,10.0296764373779297
5.0999999999999481,118.9999999999996589,11.2270374298095703
5.0999999999999481,119.7999999999996135,16.4192600250244141
5.0999999999999481,119.8999999999996078,16.6040916442871094
