latitude,longitude,max_wind_gust
19.3999999999999559,121.3999999999995225,38.7482566833496094
19.3999999999999559,121.4999999999995168,41.7789039611816406
18.8999999999999488,121.8999999999994941,37.4971427917480469
18.5999999999999446,120.7999999999995566,34.4883117675781250
18.5999999999999446,120.8999999999995509,33.8004112243652344
18.5999999999999446,121.0999999999995396,31.4079990386962891
18.5999999999999446,121.1999999999995339,31.5668182373046875
18.4999999999999432,120.6999999999995623,31.6682186126708984
18.4999999999999432,120.7999999999995566,29.1061248779296875
18.4999999999999432,120.8999999999995509,26.6589717864990234
18.4999999999999432,120.9999999999995453,23.8021793365478516
18.4999999999999432,121.0999999999995396,24.1899681091308594
18.4999999999999432,121.1999999999995339,25.2297401428222656
18.4999999999999432,121.2999999999995282,26.2283077239990234
18.4999999999999432,122.1999999999994770,33.9093017578125000
18.3999999999999417,120.5999999999995680,31.4570960998535156
18.3999999999999417,120.6999999999995623,28.2726745605468750
18.3999999999999417,120.7999999999995566,24.3150424957275391
18.3999999999999417,120.8999999999995509,20.3816051483154297
18.3999999999999417,120.9999999999995453,17.4270763397216797
18.3999999999999417,121.0999999999995396,17.5271244049072266
18.3999999999999417,121.1999999999995339,19.1774044036865234
18.3999999999999417,121.2999999999995282,21.0773601531982422
18.3999999999999417,121.3999999999995225,23.5594367980957031
18.3999999999999417,121.4999999999995168,25.5966930389404297
18.3999999999999417,121.5999999999995111,28.0823402404785156
18.3999999999999417,122.0999999999994827,31.8656253814697266
18.3999999999999417,122.1999999999994770,32.7586097717285156
18.3999999999999417,122.2999999999994714,33.3603630065917969
18.2999999999999403,120.6999999999995623,25.7263278961181641
18.2999999999999403,120.7999999999995566,21.5458278656005859
18.2999999999999403,120.8999999999995509,17.3746948242187500
18.2999999999999403,120.9999999999995453,15.4557294845581055
18.2999999999999403,121.0999999999995396,15.2831344604492188
18.2999999999999403,121.1999999999995339,15.7301683425903320
18.2999999999999403,121.2999999999995282,17.2629070281982422
18.2999999999999403,121.3999999999995225,19.4684734344482422
18.2999999999999403,121.4999999999995168,21.8910274505615234
18.2999999999999403,121.5999999999995111,24.3576602935791016
18.2999999999999403,121.6999999999995055,26.8699035644531250
18.2999999999999403,122.0999999999994827,27.7099399566650391
18.2999999999999403,122.1999999999994770,29.0904140472412109
18.2999999999999403,122.2999999999994714,30.6925392150878906
18.1999999999999389,120.4999999999995737,33.2602272033691406
18.1999999999999389,120.5999999999995680,29.1354866027832031
18.1999999999999389,120.6999999999995623,24.6417217254638672
18.1999999999999389,120.7999999999995566,20.6351890563964844
18.1999999999999389,120.8999999999995509,16.8535556793212891
18.1999999999999389,120.9999999999995453,15.1141834259033203
18.1999999999999389,121.0999999999995396,14.8185625076293945
18.1999999999999389,121.1999999999995339,14.5592756271362305
18.1999999999999389,121.2999999999995282,14.9812393188476562
18.1999999999999389,121.3999999999995225,16.3925323486328125
18.1999999999999389,121.4999999999995168,19.0916481018066406
18.1999999999999389,121.5999999999995111,20.6290950775146484
18.1999999999999389,121.6999999999995055,22.0270004272460938
18.1999999999999389,121.7999999999994998,22.8577556610107422
18.1999999999999389,121.8999999999994941,22.5429668426513672
18.1999999999999389,121.9999999999994884,22.1161861419677734
18.1999999999999389,122.0999999999994827,22.9129676818847656
18.1999999999999389,122.1999999999994770,25.1386756896972656
18.0999999999999375,120.4999999999995737,33.9292526245117188
18.0999999999999375,120.5999999999995680,28.1988506317138672
18.0999999999999375,120.6999999999995623,23.7450809478759766
18.0999999999999375,120.7999999999995566,20.0847568511962891
18.0999999999999375,120.8999999999995509,16.5138759613037109
18.0999999999999375,120.9999999999995453,14.9907398223876953
18.0999999999999375,121.0999999999995396,14.5960998535156250
18.0999999999999375,121.1999999999995339,14.7060117721557617
18.0999999999999375,121.2999999999995282,14.6503210067749023
18.0999999999999375,121.3999999999995225,15.5090684890747070
18.0999999999999375,121.4999999999995168,17.1153297424316406
18.0999999999999375,121.5999999999995111,18.1048793792724609
18.0999999999999375,121.6999999999995055,18.8136291503906250
18.0999999999999375,121.7999999999994998,18.8616962432861328
18.0999999999999375,121.8999999999994941,17.8411445617675781
18.0999999999999375,121.9999999999994884,17.6032238006591797
18.0999999999999375,122.0999999999994827,18.6491851806640625
18.0999999999999375,122.1999999999994770,20.5826435089111328
17.9999999999999361,120.5999999999995680,25.3975372314453125
17.9999999999999361,120.6999999999995623,21.4108238220214844
17.9999999999999361,120.7999999999995566,18.4547939300537109
17.9999999999999361,120.8999999999995509,16.1602077484130859
17.9999999999999361,120.9999999999995453,15.1036863327026367
17.9999999999999361,121.0999999999995396,14.9052429199218750
17.9999999999999361,121.1999999999995339,14.8719224929809570
17.9999999999999361,121.2999999999995282,14.1778182983398438
17.9999999999999361,121.3999999999995225,14.9452514648437500
17.9999999999999361,121.4999999999995168,16.6943035125732422
17.9999999999999361,121.5999999999995111,17.3607425689697266
17.9999999999999361,121.6999999999995055,17.8978366851806641
17.9999999999999361,121.7999999999994998,17.9018688201904297
17.9999999999999361,121.8999999999994941,15.9776144027709961
17.9999999999999361,121.9999999999994884,14.6669988632202148
17.9999999999999361,122.0999999999994827,15.3757400512695312
17.8999999999999346,120.4999999999995737,28.6555843353271484
17.8999999999999346,120.5999999999995680,22.9473667144775391
17.8999999999999346,120.6999999999995623,19.1054363250732422
17.8999999999999346,120.7999999999995566,17.4057312011718750
17.8999999999999346,120.8999999999995509,16.1472988128662109
17.8999999999999346,120.9999999999995453,15.6132736206054688
17.8999999999999346,121.0999999999995396,15.4229307174682617
17.8999999999999346,121.1999999999995339,15.2128467559814453
17.8999999999999346,121.2999999999995282,14.0314455032348633
17.8999999999999346,121.3999999999995225,14.3903760910034180
17.8999999999999346,121.4999999999995168,15.9410753250122070
17.8999999999999346,121.5999999999995111,16.6654567718505859
17.8999999999999346,121.6999999999995055,17.0303821563720703
17.8999999999999346,121.7999999999994998,16.8478813171386719
17.8999999999999346,121.8999999999994941,14.8259706497192383
17.8999999999999346,121.9999999999994884,12.9228534698486328
17.8999999999999346,122.0999999999994827,13.6287908554077148
17.7999999999999332,120.4999999999995737,27.6815376281738281
17.7999999999999332,120.5999999999995680,22.2082347869873047
17.7999999999999332,120.6999999999995623,18.9319381713867188
17.7999999999999332,120.7999999999995566,17.6309471130371094
17.7999999999999332,120.8999999999995509,16.4453716278076172
17.7999999999999332,120.9999999999995453,15.7404956817626953
17.7999999999999332,121.0999999999995396,15.0732526779174805
17.7999999999999332,121.1999999999995339,14.2632875442504883
17.7999999999999332,121.2999999999995282,13.2346448898315430
17.7999999999999332,121.3999999999995225,13.6811780929565430
17.7999999999999332,121.4999999999995168,15.7609376907348633
17.7999999999999332,121.5999999999995111,16.3873691558837891
17.7999999999999332,121.6999999999995055,17.1306762695312500
17.7999999999999332,121.7999999999994998,17.0361213684082031
17.7999999999999332,121.8999999999994941,14.4686803817749023
17.7999999999999332,121.9999999999994884,12.3676891326904297
17.7999999999999332,122.0999999999994827,13.5201616287231445
17.6999999999999318,120.3999999999995794,32.5660209655761719
17.6999999999999318,120.4999999999995737,27.7398128509521484
17.6999999999999318,120.5999999999995680,22.6009769439697266
17.6999999999999318,120.6999999999995623,19.1696014404296875
17.6999999999999318,120.7999999999995566,17.9407768249511719
17.6999999999999318,120.8999999999995509,17.1354827880859375
17.6999999999999318,120.9999999999995453,15.7156467437744141
17.6999999999999318,121.0999999999995396,14.1173925399780273
17.6999999999999318,121.1999999999995339,12.5162563323974609
17.6999999999999318,121.2999999999995282,11.2819194793701172
17.6999999999999318,121.3999999999995225,12.8346710205078125
17.6999999999999318,121.4999999999995168,15.3463315963745117
17.6999999999999318,121.5999999999995111,16.6111488342285156
17.6999999999999318,121.6999999999995055,17.8911113739013672
17.6999999999999318,121.7999999999994998,18.0983066558837891
17.6999999999999318,121.8999999999994941,15.1845092773437500
17.6999999999999318,121.9999999999994884,12.6355571746826172
17.6999999999999318,122.0999999999994827,13.0000715255737305
17.5999999999999304,120.3999999999995794,32.9880943298339844
17.5999999999999304,120.4999999999995737,27.8243694305419922
17.5999999999999304,120.5999999999995680,22.8625240325927734
17.5999999999999304,120.6999999999995623,19.6023368835449219
17.5999999999999304,120.7999999999995566,18.4219703674316406
17.5999999999999304,120.8999999999995509,17.7189064025878906
17.5999999999999304,120.9999999999995453,15.8948688507080078
17.5999999999999304,121.0999999999995396,13.3968114852905273
17.5999999999999304,121.1999999999995339,10.9949216842651367
17.5999999999999304,121.2999999999995282,9.8362674713134766
17.5999999999999304,121.3999999999995225,12.0335988998413086
17.5999999999999304,121.4999999999995168,15.4217700958251953
17.5999999999999304,121.5999999999995111,16.8163318634033203
17.5999999999999304,121.6999999999995055,18.5840339660644531
17.5999999999999304,121.7999999999994998,19.0090847015380859
17.5999999999999304,121.8999999999994941,15.8890867233276367
17.5999999999999304,121.9999999999994884,12.8660526275634766
17.5999999999999304,122.0999999999994827,13.1318845748901367
17.4999999999999289,120.4999999999995737,26.8859844207763672
17.4999999999999289,120.5999999999995680,21.9135456085205078
17.4999999999999289,120.6999999999995623,18.3378086090087891
17.4999999999999289,120.7999999999995566,16.9022235870361328
17.4999999999999289,120.8999999999995509,16.0661697387695312
17.4999999999999289,120.9999999999995453,14.3824157714843750
17.4999999999999289,121.0999999999995396,12.0430831909179688
17.4999999999999289,121.1999999999995339,9.8848466873168945
17.4999999999999289,121.2999999999995282,8.6179151535034180
17.4999999999999289,121.3999999999995225,11.1796283721923828
17.4999999999999289,121.4999999999995168,14.7439041137695312
17.4999999999999289,121.5999999999995111,16.7147789001464844
17.4999999999999289,121.6999999999995055,18.6997814178466797
17.4999999999999289,121.7999999999994998,19.3584575653076172
17.4999999999999289,121.8999999999994941,15.9155607223510742
17.4999999999999289,121.9999999999994884,12.6464939117431641
17.4999999999999289,122.0999999999994827,12.2526845932006836
17.3999999999999275,120.4999999999995737,25.9314308166503906
17.3999999999999275,120.5999999999995680,20.5388774871826172
17.3999999999999275,120.6999999999995623,16.6211471557617188
17.3999999999999275,120.7999999999995566,14.1129837036132812
17.3999999999999275,120.8999999999995509,13.0591382980346680
17.3999999999999275,120.9999999999995453,11.8993740081787109
17.3999999999999275,121.0999999999995396,10.6129217147827148
17.3999999999999275,121.1999999999995339,9.1565980911254883
17.3999999999999275,121.2999999999995282,7.7772898674011230
17.3999999999999275,121.3999999999995225,10.3860683441162109
17.3999999999999275,121.4999999999995168,14.4974308013916016
17.3999999999999275,121.5999999999995111,16.5297183990478516
17.3999999999999275,121.6999999999995055,18.4510593414306641
17.3999999999999275,121.7999999999994998,18.7002391815185547
17.3999999999999275,121.8999999999994941,15.4457035064697266
17.3999999999999275,121.9999999999994884,12.1136236190795898
17.3999999999999275,122.0999999999994827,11.6128482818603516
17.3999999999999275,122.1999999999994770,13.8317461013793945
17.2999999999999261,120.4999999999995737,24.6573753356933594
17.2999999999999261,120.5999999999995680,19.5123386383056641
17.2999999999999261,120.6999999999995623,15.2248601913452148
17.2999999999999261,120.7999999999995566,12.5954971313476562
17.2999999999999261,120.8999999999995509,11.2116508483886719
17.2999999999999261,120.9999999999995453,10.7032957077026367
17.2999999999999261,121.0999999999995396,9.9525871276855469
17.2999999999999261,121.1999999999995339,9.2027664184570312
17.2999999999999261,121.2999999999995282,7.5084457397460938
17.2999999999999261,121.3999999999995225,10.4292297363281250
17.2999999999999261,121.4999999999995168,13.9232625961303711
17.2999999999999261,121.5999999999995111,16.2762718200683594
17.2999999999999261,121.6999999999995055,18.1522254943847656
17.2999999999999261,121.7999999999994998,18.6412143707275391
17.2999999999999261,121.8999999999994941,15.0264177322387695
17.2999999999999261,121.9999999999994884,11.7132148742675781
17.2999999999999261,122.0999999999994827,10.6768627166748047
17.2999999999999261,122.1999999999994770,12.2780752182006836
17.2999999999999261,122.2999999999994714,13.9641714096069336
17.1999999999999247,120.4999999999995737,22.9760799407958984
17.1999999999999247,120.5999999999995680,17.2350158691406250
17.1999999999999247,120.6999999999995623,13.1464815139770508
17.1999999999999247,120.7999999999995566,10.7910175323486328
17.1999999999999247,120.8999999999995509,9.9611806869506836
17.1999999999999247,120.9999999999995453,9.6807737350463867
17.1999999999999247,121.0999999999995396,9.2302274703979492
17.1999999999999247,121.1999999999995339,8.7337636947631836
17.1999999999999247,121.2999999999995282,7.9101204872131348
17.1999999999999247,121.3999999999995225,10.3657064437866211
17.1999999999999247,121.4999999999995168,13.6543064117431641
17.1999999999999247,121.5999999999995111,15.6435194015502930
17.1999999999999247,121.6999999999995055,17.5287685394287109
17.1999999999999247,121.7999999999994998,17.8874416351318359
17.1999999999999247,121.8999999999994941,14.9294767379760742
17.1999999999999247,121.9999999999994884,11.9579811096191406
17.1999999999999247,122.0999999999994827,10.8533191680908203
17.1999999999999247,122.1999999999994770,11.6756362915039062
17.1999999999999247,122.2999999999994714,12.7329788208007812
17.1999999999999247,122.3999999999994657,14.7487783432006836
17.0999999999999233,120.4999999999995737,20.0777854919433594
17.0999999999999233,120.5999999999995680,14.4701452255249023
17.0999999999999233,120.6999999999995623,10.4479494094848633
17.0999999999999233,120.7999999999995566,9.0019559860229492
17.0999999999999233,120.8999999999995509,8.7920513153076172
17.0999999999999233,120.9999999999995453,8.6779165267944336
17.0999999999999233,121.0999999999995396,8.7533597946166992
17.0999999999999233,121.1999999999995339,9.1141338348388672
17.0999999999999233,121.2999999999995282,8.3908042907714844
17.0999999999999233,121.3999999999995225,10.2891340255737305
17.0999999999999233,121.4999999999995168,12.6431636810302734
17.0999999999999233,121.5999999999995111,14.8966283798217773
17.0999999999999233,121.6999999999995055,16.8595867156982422
17.0999999999999233,121.7999999999994998,17.6851329803466797
17.0999999999999233,121.8999999999994941,14.9697036743164062
17.0999999999999233,121.9999999999994884,12.5100765228271484
17.0999999999999233,122.0999999999994827,11.2438611984252930
17.0999999999999233,122.1999999999994770,11.3704023361206055
17.0999999999999233,122.2999999999994714,11.5236654281616211
17.0999999999999233,122.3999999999994657,15.3698825836181641
17.0999999999999233,122.4999999999994600,22.0103397369384766
16.9999999999999218,120.4999999999995737,19.8137416839599609
16.9999999999999218,120.5999999999995680,13.0467700958251953
16.9999999999999218,120.6999999999995623,9.0610218048095703
16.9999999999999218,120.7999999999995566,8.2847433090209961
16.9999999999999218,120.8999999999995509,8.0868921279907227
16.9999999999999218,120.9999999999995453,8.3422231674194336
16.9999999999999218,121.0999999999995396,8.5479869842529297
16.9999999999999218,121.1999999999995339,8.9616909027099609
16.9999999999999218,121.2999999999995282,8.7917547225952148
16.9999999999999218,121.3999999999995225,10.2835140228271484
16.9999999999999218,121.4999999999995168,12.2469377517700195
16.9999999999999218,121.5999999999995111,14.3254518508911133
16.9999999999999218,121.6999999999995055,16.3376274108886719
16.9999999999999218,121.7999999999994998,17.1300563812255859
16.9999999999999218,121.8999999999994941,14.8869123458862305
16.9999999999999218,121.9999999999994884,12.7384271621704102
16.9999999999999218,122.0999999999994827,11.5394496917724609
16.9999999999999218,122.1999999999994770,11.1737403869628906
16.9999999999999218,122.2999999999994714,11.0387029647827148
16.9999999999999218,122.3999999999994657,14.4866504669189453
16.8999999999999204,120.3999999999995794,21.8344306945800781
16.8999999999999204,120.4999999999995737,17.6647071838378906
16.8999999999999204,120.5999999999995680,11.9836883544921875
16.8999999999999204,120.6999999999995623,8.8623313903808594
16.8999999999999204,120.7999999999995566,8.2688941955566406
16.8999999999999204,120.8999999999995509,8.6241912841796875
16.8999999999999204,120.9999999999995453,8.6747074127197266
16.8999999999999204,121.0999999999995396,8.4316072463989258
16.8999999999999204,121.1999999999995339,8.7377929687500000
16.8999999999999204,121.2999999999995282,8.9757108688354492
16.8999999999999204,121.3999999999995225,10.2839403152465820
16.8999999999999204,121.4999999999995168,11.8132324218750000
16.8999999999999204,121.5999999999995111,13.6082715988159180
16.8999999999999204,121.6999999999995055,15.2996969223022461
16.8999999999999204,121.7999999999994998,16.1251640319824219
16.8999999999999204,121.8999999999994941,14.0802612304687500
16.8999999999999204,121.9999999999994884,11.9519557952880859
16.8999999999999204,122.0999999999994827,10.7006731033325195
16.8999999999999204,122.1999999999994770,10.8261756896972656
16.8999999999999204,122.2999999999994714,10.9538831710815430
16.8999999999999204,122.3999999999994657,14.9006261825561523
16.7999999999999190,120.3999999999995794,20.0326442718505859
16.7999999999999190,120.4999999999995737,15.5089206695556641
16.7999999999999190,120.5999999999995680,11.3279514312744141
16.7999999999999190,120.6999999999995623,8.7180767059326172
16.7999999999999190,120.7999999999995566,8.3287677764892578
16.7999999999999190,120.8999999999995509,9.4783039093017578
16.7999999999999190,120.9999999999995453,9.1918897628784180
16.7999999999999190,121.0999999999995396,8.3686971664428711
16.7999999999999190,121.1999999999995339,8.3173036575317383
16.7999999999999190,121.2999999999995282,9.1012649536132812
16.7999999999999190,121.3999999999995225,10.2757396697998047
16.7999999999999190,121.4999999999995168,11.6660346984863281
16.7999999999999190,121.5999999999995111,13.1581563949584961
16.7999999999999190,121.6999999999995055,14.6291522979736328
16.7999999999999190,121.7999999999994998,15.2732057571411133
16.7999999999999190,121.8999999999994941,13.1389989852905273
16.7999999999999190,121.9999999999994884,10.8936109542846680
16.7999999999999190,122.0999999999994827,9.8158254623413086
16.7999999999999190,122.1999999999994770,10.4401388168334961
16.7999999999999190,122.2999999999994714,11.3746976852416992
16.7999999999999190,122.3999999999994657,13.6088228225708008
16.6999999999999176,120.3999999999995794,17.6754264831542969
16.6999999999999176,120.4999999999995737,14.1376066207885742
16.6999999999999176,120.5999999999995680,10.5616025924682617
16.6999999999999176,120.6999999999995623,8.4372682571411133
16.6999999999999176,120.7999999999995566,8.5358648300170898
16.6999999999999176,120.8999999999995509,9.8807210922241211
16.6999999999999176,120.9999999999995453,9.5257310867309570
16.6999999999999176,121.0999999999995396,8.4424676895141602
16.6999999999999176,121.1999999999995339,8.2752895355224609
16.6999999999999176,121.2999999999995282,9.2500753402709961
16.6999999999999176,121.3999999999995225,10.2449579238891602
16.6999999999999176,121.4999999999995168,11.4835090637207031
16.6999999999999176,121.5999999999995111,12.6355113983154297
16.6999999999999176,121.6999999999995055,13.7435150146484375
16.6999999999999176,121.7999999999994998,14.3738040924072266
16.6999999999999176,121.8999999999994941,12.3541774749755859
16.6999999999999176,121.9999999999994884,10.2249507904052734
16.6999999999999176,122.0999999999994827,9.4020204544067383
16.6999999999999176,122.1999999999994770,10.8339185714721680
16.6999999999999176,122.2999999999994714,12.4666318893432617
16.5999999999999162,120.2999999999995850,20.2577915191650391
16.5999999999999162,120.3999999999995794,17.5694713592529297
16.5999999999999162,120.4999999999995737,13.7729768753051758
16.5999999999999162,120.5999999999995680,10.0520458221435547
16.5999999999999162,120.6999999999995623,7.9597144126892090
16.5999999999999162,120.7999999999995566,8.4417524337768555
16.5999999999999162,120.8999999999995509,9.6382732391357422
16.5999999999999162,120.9999999999995453,9.3637437820434570
16.5999999999999162,121.0999999999995396,8.6245450973510742
16.5999999999999162,121.1999999999995339,8.7118492126464844
16.5999999999999162,121.2999999999995282,9.4264822006225586
16.5999999999999162,121.3999999999995225,10.1363744735717773
16.5999999999999162,121.4999999999995168,10.9085369110107422
16.5999999999999162,121.5999999999995111,11.3998336791992188
16.5999999999999162,121.6999999999995055,12.0356369018554688
16.5999999999999162,121.7999999999994998,12.4501905441284180
16.5999999999999162,121.8999999999994941,11.4827680587768555
16.5999999999999162,121.9999999999994884,10.4377622604370117
16.5999999999999162,122.0999999999994827,10.8174085617065430
16.5999999999999162,122.1999999999994770,13.4177474975585938
16.5999999999999162,122.2999999999994714,15.3177690505981445
16.4999999999999147,120.2999999999995850,19.8070793151855469
16.4999999999999147,120.3999999999995794,17.6596660614013672
16.4999999999999147,120.4999999999995737,13.4898099899291992
16.4999999999999147,120.5999999999995680,9.6272649765014648
16.4999999999999147,120.6999999999995623,7.8221735954284668
16.4999999999999147,120.7999999999995566,8.4152526855468750
16.4999999999999147,120.8999999999995509,9.2616910934448242
16.4999999999999147,120.9999999999995453,9.2651987075805664
16.4999999999999147,121.0999999999995396,8.8999233245849609
16.4999999999999147,121.1999999999995339,9.2724523544311523
16.4999999999999147,121.2999999999995282,9.7333040237426758
16.4999999999999147,121.3999999999995225,10.1480970382690430
16.4999999999999147,121.4999999999995168,10.4549646377563477
16.4999999999999147,121.5999999999995111,10.4270629882812500
16.4999999999999147,121.6999999999995055,10.3245773315429688
16.4999999999999147,121.7999999999994998,10.3129186630249023
16.4999999999999147,121.8999999999994941,10.4751768112182617
16.4999999999999147,121.9999999999994884,10.6741390228271484
16.4999999999999147,122.0999999999994827,12.2918691635131836
16.4999999999999147,122.1999999999994770,16.2218608856201172
16.3999999999999133,120.3999999999995794,18.8586997985839844
16.3999999999999133,120.4999999999995737,14.2744112014770508
16.3999999999999133,120.5999999999995680,10.3268270492553711
16.3999999999999133,120.6999999999995623,8.2300786972045898
16.3999999999999133,120.7999999999995566,8.6366949081420898
16.3999999999999133,120.8999999999995509,9.2151136398315430
16.3999999999999133,120.9999999999995453,9.3292865753173828
16.3999999999999133,121.0999999999995396,9.4954576492309570
16.3999999999999133,121.1999999999995339,9.9898633956909180
16.3999999999999133,121.2999999999995282,10.1559276580810547
16.3999999999999133,121.3999999999995225,10.1386528015136719
16.3999999999999133,121.4999999999995168,10.0947160720825195
16.3999999999999133,121.5999999999995111,9.6796846389770508
16.3999999999999133,121.6999999999995055,9.2683534622192383
16.3999999999999133,121.7999999999994998,9.3195905685424805
16.3999999999999133,121.8999999999994941,10.5479001998901367
16.3999999999999133,121.9999999999994884,11.8933238983154297
16.3999999999999133,122.0999999999994827,14.4444351196289062
16.3999999999999133,122.1999999999994770,18.5042495727539062
16.2999999999999119,119.7999999999996135,21.7145137786865234
16.2999999999999119,120.3999999999995794,20.9422492980957031
16.2999999999999119,120.4999999999995737,16.6415157318115234
16.2999999999999119,120.5999999999995680,12.6779356002807617
16.2999999999999119,120.6999999999995623,9.7244062423706055
16.2999999999999119,120.7999999999995566,9.1287832260131836
16.2999999999999119,120.8999999999995509,9.2632312774658203
16.2999999999999119,120.9999999999995453,9.3986253738403320
16.2999999999999119,121.0999999999995396,9.7930946350097656
16.2999999999999119,121.1999999999995339,10.5263614654541016
16.2999999999999119,121.2999999999995282,10.2991533279418945
16.2999999999999119,121.3999999999995225,9.7571744918823242
16.2999999999999119,121.4999999999995168,9.3101768493652344
16.2999999999999119,121.5999999999995111,9.1188859939575195
16.2999999999999119,121.6999999999995055,8.9973068237304688
16.2999999999999119,121.7999999999994998,9.4493465423583984
16.2999999999999119,121.8999999999994941,11.9649858474731445
16.2999999999999119,121.9999999999994884,14.5948429107666016
16.2999999999999119,122.0999999999994827,17.7069244384765625
16.1999999999999105,119.7999999999996135,19.7479305267333984
16.1999999999999105,119.8999999999996078,20.7299957275390625
16.1999999999999105,119.9999999999996021,21.7302951812744141
16.1999999999999105,120.4999999999995737,19.0090045928955078
16.1999999999999105,120.5999999999995680,14.9869451522827148
16.1999999999999105,120.6999999999995623,11.5455160140991211
16.1999999999999105,120.7999999999995566,9.9043922424316406
16.1999999999999105,120.8999999999995509,9.3712940216064453
16.1999999999999105,120.9999999999995453,9.4677209854125977
16.1999999999999105,121.0999999999995396,10.0646848678588867
16.1999999999999105,121.1999999999995339,10.8290348052978516
16.1999999999999105,121.2999999999995282,10.4694690704345703
16.1999999999999105,121.3999999999995225,9.4903974533081055
16.1999999999999105,121.4999999999995168,8.6197385787963867
16.1999999999999105,121.5999999999995111,8.6246099472045898
16.1999999999999105,121.6999999999995055,9.0058422088623047
16.1999999999999105,121.7999999999994998,10.4892835617065430
16.1999999999999105,121.8999999999994941,13.7904386520385742
16.1999999999999105,121.9999999999994884,17.4864940643310547
16.0999999999999091,119.7999999999996135,19.1064834594726562
16.0999999999999091,119.8999999999996078,19.2049522399902344
16.0999999999999091,119.9999999999996021,19.9310398101806641
16.0999999999999091,120.4999999999995737,18.4530467987060547
16.0999999999999091,120.5999999999995680,15.0615587234497070
16.0999999999999091,120.6999999999995623,12.0131893157958984
16.0999999999999091,120.7999999999995566,10.3211336135864258
16.0999999999999091,120.8999999999995509,9.5501585006713867
16.0999999999999091,120.9999999999995453,9.3533906936645508
16.0999999999999091,121.0999999999995396,9.6987838745117188
16.0999999999999091,121.1999999999995339,10.6541748046875000
16.0999999999999091,121.2999999999995282,10.1014509201049805
16.0999999999999091,121.3999999999995225,9.1925916671752930
16.0999999999999091,121.4999999999995168,8.5549860000610352
16.0999999999999091,121.5999999999995111,9.1953201293945312
16.0999999999999091,121.6999999999995055,10.4926080703735352
15.9999999999999094,119.7999999999996135,19.5424766540527344
15.9999999999999094,119.8999999999996078,18.4577598571777344
15.9999999999999094,119.9999999999996021,17.4316959381103516
15.9999999999999094,120.0999999999995964,16.8224868774414062
15.9999999999999094,120.1999999999995907,16.8660011291503906
15.9999999999999094,120.2999999999995850,18.1249256134033203
15.9999999999999094,120.3999999999995794,18.7680034637451172
15.9999999999999094,120.4999999999995737,16.0147743225097656
15.9999999999999094,120.5999999999995680,13.5245666503906250
15.9999999999999094,120.6999999999995623,11.5712308883666992
15.9999999999999094,120.7999999999995566,10.3847255706787109
15.9999999999999094,120.8999999999995509,9.9861383438110352
15.9999999999999094,120.9999999999995453,9.8203840255737305
15.9999999999999094,121.0999999999995396,9.8032722473144531
15.9999999999999094,121.1999999999995339,9.7887659072875977
15.9999999999999094,121.2999999999995282,9.4321613311767578
15.9999999999999094,121.3999999999995225,8.8768911361694336
15.9999999999999094,121.4999999999995168,8.4399070739746094
15.9999999999999094,121.5999999999995111,10.3395662307739258
15.8999999999999098,119.9999999999996021,15.0723133087158203
15.8999999999999098,120.0999999999995964,13.0793123245239258
15.8999999999999098,120.1999999999995907,13.5373373031616211
15.8999999999999098,120.2999999999995850,15.3697204589843750
15.8999999999999098,120.3999999999995794,16.3453674316406250
15.8999999999999098,120.4999999999995737,15.0160131454467773
15.8999999999999098,120.5999999999995680,13.6123762130737305
15.8999999999999098,120.6999999999995623,11.8380575180053711
15.8999999999999098,120.7999999999995566,10.5277519226074219
15.8999999999999098,120.8999999999995509,10.3156614303588867
15.8999999999999098,120.9999999999995453,10.1386108398437500
15.8999999999999098,121.0999999999995396,9.9310140609741211
15.8999999999999098,121.1999999999995339,9.7727985382080078
15.8999999999999098,121.2999999999995282,9.4178457260131836
15.8999999999999098,121.3999999999995225,9.0721511840820312
15.8999999999999098,121.4999999999995168,9.4263448715209961
15.8999999999999098,121.5999999999995111,10.5509195327758789
15.7999999999999101,119.9999999999996021,13.5550785064697266
15.7999999999999101,120.0999999999995964,11.0106124877929688
15.7999999999999101,120.1999999999995907,11.1216964721679688
15.7999999999999101,120.2999999999995850,12.6713619232177734
15.7999999999999101,120.3999999999995794,13.7263307571411133
15.7999999999999101,120.4999999999995737,13.4560079574584961
15.7999999999999101,120.5999999999995680,13.2039937973022461
15.7999999999999101,120.6999999999995623,12.1726684570312500
15.7999999999999101,120.7999999999995566,10.5672073364257812
15.7999999999999101,120.8999999999995509,10.0976819992065430
15.7999999999999101,120.9999999999995453,9.5499591827392578
15.7999999999999101,121.0999999999995396,9.2204132080078125
15.7999999999999101,121.1999999999995339,8.9943351745605469
15.7999999999999101,121.2999999999995282,8.8242282867431641
15.7999999999999101,121.3999999999995225,8.6960773468017578
15.7999999999999101,121.4999999999995168,9.0872182846069336
15.6999999999999105,119.9999999999996021,12.8321790695190430
15.6999999999999105,120.0999999999995964,9.3483638763427734
15.6999999999999105,120.1999999999995907,9.0780715942382812
15.6999999999999105,120.2999999999995850,10.1002035140991211
15.6999999999999105,120.3999999999995794,11.0730915069580078
15.6999999999999105,120.4999999999995737,11.7328510284423828
15.6999999999999105,120.5999999999995680,12.3923454284667969
15.6999999999999105,120.6999999999995623,12.0677404403686523
15.6999999999999105,120.7999999999995566,10.6338148117065430
15.6999999999999105,120.8999999999995509,9.9790086746215820
15.6999999999999105,120.9999999999995453,9.1008586883544922
15.6999999999999105,121.0999999999995396,8.0922498703002930
15.6999999999999105,121.1999999999995339,7.8495759963989258
15.6999999999999105,121.2999999999995282,7.8925547599792480
15.6999999999999105,121.3999999999995225,8.0603990554809570
15.6999999999999105,121.4999999999995168,8.8695011138916016
15.5999999999999108,119.9999999999996021,12.3518171310424805
15.5999999999999108,120.0999999999995964,8.3477230072021484
15.5999999999999108,120.1999999999995907,7.2727508544921875
15.5999999999999108,120.2999999999995850,7.8749847412109375
15.5999999999999108,120.3999999999995794,8.6971216201782227
15.5999999999999108,120.4999999999995737,10.1124143600463867
15.5999999999999108,120.5999999999995680,11.5738525390625000
15.5999999999999108,120.6999999999995623,11.8425188064575195
15.5999999999999108,120.7999999999995566,10.7435588836669922
15.5999999999999108,120.8999999999995509,9.9158983230590820
15.5999999999999108,120.9999999999995453,8.9319801330566406
15.5999999999999108,121.0999999999995396,7.8612861633300781
15.5999999999999108,121.1999999999995339,7.1210618019104004
15.5999999999999108,121.2999999999995282,7.4609870910644531
15.5999999999999108,121.3999999999995225,7.9692001342773438
15.5999999999999108,121.4999999999995168,8.7963953018188477
15.4999999999999112,119.9999999999996021,12.6600656509399414
15.4999999999999112,120.0999999999995964,8.7259607315063477
15.4999999999999112,120.1999999999995907,7.2791237831115723
15.4999999999999112,120.2999999999995850,7.1535921096801758
15.4999999999999112,120.3999999999995794,7.8366065025329590
15.4999999999999112,120.4999999999995737,9.1710681915283203
15.4999999999999112,120.5999999999995680,10.5573148727416992
15.4999999999999112,120.6999999999995623,10.8261404037475586
15.4999999999999112,120.7999999999995566,9.8867559432983398
15.4999999999999112,120.8999999999995509,9.0112180709838867
15.4999999999999112,120.9999999999995453,8.1446142196655273
15.4999999999999112,121.0999999999995396,7.8774461746215820
15.4999999999999112,121.1999999999995339,7.9004907608032227
15.4999999999999112,121.2999999999995282,8.9208745956420898
15.4999999999999112,121.3999999999995225,10.2230863571166992
15.4999999999999112,121.4999999999995168,11.2156476974487305
15.3999999999999115,119.8999999999996078,16.6548767089843750
15.3999999999999115,119.9999999999996021,13.1761083602905273
15.3999999999999115,120.0999999999995964,9.5589351654052734
15.3999999999999115,120.1999999999995907,8.3998403549194336
15.3999999999999115,120.2999999999995850,7.6168189048767090
15.3999999999999115,120.3999999999995794,7.3529214859008789
15.3999999999999115,120.4999999999995737,8.4086771011352539
15.3999999999999115,120.5999999999995680,9.4929437637329102
15.3999999999999115,120.6999999999995623,9.7083034515380859
15.3999999999999115,120.7999999999995566,8.8016147613525391
15.3999999999999115,120.8999999999995509,8.0271215438842773
15.3999999999999115,120.9999999999995453,7.8301849365234375
15.3999999999999115,121.0999999999995396,8.4487142562866211
15.3999999999999115,121.1999999999995339,9.7294979095458984
15.3999999999999115,121.2999999999995282,11.5544071197509766
15.2999999999999119,119.9999999999996021,12.9896564483642578
15.2999999999999119,120.0999999999995964,10.3240509033203125
15.2999999999999119,120.1999999999995907,9.3233098983764648
15.2999999999999119,120.2999999999995850,8.6920194625854492
15.2999999999999119,120.3999999999995794,8.6322822570800781
15.2999999999999119,120.4999999999995737,8.1134424209594727
15.2999999999999119,120.5999999999995680,8.4234476089477539
15.2999999999999119,120.6999999999995623,8.5584030151367188
15.2999999999999119,120.7999999999995566,7.7969727516174316
15.2999999999999119,120.8999999999995509,7.6105356216430664
15.2999999999999119,120.9999999999995453,8.3064517974853516
15.2999999999999119,121.0999999999995396,9.5547590255737305
15.2999999999999119,121.1999999999995339,11.0772686004638672
15.2999999999999119,121.2999999999995282,13.2270498275756836
15.2999999999999119,121.3999999999995225,15.9586915969848633
15.1999999999999122,120.0999999999995964,10.8617877960205078
15.1999999999999122,120.1999999999995907,9.7495241165161133
15.1999999999999122,120.2999999999995850,8.8938894271850586
15.1999999999999122,120.3999999999995794,8.4434385299682617
15.1999999999999122,120.4999999999995737,8.2147607803344727
15.1999999999999122,120.5999999999995680,8.0633544921875000
15.1999999999999122,120.6999999999995623,7.9821982383728027
15.1999999999999122,120.7999999999995566,8.0670928955078125
15.1999999999999122,120.8999999999995509,8.3011693954467773
15.1999999999999122,120.9999999999995453,8.8604879379272461
15.1999999999999122,121.0999999999995396,9.6888189315795898
15.1999999999999122,121.1999999999995339,10.6875829696655273
15.1999999999999122,121.2999999999995282,11.6686849594116211
15.0999999999999126,120.0999999999995964,11.5314998626708984
15.0999999999999126,120.1999999999995907,10.1662750244140625
15.0999999999999126,120.2999999999995850,9.0484685897827148
15.0999999999999126,120.3999999999995794,8.1899776458740234
15.0999999999999126,120.4999999999995737,8.2336721420288086
15.0999999999999126,120.5999999999995680,8.4438676834106445
15.0999999999999126,120.6999999999995623,8.6191692352294922
15.0999999999999126,120.7999999999995566,8.7914800643920898
15.0999999999999126,120.8999999999995509,9.0573310852050781
15.0999999999999126,120.9999999999995453,9.3510761260986328
15.0999999999999126,121.0999999999995396,9.7277555465698242
15.0999999999999126,121.1999999999995339,10.2467460632324219
15.0999999999999126,121.2999999999995282,10.6523857116699219
15.0999999999999126,121.3999999999995225,12.0518026351928711
14.9999999999999130,120.0999999999995964,12.7016515731811523
14.9999999999999130,120.1999999999995907,11.2047376632690430
14.9999999999999130,120.2999999999995850,9.8645868301391602
14.9999999999999130,120.3999999999995794,9.0312147140502930
14.9999999999999130,120.4999999999995737,8.8663311004638672
14.9999999999999130,120.5999999999995680,9.1392507553100586
14.9999999999999130,120.6999999999995623,9.7132034301757812
14.9999999999999130,120.7999999999995566,9.7898283004760742
14.9999999999999130,120.8999999999995509,9.9187602996826172
14.9999999999999130,120.9999999999995453,9.9334764480590820
14.9999999999999130,121.0999999999995396,9.8820323944091797
14.9999999999999130,121.1999999999995339,9.9013214111328125
14.9999999999999130,121.2999999999995282,9.8883113861083984
14.9999999999999130,121.3999999999995225,10.4602041244506836
14.9999999999999130,121.4999999999995168,11.8509035110473633
14.9999999999999130,121.8999999999994941,18.2943744659423828
14.9999999999999130,121.9999999999994884,19.2156314849853516
14.8999999999999133,120.0999999999995964,15.0986347198486328
14.8999999999999133,120.1999999999995907,13.4406509399414062
14.8999999999999133,120.2999999999995850,11.9711475372314453
14.8999999999999133,120.3999999999995794,10.9099788665771484
14.8999999999999133,120.4999999999995737,10.7618055343627930
14.8999999999999133,120.7999999999995566,11.3219385147094727
14.8999999999999133,120.8999999999995509,10.9436597824096680
14.8999999999999133,120.9999999999995453,10.5440969467163086
14.8999999999999133,121.0999999999995396,10.1510066986083984
14.8999999999999133,121.1999999999995339,9.8159599304199219
14.8999999999999133,121.2999999999995282,9.7192735671997070
14.8999999999999133,121.3999999999995225,9.6828908920288086
14.8999999999999133,121.4999999999995168,9.7851953506469727
14.8999999999999133,121.8999999999994941,17.5052585601806641
14.8999999999999133,121.9999999999994884,18.1610965728759766
14.7999999999999137,120.1999999999995907,16.3939838409423828
14.7999999999999137,120.2999999999995850,13.5255765914916992
14.7999999999999137,120.3999999999995794,12.9012451171875000
14.7999999999999137,120.4999999999995737,13.1099033355712891
14.7999999999999137,120.8999999999995509,11.8826694488525391
14.7999999999999137,120.9999999999995453,11.2604579925537109
14.7999999999999137,121.0999999999995396,10.4873723983764648
14.7999999999999137,121.1999999999995339,9.8033170700073242
14.7999999999999137,121.2999999999995282,9.5515346527099609
14.7999999999999137,121.3999999999995225,9.5317792892456055
14.7999999999999137,121.4999999999995168,9.5969190597534180
14.7999999999999137,121.5999999999995111,10.6187105178833008
14.7999999999999137,121.8999999999994941,17.7092113494873047
14.7999999999999137,121.9999999999994884,19.1285057067871094
14.7999999999999137,122.1999999999994770,21.1929378509521484
14.6999999999999140,120.2999999999995850,15.5659227371215820
14.6999999999999140,120.3999999999995794,14.9838352203369141
14.6999999999999140,120.4999999999995737,15.2461795806884766
14.6999999999999140,120.9999999999995453,12.1604795455932617
14.6999999999999140,121.0999999999995396,11.3409948348999023
14.6999999999999140,121.1999999999995339,10.5530424118041992
14.6999999999999140,121.2999999999995282,10.2347822189331055
14.6999999999999140,121.3999999999995225,10.0251073837280273
14.6999999999999140,121.4999999999995168,10.0238847732543945
14.6999999999999140,121.5999999999995111,10.8708791732788086
14.6999999999999140,121.9999999999994884,19.3652687072753906
14.6999999999999140,122.3999999999994657,22.8158493041992188
14.5999999999999144,120.3999999999995794,17.3456268310546875
14.5999999999999144,120.4999999999995737,17.3526515960693359
14.5999999999999144,120.5999999999995680,17.8441066741943359
14.5999999999999144,120.9999999999995453,13.1878957748413086
14.5999999999999144,121.0999999999995396,12.6317882537841797
14.5999999999999144,121.1999999999995339,12.3804636001586914
14.5999999999999144,121.2999999999995282,11.6020879745483398
14.5999999999999144,121.3999999999995225,11.0904235839843750
14.5999999999999144,121.4999999999995168,10.6849851608276367
14.5999999999999144,121.5999999999995111,11.8359384536743164
14.4999999999999147,120.4999999999995737,19.9080600738525391
14.4999999999999147,120.5999999999995680,19.5932464599609375
14.4999999999999147,121.0999999999995396,14.0220174789428711
14.4999999999999147,121.1999999999995339,14.4761219024658203
14.4999999999999147,121.2999999999995282,13.1042194366455078
14.4999999999999147,121.3999999999995225,12.0013103485107422
14.4999999999999147,121.4999999999995168,11.5140476226806641
14.4999999999999147,121.5999999999995111,12.4691152572631836
14.3999999999999151,120.7999999999995566,14.1174592971801758
14.3999999999999151,120.8999999999995509,13.0409774780273438
14.3999999999999151,120.9999999999995453,13.0872144699096680
14.3999999999999151,121.2999999999995282,11.5803136825561523
14.3999999999999151,121.4999999999995168,10.3147230148315430
14.3999999999999151,121.5999999999995111,12.6209583282470703
14.3999999999999151,121.6999999999995055,14.5719442367553711
14.2999999999999154,120.6999999999995623,14.0242938995361328
14.2999999999999154,120.7999999999995566,13.0168609619140625
14.2999999999999154,120.8999999999995509,11.7821111679077148
14.2999999999999154,120.9999999999995453,11.1709051132202148
14.2999999999999154,121.0999999999995396,11.0285768508911133
14.2999999999999154,121.4999999999995168,8.7318773269653320
14.2999999999999154,121.5999999999995111,11.3602046966552734
14.2999999999999154,121.6999999999995055,15.0805664062500000
14.2999999999999154,122.4999999999994600,14.0484800338745117
14.2999999999999154,122.6999999999994486,13.3844728469848633
14.1999999999999158,120.5999999999995680,14.4555587768554688
14.1999999999999158,120.6999999999995623,12.5344648361206055
14.1999999999999158,120.7999999999995566,11.3542118072509766
14.1999999999999158,120.8999999999995509,10.1746015548706055
14.1999999999999158,120.9999999999995453,9.6014623641967773
14.1999999999999158,121.0999999999995396,9.4135465621948242
14.1999999999999158,121.3999999999995225,7.6156001091003418
14.1999999999999158,121.4999999999995168,6.9615616798400879
14.1999999999999158,121.5999999999995111,10.3848237991333008
14.1999999999999158,121.6999999999995055,14.4357089996337891
14.1999999999999158,121.9999999999994884,17.9298133850097656
14.1999999999999158,122.3999999999994657,10.8820104598999023
14.1999999999999158,122.4999999999994600,10.7885398864746094
14.1999999999999158,122.5999999999994543,10.2443828582763672
14.1999999999999158,122.6999999999994486,10.0926713943481445
14.1999999999999158,122.7999999999994429,10.1708364486694336
14.1999999999999158,122.8999999999994373,10.0888719558715820
14.0999999999999162,120.5999999999995680,14.2555437088012695
14.0999999999999162,120.6999999999995623,12.9134035110473633
14.0999999999999162,120.7999999999995566,11.3154106140136719
14.0999999999999162,120.8999999999995509,10.2710065841674805
14.0999999999999162,120.9999999999995453,9.5201978683471680
14.0999999999999162,121.0999999999995396,8.9921636581420898
14.0999999999999162,121.1999999999995339,8.4644842147827148
14.0999999999999162,121.2999999999995282,7.9162874221801758
14.0999999999999162,121.3999999999995225,7.4531645774841309
14.0999999999999162,121.4999999999995168,7.6936354637145996
14.0999999999999162,121.5999999999995111,10.6371240615844727
14.0999999999999162,121.6999999999995055,14.4654512405395508
14.0999999999999162,121.7999999999994998,17.5213909149169922
14.0999999999999162,122.0999999999994827,14.8863677978515625
14.0999999999999162,122.2999999999994714,11.0479993820190430
14.0999999999999162,122.3999999999994657,9.8488054275512695
14.0999999999999162,122.4999999999994600,9.4844827651977539
14.0999999999999162,122.5999999999994543,9.1818284988403320
14.0999999999999162,122.6999999999994486,9.0501928329467773
14.0999999999999162,122.7999999999994429,9.1014251708984375
14.0999999999999162,122.8999999999994373,9.6483259201049805
14.0999999999999162,122.9999999999994316,11.2652959823608398
13.9999999999999165,120.6999999999995623,14.4837112426757812
13.9999999999999165,120.7999999999995566,12.8199768066406250
13.9999999999999165,120.8999999999995509,11.3661279678344727
13.9999999999999165,120.9999999999995453,10.1138257980346680
13.9999999999999165,121.0999999999995396,9.2283411026000977
13.9999999999999165,121.1999999999995339,8.7365179061889648
13.9999999999999165,121.2999999999995282,8.6864013671875000
13.9999999999999165,121.3999999999995225,8.7277393341064453
13.9999999999999165,121.4999999999995168,9.0183105468750000
13.9999999999999165,121.5999999999995111,11.3879642486572266
13.9999999999999165,121.6999999999995055,14.8016920089721680
13.9999999999999165,121.7999999999994998,17.1401824951171875
13.9999999999999165,121.8999999999994941,16.4318466186523438
13.9999999999999165,122.3999999999994657,8.8405675888061523
13.9999999999999165,122.4999999999994600,8.8213367462158203
13.9999999999999165,122.5999999999994543,8.8238096237182617
13.9999999999999165,122.6999999999994486,8.8065423965454102
13.9999999999999165,122.7999999999994429,9.1405057907104492
13.9999999999999165,122.8999999999994373,9.7951622009277344
13.9999999999999165,122.9999999999994316,12.5351352691650391
13.9999999999999165,123.2999999999994145,16.8812599182128906
13.9999999999999165,124.1999999999993634,16.0164852142333984
13.9999999999999165,124.2999999999993577,13.9496755599975586
13.8999999999999169,120.5999999999995680,16.8720378875732422
13.8999999999999169,120.9999999999995453,11.4957914352416992
13.8999999999999169,121.0999999999995396,10.3224668502807617
13.8999999999999169,121.1999999999995339,9.1562328338623047
13.8999999999999169,121.2999999999995282,9.4150304794311523
13.8999999999999169,121.3999999999995225,9.9662723541259766
13.8999999999999169,121.4999999999995168,10.7703361511230469
13.8999999999999169,121.9999999999994884,14.3022375106811523
13.8999999999999169,122.0999999999994827,12.6380271911621094
13.8999999999999169,122.1999999999994770,10.9075422286987305
13.8999999999999169,122.2999999999994714,9.3017196655273438
13.8999999999999169,122.3999999999994657,8.5019941329956055
13.8999999999999169,122.6999999999994486,9.1022968292236328
13.8999999999999169,122.7999999999994429,9.4882459640502930
13.8999999999999169,122.8999999999994373,10.1480588912963867
13.8999999999999169,122.9999999999994316,12.3487215042114258
13.8999999999999169,123.3999999999994088,13.2155017852783203
13.8999999999999169,123.4999999999994031,12.2669162750244141
13.8999999999999169,123.5999999999993975,13.6734714508056641
13.8999999999999169,123.6999999999993918,15.0632019042968750
13.8999999999999169,124.1999999999993634,14.8806829452514648
13.8999999999999169,124.2999999999993577,12.7236547470092773
13.7999999999999172,120.0999999999995964,18.8326778411865234
13.7999999999999172,120.1999999999995907,18.5496311187744141
13.7999999999999172,120.8999999999995509,13.6935110092163086
13.7999999999999172,120.9999999999995453,12.6812381744384766
13.7999999999999172,121.0999999999995396,11.2882814407348633
13.7999999999999172,121.1999999999995339,9.8108053207397461
13.7999999999999172,121.2999999999995282,10.1778783798217773
13.7999999999999172,121.3999999999995225,11.1876821517944336
13.7999999999999172,121.9999999999994884,14.7431640625000000
13.7999999999999172,122.0999999999994827,13.4170942306518555
13.7999999999999172,122.1999999999994770,11.7812089920043945
13.7999999999999172,122.2999999999994714,10.0602445602416992
13.7999999999999172,122.3999999999994657,9.1698188781738281
13.7999999999999172,122.7999999999994429,10.1196718215942383
13.7999999999999172,122.8999999999994373,10.6811065673828125
13.7999999999999172,122.9999999999994316,12.3946228027343750
13.7999999999999172,123.2999999999994145,13.1424179077148438
13.7999999999999172,123.3999999999994088,11.6695880889892578
13.7999999999999172,123.4999999999994031,10.7534704208374023
13.7999999999999172,123.5999999999993975,12.6179866790771484
13.7999999999999172,123.6999999999993918,14.4888610839843750
13.7999999999999172,123.7999999999993861,16.0355358123779297
13.7999999999999172,124.1999999999993634,14.4517135620117188
13.7999999999999172,124.2999999999993577,12.3505449295043945
13.6999999999999176,121.0999999999995396,12.3008794784545898
13.6999999999999176,121.1999999999995339,10.4730014801025391
13.6999999999999176,121.2999999999995282,11.0522499084472656
13.6999999999999176,121.3999999999995225,12.1490468978881836
13.6999999999999176,122.1999999999994770,12.7964763641357422
13.6999999999999176,122.2999999999994714,11.0972623825073242
13.6999999999999176,122.3999999999994657,10.0340642929077148
13.6999999999999176,122.8999999999994373,11.2928571701049805
13.6999999999999176,122.9999999999994316,12.3619222640991211
13.6999999999999176,123.0999999999994259,13.6392517089843750
13.6999999999999176,123.1999999999994202,14.6427812576293945
13.6999999999999176,123.2999999999994145,12.4954881668090820
13.6999999999999176,123.3999999999994088,10.2009153366088867
13.6999999999999176,123.4999999999994031,9.4031229019165039
13.6999999999999176,124.0999999999993690,16.2425670623779297
13.6999999999999176,124.1999999999993634,14.0591878890991211
13.6999999999999176,124.2999999999993577,12.2248106002807617
13.5999999999999179,122.2999999999994714,11.2351016998291016
13.5999999999999179,122.3999999999994657,10.2386674880981445
13.5999999999999179,122.4999999999994600,10.8134250640869141
13.5999999999999179,122.8999999999994373,12.3824987411499023
13.5999999999999179,122.9999999999994316,13.2340288162231445
13.5999999999999179,123.0999999999994259,14.2252550125122070
13.5999999999999179,123.1999999999994202,14.3148193359375000
13.5999999999999179,123.2999999999994145,12.1338682174682617
13.5999999999999179,123.3999999999994088,9.4725093841552734
13.5999999999999179,123.4999999999994031,8.1919555664062500
13.5999999999999179,124.1999999999993634,14.3700284957885742
13.5999999999999179,124.2999999999993577,12.5524520874023438
13.4999999999999183,120.6999999999995623,9.2840604782104492
13.4999999999999183,120.7999999999995566,9.0115613937377930
13.4999999999999183,121.8999999999994941,13.5124998092651367
13.4999999999999183,121.9999999999994884,12.1867055892944336
13.4999999999999183,122.4999999999994600,11.3162889480590820
13.4999999999999183,122.5999999999994543,12.1122732162475586
13.4999999999999183,123.1999999999994202,17.6580619812011719
13.4999999999999183,123.2999999999994145,14.0432481765747070
13.4999999999999183,123.3999999999994088,10.3399677276611328
13.4999999999999183,123.4999999999994031,8.4198522567749023
13.4999999999999183,123.5999999999993975,9.1893825531005859
13.3999999999999186,120.4999999999995737,9.6827001571655273
13.3999999999999186,120.5999999999995680,7.8689932823181152
13.3999999999999186,120.6999999999995623,6.5536112785339355
13.3999999999999186,120.7999999999995566,6.2726526260375977
13.3999999999999186,120.8999999999995509,6.2390408515930176
13.3999999999999186,120.9999999999995453,5.6772484779357910
13.3999999999999186,121.0999999999995396,5.1007370948791504
13.3999999999999186,121.1999999999995339,4.9407634735107422
13.3999999999999186,121.7999999999994998,10.3350095748901367
13.3999999999999186,121.8999999999994941,9.7929944992065430
13.3999999999999186,121.9999999999994884,8.5315198898315430
13.3999999999999186,122.0999999999994827,7.3900551795959473
13.3999999999999186,122.4999999999994600,11.8599767684936523
13.3999999999999186,122.5999999999994543,12.5206727981567383
13.3999999999999186,123.1999999999994202,19.1678256988525391
13.3999999999999186,123.2999999999994145,15.9528532028198242
13.3999999999999186,123.3999999999994088,11.3681278228759766
13.3999999999999186,123.4999999999994031,8.3489437103271484
13.3999999999999186,123.5999999999993975,8.7365779876708984
13.2999999999999190,120.5999999999995680,6.5064806938171387
13.2999999999999190,120.6999999999995623,4.7352561950683594
13.2999999999999190,120.7999999999995566,4.6243638992309570
13.2999999999999190,120.8999999999995509,4.5445404052734375
13.2999999999999190,120.9999999999995453,4.0429682731628418
13.2999999999999190,121.0999999999995396,3.4512145519256592
13.2999999999999190,121.1999999999995339,3.6628594398498535
13.2999999999999190,121.2999999999995282,4.5428953170776367
13.2999999999999190,121.8999999999994941,7.7187242507934570
13.2999999999999190,121.9999999999994884,7.5491533279418945
13.2999999999999190,122.5999999999994543,13.7746305465698242
13.2999999999999190,123.2999999999994145,17.0643730163574219
13.2999999999999190,123.4999999999994031,9.1657972335815430
13.2999999999999190,123.5999999999993975,8.8797941207885742
13.2999999999999190,123.6999999999993918,8.8425216674804688
13.2999999999999190,123.8999999999993804,12.6714916229248047
13.1999999999999194,120.6999999999995623,6.2530484199523926
13.1999999999999194,120.7999999999995566,4.7774729728698730
13.1999999999999194,120.8999999999995509,4.5883498191833496
13.1999999999999194,120.9999999999995453,4.2127189636230469
13.1999999999999194,121.0999999999995396,3.6035850048065186
13.1999999999999194,121.1999999999995339,3.3437252044677734
13.1999999999999194,121.3999999999995225,3.9370267391204834
13.1999999999999194,123.2999999999994145,17.1337299346923828
13.1999999999999194,123.3999999999994088,13.1486072540283203
13.1999999999999194,123.4999999999994031,10.0967903137207031
13.1999999999999194,123.5999999999993975,10.0766038894653320
13.1999999999999194,123.6999999999993918,10.0594997406005859
13.0999999999999197,120.6999999999995623,6.8538627624511719
13.0999999999999197,120.7999999999995566,5.6450738906860352
13.0999999999999197,120.8999999999995509,4.8672919273376465
13.0999999999999197,120.9999999999995453,4.5305151939392090
13.0999999999999197,121.0999999999995396,4.0845923423767090
13.0999999999999197,121.1999999999995339,3.6054275035858154
13.0999999999999197,121.2999999999995282,2.7836217880249023
13.0999999999999197,121.3999999999995225,2.5791175365447998
13.0999999999999197,121.4999999999995168,2.9362106323242188
13.0999999999999197,122.9999999999994316,22.3020763397216797
13.0999999999999197,123.3999999999994088,14.2285404205322266
13.0999999999999197,123.4999999999994031,11.8308067321777344
13.0999999999999197,123.5999999999993975,11.3537378311157227
13.0999999999999197,123.6999999999993918,11.3544549942016602
13.0999999999999197,123.7999999999993861,12.4989271163940430
13.0999999999999197,123.8999999999993804,14.8975400924682617
12.9999999999999201,120.7999999999995566,6.1543741226196289
12.9999999999999201,120.8999999999995509,4.8111844062805176
12.9999999999999201,120.9999999999995453,4.5537238121032715
12.9999999999999201,121.0999999999995396,4.2436361312866211
12.9999999999999201,121.1999999999995339,3.9302272796630859
12.9999999999999201,121.2999999999995282,3.1143066883087158
12.9999999999999201,121.3999999999995225,2.2861447334289551
12.9999999999999201,122.9999999999994316,22.5734310150146484
12.9999999999999201,123.0999999999994259,22.1891384124755859
12.9999999999999201,123.4999999999994031,13.7625017166137695
12.9999999999999201,123.5999999999993975,13.7715072631835938
12.9999999999999201,123.6999999999993918,13.4847259521484375
12.9999999999999201,123.7999999999993861,13.9262390136718750
12.9999999999999201,123.8999999999993804,14.9098129272460938
12.9999999999999201,123.9999999999993747,15.8747406005859375
12.9999999999999201,124.0999999999993690,17.0814552307128906
12.8999999999999204,120.7999999999995566,7.2117342948913574
12.8999999999999204,120.8999999999995509,5.2926473617553711
12.8999999999999204,120.9999999999995453,4.2886986732482910
12.8999999999999204,121.0999999999995396,4.2456979751586914
12.8999999999999204,121.1999999999995339,4.1999325752258301
12.8999999999999204,121.2999999999995282,3.8457996845245361
12.8999999999999204,121.3999999999995225,3.4779560565948486
12.8999999999999204,121.4999999999995168,3.2853589057922363
12.8999999999999204,123.1999999999994202,21.5790424346923828
12.8999999999999204,123.7999999999993861,15.3814744949340820
12.8999999999999204,124.0999999999993690,14.8228292465209961
12.7999999999999208,120.7999999999995566,8.5179624557495117
12.7999999999999208,120.8999999999995509,6.4366860389709473
12.7999999999999208,120.9999999999995453,4.9930276870727539
12.7999999999999208,121.0999999999995396,4.3655009269714355
12.7999999999999208,121.1999999999995339,4.6874990463256836
12.7999999999999208,121.2999999999995282,4.7770009040832520
12.7999999999999208,121.3999999999995225,5.0048623085021973
12.7999999999999208,123.8999999999993804,14.5456304550170898
12.7999999999999208,123.9999999999993747,12.4604625701904297
12.7999999999999208,124.0999999999993690,13.3246068954467773
12.6999999999999211,120.8999999999995509,8.2899198532104492
12.6999999999999211,120.9999999999995453,6.8761343955993652
12.6999999999999211,121.0999999999995396,5.8167924880981445
12.6999999999999211,121.1999999999995339,5.8827357292175293
12.6999999999999211,121.2999999999995282,6.3817305564880371
12.6999999999999211,121.3999999999995225,7.1612486839294434
12.6999999999999211,121.4999999999995168,8.2054510116577148
12.6999999999999211,123.8999999999993804,15.1565847396850586
12.6999999999999211,123.9999999999993747,13.4219160079956055
12.6999999999999211,124.0999999999993690,13.9745941162109375
12.5999999999999215,120.9999999999995453,9.2015924453735352
12.5999999999999215,121.0999999999995396,7.9720482826232910
12.5999999999999215,121.1999999999995339,7.3591613769531250
12.5999999999999215,121.2999999999995282,8.3713912963867188
12.5999999999999215,121.3999999999995225,9.8411340713500977
12.5999999999999215,121.4999999999995168,10.9716167449951172
12.5999999999999215,122.0999999999994827,14.9228086471557617
12.5999999999999215,123.9999999999993747,15.3931446075439453
12.4999999999999218,120.9999999999995453,11.4228668212890625
12.4999999999999218,121.0999999999995396,10.1586065292358398
12.4999999999999218,121.1999999999995339,9.0971164703369141
12.4999999999999218,121.2999999999995282,10.2264289855957031
12.4999999999999218,121.3999999999995225,11.9777708053588867
12.4999999999999218,121.9999999999994884,13.5261030197143555
12.4999999999999218,122.4999999999994600,22.3974628448486328
12.4999999999999218,122.5999999999994543,23.5427551269531250
12.4999999999999218,123.2999999999994145,19.9253005981445312
12.4999999999999218,123.3999999999994088,18.6860656738281250
12.4999999999999218,123.4999999999994031,17.9830360412597656
12.4999999999999218,123.6999999999993918,16.8381786346435547
12.4999999999999218,124.2999999999993577,20.2247066497802734
12.4999999999999218,124.3999999999993520,17.2591037750244141
12.4999999999999218,124.4999999999993463,13.6929082870483398
12.4999999999999218,124.5999999999993406,11.1606941223144531
12.4999999999999218,124.6999999999993349,10.0123844146728516
12.4999999999999218,124.7999999999993292,9.3179378509521484
12.4999999999999218,124.8999999999993236,8.9654951095581055
12.4999999999999218,124.9999999999993179,8.7774286270141602
12.4999999999999218,125.0999999999993122,8.6692533493041992
12.4999999999999218,125.1999999999993065,9.1571989059448242
12.3999999999999222,120.9999999999995453,12.7693910598754883
12.3999999999999222,121.0999999999995396,12.1671543121337891
12.3999999999999222,121.1999999999995339,11.7881193161010742
12.3999999999999222,121.2999999999995282,12.6857748031616211
12.3999999999999222,121.9999999999994884,15.9240598678588867
12.3999999999999222,122.0999999999994827,15.3581819534301758
12.3999999999999222,122.4999999999994600,22.2420768737792969
12.3999999999999222,122.5999999999994543,23.0238685607910156
12.3999999999999222,123.2999999999994145,18.0664577484130859
12.3999999999999222,123.3999999999994088,16.7624130249023438
12.3999999999999222,123.4999999999994031,15.7507963180541992
12.3999999999999222,124.3999999999993520,16.8446159362792969
12.3999999999999222,124.4999999999993463,13.1404390335083008
12.3999999999999222,124.5999999999993406,10.2581901550292969
12.3999999999999222,124.6999999999993349,9.5762987136840820
12.3999999999999222,124.7999999999993292,8.9325780868530273
12.3999999999999222,124.8999999999993236,8.5557765960693359
12.3999999999999222,124.9999999999993179,8.3360462188720703
12.3999999999999222,125.0999999999993122,8.1730642318725586
12.3999999999999222,125.1999999999993065,8.5949039459228516
12.2999999999999226,119.8999999999996078,13.5083465576171875
12.2999999999999226,121.1999999999995339,14.4886112213134766
12.2999999999999226,121.9999999999994884,18.3237285614013672
12.2999999999999226,123.2999999999994145,16.0003185272216797
12.2999999999999226,123.3999999999994088,14.6293716430664062
12.2999999999999226,123.4999999999994031,13.5805530548095703
12.2999999999999226,123.5999999999993975,12.9637470245361328
12.2999999999999226,123.6999999999993918,12.3768692016601562
12.2999999999999226,124.3999999999993520,16.4925308227539062
12.2999999999999226,124.4999999999993463,12.6165628433227539
12.2999999999999226,124.5999999999993406,9.4420585632324219
12.2999999999999226,124.6999999999993349,8.8359432220458984
12.2999999999999226,124.7999999999993292,8.4661979675292969
12.2999999999999226,124.8999999999993236,8.2750720977783203
12.2999999999999226,124.9999999999993179,8.0569467544555664
12.2999999999999226,125.0999999999993122,7.8358345031738281
12.2999999999999226,125.1999999999993065,8.1541643142700195
12.2999999999999226,125.2999999999993008,9.5082807540893555
12.1999999999999229,119.8999999999996078,13.4889745712280273
12.1999999999999229,119.9999999999996021,13.6795301437377930
12.1999999999999229,121.9999999999994884,20.2164363861083984
12.1999999999999229,123.2999999999994145,15.6634492874145508
12.1999999999999229,123.3999999999994088,14.3150968551635742
12.1999999999999229,123.5999999999993975,11.9718046188354492
12.1999999999999229,123.6999999999993918,11.4946050643920898
12.1999999999999229,123.7999999999993861,12.5694446563720703
12.1999999999999229,123.8999999999993804,14.2618207931518555
12.1999999999999229,124.3999999999993520,15.5404148101806641
12.1999999999999229,124.4999999999993463,12.7912302017211914
12.1999999999999229,124.5999999999993406,9.3708000183105469
12.1999999999999229,124.6999999999993349,8.6253576278686523
12.1999999999999229,124.7999999999993292,8.4289865493774414
12.1999999999999229,124.8999999999993236,8.2120084762573242
12.1999999999999229,124.9999999999993179,7.9150896072387695
12.1999999999999229,125.0999999999993122,7.6119704246520996
12.1999999999999229,125.1999999999993065,7.7411131858825684
12.1999999999999229,125.2999999999993008,8.6816177368164062
12.1999999999999229,125.3999999999992951,10.5870809555053711
12.1999999999999229,125.4999999999992895,12.3470668792724609
12.0999999999999233,119.9999999999996021,13.4641466140747070
12.0999999999999233,120.0999999999995964,13.7296400070190430
12.0999999999999233,120.1999999999995907,13.8016767501831055
12.0999999999999233,120.2999999999995850,13.8615436553955078
12.0999999999999233,123.2999999999994145,16.4023246765136719
12.0999999999999233,123.6999999999993918,13.7601718902587891
12.0999999999999233,123.7999999999993861,14.5735540390014648
12.0999999999999233,123.8999999999993804,16.3240509033203125
12.0999999999999233,124.4999999999993463,14.6197347640991211
12.0999999999999233,124.5999999999993406,12.1436443328857422
12.0999999999999233,124.6999999999993349,10.2142152786254883
12.0999999999999233,124.7999999999993292,9.3969573974609375
12.0999999999999233,124.8999999999993236,8.6870946884155273
12.0999999999999233,124.9999999999993179,8.1121244430541992
12.0999999999999233,125.0999999999993122,7.5535936355590820
12.0999999999999233,125.1999999999993065,7.4771738052368164
12.0999999999999233,125.2999999999993008,8.1097936630249023
12.0999999999999233,125.3999999999992951,8.9782485961914062
11.9999999999999236,123.1999999999994202,17.8593120574951172
11.9999999999999236,123.7999999999993861,16.6562862396240234
11.9999999999999236,123.8999999999993804,17.2181053161621094
11.9999999999999236,123.9999999999993747,17.7786388397216797
11.9999999999999236,124.6999999999993349,11.4404172897338867
11.9999999999999236,124.7999999999993292,10.3620176315307617
11.9999999999999236,124.8999999999993236,9.2100162506103516
11.9999999999999236,124.9999999999993179,8.3445491790771484
11.9999999999999236,125.0999999999993122,7.4994120597839355
11.9999999999999236,125.1999999999993065,7.2467942237854004
11.9999999999999236,125.2999999999993008,7.7023887634277344
11.9999999999999236,125.3999999999992951,8.2610664367675781
11.8999999999999240,121.9999999999994884,20.9113330841064453
11.8999999999999240,123.7999999999993861,17.7929782867431641
11.8999999999999240,123.8999999999993804,17.7084503173828125
11.8999999999999240,123.9999999999993747,17.5066356658935547
11.8999999999999240,124.7999999999993292,11.0847845077514648
11.8999999999999240,124.8999999999993236,9.5678739547729492
11.8999999999999240,124.9999999999993179,8.5112447738647461
11.8999999999999240,125.0999999999993122,7.5133223533630371
11.8999999999999240,125.1999999999993065,7.0932879447937012
11.8999999999999240,125.2999999999993008,7.4462962150573730
11.7999999999999243,121.8999999999994941,19.0025272369384766
11.7999999999999243,121.9999999999994884,19.7344245910644531
11.7999999999999243,122.0999999999994827,18.6855773925781250
11.7999999999999243,122.1999999999994770,15.9704790115356445
11.7999999999999243,124.2999999999993577,19.0141582489013672
11.7999999999999243,124.8999999999993236,9.7016744613647461
11.7999999999999243,124.9999999999993179,8.6312503814697266
11.7999999999999243,125.0999999999993122,7.6002993583679199
11.7999999999999243,125.1999999999993065,7.1245994567871094
11.7999999999999243,125.2999999999993008,7.3792147636413574
11.7999999999999243,125.3999999999992951,7.6561632156372070
11.6999999999999247,119.9999999999996021,13.0499038696289062
11.6999999999999247,122.0999999999994827,16.8350448608398438
11.6999999999999247,122.1999999999994770,14.3703937530517578
11.6999999999999247,122.2999999999994714,11.5982275009155273
11.6999999999999247,122.3999999999994657,10.3717794418334961
11.6999999999999247,124.9999999999993179,8.5545091629028320
11.6999999999999247,125.0999999999993122,7.6729402542114258
11.6999999999999247,125.1999999999993065,7.1481018066406250
11.6999999999999247,125.2999999999993008,7.2913832664489746
11.6999999999999247,125.3999999999992951,7.4832267761230469
11.5999999999999250,122.1999999999994770,11.7540349960327148
11.5999999999999250,122.2999999999994714,8.9154653549194336
11.5999999999999250,122.6999999999994486,8.5423040390014648
11.5999999999999250,124.4999999999993463,18.0690441131591797
11.5999999999999250,125.0999999999993122,7.1586632728576660
11.5999999999999250,125.1999999999993065,6.7644143104553223
11.5999999999999250,125.2999999999993008,6.9826226234436035
11.5999999999999250,125.3999999999992951,7.2564148902893066
11.4999999999999254,122.0999999999994827,10.5400371551513672
11.4999999999999254,122.1999999999994770,8.8158502578735352
11.4999999999999254,122.2999999999994714,6.6719508171081543
11.4999999999999254,122.3999999999994657,5.7171459197998047
11.4999999999999254,122.4999999999994600,6.1235723495483398
11.4999999999999254,122.5999999999994543,6.6202468872070312
11.4999999999999254,122.6999999999994486,7.9544372558593750
11.4999999999999254,122.7999999999994429,9.4180564880371094
11.4999999999999254,123.0999999999994259,14.9829864501953125
11.4999999999999254,124.3999999999993520,18.3107509613037109
11.4999999999999254,124.4999999999993463,16.8530368804931641
11.4999999999999254,124.8999999999993236,7.5321106910705566
11.4999999999999254,124.9999999999993179,6.8309440612792969
11.4999999999999254,125.0999999999993122,6.2385263442993164
11.4999999999999254,125.1999999999993065,6.0970034599304199
11.4999999999999254,125.2999999999993008,6.5457720756530762
11.4999999999999254,125.3999999999992951,6.9987869262695312
11.4999999999999254,125.4999999999992895,8.1407728195190430
11.3999999999999257,122.0999999999994827,7.8679552078247070
11.3999999999999257,122.1999999999994770,6.1682634353637695
11.3999999999999257,122.2999999999994714,4.7080206871032715
11.3999999999999257,122.3999999999994657,4.4126749038696289
11.3999999999999257,122.4999999999994600,5.1338572502136230
11.3999999999999257,122.5999999999994543,6.0175495147705078
11.3999999999999257,122.6999999999994486,7.3705725669860840
11.3999999999999257,122.7999999999994429,8.9191541671752930
11.3999999999999257,122.8999999999994373,10.5158119201660156
11.3999999999999257,122.9999999999994316,12.4856615066528320
11.3999999999999257,123.0999999999994259,15.2692213058471680
11.3999999999999257,124.2999999999993577,18.5783653259277344
11.3999999999999257,124.3999999999993520,17.4418048858642578
11.3999999999999257,124.4999999999993463,15.8903837203979492
11.3999999999999257,124.8999999999993236,6.4759840965270996
11.3999999999999257,124.9999999999993179,5.8539891242980957
11.3999999999999257,125.0999999999993122,5.4956951141357422
11.3999999999999257,125.1999999999993065,5.5666670799255371
11.3999999999999257,125.2999999999993008,6.1923227310180664
11.3999999999999257,125.3999999999992951,6.8381743431091309
11.3999999999999257,125.4999999999992895,8.6619215011596680
11.2999999999999261,119.4999999999996305,10.4268188476562500
11.2999999999999261,122.0999999999994827,6.0634703636169434
11.2999999999999261,122.1999999999994770,5.1592435836791992
11.2999999999999261,122.2999999999994714,4.3835883140563965
11.2999999999999261,122.3999999999994657,4.2600769996643066
11.2999999999999261,122.4999999999994600,5.0492510795593262
11.2999999999999261,122.5999999999994543,6.0698580741882324
11.2999999999999261,122.6999999999994486,7.5462403297424316
11.2999999999999261,122.7999999999994429,9.1893787384033203
11.2999999999999261,122.8999999999994373,10.8411664962768555
11.2999999999999261,122.9999999999994316,12.4717206954956055
11.2999999999999261,123.0999999999994259,14.6830978393554688
11.2999999999999261,124.3999999999993520,16.1515693664550781
11.2999999999999261,124.4999999999993463,14.4476537704467773
11.2999999999999261,124.5999999999993406,12.8539428710937500
11.2999999999999261,124.6999999999993349,9.6013441085815430
11.2999999999999261,124.7999999999993292,7.1183218955993652
11.2999999999999261,124.8999999999993236,5.2378635406494141
11.2999999999999261,125.1999999999993065,6.3379907608032227
11.2999999999999261,125.2999999999993008,7.1482119560241699
11.2999999999999261,125.3999999999992951,7.9933166503906250
11.2999999999999261,125.4999999999992895,9.9134130477905273
11.1999999999999265,119.4999999999996305,8.7210321426391602
11.1999999999999265,122.0999999999994827,5.6339268684387207
11.1999999999999265,122.1999999999994770,5.0302929878234863
11.1999999999999265,122.2999999999994714,4.4799580574035645
11.1999999999999265,122.3999999999994657,4.5905027389526367
11.1999999999999265,122.4999999999994600,5.3763937950134277
11.1999999999999265,122.5999999999994543,6.5019950866699219
11.1999999999999265,122.6999999999994486,8.0440206527709961
11.1999999999999265,122.7999999999994429,9.7888803482055664
11.1999999999999265,122.8999999999994373,11.4357252120971680
11.1999999999999265,122.9999999999994316,13.0611219406127930
11.1999999999999265,123.7999999999993861,14.2219572067260742
11.1999999999999265,123.9999999999993747,16.2053642272949219
11.1999999999999265,124.3999999999993520,15.3324270248413086
11.1999999999999265,124.4999999999993463,13.0548906326293945
11.1999999999999265,124.5999999999993406,10.7946672439575195
11.1999999999999265,124.6999999999993349,8.2222318649291992
11.1999999999999265,124.7999999999993292,5.5458025932312012
11.1999999999999265,124.8999999999993236,3.9462292194366455
11.1999999999999265,124.9999999999993179,4.9144277572631836
11.1999999999999265,125.1999999999993065,8.0951290130615234
11.1999999999999265,125.2999999999993008,9.2121782302856445
11.1999999999999265,125.3999999999992951,10.2767095565795898
11.1999999999999265,125.4999999999992895,11.6886453628540039
11.0999999999999268,119.4999999999996305,7.4128351211547852
11.0999999999999268,122.0999999999994827,5.2483263015747070
11.0999999999999268,122.1999999999994770,4.9083561897277832
11.0999999999999268,122.2999999999994714,4.6620464324951172
11.0999999999999268,122.3999999999994657,5.0100674629211426
11.0999999999999268,122.4999999999994600,5.9658370018005371
11.0999999999999268,122.5999999999994543,7.0967440605163574
11.0999999999999268,122.6999999999994486,8.7823514938354492
11.0999999999999268,122.7999999999994429,10.6663055419921875
11.0999999999999268,122.8999999999994373,12.7402811050415039
11.0999999999999268,124.3999999999993520,13.9447851181030273
11.0999999999999268,124.4999999999993463,12.0757722854614258
11.0999999999999268,124.5999999999993406,9.6126613616943359
11.0999999999999268,124.6999999999993349,7.0275878906250000
11.0999999999999268,124.7999999999993292,4.3875041007995605
11.0999999999999268,124.8999999999993236,3.1759750843048096
11.0999999999999268,124.9999999999993179,4.9882493019104004
11.0999999999999268,125.4999999999992895,12.5706472396850586
10.9999999999999272,119.3999999999996362,8.9366178512573242
10.9999999999999272,122.0999999999994827,5.0739045143127441
10.9999999999999272,122.1999999999994770,5.0599260330200195
10.9999999999999272,122.2999999999994714,5.0511794090270996
10.9999999999999272,122.3999999999994657,5.5921988487243652
10.9999999999999272,122.4999999999994600,6.7269029617309570
10.9999999999999272,122.5999999999994543,8.0265455245971680
10.9999999999999272,122.6999999999994486,9.9371795654296875
10.9999999999999272,122.7999999999994429,11.8837432861328125
10.9999999999999272,123.9999999999993747,15.7426090240478516
10.9999999999999272,124.4999999999993463,12.5603818893432617
10.9999999999999272,124.5999999999993406,10.2565116882324219
10.9999999999999272,124.6999999999993349,7.5924654006958008
10.9999999999999272,124.7999999999993292,4.8391962051391602
10.9999999999999272,124.8999999999993236,3.5387001037597656
10.9999999999999272,124.9999999999993179,5.4311022758483887
10.8999999999999275,119.3999999999996362,8.7521686553955078
10.8999999999999275,119.4999999999996305,7.1402049064636230
10.8999999999999275,121.9999999999994884,6.6165924072265625
10.8999999999999275,122.0999999999994827,5.6740479469299316
10.8999999999999275,122.1999999999994770,5.7884554862976074
10.8999999999999275,122.2999999999994714,5.9647936820983887
10.8999999999999275,122.3999999999994657,6.6307921409606934
10.8999999999999275,122.4999999999994600,7.9799866676330566
10.8999999999999275,122.5999999999994543,9.5708189010620117
10.8999999999999275,122.6999999999994486,11.4707860946655273
10.8999999999999275,123.1999999999994202,10.3481063842773438
10.8999999999999275,123.2999999999994145,9.2320137023925781
10.8999999999999275,123.3999999999994088,8.1475658416748047
10.8999999999999275,123.9999999999993747,15.4438199996948242
10.8999999999999275,124.4999999999993463,13.0297536849975586
10.8999999999999275,124.7999999999993292,6.1533885002136230
10.8999999999999275,124.8999999999993236,4.3550920486450195
10.8999999999999275,124.9999999999993179,5.5125503540039062
10.7999999999999279,119.2999999999996419,11.8904676437377930
10.7999999999999279,119.3999999999996362,10.2238779067993164
10.7999999999999279,119.4999999999996305,6.7165179252624512
10.7999999999999279,121.9999999999994884,7.6510004997253418
10.7999999999999279,122.0999999999994827,6.2157301902770996
10.7999999999999279,122.1999999999994770,6.5640358924865723
10.7999999999999279,122.2999999999994714,6.9385194778442383
10.7999999999999279,122.3999999999994657,7.8232445716857910
10.7999999999999279,122.4999999999994600,9.2528381347656250
10.7999999999999279,122.9999999999994316,12.7440662384033203
10.7999999999999279,123.0999999999994259,10.5795736312866211
10.7999999999999279,123.1999999999994202,8.6422719955444336
10.7999999999999279,123.2999999999994145,7.5026245117187500
10.7999999999999279,123.3999999999994088,6.7725062370300293
10.7999999999999279,123.4999999999994031,7.6088333129882812
10.7999999999999279,123.8999999999993804,14.0561170578002930
10.7999999999999279,123.9999999999993747,14.8577823638916016
10.7999999999999279,124.8999999999993236,5.3364996910095215
10.6999999999999282,119.3999999999996362,8.7986688613891602
10.6999999999999282,119.4999999999996305,7.2790565490722656
10.6999999999999282,119.5999999999996248,7.2001814842224121
10.6999999999999282,121.9999999999994884,8.2563180923461914
10.6999999999999282,122.0999999999994827,7.2652969360351562
10.6999999999999282,122.1999999999994770,7.7674841880798340
10.6999999999999282,122.2999999999994714,8.0449199676513672
10.6999999999999282,122.3999999999994657,9.0565156936645508
10.6999999999999282,122.4999999999994600,10.1486034393310547
10.6999999999999282,122.5999999999994543,11.2988080978393555
10.6999999999999282,122.6999999999994486,11.8427228927612305
10.6999999999999282,122.9999999999994316,10.9961738586425781
10.6999999999999282,123.0999999999994259,9.0469255447387695
10.6999999999999282,123.1999999999994202,7.4813232421875000
10.6999999999999282,123.2999999999994145,7.5076231956481934
10.6999999999999282,123.3999999999994088,8.0180110931396484
10.6999999999999282,123.4999999999994031,8.2051372528076172
10.6999999999999282,123.8999999999993804,12.9581365585327148
10.6999999999999282,124.7999999999993292,6.4456839561462402
10.6999999999999282,124.8999999999993236,4.9549145698547363
10.6999999999999282,124.9999999999993179,5.1815872192382812
10.6999999999999282,125.7999999999992724,14.5013837814331055
10.5999999999999286,119.3999999999996362,9.1502056121826172
10.5999999999999286,119.4999999999996305,7.5281729698181152
10.5999999999999286,119.5999999999996248,7.3234376907348633
10.5999999999999286,119.7999999999996135,10.5364065170288086
10.5999999999999286,119.8999999999996078,10.9242782592773438
10.5999999999999286,121.9999999999994884,9.2519254684448242
10.5999999999999286,122.4999999999994600,12.0936212539672852
10.5999999999999286,122.5999999999994543,12.0948028564453125
10.5999999999999286,122.6999999999994486,11.5130748748779297
10.5999999999999286,122.8999999999994373,9.7841711044311523
10.5999999999999286,122.9999999999994316,9.1341438293457031
10.5999999999999286,123.0999999999994259,7.4260630607604980
10.5999999999999286,123.1999999999994202,6.3068823814392090
10.5999999999999286,123.2999999999994145,7.7950577735900879
10.5999999999999286,123.3999999999994088,9.4889383316040039
10.5999999999999286,123.6999999999993918,9.8330488204956055
10.5999999999999286,123.7999999999993861,10.6812438964843750
10.5999999999999286,123.8999999999993804,11.9914302825927734
10.5999999999999286,123.9999999999993747,13.3163833618164062
10.5999999999999286,124.7999999999993292,5.7934737205505371
10.5999999999999286,124.8999999999993236,4.8252501487731934
10.5999999999999286,124.9999999999993179,4.8577475547790527
10.5999999999999286,125.0999999999993122,4.9489340782165527
10.4999999999999289,119.2999999999996419,10.1833391189575195
10.4999999999999289,119.3999999999996362,8.7986335754394531
10.4999999999999289,119.4999999999996305,7.4622917175292969
10.4999999999999289,119.5999999999996248,7.2588462829589844
10.4999999999999289,119.7999999999996135,10.1088399887084961
10.4999999999999289,119.8999999999996078,10.5527353286743164
10.4999999999999289,121.9999999999994884,10.1702308654785156
10.4999999999999289,122.4999999999994600,12.8174972534179688
10.4999999999999289,122.5999999999994543,12.8110494613647461
10.4999999999999289,122.6999999999994486,11.9567785263061523
10.4999999999999289,122.7999999999994429,9.6573562622070312
10.4999999999999289,122.8999999999994373,9.0484056472778320
10.4999999999999289,122.9999999999994316,7.7677597999572754
10.4999999999999289,123.0999999999994259,6.4502992630004883
10.4999999999999289,123.1999999999994202,5.9323835372924805
10.4999999999999289,123.2999999999994145,7.9928469657897949
10.4999999999999289,123.3999999999994088,9.9732131958007812
10.4999999999999289,123.7999999999993861,9.9860277175903320
10.4999999999999289,123.8999999999993804,11.5343656539916992
10.4999999999999289,123.9999999999993747,13.3570880889892578
10.4999999999999289,124.7999999999993292,6.8991136550903320
10.4999999999999289,124.8999999999993236,5.0369315147399902
10.4999999999999289,124.9999999999993179,4.9547333717346191
10.4999999999999289,125.0999999999993122,4.9250330924987793
10.3999999999999293,119.0999999999996533,7.5159811973571777
10.3999999999999293,119.1999999999996476,8.2501935958862305
10.3999999999999293,119.2999999999996419,8.2448329925537109
10.3999999999999293,119.3999999999996362,7.4931130409240723
10.3999999999999293,119.4999999999996305,6.7816805839538574
10.3999999999999293,122.8999999999994373,8.0701532363891602
10.3999999999999293,122.9999999999994316,7.2441797256469727
10.3999999999999293,123.0999999999994259,6.4546813964843750
10.3999999999999293,123.1999999999994202,6.1076350212097168
10.3999999999999293,123.2999999999994145,8.3329019546508789
10.3999999999999293,123.6999999999993918,8.9546537399291992
10.3999999999999293,123.7999999999993861,9.4256238937377930
10.3999999999999293,123.8999999999993804,11.0758428573608398
10.3999999999999293,123.9999999999993747,12.6034822463989258
10.3999999999999293,124.7999999999993292,7.0425086021423340
10.3999999999999293,124.8999999999993236,5.4645123481750488
10.3999999999999293,124.9999999999993179,5.3629074096679688
10.3999999999999293,125.0999999999993122,5.3082180023193359
10.3999999999999293,125.1999999999993065,6.0496916770935059
10.3999999999999293,125.5999999999992838,13.8133621215820312
10.2999999999999297,118.9999999999996589,5.9586439132690430
10.2999999999999297,119.0999999999996533,6.1470780372619629
10.2999999999999297,119.1999999999996476,6.3619747161865234
10.2999999999999297,119.2999999999996419,6.4748167991638184
10.2999999999999297,122.8999999999994373,7.3313455581665039
10.2999999999999297,122.9999999999994316,6.7655692100524902
10.2999999999999297,123.0999999999994259,6.5953378677368164
10.2999999999999297,123.1999999999994202,6.7407126426696777
10.2999999999999297,123.2999999999994145,8.6227264404296875
10.2999999999999297,123.5999999999993975,10.5089588165283203
10.2999999999999297,123.6999999999993918,9.1442975997924805
10.2999999999999297,123.7999999999993861,8.9778213500976562
10.2999999999999297,124.7999999999993292,7.1812262535095215
10.2999999999999297,124.8999999999993236,5.9093389511108398
10.2999999999999297,125.0999999999993122,5.8556976318359375
10.2999999999999297,125.1999999999993065,6.9164924621582031
10.2999999999999297,125.5999999999992838,13.8505325317382812
10.1999999999999300,118.7999999999996703,7.9608016014099121
10.1999999999999300,118.9999999999996589,5.9397602081298828
10.1999999999999300,119.0999999999996533,5.8258328437805176
10.1999999999999300,119.1999999999996476,6.0059146881103516
10.1999999999999300,122.8999999999994373,7.0771708488464355
10.1999999999999300,122.9999999999994316,6.5480532646179199
10.1999999999999300,123.0999999999994259,6.3752450942993164
10.1999999999999300,123.1999999999994202,6.7001762390136719
10.1999999999999300,123.2999999999994145,7.7926278114318848
10.1999999999999300,123.5999999999993975,10.1640625000000000
10.1999999999999300,123.6999999999993918,9.0022916793823242
10.1999999999999300,124.8999999999993236,7.6489076614379883
10.1999999999999300,125.5999999999992838,13.1513185501098633
10.0999999999999304,118.8999999999996646,7.7826609611511230
10.0999999999999304,118.9999999999996589,7.6465106010437012
10.0999999999999304,119.0999999999996533,7.7112960815429688
10.0999999999999304,119.1999999999996476,7.7114138603210449
10.0999999999999304,122.8999999999994373,6.5323843955993652
10.0999999999999304,122.9999999999994316,6.1893820762634277
10.0999999999999304,123.0999999999994259,5.9409937858581543
10.0999999999999304,123.1999999999994202,6.3665986061096191
10.0999999999999304,123.4999999999994031,8.7328548431396484
10.0999999999999304,123.5999999999993975,8.9609394073486328
10.0999999999999304,124.1999999999993634,9.0777435302734375
10.0999999999999304,124.2999999999993577,8.6951971054077148
10.0999999999999304,124.3999999999993520,9.4166717529296875
10.0999999999999304,125.1999999999993065,11.7686672210693359
10.0999999999999304,125.5999999999992838,12.1058683395385742
9.9999999999999307,118.7999999999996703,8.1024675369262695
9.9999999999999307,118.8999999999996646,8.5947809219360352
9.9999999999999307,118.9999999999996589,9.0659694671630859
9.9999999999999307,119.0999999999996533,9.3596878051757812
9.9999999999999307,122.7999999999994429,6.9735703468322754
9.9999999999999307,122.8999999999994373,6.2386336326599121
9.9999999999999307,122.9999999999994316,5.9361972808837891
9.9999999999999307,123.0999999999994259,5.7681941986083984
9.9999999999999307,123.1999999999994202,6.0220923423767090
9.9999999999999307,123.3999999999994088,6.5481843948364258
9.9999999999999307,123.4999999999994031,6.9612364768981934
9.9999999999999307,123.5999999999993975,8.0345983505249023
9.9999999999999307,124.0999999999993690,7.6369032859802246
9.9999999999999307,124.1999999999993634,7.2036933898925781
9.9999999999999307,124.2999999999993577,6.8481826782226562
9.9999999999999307,124.3999999999993520,8.2907876968383789
9.9999999999999307,124.4999999999993463,10.7553243637084961
9.9999999999999307,125.1999999999993065,13.7355833053588867
9.9999999999999307,125.5999999999992838,10.9362173080444336
9.8999999999999311,118.5999999999996817,6.9711265563964844
9.8999999999999311,118.6999999999996760,6.6948504447937012
9.8999999999999311,122.3999999999994657,13.2672119140625000
9.8999999999999311,122.4999999999994600,11.1407852172851562
9.8999999999999311,122.5999999999994543,8.7580680847167969
9.8999999999999311,122.6999999999994486,7.2947397232055664
9.8999999999999311,122.7999999999994429,6.7575845718383789
9.8999999999999311,122.8999999999994373,6.2391128540039062
9.8999999999999311,122.9999999999994316,6.0778231620788574
9.8999999999999311,123.0999999999994259,5.9672980308532715
9.8999999999999311,123.3999999999994088,6.2134103775024414
9.8999999999999311,123.4999999999994031,6.5837707519531250
9.8999999999999311,123.5999999999993975,8.2652883529663086
9.8999999999999311,123.8999999999993804,9.0425291061401367
9.8999999999999311,123.9999999999993747,7.9529404640197754
9.8999999999999311,124.0999999999993690,7.1304202079772949
9.8999999999999311,124.1999999999993634,6.5572137832641602
9.8999999999999311,124.2999999999993577,6.2394614219665527
9.8999999999999311,124.3999999999993520,8.1812000274658203
9.8999999999999311,124.4999999999993463,10.9860935211181641
9.8999999999999311,125.5999999999992838,7.7287812232971191
9.8999999999999311,125.9999999999992610,7.1057519912719727
9.7999999999999314,118.5999999999996817,6.6921167373657227
9.7999999999999314,118.6999999999996760,5.3463320732116699
9.7999999999999314,122.4999999999994600,10.8997945785522461
9.7999999999999314,122.5999999999994543,8.3816633224487305
9.7999999999999314,122.6999999999994486,7.1837649345397949
9.7999999999999314,122.7999999999994429,6.7922644615173340
9.7999999999999314,122.8999999999994373,6.5316100120544434
9.7999999999999314,122.9999999999994316,6.4824242591857910
9.7999999999999314,123.0999999999994259,7.0777277946472168
9.7999999999999314,123.3999999999994088,6.7541131973266602
9.7999999999999314,123.4999999999994031,6.7298407554626465
9.7999999999999314,123.8999999999993804,9.2969961166381836
9.7999999999999314,123.9999999999993747,7.8984961509704590
9.7999999999999314,124.0999999999993690,7.1671500205993652
9.7999999999999314,124.1999999999993634,6.8006134033203125
9.7999999999999314,124.2999999999993577,6.9851922988891602
9.7999999999999314,124.3999999999993520,8.8133630752563477
9.7999999999999314,124.4999999999993463,11.6163425445556641
9.7999999999999314,125.9999999999992610,6.5089302062988281
9.7999999999999314,126.0999999999992554,7.7670435905456543
9.6999999999999318,118.3999999999996930,9.5772218704223633
9.6999999999999318,118.4999999999996874,7.9838404655456543
9.6999999999999318,118.5999999999996817,5.9626064300537109
9.6999999999999318,118.6999999999996760,4.6332082748413086
9.6999999999999318,122.4999999999994600,10.7574520111083984
9.6999999999999318,122.5999999999994543,8.4370269775390625
9.6999999999999318,122.6999999999994486,7.3883728981018066
9.6999999999999318,122.7999999999994429,6.9454331398010254
9.6999999999999318,122.8999999999994373,6.7615342140197754
9.6999999999999318,122.9999999999994316,7.3837900161743164
9.6999999999999318,123.0999999999994259,8.2408971786499023
9.6999999999999318,123.3999999999994088,7.3233170509338379
9.6999999999999318,123.8999999999993804,9.6759471893310547
9.6999999999999318,123.9999999999993747,8.1468181610107422
9.6999999999999318,124.0999999999993690,7.5389657020568848
9.6999999999999318,124.1999999999993634,7.4198784828186035
9.6999999999999318,124.2999999999993577,7.6912398338317871
9.6999999999999318,124.3999999999993520,9.2413673400878906
9.6999999999999318,125.4999999999992895,6.5888519287109375
9.5999999999999321,118.3999999999996930,8.2842264175415039
9.5999999999999321,118.4999999999996874,6.7882571220397949
9.5999999999999321,118.5999999999996817,5.1866693496704102
9.5999999999999321,118.6999999999996760,3.8929066658020020
9.5999999999999321,122.4999999999994600,10.6213750839233398
9.5999999999999321,122.5999999999994543,9.3472223281860352
9.5999999999999321,122.6999999999994486,8.5024719238281250
9.5999999999999321,122.7999999999994429,7.9906358718872070
9.5999999999999321,122.8999999999994373,7.5627260208129883
9.5999999999999321,122.9999999999994316,7.5719070434570312
9.5999999999999321,123.0999999999994259,7.7483367919921875
9.5999999999999321,123.2999999999994145,7.4416689872741699
9.5999999999999321,123.3999999999994088,7.4914793968200684
9.5999999999999321,123.7999999999993861,12.0298843383789062
9.5999999999999321,125.3999999999992951,6.9631495475769043
9.5999999999999321,125.4999999999992895,5.8260936737060547
9.5999999999999321,125.5999999999992838,4.0753822326660156
9.5999999999999321,125.6999999999992781,3.2728791236877441
9.4999999999999325,118.2999999999996987,7.7355437278747559
9.4999999999999325,118.3999999999996930,6.5487742424011230
9.4999999999999325,118.4999999999996874,5.4741230010986328
9.4999999999999325,118.5999999999996817,4.6846666336059570
9.4999999999999325,122.5999999999994543,11.0146894454956055
9.4999999999999325,122.6999999999994486,10.1689767837524414
9.4999999999999325,122.7999999999994429,9.2370243072509766
9.4999999999999325,122.8999999999994373,8.2659482955932617
9.4999999999999325,122.9999999999994316,7.4354567527770996
9.4999999999999325,123.0999999999994259,6.7395133972167969
9.4999999999999325,123.3999999999994088,7.3710188865661621
9.4999999999999325,125.4999999999992895,5.5141062736511230
9.4999999999999325,125.5999999999992838,3.8782405853271484
9.4999999999999325,125.6999999999992781,2.5666980743408203
9.4999999999999325,125.7999999999992724,3.2814152240753174
9.3999999999999329,118.1999999999997044,7.6573510169982910
9.3999999999999329,118.2999999999996987,6.6370925903320312
9.3999999999999329,118.3999999999996930,5.4453768730163574
9.3999999999999329,118.4999999999996874,4.7562599182128906
9.3999999999999329,122.7999999999994429,10.3372144699096680
9.3999999999999329,122.8999999999994373,9.0273466110229492
9.3999999999999329,122.9999999999994316,7.5969729423522949
9.3999999999999329,123.0999999999994259,6.1213197708129883
9.3999999999999329,123.1999999999994202,5.3556008338928223
9.3999999999999329,125.5999999999992838,3.4790024757385254
9.3999999999999329,125.6999999999992781,2.2535591125488281
9.3999999999999329,125.7999999999992724,2.1198725700378418
9.3999999999999329,125.8999999999992667,3.1882848739624023
9.2999999999999332,118.0999999999997101,7.6251144409179688
9.2999999999999332,118.1999999999997044,7.1174745559692383
9.2999999999999332,118.2999999999996987,6.4312934875488281
9.2999999999999332,118.3999999999996930,5.7122635841369629
9.2999999999999332,122.8999999999994373,9.8310327529907227
9.2999999999999332,122.9999999999994316,8.2251234054565430
9.2999999999999332,123.0999999999994259,6.5634498596191406
9.2999999999999332,123.1999999999994202,5.7961997985839844
9.2999999999999332,123.2999999999994145,7.0473999977111816
9.2999999999999332,125.5999999999992838,3.7930297851562500
9.2999999999999332,125.6999999999992781,2.2798464298248291
9.2999999999999332,125.7999999999992724,2.1008269786834717
9.2999999999999332,125.8999999999992667,2.3044059276580811
9.1999999999999336,117.8999999999997215,6.1056971549987793
9.1999999999999336,117.9999999999997158,6.5246171951293945
9.1999999999999336,118.0999999999997101,6.5224351882934570
9.1999999999999336,118.1999999999997044,6.4584197998046875
9.1999999999999336,122.8999999999994373,10.6185827255249023
9.1999999999999336,122.9999999999994316,8.9468154907226562
9.1999999999999336,123.0999999999994259,7.3171052932739258
9.1999999999999336,123.1999999999994202,6.8767657279968262
9.1999999999999336,123.4999999999994031,13.3978872299194336
9.1999999999999336,123.5999999999993975,13.7974672317504883
9.1999999999999336,124.6999999999993349,13.1965131759643555
9.1999999999999336,124.7999999999993292,12.4727401733398438
9.1999999999999336,125.5999999999992838,4.2380638122558594
9.1999999999999336,125.6999999999992781,2.7041280269622803
9.1999999999999336,125.7999999999992724,2.3017189502716064
9.1999999999999336,125.8999999999992667,2.1721303462982178
9.1999999999999336,125.9999999999992610,2.5389015674591064
9.1999999999999336,126.0999999999992554,4.0619258880615234
9.0999999999999339,117.7999999999997272,5.0928506851196289
9.0999999999999339,117.8999999999997215,4.9638161659240723
9.0999999999999339,117.9999999999997158,5.2040028572082520
9.0999999999999339,122.9999999999994316,9.8905477523803711
9.0999999999999339,123.0999999999994259,8.4652395248413086
9.0999999999999339,123.5999999999993975,13.9504079818725586
9.0999999999999339,125.5999999999992838,4.2280497550964355
9.0999999999999339,125.6999999999992781,3.0237357616424561
9.0999999999999339,125.7999999999992724,2.4154002666473389
9.0999999999999339,125.8999999999992667,2.1838223934173584
9.0999999999999339,125.9999999999992610,2.0105178356170654
9.0999999999999339,126.0999999999992554,3.6402542591094971
8.9999999999999343,117.5999999999997385,6.0329208374023438
8.9999999999999343,117.6999999999997328,5.2047972679138184
8.9999999999999343,117.7999999999997272,3.8875329494476318
8.9999999999999343,117.8999999999997215,3.8237569332122803
8.9999999999999343,117.9999999999997158,4.3835844993591309
8.9999999999999343,125.2999999999993008,4.3974766731262207
8.9999999999999343,125.3999999999992951,4.7474370002746582
8.9999999999999343,125.5999999999992838,3.8641662597656250
8.9999999999999343,125.6999999999992781,2.9195897579193115
8.9999999999999343,125.7999999999992724,2.5321888923645020
8.9999999999999343,125.8999999999992667,2.3096935749053955
8.9999999999999343,125.9999999999992610,2.3156127929687500
8.9999999999999343,126.0999999999992554,3.4114716053009033
8.9999999999999343,126.1999999999992497,4.6969218254089355
8.8999999999999346,117.4999999999997442,5.6478829383850098
8.8999999999999346,117.5999999999997385,5.1144437789916992
8.8999999999999346,117.6999999999997328,4.2351841926574707
8.8999999999999346,117.7999999999997272,3.3622567653656006
8.8999999999999346,117.8999999999997215,3.6242165565490723
8.8999999999999346,117.9999999999997158,4.6618161201477051
8.8999999999999346,124.7999999999993292,5.3004574775695801
8.8999999999999346,124.8999999999993236,4.0768699645996094
8.8999999999999346,124.9999999999993179,2.9087741374969482
8.8999999999999346,125.1999999999993065,3.1401669979095459
8.8999999999999346,125.2999999999993008,3.4609367847442627
8.8999999999999346,125.3999999999992951,3.9326527118682861
8.8999999999999346,125.4999999999992895,3.8256127834320068
8.8999999999999346,125.5999999999992838,3.3156402111053467
8.8999999999999346,125.6999999999992781,2.9851047992706299
8.8999999999999346,125.7999999999992724,2.6829986572265625
8.8999999999999346,125.8999999999992667,2.4360218048095703
8.8999999999999346,125.9999999999992610,2.5082700252532959
8.8999999999999346,126.0999999999992554,3.2574555873870850
8.8999999999999346,126.1999999999992497,4.1598362922668457
8.8999999999999346,126.2999999999992440,5.0350613594055176
8.7999999999999350,117.4999999999997442,5.2447013854980469
8.7999999999999350,117.5999999999997385,4.9582567214965820
8.7999999999999350,117.6999999999997328,4.6499953269958496
8.7999999999999350,117.7999999999997272,4.2497420310974121
8.7999999999999350,117.8999999999997215,4.0862026214599609
8.7999999999999350,124.8999999999993236,3.0678365230560303
8.7999999999999350,124.9999999999993179,2.6879706382751465
8.7999999999999350,125.0999999999993122,2.7273900508880615
8.7999999999999350,125.1999999999993065,2.5994036197662354
8.7999999999999350,125.2999999999993008,2.5074565410614014
8.7999999999999350,125.3999999999992951,2.9329640865325928
8.7999999999999350,125.4999999999992895,3.0039088726043701
8.7999999999999350,125.5999999999992838,2.9495892524719238
8.7999999999999350,125.6999999999992781,2.9992098808288574
8.7999999999999350,125.7999999999992724,2.6892342567443848
8.7999999999999350,125.8999999999992667,2.5950672626495361
8.7999999999999350,125.9999999999992610,2.7765450477600098
8.7999999999999350,126.0999999999992554,3.1497349739074707
8.7999999999999350,126.1999999999992497,3.7736248970031738
8.7999999999999350,126.2999999999992440,4.3026561737060547
8.6999999999999353,117.3999999999997499,5.6398749351501465
8.6999999999999353,117.4999999999997442,5.6327657699584961
8.6999999999999353,117.5999999999997385,5.9889783859252930
8.6999999999999353,123.4999999999994031,7.8847618103027344
8.6999999999999353,124.7999999999993292,4.0181589126586914
8.6999999999999353,124.8999999999993236,3.4247758388519287
8.6999999999999353,124.9999999999993179,2.7000513076782227
8.6999999999999353,125.0999999999993122,2.2393412590026855
8.6999999999999353,125.1999999999993065,1.8807770013809204
8.6999999999999353,125.2999999999993008,1.8558536767959595
8.6999999999999353,125.3999999999992951,2.1278722286224365
8.6999999999999353,125.4999999999992895,2.3964259624481201
8.6999999999999353,125.5999999999992838,2.5507409572601318
8.6999999999999353,125.6999999999992781,2.7297632694244385
8.6999999999999353,125.7999999999992724,2.5568752288818359
8.6999999999999353,125.8999999999992667,2.4711995124816895
8.6999999999999353,125.9999999999992610,2.6689331531524658
8.6999999999999353,126.0999999999992554,2.9897181987762451
8.5999999999999357,117.3999999999997499,5.7251210212707520
8.5999999999999357,117.4999999999997442,6.1028337478637695
8.5999999999999357,123.3999999999994088,6.7750754356384277
8.5999999999999357,123.4999999999994031,6.1750035285949707
8.5999999999999357,123.5999999999993975,6.4686369895935059
8.5999999999999357,123.6999999999993918,6.9686341285705566
8.5999999999999357,124.7999999999993292,4.3347964286804199
8.5999999999999357,124.8999999999993236,3.6937539577484131
8.5999999999999357,124.9999999999993179,2.7525820732116699
8.5999999999999357,125.0999999999993122,1.8538154363632202
8.5999999999999357,125.1999999999993065,1.9724473953247070
8.5999999999999357,125.2999999999993008,1.9719104766845703
8.5999999999999357,125.3999999999992951,1.9839886426925659
8.5999999999999357,125.4999999999992895,1.9869316816329956
8.5999999999999357,125.5999999999992838,2.1753354072570801
8.5999999999999357,125.6999999999992781,2.5584900379180908
8.5999999999999357,125.7999999999992724,2.4342746734619141
8.5999999999999357,125.8999999999992667,2.3695359230041504
8.5999999999999357,125.9999999999992610,2.6009366512298584
8.5999999999999357,126.0999999999992554,2.8680796623229980
8.4999999999999361,117.1999999999997613,7.3008012771606445
8.4999999999999361,117.2999999999997556,6.4556412696838379
8.4999999999999361,117.3999999999997499,6.1194281578063965
8.4999999999999361,123.0999999999994259,8.5048170089721680
8.4999999999999361,123.2999999999994145,5.9098448753356934
8.4999999999999361,123.3999999999994088,5.4271554946899414
8.4999999999999361,123.4999999999994031,5.7097420692443848
8.4999999999999361,123.5999999999993975,6.2696108818054199
8.4999999999999361,123.6999999999993918,6.8647317886352539
8.4999999999999361,123.7999999999993861,7.3610949516296387
8.4999999999999361,124.2999999999993577,7.5342688560485840
8.4999999999999361,124.3999999999993520,6.5089240074157715
8.4999999999999361,124.4999999999993463,4.6656923294067383
8.4999999999999361,124.6999999999993349,4.4627170562744141
8.4999999999999361,124.7999999999993292,4.1385641098022461
8.4999999999999361,124.8999999999993236,3.5739448070526123
8.4999999999999361,124.9999999999993179,2.4642667770385742
8.4999999999999361,125.0999999999993122,1.5192396640777588
8.4999999999999361,125.1999999999993065,1.8835591077804565
8.4999999999999361,125.2999999999993008,1.9829763174057007
8.4999999999999361,125.3999999999992951,2.1304326057434082
8.4999999999999361,125.4999999999992895,1.8460386991500854
8.4999999999999361,125.5999999999992838,1.9931488037109375
8.4999999999999361,125.6999999999992781,2.4747383594512939
8.4999999999999361,125.7999999999992724,2.4749884605407715
8.4999999999999361,125.8999999999992667,2.4831886291503906
8.4999999999999361,125.9999999999992610,2.6227135658264160
8.4999999999999361,126.0999999999992554,2.8004257678985596
8.4999999999999361,126.1999999999992497,3.2246677875518799
8.4999999999999361,126.2999999999992440,4.0489869117736816
8.3999999999999364,123.0999999999994259,7.2906265258789062
8.3999999999999364,123.1999999999994202,6.0406718254089355
8.3999999999999364,123.2999999999994145,5.2668223381042480
8.3999999999999364,123.3999999999994088,5.4778947830200195
8.3999999999999364,123.4999999999994031,5.8428258895874023
8.3999999999999364,123.5999999999993975,6.2349276542663574
8.3999999999999364,123.6999999999993918,6.6865549087524414
8.3999999999999364,123.7999999999993861,7.2574191093444824
8.3999999999999364,124.2999999999993577,7.0558433532714844
8.3999999999999364,124.3999999999993520,5.2939333915710449
8.3999999999999364,124.4999999999993463,4.0151696205139160
8.3999999999999364,124.5999999999993406,4.5940217971801758
8.3999999999999364,124.6999999999993349,4.2104105949401855
8.3999999999999364,124.7999999999993292,3.7766060829162598
8.3999999999999364,124.8999999999993236,3.1287500858306885
8.3999999999999364,124.9999999999993179,1.9991381168365479
8.3999999999999364,125.0999999999993122,1.3582609891891479
8.3999999999999364,125.1999999999993065,1.5470807552337646
8.3999999999999364,125.2999999999993008,1.7411669492721558
8.3999999999999364,125.3999999999992951,1.9947941303253174
8.3999999999999364,125.4999999999992895,1.8425034284591675
8.3999999999999364,125.5999999999992838,2.3078155517578125
8.3999999999999364,125.6999999999992781,2.7479915618896484
8.3999999999999364,125.7999999999992724,2.8318827152252197
8.3999999999999364,125.8999999999992667,2.8394765853881836
8.3999999999999364,125.9999999999992610,2.9022364616394043
8.3999999999999364,126.0999999999992554,2.7659361362457275
8.3999999999999364,126.1999999999992497,2.8736865520477295
8.3999999999999364,126.2999999999992440,3.6039757728576660
8.2999999999999368,117.2999999999997556,9.9992284774780273
8.2999999999999368,122.9999999999994316,7.1735444068908691
8.2999999999999368,123.0999999999994259,6.1359324455261230
8.2999999999999368,123.1999999999994202,5.0916690826416016
8.2999999999999368,123.2999999999994145,5.3406991958618164
8.2999999999999368,123.3999999999994088,5.7052898406982422
8.2999999999999368,123.4999999999994031,6.0948853492736816
8.2999999999999368,123.5999999999993975,6.3296446800231934
8.2999999999999368,123.6999999999993918,6.6688342094421387
8.2999999999999368,123.7999999999993861,6.9299845695495605
8.2999999999999368,124.2999999999993577,5.9154810905456543
8.2999999999999368,124.3999999999993520,4.3023743629455566
8.2999999999999368,124.4999999999993463,3.3410701751708984
8.2999999999999368,124.5999999999993406,3.9136822223663330
8.2999999999999368,124.6999999999993349,3.6238274574279785
8.2999999999999368,124.7999999999993292,3.2576801776885986
8.2999999999999368,124.8999999999993236,2.7508611679077148
8.2999999999999368,124.9999999999993179,1.8138364553451538
8.2999999999999368,125.0999999999993122,1.5350391864776611
8.2999999999999368,125.1999999999993065,1.7425092458724976
8.2999999999999368,125.2999999999993008,1.7889734506607056
8.2999999999999368,125.3999999999992951,2.0015480518341064
8.2999999999999368,125.4999999999992895,2.2667987346649170
8.2999999999999368,125.5999999999992838,2.7907922267913818
8.2999999999999368,125.6999999999992781,3.2866885662078857
8.2999999999999368,125.7999999999992724,3.3394520282745361
8.2999999999999368,125.8999999999992667,3.2633042335510254
8.2999999999999368,125.9999999999992610,3.1682262420654297
8.2999999999999368,126.0999999999992554,2.9691345691680908
8.2999999999999368,126.1999999999992497,2.7779943943023682
8.2999999999999368,126.2999999999992440,3.0682866573333740
8.1999999999999371,122.9999999999994316,6.8881874084472656
8.1999999999999371,123.0999999999994259,5.7831454277038574
8.1999999999999371,123.1999999999994202,5.0284399986267090
8.1999999999999371,123.2999999999994145,5.2980103492736816
8.1999999999999371,123.3999999999994088,5.6406683921813965
8.1999999999999371,123.4999999999994031,5.7329092025756836
8.1999999999999371,123.5999999999993975,5.8048605918884277
8.1999999999999371,123.6999999999993918,5.9459095001220703
8.1999999999999371,123.7999999999993861,6.1214594841003418
8.1999999999999371,124.0999999999993690,7.6435694694519043
8.1999999999999371,124.1999999999993634,6.5472636222839355
8.1999999999999371,124.2999999999993577,5.5392990112304688
8.1999999999999371,124.3999999999993520,4.3188748359680176
8.1999999999999371,124.4999999999993463,3.4768681526184082
8.1999999999999371,124.5999999999993406,3.8561284542083740
8.1999999999999371,124.6999999999993349,3.2972455024719238
8.1999999999999371,124.7999999999993292,2.7267794609069824
8.1999999999999371,124.8999999999993236,2.1174111366271973
8.1999999999999371,124.9999999999993179,1.4853390455245972
8.1999999999999371,125.0999999999993122,1.8792612552642822
8.1999999999999371,125.1999999999993065,2.2063119411468506
8.1999999999999371,125.2999999999993008,2.3202512264251709
8.1999999999999371,125.3999999999992951,2.4600317478179932
8.1999999999999371,125.4999999999992895,2.7913510799407959
8.1999999999999371,125.5999999999992838,3.2741181850433350
8.1999999999999371,125.6999999999992781,3.7092514038085938
8.1999999999999371,125.7999999999992724,3.7004418373107910
8.1999999999999371,125.8999999999992667,3.5441234111785889
8.1999999999999371,125.9999999999992610,3.3842301368713379
8.1999999999999371,126.0999999999992554,2.9624555110931396
8.1999999999999371,126.1999999999992497,2.5060310363769531
8.1999999999999371,126.2999999999992440,2.5475797653198242
8.1999999999999371,126.3999999999992383,4.6354217529296875
8.0999999999999375,116.9999999999997726,10.3801956176757812
8.0999999999999375,122.7999999999994429,8.0280447006225586
8.0999999999999375,122.8999999999994373,7.2587723731994629
8.0999999999999375,122.9999999999994316,6.5404167175292969
8.0999999999999375,123.0999999999994259,5.8422255516052246
8.0999999999999375,123.1999999999994202,5.2894482612609863
8.0999999999999375,123.2999999999994145,5.3667273521423340
8.0999999999999375,123.3999999999994088,5.4729189872741699
8.0999999999999375,123.4999999999994031,5.3826112747192383
8.0999999999999375,123.5999999999993975,5.0151557922363281
8.0999999999999375,123.6999999999993918,4.9646019935607910
8.0999999999999375,123.7999999999993861,5.0718417167663574
8.0999999999999375,123.9999999999993747,6.2257533073425293
8.0999999999999375,124.0999999999993690,6.2374033927917480
8.0999999999999375,124.1999999999993634,5.9521174430847168
8.0999999999999375,124.2999999999993577,5.5316910743713379
8.0999999999999375,124.3999999999993520,4.7589759826660156
8.0999999999999375,124.4999999999993463,3.9441897869110107
8.0999999999999375,124.5999999999993406,4.0625615119934082
8.0999999999999375,124.6999999999993349,3.2123849391937256
8.0999999999999375,124.7999999999993292,2.1959559917449951
8.0999999999999375,124.8999999999993236,1.7912701368331909
8.0999999999999375,124.9999999999993179,2.0112988948822021
8.0999999999999375,125.0999999999993122,2.4641625881195068
8.0999999999999375,125.1999999999993065,2.7780170440673828
8.0999999999999375,125.2999999999993008,2.9100520610809326
8.0999999999999375,125.3999999999992951,3.0911023616790771
8.0999999999999375,125.4999999999992895,3.3700032234191895
8.0999999999999375,125.5999999999992838,3.7511577606201172
8.0999999999999375,125.6999999999992781,4.1715455055236816
8.0999999999999375,125.7999999999992724,4.0229816436767578
8.0999999999999375,125.8999999999992667,3.8320374488830566
8.0999999999999375,125.9999999999992610,3.7341721057891846
8.0999999999999375,126.0999999999992554,3.1078612804412842
8.0999999999999375,126.1999999999992497,2.3494455814361572
8.0999999999999375,126.2999999999992440,2.4068799018859863
8.0999999999999375,126.3999999999992383,5.4903578758239746
7.9999999999999378,116.9999999999997726,10.5067892074584961
7.9999999999999378,122.2999999999994714,7.8981947898864746
7.9999999999999378,122.3999999999994657,6.7169427871704102
7.9999999999999378,122.4999999999994600,7.6976876258850098
7.9999999999999378,122.5999999999994543,8.7139434814453125
7.9999999999999378,122.6999999999994486,8.4255485534667969
7.9999999999999378,122.7999999999994429,7.6312851905822754
7.9999999999999378,122.8999999999994373,6.8967652320861816
7.9999999999999378,122.9999999999994316,6.3539037704467773
7.9999999999999378,123.0999999999994259,5.8453612327575684
7.9999999999999378,123.1999999999994202,5.4251685142517090
7.9999999999999378,123.2999999999994145,5.3729529380798340
7.9999999999999378,123.3999999999994088,5.3454403877258301
7.9999999999999378,123.4999999999994031,5.1660637855529785
7.9999999999999378,123.5999999999993975,4.7229700088500977
7.9999999999999378,123.6999999999993918,4.4471907615661621
7.9999999999999378,123.7999999999993861,4.4563937187194824
7.9999999999999378,123.8999999999993804,4.5680942535400391
7.9999999999999378,123.9999999999993747,4.7013525962829590
7.9999999999999378,124.0999999999993690,4.8833103179931641
7.9999999999999378,124.1999999999993634,5.1528825759887695
7.9999999999999378,124.2999999999993577,5.3878464698791504
7.9999999999999378,124.3999999999993520,5.0892910957336426
7.9999999999999378,124.4999999999993463,4.6223320960998535
7.9999999999999378,124.5999999999993406,4.1793169975280762
7.9999999999999378,124.6999999999993349,3.2136094570159912
7.9999999999999378,124.7999999999993292,2.5759098529815674
7.9999999999999378,124.8999999999993236,2.3775022029876709
7.9999999999999378,124.9999999999993179,2.6660687923431396
7.9999999999999378,125.0999999999993122,2.9764213562011719
7.9999999999999378,125.1999999999993065,3.2773082256317139
7.9999999999999378,125.2999999999993008,3.3876285552978516
7.9999999999999378,125.3999999999992951,3.6129868030548096
7.9999999999999378,125.4999999999992895,3.8360118865966797
7.9999999999999378,125.5999999999992838,4.1310024261474609
7.9999999999999378,125.6999999999992781,4.5613703727722168
7.9999999999999378,125.7999999999992724,4.4566798210144043
7.9999999999999378,125.8999999999992667,4.2067561149597168
7.9999999999999378,125.9999999999992610,4.0082755088806152
7.9999999999999378,126.0999999999992554,3.2223777770996094
7.9999999999999378,126.1999999999992497,2.3326120376586914
7.9999999999999378,126.2999999999992440,1.9874279499053955
7.8999999999999382,116.9999999999997726,10.6560297012329102
7.8999999999999382,122.2999999999994714,7.2326445579528809
7.8999999999999382,122.3999999999994657,6.2081093788146973
7.8999999999999382,122.4999999999994600,7.5692229270935059
7.8999999999999382,122.5999999999994543,8.8345861434936523
7.8999999999999382,122.6999999999994486,8.4766607284545898
7.8999999999999382,122.7999999999994429,7.3566451072692871
7.8999999999999382,122.8999999999994373,6.3594145774841309
7.8999999999999382,122.9999999999994316,5.7431993484497070
7.8999999999999382,123.0999999999994259,5.2385292053222656
7.8999999999999382,123.1999999999994202,4.9010915756225586
7.8999999999999382,123.2999999999994145,5.1128582954406738
7.8999999999999382,123.3999999999994088,5.3880720138549805
7.8999999999999382,123.4999999999994031,5.6060700416564941
7.8999999999999382,123.5999999999993975,5.2720036506652832
7.8999999999999382,123.6999999999993918,5.1404867172241211
7.8999999999999382,123.7999999999993861,4.7128448486328125
7.8999999999999382,123.8999999999993804,4.2828049659729004
7.8999999999999382,123.9999999999993747,4.1617913246154785
7.8999999999999382,124.0999999999993690,4.0555691719055176
7.8999999999999382,124.1999999999993634,4.3923010826110840
7.8999999999999382,124.2999999999993577,4.7483835220336914
7.8999999999999382,124.3999999999993520,4.6744298934936523
7.8999999999999382,124.4999999999993463,4.4978384971618652
7.8999999999999382,124.5999999999993406,4.1982984542846680
7.8999999999999382,124.6999999999993349,3.5446186065673828
7.8999999999999382,124.7999999999993292,3.0362381935119629
7.8999999999999382,124.8999999999993236,2.8561305999755859
7.8999999999999382,124.9999999999993179,2.9594514369964600
7.8999999999999382,125.0999999999993122,3.3991286754608154
7.8999999999999382,125.1999999999993065,3.6257941722869873
7.8999999999999382,125.2999999999993008,3.5157153606414795
7.8999999999999382,125.3999999999992951,3.6421432495117188
7.8999999999999382,125.4999999999992895,3.8421218395233154
7.8999999999999382,125.5999999999992838,4.1403441429138184
7.8999999999999382,125.6999999999992781,4.5377459526062012
7.8999999999999382,125.7999999999992724,4.2907323837280273
7.8999999999999382,125.8999999999992667,4.1019873619079590
7.8999999999999382,125.9999999999992610,4.0185174942016602
7.8999999999999382,126.0999999999992554,3.1575222015380859
7.8999999999999382,126.1999999999992497,2.1825876235961914
7.8999999999999382,126.2999999999992440,1.8523603677749634
7.7999999999999385,122.0999999999994827,10.6756391525268555
7.7999999999999385,122.1999999999994770,8.7282180786132812
7.7999999999999385,122.2999999999994714,6.5766253471374512
7.7999999999999385,122.3999999999994657,5.8218283653259277
7.7999999999999385,122.4999999999994600,7.5151567459106445
7.7999999999999385,122.5999999999994543,9.1100034713745117
7.7999999999999385,122.6999999999994486,8.7180633544921875
7.7999999999999385,122.7999999999994429,7.1058702468872070
7.7999999999999385,122.8999999999994373,5.7306599617004395
7.7999999999999385,122.9999999999994316,5.0676951408386230
7.7999999999999385,123.0999999999994259,4.5245471000671387
7.7999999999999385,123.1999999999994202,4.3905067443847656
7.7999999999999385,123.2999999999994145,5.6620283126831055
7.7999999999999385,123.3999999999994088,7.0285525321960449
7.7999999999999385,123.6999999999993918,6.3701953887939453
7.7999999999999385,123.7999999999993861,6.2941470146179199
7.7999999999999385,123.8999999999993804,4.9555287361145020
7.7999999999999385,123.9999999999993747,3.8816869258880615
7.7999999999999385,124.0999999999993690,3.6394276618957520
7.7999999999999385,124.1999999999993634,3.6661870479583740
7.7999999999999385,124.2999999999993577,4.0337042808532715
7.7999999999999385,124.3999999999993520,4.2165408134460449
7.7999999999999385,124.4999999999993463,4.3020510673522949
7.7999999999999385,124.5999999999993406,4.3352007865905762
7.7999999999999385,124.6999999999993349,3.8659324645996094
7.7999999999999385,124.7999999999993292,3.5406696796417236
7.7999999999999385,124.8999999999993236,3.5017273426055908
7.7999999999999385,124.9999999999993179,3.4345893859863281
7.7999999999999385,125.0999999999993122,3.8266923427581787
7.7999999999999385,125.1999999999993065,3.9359605312347412
7.7999999999999385,125.2999999999993008,3.6257770061492920
7.7999999999999385,125.3999999999992951,3.5770192146301270
7.7999999999999385,125.4999999999992895,3.7628891468048096
7.7999999999999385,125.5999999999992838,4.1456794738769531
7.7999999999999385,125.6999999999992781,4.6458783149719238
7.7999999999999385,125.7999999999992724,4.3253512382507324
7.7999999999999385,125.8999999999992667,3.9262311458587646
7.7999999999999385,125.9999999999992610,3.9624898433685303
7.7999999999999385,126.0999999999992554,3.0838570594787598
7.7999999999999385,126.1999999999992497,2.0468280315399170
7.7999999999999385,126.2999999999992440,1.7453049421310425
7.7999999999999385,126.3999999999992383,3.8291556835174561
7.6999999999999389,122.1999999999994770,8.3891820907592773
7.6999999999999389,122.2999999999994714,6.0606079101562500
7.6999999999999389,122.3999999999994657,5.6515784263610840
7.6999999999999389,122.4999999999994600,7.0940232276916504
7.6999999999999389,122.8999999999994373,5.5188741683959961
7.6999999999999389,122.9999999999994316,5.0843582153320312
7.6999999999999389,123.0999999999994259,5.0856084823608398
7.6999999999999389,123.1999999999994202,5.5124673843383789
7.6999999999999389,123.2999999999994145,6.8289856910705566
7.6999999999999389,123.3999999999994088,8.3263959884643555
7.6999999999999389,123.4999999999994031,9.3749017715454102
7.6999999999999389,123.8999999999993804,4.8374133110046387
7.6999999999999389,123.9999999999993747,3.7001328468322754
7.6999999999999389,124.0999999999993690,3.2941434383392334
7.6999999999999389,124.1999999999993634,3.2618725299835205
7.6999999999999389,124.2999999999993577,3.5508658885955811
7.6999999999999389,124.3999999999993520,3.7672238349914551
7.6999999999999389,124.4999999999993463,4.0049490928649902
7.6999999999999389,124.5999999999993406,4.2183814048767090
7.6999999999999389,124.6999999999993349,4.1313605308532715
7.6999999999999389,124.7999999999993292,4.0853328704833984
7.6999999999999389,124.8999999999993236,3.9624614715576172
7.6999999999999389,124.9999999999993179,3.7096710205078125
7.6999999999999389,125.0999999999993122,3.9716243743896484
7.6999999999999389,125.1999999999993065,3.9593102931976318
7.6999999999999389,125.2999999999993008,3.5631763935089111
7.6999999999999389,125.3999999999992951,3.4329094886779785
7.6999999999999389,125.4999999999992895,3.6449687480926514
7.6999999999999389,125.5999999999992838,4.2075591087341309
7.6999999999999389,125.6999999999992781,4.7709918022155762
7.6999999999999389,125.7999999999992724,4.3956947326660156
7.6999999999999389,125.8999999999992667,3.8879745006561279
7.6999999999999389,125.9999999999992610,3.9789681434631348
7.6999999999999389,126.0999999999992554,2.9113428592681885
7.6999999999999389,126.1999999999992497,1.8585551977157593
7.6999999999999389,126.2999999999992440,1.9864577054977417
7.6999999999999389,126.3999999999992383,3.4046096801757812
7.6999999999999389,126.4999999999992326,6.3997039794921875
7.5999999999999392,122.1999999999994770,7.9538683891296387
7.5999999999999392,122.2999999999994714,6.0432124137878418
7.5999999999999392,122.3999999999994657,5.7281308174133301
7.5999999999999392,122.8999999999994373,6.3936624526977539
7.5999999999999392,122.9999999999994316,6.0545663833618164
7.5999999999999392,123.1999999999994202,6.6391119956970215
7.5999999999999392,123.2999999999994145,7.5898470878601074
7.5999999999999392,123.3999999999994088,8.1886892318725586
7.5999999999999392,124.0999999999993690,3.0004670619964600
7.5999999999999392,124.1999999999993634,2.5175240039825439
7.5999999999999392,124.2999999999993577,2.7894089221954346
7.5999999999999392,124.3999999999993520,3.0989248752593994
7.5999999999999392,124.4999999999993463,3.3830535411834717
7.5999999999999392,124.5999999999993406,3.6625199317932129
7.5999999999999392,124.6999999999993349,3.7186629772186279
7.5999999999999392,124.7999999999993292,3.7586925029754639
7.5999999999999392,124.8999999999993236,3.7002084255218506
7.5999999999999392,124.9999999999993179,3.3616783618927002
7.5999999999999392,125.0999999999993122,3.4595794677734375
7.5999999999999392,125.1999999999993065,3.3853085041046143
7.5999999999999392,125.2999999999993008,3.0964522361755371
7.5999999999999392,125.3999999999992951,3.0608823299407959
7.5999999999999392,125.4999999999992895,3.4878895282745361
7.5999999999999392,125.5999999999992838,4.1761083602905273
7.5999999999999392,125.6999999999992781,4.8383398056030273
7.5999999999999392,125.7999999999992724,4.4172453880310059
7.5999999999999392,125.8999999999992667,3.7830219268798828
7.5999999999999392,125.9999999999992610,3.4711410999298096
7.5999999999999392,126.0999999999992554,2.4276189804077148
7.5999999999999392,126.1999999999992497,1.5810381174087524
7.5999999999999392,126.2999999999992440,1.7497625350952148
7.5999999999999392,126.3999999999992383,2.8017194271087646
7.5999999999999392,126.4999999999992326,5.3360447883605957
7.4999999999999396,122.0999999999994827,9.0111646652221680
7.4999999999999396,122.1999999999994770,7.5427184104919434
7.4999999999999396,122.2999999999994714,6.0305562019348145
7.4999999999999396,123.2999999999994145,8.3710632324218750
7.4999999999999396,123.3999999999994088,8.9514055252075195
7.4999999999999396,124.1999999999993634,2.3100469112396240
7.4999999999999396,124.2999999999993577,2.0323569774627686
7.4999999999999396,124.3999999999993520,2.4154136180877686
7.4999999999999396,124.4999999999993463,2.8397710323333740
7.4999999999999396,124.5999999999993406,3.1909034252166748
7.4999999999999396,124.6999999999993349,3.2994956970214844
7.4999999999999396,124.7999999999993292,3.4759051799774170
7.4999999999999396,124.8999999999993236,3.4603981971740723
7.4999999999999396,124.9999999999993179,3.0876531600952148
7.4999999999999396,125.0999999999993122,3.0154280662536621
7.4999999999999396,125.1999999999993065,2.8889539241790771
7.4999999999999396,125.2999999999993008,2.6459553241729736
7.4999999999999396,125.3999999999992951,2.7696068286895752
7.4999999999999396,125.4999999999992895,3.4456937313079834
7.4999999999999396,125.5999999999992838,4.3478674888610840
7.4999999999999396,125.6999999999992781,5.1260695457458496
7.4999999999999396,125.7999999999992724,4.5883941650390625
7.4999999999999396,125.8999999999992667,3.7910134792327881
7.4999999999999396,125.9999999999992610,3.3799366950988770
7.4999999999999396,126.0999999999992554,2.4192223548889160
7.4999999999999396,126.1999999999992497,1.6321184635162354
7.4999999999999396,126.2999999999992440,1.8137344121932983
7.4999999999999396,126.3999999999992383,2.6150600910186768
7.4999999999999396,126.4999999999992326,4.7774429321289062
7.4999999999999396,126.5999999999992269,6.7952227592468262
7.3999999999999400,122.0999999999994827,8.1701650619506836
7.3999999999999400,122.1999999999994770,7.0941786766052246
7.3999999999999400,122.2999999999994714,6.1573987007141113
7.3999999999999400,122.7999999999994429,9.0930747985839844
7.3999999999999400,123.3999999999994088,8.9847450256347656
7.3999999999999400,124.1999999999993634,2.5025155544281006
7.3999999999999400,124.2999999999993577,2.4626545906066895
7.3999999999999400,124.3999999999993520,2.9353597164154053
7.3999999999999400,124.4999999999993463,3.2709591388702393
7.3999999999999400,124.5999999999993406,3.4512810707092285
7.3999999999999400,124.6999999999993349,2.9210622310638428
7.3999999999999400,124.7999999999993292,3.1975085735321045
7.3999999999999400,124.8999999999993236,3.2914216518402100
7.3999999999999400,124.9999999999993179,2.8469481468200684
7.3999999999999400,125.0999999999993122,2.5553956031799316
7.3999999999999400,125.1999999999993065,2.4174535274505615
7.3999999999999400,125.2999999999993008,2.1717901229858398
7.3999999999999400,125.3999999999992951,2.6173188686370850
7.3999999999999400,125.4999999999992895,3.5291283130645752
7.3999999999999400,125.5999999999992838,4.6287560462951660
7.3999999999999400,125.6999999999992781,5.6536636352539062
7.3999999999999400,125.7999999999992724,4.8352746963500977
7.3999999999999400,125.8999999999992667,3.9335687160491943
7.3999999999999400,125.9999999999992610,3.2796895503997803
7.3999999999999400,126.0999999999992554,2.5246851444244385
7.3999999999999400,126.1999999999992497,1.9631799459457397
7.3999999999999400,126.2999999999992440,2.2025744915008545
7.3999999999999400,126.3999999999992383,3.0593693256378174
7.3999999999999400,126.4999999999992326,5.0514655113220215
7.2999999999999403,116.8999999999997783,11.2128324508666992
7.2999999999999403,117.0999999999997669,11.6713933944702148
7.2999999999999403,117.1999999999997613,11.6871480941772461
7.2999999999999403,122.0999999999994827,7.1549515724182129
7.2999999999999403,122.1999999999994770,6.6783800125122070
7.2999999999999403,124.1999999999993634,2.8318669795989990
7.2999999999999403,124.2999999999993577,3.0039041042327881
7.2999999999999403,124.3999999999993520,3.4443948268890381
7.2999999999999403,124.4999999999993463,3.8172893524169922
7.2999999999999403,124.5999999999993406,4.0474815368652344
7.2999999999999403,124.6999999999993349,3.1790049076080322
7.2999999999999403,124.7999999999993292,2.8908355236053467
7.2999999999999403,124.8999999999993236,3.0140273571014404
7.2999999999999403,124.9999999999993179,2.6009464263916016
7.2999999999999403,125.0999999999993122,2.2381269931793213
7.2999999999999403,125.1999999999993065,1.9487425088882446
7.2999999999999403,125.2999999999993008,1.8819544315338135
7.2999999999999403,125.3999999999992951,2.5593392848968506
7.2999999999999403,125.4999999999992895,3.7717072963714600
7.2999999999999403,125.5999999999992838,5.1412401199340820
7.2999999999999403,125.6999999999992781,6.1683135032653809
7.2999999999999403,125.8999999999992667,4.3410449028015137
7.2999999999999403,125.9999999999992610,3.4960834980010986
7.2999999999999403,126.0999999999992554,2.9874882698059082
7.2999999999999403,126.1999999999992497,2.5273871421813965
7.2999999999999403,126.2999999999992440,2.8169379234313965
7.2999999999999403,126.3999999999992383,5.0801243782043457
7.2999999999999403,126.4999999999992326,7.7211275100708008
7.2999999999999403,126.5999999999992269,10.6057882308959961
7.1999999999999407,117.0999999999997669,11.8473958969116211
7.1999999999999407,117.1999999999997613,11.8407487869262695
7.1999999999999407,121.9999999999994884,6.9020743370056152
7.1999999999999407,122.0999999999994827,6.2414383888244629
7.1999999999999407,122.1999999999994770,6.2321910858154297
7.1999999999999407,124.1999999999993634,3.4764575958251953
7.1999999999999407,124.2999999999993577,3.4764378070831299
7.1999999999999407,124.3999999999993520,3.9217793941497803
7.1999999999999407,124.4999999999993463,4.3567075729370117
7.1999999999999407,124.5999999999993406,4.5252795219421387
7.1999999999999407,124.6999999999993349,3.6693191528320312
7.1999999999999407,124.7999999999993292,2.6340057849884033
7.1999999999999407,124.8999999999993236,2.7781801223754883
7.1999999999999407,124.9999999999993179,2.3607032299041748
7.1999999999999407,125.0999999999993122,2.0165998935699463
7.1999999999999407,125.1999999999993065,1.6979051828384399
7.1999999999999407,125.2999999999993008,1.6799615621566772
7.1999999999999407,125.3999999999992951,2.6140708923339844
7.1999999999999407,125.4999999999992895,4.1074252128601074
7.1999999999999407,125.5999999999992838,5.7889742851257324
7.1999999999999407,125.9999999999992610,3.9223010540008545
7.1999999999999407,126.0999999999992554,3.5899639129638672
7.1999999999999407,126.1999999999992497,3.3731820583343506
7.1999999999999407,126.2999999999992440,4.5338115692138672
7.1999999999999407,126.3999999999992383,7.4441895484924316
7.1999999999999407,126.4999999999992326,10.4267063140869141
7.0999999999999410,121.9999999999994884,6.6429986953735352
7.0999999999999410,122.0999999999994827,6.1481785774230957
7.0999999999999410,122.1999999999994770,6.1830906867980957
7.0999999999999410,124.0999999999993690,4.6763148307800293
7.0999999999999410,124.1999999999993634,3.4973628520965576
7.0999999999999410,124.2999999999993577,3.3161778450012207
7.0999999999999410,124.3999999999993520,3.5658690929412842
7.0999999999999410,124.4999999999993463,3.9658417701721191
7.0999999999999410,124.5999999999993406,4.3452067375183105
7.0999999999999410,124.6999999999993349,3.4717068672180176
7.0999999999999410,124.7999999999993292,2.5152633190155029
7.0999999999999410,124.8999999999993236,2.3164069652557373
7.0999999999999410,124.9999999999993179,2.0883851051330566
7.0999999999999410,125.0999999999993122,1.9298080205917358
7.0999999999999410,125.1999999999993065,1.6708889007568359
7.0999999999999410,125.2999999999993008,1.6559746265411377
7.0999999999999410,125.3999999999992951,2.6152744293212891
7.0999999999999410,125.4999999999992895,4.1533198356628418
7.0999999999999410,125.5999999999992838,5.7563624382019043
7.0999999999999410,125.6999999999992781,7.5296492576599121
7.0999999999999410,125.8999999999992667,4.9775614738464355
7.0999999999999410,125.9999999999992610,4.7405605316162109
7.0999999999999410,126.0999999999992554,4.6610431671142578
7.0999999999999410,126.1999999999992497,5.0667586326599121
7.0999999999999410,126.2999999999992440,6.3028178215026855
7.0999999999999410,126.3999999999992383,9.3145008087158203
6.9999999999999414,117.0999999999997669,10.3647098541259766
6.9999999999999414,121.9999999999994884,7.0174899101257324
6.9999999999999414,122.0999999999994827,6.7545065879821777
6.9999999999999414,122.1999999999994770,6.8977074623107910
6.9999999999999414,123.9999999999993747,5.4605193138122559
6.9999999999999414,124.0999999999993690,4.3357462882995605
6.9999999999999414,124.1999999999993634,3.0895509719848633
6.9999999999999414,124.2999999999993577,2.6992604732513428
6.9999999999999414,124.3999999999993520,2.7436244487762451
6.9999999999999414,124.4999999999993463,3.1225874423980713
6.9999999999999414,124.5999999999993406,3.5453083515167236
6.9999999999999414,124.6999999999993349,3.1750302314758301
6.9999999999999414,124.7999999999993292,2.6740791797637939
6.9999999999999414,124.8999999999993236,2.4419112205505371
6.9999999999999414,124.9999999999993179,1.8792988061904907
6.9999999999999414,125.0999999999993122,1.8293373584747314
6.9999999999999414,125.1999999999993065,1.7209955453872681
6.9999999999999414,125.2999999999993008,1.6994446516036987
6.9999999999999414,125.3999999999992951,2.5797331333160400
6.9999999999999414,125.4999999999992895,3.5375480651855469
6.9999999999999414,125.7999999999992724,7.0661935806274414
6.9999999999999414,125.9999999999992610,6.6983351707458496
6.9999999999999414,126.0999999999992554,6.5391602516174316
6.9999999999999414,126.1999999999992497,7.0505385398864746
6.9999999999999414,126.2999999999992440,8.2829217910766602
6.8999999999999417,116.6999999999997897,5.9111323356628418
6.8999999999999417,116.7999999999997840,6.6314692497253418
6.8999999999999417,117.0999999999997669,9.3455781936645508
6.8999999999999417,117.1999999999997613,9.9464750289916992
6.8999999999999417,122.0999999999994827,7.2462525367736816
6.8999999999999417,123.9999999999993747,5.4773316383361816
6.8999999999999417,124.0999999999993690,4.1162848472595215
6.8999999999999417,124.1999999999993634,2.8084194660186768
6.8999999999999417,124.2999999999993577,2.2535150051116943
6.8999999999999417,124.3999999999993520,1.9696213006973267
6.8999999999999417,124.4999999999993463,2.4821603298187256
6.8999999999999417,124.5999999999993406,3.4067199230194092
6.8999999999999417,124.6999999999993349,3.3531494140625000
6.8999999999999417,124.7999999999993292,3.2704868316650391
6.8999999999999417,124.8999999999993236,3.0757381916046143
6.8999999999999417,124.9999999999993179,2.1885473728179932
6.8999999999999417,125.0999999999993122,1.8280352354049683
6.8999999999999417,125.1999999999993065,1.7694832086563110
6.8999999999999417,125.2999999999993008,1.7101920843124390
6.8999999999999417,125.3999999999992951,2.4673416614532471
6.8999999999999417,126.0999999999992554,8.5804357528686523
6.8999999999999417,126.2999999999992440,10.1654090881347656
6.7999999999999421,124.0999999999993690,4.2158217430114746
6.7999999999999421,124.1999999999993634,2.9457004070281982
6.7999999999999421,124.2999999999993577,2.1673653125762939
6.7999999999999421,124.3999999999993520,1.5143617391586304
6.7999999999999421,124.4999999999993463,1.8248814344406128
6.7999999999999421,124.5999999999993406,2.7420740127563477
6.7999999999999421,124.6999999999993349,3.0012607574462891
6.7999999999999421,124.7999999999993292,3.2045762538909912
6.7999999999999421,124.8999999999993236,3.0386371612548828
6.7999999999999421,124.9999999999993179,2.1076917648315430
6.7999999999999421,125.0999999999993122,1.6697235107421875
6.7999999999999421,125.1999999999993065,1.7661304473876953
6.7999999999999421,125.2999999999993008,1.5988334417343140
6.7999999999999421,125.3999999999992951,2.0642373561859131
6.7999999999999421,126.0999999999992554,10.3484449386596680
6.7999999999999421,126.1999999999992497,11.0269002914428711
6.6999999999999424,121.9999999999994884,6.6835722923278809
6.6999999999999424,122.0999999999994827,6.4898080825805664
6.6999999999999424,124.0999999999993690,4.8979921340942383
6.6999999999999424,124.1999999999993634,3.5273056030273438
6.6999999999999424,124.2999999999993577,2.2420763969421387
6.6999999999999424,124.3999999999993520,1.3528136014938354
6.6999999999999424,124.4999999999993463,1.2022565603256226
6.6999999999999424,124.5999999999993406,2.0065810680389404
6.6999999999999424,124.6999999999993349,2.3758311271667480
6.6999999999999424,124.7999999999993292,2.7915058135986328
6.6999999999999424,124.8999999999993236,2.8255202770233154
6.6999999999999424,124.9999999999993179,1.7908948659896851
6.6999999999999424,125.0999999999993122,1.4544324874877930
6.6999999999999424,125.1999999999993065,1.7543014287948608
6.6999999999999424,125.2999999999993008,1.7445812225341797
6.6999999999999424,126.0999999999992554,12.2448968887329102
6.6999999999999424,126.1999999999992497,13.0223150253295898
6.5999999999999428,121.8999999999994941,7.0865454673767090
6.5999999999999428,121.9999999999994884,6.5053153038024902
6.5999999999999428,122.0999999999994827,6.2145261764526367
6.5999999999999428,122.1999999999994770,6.4300522804260254
6.5999999999999428,124.0999999999993690,5.3513140678405762
6.5999999999999428,124.1999999999993634,3.9513428211212158
6.5999999999999428,124.2999999999993577,2.5746028423309326
6.5999999999999428,124.3999999999993520,1.4356085062026978
6.5999999999999428,124.4999999999993463,0.9852053523063660
6.5999999999999428,124.5999999999993406,1.1669811010360718
6.5999999999999428,124.6999999999993349,1.6780971288681030
6.5999999999999428,124.7999999999993292,2.3193576335906982
6.5999999999999428,124.8999999999993236,2.4464092254638672
6.5999999999999428,124.9999999999993179,1.8447283506393433
6.5999999999999428,125.0999999999993122,1.5327714681625366
6.5999999999999428,125.1999999999993065,1.6734756231307983
6.5999999999999428,125.2999999999993008,1.7696903944015503
6.5999999999999428,126.0999999999992554,14.6452178955078125
6.5999999999999428,126.1999999999992497,14.6914844512939453
6.4999999999999432,121.9999999999994884,6.8056488037109375
6.4999999999999432,122.0999999999994827,6.6462907791137695
6.4999999999999432,122.1999999999994770,6.8213500976562500
6.4999999999999432,124.0999999999993690,5.1360330581665039
6.4999999999999432,124.1999999999993634,3.9677650928497314
6.4999999999999432,124.2999999999993577,2.8362009525299072
6.4999999999999432,124.3999999999993520,1.7859172821044922
6.4999999999999432,124.4999999999993463,1.1312345266342163
6.4999999999999432,124.5999999999993406,1.4071516990661621
6.4999999999999432,124.6999999999993349,1.5187983512878418
6.4999999999999432,124.7999999999993292,1.9690688848495483
6.4999999999999432,124.8999999999993236,2.4272875785827637
6.4999999999999432,124.9999999999993179,2.0401418209075928
6.4999999999999432,125.0999999999993122,1.6536579132080078
6.4999999999999432,125.1999999999993065,1.4101445674896240
6.4999999999999432,125.2999999999993008,1.6817333698272705
6.4999999999999432,125.3999999999992951,2.1262881755828857
6.4999999999999432,125.4999999999992895,3.1555037498474121
6.4999999999999432,125.5999999999992838,4.2719688415527344
6.4999999999999432,126.1999999999992497,14.9593372344970703
6.3999999999999435,121.9999999999994884,7.1192584037780762
6.3999999999999435,124.0999999999993690,5.0093121528625488
6.3999999999999435,124.1999999999993634,4.2133569717407227
6.3999999999999435,124.2999999999993577,3.2951610088348389
6.3999999999999435,124.3999999999993520,2.4893212318420410
6.3999999999999435,124.4999999999993463,1.7390871047973633
6.3999999999999435,124.5999999999993406,1.6269788742065430
6.3999999999999435,124.6999999999993349,1.7698900699615479
6.3999999999999435,124.7999999999993292,2.2160449028015137
6.3999999999999435,124.8999999999993236,2.6247658729553223
6.3999999999999435,124.9999999999993179,2.2043459415435791
6.3999999999999435,125.0999999999993122,1.7203953266143799
6.3999999999999435,125.1999999999993065,1.8324917554855347
6.3999999999999435,125.2999999999993008,1.8971699476242065
6.3999999999999435,125.3999999999992951,2.4366347789764404
6.3999999999999435,125.4999999999992895,3.7538425922393799
6.2999999999999439,120.5999999999995680,8.7398281097412109
6.2999999999999439,124.1999999999993634,4.5606679916381836
6.2999999999999439,124.2999999999993577,3.8127846717834473
6.2999999999999439,124.3999999999993520,3.1201715469360352
6.2999999999999439,124.4999999999993463,2.4544637203216553
6.2999999999999439,124.5999999999993406,2.1098845005035400
6.2999999999999439,124.6999999999993349,1.7619310617446899
6.2999999999999439,124.7999999999993292,2.2394490242004395
6.2999999999999439,124.8999999999993236,2.6169605255126953
6.2999999999999439,124.9999999999993179,2.1095378398895264
6.2999999999999439,125.0999999999993122,1.9998177289962769
6.2999999999999439,125.1999999999993065,2.3011786937713623
6.2999999999999439,125.2999999999993008,2.4350869655609131
6.2999999999999439,125.3999999999992951,3.0592665672302246
6.2999999999999439,125.4999999999992895,4.7092528343200684
6.2999999999999439,125.5999999999992838,7.2432665824890137
6.1999999999999442,124.2999999999993577,4.1132268905639648
6.1999999999999442,124.3999999999993520,3.5603096485137939
6.1999999999999442,124.4999999999993463,2.9042189121246338
6.1999999999999442,124.5999999999993406,2.3870363235473633
6.1999999999999442,124.6999999999993349,1.9743412733078003
6.1999999999999442,124.7999999999993292,1.7355018854141235
6.1999999999999442,124.8999999999993236,1.8980028629302979
6.1999999999999442,124.9999999999993179,2.0411472320556641
6.1999999999999442,125.0999999999993122,2.6102914810180664
6.1999999999999442,125.1999999999993065,2.8654549121856689
6.1999999999999442,125.2999999999993008,3.0165145397186279
6.1999999999999442,125.3999999999992951,3.4211964607238770
6.1999999999999442,125.4999999999992895,5.1294465065002441
6.1999999999999442,125.5999999999992838,7.7921104431152344
6.1999999999999442,125.6999999999992781,9.5302543640136719
6.0999999999999446,120.9999999999995453,8.3775472640991211
6.0999999999999446,121.0999999999995396,8.4119567871093750
6.0999999999999446,124.4999999999993463,3.3976635932922363
6.0999999999999446,124.5999999999993406,2.9216454029083252
6.0999999999999446,124.6999999999993349,2.5911710262298584
6.0999999999999446,124.7999999999993292,2.3966910839080811
6.0999999999999446,124.8999999999993236,2.4064748287200928
6.0999999999999446,124.9999999999993179,2.7130753993988037
6.0999999999999446,125.0999999999993122,3.2467420101165771
6.0999999999999446,125.2999999999993008,3.6241281032562256
6.0999999999999446,125.3999999999992951,3.7962558269500732
6.0999999999999446,125.4999999999992895,5.5192265510559082
6.0999999999999446,125.5999999999992838,8.3275203704833984
6.0999999999999446,125.6999999999992781,10.8343973159790039
5.9999999999999449,120.8999999999995509,8.1696281433105469
5.9999999999999449,120.9999999999995453,8.2182788848876953
5.9999999999999449,121.0999999999995396,8.2871990203857422
5.9999999999999449,121.3999999999995225,8.2242307662963867
5.9999999999999449,124.5999999999993406,3.0240406990051270
5.9999999999999449,124.6999999999993349,2.8753359317779541
5.9999999999999449,124.7999999999993292,2.9944221973419189
5.9999999999999449,124.8999999999993236,3.3418557643890381
5.9999999999999449,124.9999999999993179,3.7732129096984863
5.9999999999999449,125.0999999999993122,4.3551592826843262
5.9999999999999449,125.3999999999992951,4.1514372825622559
5.9999999999999449,125.4999999999992895,5.8541216850280762
5.9999999999999449,125.5999999999992838,8.6573009490966797
5.8999999999999453,120.8999999999995509,8.0030784606933594
5.8999999999999453,124.7999999999993292,3.9847106933593750
5.8999999999999453,124.8999999999993236,5.3406844139099121
5.8999999999999453,124.9999999999993179,5.5096554756164551
5.8999999999999453,125.0999999999993122,5.6226496696472168
5.8999999999999453,125.1999999999993065,6.0840029716491699
5.8999999999999453,125.2999999999993008,5.3026528358459473
5.8999999999999453,125.3999999999992951,4.8421168327331543
5.8999999999999453,125.4999999999992895,6.1819338798522949
5.8999999999999453,125.5999999999992838,8.7821073532104492
5.7999999999999456,125.2999999999993008,6.3840236663818359
5.7999999999999456,125.3999999999992951,5.5299043655395508
5.7999999999999456,125.4999999999992895,6.4236412048339844
5.6999999999999460,125.2999999999993008,7.0002360343933105
5.6999999999999460,125.3999999999992951,6.6263656616210938
5.5999999999999464,125.2999999999993008,8.1619386672973633
5.5999999999999464,125.3999999999992951,7.8572173118591309
5.3999999999999471,118.8999999999996646,3.1895129680633545
5.3999999999999471,118.9999999999996589,3.8143029212951660
5.3999999999999471,119.0999999999996533,5.1636366844177246
5.3999999999999471,119.1999999999996476,6.2558765411376953
5.2999999999999474,118.8999999999996646,3.0400674343109131
5.2999999999999474,118.9999999999996589,3.6810386180877686
5.2999999999999474,119.0999999999996533,4.8017134666442871
5.2999999999999474,119.1999999999996476,5.8941369056701660
5.2999999999999474,120.1999999999995907,7.2606997489929199
5.1999999999999478,118.8999999999996646,3.2244408130645752
5.1999999999999478,118.9999999999996589,3.7550880908966064
5.1999999999999478,119.0999999999996533,4.7672305107116699
5.1999999999999478,119.1999999999996476,5.8809256553649902
5.1999999999999478,120.1999999999995907,7.2633781433105469
5.0999999999999481,118.8999999999996646,4.0629000663757324
5.0999999999999481,118.9999999999996589,4.4635777473449707
5.0999999999999481,119.7999999999996135,7.2777938842773438
5.0999999999999481,119.8999999999996078,7.1463265419006348
