latitude,longitude,max_wind_gust
19.3999999999999559,121.3999999999995225,35.1633186340332031
19.3999999999999559,121.4999999999995168,35.2544746398925781
18.8999999999999488,121.8999999999994941,32.5401191711425781
18.5999999999999446,120.7999999999995566,25.4466667175292969
18.5999999999999446,120.8999999999995509,24.1797771453857422
18.5999999999999446,121.0999999999995396,23.6558876037597656
18.5999999999999446,121.1999999999995339,23.9914646148681641
18.4999999999999432,120.6999999999995623,26.1597881317138672
18.4999999999999432,120.7999999999995566,21.2099971771240234
18.4999999999999432,120.8999999999995509,17.8603744506835938
18.4999999999999432,120.9999999999995453,17.1725578308105469
18.4999999999999432,121.0999999999995396,17.9120426177978516
18.4999999999999432,121.1999999999995339,18.6687850952148438
18.4999999999999432,121.2999999999995282,19.2053737640380859
18.4999999999999432,122.1999999999994770,28.8107757568359375
18.3999999999999417,120.5999999999995680,26.1496429443359375
18.3999999999999417,120.6999999999995623,22.6604633331298828
18.3999999999999417,120.7999999999995566,17.5099620819091797
18.3999999999999417,120.8999999999995509,12.5236539840698242
18.3999999999999417,120.9999999999995453,11.6775875091552734
18.3999999999999417,121.0999999999995396,12.7082319259643555
18.3999999999999417,121.1999999999995339,13.7632322311401367
18.3999999999999417,121.2999999999995282,15.0284500122070312
18.3999999999999417,121.3999999999995225,17.4555435180664062
18.3999999999999417,121.4999999999995168,20.4577598571777344
18.3999999999999417,121.5999999999995111,21.0022277832031250
18.3999999999999417,122.0999999999994827,24.3228816986083984
18.3999999999999417,122.1999999999994770,27.0312690734863281
18.3999999999999417,122.2999999999994714,29.0880641937255859
18.2999999999999403,120.6999999999995623,20.6140193939208984
18.2999999999999403,120.7999999999995566,15.9104185104370117
18.2999999999999403,120.8999999999995509,11.8021583557128906
18.2999999999999403,120.9999999999995453,10.6200361251831055
18.2999999999999403,121.0999999999995396,9.9215364456176758
18.2999999999999403,121.1999999999995339,10.8644275665283203
18.2999999999999403,121.2999999999995282,12.3600101470947266
18.2999999999999403,121.3999999999995225,15.4420080184936523
18.2999999999999403,121.4999999999995168,17.9698581695556641
18.2999999999999403,121.5999999999995111,18.6010570526123047
18.2999999999999403,121.6999999999995055,18.6853942871093750
18.2999999999999403,122.0999999999994827,20.2351455688476562
18.2999999999999403,122.1999999999994770,23.8754386901855469
18.2999999999999403,122.2999999999994714,26.2481975555419922
18.1999999999999389,120.4999999999995737,27.0994663238525391
18.1999999999999389,120.5999999999995680,23.5796566009521484
18.1999999999999389,120.6999999999995623,19.1238555908203125
18.1999999999999389,120.7999999999995566,15.1581344604492188
18.1999999999999389,120.8999999999995509,12.9033613204956055
18.1999999999999389,120.9999999999995453,11.2290315628051758
18.1999999999999389,121.0999999999995396,10.1874723434448242
18.1999999999999389,121.1999999999995339,9.7283916473388672
18.1999999999999389,121.2999999999995282,11.2242498397827148
18.1999999999999389,121.3999999999995225,13.6479206085205078
18.1999999999999389,121.4999999999995168,15.8949909210205078
18.1999999999999389,121.5999999999995111,15.6724386215209961
18.1999999999999389,121.6999999999995055,15.2212209701538086
18.1999999999999389,121.7999999999994998,14.6948041915893555
18.1999999999999389,121.8999999999994941,14.2539615631103516
18.1999999999999389,121.9999999999994884,14.0055227279663086
18.1999999999999389,122.0999999999994827,15.8535680770874023
18.1999999999999389,122.1999999999994770,20.4344196319580078
18.0999999999999375,120.4999999999995737,28.5498409271240234
18.0999999999999375,120.5999999999995680,23.9043693542480469
18.0999999999999375,120.6999999999995623,19.9591140747070312
18.0999999999999375,120.7999999999995566,16.6639976501464844
18.0999999999999375,120.8999999999995509,13.6671648025512695
18.0999999999999375,120.9999999999995453,11.8004693984985352
18.0999999999999375,121.0999999999995396,10.6388940811157227
18.0999999999999375,121.1999999999995339,9.7770071029663086
18.0999999999999375,121.2999999999995282,10.5528707504272461
18.0999999999999375,121.3999999999995225,12.1587018966674805
18.0999999999999375,121.4999999999995168,13.5357437133789062
18.0999999999999375,121.5999999999995111,13.3973541259765625
18.0999999999999375,121.6999999999995055,12.7429780960083008
18.0999999999999375,121.7999999999994998,12.2039012908935547
18.0999999999999375,121.8999999999994941,11.2261095046997070
18.0999999999999375,121.9999999999994884,10.5147781372070312
18.0999999999999375,122.0999999999994827,12.0765676498413086
18.0999999999999375,122.1999999999994770,15.5274019241333008
17.9999999999999361,120.5999999999995680,23.0860671997070312
17.9999999999999361,120.6999999999995623,19.1900882720947266
17.9999999999999361,120.7999999999995566,16.2451515197753906
17.9999999999999361,120.8999999999995509,13.9009704589843750
17.9999999999999361,120.9999999999995453,12.2153167724609375
17.9999999999999361,121.0999999999995396,10.9851007461547852
17.9999999999999361,121.1999999999995339,9.9748287200927734
17.9999999999999361,121.2999999999995282,10.2492055892944336
17.9999999999999361,121.3999999999995225,11.6235275268554688
17.9999999999999361,121.4999999999995168,13.3358736038208008
17.9999999999999361,121.5999999999995111,13.0785465240478516
17.9999999999999361,121.6999999999995055,12.8221883773803711
17.9999999999999361,121.7999999999994998,12.3465595245361328
17.9999999999999361,121.8999999999994941,10.8136129379272461
17.9999999999999361,121.9999999999994884,9.4108457565307617
17.9999999999999361,122.0999999999994827,10.8287057876586914
17.8999999999999346,120.4999999999995737,27.8988780975341797
17.8999999999999346,120.5999999999995680,22.4823665618896484
17.8999999999999346,120.6999999999995623,18.4227657318115234
17.8999999999999346,120.7999999999995566,16.0073947906494141
17.8999999999999346,120.8999999999995509,14.1345310211181641
17.8999999999999346,120.9999999999995453,12.6503753662109375
17.8999999999999346,121.0999999999995396,11.5293951034545898
17.8999999999999346,121.1999999999995339,10.6653890609741211
17.8999999999999346,121.2999999999995282,10.1876258850097656
17.8999999999999346,121.3999999999995225,11.1294336318969727
17.8999999999999346,121.4999999999995168,12.5651826858520508
17.8999999999999346,121.5999999999995111,12.8389225006103516
17.8999999999999346,121.6999999999995055,12.9021348953247070
17.8999999999999346,121.7999999999994998,12.5324163436889648
17.8999999999999346,121.8999999999994941,10.5019788742065430
17.8999999999999346,121.9999999999994884,8.5387172698974609
17.8999999999999346,122.0999999999994827,9.1447534561157227
17.7999999999999332,120.4999999999995737,27.5638942718505859
17.7999999999999332,120.5999999999995680,21.9477748870849609
17.7999999999999332,120.6999999999995623,18.0971527099609375
17.7999999999999332,120.7999999999995566,15.9030523300170898
17.7999999999999332,120.8999999999995509,14.2329025268554688
17.7999999999999332,120.9999999999995453,12.6925182342529297
17.7999999999999332,121.0999999999995396,11.4722347259521484
17.7999999999999332,121.1999999999995339,10.2863006591796875
17.7999999999999332,121.2999999999995282,9.5763540267944336
17.7999999999999332,121.3999999999995225,10.4771566390991211
17.7999999999999332,121.4999999999995168,12.3411884307861328
17.7999999999999332,121.5999999999995111,12.8002653121948242
17.7999999999999332,121.6999999999995055,13.2409076690673828
17.7999999999999332,121.7999999999994998,13.0037536621093750
17.7999999999999332,121.8999999999994941,10.5505743026733398
17.7999999999999332,121.9999999999994884,8.1766767501831055
17.7999999999999332,122.0999999999994827,8.9209394454956055
17.6999999999999318,120.3999999999995794,31.5528354644775391
17.6999999999999318,120.4999999999995737,26.8826427459716797
17.6999999999999318,120.5999999999995680,21.7018623352050781
17.6999999999999318,120.6999999999995623,17.8920993804931641
17.6999999999999318,120.7999999999995566,15.7970380783081055
17.6999999999999318,120.8999999999995509,14.2221670150756836
17.6999999999999318,120.9999999999995453,12.3075923919677734
17.6999999999999318,121.0999999999995396,10.4706249237060547
17.6999999999999318,121.1999999999995339,8.6644315719604492
17.6999999999999318,121.2999999999995282,7.9421653747558594
17.6999999999999318,121.3999999999995225,9.6530714035034180
17.6999999999999318,121.4999999999995168,11.8951663970947266
17.6999999999999318,121.5999999999995111,13.0779905319213867
17.6999999999999318,121.6999999999995055,13.9698867797851562
17.6999999999999318,121.7999999999994998,14.0424985885620117
17.6999999999999318,121.8999999999994941,11.2019643783569336
17.6999999999999318,121.9999999999994884,8.5903377532958984
17.6999999999999318,122.0999999999994827,8.6565237045288086
17.5999999999999304,120.3999999999995794,31.1830902099609375
17.5999999999999304,120.4999999999995737,26.2246608734130859
17.5999999999999304,120.5999999999995680,21.3479518890380859
17.5999999999999304,120.6999999999995623,17.8595943450927734
17.5999999999999304,120.7999999999995566,15.6419172286987305
17.5999999999999304,120.8999999999995509,14.1098890304565430
17.5999999999999304,120.9999999999995453,11.9488563537597656
17.5999999999999304,121.0999999999995396,9.5211391448974609
17.5999999999999304,121.1999999999995339,7.2201628684997559
17.5999999999999304,121.2999999999995282,6.6248140335083008
17.5999999999999304,121.3999999999995225,8.8469572067260742
17.5999999999999304,121.4999999999995168,11.7615613937377930
17.5999999999999304,121.5999999999995111,13.2847461700439453
17.5999999999999304,121.6999999999995055,14.6785421371459961
17.5999999999999304,121.7999999999994998,14.8568315505981445
17.5999999999999304,121.8999999999994941,11.8982419967651367
17.5999999999999304,121.9999999999994884,8.9737567901611328
17.5999999999999304,122.0999999999994827,8.9807653427124023
17.4999999999999289,120.4999999999995737,25.1447048187255859
17.4999999999999289,120.5999999999995680,20.3076591491699219
17.4999999999999289,120.6999999999995623,16.6046867370605469
17.4999999999999289,120.7999999999995566,14.3520383834838867
17.4999999999999289,120.8999999999995509,12.4679565429687500
17.4999999999999289,120.9999999999995453,10.5229835510253906
17.4999999999999289,121.0999999999995396,8.3219213485717773
17.4999999999999289,121.1999999999995339,6.1204066276550293
17.4999999999999289,121.2999999999995282,5.8547353744506836
17.4999999999999289,121.3999999999995225,8.3937788009643555
17.4999999999999289,121.4999999999995168,11.3819341659545898
17.4999999999999289,121.5999999999995111,13.2823410034179688
17.4999999999999289,121.6999999999995055,14.9218616485595703
17.4999999999999289,121.7999999999994998,15.3935594558715820
17.4999999999999289,121.8999999999994941,12.1736364364624023
17.4999999999999289,121.9999999999994884,9.0112638473510742
17.4999999999999289,122.0999999999994827,8.5091676712036133
17.3999999999999275,120.4999999999995737,23.7915611267089844
17.3999999999999275,120.5999999999995680,18.7125549316406250
17.3999999999999275,120.6999999999995623,14.9332990646362305
17.3999999999999275,120.7999999999995566,12.3160963058471680
17.3999999999999275,120.8999999999995509,9.8869037628173828
17.3999999999999275,120.9999999999995453,8.2848892211914062
17.3999999999999275,121.0999999999995396,6.9150543212890625
17.3999999999999275,121.1999999999995339,5.5991053581237793
17.3999999999999275,121.2999999999995282,5.4678225517272949
17.3999999999999275,121.3999999999995225,8.1627092361450195
17.3999999999999275,121.4999999999995168,11.3717851638793945
17.3999999999999275,121.5999999999995111,13.1267518997192383
17.3999999999999275,121.6999999999995055,14.8197193145751953
17.3999999999999275,121.7999999999994998,15.0477190017700195
17.3999999999999275,121.8999999999994941,12.1108732223510742
17.3999999999999275,121.9999999999994884,9.0161428451538086
17.3999999999999275,122.0999999999994827,8.2635622024536133
17.3999999999999275,122.1999999999994770,9.9044694900512695
17.2999999999999261,120.4999999999995737,21.9574260711669922
17.2999999999999261,120.5999999999995680,17.0858478546142578
17.2999999999999261,120.6999999999995623,12.9489612579345703
17.2999999999999261,120.7999999999995566,10.2940416336059570
17.2999999999999261,120.8999999999995509,7.9110069274902344
17.2999999999999261,120.9999999999995453,6.4705767631530762
17.2999999999999261,121.0999999999995396,5.6680026054382324
17.2999999999999261,121.1999999999995339,5.0131673812866211
17.2999999999999261,121.2999999999995282,5.2142443656921387
17.2999999999999261,121.3999999999995225,7.9413361549377441
17.2999999999999261,121.4999999999995168,10.9603986740112305
17.2999999999999261,121.5999999999995111,12.9449300765991211
17.2999999999999261,121.6999999999995055,14.6897268295288086
17.2999999999999261,121.7999999999994998,15.2264347076416016
17.2999999999999261,121.8999999999994941,12.2068357467651367
17.2999999999999261,121.9999999999994884,9.2261295318603516
17.2999999999999261,122.0999999999994827,7.8576188087463379
17.2999999999999261,122.1999999999994770,8.9477968215942383
17.2999999999999261,122.2999999999994714,10.2196369171142578
17.1999999999999247,120.4999999999995737,20.3045406341552734
17.1999999999999247,120.5999999999995680,14.7757263183593750
17.1999999999999247,120.6999999999995623,10.7851247787475586
17.1999999999999247,120.7999999999995566,8.5914754867553711
17.1999999999999247,120.8999999999995509,6.9542808532714844
17.1999999999999247,120.9999999999995453,6.0793442726135254
17.1999999999999247,121.0999999999995396,5.5337619781494141
17.1999999999999247,121.1999999999995339,5.1065030097961426
17.1999999999999247,121.2999999999995282,5.5203394889831543
17.1999999999999247,121.3999999999995225,7.8208575248718262
17.1999999999999247,121.4999999999995168,10.6640987396240234
17.1999999999999247,121.5999999999995111,12.5439481735229492
17.1999999999999247,121.6999999999995055,14.3816699981689453
17.1999999999999247,121.7999999999994998,14.8834276199340820
17.1999999999999247,121.8999999999994941,12.3556842803955078
17.1999999999999247,121.9999999999994884,9.5247411727905273
17.1999999999999247,122.0999999999994827,8.3754577636718750
17.1999999999999247,122.1999999999994770,8.9804878234863281
17.1999999999999247,122.2999999999994714,9.9642848968505859
17.1999999999999247,122.3999999999994657,11.7076101303100586
17.0999999999999233,120.4999999999995737,17.3506908416748047
17.0999999999999233,120.5999999999995680,12.2314519882202148
17.0999999999999233,120.6999999999995623,8.2391424179077148
17.0999999999999233,120.7999999999995566,7.1471800804138184
17.0999999999999233,120.8999999999995509,6.3674297332763672
17.0999999999999233,120.9999999999995453,6.0117015838623047
17.0999999999999233,121.0999999999995396,5.9402995109558105
17.0999999999999233,121.1999999999995339,6.0687103271484375
17.0999999999999233,121.2999999999995282,6.1856746673583984
17.0999999999999233,121.3999999999995225,7.7825541496276855
17.0999999999999233,121.4999999999995168,10.0390233993530273
17.0999999999999233,121.5999999999995111,12.0844860076904297
17.0999999999999233,121.6999999999995055,14.0262212753295898
17.0999999999999233,121.7999999999994998,15.0094223022460938
17.0999999999999233,121.8999999999994941,12.4916830062866211
17.0999999999999233,121.9999999999994884,10.3377532958984375
17.0999999999999233,122.0999999999994827,9.6830396652221680
17.0999999999999233,122.1999999999994770,9.8112802505493164
17.0999999999999233,122.2999999999994714,9.9506864547729492
17.0999999999999233,122.3999999999994657,13.4874334335327148
17.0999999999999233,122.4999999999994600,20.1782760620117188
16.9999999999999218,120.4999999999995737,16.2553997039794922
16.9999999999999218,120.5999999999995680,10.5610847473144531
16.9999999999999218,120.6999999999995623,7.0849733352661133
16.9999999999999218,120.7999999999995566,6.0665993690490723
16.9999999999999218,120.8999999999995509,5.8421034812927246
16.9999999999999218,120.9999999999995453,5.9551272392272949
16.9999999999999218,121.0999999999995396,6.2476849555969238
16.9999999999999218,121.1999999999995339,6.7087168693542480
16.9999999999999218,121.2999999999995282,6.8298196792602539
16.9999999999999218,121.3999999999995225,7.7924547195434570
16.9999999999999218,121.4999999999995168,9.6385498046875000
16.9999999999999218,121.5999999999995111,11.6244134902954102
16.9999999999999218,121.6999999999995055,13.7269716262817383
16.9999999999999218,121.7999999999994998,14.6704206466674805
16.9999999999999218,121.8999999999994941,12.7922449111938477
16.9999999999999218,121.9999999999994884,11.4804487228393555
16.9999999999999218,122.0999999999994827,10.8972234725952148
16.9999999999999218,122.1999999999994770,10.5954704284667969
16.9999999999999218,122.2999999999994714,10.4843206405639648
16.9999999999999218,122.3999999999994657,13.6706762313842773
16.8999999999999204,120.3999999999995794,17.7288494110107422
16.8999999999999204,120.4999999999995737,14.3449554443359375
16.8999999999999204,120.5999999999995680,9.5715990066528320
16.8999999999999204,120.6999999999995623,6.9576249122619629
16.8999999999999204,120.7999999999995566,6.0663332939147949
16.8999999999999204,120.8999999999995509,5.9535746574401855
16.8999999999999204,120.9999999999995453,5.9963698387145996
16.8999999999999204,121.0999999999995396,6.0844969749450684
16.8999999999999204,121.1999999999995339,6.5005655288696289
16.8999999999999204,121.2999999999995282,6.7966208457946777
16.8999999999999204,121.3999999999995225,7.7901086807250977
16.8999999999999204,121.4999999999995168,9.3908224105834961
16.8999999999999204,121.5999999999995111,11.1524229049682617
16.8999999999999204,121.6999999999995055,13.0626296997070312
16.8999999999999204,121.7999999999994998,14.0811967849731445
16.8999999999999204,121.8999999999994941,12.3918371200561523
16.8999999999999204,121.9999999999994884,11.0573797225952148
16.8999999999999204,122.0999999999994827,10.3940048217773438
16.8999999999999204,122.1999999999994770,10.4927625656127930
16.8999999999999204,122.2999999999994714,10.6021223068237305
16.8999999999999204,122.3999999999994657,14.2378377914428711
16.7999999999999190,120.3999999999995794,16.1118068695068359
16.7999999999999190,120.4999999999995737,12.4810924530029297
16.7999999999999190,120.5999999999995680,8.8670148849487305
16.7999999999999190,120.6999999999995623,6.8632507324218750
16.7999999999999190,120.7999999999995566,6.2253608703613281
16.7999999999999190,120.8999999999995509,6.2369856834411621
16.7999999999999190,120.9999999999995453,6.0707402229309082
16.7999999999999190,121.0999999999995396,5.8210768699645996
16.7999999999999190,121.1999999999995339,5.9652571678161621
16.7999999999999190,121.2999999999995282,6.6137042045593262
16.7999999999999190,121.3999999999995225,7.7975249290466309
16.7999999999999190,121.4999999999995168,9.4833250045776367
16.7999999999999190,121.5999999999995111,11.1393775939941406
16.7999999999999190,121.6999999999995055,12.7835559844970703
16.7999999999999190,121.7999999999994998,13.6304950714111328
16.7999999999999190,121.8999999999994941,11.8436431884765625
16.7999999999999190,121.9999999999994884,10.2518091201782227
16.7999999999999190,122.0999999999994827,9.5566673278808594
16.7999999999999190,122.1999999999994770,10.1905488967895508
16.7999999999999190,122.2999999999994714,11.0067605972290039
16.7999999999999190,122.3999999999994657,13.0564956665039062
16.6999999999999176,120.3999999999995794,13.7197790145874023
16.6999999999999176,120.4999999999995737,10.8577604293823242
16.6999999999999176,120.5999999999995680,8.0541601181030273
16.6999999999999176,120.6999999999995623,6.6786484718322754
16.6999999999999176,120.7999999999995566,6.3960795402526855
16.6999999999999176,120.8999999999995509,6.8048477172851562
16.6999999999999176,120.9999999999995453,6.4836807250976562
16.6999999999999176,121.0999999999995396,5.8982167243957520
16.6999999999999176,121.1999999999995339,5.8324570655822754
16.6999999999999176,121.2999999999995282,6.6407837867736816
16.6999999999999176,121.3999999999995225,7.9734115600585938
16.6999999999999176,121.4999999999995168,9.5316696166992188
16.6999999999999176,121.5999999999995111,10.8932590484619141
16.6999999999999176,121.6999999999995055,12.1876611709594727
16.6999999999999176,121.7999999999994998,12.8639116287231445
16.6999999999999176,121.8999999999994941,11.2895460128784180
16.6999999999999176,121.9999999999994884,9.6172304153442383
16.6999999999999176,122.0999999999994827,9.1170759201049805
16.6999999999999176,122.1999999999994770,10.5764436721801758
16.6999999999999176,122.2999999999994714,12.0505552291870117
16.5999999999999162,120.2999999999995850,15.8406209945678711
16.5999999999999162,120.3999999999995794,13.5292615890502930
16.5999999999999162,120.4999999999995737,10.5904407501220703
16.5999999999999162,120.5999999999995680,7.6711587905883789
16.5999999999999162,120.6999999999995623,6.2636036872863770
16.5999999999999162,120.7999999999995566,6.4344048500061035
16.5999999999999162,120.8999999999995509,7.1271986961364746
16.5999999999999162,120.9999999999995453,7.0427317619323730
16.5999999999999162,121.0999999999995396,6.6738662719726562
16.5999999999999162,121.1999999999995339,6.6469092369079590
16.5999999999999162,121.2999999999995282,7.1398630142211914
16.5999999999999162,121.3999999999995225,8.2558355331420898
16.5999999999999162,121.4999999999995168,9.3584346771240234
16.5999999999999162,121.5999999999995111,9.9492692947387695
16.5999999999999162,121.6999999999995055,10.4500150680541992
16.5999999999999162,121.7999999999994998,10.8239974975585938
16.5999999999999162,121.8999999999994941,10.0724935531616211
16.5999999999999162,121.9999999999994884,9.4102210998535156
16.5999999999999162,122.0999999999994827,10.1203746795654297
16.5999999999999162,122.1999999999994770,12.8456621170043945
16.5999999999999162,122.2999999999994714,14.7100591659545898
16.4999999999999147,120.2999999999995850,15.9485950469970703
16.4999999999999147,120.3999999999995794,14.1012678146362305
16.4999999999999147,120.4999999999995737,10.9533252716064453
16.4999999999999147,120.5999999999995680,7.8160209655761719
16.4999999999999147,120.6999999999995623,6.0969991683959961
16.4999999999999147,120.7999999999995566,6.7282266616821289
16.4999999999999147,120.8999999999995509,7.3837037086486816
16.4999999999999147,120.9999999999995453,7.6135630607604980
16.4999999999999147,121.0999999999995396,7.4532938003540039
16.4999999999999147,121.1999999999995339,7.4841094017028809
16.4999999999999147,121.2999999999995282,7.9838676452636719
16.4999999999999147,121.3999999999995225,8.5853271484375000
16.4999999999999147,121.4999999999995168,9.0569562911987305
16.4999999999999147,121.5999999999995111,9.0725030899047852
16.4999999999999147,121.6999999999995055,8.9326419830322266
16.4999999999999147,121.7999999999994998,8.9425439834594727
16.4999999999999147,121.8999999999994941,9.3010444641113281
16.4999999999999147,121.9999999999994884,9.7303905487060547
16.4999999999999147,122.0999999999994827,11.6490087509155273
16.4999999999999147,122.1999999999994770,15.3887729644775391
16.3999999999999133,120.3999999999995794,15.3342103958129883
16.3999999999999133,120.4999999999995737,11.9669027328491211
16.3999999999999133,120.5999999999995680,8.6249380111694336
16.3999999999999133,120.6999999999995623,6.5970625877380371
16.3999999999999133,120.7999999999995566,7.0916342735290527
16.3999999999999133,120.8999999999995509,7.6927080154418945
16.3999999999999133,120.9999999999995453,7.9496088027954102
16.3999999999999133,121.0999999999995396,8.1393289566040039
16.3999999999999133,121.1999999999995339,8.3975267410278320
16.3999999999999133,121.2999999999995282,8.4755592346191406
16.3999999999999133,121.3999999999995225,8.7971792221069336
16.3999999999999133,121.4999999999995168,9.1338672637939453
16.3999999999999133,121.5999999999995111,8.7788496017456055
16.3999999999999133,121.6999999999995055,8.3618612289428711
16.3999999999999133,121.7999999999994998,8.3991384506225586
16.3999999999999133,121.8999999999994941,9.6835689544677734
16.3999999999999133,121.9999999999994884,11.3192396163940430
16.3999999999999133,122.0999999999994827,14.1590013504028320
16.3999999999999133,122.1999999999994770,17.8633079528808594
16.2999999999999119,119.7999999999996135,19.5920238494873047
16.2999999999999119,120.3999999999995794,17.1831550598144531
16.2999999999999119,120.4999999999995737,13.9034271240234375
16.2999999999999119,120.5999999999995680,10.4029150009155273
16.2999999999999119,120.6999999999995623,8.0569915771484375
16.2999999999999119,120.7999999999995566,7.6130003929138184
16.2999999999999119,120.8999999999995509,7.4152526855468750
16.2999999999999119,120.9999999999995453,7.7595491409301758
16.2999999999999119,121.0999999999995396,8.2119016647338867
16.2999999999999119,121.1999999999995339,8.7883014678955078
16.2999999999999119,121.2999999999995282,8.5562467575073242
16.2999999999999119,121.3999999999995225,8.2096738815307617
16.2999999999999119,121.4999999999995168,8.3663415908813477
16.2999999999999119,121.5999999999995111,8.4605407714843750
16.2999999999999119,121.6999999999995055,8.5013036727905273
16.2999999999999119,121.7999999999994998,9.0421791076660156
16.2999999999999119,121.8999999999994941,11.5044317245483398
16.2999999999999119,121.9999999999994884,14.1446552276611328
16.2999999999999119,122.0999999999994827,17.2440700531005859
16.1999999999999105,119.7999999999996135,18.6942520141601562
16.1999999999999105,119.8999999999996078,18.5588340759277344
16.1999999999999105,119.9999999999996021,19.1845569610595703
16.1999999999999105,120.4999999999995737,15.8301572799682617
16.1999999999999105,120.5999999999995680,12.1491994857788086
16.1999999999999105,120.6999999999995623,9.5157079696655273
16.1999999999999105,120.7999999999995566,8.6020784378051758
16.1999999999999105,120.8999999999995509,7.8198466300964355
16.1999999999999105,120.9999999999995453,7.6915984153747559
16.1999999999999105,121.0999999999995396,8.2982721328735352
16.1999999999999105,121.1999999999995339,9.1570854187011719
16.1999999999999105,121.2999999999995282,8.7908430099487305
16.1999999999999105,121.3999999999995225,8.0902900695800781
16.1999999999999105,121.4999999999995168,7.7759156227111816
16.1999999999999105,121.5999999999995111,8.2067270278930664
16.1999999999999105,121.6999999999995055,8.7260551452636719
16.1999999999999105,121.7999999999994998,10.1098232269287109
16.1999999999999105,121.8999999999994941,13.3292417526245117
16.1999999999999105,121.9999999999994884,16.9615364074707031
16.0999999999999091,119.7999999999996135,18.7894611358642578
16.0999999999999091,119.8999999999996078,18.0773124694824219
16.0999999999999091,119.9999999999996021,18.1001224517822266
16.0999999999999091,120.4999999999995737,15.3268079757690430
16.0999999999999091,120.5999999999995680,12.0856161117553711
16.0999999999999091,120.6999999999995623,9.6734085083007812
16.0999999999999091,120.7999999999995566,8.7353715896606445
16.0999999999999091,120.8999999999995509,7.9807739257812500
16.0999999999999091,120.9999999999995453,7.7526240348815918
16.0999999999999091,121.0999999999995396,7.9104571342468262
16.0999999999999091,121.1999999999995339,8.9458932876586914
16.0999999999999091,121.2999999999995282,8.3183555603027344
16.0999999999999091,121.3999999999995225,7.8842139244079590
16.0999999999999091,121.4999999999995168,7.7408256530761719
16.0999999999999091,121.5999999999995111,8.6525983810424805
16.0999999999999091,121.6999999999995055,9.8267202377319336
15.9999999999999094,119.7999999999996135,19.9837245941162109
15.9999999999999094,119.8999999999996078,18.2735061645507812
15.9999999999999094,119.9999999999996021,16.4135913848876953
15.9999999999999094,120.0999999999995964,15.9114246368408203
15.9999999999999094,120.1999999999995907,14.7213459014892578
15.9999999999999094,120.2999999999995850,15.0489368438720703
15.9999999999999094,120.3999999999995794,15.0925798416137695
15.9999999999999094,120.4999999999995737,12.8982028961181641
15.9999999999999094,120.5999999999995680,10.7063779830932617
15.9999999999999094,120.6999999999995623,9.1259832382202148
15.9999999999999094,120.7999999999995566,8.4031791687011719
15.9999999999999094,120.8999999999995509,7.9123930931091309
15.9999999999999094,120.9999999999995453,7.8042817115783691
15.9999999999999094,121.0999999999995396,7.8652148246765137
15.9999999999999094,121.1999999999995339,7.9096407890319824
15.9999999999999094,121.2999999999995282,7.7854447364807129
15.9999999999999094,121.3999999999995225,7.6049523353576660
15.9999999999999094,121.4999999999995168,7.7242174148559570
15.9999999999999094,121.5999999999995111,9.2994642257690430
15.8999999999999098,119.9999999999996021,15.2063570022583008
15.8999999999999098,120.0999999999995964,12.9929046630859375
15.8999999999999098,120.1999999999995907,11.6072378158569336
15.8999999999999098,120.2999999999995850,11.8222274780273438
15.8999999999999098,120.3999999999995794,11.7522296905517578
15.8999999999999098,120.4999999999995737,10.5269079208374023
15.8999999999999098,120.5999999999995680,9.2428474426269531
15.8999999999999098,120.6999999999995623,8.3865232467651367
15.8999999999999098,120.7999999999995566,8.2645835876464844
15.8999999999999098,120.8999999999995509,8.3647422790527344
15.8999999999999098,120.9999999999995453,8.3113193511962891
15.8999999999999098,121.0999999999995396,8.1526470184326172
15.8999999999999098,121.1999999999995339,7.9986662864685059
15.8999999999999098,121.2999999999995282,7.7835755348205566
15.8999999999999098,121.3999999999995225,7.5793471336364746
15.8999999999999098,121.4999999999995168,8.2891941070556641
15.8999999999999098,121.5999999999995111,9.3701457977294922
15.7999999999999101,119.9999999999996021,13.6904363632202148
15.7999999999999101,120.0999999999995964,10.4932661056518555
15.7999999999999101,120.1999999999995907,8.9159259796142578
15.7999999999999101,120.2999999999995850,8.8705539703369141
15.7999999999999101,120.3999999999995794,8.6668472290039062
15.7999999999999101,120.4999999999995737,7.9861960411071777
15.7999999999999101,120.5999999999995680,7.3011946678161621
15.7999999999999101,120.6999999999995623,6.9419312477111816
15.7999999999999101,120.7999999999995566,7.1650605201721191
15.7999999999999101,120.8999999999995509,7.6272010803222656
15.7999999999999101,120.9999999999995453,7.7169699668884277
15.7999999999999101,121.0999999999995396,7.5030770301818848
15.7999999999999101,121.1999999999995339,7.3169617652893066
15.7999999999999101,121.2999999999995282,7.2588973045349121
15.7999999999999101,121.3999999999995225,7.4651408195495605
15.7999999999999101,121.4999999999995168,8.1199674606323242
15.6999999999999105,119.9999999999996021,12.0213460922241211
15.6999999999999105,120.0999999999995964,8.0646247863769531
15.6999999999999105,120.1999999999995907,6.6561241149902344
15.6999999999999105,120.2999999999995850,6.1714138984680176
15.6999999999999105,120.3999999999995794,5.7712359428405762
15.6999999999999105,120.4999999999995737,5.4511847496032715
15.6999999999999105,120.5999999999995680,5.1417222023010254
15.6999999999999105,120.6999999999995623,5.1480803489685059
15.6999999999999105,120.7999999999995566,5.7188973426818848
15.6999999999999105,120.8999999999995509,6.6718230247497559
15.6999999999999105,120.9999999999995453,6.7576608657836914
15.6999999999999105,121.0999999999995396,6.4144816398620605
15.6999999999999105,121.1999999999995339,6.2049746513366699
15.6999999999999105,121.2999999999995282,6.4603838920593262
15.6999999999999105,121.3999999999995225,7.2250671386718750
15.6999999999999105,121.4999999999995168,8.4563951492309570
15.5999999999999108,119.9999999999996021,10.6307382583618164
15.5999999999999108,120.0999999999995964,6.4027976989746094
15.5999999999999108,120.1999999999995907,4.8987402915954590
15.5999999999999108,120.2999999999995850,4.1496572494506836
15.5999999999999108,120.3999999999995794,3.6194465160369873
15.5999999999999108,120.4999999999995737,4.0329861640930176
15.5999999999999108,120.5999999999995680,4.9407191276550293
15.5999999999999108,120.6999999999995623,5.6529116630554199
15.5999999999999108,120.7999999999995566,6.2288370132446289
15.5999999999999108,120.8999999999995509,7.2260866165161133
15.5999999999999108,120.9999999999995453,7.0652499198913574
15.5999999999999108,121.0999999999995396,6.2414855957031250
15.5999999999999108,121.1999999999995339,5.7267775535583496
15.5999999999999108,121.2999999999995282,6.5033974647521973
15.5999999999999108,121.3999999999995225,7.5114679336547852
15.5999999999999108,121.4999999999995168,8.9058561325073242
15.4999999999999112,119.9999999999996021,10.4961948394775391
15.4999999999999112,120.0999999999995964,6.3036170005798340
15.4999999999999112,120.1999999999995907,5.4390311241149902
15.4999999999999112,120.2999999999995850,4.9498000144958496
15.4999999999999112,120.3999999999995794,4.6205821037292480
15.4999999999999112,120.4999999999995737,5.2234826087951660
15.4999999999999112,120.5999999999995680,5.9903883934020996
15.4999999999999112,120.6999999999995623,6.6176910400390625
15.4999999999999112,120.7999999999995566,7.0519499778747559
15.4999999999999112,120.8999999999995509,7.4159593582153320
15.4999999999999112,120.9999999999995453,7.2822775840759277
15.4999999999999112,121.0999999999995396,6.9078035354614258
15.4999999999999112,121.1999999999995339,7.1222491264343262
15.4999999999999112,121.2999999999995282,8.4887685775756836
15.4999999999999112,121.3999999999995225,10.0442991256713867
15.4999999999999112,121.4999999999995168,11.0449819564819336
15.3999999999999115,119.8999999999996078,14.6608934402465820
15.3999999999999115,119.9999999999996021,10.9024000167846680
15.3999999999999115,120.0999999999995964,7.1258616447448730
15.3999999999999115,120.1999999999995907,6.6305499076843262
15.3999999999999115,120.2999999999995850,6.5295305252075195
15.3999999999999115,120.3999999999995794,6.4955515861511230
15.3999999999999115,120.4999999999995737,6.8473305702209473
15.3999999999999115,120.5999999999995680,7.2731666564941406
15.3999999999999115,120.6999999999995623,7.6348471641540527
15.3999999999999115,120.7999999999995566,7.8997087478637695
15.3999999999999115,120.8999999999995509,8.2043409347534180
15.3999999999999115,120.9999999999995453,8.2403831481933594
15.3999999999999115,121.0999999999995396,8.4415817260742188
15.3999999999999115,121.1999999999995339,9.3212242126464844
15.3999999999999115,121.2999999999995282,11.1246337890625000
15.2999999999999119,119.9999999999996021,10.7372846603393555
15.2999999999999119,120.0999999999995964,8.0582075119018555
15.2999999999999119,120.1999999999995907,7.7272477149963379
15.2999999999999119,120.2999999999995850,7.8052935600280762
15.2999999999999119,120.3999999999995794,7.8857574462890625
15.2999999999999119,120.4999999999995737,8.1734027862548828
15.2999999999999119,120.5999999999995680,8.5186681747436523
15.2999999999999119,120.6999999999995623,8.7227954864501953
15.2999999999999119,120.7999999999995566,8.7820291519165039
15.2999999999999119,120.8999999999995509,8.9158544540405273
15.2999999999999119,120.9999999999995453,9.1030912399291992
15.2999999999999119,121.0999999999995396,9.5697584152221680
15.2999999999999119,121.1999999999995339,10.7368764877319336
15.2999999999999119,121.2999999999995282,12.9995727539062500
15.2999999999999119,121.3999999999995225,15.0536956787109375
15.1999999999999122,120.0999999999995964,9.3401021957397461
15.1999999999999122,120.1999999999995907,8.6535120010375977
15.1999999999999122,120.2999999999995850,8.1606473922729492
15.1999999999999122,120.3999999999995794,7.8729515075683594
15.1999999999999122,120.4999999999995737,8.1079874038696289
15.1999999999999122,120.5999999999995680,9.1112565994262695
15.1999999999999122,120.6999999999995623,9.5942001342773438
15.1999999999999122,120.7999999999995566,9.5680227279663086
15.1999999999999122,120.8999999999995509,9.6119308471679688
15.1999999999999122,120.9999999999995453,9.4999961853027344
15.1999999999999122,121.0999999999995396,9.3541746139526367
15.1999999999999122,121.1999999999995339,10.3406362533569336
15.1999999999999122,121.2999999999995282,12.1533803939819336
15.0999999999999126,120.0999999999995964,10.9476184844970703
15.0999999999999126,120.1999999999995907,9.6410961151123047
15.0999999999999126,120.2999999999995850,8.4792642593383789
15.0999999999999126,120.3999999999995794,7.8520722389221191
15.0999999999999126,120.4999999999995737,8.4993667602539062
15.0999999999999126,120.5999999999995680,9.6438865661621094
15.0999999999999126,120.6999999999995623,10.4473104476928711
15.0999999999999126,120.7999999999995566,10.3934583663940430
15.0999999999999126,120.8999999999995509,10.3325395584106445
15.0999999999999126,120.9999999999995453,9.9727401733398438
15.0999999999999126,121.0999999999995396,9.5674772262573242
15.0999999999999126,121.1999999999995339,9.7544813156127930
15.0999999999999126,121.2999999999995282,11.1259717941284180
15.0999999999999126,121.3999999999995225,12.6661672592163086
14.9999999999999130,120.0999999999995964,12.6483440399169922
14.9999999999999130,120.1999999999995907,11.0267267227172852
14.9999999999999130,120.2999999999995850,9.4814682006835938
14.9999999999999130,120.3999999999995794,8.7753791809082031
14.9999999999999130,120.4999999999995737,9.6704740524291992
14.9999999999999130,120.5999999999995680,10.5022163391113281
14.9999999999999130,120.6999999999995623,11.9012489318847656
14.9999999999999130,120.7999999999995566,11.5842981338500977
14.9999999999999130,120.8999999999995509,11.7475280761718750
14.9999999999999130,120.9999999999995453,11.1439552307128906
14.9999999999999130,121.0999999999995396,10.3923959732055664
14.9999999999999130,121.1999999999995339,10.0965042114257812
14.9999999999999130,121.2999999999995282,10.3801107406616211
14.9999999999999130,121.3999999999995225,11.4546051025390625
14.9999999999999130,121.4999999999995168,12.5553598403930664
14.9999999999999130,121.8999999999994941,18.3609962463378906
14.9999999999999130,121.9999999999994884,19.8424224853515625
14.8999999999999133,120.0999999999995964,14.7758779525756836
14.8999999999999133,120.1999999999995907,13.2477216720581055
14.8999999999999133,120.2999999999995850,11.8078784942626953
14.8999999999999133,120.3999999999995794,11.1430931091308594
14.8999999999999133,120.4999999999995737,12.4211120605468750
14.8999999999999133,120.7999999999995566,13.7095003128051758
14.8999999999999133,120.8999999999995509,13.2251539230346680
14.8999999999999133,120.9999999999995453,12.3393440246582031
14.8999999999999133,121.0999999999995396,11.5045118331909180
14.8999999999999133,121.1999999999995339,10.7842807769775391
14.8999999999999133,121.2999999999995282,10.5670957565307617
14.8999999999999133,121.3999999999995225,10.8050851821899414
14.8999999999999133,121.4999999999995168,11.5820417404174805
14.8999999999999133,121.8999999999994941,19.1452636718750000
14.8999999999999133,121.9999999999994884,20.0163440704345703
14.7999999999999137,120.1999999999995907,15.9412050247192383
14.7999999999999137,120.2999999999995850,13.6788358688354492
14.7999999999999137,120.3999999999995794,13.7711687088012695
14.7999999999999137,120.4999999999995737,15.1295795440673828
14.7999999999999137,120.8999999999995509,14.8229446411132812
14.7999999999999137,120.9999999999995453,13.8752975463867188
14.7999999999999137,121.0999999999995396,12.6713533401489258
14.7999999999999137,121.1999999999995339,11.5648088455200195
14.7999999999999137,121.2999999999995282,10.8524484634399414
14.7999999999999137,121.3999999999995225,10.3431844711303711
14.7999999999999137,121.4999999999995168,10.4805803298950195
14.7999999999999137,121.5999999999995111,12.5107755661010742
14.7999999999999137,121.8999999999994941,20.1738529205322266
14.7999999999999137,121.9999999999994884,21.8631038665771484
14.7999999999999137,122.1999999999994770,23.7780170440673828
14.6999999999999140,120.2999999999995850,16.1650753021240234
14.6999999999999140,120.3999999999995794,16.3662509918212891
14.6999999999999140,120.4999999999995737,17.5133419036865234
14.6999999999999140,120.9999999999995453,14.8625478744506836
14.6999999999999140,121.0999999999995396,13.7484693527221680
14.6999999999999140,121.1999999999995339,12.6586084365844727
14.6999999999999140,121.2999999999995282,11.6308240890502930
14.6999999999999140,121.3999999999995225,10.7152662277221680
14.6999999999999140,121.4999999999995168,11.1255884170532227
14.6999999999999140,121.5999999999995111,12.5802497863769531
14.6999999999999140,121.9999999999994884,21.9042568206787109
14.6999999999999140,122.3999999999994657,23.7646770477294922
14.5999999999999144,120.3999999999995794,19.3062877655029297
14.5999999999999144,120.4999999999995737,19.9435825347900391
14.5999999999999144,120.5999999999995680,20.8048191070556641
14.5999999999999144,120.9999999999995453,15.4949254989624023
14.5999999999999144,121.0999999999995396,15.1120223999023438
14.5999999999999144,121.1999999999995339,14.7879886627197266
14.5999999999999144,121.2999999999995282,13.7463026046752930
14.5999999999999144,121.3999999999995225,12.3409643173217773
14.5999999999999144,121.4999999999995168,12.0387086868286133
14.5999999999999144,121.5999999999995111,13.8785247802734375
14.4999999999999147,120.4999999999995737,22.1303195953369141
14.4999999999999147,120.5999999999995680,22.1421394348144531
14.4999999999999147,121.0999999999995396,16.9146881103515625
14.4999999999999147,121.1999999999995339,17.3158111572265625
14.4999999999999147,121.2999999999995282,15.6586103439331055
14.4999999999999147,121.3999999999995225,14.2085866928100586
14.4999999999999147,121.4999999999995168,13.5551290512084961
14.4999999999999147,121.5999999999995111,14.8452482223510742
14.3999999999999151,120.7999999999995566,16.6240253448486328
14.3999999999999151,120.8999999999995509,15.0685806274414062
14.3999999999999151,120.9999999999995453,15.4405384063720703
14.3999999999999151,121.2999999999995282,14.2105398178100586
14.3999999999999151,121.4999999999995168,12.5439844131469727
14.3999999999999151,121.5999999999995111,14.8892240524291992
14.3999999999999151,121.6999999999995055,16.8253002166748047
14.2999999999999154,120.6999999999995623,17.5534553527832031
14.2999999999999154,120.7999999999995566,15.6357297897338867
14.2999999999999154,120.8999999999995509,13.3716659545898438
14.2999999999999154,120.9999999999995453,13.0918197631835938
14.2999999999999154,121.0999999999995396,13.6443243026733398
14.2999999999999154,121.4999999999995168,11.0416269302368164
14.2999999999999154,121.5999999999995111,13.4022645950317383
14.2999999999999154,121.6999999999995055,17.3417453765869141
14.2999999999999154,122.4999999999994600,15.0734529495239258
14.2999999999999154,122.6999999999994486,13.7698459625244141
14.1999999999999158,120.5999999999995680,18.4429702758789062
14.1999999999999158,120.6999999999995623,16.4295024871826172
14.1999999999999158,120.7999999999995566,13.9722719192504883
14.1999999999999158,120.8999999999995509,11.5406084060668945
14.1999999999999158,120.9999999999995453,11.3070096969604492
14.1999999999999158,121.0999999999995396,11.7994413375854492
14.1999999999999158,121.3999999999995225,9.9136037826538086
14.1999999999999158,121.4999999999995168,9.1575956344604492
14.1999999999999158,121.5999999999995111,12.4209108352661133
14.1999999999999158,121.6999999999995055,16.6670417785644531
14.1999999999999158,121.9999999999994884,20.0059547424316406
14.1999999999999158,122.3999999999994657,11.6826448440551758
14.1999999999999158,122.4999999999994600,11.4551687240600586
14.1999999999999158,122.5999999999994543,10.7066249847412109
14.1999999999999158,122.6999999999994486,11.0368757247924805
14.1999999999999158,122.7999999999994429,11.3096714019775391
14.1999999999999158,122.8999999999994373,11.4749050140380859
14.0999999999999162,120.5999999999995680,19.2608127593994141
14.0999999999999162,120.6999999999995623,17.7738857269287109
14.0999999999999162,120.7999999999995566,15.4331789016723633
14.0999999999999162,120.8999999999995509,13.1375036239624023
14.0999999999999162,120.9999999999995453,12.2169179916381836
14.0999999999999162,121.0999999999995396,11.8599624633789062
14.0999999999999162,121.1999999999995339,11.7715377807617188
14.0999999999999162,121.2999999999995282,11.1160259246826172
14.0999999999999162,121.3999999999995225,10.2273311614990234
14.0999999999999162,121.4999999999995168,10.1965951919555664
14.0999999999999162,121.5999999999995111,13.0986881256103516
14.0999999999999162,121.6999999999995055,17.0814552307128906
14.0999999999999162,121.7999999999994998,20.2139110565185547
14.0999999999999162,122.0999999999994827,16.4134216308593750
14.0999999999999162,122.2999999999994714,11.9439020156860352
14.0999999999999162,122.3999999999994657,10.4932708740234375
14.0999999999999162,122.4999999999994600,9.9489192962646484
14.0999999999999162,122.5999999999994543,10.1517868041992188
14.0999999999999162,122.6999999999994486,10.5575895309448242
14.0999999999999162,122.7999999999994429,10.8506803512573242
14.0999999999999162,122.8999999999994373,11.5611219406127930
14.0999999999999162,122.9999999999994316,13.0783452987670898
13.9999999999999165,120.6999999999995623,20.1766490936279297
13.9999999999999165,120.7999999999995566,17.9504089355468750
13.9999999999999165,120.8999999999995509,15.7190980911254883
13.9999999999999165,120.9999999999995453,14.0701675415039062
13.9999999999999165,121.0999999999995396,12.6284904479980469
13.9999999999999165,121.1999999999995339,11.6249866485595703
13.9999999999999165,121.2999999999995282,11.5297517776489258
13.9999999999999165,121.3999999999995225,11.4896841049194336
13.9999999999999165,121.4999999999995168,11.8228778839111328
13.9999999999999165,121.5999999999995111,14.5558700561523438
13.9999999999999165,121.6999999999995055,17.8611965179443359
13.9999999999999165,121.7999999999994998,20.1129512786865234
13.9999999999999165,121.8999999999994941,18.8992843627929688
13.9999999999999165,122.3999999999994657,9.2790031433105469
13.9999999999999165,122.4999999999994600,9.4253273010253906
13.9999999999999165,122.5999999999994543,10.3259487152099609
13.9999999999999165,122.6999999999994486,10.7454042434692383
13.9999999999999165,122.7999999999994429,10.9632863998413086
13.9999999999999165,122.8999999999994373,11.4720640182495117
13.9999999999999165,122.9999999999994316,14.0180387496948242
13.9999999999999165,123.2999999999994145,17.8527507781982422
13.9999999999999165,124.1999999999993634,17.7986431121826172
13.9999999999999165,124.2999999999993577,15.5099868774414062
13.8999999999999169,120.5999999999995680,23.3286266326904297
13.8999999999999169,120.9999999999995453,15.6925001144409180
13.8999999999999169,121.0999999999995396,13.2441987991333008
13.8999999999999169,121.1999999999995339,11.3635463714599609
13.8999999999999169,121.2999999999995282,11.6947526931762695
13.8999999999999169,121.3999999999995225,12.3556394577026367
13.8999999999999169,121.4999999999995168,13.3058137893676758
13.8999999999999169,121.9999999999994884,15.3605527877807617
13.8999999999999169,122.0999999999994827,12.6723117828369141
13.8999999999999169,122.1999999999994770,10.7686758041381836
13.8999999999999169,122.2999999999994714,9.1974639892578125
13.8999999999999169,122.3999999999994657,9.0738325119018555
13.8999999999999169,122.6999999999994486,11.3499670028686523
13.8999999999999169,122.7999999999994429,11.3867712020874023
13.8999999999999169,122.8999999999994373,11.7030839920043945
13.8999999999999169,122.9999999999994316,13.6152038574218750
13.8999999999999169,123.3999999999994088,13.6641874313354492
13.8999999999999169,123.4999999999994031,12.8200016021728516
13.8999999999999169,123.5999999999993975,14.2795076370239258
13.8999999999999169,123.6999999999993918,15.6670780181884766
13.8999999999999169,124.1999999999993634,16.0710220336914062
13.8999999999999169,124.2999999999993577,13.7470655441284180
13.7999999999999172,120.0999999999995964,24.9694919586181641
13.7999999999999172,120.1999999999995907,25.2308712005615234
13.7999999999999172,120.8999999999995509,18.4398994445800781
13.7999999999999172,120.9999999999995453,16.4772777557373047
13.7999999999999172,121.0999999999995396,13.7297563552856445
13.7999999999999172,121.1999999999995339,11.4412441253662109
13.7999999999999172,121.2999999999995282,11.4219617843627930
13.7999999999999172,121.3999999999995225,12.0634908676147461
13.7999999999999172,121.9999999999994884,13.7994737625122070
13.7999999999999172,122.0999999999994827,11.9028711318969727
13.7999999999999172,122.1999999999994770,10.6463117599487305
13.7999999999999172,122.2999999999994714,10.6638994216918945
13.7999999999999172,122.3999999999994657,11.1541318893432617
13.7999999999999172,122.7999999999994429,12.5682201385498047
13.7999999999999172,122.8999999999994373,12.4515533447265625
13.7999999999999172,122.9999999999994316,13.6641483306884766
13.7999999999999172,123.2999999999994145,13.6010103225708008
13.7999999999999172,123.3999999999994088,12.0143432617187500
13.7999999999999172,123.4999999999994031,11.0331792831420898
13.7999999999999172,123.5999999999993975,12.9951238632202148
13.7999999999999172,123.6999999999993918,14.9670629501342773
13.7999999999999172,123.7999999999993861,16.5942363739013672
13.7999999999999172,124.1999999999993634,15.3003969192504883
13.7999999999999172,124.2999999999993577,13.2823581695556641
13.6999999999999176,121.0999999999995396,13.9162874221801758
13.6999999999999176,121.1999999999995339,11.2652778625488281
13.6999999999999176,121.2999999999995282,11.0972328186035156
13.6999999999999176,121.3999999999995225,11.8375091552734375
13.6999999999999176,122.1999999999994770,11.6889286041259766
13.6999999999999176,122.2999999999994714,12.6198358535766602
13.6999999999999176,122.3999999999994657,13.7128753662109375
13.6999999999999176,122.8999999999994373,13.3487596511840820
13.6999999999999176,122.9999999999994316,13.6342716217041016
13.6999999999999176,123.0999999999994259,14.2242650985717773
13.6999999999999176,123.1999999999994202,15.2711172103881836
13.6999999999999176,123.2999999999994145,13.0568513870239258
13.6999999999999176,123.3999999999994088,10.8182506561279297
13.6999999999999176,123.4999999999994031,10.0303125381469727
13.6999999999999176,124.0999999999993690,16.6693553924560547
13.6999999999999176,124.1999999999993634,14.5752487182617188
13.6999999999999176,124.2999999999993577,13.1101226806640625
13.5999999999999179,122.2999999999994714,14.3768768310546875
13.5999999999999179,122.3999999999994657,15.6989202499389648
13.5999999999999179,122.4999999999994600,16.8130855560302734
13.5999999999999179,122.8999999999994373,14.5237264633178711
13.5999999999999179,122.9999999999994316,14.6807165145874023
13.5999999999999179,123.0999999999994259,15.1391239166259766
13.5999999999999179,123.1999999999994202,15.1242065429687500
13.5999999999999179,123.2999999999994145,12.7000350952148438
13.5999999999999179,123.3999999999994088,10.1583013534545898
13.5999999999999179,123.4999999999994031,8.9423809051513672
13.5999999999999179,124.1999999999993634,14.7761220932006836
13.5999999999999179,124.2999999999993577,13.4627351760864258
13.4999999999999183,120.6999999999995623,15.3638448715209961
13.4999999999999183,120.7999999999995566,13.8071050643920898
13.4999999999999183,121.8999999999994941,13.6346664428710938
13.4999999999999183,121.9999999999994884,12.6219835281372070
13.4999999999999183,122.4999999999994600,17.2002983093261719
13.4999999999999183,122.5999999999994543,18.0115852355957031
13.4999999999999183,123.1999999999994202,19.0253009796142578
13.4999999999999183,123.2999999999994145,14.5193243026733398
13.4999999999999183,123.3999999999994088,10.5278406143188477
13.4999999999999183,123.4999999999994031,8.5223073959350586
13.4999999999999183,123.5999999999993975,9.1462650299072266
13.3999999999999186,120.4999999999995737,17.9490795135498047
13.3999999999999186,120.5999999999995680,15.2275266647338867
13.3999999999999186,120.6999999999995623,12.6420583724975586
13.3999999999999186,120.7999999999995566,10.5298070907592773
13.3999999999999186,120.8999999999995509,8.8745412826538086
13.3999999999999186,120.9999999999995453,7.4291763305664062
13.3999999999999186,121.0999999999995396,5.5054125785827637
13.3999999999999186,121.1999999999995339,4.2877058982849121
13.3999999999999186,121.7999999999994998,14.6848344802856445
13.3999999999999186,121.8999999999994941,14.1423940658569336
13.3999999999999186,121.9999999999994884,13.4638853073120117
13.3999999999999186,122.0999999999994827,13.5585584640502930
13.3999999999999186,122.4999999999994600,17.9198150634765625
13.3999999999999186,122.5999999999994543,18.3519649505615234
13.3999999999999186,123.1999999999994202,20.8521404266357422
13.3999999999999186,123.2999999999994145,17.0405006408691406
13.3999999999999186,123.3999999999994088,11.5833320617675781
13.3999999999999186,123.4999999999994031,8.1377744674682617
13.3999999999999186,123.5999999999993975,8.3049039840698242
13.2999999999999190,120.5999999999995680,14.7332401275634766
13.2999999999999190,120.6999999999995623,11.5842514038085938
13.2999999999999190,120.7999999999995566,8.9473218917846680
13.2999999999999190,120.8999999999995509,6.8383684158325195
13.2999999999999190,120.9999999999995453,5.5364222526550293
13.2999999999999190,121.0999999999995396,4.1900663375854492
13.2999999999999190,121.1999999999995339,3.1406095027923584
13.2999999999999190,121.2999999999995282,4.2357301712036133
13.2999999999999190,121.8999999999994941,15.2132492065429688
13.2999999999999190,121.9999999999994884,15.2357206344604492
13.2999999999999190,122.5999999999994543,19.3778572082519531
13.2999999999999190,123.2999999999994145,18.4440956115722656
13.2999999999999190,123.4999999999994031,9.2946233749389648
13.2999999999999190,123.5999999999993975,8.7345323562622070
13.2999999999999190,123.6999999999993918,8.5928373336791992
13.2999999999999190,123.8999999999993804,12.6950407028198242
13.1999999999999194,120.6999999999995623,14.5696411132812500
13.1999999999999194,120.7999999999995566,11.5651931762695312
13.1999999999999194,120.8999999999995509,8.8182744979858398
13.1999999999999194,120.9999999999995453,6.6662268638610840
13.1999999999999194,121.0999999999995396,5.2089104652404785
13.1999999999999194,121.1999999999995339,3.8633553981781006
13.1999999999999194,121.3999999999995225,5.2106547355651855
13.1999999999999194,123.2999999999994145,18.3647155761718750
13.1999999999999194,123.3999999999994088,13.8666601181030273
13.1999999999999194,123.4999999999994031,10.4229259490966797
13.1999999999999194,123.5999999999993975,10.1279411315917969
13.1999999999999194,123.6999999999993918,9.8317899703979492
13.0999999999999197,120.6999999999995623,15.9819097518920898
13.0999999999999197,120.7999999999995566,14.1340303421020508
13.0999999999999197,120.8999999999995509,10.9374589920043945
13.0999999999999197,120.9999999999995453,8.6181745529174805
13.0999999999999197,121.0999999999995396,6.6762404441833496
13.0999999999999197,121.1999999999995339,5.0522117614746094
13.0999999999999197,121.2999999999995282,3.4063317775726318
13.0999999999999197,121.3999999999995225,3.7002646923065186
13.0999999999999197,121.4999999999995168,4.9898967742919922
13.0999999999999197,122.9999999999994316,24.4471397399902344
13.0999999999999197,123.3999999999994088,15.0975112915039062
13.0999999999999197,123.4999999999994031,12.2787656784057617
13.0999999999999197,123.5999999999993975,11.5843973159790039
13.0999999999999197,123.6999999999993918,11.3270673751831055
13.0999999999999197,123.7999999999993861,12.1468696594238281
13.0999999999999197,123.8999999999993804,14.4429006576538086
12.9999999999999201,120.7999999999995566,15.0532407760620117
12.9999999999999201,120.8999999999995509,12.2018470764160156
12.9999999999999201,120.9999999999995453,9.6534509658813477
12.9999999999999201,121.0999999999995396,7.5620532035827637
12.9999999999999201,121.1999999999995339,5.6638646125793457
12.9999999999999201,121.2999999999995282,4.3726840019226074
12.9999999999999201,121.3999999999995225,4.5963082313537598
12.9999999999999201,122.9999999999994316,24.9201889038085938
12.9999999999999201,123.0999999999994259,23.8388957977294922
12.9999999999999201,123.4999999999994031,14.1346130371093750
12.9999999999999201,123.5999999999993975,13.9316663742065430
12.9999999999999201,123.6999999999993918,13.5429353713989258
12.9999999999999201,123.7999999999993861,13.9646759033203125
12.9999999999999201,123.8999999999993804,14.8516073226928711
12.9999999999999201,123.9999999999993747,15.7811126708984375
12.9999999999999201,124.0999999999993690,17.4770336151123047
12.8999999999999204,120.7999999999995566,15.8617572784423828
12.8999999999999204,120.8999999999995509,13.0761127471923828
12.8999999999999204,120.9999999999995453,10.3173713684082031
12.8999999999999204,121.0999999999995396,7.9824309349060059
12.8999999999999204,121.1999999999995339,5.9958138465881348
12.8999999999999204,121.2999999999995282,5.4290060997009277
12.8999999999999204,121.3999999999995225,6.2087459564208984
12.8999999999999204,121.4999999999995168,7.0363993644714355
12.8999999999999204,123.1999999999994202,22.7539329528808594
12.8999999999999204,123.7999999999993861,15.8181552886962891
12.8999999999999204,124.0999999999993690,15.1404972076416016
12.7999999999999208,120.7999999999995566,17.0870647430419922
12.7999999999999208,120.8999999999995509,14.1335163116455078
12.7999999999999208,120.9999999999995453,11.3146934509277344
12.7999999999999208,121.0999999999995396,8.8558874130249023
12.7999999999999208,121.1999999999995339,6.7024245262145996
12.7999999999999208,121.2999999999995282,6.8415970802307129
12.7999999999999208,121.3999999999995225,8.1829223632812500
12.7999999999999208,123.8999999999993804,15.2053470611572266
12.7999999999999208,123.9999999999993747,12.9860124588012695
12.7999999999999208,124.0999999999993690,13.7195892333984375
12.6999999999999211,120.8999999999995509,15.9771013259887695
12.6999999999999211,120.9999999999995453,13.5243654251098633
12.6999999999999211,121.0999999999995396,11.2053442001342773
12.6999999999999211,121.1999999999995339,8.9982604980468750
12.6999999999999211,121.2999999999995282,9.6198225021362305
12.6999999999999211,121.3999999999995225,11.4677352905273438
12.6999999999999211,121.4999999999995168,13.2993650436401367
12.6999999999999211,123.8999999999993804,15.6150045394897461
12.6999999999999211,123.9999999999993747,13.7329511642456055
12.6999999999999211,124.0999999999993690,14.0577716827392578
12.5999999999999215,120.9999999999995453,16.2820358276367188
12.5999999999999215,121.0999999999995396,14.3002805709838867
12.5999999999999215,121.1999999999995339,12.5251607894897461
12.5999999999999215,121.2999999999995282,13.4251241683959961
12.5999999999999215,121.3999999999995225,15.3515138626098633
12.5999999999999215,121.4999999999995168,17.0122318267822266
12.5999999999999215,122.0999999999994827,18.0123176574707031
12.5999999999999215,123.9999999999993747,15.3524732589721680
12.4999999999999218,120.9999999999995453,18.7512035369873047
12.4999999999999218,121.0999999999995396,17.1690635681152344
12.4999999999999218,121.1999999999995339,15.6050691604614258
12.4999999999999218,121.2999999999995282,16.9662666320800781
12.4999999999999218,121.3999999999995225,18.9295406341552734
12.4999999999999218,121.9999999999994884,16.9839859008789062
12.4999999999999218,122.4999999999994600,22.3392810821533203
12.4999999999999218,122.5999999999994543,23.3194084167480469
12.4999999999999218,123.2999999999994145,20.3172397613525391
12.4999999999999218,123.3999999999994088,19.0689773559570312
12.4999999999999218,123.4999999999994031,18.2959575653076172
12.4999999999999218,123.6999999999993918,16.8688545227050781
12.4999999999999218,124.2999999999993577,20.2524013519287109
12.4999999999999218,124.3999999999993520,18.4133644104003906
12.4999999999999218,124.4999999999993463,15.9564733505249023
12.4999999999999218,124.5999999999993406,13.8943881988525391
12.4999999999999218,124.6999999999993349,12.9015035629272461
12.4999999999999218,124.7999999999993292,12.3190984725952148
12.4999999999999218,124.8999999999993236,12.3746747970581055
12.4999999999999218,124.9999999999993179,12.3212709426879883
12.4999999999999218,125.0999999999993122,12.2729549407958984
12.4999999999999218,125.1999999999993065,12.2335710525512695
12.3999999999999222,120.9999999999995453,19.7786464691162109
12.3999999999999222,121.0999999999995396,18.9076042175292969
12.3999999999999222,121.1999999999995339,18.0488834381103516
12.3999999999999222,121.2999999999995282,19.1299438476562500
12.3999999999999222,121.9999999999994884,19.0975704193115234
12.3999999999999222,122.0999999999994827,18.0467700958251953
12.3999999999999222,122.4999999999994600,22.2904396057128906
12.3999999999999222,122.5999999999994543,22.8173084259033203
12.3999999999999222,123.2999999999994145,18.8739128112792969
12.3999999999999222,123.3999999999994088,17.5524177551269531
12.3999999999999222,123.4999999999994031,16.4138545989990234
12.3999999999999222,124.3999999999993520,17.3001155853271484
12.3999999999999222,124.4999999999993463,14.7747573852539062
12.3999999999999222,124.5999999999993406,12.3901443481445312
12.3999999999999222,124.6999999999993349,11.5801687240600586
12.3999999999999222,124.7999999999993292,10.9180974960327148
12.3999999999999222,124.8999999999993236,10.5567388534545898
12.3999999999999222,124.9999999999993179,10.7715492248535156
12.3999999999999222,125.0999999999993122,11.0753574371337891
12.3999999999999222,125.1999999999993065,11.4407653808593750
12.2999999999999226,119.8999999999996078,23.7961711883544922
12.2999999999999226,121.1999999999995339,20.1887531280517578
12.2999999999999226,121.9999999999994884,20.8406658172607422
12.2999999999999226,123.2999999999994145,17.1328258514404297
12.2999999999999226,123.3999999999994088,15.4461030960083008
12.2999999999999226,123.4999999999994031,14.3341512680053711
12.2999999999999226,123.5999999999993975,13.9474658966064453
12.2999999999999226,123.6999999999993918,13.5636701583862305
12.2999999999999226,124.3999999999993520,16.1349925994873047
12.2999999999999226,124.4999999999993463,13.4889440536499023
12.2999999999999226,124.5999999999993406,11.1688747406005859
12.2999999999999226,124.6999999999993349,10.2788190841674805
12.2999999999999226,124.7999999999993292,9.5784902572631836
12.2999999999999226,124.8999999999993236,9.1551532745361328
12.2999999999999226,124.9999999999993179,9.3674087524414062
12.2999999999999226,125.0999999999993122,9.9279546737670898
12.2999999999999226,125.1999999999993065,10.5795593261718750
12.2999999999999226,125.2999999999993008,11.3551054000854492
12.1999999999999229,119.8999999999996078,23.8967533111572266
12.1999999999999229,119.9999999999996021,23.6352386474609375
12.1999999999999229,121.9999999999994884,22.2396316528320312
12.1999999999999229,123.2999999999994145,16.0681133270263672
12.1999999999999229,123.3999999999994088,14.7032089233398438
12.1999999999999229,123.5999999999993975,13.2356290817260742
12.1999999999999229,123.6999999999993918,12.9794635772705078
12.1999999999999229,123.7999999999993861,13.8173933029174805
12.1999999999999229,123.8999999999993804,15.0546340942382812
12.1999999999999229,124.3999999999993520,15.1615171432495117
12.1999999999999229,124.4999999999993463,12.9917650222778320
12.1999999999999229,124.5999999999993406,10.4889802932739258
12.1999999999999229,124.6999999999993349,9.7214727401733398
12.1999999999999229,124.7999999999993292,9.0083932876586914
12.1999999999999229,124.8999999999993236,8.5923576354980469
12.1999999999999229,124.9999999999993179,8.7537250518798828
12.1999999999999229,125.0999999999993122,9.0463962554931641
12.1999999999999229,125.1999999999993065,9.8797559738159180
12.1999999999999229,125.2999999999993008,10.7986974716186523
12.1999999999999229,125.3999999999992951,11.8278226852416992
12.1999999999999229,125.4999999999992895,12.7754993438720703
12.0999999999999233,119.9999999999996021,23.7632675170898438
12.0999999999999233,120.0999999999995964,23.9022865295410156
12.0999999999999233,120.1999999999995907,23.8551368713378906
12.0999999999999233,120.2999999999995850,23.8120670318603516
12.0999999999999233,123.2999999999994145,16.5326957702636719
12.0999999999999233,123.6999999999993918,15.0135297775268555
12.0999999999999233,123.7999999999993861,15.4617309570312500
12.0999999999999233,123.8999999999993804,16.6398124694824219
12.0999999999999233,124.4999999999993463,14.3548994064331055
12.0999999999999233,124.5999999999993406,12.4236583709716797
12.0999999999999233,124.6999999999993349,10.9360923767089844
12.0999999999999233,124.7999999999993292,9.7447576522827148
12.0999999999999233,124.8999999999993236,8.7964324951171875
12.0999999999999233,124.9999999999993179,8.6640386581420898
12.0999999999999233,125.0999999999993122,8.8933353424072266
12.0999999999999233,125.1999999999993065,9.5176658630371094
12.0999999999999233,125.2999999999993008,10.3644170761108398
12.0999999999999233,125.3999999999992951,11.1498870849609375
11.9999999999999236,123.1999999999994202,17.7328147888183594
11.9999999999999236,123.7999999999993861,17.1613693237304688
11.9999999999999236,123.8999999999993804,17.3725090026855469
11.9999999999999236,123.9999999999993747,17.7229824066162109
11.9999999999999236,124.6999999999993349,11.7464838027954102
11.9999999999999236,124.7999999999993292,10.4889631271362305
11.9999999999999236,124.8999999999993236,9.1493930816650391
11.9999999999999236,124.9999999999993179,8.6246023178100586
11.9999999999999236,125.0999999999993122,8.7495946884155273
11.9999999999999236,125.1999999999993065,9.1791782379150391
11.9999999999999236,125.2999999999993008,9.9459161758422852
11.9999999999999236,125.3999999999992951,10.7204504013061523
11.8999999999999240,121.9999999999994884,23.7378063201904297
11.8999999999999240,123.7999999999993861,17.8994483947753906
11.8999999999999240,123.8999999999993804,17.8039970397949219
11.8999999999999240,123.9999999999993747,17.6332588195800781
11.8999999999999240,124.7999999999993292,11.3317871093750000
11.8999999999999240,124.8999999999993236,9.6164007186889648
11.8999999999999240,124.9999999999993179,8.8682956695556641
11.8999999999999240,125.0999999999993122,8.6630802154541016
11.8999999999999240,125.1999999999993065,8.7955665588378906
11.8999999999999240,125.2999999999993008,9.4311714172363281
11.7999999999999243,121.8999999999994941,22.3448009490966797
11.7999999999999243,121.9999999999994884,22.5939311981201172
11.7999999999999243,122.0999999999994827,21.2695789337158203
11.7999999999999243,122.1999999999994770,17.9794559478759766
11.7999999999999243,124.2999999999993577,17.7929153442382812
11.7999999999999243,124.8999999999993236,10.2592468261718750
11.7999999999999243,124.9999999999993179,9.2381505966186523
11.7999999999999243,125.0999999999993122,8.5857334136962891
11.7999999999999243,125.1999999999993065,8.4189157485961914
11.7999999999999243,125.2999999999993008,8.8321561813354492
11.7999999999999243,125.3999999999992951,9.2565841674804688
11.6999999999999247,119.9999999999996021,23.1983413696289062
11.6999999999999247,122.0999999999994827,19.5018386840820312
11.6999999999999247,122.1999999999994770,16.7056522369384766
11.6999999999999247,122.2999999999994714,13.4575729370117188
11.6999999999999247,122.3999999999994657,11.8744297027587891
11.6999999999999247,124.9999999999993179,9.4732761383056641
11.6999999999999247,125.0999999999993122,8.6067914962768555
11.6999999999999247,125.1999999999993065,8.0613088607788086
11.6999999999999247,125.2999999999993008,8.2173891067504883
11.6999999999999247,125.3999999999992951,8.5329608917236328
11.5999999999999250,122.1999999999994770,13.9815092086791992
11.5999999999999250,122.2999999999994714,10.7728967666625977
11.5999999999999250,122.6999999999994486,9.4873666763305664
11.5999999999999250,124.4999999999993463,18.4743766784667969
11.5999999999999250,125.0999999999993122,8.2317638397216797
11.5999999999999250,125.1999999999993065,7.5499186515808105
11.5999999999999250,125.2999999999993008,7.7046175003051758
11.5999999999999250,125.3999999999992951,8.1346435546875000
11.4999999999999254,122.0999999999994827,12.7931365966796875
11.4999999999999254,122.1999999999994770,10.7640419006347656
11.4999999999999254,122.2999999999994714,8.2697267532348633
11.4999999999999254,122.3999999999994657,7.0984263420104980
11.4999999999999254,122.4999999999994600,7.2586669921875000
11.4999999999999254,122.5999999999994543,7.4983210563659668
11.4999999999999254,122.6999999999994486,8.9594917297363281
11.4999999999999254,122.7999999999994429,10.7229108810424805
11.4999999999999254,123.0999999999994259,17.0663585662841797
11.4999999999999254,124.3999999999993520,18.1089000701904297
11.4999999999999254,124.4999999999993463,17.7075023651123047
11.4999999999999254,124.8999999999993236,9.4393301010131836
11.4999999999999254,124.9999999999993179,8.7068290710449219
11.4999999999999254,125.0999999999993122,7.6911172866821289
11.4999999999999254,125.1999999999993065,7.0631670951843262
11.4999999999999254,125.2999999999993008,7.2644882202148438
11.4999999999999254,125.3999999999992951,7.7571039199829102
11.4999999999999254,125.4999999999992895,9.0826654434204102
11.3999999999999257,122.0999999999994827,10.5285711288452148
11.3999999999999257,122.1999999999994770,8.2116308212280273
11.3999999999999257,122.2999999999994714,6.2430396080017090
11.3999999999999257,122.3999999999994657,5.6960496902465820
11.3999999999999257,122.4999999999994600,6.0640544891357422
11.3999999999999257,122.5999999999994543,6.9606409072875977
11.3999999999999257,122.6999999999994486,8.4235134124755859
11.3999999999999257,122.7999999999994429,10.2190752029418945
11.3999999999999257,122.8999999999994373,12.1080579757690430
11.3999999999999257,122.9999999999994316,14.7716665267944336
11.3999999999999257,123.0999999999994259,17.6265602111816406
11.3999999999999257,124.2999999999993577,18.4004478454589844
11.3999999999999257,124.3999999999993520,17.8049545288085938
11.3999999999999257,124.4999999999993463,16.9360065460205078
11.3999999999999257,124.8999999999993236,8.8976488113403320
11.3999999999999257,124.9999999999993179,8.0432920455932617
11.3999999999999257,125.0999999999993122,7.1876502037048340
11.3999999999999257,125.1999999999993065,6.7485780715942383
11.3999999999999257,125.2999999999993008,6.9805588722229004
11.3999999999999257,125.3999999999992951,7.5761284828186035
11.3999999999999257,125.4999999999992895,9.3731489181518555
11.2999999999999261,119.4999999999996305,19.7960643768310547
11.2999999999999261,122.0999999999994827,9.3319196701049805
11.2999999999999261,122.1999999999994770,7.4478898048400879
11.2999999999999261,122.2999999999994714,5.9136157035827637
11.2999999999999261,122.3999999999994657,5.7756247520446777
11.2999999999999261,122.4999999999994600,6.3274726867675781
11.2999999999999261,122.5999999999994543,7.3677825927734375
11.2999999999999261,122.6999999999994486,9.0145254135131836
11.2999999999999261,122.7999999999994429,10.8344669342041016
11.2999999999999261,122.8999999999994373,12.6704711914062500
11.2999999999999261,122.9999999999994316,14.8478088378906250
11.2999999999999261,123.0999999999994259,16.7180004119873047
11.2999999999999261,124.3999999999993520,16.7815475463867188
11.2999999999999261,124.4999999999993463,15.5870761871337891
11.2999999999999261,124.5999999999993406,13.9842977523803711
11.2999999999999261,124.6999999999993349,10.7705364227294922
11.2999999999999261,124.7999999999993292,9.2244100570678711
11.2999999999999261,124.8999999999993236,7.9985055923461914
11.2999999999999261,125.1999999999993065,6.9761595726013184
11.2999999999999261,125.2999999999993008,7.5396370887756348
11.2999999999999261,125.3999999999992951,8.5863466262817383
11.2999999999999261,125.4999999999992895,10.6197166442871094
11.1999999999999265,119.4999999999996305,17.0901317596435547
11.1999999999999265,122.0999999999994827,9.0263109207153320
11.1999999999999265,122.1999999999994770,7.4288039207458496
11.1999999999999265,122.2999999999994714,6.2389922142028809
11.1999999999999265,122.3999999999994657,6.4550752639770508
11.1999999999999265,122.4999999999994600,7.2648997306823730
11.1999999999999265,122.5999999999994543,8.3348646163940430
11.1999999999999265,122.6999999999994486,10.0887727737426758
11.1999999999999265,122.7999999999994429,12.0497303009033203
11.1999999999999265,122.8999999999994373,13.8941144943237305
11.1999999999999265,122.9999999999994316,15.0919523239135742
11.1999999999999265,123.7999999999993861,14.9889955520629883
11.1999999999999265,123.9999999999993747,16.9945335388183594
11.1999999999999265,124.3999999999993520,15.8751983642578125
11.1999999999999265,124.4999999999993463,14.0170822143554688
11.1999999999999265,124.5999999999993406,11.9075698852539062
11.1999999999999265,124.6999999999993349,9.5224580764770508
11.1999999999999265,124.7999999999993292,8.0212278366088867
11.1999999999999265,124.8999999999993236,7.0025773048400879
11.1999999999999265,124.9999999999993179,6.9660797119140625
11.1999999999999265,125.1999999999993065,7.9331588745117188
11.1999999999999265,125.2999999999993008,9.3751077651977539
11.1999999999999265,125.3999999999992951,10.7851362228393555
11.1999999999999265,125.4999999999992895,12.3090200424194336
11.0999999999999268,119.4999999999996305,14.8264636993408203
11.0999999999999268,122.0999999999994827,9.0715618133544922
11.0999999999999268,122.1999999999994770,7.6607527732849121
11.0999999999999268,122.2999999999994714,6.6840348243713379
11.0999999999999268,122.3999999999994657,7.2306303977966309
11.0999999999999268,122.4999999999994600,8.2458305358886719
11.0999999999999268,122.5999999999994543,9.4905672073364258
11.0999999999999268,122.6999999999994486,11.2570600509643555
11.0999999999999268,122.7999999999994429,13.2068529129028320
11.0999999999999268,122.8999999999994373,15.1778411865234375
11.0999999999999268,124.3999999999993520,14.4716129302978516
11.0999999999999268,124.4999999999993463,12.8569660186767578
11.0999999999999268,124.5999999999993406,10.5547704696655273
11.0999999999999268,124.6999999999993349,8.3842420578002930
11.0999999999999268,124.7999999999993292,7.1143431663513184
11.0999999999999268,124.8999999999993236,6.3375101089477539
11.0999999999999268,124.9999999999993179,6.8032555580139160
11.0999999999999268,125.4999999999992895,13.1478681564331055
10.9999999999999272,119.3999999999996362,16.2498455047607422
10.9999999999999272,122.0999999999994827,9.0414743423461914
10.9999999999999272,122.1999999999994770,8.1844615936279297
10.9999999999999272,122.2999999999994714,7.6056723594665527
10.9999999999999272,122.3999999999994657,8.2225732803344727
10.9999999999999272,122.4999999999994600,9.4175405502319336
10.9999999999999272,122.5999999999994543,10.7948493957519531
10.9999999999999272,122.6999999999994486,12.3538618087768555
10.9999999999999272,122.7999999999994429,14.0339002609252930
10.9999999999999272,123.9999999999993747,16.9970436096191406
10.9999999999999272,124.4999999999993463,13.2093610763549805
10.9999999999999272,124.5999999999993406,11.0066757202148438
10.9999999999999272,124.6999999999993349,8.5014028549194336
10.9999999999999272,124.7999999999993292,7.2562899589538574
10.9999999999999272,124.8999999999993236,6.6592712402343750
10.9999999999999272,124.9999999999993179,7.2829904556274414
10.8999999999999275,119.3999999999996362,15.0917072296142578
10.8999999999999275,119.4999999999996305,12.2053480148315430
10.8999999999999275,121.9999999999994884,10.3463010787963867
10.8999999999999275,122.0999999999994827,9.1685037612915039
10.8999999999999275,122.1999999999994770,8.9687242507934570
10.8999999999999275,122.2999999999994714,8.8963289260864258
10.8999999999999275,122.3999999999994657,9.3152151107788086
10.8999999999999275,122.4999999999994600,10.6408281326293945
10.8999999999999275,122.5999999999994543,12.1242752075195312
10.8999999999999275,122.6999999999994486,13.6325063705444336
10.8999999999999275,123.1999999999994202,11.7315158843994141
10.8999999999999275,123.2999999999994145,10.3035373687744141
10.8999999999999275,123.3999999999994088,9.0661201477050781
10.8999999999999275,123.9999999999993747,16.8909702301025391
10.8999999999999275,124.4999999999993463,13.5366716384887695
10.8999999999999275,124.7999999999993292,7.8961367607116699
10.8999999999999275,124.8999999999993236,7.3668794631958008
10.8999999999999275,124.9999999999993179,7.7076983451843262
10.7999999999999279,119.2999999999996419,18.5875759124755859
10.7999999999999279,119.3999999999996362,15.9341526031494141
10.7999999999999279,119.4999999999996305,10.0629634857177734
10.7999999999999279,121.9999999999994884,11.2634677886962891
10.7999999999999279,122.0999999999994827,9.6178693771362305
10.7999999999999279,122.1999999999994770,9.9732875823974609
10.7999999999999279,122.2999999999994714,10.3308258056640625
10.7999999999999279,122.3999999999994657,11.0050792694091797
10.7999999999999279,122.4999999999994600,12.0315427780151367
10.7999999999999279,122.9999999999994316,14.5061368942260742
10.7999999999999279,123.0999999999994259,12.2447538375854492
10.7999999999999279,123.1999999999994202,9.8684177398681641
10.7999999999999279,123.2999999999994145,8.8502731323242188
10.7999999999999279,123.3999999999994088,8.3383483886718750
10.7999999999999279,123.4999999999994031,8.8044691085815430
10.7999999999999279,123.8999999999993804,15.4806566238403320
10.7999999999999279,123.9999999999993747,16.3981609344482422
10.7999999999999279,124.8999999999993236,7.9185838699340820
10.6999999999999282,119.3999999999996362,13.3288745880126953
10.6999999999999282,119.4999999999996305,10.5277490615844727
10.6999999999999282,119.5999999999996248,10.8857641220092773
10.6999999999999282,121.9999999999994884,11.8580970764160156
10.6999999999999282,122.0999999999994827,10.7852706909179688
10.6999999999999282,122.1999999999994770,11.4812593460083008
10.6999999999999282,122.2999999999994714,11.7699432373046875
10.6999999999999282,122.3999999999994657,12.4911003112792969
10.6999999999999282,122.4999999999994600,13.2241563796997070
10.6999999999999282,122.5999999999994543,14.0817127227783203
10.6999999999999282,122.6999999999994486,14.2762374877929688
10.6999999999999282,122.9999999999994316,12.7605743408203125
10.6999999999999282,123.0999999999994259,10.4607458114624023
10.6999999999999282,123.1999999999994202,8.6734647750854492
10.6999999999999282,123.2999999999994145,8.4714956283569336
10.6999999999999282,123.3999999999994088,9.0096530914306641
10.6999999999999282,123.4999999999994031,9.3625326156616211
10.6999999999999282,123.8999999999993804,14.5050430297851562
10.6999999999999282,124.7999999999993292,7.9770746231079102
10.6999999999999282,124.8999999999993236,7.6667075157165527
10.6999999999999282,124.9999999999993179,7.7739634513854980
10.6999999999999282,125.7999999999992724,11.3729200363159180
10.5999999999999286,119.3999999999996362,12.8457202911376953
10.5999999999999286,119.4999999999996305,10.3729524612426758
10.5999999999999286,119.5999999999996248,11.3172826766967773
10.5999999999999286,119.7999999999996135,17.0609798431396484
10.5999999999999286,119.8999999999996078,17.7867832183837891
10.5999999999999286,121.9999999999994884,12.4668493270874023
10.5999999999999286,122.4999999999994600,15.2040395736694336
10.5999999999999286,122.5999999999994543,15.0002584457397461
10.5999999999999286,122.6999999999994486,14.4675016403198242
10.5999999999999286,122.8999999999994373,11.6670761108398438
10.5999999999999286,122.9999999999994316,10.7052164077758789
10.5999999999999286,123.0999999999994259,8.5681371688842773
10.5999999999999286,123.1999999999994202,7.4064531326293945
10.5999999999999286,123.2999999999994145,8.2947540283203125
10.5999999999999286,123.3999999999994088,9.9622144699096680
10.5999999999999286,123.6999999999993918,11.9227552413940430
10.5999999999999286,123.7999999999993861,12.4601364135742188
10.5999999999999286,123.8999999999993804,13.6208753585815430
10.5999999999999286,123.9999999999993747,15.0095443725585938
10.5999999999999286,124.7999999999993292,7.6399588584899902
10.5999999999999286,124.8999999999993236,7.4115447998046875
10.5999999999999286,124.9999999999993179,7.3734855651855469
10.5999999999999286,125.0999999999993122,7.4295573234558105
10.4999999999999289,119.2999999999996419,13.7730207443237305
10.4999999999999289,119.3999999999996362,12.2088422775268555
10.4999999999999289,119.4999999999996305,10.9799413681030273
10.4999999999999289,119.5999999999996248,11.9343605041503906
10.4999999999999289,119.7999999999996135,17.3355636596679688
10.4999999999999289,119.8999999999996078,18.0153312683105469
10.4999999999999289,121.9999999999994884,13.2652006149291992
10.4999999999999289,122.4999999999994600,15.9130096435546875
10.4999999999999289,122.5999999999994543,15.6388006210327148
10.4999999999999289,122.6999999999994486,14.8867464065551758
10.4999999999999289,122.7999999999994429,12.4663677215576172
10.4999999999999289,122.8999999999994373,11.3135004043579102
10.4999999999999289,122.9999999999994316,9.6363954544067383
10.4999999999999289,123.0999999999994259,7.9326539039611816
10.4999999999999289,123.1999999999994202,7.2688803672790527
10.4999999999999289,123.2999999999994145,8.4954004287719727
10.4999999999999289,123.3999999999994088,10.3632011413574219
10.4999999999999289,123.7999999999993861,12.0281572341918945
10.4999999999999289,123.8999999999993804,12.9171895980834961
10.4999999999999289,123.9999999999993747,14.7006425857543945
10.4999999999999289,124.7999999999993292,8.3025903701782227
10.4999999999999289,124.8999999999993236,7.3026499748229980
10.4999999999999289,124.9999999999993179,7.2504501342773438
10.4999999999999289,125.0999999999993122,7.2628540992736816
10.3999999999999293,119.0999999999996533,12.0787982940673828
10.3999999999999293,119.1999999999996476,11.8862152099609375
10.3999999999999293,119.2999999999996419,11.9969520568847656
10.3999999999999293,119.3999999999996362,12.3134365081787109
10.3999999999999293,119.4999999999996305,12.6844453811645508
10.3999999999999293,122.8999999999994373,10.6156749725341797
10.3999999999999293,122.9999999999994316,9.3788251876831055
10.3999999999999293,123.0999999999994259,8.3338794708251953
10.3999999999999293,123.1999999999994202,8.0973272323608398
10.3999999999999293,123.2999999999994145,9.1985425949096680
10.3999999999999293,123.6999999999993918,11.1852827072143555
10.3999999999999293,123.7999999999993861,11.6694889068603516
10.3999999999999293,123.8999999999993804,12.6393251419067383
10.3999999999999293,123.9999999999993747,13.7958526611328125
10.3999999999999293,124.7999999999993292,8.4029607772827148
10.3999999999999293,124.8999999999993236,7.5419473648071289
10.3999999999999293,124.9999999999993179,7.5047197341918945
10.3999999999999293,125.0999999999993122,7.7411651611328125
10.3999999999999293,125.1999999999993065,8.2575178146362305
10.3999999999999293,125.5999999999992838,9.8310184478759766
10.2999999999999297,118.9999999999996589,10.2644777297973633
10.2999999999999297,119.0999999999996533,10.1683559417724609
10.2999999999999297,119.1999999999996476,10.1471643447875977
10.2999999999999297,119.2999999999996419,10.3209323883056641
10.2999999999999297,122.8999999999994373,9.8973541259765625
10.2999999999999297,122.9999999999994316,9.1118097305297852
10.2999999999999297,123.0999999999994259,8.9380617141723633
10.2999999999999297,123.1999999999994202,9.1128339767456055
10.2999999999999297,123.2999999999994145,10.0797767639160156
10.2999999999999297,123.5999999999993975,11.5412988662719727
10.2999999999999297,123.6999999999993918,11.1037740707397461
10.2999999999999297,123.7999999999993861,11.3336420059204102
10.2999999999999297,124.7999999999993292,8.5177145004272461
10.2999999999999297,124.8999999999993236,7.7004175186157227
10.2999999999999297,125.0999999999993122,8.2998924255371094
10.2999999999999297,125.1999999999993065,8.8685321807861328
10.2999999999999297,125.5999999999992838,9.7150335311889648
10.1999999999999300,118.7999999999996703,13.0229816436767578
10.1999999999999300,118.9999999999996589,9.4821195602416992
10.1999999999999300,119.0999999999996533,9.9164190292358398
10.1999999999999300,119.1999999999996476,10.4766111373901367
10.1999999999999300,122.8999999999994373,9.4962530136108398
10.1999999999999300,122.9999999999994316,9.2144899368286133
10.1999999999999300,123.0999999999994259,9.1997785568237305
10.1999999999999300,123.1999999999994202,9.3118047714233398
10.1999999999999300,123.2999999999994145,10.0039415359497070
10.1999999999999300,123.5999999999993975,11.1320066452026367
10.1999999999999300,123.6999999999993918,10.8536424636840820
10.1999999999999300,124.8999999999993236,8.3004665374755859
10.1999999999999300,125.5999999999992838,8.8442544937133789
10.0999999999999304,118.8999999999996646,10.8467168807983398
10.0999999999999304,118.9999999999996589,10.5410213470458984
10.0999999999999304,119.0999999999996533,11.4426631927490234
10.0999999999999304,119.1999999999996476,12.4210462570190430
10.0999999999999304,122.8999999999994373,9.6283264160156250
10.0999999999999304,122.9999999999994316,9.3743524551391602
10.0999999999999304,123.0999999999994259,9.2300758361816406
10.0999999999999304,123.1999999999994202,9.1838483810424805
10.0999999999999304,123.4999999999994031,9.7290792465209961
10.0999999999999304,123.5999999999993975,10.2075910568237305
10.0999999999999304,124.1999999999993634,10.5593442916870117
10.0999999999999304,124.2999999999993577,9.7848892211914062
10.0999999999999304,124.3999999999993520,10.4658155441284180
10.0999999999999304,125.1999999999993065,10.1537113189697266
10.0999999999999304,125.5999999999992838,7.9229164123535156
9.9999999999999307,118.7999999999996703,11.2453145980834961
9.9999999999999307,118.8999999999996646,10.7690925598144531
9.9999999999999307,118.9999999999996589,11.2757024765014648
9.9999999999999307,119.0999999999996533,12.5025253295898438
9.9999999999999307,122.7999999999994429,10.4896974563598633
9.9999999999999307,122.8999999999994373,9.8905200958251953
9.9999999999999307,122.9999999999994316,9.5564012527465820
9.9999999999999307,123.0999999999994259,9.3192720413208008
9.9999999999999307,123.1999999999994202,9.1114416122436523
9.9999999999999307,123.3999999999994088,8.9106931686401367
9.9999999999999307,123.4999999999994031,8.6585836410522461
9.9999999999999307,123.5999999999993975,9.2091856002807617
9.9999999999999307,124.0999999999993690,10.1263771057128906
9.9999999999999307,124.1999999999993634,9.4507932662963867
9.9999999999999307,124.2999999999993577,8.7928934097290039
9.9999999999999307,124.3999999999993520,9.8086004257202148
9.9999999999999307,124.4999999999993463,11.5872058868408203
9.9999999999999307,125.1999999999993065,10.7330789566040039
9.9999999999999307,125.5999999999992838,6.9670410156250000
9.8999999999999311,118.5999999999996817,10.9540233612060547
9.8999999999999311,118.6999999999996760,10.2071304321289062
9.8999999999999311,122.3999999999994657,15.1327075958251953
9.8999999999999311,122.4999999999994600,12.6815032958984375
9.8999999999999311,122.5999999999994543,11.3589086532592773
9.8999999999999311,122.6999999999994486,10.6916885375976562
9.8999999999999311,122.7999999999994429,10.3359251022338867
9.8999999999999311,122.8999999999994373,10.0044946670532227
9.8999999999999311,122.9999999999994316,9.8124723434448242
9.8999999999999311,123.0999999999994259,9.6453542709350586
9.8999999999999311,123.3999999999994088,8.2396287918090820
9.8999999999999311,123.4999999999994031,8.0816993713378906
9.8999999999999311,123.5999999999993975,8.7606201171875000
9.8999999999999311,123.8999999999993804,10.4115781784057617
9.8999999999999311,123.9999999999993747,10.1639375686645508
9.8999999999999311,124.0999999999993690,9.5532064437866211
9.8999999999999311,124.1999999999993634,8.8378362655639648
9.8999999999999311,124.2999999999993577,8.1839666366577148
9.8999999999999311,124.3999999999993520,9.5575141906738281
9.8999999999999311,124.4999999999993463,11.7253055572509766
9.8999999999999311,125.5999999999992838,5.0717291831970215
9.8999999999999311,125.9999999999992610,6.7596068382263184
9.7999999999999314,118.5999999999996817,10.5108337402343750
9.7999999999999314,118.6999999999996760,8.7435331344604492
9.7999999999999314,122.4999999999994600,12.4237909317016602
9.7999999999999314,122.5999999999994543,10.5832090377807617
9.7999999999999314,122.6999999999994486,10.1965999603271484
9.7999999999999314,122.7999999999994429,10.1636114120483398
9.7999999999999314,122.8999999999994373,10.1426782608032227
9.7999999999999314,122.9999999999994316,10.1004896163940430
9.7999999999999314,123.0999999999994259,10.0694189071655273
9.7999999999999314,123.3999999999994088,8.4133710861206055
9.7999999999999314,123.4999999999994031,7.9107003211975098
9.7999999999999314,123.8999999999993804,10.1667566299438477
9.7999999999999314,123.9999999999993747,9.5512723922729492
9.7999999999999314,124.0999999999993690,9.0257596969604492
9.7999999999999314,124.1999999999993634,8.5428934097290039
9.7999999999999314,124.2999999999993577,8.3487081527709961
9.7999999999999314,124.3999999999993520,9.6853551864624023
9.7999999999999314,124.4999999999993463,11.9699392318725586
9.7999999999999314,125.9999999999992610,6.4703240394592285
9.7999999999999314,126.0999999999992554,7.7455568313598633
9.6999999999999318,118.3999999999996930,12.8099308013916016
9.6999999999999318,118.4999999999996874,11.5605659484863281
9.6999999999999318,118.5999999999996817,9.8543224334716797
9.6999999999999318,118.6999999999996760,8.9506378173828125
9.6999999999999318,122.4999999999994600,12.3874101638793945
9.6999999999999318,122.5999999999994543,10.0367059707641602
9.6999999999999318,122.6999999999994486,9.7754583358764648
9.6999999999999318,122.7999999999994429,9.9756441116333008
9.6999999999999318,122.8999999999994373,10.1999616622924805
9.6999999999999318,122.9999999999994316,10.2514438629150391
9.6999999999999318,123.0999999999994259,10.2828216552734375
9.6999999999999318,123.3999999999994088,8.2703084945678711
9.6999999999999318,123.8999999999993804,9.9506444931030273
9.6999999999999318,123.9999999999993747,9.1616964340209961
9.6999999999999318,124.0999999999993690,8.7596416473388672
9.6999999999999318,124.1999999999993634,8.5029220581054688
9.6999999999999318,124.2999999999993577,8.3903503417968750
9.6999999999999318,124.3999999999993520,9.6394958496093750
9.6999999999999318,125.4999999999992895,6.1700439453125000
9.5999999999999321,118.3999999999996930,11.6888179779052734
9.5999999999999321,118.4999999999996874,10.8359680175781250
9.5999999999999321,118.5999999999996817,10.2675848007202148
9.5999999999999321,118.6999999999996760,9.9980878829956055
9.5999999999999321,122.4999999999994600,12.4482851028442383
9.5999999999999321,122.5999999999994543,10.8651037216186523
9.5999999999999321,122.6999999999994486,9.8286781311035156
9.5999999999999321,122.7999999999994429,9.7250518798828125
9.5999999999999321,122.8999999999994373,9.9126310348510742
9.5999999999999321,122.9999999999994316,9.7903938293457031
9.5999999999999321,123.0999999999994259,9.6389675140380859
9.5999999999999321,123.2999999999994145,8.1787462234497070
9.5999999999999321,123.3999999999994088,7.4826264381408691
9.5999999999999321,123.7999999999993861,11.3290548324584961
9.5999999999999321,125.3999999999992951,6.9521303176879883
9.5999999999999321,125.4999999999992895,5.5087871551513672
9.5999999999999321,125.5999999999992838,3.7802143096923828
9.5999999999999321,125.6999999999992781,2.5592877864837646
9.4999999999999325,118.2999999999996987,11.2136144638061523
9.4999999999999325,118.3999999999996930,9.9692821502685547
9.4999999999999325,118.4999999999996874,10.3030958175659180
9.4999999999999325,118.5999999999996817,10.8922071456909180
9.4999999999999325,122.5999999999994543,12.5151777267456055
9.4999999999999325,122.6999999999994486,11.1200122833251953
9.4999999999999325,122.7999999999994429,9.8787307739257812
9.4999999999999325,122.8999999999994373,9.5807867050170898
9.4999999999999325,122.9999999999994316,9.1324129104614258
9.4999999999999325,123.0999999999994259,8.6336469650268555
9.4999999999999325,123.3999999999994088,6.9975066184997559
9.4999999999999325,125.4999999999992895,5.6927318572998047
9.4999999999999325,125.5999999999992838,4.0298066139221191
9.4999999999999325,125.6999999999992781,2.8802154064178467
9.4999999999999325,125.7999999999992724,2.6285321712493896
9.3999999999999329,118.1999999999997044,10.6754446029663086
9.3999999999999329,118.2999999999996987,9.9530897140502930
9.3999999999999329,118.3999999999996930,9.1762742996215820
9.3999999999999329,118.4999999999996874,10.5408248901367188
9.3999999999999329,122.7999999999994429,10.5559272766113281
9.3999999999999329,122.8999999999994373,9.2181320190429688
9.3999999999999329,122.9999999999994316,8.5875930786132812
9.3999999999999329,123.0999999999994259,7.8618645668029785
9.3999999999999329,123.1999999999994202,7.1737122535705566
9.3999999999999329,125.5999999999992838,4.6627511978149414
9.3999999999999329,125.6999999999992781,3.8958885669708252
9.3999999999999329,125.7999999999992724,2.8118975162506104
9.3999999999999329,125.8999999999992667,3.0512969493865967
9.2999999999999332,118.0999999999997101,11.0442752838134766
9.2999999999999332,118.1999999999997044,10.9163398742675781
9.2999999999999332,118.2999999999996987,10.8457899093627930
9.2999999999999332,118.3999999999996930,10.6843175888061523
9.2999999999999332,122.8999999999994373,9.7477750778198242
9.2999999999999332,122.9999999999994316,8.2506828308105469
9.2999999999999332,123.0999999999994259,7.6353182792663574
9.2999999999999332,123.1999999999994202,7.0771965980529785
9.2999999999999332,123.2999999999994145,6.7287573814392090
9.2999999999999332,125.5999999999992838,4.7977433204650879
9.2999999999999332,125.6999999999992781,4.2492103576660156
9.2999999999999332,125.7999999999992724,2.7739849090576172
9.2999999999999332,125.8999999999992667,2.8072264194488525
9.1999999999999336,117.8999999999997215,10.4389257431030273
9.1999999999999336,117.9999999999997158,10.7023420333862305
9.1999999999999336,118.0999999999997101,10.6632490158081055
9.1999999999999336,118.1999999999997044,11.2234544754028320
9.1999999999999336,122.8999999999994373,10.8043079376220703
9.1999999999999336,122.9999999999994316,8.7291059494018555
9.1999999999999336,123.0999999999994259,7.5025658607482910
9.1999999999999336,123.1999999999994202,7.1603655815124512
9.1999999999999336,123.4999999999994031,9.5822353363037109
9.1999999999999336,123.5999999999993975,10.4623031616210938
9.1999999999999336,124.6999999999993349,9.5293493270874023
9.1999999999999336,124.7999999999993292,8.0261182785034180
9.1999999999999336,125.5999999999992838,5.1366038322448730
9.1999999999999336,125.6999999999992781,4.5390563011169434
9.1999999999999336,125.7999999999992724,3.1526658535003662
9.1999999999999336,125.8999999999992667,2.7225844860076904
9.1999999999999336,125.9999999999992610,2.9494130611419678
9.1999999999999336,126.0999999999992554,5.0415759086608887
9.0999999999999339,117.7999999999997272,9.7354621887207031
9.0999999999999339,117.8999999999997215,9.3861522674560547
9.0999999999999339,117.9999999999997158,9.8638792037963867
9.0999999999999339,122.9999999999994316,9.5772809982299805
9.0999999999999339,123.0999999999994259,7.5959239006042480
9.0999999999999339,123.5999999999993975,10.3327703475952148
9.0999999999999339,125.5999999999992838,4.8853716850280762
9.0999999999999339,125.6999999999992781,4.0852117538452148
9.0999999999999339,125.7999999999992724,3.4134202003479004
9.0999999999999339,125.8999999999992667,2.8106815814971924
9.0999999999999339,125.9999999999992610,2.6094119548797607
9.0999999999999339,126.0999999999992554,4.6911363601684570
8.9999999999999343,117.5999999999997385,10.8105077743530273
8.9999999999999343,117.6999999999997328,10.0569725036621094
8.9999999999999343,117.7999999999997272,8.7256088256835938
8.9999999999999343,117.8999999999997215,8.8323040008544922
8.9999999999999343,117.9999999999997158,10.2367753982543945
8.9999999999999343,125.2999999999993008,5.1702022552490234
8.9999999999999343,125.3999999999992951,5.8592200279235840
8.9999999999999343,125.5999999999992838,4.3040370941162109
8.9999999999999343,125.6999999999992781,2.9807350635528564
8.9999999999999343,125.7999999999992724,2.9376142024993896
8.9999999999999343,125.8999999999992667,3.0414984226226807
8.9999999999999343,125.9999999999992610,3.2520318031311035
8.9999999999999343,126.0999999999992554,4.5487270355224609
8.9999999999999343,126.1999999999992497,6.3339395523071289
8.8999999999999346,117.4999999999997442,10.2739248275756836
8.8999999999999346,117.5999999999997385,9.0747690200805664
8.8999999999999346,117.6999999999997328,8.2673435211181641
8.8999999999999346,117.7999999999997272,7.4682130813598633
8.8999999999999346,117.8999999999997215,8.3788785934448242
8.8999999999999346,117.9999999999997158,10.2282743453979492
8.8999999999999346,124.7999999999993292,4.2689371109008789
8.8999999999999346,124.8999999999993236,3.9203355312347412
8.8999999999999346,124.9999999999993179,3.2863087654113770
8.8999999999999346,125.1999999999993065,3.3818271160125732
8.8999999999999346,125.2999999999993008,3.8496472835540771
8.8999999999999346,125.3999999999992951,4.8001461029052734
8.8999999999999346,125.4999999999992895,4.5468440055847168
8.8999999999999346,125.5999999999992838,3.4863827228546143
8.8999999999999346,125.6999999999992781,2.8553235530853271
8.8999999999999346,125.7999999999992724,2.8770408630371094
8.8999999999999346,125.8999999999992667,3.2823593616485596
8.8999999999999346,125.9999999999992610,3.7690651416778564
8.8999999999999346,126.0999999999992554,4.6178097724914551
8.8999999999999346,126.1999999999992497,5.8413290977478027
8.8999999999999346,126.2999999999992440,7.1049494743347168
8.7999999999999350,117.4999999999997442,10.0716848373413086
8.7999999999999350,117.5999999999997385,8.8755779266357422
8.7999999999999350,117.6999999999997328,8.6972465515136719
8.7999999999999350,117.7999999999997272,8.3874635696411133
8.7999999999999350,117.8999999999997215,8.5380516052246094
8.7999999999999350,124.8999999999993236,3.9122560024261475
8.7999999999999350,124.9999999999993179,3.5552468299865723
8.7999999999999350,125.0999999999993122,3.5710799694061279
8.7999999999999350,125.1999999999993065,3.1959104537963867
8.7999999999999350,125.2999999999993008,2.5159595012664795
8.7999999999999350,125.3999999999992951,3.5236022472381592
8.7999999999999350,125.4999999999992895,3.6890106201171875
8.7999999999999350,125.5999999999992838,3.2697694301605225
8.7999999999999350,125.6999999999992781,3.0220015048980713
8.7999999999999350,125.7999999999992724,3.0786697864532471
8.7999999999999350,125.8999999999992667,3.5750145912170410
8.7999999999999350,125.9999999999992610,4.2323932647705078
8.7999999999999350,126.0999999999992554,4.8727974891662598
8.7999999999999350,126.1999999999992497,5.6337180137634277
8.7999999999999350,126.2999999999992440,6.3553752899169922
8.6999999999999353,117.3999999999997499,11.7721853256225586
8.6999999999999353,117.4999999999997442,11.0042819976806641
8.6999999999999353,117.5999999999997385,10.6399011611938477
8.6999999999999353,123.4999999999994031,8.3352870941162109
8.6999999999999353,124.7999999999993292,3.3539216518402100
8.6999999999999353,124.8999999999993236,4.1793470382690430
8.6999999999999353,124.9999999999993179,3.9937939643859863
8.6999999999999353,125.0999999999993122,3.8914945125579834
8.6999999999999353,125.1999999999993065,3.1781616210937500
8.6999999999999353,125.2999999999993008,1.8264797925949097
8.6999999999999353,125.3999999999992951,2.7962327003479004
8.6999999999999353,125.4999999999992895,3.1800756454467773
8.6999999999999353,125.5999999999992838,3.1331167221069336
8.6999999999999353,125.6999999999992781,3.2015278339385986
8.6999999999999353,125.7999999999992724,3.4221725463867188
8.6999999999999353,125.8999999999992667,3.9195961952209473
8.6999999999999353,125.9999999999992610,4.5251040458679199
8.6999999999999353,126.0999999999992554,5.0311827659606934
8.5999999999999357,117.3999999999997499,11.7628030776977539
8.5999999999999357,117.4999999999997442,11.8043966293334961
8.5999999999999357,123.3999999999994088,7.7610297203063965
8.5999999999999357,123.4999999999994031,8.3727674484252930
8.5999999999999357,123.5999999999993975,9.8558301925659180
8.5999999999999357,123.6999999999993918,11.3845481872558594
8.5999999999999357,124.7999999999993292,3.7580516338348389
8.5999999999999357,124.8999999999993236,4.3991122245788574
8.5999999999999357,124.9999999999993179,4.4177751541137695
8.5999999999999357,125.0999999999993122,4.3054599761962891
8.5999999999999357,125.1999999999993065,3.4422631263732910
8.5999999999999357,125.2999999999993008,2.0941164493560791
8.5999999999999357,125.3999999999992951,2.1292481422424316
8.5999999999999357,125.4999999999992895,2.7709219455718994
8.5999999999999357,125.5999999999992838,3.0664303302764893
8.5999999999999357,125.6999999999992781,3.4390041828155518
8.5999999999999357,125.7999999999992724,3.7693200111389160
8.5999999999999357,125.8999999999992667,4.2663693428039551
8.5999999999999357,125.9999999999992610,4.8581953048706055
8.5999999999999357,126.0999999999992554,5.1929612159729004
8.4999999999999361,117.1999999999997613,13.5218505859375000
8.4999999999999361,117.2999999999997556,12.4226579666137695
8.4999999999999361,117.3999999999997499,12.1023283004760742
8.4999999999999361,123.0999999999994259,9.2882938385009766
8.4999999999999361,123.2999999999994145,7.0182175636291504
8.4999999999999361,123.3999999999994088,7.2376413345336914
8.4999999999999361,123.4999999999994031,8.0024671554565430
8.4999999999999361,123.5999999999993975,9.3127832412719727
8.4999999999999361,123.6999999999993918,10.6901769638061523
8.4999999999999361,123.7999999999993861,11.2873754501342773
8.4999999999999361,124.2999999999993577,6.3480200767517090
8.4999999999999361,124.3999999999993520,5.2642154693603516
8.4999999999999361,124.4999999999993463,4.3108005523681641
8.4999999999999361,124.6999999999993349,4.0636124610900879
8.4999999999999361,124.7999999999993292,4.0084180831909180
8.4999999999999361,124.8999999999993236,4.7798719406127930
8.4999999999999361,124.9999999999993179,4.4997515678405762
8.4999999999999361,125.0999999999993122,4.2762060165405273
8.4999999999999361,125.1999999999993065,3.4797210693359375
8.4999999999999361,125.2999999999993008,2.2640063762664795
8.4999999999999361,125.3999999999992951,2.0978372097015381
8.4999999999999361,125.4999999999992895,2.6720912456512451
8.4999999999999361,125.5999999999992838,3.2538971900939941
8.4999999999999361,125.6999999999992781,3.8509266376495361
8.4999999999999361,125.7999999999992724,4.2317657470703125
8.4999999999999361,125.8999999999992667,4.6383938789367676
8.4999999999999361,125.9999999999992610,5.0626826286315918
8.4999999999999361,126.0999999999992554,5.2124323844909668
8.4999999999999361,126.1999999999992497,5.3191456794738770
8.4999999999999361,126.2999999999992440,6.0439615249633789
8.3999999999999364,123.0999999999994259,8.9487895965576172
8.3999999999999364,123.1999999999994202,7.7062449455261230
8.3999999999999364,123.2999999999994145,7.2828021049499512
8.3999999999999364,123.3999999999994088,7.1788744926452637
8.3999999999999364,123.4999999999994031,7.4677476882934570
8.3999999999999364,123.5999999999993975,8.4425172805786133
8.3999999999999364,123.6999999999993918,9.5388164520263672
8.3999999999999364,123.7999999999993861,10.4296255111694336
8.3999999999999364,124.2999999999993577,6.6866354942321777
8.3999999999999364,124.3999999999993520,5.0157489776611328
8.3999999999999364,124.4999999999993463,4.0621147155761719
8.3999999999999364,124.5999999999993406,4.2534108161926270
8.3999999999999364,124.6999999999993349,3.8468139171600342
8.3999999999999364,124.7999999999993292,4.5391206741333008
8.3999999999999364,124.8999999999993236,4.9407925605773926
8.3999999999999364,124.9999999999993179,4.4595789909362793
8.3999999999999364,125.0999999999993122,3.9482879638671875
8.3999999999999364,125.1999999999993065,3.3156497478485107
8.3999999999999364,125.2999999999993008,2.6868348121643066
8.3999999999999364,125.3999999999992951,2.5764615535736084
8.3999999999999364,125.4999999999992895,3.0856125354766846
8.3999999999999364,125.5999999999992838,3.8127086162567139
8.3999999999999364,125.6999999999992781,4.5023469924926758
8.3999999999999364,125.7999999999992724,4.7793798446655273
8.3999999999999364,125.8999999999992667,5.0199708938598633
8.3999999999999364,125.9999999999992610,5.3190283775329590
8.3999999999999364,126.0999999999992554,5.1645827293395996
8.3999999999999364,126.1999999999992497,5.0102934837341309
8.3999999999999364,126.2999999999992440,4.9131646156311035
8.2999999999999368,117.2999999999997556,15.5886430740356445
8.2999999999999368,122.9999999999994316,10.5219125747680664
8.2999999999999368,123.0999999999994259,9.1540174484252930
8.2999999999999368,123.1999999999994202,7.8822870254516602
8.2999999999999368,123.2999999999994145,7.5613322257995605
8.2999999999999368,123.3999999999994088,7.3049340248107910
8.2999999999999368,123.4999999999994031,7.2924561500549316
8.2999999999999368,123.5999999999993975,7.5534644126892090
8.2999999999999368,123.6999999999993918,8.3527212142944336
8.2999999999999368,123.7999999999993861,9.1055898666381836
8.2999999999999368,124.2999999999993577,6.9852342605590820
8.2999999999999368,124.3999999999993520,5.7643008232116699
8.2999999999999368,124.4999999999993463,4.7606487274169922
8.2999999999999368,124.5999999999993406,4.2333793640136719
8.2999999999999368,124.6999999999993349,4.5057749748229980
8.2999999999999368,124.7999999999993292,4.9919791221618652
8.2999999999999368,124.8999999999993236,5.1473312377929688
8.2999999999999368,124.9999999999993179,4.3283371925354004
8.2999999999999368,125.0999999999993122,3.6159989833831787
8.2999999999999368,125.1999999999993065,3.2532093524932861
8.2999999999999368,125.2999999999993008,3.2195248603820801
8.2999999999999368,125.3999999999992951,3.3113734722137451
8.2999999999999368,125.4999999999992895,3.8064389228820801
8.2999999999999368,125.5999999999992838,4.5237474441528320
8.2999999999999368,125.6999999999992781,5.2556543350219727
8.2999999999999368,125.7999999999992724,5.3793640136718750
8.2999999999999368,125.8999999999992667,5.3856472969055176
8.2999999999999368,125.9999999999992610,5.4361491203308105
8.2999999999999368,126.0999999999992554,5.1243009567260742
8.2999999999999368,126.1999999999992497,4.7168927192687988
8.2999999999999368,126.2999999999992440,4.3682765960693359
8.1999999999999371,122.9999999999994316,10.1934843063354492
8.1999999999999371,123.0999999999994259,8.5354042053222656
8.1999999999999371,123.1999999999994202,7.4407382011413574
8.1999999999999371,123.2999999999994145,7.1283617019653320
8.1999999999999371,123.3999999999994088,6.9164476394653320
8.1999999999999371,123.4999999999994031,6.8487915992736816
8.1999999999999371,123.5999999999993975,7.0516467094421387
8.1999999999999371,123.6999999999993918,7.6525969505310059
8.1999999999999371,123.7999999999993861,8.1775941848754883
8.1999999999999371,124.0999999999993690,8.5124797821044922
8.1999999999999371,124.1999999999993634,7.6233100891113281
8.1999999999999371,124.2999999999993577,6.8980407714843750
8.1999999999999371,124.3999999999993520,6.0661458969116211
8.1999999999999371,124.4999999999993463,5.3782248497009277
8.1999999999999371,124.5999999999993406,4.9332728385925293
8.1999999999999371,124.6999999999993349,4.6573872566223145
8.1999999999999371,124.7999999999993292,4.5897078514099121
8.1999999999999371,124.8999999999993236,4.4599890708923340
8.1999999999999371,124.9999999999993179,3.7961494922637939
8.1999999999999371,125.0999999999993122,3.5960838794708252
8.1999999999999371,125.1999999999993065,3.7110869884490967
8.1999999999999371,125.2999999999993008,3.9504985809326172
8.1999999999999371,125.3999999999992951,4.2324819564819336
8.1999999999999371,125.4999999999992895,4.5905761718750000
8.1999999999999371,125.5999999999992838,5.0536932945251465
8.1999999999999371,125.6999999999992781,5.6463861465454102
8.1999999999999371,125.7999999999992724,5.7097086906433105
8.1999999999999371,125.8999999999992667,5.6593589782714844
8.1999999999999371,125.9999999999992610,5.7106785774230957
8.1999999999999371,126.0999999999992554,5.1526651382446289
8.1999999999999371,126.1999999999992497,4.4970045089721680
8.1999999999999371,126.2999999999992440,3.8402035236358643
8.1999999999999371,126.3999999999992383,4.2144813537597656
8.0999999999999375,116.9999999999997726,16.5684947967529297
8.0999999999999375,122.7999999999994429,11.1791915893554688
8.0999999999999375,122.8999999999994373,10.3960170745849609
8.0999999999999375,122.9999999999994316,9.1554107666015625
8.0999999999999375,123.0999999999994259,7.7752680778503418
8.0999999999999375,123.1999999999994202,6.6479105949401855
8.0999999999999375,123.2999999999994145,6.4293169975280762
8.0999999999999375,123.3999999999994088,6.3077840805053711
8.0999999999999375,123.4999999999994031,6.2301721572875977
8.0999999999999375,123.5999999999993975,6.3823094367980957
8.0999999999999375,123.6999999999993918,6.8013749122619629
8.0999999999999375,123.7999999999993861,7.2030220031738281
8.0999999999999375,123.9999999999993747,7.9349145889282227
8.0999999999999375,124.0999999999993690,7.6692047119140625
8.0999999999999375,124.1999999999993634,7.1549086570739746
8.0999999999999375,124.2999999999993577,6.6709671020507812
8.0999999999999375,124.3999999999993520,6.1947231292724609
8.0999999999999375,124.4999999999993463,5.8600668907165527
8.0999999999999375,124.5999999999993406,5.5092959403991699
8.0999999999999375,124.6999999999993349,4.8498358726501465
8.0999999999999375,124.7999999999993292,4.3371419906616211
8.0999999999999375,124.8999999999993236,3.8908627033233643
8.0999999999999375,124.9999999999993179,3.8415505886077881
8.0999999999999375,125.0999999999993122,4.0790052413940430
8.0999999999999375,125.1999999999993065,4.4292893409729004
8.0999999999999375,125.2999999999993008,4.8036479949951172
8.0999999999999375,125.3999999999992951,5.1798100471496582
8.0999999999999375,125.4999999999992895,5.3788409233093262
8.0999999999999375,125.5999999999992838,5.5669116973876953
8.0999999999999375,125.6999999999992781,5.9911746978759766
8.0999999999999375,125.7999999999992724,5.9353799819946289
8.0999999999999375,125.8999999999992667,5.8962936401367188
8.0999999999999375,125.9999999999992610,5.9331488609313965
8.0999999999999375,126.0999999999992554,5.1878657341003418
8.0999999999999375,126.1999999999992497,4.2766809463500977
8.0999999999999375,126.2999999999992440,3.3547272682189941
8.0999999999999375,126.3999999999992383,4.8037590980529785
7.9999999999999378,116.9999999999997726,16.6002616882324219
7.9999999999999378,122.2999999999994714,8.8629798889160156
7.9999999999999378,122.3999999999994657,9.1367588043212891
7.9999999999999378,122.4999999999994600,10.3910007476806641
7.9999999999999378,122.5999999999994543,11.6658716201782227
7.9999999999999378,122.6999999999994486,11.2460498809814453
7.9999999999999378,122.7999999999994429,10.2011785507202148
7.9999999999999378,122.8999999999994373,9.2263641357421875
7.9999999999999378,122.9999999999994316,8.2182559967041016
7.9999999999999378,123.0999999999994259,7.2144846916198730
7.9999999999999378,123.1999999999994202,6.3342475891113281
7.9999999999999378,123.2999999999994145,6.1500291824340820
7.9999999999999378,123.3999999999994088,6.0482287406921387
7.9999999999999378,123.4999999999994031,6.0411734580993652
7.9999999999999378,123.5999999999993975,5.9476037025451660
7.9999999999999378,123.6999999999993918,6.1376342773437500
7.9999999999999378,123.7999999999993861,6.3721051216125488
7.9999999999999378,123.8999999999993804,6.5793228149414062
7.9999999999999378,123.9999999999993747,6.7625794410705566
7.9999999999999378,124.0999999999993690,6.7032923698425293
7.9999999999999378,124.1999999999993634,6.4759383201599121
7.9999999999999378,124.2999999999993577,6.3185319900512695
7.9999999999999378,124.3999999999993520,6.2571859359741211
7.9999999999999378,124.4999999999993463,6.2764391899108887
7.9999999999999378,124.5999999999993406,6.2210369110107422
7.9999999999999378,124.6999999999993349,5.3837828636169434
7.9999999999999378,124.7999999999993292,4.4935483932495117
7.9999999999999378,124.8999999999993236,3.9240810871124268
7.9999999999999378,124.9999999999993179,4.2653436660766602
7.9999999999999378,125.0999999999993122,4.6403188705444336
7.9999999999999378,125.1999999999993065,5.0269622802734375
7.9999999999999378,125.2999999999993008,5.4266042709350586
7.9999999999999378,125.3999999999992951,5.8564739227294922
7.9999999999999378,125.4999999999992895,5.9334988594055176
7.9999999999999378,125.5999999999992838,5.9228825569152832
7.9999999999999378,125.6999999999992781,6.2391819953918457
7.9999999999999378,125.7999999999992724,6.0456395149230957
7.9999999999999378,125.8999999999992667,6.0449295043945312
7.9999999999999378,125.9999999999992610,6.0916666984558105
7.9999999999999378,126.0999999999992554,5.1286883354187012
7.9999999999999378,126.1999999999992497,4.0717597007751465
7.9999999999999378,126.2999999999992440,2.8998405933380127
7.8999999999999382,116.9999999999997726,16.4110374450683594
7.8999999999999382,122.2999999999994714,8.6007957458496094
7.8999999999999382,122.3999999999994657,9.1070508956909180
7.8999999999999382,122.4999999999994600,10.4529561996459961
7.8999999999999382,122.5999999999994543,11.6914520263671875
7.8999999999999382,122.6999999999994486,11.1275262832641602
7.8999999999999382,122.7999999999994429,9.7197656631469727
7.8999999999999382,122.8999999999994373,8.4498100280761719
7.8999999999999382,122.9999999999994316,7.6160507202148438
7.8999999999999382,123.0999999999994259,6.9172868728637695
7.8999999999999382,123.1999999999994202,6.3824748992919922
7.8999999999999382,123.2999999999994145,6.4365234375000000
7.8999999999999382,123.3999999999994088,6.6234946250915527
7.8999999999999382,123.4999999999994031,6.7358584403991699
7.8999999999999382,123.5999999999993975,6.3323025703430176
7.8999999999999382,123.6999999999993918,6.1383934020996094
7.8999999999999382,123.7999999999993861,5.9007563591003418
7.8999999999999382,123.8999999999993804,5.7081255912780762
7.8999999999999382,123.9999999999993747,5.5788865089416504
7.8999999999999382,124.0999999999993690,5.5655317306518555
7.8999999999999382,124.1999999999993634,5.6303334236145020
7.8999999999999382,124.2999999999993577,5.7292995452880859
7.8999999999999382,124.3999999999993520,5.7473540306091309
7.8999999999999382,124.4999999999993463,5.9433264732360840
7.8999999999999382,124.5999999999993406,6.0157508850097656
7.8999999999999382,124.6999999999993349,5.4679980278015137
7.8999999999999382,124.7999999999993292,4.8017196655273438
7.8999999999999382,124.8999999999993236,4.4536867141723633
7.8999999999999382,124.9999999999993179,4.5799193382263184
7.8999999999999382,125.0999999999993122,4.8010621070861816
7.8999999999999382,125.1999999999993065,5.0458521842956543
7.8999999999999382,125.2999999999993008,5.3323292732238770
7.8999999999999382,125.3999999999992951,5.6469378471374512
7.8999999999999382,125.4999999999992895,5.6709947586059570
7.8999999999999382,125.5999999999992838,5.6945376396179199
7.8999999999999382,125.6999999999992781,6.0935273170471191
7.8999999999999382,125.7999999999992724,5.8932666778564453
7.8999999999999382,125.8999999999992667,5.9212121963500977
7.8999999999999382,125.9999999999992610,6.0974574089050293
7.8999999999999382,126.0999999999992554,4.9344582557678223
7.8999999999999382,126.1999999999992497,3.6793885231018066
7.8999999999999382,126.2999999999992440,2.3472409248352051
7.7999999999999385,122.0999999999994827,9.3761291503906250
7.7999999999999385,122.1999999999994770,8.5974225997924805
7.7999999999999385,122.2999999999994714,8.4238948822021484
7.7999999999999385,122.3999999999994657,9.1442241668701172
7.7999999999999385,122.4999999999994600,10.5946788787841797
7.7999999999999385,122.5999999999994543,11.9641284942626953
7.7999999999999385,122.6999999999994486,11.3470125198364258
7.7999999999999385,122.7999999999994429,9.3403806686401367
7.7999999999999385,122.8999999999994373,7.6725792884826660
7.7999999999999385,122.9999999999994316,7.1115226745605469
7.7999999999999385,123.0999999999994259,6.7079482078552246
7.7999999999999385,123.1999999999994202,6.4111876487731934
7.7999999999999385,123.2999999999994145,6.8249583244323730
7.7999999999999385,123.3999999999994088,7.4011626243591309
7.7999999999999385,123.6999999999993918,6.3585333824157715
7.7999999999999385,123.7999999999993861,5.8534960746765137
7.7999999999999385,123.8999999999993804,5.0933237075805664
7.7999999999999385,123.9999999999993747,4.4667258262634277
7.7999999999999385,124.0999999999993690,4.4472517967224121
7.7999999999999385,124.1999999999993634,4.7351827621459961
7.7999999999999385,124.2999999999993577,5.1548967361450195
7.7999999999999385,124.3999999999993520,5.4408283233642578
7.7999999999999385,124.4999999999993463,5.6813130378723145
7.7999999999999385,124.5999999999993406,5.8902082443237305
7.7999999999999385,124.6999999999993349,5.6267008781433105
7.7999999999999385,124.7999999999993292,5.3589510917663574
7.7999999999999385,124.8999999999993236,5.2144775390625000
7.7999999999999385,124.9999999999993179,5.1642742156982422
7.7999999999999385,125.0999999999993122,5.1307744979858398
7.7999999999999385,125.1999999999993065,5.1428570747375488
7.7999999999999385,125.2999999999993008,5.1940541267395020
7.7999999999999385,125.3999999999992951,5.3047146797180176
7.7999999999999385,125.4999999999992895,5.2604794502258301
7.7999999999999385,125.5999999999992838,5.3648738861083984
7.7999999999999385,125.6999999999992781,5.7856965065002441
7.7999999999999385,125.7999999999992724,5.7178130149841309
7.7999999999999385,125.8999999999992667,5.8572492599487305
7.7999999999999385,125.9999999999992610,6.0478916168212891
7.7999999999999385,126.0999999999992554,4.7342925071716309
7.7999999999999385,126.1999999999992497,3.3691563606262207
7.7999999999999385,126.2999999999992440,2.0816848278045654
7.7999999999999385,126.3999999999992383,2.9058692455291748
7.6999999999999389,122.1999999999994770,8.2990140914916992
7.6999999999999389,122.2999999999994714,8.3356838226318359
7.6999999999999389,122.3999999999994657,9.2348241806030273
7.6999999999999389,122.4999999999994600,10.4586687088012695
7.6999999999999389,122.8999999999994373,7.7108268737792969
7.6999999999999389,122.9999999999994316,7.1118783950805664
7.6999999999999389,123.0999999999994259,6.8938674926757812
7.6999999999999389,123.1999999999994202,6.8821463584899902
7.6999999999999389,123.2999999999994145,7.3696465492248535
7.6999999999999389,123.3999999999994088,8.0769548416137695
7.6999999999999389,123.4999999999994031,8.7981824874877930
7.6999999999999389,123.8999999999993804,4.6633887290954590
7.6999999999999389,123.9999999999993747,3.8340141773223877
7.6999999999999389,124.0999999999993690,3.2489602565765381
7.6999999999999389,124.1999999999993634,3.7651271820068359
7.6999999999999389,124.2999999999993577,4.5253911018371582
7.6999999999999389,124.3999999999993520,4.9776778221130371
7.6999999999999389,124.4999999999993463,5.3898477554321289
7.6999999999999389,124.5999999999993406,5.6966929435729980
7.6999999999999389,124.6999999999993349,5.6422948837280273
7.6999999999999389,124.7999999999993292,5.6329627037048340
7.6999999999999389,124.8999999999993236,5.6312594413757324
7.6999999999999389,124.9999999999993179,5.4745788574218750
7.6999999999999389,125.0999999999993122,5.3147644996643066
7.6999999999999389,125.1999999999993065,5.1963214874267578
7.6999999999999389,125.2999999999993008,5.1347827911376953
7.6999999999999389,125.3999999999992951,5.0948157310485840
7.6999999999999389,125.4999999999992895,4.8701477050781250
7.6999999999999389,125.5999999999992838,5.0607476234436035
7.6999999999999389,125.6999999999992781,5.6754984855651855
7.6999999999999389,125.7999999999992724,5.6158938407897949
7.6999999999999389,125.8999999999992667,5.6698470115661621
7.6999999999999389,125.9999999999992610,6.1641616821289062
7.6999999999999389,126.0999999999992554,4.4742178916931152
7.6999999999999389,126.1999999999992497,3.1102089881896973
7.6999999999999389,126.2999999999992440,2.0113210678100586
7.6999999999999389,126.3999999999992383,2.7763562202453613
7.6999999999999389,126.4999999999992326,6.0648527145385742
7.5999999999999392,122.1999999999994770,8.1458568572998047
7.5999999999999392,122.2999999999994714,8.4673662185668945
7.5999999999999392,122.3999999999994657,9.4631032943725586
7.5999999999999392,122.8999999999994373,8.5138187408447266
7.5999999999999392,122.9999999999994316,8.0150585174560547
7.5999999999999392,123.1999999999994202,8.0525999069213867
7.5999999999999392,123.2999999999994145,8.2801122665405273
7.5999999999999392,123.3999999999994088,8.3071203231811523
7.5999999999999392,124.0999999999993690,3.0561988353729248
7.5999999999999392,124.1999999999993634,2.8889853954315186
7.5999999999999392,124.2999999999993577,3.7760853767395020
7.5999999999999392,124.3999999999993520,4.3338198661804199
7.5999999999999392,124.4999999999993463,4.7685446739196777
7.5999999999999392,124.5999999999993406,5.1284809112548828
7.5999999999999392,124.6999999999993349,5.0376734733581543
7.5999999999999392,124.7999999999993292,5.0712184906005859
7.5999999999999392,124.8999999999993236,5.1454901695251465
7.5999999999999392,124.9999999999993179,4.9863085746765137
7.5999999999999392,125.0999999999993122,4.9328055381774902
7.5999999999999392,125.1999999999993065,4.8493890762329102
7.5999999999999392,125.2999999999993008,4.8077540397644043
7.5999999999999392,125.3999999999992951,4.8075366020202637
7.5999999999999392,125.4999999999992895,4.6332182884216309
7.5999999999999392,125.5999999999992838,5.0043301582336426
7.5999999999999392,125.6999999999992781,5.9039931297302246
7.5999999999999392,125.7999999999992724,5.5695018768310547
7.5999999999999392,125.8999999999992667,5.1953005790710449
7.5999999999999392,125.9999999999992610,5.1904959678649902
7.5999999999999392,126.0999999999992554,4.0079441070556641
7.5999999999999392,126.1999999999992497,2.8164637088775635
7.5999999999999392,126.2999999999992440,1.8018096685409546
7.5999999999999392,126.3999999999992383,2.6272468566894531
7.5999999999999392,126.4999999999992326,5.0441966056823730
7.4999999999999396,122.0999999999994827,7.9600944519042969
7.4999999999999396,122.1999999999994770,8.0752620697021484
7.4999999999999396,122.2999999999994714,8.6020851135253906
7.4999999999999396,123.2999999999994145,9.3256778717041016
7.4999999999999396,123.3999999999994088,9.5123195648193359
7.4999999999999396,124.1999999999993634,2.6626040935516357
7.4999999999999396,124.2999999999993577,3.5654816627502441
7.4999999999999396,124.3999999999993520,4.0069956779479980
7.4999999999999396,124.4999999999993463,4.3834853172302246
7.4999999999999396,124.5999999999993406,4.6767201423645020
7.4999999999999396,124.6999999999993349,4.5074081420898438
7.4999999999999396,124.7999999999993292,4.6187691688537598
7.4999999999999396,124.8999999999993236,4.8042907714843750
7.4999999999999396,124.9999999999993179,4.6504611968994141
7.4999999999999396,125.0999999999993122,4.6124315261840820
7.4999999999999396,125.1999999999993065,4.5445833206176758
7.4999999999999396,125.2999999999993008,4.4825730323791504
7.4999999999999396,125.3999999999992951,4.4825148582458496
7.4999999999999396,125.4999999999992895,4.4355950355529785
7.4999999999999396,125.5999999999992838,5.0664706230163574
7.4999999999999396,125.6999999999992781,6.3290133476257324
7.4999999999999396,125.7999999999992724,5.5610785484313965
7.4999999999999396,125.8999999999992667,4.7431917190551758
7.4999999999999396,125.9999999999992610,4.5911350250244141
7.4999999999999396,126.0999999999992554,3.5504853725433350
7.4999999999999396,126.1999999999992497,2.6668722629547119
7.4999999999999396,126.2999999999992440,1.8778660297393799
7.4999999999999396,126.3999999999992383,3.0688016414642334
7.4999999999999396,126.4999999999992326,5.1399435997009277
7.4999999999999396,126.5999999999992269,7.5348749160766602
7.3999999999999400,122.0999999999994827,7.7387156486511230
7.3999999999999400,122.1999999999994770,8.2136230468750000
7.3999999999999400,122.2999999999994714,8.7784938812255859
7.3999999999999400,122.7999999999994429,11.2240104675292969
7.3999999999999400,123.3999999999994088,9.9344472885131836
7.3999999999999400,124.1999999999993634,3.1152913570404053
7.3999999999999400,124.2999999999993577,3.7213122844696045
7.3999999999999400,124.3999999999993520,3.9734141826629639
7.3999999999999400,124.4999999999993463,4.1466474533081055
7.3999999999999400,124.5999999999993406,4.2590022087097168
7.3999999999999400,124.6999999999993349,4.0536975860595703
7.3999999999999400,124.7999999999993292,4.1382970809936523
7.3999999999999400,124.8999999999993236,4.3485021591186523
7.3999999999999400,124.9999999999993179,4.1827344894409180
7.3999999999999400,125.0999999999993122,4.2252974510192871
7.3999999999999400,125.1999999999993065,4.1370544433593750
7.3999999999999400,125.2999999999993008,3.9787685871124268
7.3999999999999400,125.3999999999992951,3.9078178405761719
7.3999999999999400,125.4999999999992895,4.0021991729736328
7.3999999999999400,125.5999999999992838,5.3518705368041992
7.3999999999999400,125.6999999999992781,7.2457957267761230
7.3999999999999400,125.7999999999992724,5.8218088150024414
7.3999999999999400,125.8999999999992667,4.4346556663513184
7.3999999999999400,125.9999999999992610,3.8941037654876709
7.3999999999999400,126.0999999999992554,3.2720470428466797
7.3999999999999400,126.1999999999992497,2.7724444866180420
7.3999999999999400,126.2999999999992440,2.6411859989166260
7.3999999999999400,126.3999999999992383,4.0740399360656738
7.3999999999999400,126.4999999999992326,6.1349806785583496
7.2999999999999403,116.8999999999997783,14.5984792709350586
7.2999999999999403,117.0999999999997669,13.3667707443237305
7.2999999999999403,117.1999999999997613,12.8596773147583008
7.2999999999999403,122.0999999999994827,7.6449713706970215
7.2999999999999403,122.1999999999994770,8.6016883850097656
7.2999999999999403,124.1999999999993634,4.1271839141845703
7.2999999999999403,124.2999999999993577,4.1689748764038086
7.2999999999999403,124.3999999999993520,4.0561723709106445
7.2999999999999403,124.4999999999993463,3.9431896209716797
7.2999999999999403,124.5999999999993406,3.8822877407073975
7.2999999999999403,124.6999999999993349,3.6019687652587891
7.2999999999999403,124.7999999999993292,3.5608634948730469
7.2999999999999403,124.8999999999993236,3.6556365489959717
7.2999999999999403,124.9999999999993179,3.6260907649993896
7.2999999999999403,125.0999999999993122,3.8691246509552002
7.2999999999999403,125.1999999999993065,3.7814667224884033
7.2999999999999403,125.2999999999993008,3.2931003570556641
7.2999999999999403,125.3999999999992951,3.0305881500244141
7.2999999999999403,125.4999999999992895,3.7534565925598145
7.2999999999999403,125.5999999999992838,5.9880213737487793
7.2999999999999403,125.6999999999992781,7.9035811424255371
7.2999999999999403,125.8999999999992667,4.7564353942871094
7.2999999999999403,125.9999999999992610,3.7256290912628174
7.2999999999999403,126.0999999999992554,3.5193526744842529
7.2999999999999403,126.1999999999992497,3.4034671783447266
7.2999999999999403,126.2999999999992440,3.7810859680175781
7.2999999999999403,126.3999999999992383,5.7936949729919434
7.2999999999999403,126.4999999999992326,8.1353549957275391
7.2999999999999403,126.5999999999992269,10.6521100997924805
7.1999999999999407,117.0999999999997669,13.1448240280151367
7.1999999999999407,117.1999999999997613,12.4566011428833008
7.1999999999999407,121.9999999999994884,8.3383893966674805
7.1999999999999407,122.0999999999994827,7.7176890373229980
7.1999999999999407,122.1999999999994770,8.9740819931030273
7.1999999999999407,124.1999999999993634,4.6407837867736816
7.1999999999999407,124.2999999999993577,4.5383133888244629
7.1999999999999407,124.3999999999993520,4.1800155639648438
7.1999999999999407,124.4999999999993463,3.7837798595428467
7.1999999999999407,124.5999999999993406,3.4680080413818359
7.1999999999999407,124.6999999999993349,3.1690304279327393
7.1999999999999407,124.7999999999993292,3.0344874858856201
7.1999999999999407,124.8999999999993236,3.1121199131011963
7.1999999999999407,124.9999999999993179,3.3176083564758301
7.1999999999999407,125.0999999999993122,3.7076606750488281
7.1999999999999407,125.1999999999993065,3.4956238269805908
7.1999999999999407,125.2999999999993008,2.5986821651458740
7.1999999999999407,125.3999999999992951,2.3298282623291016
7.1999999999999407,125.4999999999992895,4.0254845619201660
7.1999999999999407,125.5999999999992838,6.8950471878051758
7.1999999999999407,125.9999999999992610,4.0864720344543457
7.1999999999999407,126.0999999999992554,3.9767620563507080
7.1999999999999407,126.1999999999992497,4.3246407508850098
7.1999999999999407,126.2999999999992440,5.4687752723693848
7.1999999999999407,126.3999999999992383,7.8508119583129883
7.1999999999999407,126.4999999999992326,10.3916797637939453
7.0999999999999410,121.9999999999994884,8.1440734863281250
7.0999999999999410,122.0999999999994827,7.5764641761779785
7.0999999999999410,122.1999999999994770,8.7144641876220703
7.0999999999999410,124.0999999999993690,4.5557608604431152
7.0999999999999410,124.1999999999993634,4.3962898254394531
7.0999999999999410,124.2999999999993577,4.2307753562927246
7.0999999999999410,124.3999999999993520,3.6397004127502441
7.0999999999999410,124.4999999999993463,3.0069134235382080
7.0999999999999410,124.5999999999993406,2.4575262069702148
7.0999999999999410,124.6999999999993349,2.2686960697174072
7.0999999999999410,124.7999999999993292,2.3088626861572266
7.0999999999999410,124.8999999999993236,2.4075610637664795
7.0999999999999410,124.9999999999993179,2.8840644359588623
7.0999999999999410,125.0999999999993122,3.4819393157958984
7.0999999999999410,125.1999999999993065,3.2599587440490723
7.0999999999999410,125.2999999999993008,2.2379949092864990
7.0999999999999410,125.3999999999992951,2.0051808357238770
7.0999999999999410,125.4999999999992895,4.1218905448913574
7.0999999999999410,125.5999999999992838,6.9449005126953125
7.0999999999999410,125.6999999999992781,10.2100772857666016
7.0999999999999410,125.8999999999992667,5.7363429069519043
7.0999999999999410,125.9999999999992610,4.5284142494201660
7.0999999999999410,126.0999999999992554,4.4559335708618164
7.0999999999999410,126.1999999999992497,5.0653300285339355
7.0999999999999410,126.2999999999992440,6.4931588172912598
7.0999999999999410,126.3999999999992383,9.0763444900512695
6.9999999999999414,117.0999999999997669,10.7800397872924805
6.9999999999999414,121.9999999999994884,8.0072946548461914
6.9999999999999414,122.0999999999994827,7.5877847671508789
6.9999999999999414,122.1999999999994770,8.8114805221557617
6.9999999999999414,123.9999999999993747,4.5304570198059082
6.9999999999999414,124.0999999999993690,4.2673997879028320
6.9999999999999414,124.1999999999993634,3.9183800220489502
6.9999999999999414,124.2999999999993577,3.5582516193389893
6.9999999999999414,124.3999999999993520,2.7842786312103271
6.9999999999999414,124.4999999999993463,1.8805488348007202
6.9999999999999414,124.5999999999993406,1.5942637920379639
6.9999999999999414,124.6999999999993349,1.8357918262481689
6.9999999999999414,124.7999999999993292,2.1136767864227295
6.9999999999999414,124.8999999999993236,2.0450475215911865
6.9999999999999414,124.9999999999993179,2.3344721794128418
6.9999999999999414,125.0999999999993122,3.1213614940643311
6.9999999999999414,125.1999999999993065,3.0810155868530273
6.9999999999999414,125.2999999999993008,2.0725362300872803
6.9999999999999414,125.3999999999992951,1.9828541278839111
6.9999999999999414,125.4999999999992895,3.1691613197326660
6.9999999999999414,125.7999999999992724,9.4572792053222656
6.9999999999999414,125.9999999999992610,4.8380622863769531
6.9999999999999414,126.0999999999992554,4.8727889060974121
6.9999999999999414,126.1999999999992497,5.6841001510620117
6.9999999999999414,126.2999999999992440,7.2683167457580566
6.8999999999999417,116.6999999999997897,9.9124259948730469
6.8999999999999417,116.7999999999997840,9.9025373458862305
6.8999999999999417,117.0999999999997669,9.7819166183471680
6.8999999999999417,117.1999999999997613,9.1385431289672852
6.8999999999999417,122.0999999999994827,7.4294710159301758
6.8999999999999417,123.9999999999993747,5.3595376014709473
6.8999999999999417,124.0999999999993690,4.6879558563232422
6.8999999999999417,124.1999999999993634,3.9898822307586670
6.8999999999999417,124.2999999999993577,3.3461272716522217
6.8999999999999417,124.3999999999993520,2.2384088039398193
6.8999999999999417,124.4999999999993463,1.5974577665328979
6.8999999999999417,124.5999999999993406,1.7897392511367798
6.8999999999999417,124.6999999999993349,1.6534872055053711
6.8999999999999417,124.7999999999993292,1.9013105630874634
6.8999999999999417,124.8999999999993236,1.8825094699859619
6.8999999999999417,124.9999999999993179,1.9242517948150635
6.8999999999999417,125.0999999999993122,2.8282048702239990
6.8999999999999417,125.1999999999993065,2.8818986415863037
6.8999999999999417,125.2999999999993008,1.9222242832183838
6.8999999999999417,125.3999999999992951,2.2645506858825684
6.8999999999999417,126.0999999999992554,5.4311299324035645
6.8999999999999417,126.2999999999992440,7.9929122924804688
6.7999999999999421,124.0999999999993690,5.5304884910583496
6.7999999999999421,124.1999999999993634,4.3809022903442383
6.7999999999999421,124.2999999999993577,3.5208613872528076
6.7999999999999421,124.3999999999993520,2.2163522243499756
6.7999999999999421,124.4999999999993463,1.5339092016220093
6.7999999999999421,124.5999999999993406,1.7707672119140625
6.7999999999999421,124.6999999999993349,1.3452993631362915
6.7999999999999421,124.7999999999993292,1.4992363452911377
6.7999999999999421,124.8999999999993236,1.4705041646957397
6.7999999999999421,124.9999999999993179,1.5308531522750854
6.7999999999999421,125.0999999999993122,2.5512712001800537
6.7999999999999421,125.1999999999993065,2.6886930465698242
6.7999999999999421,125.2999999999993008,1.8442195653915405
6.7999999999999421,125.3999999999992951,2.2452604770660400
6.7999999999999421,126.0999999999992554,7.0306854248046875
6.7999999999999421,126.1999999999992497,7.9220962524414062
6.6999999999999424,121.9999999999994884,7.7646403312683105
6.6999999999999424,122.0999999999994827,7.5157618522644043
6.6999999999999424,124.0999999999993690,6.3917770385742188
6.6999999999999424,124.1999999999993634,4.9521999359130859
6.6999999999999424,124.2999999999993577,3.8089077472686768
6.6999999999999424,124.3999999999993520,2.3328461647033691
6.6999999999999424,124.4999999999993463,1.4466880559921265
6.6999999999999424,124.5999999999993406,1.8321260213851929
6.6999999999999424,124.6999999999993349,1.5435116291046143
6.6999999999999424,124.7999999999993292,1.4267023801803589
6.6999999999999424,124.8999999999993236,1.4750231504440308
6.6999999999999424,124.9999999999993179,1.4730442762374878
6.6999999999999424,125.0999999999993122,2.3132212162017822
6.6999999999999424,125.1999999999993065,2.5339534282684326
6.6999999999999424,125.2999999999993008,1.9131988286972046
6.6999999999999424,126.0999999999992554,9.2112836837768555
6.6999999999999424,126.1999999999992497,10.0765256881713867
6.5999999999999428,121.8999999999994941,9.3250694274902344
6.5999999999999428,121.9999999999994884,8.1350469589233398
6.5999999999999428,122.0999999999994827,7.8072047233581543
6.5999999999999428,122.1999999999994770,9.0317144393920898
6.5999999999999428,124.0999999999993690,7.0659570693969727
6.5999999999999428,124.1999999999993634,5.4480500221252441
6.5999999999999428,124.2999999999993577,4.0669136047363281
6.5999999999999428,124.3999999999993520,2.5078818798065186
6.5999999999999428,124.4999999999993463,1.4818912744522095
6.5999999999999428,124.5999999999993406,1.5745786428451538
6.5999999999999428,124.6999999999993349,1.6096363067626953
6.5999999999999428,124.7999999999993292,1.7755132913589478
6.5999999999999428,124.8999999999993236,1.9272034168243408
6.5999999999999428,124.9999999999993179,1.8204462528228760
6.5999999999999428,125.0999999999993122,2.1578340530395508
6.5999999999999428,125.1999999999993065,2.4617090225219727
6.5999999999999428,125.2999999999993008,2.0574889183044434
6.5999999999999428,126.0999999999992554,12.0422430038452148
6.5999999999999428,126.1999999999992497,12.0046691894531250
6.4999999999999432,121.9999999999994884,8.8574590682983398
6.4999999999999432,122.0999999999994827,8.5849723815917969
6.4999999999999432,122.1999999999994770,9.2077608108520508
6.4999999999999432,124.0999999999993690,7.0172648429870605
6.4999999999999432,124.1999999999993634,5.4140629768371582
6.4999999999999432,124.2999999999993577,3.9992535114288330
6.4999999999999432,124.3999999999993520,2.8657500743865967
6.4999999999999432,124.4999999999993463,1.9352703094482422
6.4999999999999432,124.5999999999993406,1.3237040042877197
6.4999999999999432,124.6999999999993349,1.5392445325851440
6.4999999999999432,124.7999999999993292,1.9483006000518799
6.4999999999999432,124.8999999999993236,2.2726716995239258
6.4999999999999432,124.9999999999993179,2.1940207481384277
6.4999999999999432,125.0999999999993122,2.3929803371429443
6.4999999999999432,125.1999999999993065,2.7495372295379639
6.4999999999999432,125.2999999999993008,2.6433730125427246
6.4999999999999432,125.3999999999992951,2.6583862304687500
6.4999999999999432,125.4999999999992895,3.3051116466522217
6.4999999999999432,125.5999999999992838,4.9061083793640137
6.4999999999999432,126.1999999999992497,12.5627765655517578
6.3999999999999435,121.9999999999994884,9.5257263183593750
6.3999999999999435,124.0999999999993690,6.9446067810058594
6.3999999999999435,124.1999999999993634,5.5441622734069824
6.3999999999999435,124.2999999999993577,4.0973987579345703
6.3999999999999435,124.3999999999993520,3.2788980007171631
6.3999999999999435,124.4999999999993463,2.6834301948547363
6.3999999999999435,124.5999999999993406,2.1592180728912354
6.3999999999999435,124.6999999999993349,1.9333952665328979
6.3999999999999435,124.7999999999993292,2.2210290431976318
6.3999999999999435,124.8999999999993236,2.5386064052581787
6.3999999999999435,124.9999999999993179,2.5664806365966797
6.3999999999999435,125.0999999999993122,2.9794652462005615
6.3999999999999435,125.1999999999993065,3.3434948921203613
6.3999999999999435,125.2999999999993008,3.4904949665069580
6.3999999999999435,125.3999999999992951,3.6498532295227051
6.3999999999999435,125.4999999999992895,4.1985149383544922
6.2999999999999439,120.5999999999995680,12.7346496582031250
6.2999999999999439,124.1999999999993634,5.8507008552551270
6.2999999999999439,124.2999999999993577,4.3772788047790527
6.2999999999999439,124.3999999999993520,3.5867843627929688
6.2999999999999439,124.4999999999993463,3.2637925148010254
6.2999999999999439,124.5999999999993406,3.0855951309204102
6.2999999999999439,124.6999999999993349,2.5758106708526611
6.2999999999999439,124.7999999999993292,2.4640750885009766
6.2999999999999439,124.8999999999993236,2.7077445983886719
6.2999999999999439,124.9999999999993179,3.0119540691375732
6.2999999999999439,125.0999999999993122,3.5383822917938232
6.2999999999999439,125.1999999999993065,4.0269827842712402
6.2999999999999439,125.2999999999993008,4.2019352912902832
6.2999999999999439,125.3999999999992951,4.4064526557922363
6.2999999999999439,125.4999999999992895,5.0228705406188965
6.2999999999999439,125.5999999999992838,7.1805076599121094
6.1999999999999442,124.2999999999993577,4.4027628898620605
6.1999999999999442,124.3999999999993520,3.6754226684570312
6.1999999999999442,124.4999999999993463,3.2606294155120850
6.1999999999999442,124.5999999999993406,3.1677384376525879
6.1999999999999442,124.6999999999993349,2.8519704341888428
6.1999999999999442,124.7999999999993292,2.6660153865814209
6.1999999999999442,124.8999999999993236,2.8257312774658203
6.1999999999999442,124.9999999999993179,3.3647572994232178
6.1999999999999442,125.0999999999993122,4.2487144470214844
6.1999999999999442,125.1999999999993065,4.7448105812072754
6.1999999999999442,125.2999999999993008,4.7524971961975098
6.1999999999999442,125.3999999999992951,4.7688288688659668
6.1999999999999442,125.4999999999992895,5.4875326156616211
6.1999999999999442,125.5999999999992838,7.5235137939453125
6.1999999999999442,125.6999999999992781,9.0966300964355469
6.0999999999999446,120.9999999999995453,12.1258459091186523
6.0999999999999446,121.0999999999995396,12.0011386871337891
6.0999999999999446,124.4999999999993463,3.3259589672088623
6.0999999999999446,124.5999999999993406,3.2038173675537109
6.0999999999999446,124.6999999999993349,3.1366255283355713
6.0999999999999446,124.7999999999993292,3.0397262573242188
6.0999999999999446,124.8999999999993236,3.2777822017669678
6.0999999999999446,124.9999999999993179,4.1482062339782715
6.0999999999999446,125.0999999999993122,4.9910292625427246
6.0999999999999446,125.2999999999993008,5.3478860855102539
6.0999999999999446,125.3999999999992951,5.2439498901367188
6.0999999999999446,125.4999999999992895,5.9888939857482910
6.0999999999999446,125.5999999999992838,7.9710540771484375
6.0999999999999446,125.6999999999992781,9.9940567016601562
5.9999999999999449,120.8999999999995509,12.1577405929565430
5.9999999999999449,120.9999999999995453,12.0710439682006836
5.9999999999999449,121.0999999999995396,11.9239711761474609
5.9999999999999449,121.3999999999995225,11.4870147705078125
5.9999999999999449,124.5999999999993406,3.0776705741882324
5.9999999999999449,124.6999999999993349,3.2348263263702393
5.9999999999999449,124.7999999999993292,3.4405846595764160
5.9999999999999449,124.8999999999993236,3.8317630290985107
5.9999999999999449,124.9999999999993179,4.7485208511352539
5.9999999999999449,125.0999999999993122,5.6960415840148926
5.9999999999999449,125.3999999999992951,5.6135854721069336
5.9999999999999449,125.4999999999992895,6.4262475967407227
5.9999999999999449,125.5999999999992838,8.3743686676025391
5.8999999999999453,120.8999999999995509,12.0319347381591797
5.8999999999999453,124.7999999999993292,3.5045464038848877
5.8999999999999453,124.8999999999993236,4.1372780799865723
5.8999999999999453,124.9999999999993179,5.0194911956787109
5.8999999999999453,125.0999999999993122,5.8041305541992188
5.8999999999999453,125.1999999999993065,6.4065766334533691
5.8999999999999453,125.2999999999993008,6.1347675323486328
5.8999999999999453,125.3999999999992951,5.9503479003906250
5.8999999999999453,125.4999999999992895,6.8186454772949219
5.8999999999999453,125.5999999999992838,8.7015924453735352
5.7999999999999456,125.2999999999993008,6.4367003440856934
5.7999999999999456,125.3999999999992951,6.2309317588806152
5.7999999999999456,125.4999999999992895,7.0469207763671875
5.6999999999999460,125.2999999999993008,6.7041621208190918
5.6999999999999460,125.3999999999992951,6.9128999710083008
5.5999999999999464,125.2999999999993008,7.6832222938537598
5.5999999999999464,125.3999999999992951,7.8949432373046875
5.3999999999999471,118.8999999999996646,7.6720414161682129
5.3999999999999471,118.9999999999996589,8.7577047348022461
5.3999999999999471,119.0999999999996533,10.5835103988647461
5.3999999999999471,119.1999999999996476,12.0535078048706055
5.2999999999999474,118.8999999999996646,7.3163580894470215
5.2999999999999474,118.9999999999996589,8.4355382919311523
5.2999999999999474,119.0999999999996533,10.1290426254272461
5.2999999999999474,119.1999999999996476,11.6674251556396484
5.2999999999999474,120.1999999999995907,12.5006275177001953
5.1999999999999478,118.8999999999996646,7.2560815811157227
5.1999999999999478,118.9999999999996589,8.2207469940185547
5.1999999999999478,119.0999999999996533,9.9825973510742188
5.1999999999999478,119.1999999999996476,11.7625579833984375
5.1999999999999478,120.1999999999995907,12.4610013961791992
5.0999999999999481,118.8999999999996646,8.5792446136474609
5.0999999999999481,118.9999999999996589,9.3745698928833008
5.0999999999999481,119.7999999999996135,12.7415218353271484
5.0999999999999481,119.8999999999996078,12.6218366622924805
