latitude,longitude,max_wind_gust
19.3999999999999559,121.3999999999995225,19.8356876373291016
19.3999999999999559,121.4999999999995168,19.7136707305908203
18.8999999999999488,121.8999999999994941,18.3885326385498047
18.5999999999999446,120.7999999999995566,16.5695838928222656
18.5999999999999446,120.8999999999995509,15.9494953155517578
18.5999999999999446,121.0999999999995396,14.7388486862182617
18.5999999999999446,121.1999999999995339,14.0049057006835938
18.4999999999999432,120.6999999999995623,12.4366750717163086
18.4999999999999432,120.7999999999995566,11.5428867340087891
18.4999999999999432,120.8999999999995509,10.7843637466430664
18.4999999999999432,120.9999999999995453,10.4750814437866211
18.4999999999999432,121.0999999999995396,10.0642776489257812
18.4999999999999432,121.1999999999995339,9.6013021469116211
18.4999999999999432,121.2999999999995282,9.1676883697509766
18.4999999999999432,122.1999999999994770,16.6549053192138672
18.3999999999999417,120.5999999999995680,9.0407075881958008
18.3999999999999417,120.6999999999995623,8.3213376998901367
18.3999999999999417,120.7999999999995566,7.3807244300842285
18.3999999999999417,120.8999999999995509,7.1822328567504883
18.3999999999999417,120.9999999999995453,6.8912043571472168
18.3999999999999417,121.0999999999995396,6.5983200073242188
18.3999999999999417,121.1999999999995339,6.5884819030761719
18.3999999999999417,121.2999999999995282,6.7766647338867188
18.3999999999999417,121.3999999999995225,7.4807600975036621
18.3999999999999417,121.4999999999995168,7.9303650856018066
18.3999999999999417,121.5999999999995111,8.9495801925659180
18.3999999999999417,122.0999999999994827,15.1079788208007812
18.3999999999999417,122.1999999999994770,15.1791553497314453
18.3999999999999417,122.2999999999994714,15.0250320434570312
18.2999999999999403,120.6999999999995623,6.9419946670532227
18.2999999999999403,120.7999999999995566,6.8412489891052246
18.2999999999999403,120.8999999999995509,6.6701745986938477
18.2999999999999403,120.9999999999995453,6.3698916435241699
18.2999999999999403,121.0999999999995396,5.8735213279724121
18.2999999999999403,121.1999999999995339,5.2990970611572266
18.2999999999999403,121.2999999999995282,5.1779956817626953
18.2999999999999403,121.3999999999995225,5.7249970436096191
18.2999999999999403,121.4999999999995168,6.5930972099304199
18.2999999999999403,121.5999999999995111,7.7381906509399414
18.2999999999999403,121.6999999999995055,9.3964986801147461
18.2999999999999403,122.0999999999994827,12.2903404235839844
18.2999999999999403,122.1999999999994770,12.0846815109252930
18.2999999999999403,122.2999999999994714,12.3668365478515625
18.1999999999999389,120.4999999999995737,8.3801593780517578
18.1999999999999389,120.5999999999995680,6.9380440711975098
18.1999999999999389,120.6999999999995623,5.7218961715698242
18.1999999999999389,120.7999999999995566,5.9708900451660156
18.1999999999999389,120.8999999999995509,6.5206017494201660
18.1999999999999389,120.9999999999995453,6.1681017875671387
18.1999999999999389,121.0999999999995396,5.0858583450317383
18.1999999999999389,121.1999999999995339,4.2694921493530273
18.1999999999999389,121.2999999999995282,4.1520628929138184
18.1999999999999389,121.3999999999995225,4.2868161201477051
18.1999999999999389,121.4999999999995168,4.8591723442077637
18.1999999999999389,121.5999999999995111,5.8019881248474121
18.1999999999999389,121.6999999999995055,6.5000038146972656
18.1999999999999389,121.7999999999994998,7.1153140068054199
18.1999999999999389,121.8999999999994941,7.6338806152343750
18.1999999999999389,121.9999999999994884,8.7683010101318359
18.1999999999999389,122.0999999999994827,8.8416204452514648
18.1999999999999389,122.1999999999994770,10.1228027343750000
18.0999999999999375,120.4999999999995737,8.4447116851806641
18.0999999999999375,120.5999999999995680,6.0322990417480469
18.0999999999999375,120.6999999999995623,4.7508640289306641
18.0999999999999375,120.7999999999995566,5.2250952720642090
18.0999999999999375,120.8999999999995509,6.2301936149597168
18.0999999999999375,120.9999999999995453,5.7546477317810059
18.0999999999999375,121.0999999999995396,4.4135336875915527
18.0999999999999375,121.1999999999995339,3.6671230792999268
18.0999999999999375,121.2999999999995282,3.6037197113037109
18.0999999999999375,121.3999999999995225,3.6770989894866943
18.0999999999999375,121.4999999999995168,3.6517112255096436
18.0999999999999375,121.5999999999995111,3.7566044330596924
18.0999999999999375,121.6999999999995055,4.1341834068298340
18.0999999999999375,121.7999999999994998,4.5130190849304199
18.0999999999999375,121.8999999999994941,4.9599065780639648
18.0999999999999375,121.9999999999994884,5.6778674125671387
18.0999999999999375,122.0999999999994827,7.1557321548461914
18.0999999999999375,122.1999999999994770,8.4224128723144531
17.9999999999999361,120.5999999999995680,5.9347205162048340
17.9999999999999361,120.6999999999995623,4.8270273208618164
17.9999999999999361,120.7999999999995566,5.0951819419860840
17.9999999999999361,120.8999999999995509,6.4601130485534668
17.9999999999999361,120.9999999999995453,5.9803867340087891
17.9999999999999361,121.0999999999995396,4.8666043281555176
17.9999999999999361,121.1999999999995339,4.2789669036865234
17.9999999999999361,121.2999999999995282,4.1924767494201660
17.9999999999999361,121.3999999999995225,4.0272970199584961
17.9999999999999361,121.4999999999995168,3.5579030513763428
17.9999999999999361,121.5999999999995111,3.1481590270996094
17.9999999999999361,121.6999999999995055,3.2720334529876709
17.9999999999999361,121.7999999999994998,3.6329421997070312
17.9999999999999361,121.8999999999994941,4.1972351074218750
17.9999999999999361,121.9999999999994884,5.0716576576232910
17.9999999999999361,122.0999999999994827,6.4522795677185059
17.8999999999999346,120.4999999999995737,7.7434878349304199
17.8999999999999346,120.5999999999995680,5.7927594184875488
17.8999999999999346,120.6999999999995623,4.9711608886718750
17.8999999999999346,120.7999999999995566,5.7224831581115723
17.8999999999999346,120.8999999999995509,6.9711451530456543
17.8999999999999346,120.9999999999995453,6.3813071250915527
17.8999999999999346,121.0999999999995396,5.4322409629821777
17.8999999999999346,121.1999999999995339,4.8432426452636719
17.8999999999999346,121.2999999999995282,4.5970072746276855
17.8999999999999346,121.3999999999995225,4.0741419792175293
17.8999999999999346,121.4999999999995168,3.5543529987335205
17.8999999999999346,121.5999999999995111,3.0682818889617920
17.8999999999999346,121.6999999999995055,2.6905586719512939
17.8999999999999346,121.7999999999994998,2.8252832889556885
17.8999999999999346,121.8999999999994941,3.5481202602386475
17.8999999999999346,121.9999999999994884,4.5146527290344238
17.8999999999999346,122.0999999999994827,5.4832539558410645
17.7999999999999332,120.4999999999995737,7.5114159584045410
17.7999999999999332,120.5999999999995680,5.4941511154174805
17.7999999999999332,120.6999999999995623,4.9695668220520020
17.7999999999999332,120.7999999999995566,5.7984957695007324
17.7999999999999332,120.8999999999995509,6.8392381668090820
17.7999999999999332,120.9999999999995453,6.3319501876831055
17.7999999999999332,121.0999999999995396,5.6103286743164062
17.7999999999999332,121.1999999999995339,4.9293980598449707
17.7999999999999332,121.2999999999995282,4.1610956192016602
17.7999999999999332,121.3999999999995225,3.6152489185333252
17.7999999999999332,121.4999999999995168,3.0969741344451904
17.7999999999999332,121.5999999999995111,2.6069753170013428
17.7999999999999332,121.6999999999995055,2.2906036376953125
17.7999999999999332,121.7999999999994998,2.4178884029388428
17.7999999999999332,121.8999999999994941,3.1103246212005615
17.7999999999999332,121.9999999999994884,4.0619387626647949
17.7999999999999332,122.0999999999994827,5.0175862312316895
17.6999999999999318,120.3999999999995794,9.7048158645629883
17.6999999999999318,120.4999999999995737,7.8460555076599121
17.6999999999999318,120.5999999999995680,5.4006252288818359
17.6999999999999318,120.6999999999995623,4.2366914749145508
17.6999999999999318,120.7999999999995566,4.8973174095153809
17.6999999999999318,120.8999999999995509,6.2139925956726074
17.6999999999999318,120.9999999999995453,5.9354271888732910
17.6999999999999318,121.0999999999995396,5.2648692131042480
17.6999999999999318,121.1999999999995339,4.5094981193542480
17.6999999999999318,121.2999999999995282,3.4821591377258301
17.6999999999999318,121.3999999999995225,2.6567504405975342
17.6999999999999318,121.4999999999995168,2.4335291385650635
17.6999999999999318,121.5999999999995111,2.6224057674407959
17.6999999999999318,121.6999999999995055,2.4589357376098633
17.6999999999999318,121.7999999999994998,2.2132666110992432
17.6999999999999318,121.8999999999994941,2.7257795333862305
17.6999999999999318,121.9999999999994884,3.7204940319061279
17.6999999999999318,122.0999999999994827,4.9265727996826172
17.5999999999999304,120.3999999999995794,10.3351736068725586
17.5999999999999304,120.4999999999995737,7.7978410720825195
17.5999999999999304,120.5999999999995680,5.1669502258300781
17.5999999999999304,120.6999999999995623,4.0577178001403809
17.5999999999999304,120.7999999999995566,4.3561043739318848
17.5999999999999304,120.8999999999995509,5.5263400077819824
17.5999999999999304,120.9999999999995453,5.6206812858581543
17.5999999999999304,121.0999999999995396,4.8665461540222168
17.5999999999999304,121.1999999999995339,4.0816483497619629
17.5999999999999304,121.2999999999995282,3.0528454780578613
17.5999999999999304,121.3999999999995225,1.9488327503204346
17.5999999999999304,121.4999999999995168,2.8681836128234863
17.5999999999999304,121.5999999999995111,2.7700898647308350
17.5999999999999304,121.6999999999995055,2.5439255237579346
17.5999999999999304,121.7999999999994998,2.3864610195159912
17.5999999999999304,121.8999999999994941,2.5102758407592773
17.5999999999999304,121.9999999999994884,3.3451039791107178
17.5999999999999304,122.0999999999994827,4.8128633499145508
17.4999999999999289,120.4999999999995737,7.2902083396911621
17.4999999999999289,120.5999999999995680,4.7566561698913574
17.4999999999999289,120.6999999999995623,3.5134303569793701
17.4999999999999289,120.7999999999995566,3.8890304565429688
17.4999999999999289,120.8999999999995509,5.0159907341003418
17.4999999999999289,120.9999999999995453,5.2014746665954590
17.4999999999999289,121.0999999999995396,4.5081267356872559
17.4999999999999289,121.1999999999995339,3.7772834300994873
17.4999999999999289,121.2999999999995282,2.6930234432220459
17.4999999999999289,121.3999999999995225,1.7937767505645752
17.4999999999999289,121.4999999999995168,2.7402284145355225
17.4999999999999289,121.5999999999995111,2.6765429973602295
17.4999999999999289,121.6999999999995055,2.5454130172729492
17.4999999999999289,121.7999999999994998,2.5058524608612061
17.4999999999999289,121.8999999999994941,2.6697261333465576
17.4999999999999289,121.9999999999994884,3.1521914005279541
17.4999999999999289,122.0999999999994827,3.7239811420440674
17.3999999999999275,120.4999999999995737,6.4294991493225098
17.3999999999999275,120.5999999999995680,4.0845484733581543
17.3999999999999275,120.6999999999995623,3.0776965618133545
17.3999999999999275,120.7999999999995566,3.3989377021789551
17.3999999999999275,120.8999999999995509,4.4309291839599609
17.3999999999999275,120.9999999999995453,4.5888304710388184
17.3999999999999275,121.0999999999995396,4.2604112625122070
17.3999999999999275,121.1999999999995339,3.5790722370147705
17.3999999999999275,121.2999999999995282,2.5429089069366455
17.3999999999999275,121.3999999999995225,1.9410524368286133
17.3999999999999275,121.4999999999995168,2.8185126781463623
17.3999999999999275,121.5999999999995111,2.7565553188323975
17.3999999999999275,121.6999999999995055,2.7352766990661621
17.3999999999999275,121.7999999999994998,2.4954557418823242
17.3999999999999275,121.8999999999994941,2.5660057067871094
17.3999999999999275,121.9999999999994884,2.6384320259094238
17.3999999999999275,122.0999999999994827,3.0876426696777344
17.3999999999999275,122.1999999999994770,3.8175365924835205
17.2999999999999261,120.4999999999995737,5.0857081413269043
17.2999999999999261,120.5999999999995680,3.7447807788848877
17.2999999999999261,120.6999999999995623,2.7822580337524414
17.2999999999999261,120.7999999999995566,2.9765923023223877
17.2999999999999261,120.8999999999995509,4.1002120971679688
17.2999999999999261,120.9999999999995453,4.1041984558105469
17.2999999999999261,121.0999999999995396,3.8308758735656738
17.2999999999999261,121.1999999999995339,3.5462520122528076
17.2999999999999261,121.2999999999995282,2.2116162776947021
17.2999999999999261,121.3999999999995225,2.0026187896728516
17.2999999999999261,121.4999999999995168,2.6793143749237061
17.2999999999999261,121.5999999999995111,2.7437407970428467
17.2999999999999261,121.6999999999995055,2.8081374168395996
17.2999999999999261,121.7999999999994998,2.7893683910369873
17.2999999999999261,121.8999999999994941,2.3744719028472900
17.2999999999999261,121.9999999999994884,2.2430629730224609
17.2999999999999261,122.0999999999994827,3.0542352199554443
17.2999999999999261,122.1999999999994770,3.2911012172698975
17.2999999999999261,122.2999999999994714,4.1825456619262695
17.1999999999999247,120.4999999999995737,4.9077811241149902
17.1999999999999247,120.5999999999995680,3.5432426929473877
17.1999999999999247,120.6999999999995623,2.6015472412109375
17.1999999999999247,120.7999999999995566,2.8883936405181885
17.1999999999999247,120.8999999999995509,4.1226744651794434
17.1999999999999247,120.9999999999995453,4.1818847656250000
17.1999999999999247,121.0999999999995396,3.8636703491210938
17.1999999999999247,121.1999999999995339,3.3738529682159424
17.1999999999999247,121.2999999999995282,2.4667170047760010
17.1999999999999247,121.3999999999995225,1.8645689487457275
17.1999999999999247,121.4999999999995168,2.6536200046539307
17.1999999999999247,121.5999999999995111,2.4200789928436279
17.1999999999999247,121.6999999999995055,2.5930316448211670
17.1999999999999247,121.7999999999994998,2.8131699562072754
17.1999999999999247,121.8999999999994941,2.3963494300842285
17.1999999999999247,121.9999999999994884,2.5082652568817139
17.1999999999999247,122.0999999999994827,3.2985973358154297
17.1999999999999247,122.1999999999994770,3.1389667987823486
17.1999999999999247,122.2999999999994714,3.8672668933868408
17.1999999999999247,122.3999999999994657,4.7420039176940918
17.0999999999999233,120.4999999999995737,4.2814297676086426
17.0999999999999233,120.5999999999995680,3.1930801868438721
17.0999999999999233,120.6999999999995623,2.5902621746063232
17.0999999999999233,120.7999999999995566,2.9610793590545654
17.0999999999999233,120.8999999999995509,4.0496530532836914
17.0999999999999233,120.9999999999995453,4.4817199707031250
17.0999999999999233,121.0999999999995396,3.8371086120605469
17.0999999999999233,121.1999999999995339,3.4070415496826172
17.0999999999999233,121.2999999999995282,2.5172529220581055
17.0999999999999233,121.3999999999995225,1.8749121427536011
17.0999999999999233,121.4999999999995168,2.2211430072784424
17.0999999999999233,121.5999999999995111,2.3725411891937256
17.0999999999999233,121.6999999999995055,2.7703981399536133
17.0999999999999233,121.7999999999994998,3.0816428661346436
17.0999999999999233,121.8999999999994941,2.6089630126953125
17.0999999999999233,121.9999999999994884,3.1667857170104980
17.0999999999999233,122.0999999999994827,3.7774486541748047
17.0999999999999233,122.1999999999994770,3.6600658893585205
17.0999999999999233,122.2999999999994714,3.5820605754852295
17.0999999999999233,122.3999999999994657,5.2957797050476074
17.0999999999999233,122.4999999999994600,8.2491483688354492
16.9999999999999218,120.4999999999995737,4.0397791862487793
16.9999999999999218,120.5999999999995680,2.8675847053527832
16.9999999999999218,120.6999999999995623,2.5645759105682373
16.9999999999999218,120.7999999999995566,3.1289691925048828
16.9999999999999218,120.8999999999995509,4.2417464256286621
16.9999999999999218,120.9999999999995453,4.3698749542236328
16.9999999999999218,121.0999999999995396,3.4822831153869629
16.9999999999999218,121.1999999999995339,3.1372032165527344
16.9999999999999218,121.2999999999995282,2.3915627002716064
16.9999999999999218,121.3999999999995225,2.1598901748657227
16.9999999999999218,121.4999999999995168,2.1956443786621094
16.9999999999999218,121.5999999999995111,2.4948332309722900
16.9999999999999218,121.6999999999995055,3.0215160846710205
16.9999999999999218,121.7999999999994998,3.3083825111389160
16.9999999999999218,121.8999999999994941,3.1298882961273193
16.9999999999999218,121.9999999999994884,3.9528033733367920
16.9999999999999218,122.0999999999994827,4.2958269119262695
16.9999999999999218,122.1999999999994770,4.0016064643859863
16.9999999999999218,122.2999999999994714,3.7209789752960205
16.9999999999999218,122.3999999999994657,5.1822004318237305
16.8999999999999204,120.3999999999995794,4.4846725463867188
16.8999999999999204,120.4999999999995737,3.5474255084991455
16.8999999999999204,120.5999999999995680,2.4668948650360107
16.8999999999999204,120.6999999999995623,2.5811743736267090
16.8999999999999204,120.7999999999995566,3.2001423835754395
16.8999999999999204,120.8999999999995509,4.1689586639404297
16.8999999999999204,120.9999999999995453,3.9312908649444580
16.8999999999999204,121.0999999999995396,2.8109424114227295
16.8999999999999204,121.1999999999995339,2.6277892589569092
16.8999999999999204,121.2999999999995282,2.4223053455352783
16.8999999999999204,121.3999999999995225,2.3524649143218994
16.8999999999999204,121.4999999999995168,2.4700717926025391
16.8999999999999204,121.5999999999995111,2.8051958084106445
16.8999999999999204,121.6999999999995055,3.1039690971374512
16.8999999999999204,121.7999999999994998,3.2595169544219971
16.8999999999999204,121.8999999999994941,3.8939704895019531
16.8999999999999204,121.9999999999994884,4.3211684226989746
16.8999999999999204,122.0999999999994827,4.2802100181579590
16.8999999999999204,122.1999999999994770,4.2596015930175781
16.8999999999999204,122.2999999999994714,3.9488301277160645
16.8999999999999204,122.3999999999994657,5.5832104682922363
16.7999999999999190,120.3999999999995794,4.5268969535827637
16.7999999999999190,120.4999999999995737,3.0965626239776611
16.7999999999999190,120.5999999999995680,2.1545038223266602
16.7999999999999190,120.6999999999995623,2.6058337688446045
16.7999999999999190,120.7999999999995566,3.2197086811065674
16.7999999999999190,120.8999999999995509,4.2401170730590820
16.7999999999999190,120.9999999999995453,3.8167228698730469
16.7999999999999190,121.0999999999995396,2.5492131710052490
16.7999999999999190,121.1999999999995339,2.2628436088562012
16.7999999999999190,121.2999999999995282,2.4994325637817383
16.7999999999999190,121.3999999999995225,2.5195035934448242
16.7999999999999190,121.4999999999995168,3.1690938472747803
16.7999999999999190,121.5999999999995111,3.4937825202941895
16.7999999999999190,121.6999999999995055,3.7755241394042969
16.7999999999999190,121.7999999999994998,4.0099172592163086
16.7999999999999190,121.8999999999994941,4.1851620674133301
16.7999999999999190,121.9999999999994884,4.0638155937194824
16.7999999999999190,122.0999999999994827,4.0349326133728027
16.7999999999999190,122.1999999999994770,4.2015495300292969
16.7999999999999190,122.2999999999994714,4.8183102607727051
16.7999999999999190,122.3999999999994657,5.5935673713684082
16.6999999999999176,120.3999999999995794,3.8597581386566162
16.6999999999999176,120.4999999999995737,2.6881818771362305
16.6999999999999176,120.5999999999995680,2.2726466655731201
16.6999999999999176,120.6999999999995623,2.7711122035980225
16.6999999999999176,120.7999999999995566,3.5564949512481689
16.6999999999999176,120.8999999999995509,4.5413918495178223
16.6999999999999176,120.9999999999995453,4.1604113578796387
16.6999999999999176,121.0999999999995396,2.8363709449768066
16.6999999999999176,121.1999999999995339,2.6481778621673584
16.6999999999999176,121.2999999999995282,2.4672000408172607
16.6999999999999176,121.3999999999995225,3.1201307773590088
16.6999999999999176,121.4999999999995168,3.6771614551544189
16.6999999999999176,121.5999999999995111,3.9964561462402344
16.6999999999999176,121.6999999999995055,4.3100676536560059
16.6999999999999176,121.7999999999994998,4.4813590049743652
16.6999999999999176,121.8999999999994941,4.1836934089660645
16.6999999999999176,121.9999999999994884,3.9358603954315186
16.6999999999999176,122.0999999999994827,3.9064476490020752
16.6999999999999176,122.1999999999994770,4.0765089988708496
16.6999999999999176,122.2999999999994714,5.4298181533813477
16.5999999999999162,120.2999999999995850,4.0563316345214844
16.5999999999999162,120.3999999999995794,3.9321708679199219
16.5999999999999162,120.4999999999995737,2.4458987712860107
16.5999999999999162,120.5999999999995680,2.3512787818908691
16.5999999999999162,120.6999999999995623,2.8515930175781250
16.5999999999999162,120.7999999999995566,3.9256150722503662
16.5999999999999162,120.8999999999995509,4.9121780395507812
16.5999999999999162,120.9999999999995453,4.4665231704711914
16.5999999999999162,121.0999999999995396,3.3148319721221924
16.5999999999999162,121.1999999999995339,2.9287486076354980
16.5999999999999162,121.2999999999995282,2.7240631580352783
16.5999999999999162,121.3999999999995225,3.0801079273223877
16.5999999999999162,121.4999999999995168,3.7100784778594971
16.5999999999999162,121.5999999999995111,4.0189051628112793
16.5999999999999162,121.6999999999995055,4.0250964164733887
16.5999999999999162,121.7999999999994998,3.7492527961730957
16.5999999999999162,121.8999999999994941,4.2255797386169434
16.5999999999999162,121.9999999999994884,4.2080178260803223
16.5999999999999162,122.0999999999994827,4.2067608833312988
16.5999999999999162,122.1999999999994770,4.8189425468444824
16.5999999999999162,122.2999999999994714,6.6882219314575195
16.4999999999999147,120.2999999999995850,4.4217972755432129
16.4999999999999147,120.3999999999995794,3.7422657012939453
16.4999999999999147,120.4999999999995737,2.4830613136291504
16.4999999999999147,120.5999999999995680,2.1636800765991211
16.4999999999999147,120.6999999999995623,3.6394813060760498
16.4999999999999147,120.7999999999995566,4.4964122772216797
16.4999999999999147,120.8999999999995509,5.3016223907470703
16.4999999999999147,120.9999999999995453,4.9650912284851074
16.4999999999999147,121.0999999999995396,4.0870590209960938
16.4999999999999147,121.1999999999995339,3.8232376575469971
16.4999999999999147,121.2999999999995282,3.5070569515228271
16.4999999999999147,121.3999999999995225,3.3971557617187500
16.4999999999999147,121.4999999999995168,3.7301666736602783
16.4999999999999147,121.5999999999995111,3.6837279796600342
16.4999999999999147,121.6999999999995055,3.2292015552520752
16.4999999999999147,121.7999999999994998,3.2671246528625488
16.4999999999999147,121.8999999999994941,3.6419110298156738
16.4999999999999147,121.9999999999994884,4.2721533775329590
16.4999999999999147,122.0999999999994827,5.0065526962280273
16.4999999999999147,122.1999999999994770,7.1640419960021973
16.3999999999999133,120.3999999999995794,4.0599951744079590
16.3999999999999133,120.4999999999995737,2.5041842460632324
16.3999999999999133,120.5999999999995680,2.3383595943450928
16.3999999999999133,120.6999999999995623,4.1942553520202637
16.3999999999999133,120.7999999999995566,5.0265679359436035
16.3999999999999133,120.8999999999995509,5.8815984725952148
16.3999999999999133,120.9999999999995453,5.6598982810974121
16.3999999999999133,121.0999999999995396,4.8086433410644531
16.3999999999999133,121.1999999999995339,4.4481043815612793
16.3999999999999133,121.2999999999995282,4.0788211822509766
16.3999999999999133,121.3999999999995225,3.9364509582519531
16.3999999999999133,121.4999999999995168,3.8793187141418457
16.3999999999999133,121.5999999999995111,3.5570118427276611
16.3999999999999133,121.6999999999995055,3.1161286830902100
16.3999999999999133,121.7999999999994998,3.1713159084320068
16.3999999999999133,121.8999999999994941,3.7179229259490967
16.3999999999999133,121.9999999999994884,4.8251376152038574
16.3999999999999133,122.0999999999994827,6.5894656181335449
16.3999999999999133,122.1999999999994770,9.1891393661499023
16.2999999999999119,119.7999999999996135,6.8937239646911621
16.2999999999999119,120.3999999999995794,5.4300217628479004
16.2999999999999119,120.4999999999995737,3.4277408123016357
16.2999999999999119,120.5999999999995680,2.8488986492156982
16.2999999999999119,120.6999999999995623,4.4706797599792480
16.2999999999999119,120.7999999999995566,5.2138648033142090
16.2999999999999119,120.8999999999995509,6.0192847251892090
16.2999999999999119,120.9999999999995453,5.9567790031433105
16.2999999999999119,121.0999999999995396,5.3705201148986816
16.2999999999999119,121.1999999999995339,4.7221555709838867
16.2999999999999119,121.2999999999995282,4.3737311363220215
16.2999999999999119,121.3999999999995225,4.2776007652282715
16.2999999999999119,121.4999999999995168,4.0847392082214355
16.2999999999999119,121.5999999999995111,4.1165590286254883
16.2999999999999119,121.6999999999995055,3.9923462867736816
16.2999999999999119,121.7999999999994998,3.8386790752410889
16.2999999999999119,121.8999999999994941,4.8505625724792480
16.2999999999999119,121.9999999999994884,7.0362734794616699
16.2999999999999119,122.0999999999994827,9.0636882781982422
16.1999999999999105,119.7999999999996135,6.2335162162780762
16.1999999999999105,119.8999999999996078,7.5788302421569824
16.1999999999999105,119.9999999999996021,8.7052049636840820
16.1999999999999105,120.4999999999995737,5.2989716529846191
16.1999999999999105,120.5999999999995680,3.9669559001922607
16.1999999999999105,120.6999999999995623,4.7954773902893066
16.1999999999999105,120.7999999999995566,5.3774843215942383
16.1999999999999105,120.8999999999995509,6.1968698501586914
16.1999999999999105,120.9999999999995453,6.1223139762878418
16.1999999999999105,121.0999999999995396,5.4589672088623047
16.1999999999999105,121.1999999999995339,5.1928095817565918
16.1999999999999105,121.2999999999995282,4.7092394828796387
16.1999999999999105,121.3999999999995225,4.5028648376464844
16.1999999999999105,121.4999999999995168,4.3678894042968750
16.1999999999999105,121.5999999999995111,4.4132804870605469
16.1999999999999105,121.6999999999995055,4.4662623405456543
16.1999999999999105,121.7999999999994998,5.1117963790893555
16.1999999999999105,121.8999999999994941,6.9338312149047852
16.1999999999999105,121.9999999999994884,9.6163434982299805
16.0999999999999091,119.7999999999996135,5.4916677474975586
16.0999999999999091,119.8999999999996078,6.7111558914184570
16.0999999999999091,119.9999999999996021,8.2488956451416016
16.0999999999999091,120.4999999999995737,5.7216768264770508
16.0999999999999091,120.5999999999995680,4.9419918060302734
16.0999999999999091,120.6999999999995623,4.9574828147888184
16.0999999999999091,120.7999999999995566,5.4710073471069336
16.0999999999999091,120.8999999999995509,6.2262730598449707
16.0999999999999091,120.9999999999995453,6.1132717132568359
16.0999999999999091,121.0999999999995396,5.4181466102600098
16.0999999999999091,121.1999999999995339,5.1097278594970703
16.0999999999999091,121.2999999999995282,4.8923373222351074
16.0999999999999091,121.3999999999995225,4.6892404556274414
16.0999999999999091,121.4999999999995168,4.6474666595458984
16.0999999999999091,121.5999999999995111,4.6768507957458496
16.0999999999999091,121.6999999999995055,5.0973048210144043
15.9999999999999094,119.7999999999996135,5.8343100547790527
15.9999999999999094,119.8999999999996078,5.8412055969238281
15.9999999999999094,119.9999999999996021,7.0194711685180664
15.9999999999999094,120.0999999999995964,8.0999374389648438
15.9999999999999094,120.1999999999995907,8.1550378799438477
15.9999999999999094,120.2999999999995850,7.9127411842346191
15.9999999999999094,120.3999999999995794,7.0481963157653809
15.9999999999999094,120.4999999999995737,5.5250940322875977
15.9999999999999094,120.5999999999995680,5.0952987670898438
15.9999999999999094,120.6999999999995623,4.9802660942077637
15.9999999999999094,120.7999999999995566,5.5241265296936035
15.9999999999999094,120.8999999999995509,6.1994419097900391
15.9999999999999094,120.9999999999995453,6.0196781158447266
15.9999999999999094,121.0999999999995396,5.3331823348999023
15.9999999999999094,121.1999999999995339,5.0854873657226562
15.9999999999999094,121.2999999999995282,4.9300093650817871
15.9999999999999094,121.3999999999995225,4.8668556213378906
15.9999999999999094,121.4999999999995168,4.9026436805725098
15.9999999999999094,121.5999999999995111,5.0408053398132324
15.8999999999999098,119.9999999999996021,6.6000261306762695
15.8999999999999098,120.0999999999995964,7.6422228813171387
15.8999999999999098,120.1999999999995907,7.0710792541503906
15.8999999999999098,120.2999999999995850,6.9453248977661133
15.8999999999999098,120.3999999999995794,6.5335249900817871
15.8999999999999098,120.4999999999995737,5.6984357833862305
15.8999999999999098,120.5999999999995680,5.4618186950683594
15.8999999999999098,120.6999999999995623,5.0634322166442871
15.8999999999999098,120.7999999999995566,5.4090933799743652
15.8999999999999098,120.8999999999995509,6.1605873107910156
15.8999999999999098,120.9999999999995453,6.0621633529663086
15.8999999999999098,121.0999999999995396,5.4555392265319824
15.8999999999999098,121.1999999999995339,5.2559065818786621
15.8999999999999098,121.2999999999995282,5.0566039085388184
15.8999999999999098,121.3999999999995225,5.1056761741638184
15.8999999999999098,121.4999999999995168,5.4387025833129883
15.8999999999999098,121.5999999999995111,5.7411546707153320
15.7999999999999101,119.9999999999996021,5.9352107048034668
15.7999999999999101,120.0999999999995964,6.6537370681762695
15.7999999999999101,120.1999999999995907,6.0075678825378418
15.7999999999999101,120.2999999999995850,5.7739739418029785
15.7999999999999101,120.3999999999995794,5.8964595794677734
15.7999999999999101,120.4999999999995737,5.6694717407226562
15.7999999999999101,120.5999999999995680,5.5058646202087402
15.7999999999999101,120.6999999999995623,5.2039418220520020
15.7999999999999101,120.7999999999995566,5.3976063728332520
15.7999999999999101,120.8999999999995509,6.0256762504577637
15.7999999999999101,120.9999999999995453,5.9710721969604492
15.7999999999999101,121.0999999999995396,5.4366631507873535
15.7999999999999101,121.1999999999995339,5.1502804756164551
15.7999999999999101,121.2999999999995282,4.9640088081359863
15.7999999999999101,121.3999999999995225,5.0485939979553223
15.7999999999999101,121.4999999999995168,5.5304884910583496
15.6999999999999105,119.9999999999996021,4.5076990127563477
15.6999999999999105,120.0999999999995964,5.5309319496154785
15.6999999999999105,120.1999999999995907,4.8345398902893066
15.6999999999999105,120.2999999999995850,5.1890802383422852
15.6999999999999105,120.3999999999995794,5.4224925041198730
15.6999999999999105,120.4999999999995737,5.2753882408142090
15.6999999999999105,120.5999999999995680,5.1847119331359863
15.6999999999999105,120.6999999999995623,5.0513882637023926
15.6999999999999105,120.7999999999995566,5.3231139183044434
15.6999999999999105,120.8999999999995509,5.7384538650512695
15.6999999999999105,120.9999999999995453,5.6986017227172852
15.6999999999999105,121.0999999999995396,5.2502932548522949
15.6999999999999105,121.1999999999995339,4.9690084457397461
15.6999999999999105,121.2999999999995282,4.8460707664489746
15.6999999999999105,121.3999999999995225,5.3346986770629883
15.6999999999999105,121.4999999999995168,6.1129903793334961
15.5999999999999108,119.9999999999996021,3.1383888721466064
15.5999999999999108,120.0999999999995964,4.6910529136657715
15.5999999999999108,120.1999999999995907,5.0455961227416992
15.5999999999999108,120.2999999999995850,5.4981226921081543
15.5999999999999108,120.3999999999995794,5.7066917419433594
15.5999999999999108,120.4999999999995737,5.3377089500427246
15.5999999999999108,120.5999999999995680,5.1493411064147949
15.5999999999999108,120.6999999999995623,5.1399731636047363
15.5999999999999108,120.7999999999995566,5.3741540908813477
15.5999999999999108,120.8999999999995509,5.7368359565734863
15.5999999999999108,120.9999999999995453,5.6587233543395996
15.5999999999999108,121.0999999999995396,5.2773475646972656
15.5999999999999108,121.1999999999995339,5.0964822769165039
15.5999999999999108,121.2999999999995282,5.4566893577575684
15.5999999999999108,121.3999999999995225,6.0890822410583496
15.5999999999999108,121.4999999999995168,6.8519487380981445
15.4999999999999112,119.9999999999996021,2.5497460365295410
15.4999999999999112,120.0999999999995964,4.8849101066589355
15.4999999999999112,120.1999999999995907,5.8313999176025391
15.4999999999999112,120.2999999999995850,6.2610716819763184
15.4999999999999112,120.3999999999995794,6.4266638755798340
15.4999999999999112,120.4999999999995737,6.0459671020507812
15.4999999999999112,120.5999999999995680,5.5962367057800293
15.4999999999999112,120.6999999999995623,5.4518332481384277
15.4999999999999112,120.7999999999995566,5.8237876892089844
15.4999999999999112,120.8999999999995509,6.1252541542053223
15.4999999999999112,120.9999999999995453,6.0916805267333984
15.4999999999999112,121.0999999999995396,5.7560100555419922
15.4999999999999112,121.1999999999995339,6.1422061920166016
15.4999999999999112,121.2999999999995282,7.1705927848815918
15.4999999999999112,121.3999999999995225,7.9267196655273438
15.4999999999999112,121.4999999999995168,8.6717538833618164
15.3999999999999115,119.8999999999996078,3.8551628589630127
15.3999999999999115,119.9999999999996021,2.9628014564514160
15.3999999999999115,120.0999999999995964,5.4190058708190918
15.3999999999999115,120.1999999999995907,6.3874125480651855
15.3999999999999115,120.2999999999995850,7.0955557823181152
15.3999999999999115,120.3999999999995794,7.2935404777526855
15.3999999999999115,120.4999999999995737,6.7431101799011230
15.3999999999999115,120.5999999999995680,5.9782252311706543
15.3999999999999115,120.6999999999995623,5.7537469863891602
15.3999999999999115,120.7999999999995566,6.2392420768737793
15.3999999999999115,120.8999999999995509,6.6999354362487793
15.3999999999999115,120.9999999999995453,6.6278305053710938
15.3999999999999115,121.0999999999995396,7.0466852188110352
15.3999999999999115,121.1999999999995339,7.6998329162597656
15.3999999999999115,121.2999999999995282,8.6157817840576172
15.2999999999999119,119.9999999999996021,4.0300536155700684
15.2999999999999119,120.0999999999995964,5.9753980636596680
15.2999999999999119,120.1999999999995907,6.9327731132507324
15.2999999999999119,120.2999999999995850,7.6989259719848633
15.2999999999999119,120.3999999999995794,8.0214529037475586
15.2999999999999119,120.4999999999995737,7.4428558349609375
15.2999999999999119,120.5999999999995680,6.6728067398071289
15.2999999999999119,120.6999999999995623,6.4549059867858887
15.2999999999999119,120.7999999999995566,6.9195175170898438
15.2999999999999119,120.8999999999995509,7.2769389152526855
15.2999999999999119,120.9999999999995453,7.4273657798767090
15.2999999999999119,121.0999999999995396,8.0343618392944336
15.2999999999999119,121.1999999999995339,8.6872024536132812
15.2999999999999119,121.2999999999995282,9.5681362152099609
15.2999999999999119,121.3999999999995225,11.5014219284057617
15.1999999999999122,120.0999999999995964,6.6067833900451660
15.1999999999999122,120.1999999999995907,7.4984636306762695
15.1999999999999122,120.2999999999995850,8.0388212203979492
15.1999999999999122,120.3999999999995794,8.3393630981445312
15.1999999999999122,120.4999999999995737,8.3479957580566406
15.1999999999999122,120.5999999999995680,7.7518272399902344
15.1999999999999122,120.6999999999995623,7.5254616737365723
15.1999999999999122,120.7999999999995566,7.9577918052673340
15.1999999999999122,120.8999999999995509,8.2267961502075195
15.1999999999999122,120.9999999999995453,7.5114922523498535
15.1999999999999122,121.0999999999995396,7.2987074851989746
15.1999999999999122,121.1999999999995339,7.8863968849182129
15.1999999999999122,121.2999999999995282,9.1040945053100586
15.0999999999999126,120.0999999999995964,7.2315745353698730
15.0999999999999126,120.1999999999995907,7.8825006484985352
15.0999999999999126,120.2999999999995850,8.1556711196899414
15.0999999999999126,120.3999999999995794,8.4133825302124023
15.0999999999999126,120.4999999999995737,8.6978464126586914
15.0999999999999126,120.5999999999995680,8.9156751632690430
15.0999999999999126,120.6999999999995623,8.7091903686523438
15.0999999999999126,120.7999999999995566,8.9205360412597656
15.0999999999999126,120.8999999999995509,9.0227918624877930
15.0999999999999126,120.9999999999995453,8.3596630096435547
15.0999999999999126,121.0999999999995396,7.1093750000000000
15.0999999999999126,121.1999999999995339,7.0044426918029785
15.0999999999999126,121.2999999999995282,8.5612106323242188
15.0999999999999126,121.3999999999995225,8.5818300247192383
14.9999999999999130,120.0999999999995964,8.3167219161987305
14.9999999999999130,120.1999999999995907,8.2433271408081055
14.9999999999999130,120.2999999999995850,8.4563570022583008
14.9999999999999130,120.3999999999995794,8.7195310592651367
14.9999999999999130,120.4999999999995737,9.0179014205932617
14.9999999999999130,120.5999999999995680,9.2398786544799805
14.9999999999999130,120.6999999999995623,9.2692098617553711
14.9999999999999130,120.7999999999995566,9.3419008255004883
14.9999999999999130,120.8999999999995509,9.4998292922973633
14.9999999999999130,120.9999999999995453,8.7611808776855469
14.9999999999999130,121.0999999999995396,7.5388345718383789
14.9999999999999130,121.1999999999995339,6.6687736511230469
14.9999999999999130,121.2999999999995282,6.9129381179809570
14.9999999999999130,121.3999999999995225,7.1955771446228027
14.9999999999999130,121.4999999999995168,7.9397034645080566
14.9999999999999130,121.8999999999994941,16.1648082733154297
14.9999999999999130,121.9999999999994884,16.7897071838378906
14.8999999999999133,120.0999999999995964,9.5328092575073242
14.8999999999999133,120.1999999999995907,9.1930818557739258
14.8999999999999133,120.2999999999995850,9.1823511123657227
14.8999999999999133,120.3999999999995794,9.4464673995971680
14.8999999999999133,120.4999999999995737,9.6889667510986328
14.8999999999999133,120.7999999999995566,9.0724172592163086
14.8999999999999133,120.8999999999995509,9.0072259902954102
14.8999999999999133,120.9999999999995453,8.3223943710327148
14.8999999999999133,121.0999999999995396,7.3661379814147949
14.8999999999999133,121.1999999999995339,6.7348604202270508
14.8999999999999133,121.2999999999995282,6.3421001434326172
14.8999999999999133,121.3999999999995225,6.5387454032897949
14.8999999999999133,121.4999999999995168,7.3422789573669434
14.8999999999999133,121.8999999999994941,16.1867275238037109
14.8999999999999133,121.9999999999994884,16.5849132537841797
14.7999999999999137,120.1999999999995907,10.4942464828491211
14.7999999999999137,120.2999999999995850,9.9866571426391602
14.7999999999999137,120.3999999999995794,10.1872520446777344
14.7999999999999137,120.4999999999995737,10.2427978515625000
14.7999999999999137,120.8999999999995509,8.6394128799438477
14.7999999999999137,120.9999999999995453,8.0388402938842773
14.7999999999999137,121.0999999999995396,7.5326676368713379
14.7999999999999137,121.1999999999995339,7.0871844291687012
14.7999999999999137,121.2999999999995282,6.6868910789489746
14.7999999999999137,121.3999999999995225,6.3160624504089355
14.7999999999999137,121.4999999999995168,6.9428405761718750
14.7999999999999137,121.5999999999995111,9.3894462585449219
14.7999999999999137,121.8999999999994941,16.0290908813476562
14.7999999999999137,121.9999999999994884,16.7995929718017578
14.7999999999999137,122.1999999999994770,16.9213123321533203
14.6999999999999140,120.2999999999995850,11.0279855728149414
14.6999999999999140,120.3999999999995794,11.3701524734497070
14.6999999999999140,120.4999999999995737,11.3018522262573242
14.6999999999999140,120.9999999999995453,8.6800231933593750
14.6999999999999140,121.0999999999995396,8.2318153381347656
14.6999999999999140,121.1999999999995339,7.7987084388732910
14.6999999999999140,121.2999999999995282,7.3942079544067383
14.6999999999999140,121.3999999999995225,6.9494233131408691
14.6999999999999140,121.4999999999995168,7.5227446556091309
14.6999999999999140,121.5999999999995111,9.4712896347045898
14.6999999999999140,121.9999999999994884,16.6660995483398438
14.6999999999999140,122.3999999999994657,16.3748054504394531
14.5999999999999144,120.3999999999995794,13.5997896194458008
14.5999999999999144,120.4999999999995737,12.8394422531127930
14.5999999999999144,120.5999999999995680,12.7741088867187500
14.5999999999999144,120.9999999999995453,9.2612438201904297
14.5999999999999144,121.0999999999995396,9.1908864974975586
14.5999999999999144,121.1999999999995339,8.8430366516113281
14.5999999999999144,121.2999999999995282,8.9039201736450195
14.5999999999999144,121.3999999999995225,8.4112758636474609
14.5999999999999144,121.4999999999995168,8.3888797760009766
14.5999999999999144,121.5999999999995111,10.4037218093872070
14.4999999999999147,120.4999999999995737,14.9115238189697266
14.4999999999999147,120.5999999999995680,14.1634063720703125
14.4999999999999147,121.0999999999995396,9.7255907058715820
14.4999999999999147,121.1999999999995339,10.9775552749633789
14.4999999999999147,121.2999999999995282,10.6072282791137695
14.4999999999999147,121.3999999999995225,9.6228790283203125
14.4999999999999147,121.4999999999995168,9.5553998947143555
14.4999999999999147,121.5999999999995111,10.9763126373291016
14.3999999999999151,120.7999999999995566,10.5953502655029297
14.3999999999999151,120.8999999999995509,9.4645423889160156
14.3999999999999151,120.9999999999995453,9.4026784896850586
14.3999999999999151,121.2999999999995282,9.5719137191772461
14.3999999999999151,121.4999999999995168,9.0504531860351562
14.3999999999999151,121.5999999999995111,11.1633348464965820
14.3999999999999151,121.6999999999995055,12.7944030761718750
14.2999999999999154,120.6999999999995623,11.2376699447631836
14.2999999999999154,120.7999999999995566,10.4630880355834961
14.2999999999999154,120.8999999999995509,9.2353010177612305
14.2999999999999154,120.9999999999995453,8.6989727020263672
14.2999999999999154,121.0999999999995396,8.6045503616333008
14.2999999999999154,121.4999999999995168,8.3463449478149414
14.2999999999999154,121.5999999999995111,10.6795415878295898
14.2999999999999154,121.6999999999995055,14.3984861373901367
14.2999999999999154,122.4999999999994600,11.0049047470092773
14.2999999999999154,122.6999999999994486,10.7926111221313477
14.1999999999999158,120.5999999999995680,11.6652822494506836
14.1999999999999158,120.6999999999995623,10.2591848373413086
14.1999999999999158,120.7999999999995566,9.2458820343017578
14.1999999999999158,120.8999999999995509,8.4142808914184570
14.1999999999999158,120.9999999999995453,7.9518456459045410
14.1999999999999158,121.0999999999995396,7.9310340881347656
14.1999999999999158,121.3999999999995225,6.9797320365905762
14.1999999999999158,121.4999999999995168,7.5142402648925781
14.1999999999999158,121.5999999999995111,10.8111753463745117
14.1999999999999158,121.6999999999995055,14.8429708480834961
14.1999999999999158,121.9999999999994884,15.6975269317626953
14.1999999999999158,122.3999999999994657,9.1722888946533203
14.1999999999999158,122.4999999999994600,8.8932218551635742
14.1999999999999158,122.5999999999994543,8.5854482650756836
14.1999999999999158,122.6999999999994486,8.5333776473999023
14.1999999999999158,122.7999999999994429,8.6980466842651367
14.1999999999999158,122.8999999999994373,9.0112066268920898
14.0999999999999162,120.5999999999995680,10.7804594039916992
14.0999999999999162,120.6999999999995623,9.9810600280761719
14.0999999999999162,120.7999999999995566,8.9797849655151367
14.0999999999999162,120.8999999999995509,8.1506271362304688
14.0999999999999162,120.9999999999995453,7.5946474075317383
14.0999999999999162,121.0999999999995396,7.2866969108581543
14.0999999999999162,121.1999999999995339,7.4270148277282715
14.0999999999999162,121.2999999999995282,6.3976387977600098
14.0999999999999162,121.3999999999995225,6.5441374778747559
14.0999999999999162,121.4999999999995168,7.8395628929138184
14.0999999999999162,121.5999999999995111,10.5150032043457031
14.0999999999999162,121.6999999999995055,14.3306293487548828
14.0999999999999162,121.7999999999994998,17.3691921234130859
14.0999999999999162,122.0999999999994827,12.6608886718750000
14.0999999999999162,122.2999999999994714,9.6690940856933594
14.0999999999999162,122.3999999999994657,8.3677587509155273
14.0999999999999162,122.4999999999994600,7.6180787086486816
14.0999999999999162,122.5999999999994543,7.7157530784606934
14.0999999999999162,122.6999999999994486,7.9351854324340820
14.0999999999999162,122.7999999999994429,7.8582549095153809
14.0999999999999162,122.8999999999994373,8.2497930526733398
14.0999999999999162,122.9999999999994316,9.4618759155273438
13.9999999999999165,120.6999999999995623,11.6318550109863281
13.9999999999999165,120.7999999999995566,9.7939491271972656
13.9999999999999165,120.8999999999995509,8.4329071044921875
13.9999999999999165,120.9999999999995453,7.6546807289123535
13.9999999999999165,121.0999999999995396,6.9252953529357910
13.9999999999999165,121.1999999999995339,6.7267351150512695
13.9999999999999165,121.2999999999995282,6.1991491317749023
13.9999999999999165,121.3999999999995225,6.9852371215820312
13.9999999999999165,121.4999999999995168,8.5083160400390625
13.9999999999999165,121.5999999999995111,10.7563257217407227
13.9999999999999165,121.6999999999995055,13.5912265777587891
13.9999999999999165,121.7999999999994998,16.2801799774169922
13.9999999999999165,121.8999999999994941,15.0386037826538086
13.9999999999999165,122.3999999999994657,7.4363298416137695
13.9999999999999165,122.4999999999994600,7.2614593505859375
13.9999999999999165,122.5999999999994543,7.5771331787109375
13.9999999999999165,122.6999999999994486,7.8281707763671875
13.9999999999999165,122.7999999999994429,7.7994322776794434
13.9999999999999165,122.8999999999994373,8.0548543930053711
13.9999999999999165,122.9999999999994316,10.4687366485595703
13.9999999999999165,123.2999999999994145,12.8090896606445312
13.9999999999999165,124.1999999999993634,12.4636278152465820
13.9999999999999165,124.2999999999993577,10.0054950714111328
13.8999999999999169,120.5999999999995680,14.9050951004028320
13.8999999999999169,120.9999999999995453,8.6517887115478516
13.8999999999999169,121.0999999999995396,7.3298301696777344
13.8999999999999169,121.1999999999995339,6.4609527587890625
13.8999999999999169,121.2999999999995282,6.9402184486389160
13.8999999999999169,121.3999999999995225,8.0671110153198242
13.8999999999999169,121.4999999999995168,9.6546640396118164
13.8999999999999169,121.9999999999994884,11.1937217712402344
13.8999999999999169,122.0999999999994827,9.2809123992919922
13.8999999999999169,122.1999999999994770,8.1752185821533203
13.8999999999999169,122.2999999999994714,7.4061775207519531
13.8999999999999169,122.3999999999994657,7.5115547180175781
13.8999999999999169,122.6999999999994486,8.0009965896606445
13.8999999999999169,122.7999999999994429,7.9761896133422852
13.8999999999999169,122.8999999999994373,7.9444308280944824
13.8999999999999169,122.9999999999994316,9.0819177627563477
13.8999999999999169,123.3999999999994088,10.3453855514526367
13.8999999999999169,123.4999999999994031,10.3545713424682617
13.8999999999999169,123.5999999999993975,11.7819776535034180
13.8999999999999169,123.6999999999993918,13.2826757431030273
13.8999999999999169,124.1999999999993634,10.3820304870605469
13.8999999999999169,124.2999999999993577,8.7115983963012695
13.7999999999999172,120.0999999999995964,17.8634128570556641
13.7999999999999172,120.1999999999995907,17.9484519958496094
13.7999999999999172,120.8999999999995509,11.1119384765625000
13.7999999999999172,120.9999999999995453,9.9717416763305664
13.7999999999999172,121.0999999999995396,8.4024181365966797
13.7999999999999172,121.1999999999995339,6.7568964958190918
13.7999999999999172,121.2999999999995282,8.0736436843872070
13.7999999999999172,121.3999999999995225,10.0594358444213867
13.7999999999999172,121.9999999999994884,10.6040229797363281
13.7999999999999172,122.0999999999994827,8.9832077026367188
13.7999999999999172,122.1999999999994770,7.8057312965393066
13.7999999999999172,122.2999999999994714,7.4609694480895996
13.7999999999999172,122.3999999999994657,8.5893487930297852
13.7999999999999172,122.7999999999994429,8.7937660217285156
13.7999999999999172,122.8999999999994373,8.2451515197753906
13.7999999999999172,122.9999999999994316,7.5240721702575684
13.7999999999999172,123.2999999999994145,8.8374786376953125
13.7999999999999172,123.3999999999994088,8.3319911956787109
13.7999999999999172,123.4999999999994031,8.4204549789428711
13.7999999999999172,123.5999999999993975,10.5590171813964844
13.7999999999999172,123.6999999999993918,12.4893188476562500
13.7999999999999172,123.7999999999993861,13.6742553710937500
13.7999999999999172,124.1999999999993634,10.2371587753295898
13.7999999999999172,124.2999999999993577,8.3334197998046875
13.6999999999999176,121.0999999999995396,9.3113737106323242
13.6999999999999176,121.1999999999995339,7.3772315979003906
13.6999999999999176,121.2999999999995282,9.0853385925292969
13.6999999999999176,121.3999999999995225,11.3874521255493164
13.6999999999999176,122.1999999999994770,8.4942378997802734
13.6999999999999176,122.2999999999994714,8.4703197479248047
13.6999999999999176,122.3999999999994657,9.3771696090698242
13.6999999999999176,122.8999999999994373,8.7399463653564453
13.6999999999999176,122.9999999999994316,7.9739785194396973
13.6999999999999176,123.0999999999994259,7.3360452651977539
13.6999999999999176,123.1999999999994202,8.0213041305541992
13.6999999999999176,123.2999999999994145,7.4689040184020996
13.6999999999999176,123.3999999999994088,6.6689577102661133
13.6999999999999176,123.4999999999994031,6.8273787498474121
13.6999999999999176,124.0999999999993690,11.9048376083374023
13.6999999999999176,124.1999999999993634,9.9598989486694336
13.6999999999999176,124.2999999999993577,8.1537389755249023
13.5999999999999179,122.2999999999994714,9.2770557403564453
13.5999999999999179,122.3999999999994657,9.8389558792114258
13.5999999999999179,122.4999999999994600,10.9410104751586914
13.5999999999999179,122.8999999999994373,9.4319295883178711
13.5999999999999179,122.9999999999994316,8.7658376693725586
13.5999999999999179,123.0999999999994259,8.0909967422485352
13.5999999999999179,123.1999999999994202,7.4262351989746094
13.5999999999999179,123.2999999999994145,6.2346134185791016
13.5999999999999179,123.3999999999994088,5.3298721313476562
13.5999999999999179,123.4999999999994031,5.3248271942138672
13.5999999999999179,124.1999999999993634,9.8671474456787109
13.5999999999999179,124.2999999999993577,8.6067399978637695
13.4999999999999183,120.6999999999995623,9.0598335266113281
13.4999999999999183,120.7999999999995566,7.8924241065979004
13.4999999999999183,121.8999999999994941,12.0724554061889648
13.4999999999999183,121.9999999999994884,10.0046758651733398
13.4999999999999183,122.4999999999994600,10.1667203903198242
13.4999999999999183,122.5999999999994543,10.6155529022216797
13.4999999999999183,123.1999999999994202,8.7565908432006836
13.4999999999999183,123.2999999999994145,6.2909016609191895
13.4999999999999183,123.3999999999994088,4.8430337905883789
13.4999999999999183,123.4999999999994031,4.7554955482482910
13.4999999999999183,123.5999999999993975,5.9780945777893066
13.3999999999999186,120.4999999999995737,10.2093925476074219
13.3999999999999186,120.5999999999995680,7.8389716148376465
13.3999999999999186,120.6999999999995623,6.6675415039062500
13.3999999999999186,120.7999999999995566,5.7246885299682617
13.3999999999999186,120.8999999999995509,5.5883173942565918
13.3999999999999186,120.9999999999995453,5.7780833244323730
13.3999999999999186,121.0999999999995396,5.4103646278381348
13.3999999999999186,121.1999999999995339,5.3618364334106445
13.3999999999999186,121.7999999999994998,12.1145839691162109
13.3999999999999186,121.8999999999994941,11.0889768600463867
13.3999999999999186,121.9999999999994884,9.3174877166748047
13.3999999999999186,122.0999999999994827,8.6479034423828125
13.3999999999999186,122.4999999999994600,9.8716306686401367
13.3999999999999186,122.5999999999994543,9.6858816146850586
13.3999999999999186,123.1999999999994202,9.2394933700561523
13.3999999999999186,123.2999999999994145,7.3944277763366699
13.3999999999999186,123.3999999999994088,4.8659052848815918
13.3999999999999186,123.4999999999994031,4.1729693412780762
13.3999999999999186,123.5999999999993975,4.9043502807617188
13.2999999999999190,120.5999999999995680,6.3497123718261719
13.2999999999999190,120.6999999999995623,4.8962030410766602
13.2999999999999190,120.7999999999995566,4.4331355094909668
13.2999999999999190,120.8999999999995509,4.0829062461853027
13.2999999999999190,120.9999999999995453,3.7238736152648926
13.2999999999999190,121.0999999999995396,3.7277793884277344
13.2999999999999190,121.1999999999995339,4.0027098655700684
13.2999999999999190,121.2999999999995282,5.3334059715270996
13.2999999999999190,121.8999999999994941,11.4455747604370117
13.2999999999999190,121.9999999999994884,9.9435119628906250
13.2999999999999190,122.5999999999994543,9.9420347213745117
13.2999999999999190,123.2999999999994145,7.8873033523559570
13.2999999999999190,123.4999999999994031,4.3023333549499512
13.2999999999999190,123.5999999999993975,4.5822944641113281
13.2999999999999190,123.6999999999993918,5.6545672416687012
13.2999999999999190,123.8999999999993804,9.5163612365722656
13.1999999999999194,120.6999999999995623,4.2227034568786621
13.1999999999999194,120.7999999999995566,4.6221060752868652
13.1999999999999194,120.8999999999995509,4.1672182083129883
13.1999999999999194,120.9999999999995453,3.9101624488830566
13.1999999999999194,121.0999999999995396,3.9216923713684082
13.1999999999999194,121.1999999999995339,3.6637456417083740
13.1999999999999194,121.3999999999995225,5.5390830039978027
13.1999999999999194,123.2999999999994145,7.8846268653869629
13.1999999999999194,123.3999999999994088,6.0544438362121582
13.1999999999999194,123.4999999999994031,5.1527328491210938
13.1999999999999194,123.5999999999993975,5.7062215805053711
13.1999999999999194,123.6999999999993918,6.7986979484558105
13.0999999999999197,120.6999999999995623,3.8646781444549561
13.0999999999999197,120.7999999999995566,3.9919879436492920
13.0999999999999197,120.8999999999995509,4.6472120285034180
13.0999999999999197,120.9999999999995453,4.2976531982421875
13.0999999999999197,121.0999999999995396,3.7393014430999756
13.0999999999999197,121.1999999999995339,3.3790893554687500
13.0999999999999197,121.2999999999995282,3.4058339595794678
13.0999999999999197,121.3999999999995225,4.3605060577392578
13.0999999999999197,121.4999999999995168,5.5582699775695801
13.0999999999999197,122.9999999999994316,12.6178531646728516
13.0999999999999197,123.3999999999994088,7.1587786674499512
13.0999999999999197,123.4999999999994031,6.5734276771545410
13.0999999999999197,123.5999999999993975,7.2276415824890137
13.0999999999999197,123.6999999999993918,8.0656661987304688
13.0999999999999197,123.7999999999993861,9.5491218566894531
13.0999999999999197,123.8999999999993804,11.5584955215454102
12.9999999999999201,120.7999999999995566,4.2116799354553223
12.9999999999999201,120.8999999999995509,4.1235809326171875
12.9999999999999201,120.9999999999995453,4.1417841911315918
12.9999999999999201,121.0999999999995396,3.7438085079193115
12.9999999999999201,121.1999999999995339,3.1944019794464111
12.9999999999999201,121.2999999999995282,3.2506294250488281
12.9999999999999201,121.3999999999995225,4.2075157165527344
12.9999999999999201,122.9999999999994316,13.2513952255249023
12.9999999999999201,123.0999999999994259,13.1227693557739258
12.9999999999999201,123.4999999999994031,8.8106718063354492
12.9999999999999201,123.5999999999993975,9.9655885696411133
12.9999999999999201,123.6999999999993918,10.1864309310913086
12.9999999999999201,123.7999999999993861,9.7102308273315430
12.9999999999999201,123.8999999999993804,10.3026199340820312
12.9999999999999201,123.9999999999993747,12.7179536819458008
12.9999999999999201,124.0999999999993690,13.9809112548828125
12.8999999999999204,120.7999999999995566,5.9058876037597656
12.8999999999999204,120.8999999999995509,3.8898377418518066
12.8999999999999204,120.9999999999995453,3.6384136676788330
12.8999999999999204,121.0999999999995396,3.6563632488250732
12.8999999999999204,121.1999999999995339,3.5520710945129395
12.8999999999999204,121.2999999999995282,3.8955814838409424
12.8999999999999204,121.3999999999995225,4.8056998252868652
12.8999999999999204,121.4999999999995168,5.6818833351135254
12.8999999999999204,123.1999999999994202,14.2501821517944336
12.8999999999999204,123.7999999999993861,10.7431154251098633
12.8999999999999204,124.0999999999993690,12.0386590957641602
12.7999999999999208,120.7999999999995566,7.2797808647155762
12.7999999999999208,120.8999999999995509,5.1811213493347168
12.7999999999999208,120.9999999999995453,3.8042652606964111
12.7999999999999208,121.0999999999995396,3.3758189678192139
12.7999999999999208,121.1999999999995339,3.8610527515411377
12.7999999999999208,121.2999999999995282,4.5714621543884277
12.7999999999999208,121.3999999999995225,5.5459275245666504
12.7999999999999208,123.8999999999993804,10.6347227096557617
12.7999999999999208,123.9999999999993747,9.2912473678588867
12.7999999999999208,124.0999999999993690,10.5971193313598633
12.6999999999999211,120.8999999999995509,8.0425252914428711
12.6999999999999211,120.9999999999995453,6.6907305717468262
12.6999999999999211,121.0999999999995396,5.7233514785766602
12.6999999999999211,121.1999999999995339,4.9142794609069824
12.6999999999999211,121.2999999999995282,6.4001464843750000
12.6999999999999211,121.3999999999995225,7.9524278640747070
12.6999999999999211,121.4999999999995168,9.3784418106079102
12.6999999999999211,123.8999999999993804,11.5807294845581055
12.6999999999999211,123.9999999999993747,10.8092222213745117
12.6999999999999211,124.0999999999993690,10.6865739822387695
12.5999999999999215,120.9999999999995453,10.2543392181396484
12.5999999999999215,121.0999999999995396,8.6951322555541992
12.5999999999999215,121.1999999999995339,7.3425035476684570
12.5999999999999215,121.2999999999995282,8.0859661102294922
12.5999999999999215,121.3999999999995225,11.0100746154785156
12.5999999999999215,121.4999999999995168,12.4148874282836914
12.5999999999999215,122.0999999999994827,10.9220952987670898
12.5999999999999215,123.9999999999993747,12.3920536041259766
12.4999999999999218,120.9999999999995453,13.0448102951049805
12.4999999999999218,121.0999999999995396,11.0016727447509766
12.4999999999999218,121.1999999999995339,9.8739328384399414
12.4999999999999218,121.2999999999995282,10.6051931381225586
12.4999999999999218,121.3999999999995225,12.5714559555053711
12.4999999999999218,121.9999999999994884,9.8742742538452148
12.4999999999999218,122.4999999999994600,16.3586101531982422
12.4999999999999218,122.5999999999994543,17.1383743286132812
12.4999999999999218,123.2999999999994145,17.6374435424804688
12.4999999999999218,123.3999999999994088,17.1894378662109375
12.4999999999999218,123.4999999999994031,16.8328781127929688
12.4999999999999218,123.6999999999993918,15.5083866119384766
12.4999999999999218,124.2999999999993577,13.6401109695434570
12.4999999999999218,124.3999999999993520,11.9516019821166992
12.4999999999999218,124.4999999999993463,9.4100933074951172
12.4999999999999218,124.5999999999993406,8.0594930648803711
12.4999999999999218,124.6999999999993349,7.7950463294982910
12.4999999999999218,124.7999999999993292,7.7638812065124512
12.4999999999999218,124.8999999999993236,7.9544997215270996
12.4999999999999218,124.9999999999993179,7.9961915016174316
12.4999999999999218,125.0999999999993122,8.1664924621582031
12.4999999999999218,125.1999999999993065,8.8662290573120117
12.3999999999999222,120.9999999999995453,14.0244264602661133
12.3999999999999222,121.0999999999995396,12.8773212432861328
12.3999999999999222,121.1999999999995339,12.9443006515502930
12.3999999999999222,121.2999999999995282,13.6234836578369141
12.3999999999999222,121.9999999999994884,11.7622871398925781
12.3999999999999222,122.0999999999994827,11.6486406326293945
12.3999999999999222,122.4999999999994600,17.0236492156982422
12.3999999999999222,122.5999999999994543,17.1404857635498047
12.3999999999999222,123.2999999999994145,15.2428045272827148
12.3999999999999222,123.3999999999994088,14.8707599639892578
12.3999999999999222,123.4999999999994031,14.4397506713867188
12.3999999999999222,124.3999999999993520,10.9991970062255859
12.3999999999999222,124.4999999999993463,9.2999172210693359
12.3999999999999222,124.5999999999993406,7.7880935668945312
12.3999999999999222,124.6999999999993349,7.6857576370239258
12.3999999999999222,124.7999999999993292,7.5033311843872070
12.3999999999999222,124.8999999999993236,7.0816740989685059
12.3999999999999222,124.9999999999993179,6.8076591491699219
12.3999999999999222,125.0999999999993122,6.9830598831176758
12.3999999999999222,125.1999999999993065,8.0434904098510742
12.2999999999999226,119.8999999999996078,20.9994010925292969
12.2999999999999226,121.1999999999995339,16.0567493438720703
12.2999999999999226,121.9999999999994884,14.1253118515014648
12.2999999999999226,123.2999999999994145,13.6673345565795898
12.2999999999999226,123.3999999999994088,12.0626554489135742
12.2999999999999226,123.4999999999994031,11.4489355087280273
12.2999999999999226,123.5999999999993975,11.0350694656372070
12.2999999999999226,123.6999999999993918,11.0003166198730469
12.2999999999999226,124.3999999999993520,10.9343481063842773
12.2999999999999226,124.4999999999993463,9.1945371627807617
12.2999999999999226,124.5999999999993406,7.7814927101135254
12.2999999999999226,124.6999999999993349,7.4006538391113281
12.2999999999999226,124.7999999999993292,6.9978709220886230
12.2999999999999226,124.8999999999993236,6.5459556579589844
12.2999999999999226,124.9999999999993179,6.0883593559265137
12.2999999999999226,125.0999999999993122,6.1643872261047363
12.2999999999999226,125.1999999999993065,7.2167773246765137
12.2999999999999226,125.2999999999993008,9.1651391983032227
12.1999999999999229,119.8999999999996078,22.0610027313232422
12.1999999999999229,119.9999999999996021,22.6059703826904297
12.1999999999999229,121.9999999999994884,16.3633403778076172
12.1999999999999229,123.2999999999994145,12.7213916778564453
12.1999999999999229,123.3999999999994088,11.2087440490722656
12.1999999999999229,123.5999999999993975,9.9800748825073242
12.1999999999999229,123.6999999999993918,9.9469270706176758
12.1999999999999229,123.7999999999993861,10.8227481842041016
12.1999999999999229,123.8999999999993804,12.0891494750976562
12.1999999999999229,124.3999999999993520,10.6522760391235352
12.1999999999999229,124.4999999999993463,9.3503274917602539
12.1999999999999229,124.5999999999993406,8.0022325515747070
12.1999999999999229,124.6999999999993349,7.2012529373168945
12.1999999999999229,124.7999999999993292,6.7520890235900879
12.1999999999999229,124.8999999999993236,6.2943692207336426
12.1999999999999229,124.9999999999993179,5.8243422508239746
12.1999999999999229,125.0999999999993122,5.7900047302246094
12.1999999999999229,125.1999999999993065,6.3719816207885742
12.1999999999999229,125.2999999999993008,8.2357826232910156
12.1999999999999229,125.3999999999992951,10.4815549850463867
12.1999999999999229,125.4999999999992895,11.8738727569580078
12.0999999999999233,119.9999999999996021,22.6966438293457031
12.0999999999999233,120.0999999999995964,21.5365276336669922
12.0999999999999233,120.1999999999995907,20.3455638885498047
12.0999999999999233,120.2999999999995850,20.9935359954833984
12.0999999999999233,123.2999999999994145,12.7523269653320312
12.0999999999999233,123.6999999999993918,11.7931194305419922
12.0999999999999233,123.7999999999993861,12.6571960449218750
12.0999999999999233,123.8999999999993804,14.3908796310424805
12.0999999999999233,124.4999999999993463,10.2518262863159180
12.0999999999999233,124.5999999999993406,9.7022123336791992
12.0999999999999233,124.6999999999993349,8.1571063995361328
12.0999999999999233,124.7999999999993292,7.2118225097656250
12.0999999999999233,124.8999999999993236,6.7534804344177246
12.0999999999999233,124.9999999999993179,6.3770818710327148
12.0999999999999233,125.0999999999993122,5.9008288383483887
12.0999999999999233,125.1999999999993065,5.7668881416320801
12.0999999999999233,125.2999999999993008,6.7611665725708008
12.0999999999999233,125.3999999999992951,8.5890569686889648
11.9999999999999236,123.1999999999994202,14.8624725341796875
11.9999999999999236,123.7999999999993861,14.2552289962768555
11.9999999999999236,123.8999999999993804,14.5810365676879883
11.9999999999999236,123.9999999999993747,14.8731756210327148
11.9999999999999236,124.6999999999993349,9.2826652526855469
11.9999999999999236,124.7999999999993292,7.9951477050781250
11.9999999999999236,124.8999999999993236,7.2311968803405762
11.9999999999999236,124.9999999999993179,6.6763162612915039
11.9999999999999236,125.0999999999993122,5.9102301597595215
11.9999999999999236,125.1999999999993065,5.7775883674621582
11.9999999999999236,125.2999999999993008,6.3744273185729980
11.9999999999999236,125.3999999999992951,7.2727084159851074
11.8999999999999240,121.9999999999994884,20.4511890411376953
11.8999999999999240,123.7999999999993861,14.6978073120117188
11.8999999999999240,123.8999999999993804,14.8341541290283203
11.8999999999999240,123.9999999999993747,15.2233448028564453
11.8999999999999240,124.7999999999993292,9.4502325057983398
11.8999999999999240,124.8999999999993236,7.7336974143981934
11.8999999999999240,124.9999999999993179,6.6270828247070312
11.8999999999999240,125.0999999999993122,5.8581728935241699
11.8999999999999240,125.1999999999993065,5.6903791427612305
11.8999999999999240,125.2999999999993008,6.3037924766540527
11.7999999999999243,121.8999999999994941,21.0897426605224609
11.7999999999999243,121.9999999999994884,19.8375053405761719
11.7999999999999243,122.0999999999994827,17.4276828765869141
11.7999999999999243,122.1999999999994770,14.8724842071533203
11.7999999999999243,124.2999999999993577,16.5107326507568359
11.7999999999999243,124.8999999999993236,9.8233499526977539
11.7999999999999243,124.9999999999993179,7.6271371841430664
11.7999999999999243,125.0999999999993122,6.0183768272399902
11.7999999999999243,125.1999999999993065,5.7054615020751953
11.7999999999999243,125.2999999999993008,6.4903001785278320
11.7999999999999243,125.3999999999992951,6.2374281883239746
11.6999999999999247,119.9999999999996021,23.3784542083740234
11.6999999999999247,122.0999999999994827,16.4432353973388672
11.6999999999999247,122.1999999999994770,14.5234146118164062
11.6999999999999247,122.2999999999994714,12.4902753829956055
11.6999999999999247,122.3999999999994657,12.0547809600830078
11.6999999999999247,124.9999999999993179,9.2814741134643555
11.6999999999999247,125.0999999999993122,7.4249558448791504
11.6999999999999247,125.1999999999993065,6.6829376220703125
11.6999999999999247,125.2999999999993008,6.3774361610412598
11.6999999999999247,125.3999999999992951,5.8756570816040039
11.5999999999999250,122.1999999999994770,11.9530477523803711
11.5999999999999250,122.2999999999994714,10.0632047653198242
11.5999999999999250,122.6999999999994486,12.4281034469604492
11.5999999999999250,124.4999999999993463,16.6046276092529297
11.5999999999999250,125.0999999999993122,7.6651091575622559
11.5999999999999250,125.1999999999993065,6.5117526054382324
11.5999999999999250,125.2999999999993008,6.1407485008239746
11.5999999999999250,125.3999999999992951,5.8109245300292969
11.4999999999999254,122.0999999999994827,9.8907632827758789
11.4999999999999254,122.1999999999994770,8.3875684738159180
11.4999999999999254,122.2999999999994714,7.2186141014099121
11.4999999999999254,122.3999999999994657,7.1532530784606934
11.4999999999999254,122.4999999999994600,8.0783615112304688
11.4999999999999254,122.5999999999994543,9.2313375473022461
11.4999999999999254,122.6999999999994486,10.1742887496948242
11.4999999999999254,122.7999999999994429,10.7588634490966797
11.4999999999999254,123.0999999999994259,16.4354496002197266
11.4999999999999254,124.3999999999993520,16.8807659149169922
11.4999999999999254,124.4999999999993463,16.5110740661621094
11.4999999999999254,124.8999999999993236,10.0842924118041992
11.4999999999999254,124.9999999999993179,8.5001134872436523
11.4999999999999254,125.0999999999993122,6.7929801940917969
11.4999999999999254,125.1999999999993065,5.8298220634460449
11.4999999999999254,125.2999999999993008,5.7983074188232422
11.4999999999999254,125.3999999999992951,6.0117678642272949
11.4999999999999254,125.4999999999992895,7.5395140647888184
11.3999999999999257,122.0999999999994827,7.2518334388732910
11.3999999999999257,122.1999999999994770,5.8586230278015137
11.3999999999999257,122.2999999999994714,4.6628603935241699
11.3999999999999257,122.3999999999994657,4.6877608299255371
11.3999999999999257,122.4999999999994600,5.5838565826416016
11.3999999999999257,122.5999999999994543,6.5174403190612793
11.3999999999999257,122.6999999999994486,7.3740181922912598
11.3999999999999257,122.7999999999994429,8.2272300720214844
11.3999999999999257,122.8999999999994373,9.4014949798583984
11.3999999999999257,122.9999999999994316,11.9746561050415039
11.3999999999999257,123.0999999999994259,14.7441482543945312
11.3999999999999257,124.2999999999993577,17.2476634979248047
11.3999999999999257,124.3999999999993520,16.7191200256347656
11.3999999999999257,124.4999999999993463,16.0408668518066406
11.3999999999999257,124.8999999999993236,9.6582193374633789
11.3999999999999257,124.9999999999993179,8.0309534072875977
11.3999999999999257,125.0999999999993122,6.8596482276916504
11.3999999999999257,125.1999999999993065,6.2469997406005859
11.3999999999999257,125.2999999999993008,6.0546088218688965
11.3999999999999257,125.3999999999992951,6.5167145729064941
11.3999999999999257,125.4999999999992895,8.1641111373901367
11.2999999999999261,119.4999999999996305,16.1307220458984375
11.2999999999999261,122.0999999999994827,5.6699719429016113
11.2999999999999261,122.1999999999994770,5.1389670372009277
11.2999999999999261,122.2999999999994714,3.9596345424652100
11.2999999999999261,122.3999999999994657,4.0703778266906738
11.2999999999999261,122.4999999999994600,4.8505287170410156
11.2999999999999261,122.5999999999994543,5.8144583702087402
11.2999999999999261,122.6999999999994486,6.5903801918029785
11.2999999999999261,122.7999999999994429,7.4137773513793945
11.2999999999999261,122.8999999999994373,8.9814443588256836
11.2999999999999261,122.9999999999994316,11.5471954345703125
11.2999999999999261,123.0999999999994259,13.7028903961181641
11.2999999999999261,124.3999999999993520,14.7997636795043945
11.2999999999999261,124.4999999999993463,14.0791749954223633
11.2999999999999261,124.5999999999993406,12.9908599853515625
11.2999999999999261,124.6999999999993349,10.7802038192749023
11.2999999999999261,124.7999999999993292,9.2489423751831055
11.2999999999999261,124.8999999999993236,8.8001327514648438
11.2999999999999261,125.1999999999993065,8.6289749145507812
11.2999999999999261,125.2999999999993008,8.4351034164428711
11.2999999999999261,125.3999999999992951,9.0053119659423828
11.2999999999999261,125.4999999999992895,9.5892314910888672
11.1999999999999265,119.4999999999996305,13.1979465484619141
11.1999999999999265,122.0999999999994827,4.0257949829101562
11.1999999999999265,122.1999999999994770,4.3946967124938965
11.1999999999999265,122.2999999999994714,3.9432926177978516
11.1999999999999265,122.3999999999994657,4.0775122642517090
11.1999999999999265,122.4999999999994600,4.9695773124694824
11.1999999999999265,122.5999999999994543,6.0533614158630371
11.1999999999999265,122.6999999999994486,6.7431917190551758
11.1999999999999265,122.7999999999994429,7.7450194358825684
11.1999999999999265,122.8999999999994373,9.4730339050292969
11.1999999999999265,122.9999999999994316,11.8186874389648438
11.1999999999999265,123.7999999999993861,14.8562974929809570
11.1999999999999265,123.9999999999993747,15.5310182571411133
11.1999999999999265,124.3999999999993520,13.1578817367553711
11.1999999999999265,124.4999999999993463,11.5796461105346680
11.1999999999999265,124.5999999999993406,10.5392675399780273
11.1999999999999265,124.6999999999993349,8.7098789215087891
11.1999999999999265,124.7999999999993292,7.0392556190490723
11.1999999999999265,124.8999999999993236,6.5402565002441406
11.1999999999999265,124.9999999999993179,9.3471517562866211
11.1999999999999265,125.1999999999993065,11.5588636398315430
11.1999999999999265,125.2999999999993008,11.8493938446044922
11.1999999999999265,125.3999999999992951,12.6326951980590820
11.1999999999999265,125.4999999999992895,12.8084640502929688
11.0999999999999268,119.4999999999996305,12.1580991744995117
11.0999999999999268,122.0999999999994827,4.2813143730163574
11.0999999999999268,122.1999999999994770,3.9809777736663818
11.0999999999999268,122.2999999999994714,4.0242714881896973
11.0999999999999268,122.3999999999994657,4.3857307434082031
11.0999999999999268,122.4999999999994600,5.4012265205383301
11.0999999999999268,122.5999999999994543,6.5740580558776855
11.0999999999999268,122.6999999999994486,7.1603617668151855
11.0999999999999268,122.7999999999994429,7.9653878211975098
11.0999999999999268,122.8999999999994373,9.8549909591674805
11.0999999999999268,124.3999999999993520,11.3067922592163086
11.0999999999999268,124.4999999999993463,10.1738796234130859
11.0999999999999268,124.5999999999993406,8.7097434997558594
11.0999999999999268,124.6999999999993349,7.0137763023376465
11.0999999999999268,124.7999999999993292,5.4394044876098633
11.0999999999999268,124.8999999999993236,5.2486205101013184
11.0999999999999268,124.9999999999993179,8.7577009201049805
11.0999999999999268,125.4999999999992895,14.9211502075195312
10.9999999999999272,119.3999999999996362,15.4225378036499023
10.9999999999999272,122.0999999999994827,4.2641792297363281
10.9999999999999272,122.1999999999994770,4.0442757606506348
10.9999999999999272,122.2999999999994714,4.0940318107604980
10.9999999999999272,122.3999999999994657,4.9701805114746094
10.9999999999999272,122.4999999999994600,6.3656611442565918
10.9999999999999272,122.5999999999994543,7.5430169105529785
10.9999999999999272,122.6999999999994486,8.1112632751464844
10.9999999999999272,122.7999999999994429,8.8468275070190430
10.9999999999999272,123.9999999999993747,13.6575365066528320
10.9999999999999272,124.4999999999993463,10.2266635894775391
10.9999999999999272,124.5999999999993406,8.8555812835693359
10.9999999999999272,124.6999999999993349,6.9381422996520996
10.9999999999999272,124.7999999999993292,5.2990555763244629
10.9999999999999272,124.8999999999993236,5.0935301780700684
10.9999999999999272,124.9999999999993179,9.0984439849853516
10.8999999999999275,119.3999999999996362,14.2907438278198242
10.8999999999999275,119.4999999999996305,11.1421422958374023
10.8999999999999275,121.9999999999994884,5.3118643760681152
10.8999999999999275,122.0999999999994827,4.3089013099670410
10.8999999999999275,122.1999999999994770,4.0826745033264160
10.8999999999999275,122.2999999999994714,4.9425253868103027
10.8999999999999275,122.3999999999994657,5.6155924797058105
10.8999999999999275,122.4999999999994600,7.2430930137634277
10.8999999999999275,122.5999999999994543,8.6412420272827148
10.8999999999999275,122.6999999999994486,9.3034906387329102
10.8999999999999275,123.1999999999994202,9.5849637985229492
10.8999999999999275,123.2999999999994145,9.5215511322021484
10.8999999999999275,123.3999999999994088,9.9415311813354492
10.8999999999999275,123.9999999999993747,13.2624654769897461
10.8999999999999275,124.4999999999993463,10.6048135757446289
10.8999999999999275,124.7999999999993292,5.7105441093444824
10.8999999999999275,124.8999999999993236,5.6924533843994141
10.8999999999999275,124.9999999999993179,9.1235599517822266
10.7999999999999279,119.2999999999996419,18.6751537322998047
10.7999999999999279,119.3999999999996362,15.7227497100830078
10.7999999999999279,119.4999999999996305,9.6135301589965820
10.7999999999999279,121.9999999999994884,5.8231363296508789
10.7999999999999279,122.0999999999994827,4.5148558616638184
10.7999999999999279,122.1999999999994770,4.5806932449340820
10.7999999999999279,122.2999999999994714,6.0113024711608887
10.7999999999999279,122.3999999999994657,6.6067962646484375
10.7999999999999279,122.4999999999994600,7.9814925193786621
10.7999999999999279,122.9999999999994316,8.1170349121093750
10.7999999999999279,123.0999999999994259,7.0093779563903809
10.7999999999999279,123.1999999999994202,7.1910166740417480
10.7999999999999279,123.2999999999994145,7.9632287025451660
10.7999999999999279,123.3999999999994088,8.6689672470092773
10.7999999999999279,123.4999999999994031,9.5950670242309570
10.7999999999999279,123.8999999999993804,12.4240255355834961
10.7999999999999279,123.9999999999993747,12.8600187301635742
10.7999999999999279,124.8999999999993236,5.7705893516540527
10.6999999999999282,119.3999999999996362,13.4578399658203125
10.6999999999999282,119.4999999999996305,10.0869503021240234
10.6999999999999282,119.5999999999996248,10.6143274307250977
10.6999999999999282,121.9999999999994884,6.2249331474304199
10.6999999999999282,122.0999999999994827,5.4580526351928711
10.6999999999999282,122.1999999999994770,5.9547948837280273
10.6999999999999282,122.2999999999994714,6.1783952713012695
10.6999999999999282,122.3999999999994657,7.0530066490173340
10.6999999999999282,122.4999999999994600,8.7295246124267578
10.6999999999999282,122.5999999999994543,8.3289451599121094
10.6999999999999282,122.6999999999994486,7.7387385368347168
10.6999999999999282,122.9999999999994316,6.7625374794006348
10.6999999999999282,123.0999999999994259,4.3706340789794922
10.6999999999999282,123.1999999999994202,5.6385436058044434
10.6999999999999282,123.2999999999994145,7.4254999160766602
10.6999999999999282,123.3999999999994088,8.5057401657104492
10.6999999999999282,123.4999999999994031,9.1874628067016602
10.6999999999999282,123.8999999999993804,11.7709074020385742
10.6999999999999282,124.7999999999993292,5.2488732337951660
10.6999999999999282,124.8999999999993236,4.3380312919616699
10.6999999999999282,124.9999999999993179,4.9274339675903320
10.6999999999999282,125.7999999999992724,17.2019042968750000
10.5999999999999286,119.3999999999996362,12.6929082870483398
10.5999999999999286,119.4999999999996305,9.6356935501098633
10.5999999999999286,119.5999999999996248,10.5564880371093750
10.5999999999999286,119.7999999999996135,16.7338409423828125
10.5999999999999286,119.8999999999996078,17.4489459991455078
10.5999999999999286,121.9999999999994884,7.2766213417053223
10.5999999999999286,122.4999999999994600,8.9556360244750977
10.5999999999999286,122.5999999999994543,8.8237123489379883
10.5999999999999286,122.6999999999994486,7.9035544395446777
10.5999999999999286,122.8999999999994373,6.4659194946289062
10.5999999999999286,122.9999999999994316,5.6966829299926758
10.5999999999999286,123.0999999999994259,4.1597437858581543
10.5999999999999286,123.1999999999994202,4.2109794616699219
10.5999999999999286,123.2999999999994145,6.2549014091491699
10.5999999999999286,123.3999999999994088,8.2908191680908203
10.5999999999999286,123.6999999999993918,8.4463586807250977
10.5999999999999286,123.7999999999993861,9.2025632858276367
10.5999999999999286,123.8999999999993804,10.5702342987060547
10.5999999999999286,123.9999999999993747,11.5521507263183594
10.5999999999999286,124.7999999999993292,4.4958982467651367
10.5999999999999286,124.8999999999993236,3.8742966651916504
10.5999999999999286,124.9999999999993179,3.8509788513183594
10.5999999999999286,125.0999999999993122,5.1503386497497559
10.4999999999999289,119.2999999999996419,13.5089111328125000
10.4999999999999289,119.3999999999996362,10.6650657653808594
10.4999999999999289,119.4999999999996305,8.7588472366333008
10.4999999999999289,119.5999999999996248,10.4372634887695312
10.4999999999999289,119.7999999999996135,16.6145687103271484
10.4999999999999289,119.8999999999996078,17.4075813293457031
10.4999999999999289,121.9999999999994884,8.5845594406127930
10.4999999999999289,122.4999999999994600,9.3899049758911133
10.4999999999999289,122.5999999999994543,9.3824644088745117
10.4999999999999289,122.6999999999994486,8.7353229522705078
10.4999999999999289,122.7999999999994429,7.1363496780395508
10.4999999999999289,122.8999999999994373,6.3916478157043457
10.4999999999999289,122.9999999999994316,5.3727731704711914
10.4999999999999289,123.0999999999994259,4.1223535537719727
10.4999999999999289,123.1999999999994202,3.5318615436553955
10.4999999999999289,123.2999999999994145,5.1710481643676758
10.4999999999999289,123.3999999999994088,6.9333672523498535
10.4999999999999289,123.7999999999993861,7.7336816787719727
10.4999999999999289,123.8999999999993804,9.1178493499755859
10.4999999999999289,123.9999999999993747,10.5587978363037109
10.4999999999999289,124.7999999999993292,5.4558396339416504
10.4999999999999289,124.8999999999993236,3.8330228328704834
10.4999999999999289,124.9999999999993179,3.7355790138244629
10.4999999999999289,125.0999999999993122,3.9212291240692139
10.3999999999999293,119.0999999999996533,12.6377897262573242
10.3999999999999293,119.1999999999996476,12.2620477676391602
10.3999999999999293,119.2999999999996419,10.8334455490112305
10.3999999999999293,119.3999999999996362,9.4044637680053711
10.3999999999999293,119.4999999999996305,10.7027769088745117
10.3999999999999293,122.8999999999994373,5.5179667472839355
10.3999999999999293,122.9999999999994316,4.8267049789428711
10.3999999999999293,123.0999999999994259,4.1642580032348633
10.3999999999999293,123.1999999999994202,3.5822117328643799
10.3999999999999293,123.2999999999994145,4.4510359764099121
10.3999999999999293,123.6999999999993918,5.7153606414794922
10.3999999999999293,123.7999999999993861,6.5097260475158691
10.3999999999999293,123.8999999999993804,8.2478437423706055
10.3999999999999293,123.9999999999993747,9.3288726806640625
10.3999999999999293,124.7999999999993292,6.0988869667053223
10.3999999999999293,124.8999999999993236,4.6256041526794434
10.3999999999999293,124.9999999999993179,4.5097317695617676
10.3999999999999293,125.0999999999993122,4.1837291717529297
10.3999999999999293,125.1999999999993065,5.8680434226989746
10.3999999999999293,125.5999999999992838,16.0500545501708984
10.2999999999999297,118.9999999999996589,10.3515729904174805
10.2999999999999297,119.0999999999996533,10.2276105880737305
10.2999999999999297,119.1999999999996476,9.9137678146362305
10.2999999999999297,119.2999999999996419,9.3437442779541016
10.2999999999999297,122.8999999999994373,4.4996929168701172
10.2999999999999297,122.9999999999994316,3.8575527667999268
10.2999999999999297,123.0999999999994259,3.7388157844543457
10.2999999999999297,123.1999999999994202,3.8132576942443848
10.2999999999999297,123.2999999999994145,4.7250776290893555
10.2999999999999297,123.5999999999993975,6.2476954460144043
10.2999999999999297,123.6999999999993918,5.8436880111694336
10.2999999999999297,123.7999999999993861,6.5112419128417969
10.2999999999999297,124.7999999999993292,6.7684946060180664
10.2999999999999297,124.8999999999993236,5.3494229316711426
10.2999999999999297,125.0999999999993122,4.9378719329833984
10.2999999999999297,125.1999999999993065,6.2413997650146484
10.2999999999999297,125.5999999999992838,15.3220281600952148
10.1999999999999300,118.7999999999996703,12.8897323608398438
10.1999999999999300,118.9999999999996589,9.6199417114257812
10.1999999999999300,119.0999999999996533,9.3962669372558594
10.1999999999999300,119.1999999999996476,9.7556791305541992
10.1999999999999300,122.8999999999994373,4.1986041069030762
10.1999999999999300,122.9999999999994316,3.3271541595458984
10.1999999999999300,123.0999999999994259,3.3184170722961426
10.1999999999999300,123.1999999999994202,3.6958503723144531
10.1999999999999300,123.2999999999994145,4.2954173088073730
10.1999999999999300,123.5999999999993975,5.8119659423828125
10.1999999999999300,123.6999999999993918,6.0468778610229492
10.1999999999999300,124.8999999999993236,6.1653208732604980
10.1999999999999300,125.5999999999992838,14.1155319213867188
10.0999999999999304,118.8999999999996646,11.8423814773559570
10.0999999999999304,118.9999999999996589,10.5624599456787109
10.0999999999999304,119.0999999999996533,10.6439294815063477
10.0999999999999304,119.1999999999996476,11.8143024444580078
10.0999999999999304,122.8999999999994373,4.2745819091796875
10.0999999999999304,122.9999999999994316,3.5393280982971191
10.0999999999999304,123.0999999999994259,3.4010829925537109
10.0999999999999304,123.1999999999994202,3.7415776252746582
10.0999999999999304,123.4999999999994031,5.0583262443542480
10.0999999999999304,123.5999999999993975,5.2482080459594727
10.0999999999999304,124.1999999999993634,6.4700493812561035
10.0999999999999304,124.2999999999993577,6.3436384201049805
10.0999999999999304,124.3999999999993520,8.0553808212280273
10.0999999999999304,125.1999999999993065,9.4177923202514648
10.0999999999999304,125.5999999999992838,12.7753858566284180
9.9999999999999307,118.7999999999996703,10.2296419143676758
9.9999999999999307,118.8999999999996646,11.6820363998413086
9.9999999999999307,118.9999999999996589,11.2013168334960938
9.9999999999999307,119.0999999999996533,12.2909717559814453
9.9999999999999307,122.7999999999994429,5.6768908500671387
9.9999999999999307,122.8999999999994373,4.7585783004760742
9.9999999999999307,122.9999999999994316,3.9169785976409912
9.9999999999999307,123.0999999999994259,3.5481154918670654
9.9999999999999307,123.1999999999994202,3.7699162960052490
9.9999999999999307,123.3999999999994088,4.0151462554931641
9.9999999999999307,123.4999999999994031,4.6946744918823242
9.9999999999999307,123.5999999999993975,5.6248888969421387
9.9999999999999307,124.0999999999993690,5.3044748306274414
9.9999999999999307,124.1999999999993634,5.1632285118103027
9.9999999999999307,124.2999999999993577,5.1088423728942871
9.9999999999999307,124.3999999999993520,6.6426424980163574
9.9999999999999307,124.4999999999993463,9.4487714767456055
9.9999999999999307,125.1999999999993065,11.3058128356933594
9.9999999999999307,125.5999999999992838,12.0722188949584961
9.8999999999999311,118.5999999999996817,8.7406702041625977
9.8999999999999311,118.6999999999996760,7.8601808547973633
9.8999999999999311,122.3999999999994657,12.9751358032226562
9.8999999999999311,122.4999999999994600,10.5395650863647461
9.8999999999999311,122.5999999999994543,7.9258141517639160
9.8999999999999311,122.6999999999994486,6.2701201438903809
9.8999999999999311,122.7999999999994429,5.2439947128295898
9.8999999999999311,122.8999999999994373,4.8050179481506348
9.8999999999999311,122.9999999999994316,4.5376582145690918
9.8999999999999311,123.0999999999994259,4.2399678230285645
9.8999999999999311,123.3999999999994088,4.7319083213806152
9.8999999999999311,123.4999999999994031,5.2085666656494141
9.8999999999999311,123.5999999999993975,7.0397276878356934
9.8999999999999311,123.8999999999993804,7.6408457756042480
9.8999999999999311,123.9999999999993747,5.9297742843627930
9.8999999999999311,124.0999999999993690,5.3974018096923828
9.8999999999999311,124.1999999999993634,5.1883888244628906
9.8999999999999311,124.2999999999993577,5.0161299705505371
9.8999999999999311,124.3999999999993520,6.3586668968200684
9.8999999999999311,124.4999999999993463,9.1175489425659180
9.8999999999999311,125.5999999999992838,10.7218389511108398
9.8999999999999311,125.9999999999992610,13.9539937973022461
9.7999999999999314,118.5999999999996817,9.0558233261108398
9.7999999999999314,118.6999999999996760,6.8064498901367188
9.7999999999999314,122.4999999999994600,10.7505331039428711
9.7999999999999314,122.5999999999994543,8.0293912887573242
9.7999999999999314,122.6999999999994486,6.4943900108337402
9.7999999999999314,122.7999999999994429,5.7565617561340332
9.7999999999999314,122.8999999999994373,5.3753294944763184
9.7999999999999314,122.9999999999994316,5.2893071174621582
9.7999999999999314,123.0999999999994259,5.4286761283874512
9.7999999999999314,123.3999999999994088,5.3539924621582031
9.7999999999999314,123.4999999999994031,5.5890598297119141
9.7999999999999314,123.8999999999993804,8.0449304580688477
9.7999999999999314,123.9999999999993747,6.1924109458923340
9.7999999999999314,124.0999999999993690,5.7207608222961426
9.7999999999999314,124.1999999999993634,5.5642018318176270
9.7999999999999314,124.2999999999993577,5.4794874191284180
9.7999999999999314,124.3999999999993520,6.8745422363281250
9.7999999999999314,124.4999999999993463,9.5233907699584961
9.7999999999999314,125.9999999999992610,13.7619953155517578
9.7999999999999314,126.0999999999992554,13.6040573120117188
9.6999999999999318,118.3999999999996930,12.6417627334594727
9.6999999999999318,118.4999999999996874,10.7443017959594727
9.6999999999999318,118.5999999999996817,8.1834735870361328
9.6999999999999318,118.6999999999996760,7.1222405433654785
9.6999999999999318,122.4999999999994600,10.8832073211669922
9.6999999999999318,122.5999999999994543,8.4148797988891602
9.6999999999999318,122.6999999999994486,7.1548080444335938
9.6999999999999318,122.7999999999994429,6.6760191917419434
9.6999999999999318,122.8999999999994373,6.2378954887390137
9.6999999999999318,122.9999999999994316,6.0903401374816895
9.6999999999999318,123.0999999999994259,6.2056031227111816
9.6999999999999318,123.3999999999994088,6.2012972831726074
9.6999999999999318,123.8999999999993804,8.5589504241943359
9.6999999999999318,123.9999999999993747,6.7235817909240723
9.6999999999999318,124.0999999999993690,6.0601840019226074
9.6999999999999318,124.1999999999993634,5.9109377861022949
9.6999999999999318,124.2999999999993577,5.7967987060546875
9.6999999999999318,124.3999999999993520,6.8870329856872559
9.6999999999999318,125.4999999999992895,6.4816293716430664
9.5999999999999321,118.3999999999996930,11.0734643936157227
9.5999999999999321,118.4999999999996874,8.7221622467041016
9.5999999999999321,118.5999999999996817,7.0872025489807129
9.5999999999999321,118.6999999999996760,8.1308698654174805
9.5999999999999321,122.4999999999994600,10.1098155975341797
9.5999999999999321,122.5999999999994543,9.6309299468994141
9.5999999999999321,122.6999999999994486,8.3654527664184570
9.5999999999999321,122.7999999999994429,7.5830760002136230
9.5999999999999321,122.8999999999994373,7.1833391189575195
9.5999999999999321,122.9999999999994316,7.0264863967895508
9.5999999999999321,123.0999999999994259,6.9691314697265625
9.5999999999999321,123.2999999999994145,7.4612779617309570
9.5999999999999321,123.3999999999994088,7.2428202629089355
9.5999999999999321,123.7999999999993861,11.4428291320800781
9.5999999999999321,125.3999999999992951,6.7325668334960938
9.5999999999999321,125.4999999999992895,5.4617552757263184
9.5999999999999321,125.5999999999992838,5.6038455963134766
9.5999999999999321,125.6999999999992781,6.4428377151489258
9.4999999999999325,118.2999999999996987,10.3393926620483398
9.4999999999999325,118.3999999999996930,8.8478689193725586
9.4999999999999325,118.4999999999996874,7.0918626785278320
9.4999999999999325,118.5999999999996817,8.0085401535034180
9.4999999999999325,122.5999999999994543,11.5598554611206055
9.4999999999999325,122.6999999999994486,10.3046894073486328
9.4999999999999325,122.7999999999994429,8.8617496490478516
9.4999999999999325,122.8999999999994373,8.0646200180053711
9.4999999999999325,122.9999999999994316,7.4326834678649902
9.4999999999999325,123.0999999999994259,6.1353869438171387
9.4999999999999325,123.3999999999994088,8.1832151412963867
9.4999999999999325,125.4999999999992895,6.8210349082946777
9.4999999999999325,125.5999999999992838,4.6839470863342285
9.4999999999999325,125.6999999999992781,4.8170166015625000
9.4999999999999325,125.7999999999992724,5.9358057975769043
9.3999999999999329,118.1999999999997044,8.8564586639404297
9.3999999999999329,118.2999999999996987,8.0696077346801758
9.3999999999999329,118.3999999999996930,7.3288092613220215
9.3999999999999329,118.4999999999996874,8.7622480392456055
9.3999999999999329,122.7999999999994429,10.4397315979003906
9.3999999999999329,122.8999999999994373,8.9376316070556641
9.3999999999999329,122.9999999999994316,7.4817442893981934
9.3999999999999329,123.0999999999994259,5.8095083236694336
9.3999999999999329,123.1999999999994202,4.9320955276489258
9.3999999999999329,125.5999999999992838,5.5931754112243652
9.3999999999999329,125.6999999999992781,3.6598198413848877
9.3999999999999329,125.7999999999992724,4.2812352180480957
9.3999999999999329,125.8999999999992667,5.6135249137878418
9.2999999999999332,118.0999999999997101,8.5323133468627930
9.2999999999999332,118.1999999999997044,7.6426157951354980
9.2999999999999332,118.2999999999996987,7.1136946678161621
9.2999999999999332,118.3999999999996930,8.0137348175048828
9.2999999999999332,122.8999999999994373,10.0836715698242188
9.2999999999999332,122.9999999999994316,8.3204231262207031
9.2999999999999332,123.0999999999994259,6.5927925109863281
9.2999999999999332,123.1999999999994202,5.4604754447937012
9.2999999999999332,123.2999999999994145,6.6549544334411621
9.2999999999999332,125.5999999999992838,5.4571814537048340
9.2999999999999332,125.6999999999992781,3.2854042053222656
9.2999999999999332,125.7999999999992724,3.2001502513885498
9.2999999999999332,125.8999999999992667,4.5097064971923828
9.1999999999999336,117.8999999999997215,6.7361717224121094
9.1999999999999336,117.9999999999997158,7.6762461662292480
9.1999999999999336,118.0999999999997101,7.2517609596252441
9.1999999999999336,118.1999999999997044,6.9078469276428223
9.1999999999999336,122.8999999999994373,11.2380781173706055
9.1999999999999336,122.9999999999994316,9.4270505905151367
9.1999999999999336,123.0999999999994259,7.5793724060058594
9.1999999999999336,123.1999999999994202,6.5877685546875000
9.1999999999999336,123.4999999999994031,11.8619108200073242
9.1999999999999336,123.5999999999993975,11.9986753463745117
9.1999999999999336,124.6999999999993349,11.2389793395996094
9.1999999999999336,124.7999999999993292,10.6549530029296875
9.1999999999999336,125.5999999999992838,5.3630213737487793
9.1999999999999336,125.6999999999992781,3.1724891662597656
9.1999999999999336,125.7999999999992724,2.7934281826019287
9.1999999999999336,125.8999999999992667,3.5481698513031006
9.1999999999999336,125.9999999999992610,4.3641219139099121
9.1999999999999336,126.0999999999992554,5.5821757316589355
9.0999999999999339,117.7999999999997272,5.7826719284057617
9.0999999999999339,117.8999999999997215,5.4405093193054199
9.0999999999999339,117.9999999999997158,5.6663584709167480
9.0999999999999339,122.9999999999994316,10.4948606491088867
9.0999999999999339,123.0999999999994259,8.6199340820312500
9.0999999999999339,123.5999999999993975,12.3622961044311523
9.0999999999999339,125.5999999999992838,5.2166309356689453
9.0999999999999339,125.6999999999992781,3.6466114521026611
9.0999999999999339,125.7999999999992724,3.0166757106781006
9.0999999999999339,125.8999999999992667,3.3200333118438721
9.0999999999999339,125.9999999999992610,3.8588502407073975
9.0999999999999339,126.0999999999992554,5.2665395736694336
8.9999999999999343,117.5999999999997385,7.6304888725280762
8.9999999999999343,117.6999999999997328,7.4268808364868164
8.9999999999999343,117.7999999999997272,6.0621848106384277
8.9999999999999343,117.8999999999997215,5.4181685447692871
8.9999999999999343,117.9999999999997158,6.2526221275329590
8.9999999999999343,125.2999999999993008,5.2724299430847168
8.9999999999999343,125.3999999999992951,5.5691752433776855
8.9999999999999343,125.5999999999992838,5.4695334434509277
8.9999999999999343,125.6999999999992781,3.8336532115936279
8.9999999999999343,125.7999999999992724,3.2535099983215332
8.9999999999999343,125.8999999999992667,3.1736130714416504
8.9999999999999343,125.9999999999992610,3.2549633979797363
8.9999999999999343,126.0999999999992554,3.8412671089172363
8.9999999999999343,126.1999999999992497,5.6168966293334961
8.8999999999999346,117.4999999999997442,6.9775042533874512
8.8999999999999346,117.5999999999997385,6.4022340774536133
8.8999999999999346,117.6999999999997328,6.1943445205688477
8.8999999999999346,117.7999999999997272,5.8060064315795898
8.8999999999999346,117.8999999999997215,5.7941679954528809
8.8999999999999346,117.9999999999997158,7.8358664512634277
8.8999999999999346,124.7999999999993292,5.5623602867126465
8.8999999999999346,124.8999999999993236,4.4657163619995117
8.8999999999999346,124.9999999999993179,3.6001567840576172
8.8999999999999346,125.1999999999993065,3.6692090034484863
8.8999999999999346,125.2999999999993008,4.0305776596069336
8.8999999999999346,125.3999999999992951,4.4798974990844727
8.8999999999999346,125.4999999999992895,4.6898941993713379
8.8999999999999346,125.5999999999992838,4.4885687828063965
8.8999999999999346,125.6999999999992781,4.1373639106750488
8.8999999999999346,125.7999999999992724,3.4589059352874756
8.8999999999999346,125.8999999999992667,3.0878522396087646
8.8999999999999346,125.9999999999992610,3.1763846874237061
8.8999999999999346,126.0999999999992554,3.7930881977081299
8.8999999999999346,126.1999999999992497,5.0003752708435059
8.8999999999999346,126.2999999999992440,6.5851130485534668
8.7999999999999350,117.4999999999997442,7.5508065223693848
8.7999999999999350,117.5999999999997385,6.6082572937011719
8.7999999999999350,117.6999999999997328,6.5031638145446777
8.7999999999999350,117.7999999999997272,6.4123063087463379
8.7999999999999350,117.8999999999997215,6.5237588882446289
8.7999999999999350,124.8999999999993236,3.3860299587249756
8.7999999999999350,124.9999999999993179,2.4315774440765381
8.7999999999999350,125.0999999999993122,2.6525628566741943
8.7999999999999350,125.1999999999993065,2.8799750804901123
8.7999999999999350,125.2999999999993008,3.1594347953796387
8.7999999999999350,125.3999999999992951,3.7776219844818115
8.7999999999999350,125.4999999999992895,4.2244334220886230
8.7999999999999350,125.5999999999992838,4.0520377159118652
8.7999999999999350,125.6999999999992781,4.0769619941711426
8.7999999999999350,125.7999999999992724,3.6899402141571045
8.7999999999999350,125.8999999999992667,3.2227084636688232
8.7999999999999350,125.9999999999992610,3.1949214935302734
8.7999999999999350,126.0999999999992554,4.0184783935546875
8.7999999999999350,126.1999999999992497,5.1716804504394531
8.7999999999999350,126.2999999999992440,5.8711562156677246
8.6999999999999353,117.3999999999997499,10.1368436813354492
8.6999999999999353,117.4999999999997442,9.5786228179931641
8.6999999999999353,117.5999999999997385,8.6989088058471680
8.6999999999999353,123.4999999999994031,7.6392159461975098
8.6999999999999353,124.7999999999993292,4.3203344345092773
8.6999999999999353,124.8999999999993236,2.9245555400848389
8.6999999999999353,124.9999999999993179,2.4376652240753174
8.6999999999999353,125.0999999999993122,2.6957769393920898
8.6999999999999353,125.1999999999993065,2.6782884597778320
8.6999999999999353,125.2999999999993008,2.8935439586639404
8.6999999999999353,125.3999999999992951,3.3735387325286865
8.6999999999999353,125.4999999999992895,3.7957444190979004
8.6999999999999353,125.5999999999992838,3.8271381855010986
8.6999999999999353,125.6999999999992781,4.0482974052429199
8.6999999999999353,125.7999999999992724,3.8808171749114990
8.6999999999999353,125.8999999999992667,3.6298596858978271
8.6999999999999353,125.9999999999992610,3.5513017177581787
8.6999999999999353,126.0999999999992554,4.3701653480529785
8.5999999999999357,117.3999999999997499,9.9140501022338867
8.5999999999999357,117.4999999999997442,10.8733406066894531
8.5999999999999357,123.3999999999994088,7.1844201087951660
8.5999999999999357,123.4999999999994031,6.4298071861267090
8.5999999999999357,123.5999999999993975,6.6343116760253906
8.5999999999999357,123.6999999999993918,7.7175593376159668
8.5999999999999357,124.7999999999993292,3.6075527667999268
8.5999999999999357,124.8999999999993236,2.8300201892852783
8.5999999999999357,124.9999999999993179,2.5760457515716553
8.5999999999999357,125.0999999999993122,2.6982603073120117
8.5999999999999357,125.1999999999993065,3.0447328090667725
8.5999999999999357,125.2999999999993008,3.1417019367218018
8.5999999999999357,125.3999999999992951,3.2916724681854248
8.5999999999999357,125.4999999999992895,3.6338913440704346
8.5999999999999357,125.5999999999992838,3.8927903175354004
8.5999999999999357,125.6999999999992781,4.1618342399597168
8.5999999999999357,125.7999999999992724,3.9853477478027344
8.5999999999999357,125.8999999999992667,3.8662326335906982
8.5999999999999357,125.9999999999992610,3.9332711696624756
8.5999999999999357,126.0999999999992554,4.5917358398437500
8.4999999999999361,117.1999999999997613,13.0398130416870117
8.4999999999999361,117.2999999999997556,10.8282852172851562
8.4999999999999361,117.3999999999997499,10.4821863174438477
8.4999999999999361,123.0999999999994259,9.3918266296386719
8.4999999999999361,123.2999999999994145,6.4637908935546875
8.4999999999999361,123.3999999999994088,5.9375700950622559
8.4999999999999361,123.4999999999994031,5.1342997550964355
8.4999999999999361,123.5999999999993975,5.3244051933288574
8.4999999999999361,123.6999999999993918,6.2384881973266602
8.4999999999999361,123.7999999999993861,7.2701325416564941
8.4999999999999361,124.2999999999993577,6.2918577194213867
8.4999999999999361,124.3999999999993520,5.8632297515869141
8.4999999999999361,124.4999999999993463,4.9518260955810547
8.4999999999999361,124.6999999999993349,2.7370841503143311
8.4999999999999361,124.7999999999993292,2.6605021953582764
8.4999999999999361,124.8999999999993236,2.8736639022827148
8.4999999999999361,124.9999999999993179,2.6876182556152344
8.4999999999999361,125.0999999999993122,2.7730524539947510
8.4999999999999361,125.1999999999993065,3.1013848781585693
8.4999999999999361,125.2999999999993008,3.1798615455627441
8.4999999999999361,125.3999999999992951,3.2546889781951904
8.4999999999999361,125.4999999999992895,3.7345700263977051
8.4999999999999361,125.5999999999992838,4.1585536003112793
8.4999999999999361,125.6999999999992781,4.3996100425720215
8.4999999999999361,125.7999999999992724,4.3273916244506836
8.4999999999999361,125.8999999999992667,4.3071346282958984
8.4999999999999361,125.9999999999992610,4.1670737266540527
8.4999999999999361,126.0999999999992554,4.0764327049255371
8.4999999999999361,126.1999999999992497,5.5411415100097656
8.4999999999999361,126.2999999999992440,6.9335656166076660
8.3999999999999364,123.0999999999994259,7.7244796752929688
8.3999999999999364,123.1999999999994202,6.0574378967285156
8.3999999999999364,123.2999999999994145,5.5192871093750000
8.3999999999999364,123.3999999999994088,4.9052133560180664
8.3999999999999364,123.4999999999994031,4.7344307899475098
8.3999999999999364,123.5999999999993975,5.3960433006286621
8.3999999999999364,123.6999999999993918,5.8289141654968262
8.3999999999999364,123.7999999999993861,6.7140846252441406
8.3999999999999364,124.2999999999993577,5.9432649612426758
8.3999999999999364,124.3999999999993520,4.5172615051269531
8.3999999999999364,124.4999999999993463,3.6281831264495850
8.3999999999999364,124.5999999999993406,2.8878426551818848
8.3999999999999364,124.6999999999993349,2.5588126182556152
8.3999999999999364,124.7999999999993292,2.5233178138732910
8.3999999999999364,124.8999999999993236,2.8438360691070557
8.3999999999999364,124.9999999999993179,2.7603704929351807
8.3999999999999364,125.0999999999993122,2.6368408203125000
8.3999999999999364,125.1999999999993065,2.9573321342468262
8.3999999999999364,125.2999999999993008,3.0194790363311768
8.3999999999999364,125.3999999999992951,3.1056277751922607
8.3999999999999364,125.4999999999992895,3.7357945442199707
8.3999999999999364,125.5999999999992838,4.5668044090270996
8.3999999999999364,125.6999999999992781,4.8543543815612793
8.3999999999999364,125.7999999999992724,4.8857192993164062
8.3999999999999364,125.8999999999992667,4.8050966262817383
8.3999999999999364,125.9999999999992610,4.6528501510620117
8.3999999999999364,126.0999999999992554,3.9014217853546143
8.3999999999999364,126.1999999999992497,4.2379188537597656
8.3999999999999364,126.2999999999992440,5.5981707572937012
8.2999999999999368,117.2999999999997556,17.0567836761474609
8.2999999999999368,122.9999999999994316,8.0278234481811523
8.2999999999999368,123.0999999999994259,6.1775069236755371
8.2999999999999368,123.1999999999994202,4.8527712821960449
8.2999999999999368,123.2999999999994145,4.1706233024597168
8.2999999999999368,123.3999999999994088,4.4178223609924316
8.2999999999999368,123.4999999999994031,4.8299727439880371
8.2999999999999368,123.5999999999993975,5.1022906303405762
8.2999999999999368,123.6999999999993918,5.5035376548767090
8.2999999999999368,123.7999999999993861,6.0149302482604980
8.2999999999999368,124.2999999999993577,4.9578166007995605
8.2999999999999368,124.3999999999993520,3.5749588012695312
8.2999999999999368,124.4999999999993463,2.7527024745941162
8.2999999999999368,124.5999999999993406,2.7588288784027100
8.2999999999999368,124.6999999999993349,2.3629488945007324
8.2999999999999368,124.7999999999993292,2.7483592033386230
8.2999999999999368,124.8999999999993236,3.1431372165679932
8.2999999999999368,124.9999999999993179,2.6095988750457764
8.2999999999999368,125.0999999999993122,2.7613360881805420
8.2999999999999368,125.1999999999993065,2.8256425857543945
8.2999999999999368,125.2999999999993008,3.2687287330627441
8.2999999999999368,125.3999999999992951,3.8447041511535645
8.2999999999999368,125.4999999999992895,4.1166915893554688
8.2999999999999368,125.5999999999992838,4.5672321319580078
8.2999999999999368,125.6999999999992781,5.2969145774841309
8.2999999999999368,125.7999999999992724,5.3356146812438965
8.2999999999999368,125.8999999999992667,5.1752505302429199
8.2999999999999368,125.9999999999992610,4.9448637962341309
8.2999999999999368,126.0999999999992554,4.2774496078491211
8.2999999999999368,126.1999999999992497,3.5701940059661865
8.2999999999999368,126.2999999999992440,4.3714041709899902
8.1999999999999371,122.9999999999994316,7.3445825576782227
8.1999999999999371,123.0999999999994259,5.1212573051452637
8.1999999999999371,123.1999999999994202,3.8440749645233154
8.1999999999999371,123.2999999999994145,3.9884407520294189
8.1999999999999371,123.3999999999994088,4.2502388954162598
8.1999999999999371,123.4999999999994031,4.3408851623535156
8.1999999999999371,123.5999999999993975,4.3352189064025879
8.1999999999999371,123.6999999999993918,4.7121963500976562
8.1999999999999371,123.7999999999993861,5.2256808280944824
8.1999999999999371,124.0999999999993690,7.9581003189086914
8.1999999999999371,124.1999999999993634,6.4396815299987793
8.1999999999999371,124.2999999999993577,4.5818147659301758
8.1999999999999371,124.3999999999993520,3.2876069545745850
8.1999999999999371,124.4999999999993463,2.7020087242126465
8.1999999999999371,124.5999999999993406,2.6558778285980225
8.1999999999999371,124.6999999999993349,2.1429169178009033
8.1999999999999371,124.7999999999993292,2.2339024543762207
8.1999999999999371,124.8999999999993236,2.6378779411315918
8.1999999999999371,124.9999999999993179,2.4146058559417725
8.1999999999999371,125.0999999999993122,2.7794868946075439
8.1999999999999371,125.1999999999993065,3.4057197570800781
8.1999999999999371,125.2999999999993008,3.9677770137786865
8.1999999999999371,125.3999999999992951,4.4378709793090820
8.1999999999999371,125.4999999999992895,4.6584653854370117
8.1999999999999371,125.5999999999992838,4.6872429847717285
8.1999999999999371,125.6999999999992781,5.3380670547485352
8.1999999999999371,125.7999999999992724,5.5138115882873535
8.1999999999999371,125.8999999999992667,5.4036765098571777
8.1999999999999371,125.9999999999992610,5.2008461952209473
8.1999999999999371,126.0999999999992554,4.5403599739074707
8.1999999999999371,126.1999999999992497,3.7453644275665283
8.1999999999999371,126.2999999999992440,3.5043907165527344
8.1999999999999371,126.3999999999992383,4.4227585792541504
8.0999999999999375,116.9999999999997726,17.9526805877685547
8.0999999999999375,122.7999999999994429,7.0124602317810059
8.0999999999999375,122.8999999999994373,6.2786269187927246
8.0999999999999375,122.9999999999994316,5.2647862434387207
8.0999999999999375,123.0999999999994259,4.2594065666198730
8.0999999999999375,123.1999999999994202,3.3135879039764404
8.0999999999999375,123.2999999999994145,3.5245907306671143
8.0999999999999375,123.3999999999994088,3.8317863941192627
8.0999999999999375,123.4999999999994031,3.9433867931365967
8.0999999999999375,123.5999999999993975,3.6849403381347656
8.0999999999999375,123.6999999999993918,3.7796592712402344
8.0999999999999375,123.7999999999993861,4.4670968055725098
8.0999999999999375,123.9999999999993747,6.0502495765686035
8.0999999999999375,124.0999999999993690,6.1131715774536133
8.0999999999999375,124.1999999999993634,5.9508652687072754
8.0999999999999375,124.2999999999993577,4.4761605262756348
8.0999999999999375,124.3999999999993520,3.2862555980682373
8.0999999999999375,124.4999999999993463,3.0458893775939941
8.0999999999999375,124.5999999999993406,2.9158251285552979
8.0999999999999375,124.6999999999993349,2.1824500560760498
8.0999999999999375,124.7999999999993292,1.9454773664474487
8.0999999999999375,124.8999999999993236,2.2736127376556396
8.0999999999999375,124.9999999999993179,2.5018267631530762
8.0999999999999375,125.0999999999993122,2.9873139858245850
8.0999999999999375,125.1999999999993065,3.6269333362579346
8.0999999999999375,125.2999999999993008,4.3677048683166504
8.0999999999999375,125.3999999999992951,4.9520230293273926
8.0999999999999375,125.4999999999992895,5.0772809982299805
8.0999999999999375,125.5999999999992838,4.9395360946655273
8.0999999999999375,125.6999999999992781,5.3605713844299316
8.0999999999999375,125.7999999999992724,5.5190086364746094
8.0999999999999375,125.8999999999992667,5.5625162124633789
8.0999999999999375,125.9999999999992610,5.4011192321777344
8.0999999999999375,126.0999999999992554,4.7358527183532715
8.0999999999999375,126.1999999999992497,3.6534740924835205
8.0999999999999375,126.2999999999992440,2.9073657989501953
8.0999999999999375,126.3999999999992383,4.3017778396606445
7.9999999999999378,116.9999999999997726,18.2161960601806641
7.9999999999999378,122.2999999999994714,8.3303012847900391
7.9999999999999378,122.3999999999994657,7.1569113731384277
7.9999999999999378,122.4999999999994600,6.6638579368591309
7.9999999999999378,122.5999999999994543,6.3007025718688965
7.9999999999999378,122.6999999999994486,5.8606343269348145
7.9999999999999378,122.7999999999994429,5.1586408615112305
7.9999999999999378,122.8999999999994373,4.4727644920349121
7.9999999999999378,122.9999999999994316,3.9167637825012207
7.9999999999999378,123.0999999999994259,3.3612630367279053
7.9999999999999378,123.1999999999994202,3.2041413784027100
7.9999999999999378,123.2999999999994145,3.5746536254882812
7.9999999999999378,123.3999999999994088,3.9032299518585205
7.9999999999999378,123.4999999999994031,4.0015397071838379
7.9999999999999378,123.5999999999993975,3.7329137325286865
7.9999999999999378,123.6999999999993918,4.1842727661132812
7.9999999999999378,123.7999999999993861,4.1194086074829102
7.9999999999999378,123.8999999999993804,4.1746897697448730
7.9999999999999378,123.9999999999993747,4.3911871910095215
7.9999999999999378,124.0999999999993690,4.4634947776794434
7.9999999999999378,124.1999999999993634,4.4062004089355469
7.9999999999999378,124.2999999999993577,4.3381986618041992
7.9999999999999378,124.3999999999993520,3.9805729389190674
7.9999999999999378,124.4999999999993463,3.6631901264190674
7.9999999999999378,124.5999999999993406,3.3479969501495361
7.9999999999999378,124.6999999999993349,2.6446838378906250
7.9999999999999378,124.7999999999993292,2.4600071907043457
7.9999999999999378,124.8999999999993236,2.6558728218078613
7.9999999999999378,124.9999999999993179,2.9722592830657959
7.9999999999999378,125.0999999999993122,3.3755815029144287
7.9999999999999378,125.1999999999993065,4.1373591423034668
7.9999999999999378,125.2999999999993008,4.7747473716735840
7.9999999999999378,125.3999999999992951,5.3126263618469238
7.9999999999999378,125.4999999999992895,5.2929019927978516
7.9999999999999378,125.5999999999992838,5.0560970306396484
7.9999999999999378,125.6999999999992781,5.2212276458740234
7.9999999999999378,125.7999999999992724,5.4156098365783691
7.9999999999999378,125.8999999999992667,5.4807600975036621
7.9999999999999378,125.9999999999992610,5.3864760398864746
7.9999999999999378,126.0999999999992554,4.4630408287048340
7.9999999999999378,126.1999999999992497,3.4112927913665771
7.9999999999999378,126.2999999999992440,2.6516957283020020
7.8999999999999382,116.9999999999997726,18.4478302001953125
7.8999999999999382,122.2999999999994714,7.6990098953247070
7.8999999999999382,122.3999999999994657,6.3410716056823730
7.8999999999999382,122.4999999999994600,5.9684233665466309
7.8999999999999382,122.5999999999994543,6.1470108032226562
7.8999999999999382,122.6999999999994486,5.7311549186706543
7.8999999999999382,122.7999999999994429,4.9600496292114258
7.8999999999999382,122.8999999999994373,4.1902985572814941
7.8999999999999382,122.9999999999994316,3.5190246105194092
7.8999999999999382,123.0999999999994259,3.1474025249481201
7.8999999999999382,123.1999999999994202,3.7015359401702881
7.8999999999999382,123.2999999999994145,4.8702120780944824
7.8999999999999382,123.3999999999994088,5.4271616935729980
7.8999999999999382,123.4999999999994031,5.5705752372741699
7.8999999999999382,123.5999999999993975,5.6292467117309570
7.8999999999999382,123.6999999999993918,6.1004629135131836
7.8999999999999382,123.7999999999993861,5.1969480514526367
7.8999999999999382,123.8999999999993804,4.0932168960571289
7.8999999999999382,123.9999999999993747,4.1496529579162598
7.8999999999999382,124.0999999999993690,4.2358174324035645
7.8999999999999382,124.1999999999993634,4.1790013313293457
7.8999999999999382,124.2999999999993577,3.7930514812469482
7.8999999999999382,124.3999999999993520,4.0000252723693848
7.8999999999999382,124.4999999999993463,3.8326027393341064
7.8999999999999382,124.5999999999993406,3.4516720771789551
7.8999999999999382,124.6999999999993349,2.8199656009674072
7.8999999999999382,124.7999999999993292,2.6771981716156006
7.8999999999999382,124.8999999999993236,2.8666100502014160
7.8999999999999382,124.9999999999993179,3.1929264068603516
7.8999999999999382,125.0999999999993122,3.7847790718078613
7.8999999999999382,125.1999999999993065,4.5515751838684082
7.8999999999999382,125.2999999999993008,5.1542921066284180
7.8999999999999382,125.3999999999992951,5.1753978729248047
7.8999999999999382,125.4999999999992895,4.9804196357727051
7.8999999999999382,125.5999999999992838,4.8956246376037598
7.8999999999999382,125.6999999999992781,4.9043397903442383
7.8999999999999382,125.7999999999992724,5.0379776954650879
7.8999999999999382,125.8999999999992667,5.1973004341125488
7.8999999999999382,125.9999999999992610,5.3450427055358887
7.8999999999999382,126.0999999999992554,3.9446449279785156
7.8999999999999382,126.1999999999992497,2.8771958351135254
7.8999999999999382,126.2999999999992440,2.4811682701110840
7.7999999999999385,122.0999999999994827,11.7315797805786133
7.7999999999999385,122.1999999999994770,9.4576826095581055
7.7999999999999385,122.2999999999994714,7.1287560462951660
7.7999999999999385,122.3999999999994657,5.9016280174255371
7.7999999999999385,122.4999999999994600,5.9915041923522949
7.7999999999999385,122.5999999999994543,6.4645285606384277
7.7999999999999385,122.6999999999994486,6.0189819335937500
7.7999999999999385,122.7999999999994429,5.1659827232360840
7.7999999999999385,122.8999999999994373,4.3608560562133789
7.7999999999999385,122.9999999999994316,3.9528260231018066
7.7999999999999385,123.0999999999994259,3.7369163036346436
7.7999999999999385,123.1999999999994202,4.2798404693603516
7.7999999999999385,123.2999999999994145,5.7143373489379883
7.7999999999999385,123.3999999999994088,7.5404419898986816
7.7999999999999385,123.6999999999993918,7.2671432495117188
7.7999999999999385,123.7999999999993861,7.0833144187927246
7.7999999999999385,123.8999999999993804,5.2049813270568848
7.7999999999999385,123.9999999999993747,4.3985481262207031
7.7999999999999385,124.0999999999993690,4.1868524551391602
7.7999999999999385,124.1999999999993634,3.7898628711700439
7.7999999999999385,124.2999999999993577,3.3631362915039062
7.7999999999999385,124.3999999999993520,3.2709965705871582
7.7999999999999385,124.4999999999993463,3.5819287300109863
7.7999999999999385,124.5999999999993406,3.5098652839660645
7.7999999999999385,124.6999999999993349,3.1415545940399170
7.7999999999999385,124.7999999999993292,3.1391143798828125
7.7999999999999385,124.8999999999993236,3.2607791423797607
7.7999999999999385,124.9999999999993179,3.4498443603515625
7.7999999999999385,125.0999999999993122,4.1706099510192871
7.7999999999999385,125.1999999999993065,4.9338417053222656
7.7999999999999385,125.2999999999993008,4.9167551994323730
7.7999999999999385,125.3999999999992951,4.6564030647277832
7.7999999999999385,125.4999999999992895,4.4984679222106934
7.7999999999999385,125.5999999999992838,4.5689382553100586
7.7999999999999385,125.6999999999992781,4.7688775062561035
7.7999999999999385,125.7999999999992724,4.8661918640136719
7.7999999999999385,125.8999999999992667,5.1465935707092285
7.7999999999999385,125.9999999999992610,5.3554182052612305
7.7999999999999385,126.0999999999992554,3.8228111267089844
7.7999999999999385,126.1999999999992497,2.4891836643218994
7.7999999999999385,126.2999999999992440,2.4559111595153809
7.7999999999999385,126.3999999999992383,3.6166653633117676
7.6999999999999389,122.1999999999994770,9.1562843322753906
7.6999999999999389,122.2999999999994714,6.5285034179687500
7.6999999999999389,122.3999999999994657,5.9962944984436035
7.6999999999999389,122.4999999999994600,6.3054404258728027
7.6999999999999389,122.8999999999994373,5.1134529113769531
7.6999999999999389,122.9999999999994316,4.8886508941650391
7.6999999999999389,123.0999999999994259,4.8320546150207520
7.6999999999999389,123.1999999999994202,5.3719964027404785
7.6999999999999389,123.2999999999994145,6.7825746536254883
7.6999999999999389,123.3999999999994088,8.9730081558227539
7.6999999999999389,123.4999999999994031,10.0297880172729492
7.6999999999999389,123.8999999999993804,6.1746001243591309
7.6999999999999389,123.9999999999993747,5.2150306701660156
7.6999999999999389,124.0999999999993690,4.3698592185974121
7.6999999999999389,124.1999999999993634,3.8235414028167725
7.6999999999999389,124.2999999999993577,3.4198532104492188
7.6999999999999389,124.3999999999993520,3.0516285896301270
7.6999999999999389,124.4999999999993463,3.3441741466522217
7.6999999999999389,124.5999999999993406,3.5766644477844238
7.6999999999999389,124.6999999999993349,3.5786190032958984
7.6999999999999389,124.7999999999993292,3.6314542293548584
7.6999999999999389,124.8999999999993236,3.7924938201904297
7.6999999999999389,124.9999999999993179,4.0837907791137695
7.6999999999999389,125.0999999999993122,4.5433459281921387
7.6999999999999389,125.1999999999993065,4.7305979728698730
7.6999999999999389,125.2999999999993008,4.4845890998840332
7.6999999999999389,125.3999999999992951,4.2143034934997559
7.6999999999999389,125.4999999999992895,4.0229544639587402
7.6999999999999389,125.5999999999992838,4.1078038215637207
7.6999999999999389,125.6999999999992781,4.5437541007995605
7.6999999999999389,125.7999999999992724,4.6777133941650391
7.6999999999999389,125.8999999999992667,5.0325617790222168
7.6999999999999389,125.9999999999992610,5.6612200736999512
7.6999999999999389,126.0999999999992554,3.7218399047851562
7.6999999999999389,126.1999999999992497,2.3656313419342041
7.6999999999999389,126.2999999999992440,2.2229363918304443
7.6999999999999389,126.3999999999992383,3.1971566677093506
7.6999999999999389,126.4999999999992326,5.9736075401306152
7.5999999999999392,122.1999999999994770,8.1643705368041992
7.5999999999999392,122.2999999999994714,6.4662718772888184
7.5999999999999392,122.3999999999994657,6.1595969200134277
7.5999999999999392,122.8999999999994373,7.1255249977111816
7.5999999999999392,122.9999999999994316,6.4233870506286621
7.5999999999999392,123.1999999999994202,6.9356203079223633
7.5999999999999392,123.2999999999994145,8.8128757476806641
7.5999999999999392,123.3999999999994088,9.8668584823608398
7.5999999999999392,124.0999999999993690,5.7935719490051270
7.5999999999999392,124.1999999999993634,4.4131064414978027
7.5999999999999392,124.2999999999993577,3.6869251728057861
7.5999999999999392,124.3999999999993520,3.4177803993225098
7.5999999999999392,124.4999999999993463,3.4593670368194580
7.5999999999999392,124.5999999999993406,3.6339404582977295
7.5999999999999392,124.6999999999993349,3.7266147136688232
7.5999999999999392,124.7999999999993292,3.8156406879425049
7.5999999999999392,124.8999999999993236,3.9533421993255615
7.5999999999999392,124.9999999999993179,4.2127776145935059
7.5999999999999392,125.0999999999993122,4.4462289810180664
7.5999999999999392,125.1999999999993065,4.4085397720336914
7.5999999999999392,125.2999999999993008,4.2589235305786133
7.5999999999999392,125.3999999999992951,4.0176067352294922
7.5999999999999392,125.4999999999992895,3.5832765102386475
7.5999999999999392,125.5999999999992838,3.8510837554931641
7.5999999999999392,125.6999999999992781,4.6449317932128906
7.5999999999999392,125.7999999999992724,4.5358710289001465
7.5999999999999392,125.8999999999992667,4.6641578674316406
7.5999999999999392,125.9999999999992610,4.9035329818725586
7.5999999999999392,126.0999999999992554,3.4732913970947266
7.5999999999999392,126.1999999999992497,2.2280423641204834
7.5999999999999392,126.2999999999992440,1.9685395956039429
7.5999999999999392,126.3999999999992383,2.6654200553894043
7.5999999999999392,126.4999999999992326,4.2208929061889648
7.4999999999999396,122.0999999999994827,9.8565921783447266
7.4999999999999396,122.1999999999994770,8.2794532775878906
7.4999999999999396,122.2999999999994714,7.3050303459167480
7.4999999999999396,123.2999999999994145,10.1286268234252930
7.4999999999999396,123.3999999999994088,10.7233791351318359
7.4999999999999396,124.1999999999993634,5.9608526229858398
7.4999999999999396,124.2999999999993577,4.4608087539672852
7.4999999999999396,124.3999999999993520,3.9177887439727783
7.4999999999999396,124.4999999999993463,3.5617377758026123
7.4999999999999396,124.5999999999993406,3.7345693111419678
7.4999999999999396,124.6999999999993349,3.7517936229705811
7.4999999999999396,124.7999999999993292,3.9317467212677002
7.4999999999999396,124.8999999999993236,4.1375079154968262
7.4999999999999396,124.9999999999993179,4.1084094047546387
7.4999999999999396,125.0999999999993122,4.0855846405029297
7.4999999999999396,125.1999999999993065,4.0607442855834961
7.4999999999999396,125.2999999999993008,3.9463098049163818
7.4999999999999396,125.3999999999992951,3.7800195217132568
7.4999999999999396,125.4999999999992895,3.3977813720703125
7.4999999999999396,125.5999999999992838,3.8725147247314453
7.4999999999999396,125.6999999999992781,4.7456688880920410
7.4999999999999396,125.7999999999992724,4.6587605476379395
7.4999999999999396,125.8999999999992667,4.4823479652404785
7.4999999999999396,125.9999999999992610,4.6453442573547363
7.4999999999999396,126.0999999999992554,3.3809182643890381
7.4999999999999396,126.1999999999992497,2.2498159408569336
7.4999999999999396,126.2999999999992440,1.7617861032485962
7.4999999999999396,126.3999999999992383,2.4128913879394531
7.4999999999999396,126.4999999999992326,3.9123210906982422
7.4999999999999396,126.5999999999992269,5.9114565849304199
7.3999999999999400,122.0999999999994827,9.6805419921875000
7.3999999999999400,122.1999999999994770,8.7794990539550781
7.3999999999999400,122.2999999999994714,7.6111564636230469
7.3999999999999400,122.7999999999994429,10.6881208419799805
7.3999999999999400,123.3999999999994088,10.8921899795532227
7.3999999999999400,124.1999999999993634,6.8580040931701660
7.3999999999999400,124.2999999999993577,4.9487314224243164
7.3999999999999400,124.3999999999993520,3.9564785957336426
7.3999999999999400,124.4999999999993463,3.5589196681976318
7.3999999999999400,124.5999999999993406,3.7179856300354004
7.3999999999999400,124.6999999999993349,3.6460797786712646
7.3999999999999400,124.7999999999993292,3.7467219829559326
7.3999999999999400,124.8999999999993236,3.9947516918182373
7.3999999999999400,124.9999999999993179,3.7805900573730469
7.3999999999999400,125.0999999999993122,3.7505319118499756
7.3999999999999400,125.1999999999993065,3.7508022785186768
7.3999999999999400,125.2999999999993008,3.6487045288085938
7.3999999999999400,125.3999999999992951,3.4906136989593506
7.3999999999999400,125.4999999999992895,3.3062751293182373
7.3999999999999400,125.5999999999992838,3.9078023433685303
7.3999999999999400,125.6999999999992781,4.9094309806823730
7.3999999999999400,125.7999999999992724,4.6864056587219238
7.3999999999999400,125.8999999999992667,4.3983616828918457
7.3999999999999400,125.9999999999992610,4.3636884689331055
7.3999999999999400,126.0999999999992554,3.8199632167816162
7.3999999999999400,126.1999999999992497,2.7008512020111084
7.3999999999999400,126.2999999999992440,1.9514659643173218
7.3999999999999400,126.3999999999992383,2.7980754375457764
7.3999999999999400,126.4999999999992326,4.5618381500244141
7.2999999999999403,116.8999999999997783,18.1747360229492188
7.2999999999999403,117.0999999999997669,16.3883285522460938
7.2999999999999403,117.1999999999997613,16.0588302612304688
7.2999999999999403,122.0999999999994827,8.6893539428710938
7.2999999999999403,122.1999999999994770,9.5126180648803711
7.2999999999999403,124.1999999999993634,5.9747347831726074
7.2999999999999403,124.2999999999993577,4.7732734680175781
7.2999999999999403,124.3999999999993520,4.1231241226196289
7.2999999999999403,124.4999999999993463,3.8924877643585205
7.2999999999999403,124.5999999999993406,3.7774467468261719
7.2999999999999403,124.6999999999993349,3.4581234455108643
7.2999999999999403,124.7999999999993292,3.6681015491485596
7.2999999999999403,124.8999999999993236,3.9227626323699951
7.2999999999999403,124.9999999999993179,3.7140579223632812
7.2999999999999403,125.0999999999993122,3.6716639995574951
7.2999999999999403,125.1999999999993065,3.6825883388519287
7.2999999999999403,125.2999999999993008,3.3866956233978271
7.2999999999999403,125.3999999999992951,2.9723534584045410
7.2999999999999403,125.4999999999992895,2.9738619327545166
7.2999999999999403,125.5999999999992838,4.2550806999206543
7.2999999999999403,125.6999999999992781,5.1816244125366211
7.2999999999999403,125.8999999999992667,3.9976823329925537
7.2999999999999403,125.9999999999992610,3.4164547920227051
7.2999999999999403,126.0999999999992554,3.9296836853027344
7.2999999999999403,126.1999999999992497,3.6103351116180420
7.2999999999999403,126.2999999999992440,2.7491407394409180
7.2999999999999403,126.3999999999992383,3.9479992389678955
7.2999999999999403,126.4999999999992326,6.1447606086730957
7.2999999999999403,126.5999999999992269,8.5814657211303711
7.1999999999999407,117.0999999999997669,15.9624500274658203
7.1999999999999407,117.1999999999997613,15.2959852218627930
7.1999999999999407,121.9999999999994884,7.8237824440002441
7.1999999999999407,122.0999999999994827,7.4100046157836914
7.1999999999999407,122.1999999999994770,8.4033422470092773
7.1999999999999407,124.1999999999993634,6.2266530990600586
7.1999999999999407,124.2999999999993577,4.9447870254516602
7.1999999999999407,124.3999999999993520,4.3257822990417480
7.1999999999999407,124.4999999999993463,4.3263812065124512
7.1999999999999407,124.5999999999993406,4.1689720153808594
7.1999999999999407,124.6999999999993349,3.7841689586639404
7.1999999999999407,124.7999999999993292,3.7753071784973145
7.1999999999999407,124.8999999999993236,3.9776802062988281
7.1999999999999407,124.9999999999993179,3.7936019897460938
7.1999999999999407,125.0999999999993122,3.6472299098968506
7.1999999999999407,125.1999999999993065,3.5042397975921631
7.1999999999999407,125.2999999999993008,2.9093861579895020
7.1999999999999407,125.3999999999992951,2.5435740947723389
7.1999999999999407,125.4999999999992895,2.9967596530914307
7.1999999999999407,125.5999999999992838,4.7373566627502441
7.1999999999999407,125.9999999999992610,2.6817464828491211
7.1999999999999407,126.0999999999992554,3.0306429862976074
7.1999999999999407,126.1999999999992497,3.6432971954345703
7.1999999999999407,126.2999999999992440,3.7918851375579834
7.1999999999999407,126.3999999999992383,5.9099974632263184
7.1999999999999407,126.4999999999992326,8.4451532363891602
7.0999999999999410,121.9999999999994884,7.9949693679809570
7.0999999999999410,122.0999999999994827,7.4138498306274414
7.0999999999999410,122.1999999999994770,7.9125161170959473
7.0999999999999410,124.0999999999993690,7.9994025230407715
7.0999999999999410,124.1999999999993634,5.7501659393310547
7.0999999999999410,124.2999999999993577,4.3839316368103027
7.0999999999999410,124.3999999999993520,4.1246457099914551
7.0999999999999410,124.4999999999993463,4.0760059356689453
7.0999999999999410,124.5999999999993406,4.0594811439514160
7.0999999999999410,124.6999999999993349,3.3340058326721191
7.0999999999999410,124.7999999999993292,3.0139708518981934
7.0999999999999410,124.8999999999993236,3.1734549999237061
7.0999999999999410,124.9999999999993179,3.0307087898254395
7.0999999999999410,125.0999999999993122,3.2309932708740234
7.0999999999999410,125.1999999999993065,3.2339286804199219
7.0999999999999410,125.2999999999993008,2.8279631137847900
7.0999999999999410,125.3999999999992951,2.6882319450378418
7.0999999999999410,125.4999999999992895,2.9169442653656006
7.0999999999999410,125.5999999999992838,4.5673332214355469
7.0999999999999410,125.6999999999992781,6.6842055320739746
7.0999999999999410,125.8999999999992667,4.0075025558471680
7.0999999999999410,125.9999999999992610,2.8704447746276855
7.0999999999999410,126.0999999999992554,2.7292506694793701
7.0999999999999410,126.1999999999992497,3.6718621253967285
7.0999999999999410,126.2999999999992440,4.7700285911560059
7.0999999999999410,126.3999999999992383,7.0077018737792969
6.9999999999999414,117.0999999999997669,11.1195640563964844
6.9999999999999414,121.9999999999994884,9.7699766159057617
6.9999999999999414,122.0999999999994827,9.1219425201416016
6.9999999999999414,122.1999999999994770,10.0465135574340820
6.9999999999999414,123.9999999999993747,6.7243132591247559
6.9999999999999414,124.0999999999993690,6.0096273422241211
6.9999999999999414,124.1999999999993634,4.8350911140441895
6.9999999999999414,124.2999999999993577,3.8401894569396973
6.9999999999999414,124.3999999999993520,3.6401238441467285
6.9999999999999414,124.4999999999993463,3.5811939239501953
6.9999999999999414,124.5999999999993406,3.4807102680206299
6.9999999999999414,124.6999999999993349,2.8977222442626953
6.9999999999999414,124.7999999999993292,2.5841710567474365
6.9999999999999414,124.8999999999993236,2.1392638683319092
6.9999999999999414,124.9999999999993179,2.0878167152404785
6.9999999999999414,125.0999999999993122,2.6300904750823975
6.9999999999999414,125.1999999999993065,2.9730575084686279
6.9999999999999414,125.2999999999993008,2.8981966972351074
6.9999999999999414,125.3999999999992951,2.9096820354461670
6.9999999999999414,125.4999999999992895,2.7541077136993408
6.9999999999999414,125.7999999999992724,6.2959961891174316
6.9999999999999414,125.9999999999992610,4.5313639640808105
6.9999999999999414,126.0999999999992554,5.3973383903503418
6.9999999999999414,126.1999999999992497,6.3873114585876465
6.9999999999999414,126.2999999999992440,7.4690890312194824
6.8999999999999417,116.6999999999997897,10.2842254638671875
6.8999999999999417,116.7999999999997840,10.0014295578002930
6.8999999999999417,117.0999999999997669,10.3747510910034180
6.8999999999999417,117.1999999999997613,11.3111715316772461
6.8999999999999417,122.0999999999994827,10.4919567108154297
6.8999999999999417,123.9999999999993747,6.0578246116638184
6.8999999999999417,124.0999999999993690,4.8025355339050293
6.8999999999999417,124.1999999999993634,4.1035704612731934
6.8999999999999417,124.2999999999993577,3.4569146633148193
6.8999999999999417,124.3999999999993520,3.1030013561248779
6.8999999999999417,124.4999999999993463,3.0082480907440186
6.8999999999999417,124.5999999999993406,3.1140465736389160
6.8999999999999417,124.6999999999993349,2.5280947685241699
6.8999999999999417,124.7999999999993292,2.7790458202362061
6.8999999999999417,124.8999999999993236,2.7829730510711670
6.8999999999999417,124.9999999999993179,2.0956876277923584
6.8999999999999417,125.0999999999993122,2.4667994976043701
6.8999999999999417,125.1999999999993065,2.6624786853790283
6.8999999999999417,125.2999999999993008,2.6197834014892578
6.8999999999999417,125.3999999999992951,3.0893275737762451
6.8999999999999417,126.0999999999992554,7.9555282592773438
6.8999999999999417,126.2999999999992440,9.9963150024414062
6.7999999999999421,124.0999999999993690,5.1985640525817871
6.7999999999999421,124.1999999999993634,4.0975508689880371
6.7999999999999421,124.2999999999993577,3.4624576568603516
6.7999999999999421,124.3999999999993520,2.5826210975646973
6.7999999999999421,124.4999999999993463,2.2445547580718994
6.7999999999999421,124.5999999999993406,2.2402656078338623
6.7999999999999421,124.6999999999993349,2.0033712387084961
6.7999999999999421,124.7999999999993292,2.2351109981536865
6.7999999999999421,124.8999999999993236,2.4892923831939697
6.7999999999999421,124.9999999999993179,1.9251661300659180
6.7999999999999421,125.0999999999993122,2.3333613872528076
6.7999999999999421,125.1999999999993065,2.5205175876617432
6.7999999999999421,125.2999999999993008,2.7218611240386963
6.7999999999999421,125.3999999999992951,3.0785095691680908
6.7999999999999421,126.0999999999992554,9.7021675109863281
6.7999999999999421,126.1999999999992497,10.5655717849731445
6.6999999999999424,121.9999999999994884,10.0188703536987305
6.6999999999999424,122.0999999999994827,9.6619024276733398
6.6999999999999424,124.0999999999993690,6.1447887420654297
6.6999999999999424,124.1999999999993634,4.8814120292663574
6.6999999999999424,124.2999999999993577,3.8360958099365234
6.6999999999999424,124.3999999999993520,2.8716344833374023
6.6999999999999424,124.4999999999993463,2.0157206058502197
6.6999999999999424,124.5999999999993406,1.8500446081161499
6.6999999999999424,124.6999999999993349,1.6818211078643799
6.6999999999999424,124.7999999999993292,2.1285297870635986
6.6999999999999424,124.8999999999993236,2.4384338855743408
6.6999999999999424,124.9999999999993179,1.9295190572738647
6.6999999999999424,125.0999999999993122,2.1842701435089111
6.6999999999999424,125.1999999999993065,2.5287849903106689
6.6999999999999424,125.2999999999993008,2.7846837043762207
6.6999999999999424,126.0999999999992554,10.7548780441284180
6.6999999999999424,126.1999999999992497,11.8171834945678711
6.5999999999999428,121.8999999999994941,10.9275321960449219
6.5999999999999428,121.9999999999994884,9.7220888137817383
6.5999999999999428,122.0999999999994827,9.1886701583862305
6.5999999999999428,122.1999999999994770,9.7738924026489258
6.5999999999999428,124.0999999999993690,6.8006463050842285
6.5999999999999428,124.1999999999993634,5.3935141563415527
6.5999999999999428,124.2999999999993577,4.3051981925964355
6.5999999999999428,124.3999999999993520,3.3080792427062988
6.5999999999999428,124.4999999999993463,2.3172261714935303
6.5999999999999428,124.5999999999993406,1.7311840057373047
6.5999999999999428,124.6999999999993349,1.5541973114013672
6.5999999999999428,124.7999999999993292,2.0414009094238281
6.5999999999999428,124.8999999999993236,2.3651530742645264
6.5999999999999428,124.9999999999993179,1.9863814115524292
6.5999999999999428,125.0999999999993122,2.4723584651947021
6.5999999999999428,125.1999999999993065,2.7076852321624756
6.5999999999999428,125.2999999999993008,2.8212561607360840
6.5999999999999428,126.0999999999992554,12.3885183334350586
6.5999999999999428,126.1999999999992497,12.9591007232666016
6.4999999999999432,121.9999999999994884,11.0391235351562500
6.4999999999999432,122.0999999999994827,10.4561223983764648
6.4999999999999432,122.1999999999994770,10.8478088378906250
6.4999999999999432,124.0999999999993690,7.4634103775024414
6.4999999999999432,124.1999999999993634,5.5769667625427246
6.4999999999999432,124.2999999999993577,4.1388878822326660
6.4999999999999432,124.3999999999993520,3.1407966613769531
6.4999999999999432,124.4999999999993463,2.2260127067565918
6.4999999999999432,124.5999999999993406,1.7947043180465698
6.4999999999999432,124.6999999999993349,1.7124528884887695
6.4999999999999432,124.7999999999993292,1.5479658842086792
6.4999999999999432,124.8999999999993236,1.9146026372909546
6.4999999999999432,124.9999999999993179,1.9897766113281250
6.4999999999999432,125.0999999999993122,2.4695150852203369
6.4999999999999432,125.1999999999993065,2.8728587627410889
6.4999999999999432,125.2999999999993008,3.1107161045074463
6.4999999999999432,125.3999999999992951,3.2180593013763428
6.4999999999999432,125.4999999999992895,3.9838531017303467
6.4999999999999432,125.5999999999992838,4.8948974609375000
6.4999999999999432,126.1999999999992497,13.1867160797119141
6.3999999999999435,121.9999999999994884,12.3884325027465820
6.3999999999999435,124.0999999999993690,8.0273151397705078
6.3999999999999435,124.1999999999993634,6.2553572654724121
6.3999999999999435,124.2999999999993577,4.3712668418884277
6.3999999999999435,124.3999999999993520,3.0607383251190186
6.3999999999999435,124.4999999999993463,2.6337645053863525
6.3999999999999435,124.5999999999993406,2.3932127952575684
6.3999999999999435,124.6999999999993349,1.8637415170669556
6.3999999999999435,124.7999999999993292,1.9000930786132812
6.3999999999999435,124.8999999999993236,1.8005878925323486
6.3999999999999435,124.9999999999993179,2.0579164028167725
6.3999999999999435,125.0999999999993122,2.5791680812835693
6.3999999999999435,125.1999999999993065,2.9302904605865479
6.3999999999999435,125.2999999999993008,3.3240535259246826
6.3999999999999435,125.3999999999992951,3.6181125640869141
6.3999999999999435,125.4999999999992895,4.2148289680480957
6.2999999999999439,120.5999999999995680,14.0620212554931641
6.2999999999999439,124.1999999999993634,7.1154894828796387
6.2999999999999439,124.2999999999993577,5.1298918724060059
6.2999999999999439,124.3999999999993520,3.8124692440032959
6.2999999999999439,124.4999999999993463,3.2989330291748047
6.2999999999999439,124.5999999999993406,3.0365364551544189
6.2999999999999439,124.6999999999993349,2.5288910865783691
6.2999999999999439,124.7999999999993292,1.9734543561935425
6.2999999999999439,124.8999999999993236,1.9009964466094971
6.2999999999999439,124.9999999999993179,2.3210172653198242
6.2999999999999439,125.0999999999993122,2.7889440059661865
6.2999999999999439,125.1999999999993065,3.1587326526641846
6.2999999999999439,125.2999999999993008,3.4750003814697266
6.2999999999999439,125.3999999999992951,3.8597962856292725
6.2999999999999439,125.4999999999992895,4.9045138359069824
6.2999999999999439,125.5999999999992838,6.8702721595764160
6.1999999999999442,124.2999999999993577,6.3222832679748535
6.1999999999999442,124.3999999999993520,5.0269365310668945
6.1999999999999442,124.4999999999993463,3.6560723781585693
6.1999999999999442,124.5999999999993406,3.0706861019134521
6.1999999999999442,124.6999999999993349,2.5718612670898438
6.1999999999999442,124.7999999999993292,2.2155182361602783
6.1999999999999442,124.8999999999993236,2.2599160671234131
6.1999999999999442,124.9999999999993179,2.5692267417907715
6.1999999999999442,125.0999999999993122,3.0255239009857178
6.1999999999999442,125.1999999999993065,3.3775672912597656
6.1999999999999442,125.2999999999993008,3.6626598834991455
6.1999999999999442,125.3999999999992951,4.0657258033752441
6.1999999999999442,125.4999999999992895,5.7080221176147461
6.1999999999999442,125.5999999999992838,7.9390869140625000
6.1999999999999442,125.6999999999992781,9.1003112792968750
6.0999999999999446,120.9999999999995453,13.8672409057617188
6.0999999999999446,121.0999999999995396,13.8691358566284180
6.0999999999999446,124.4999999999993463,4.9771361351013184
6.0999999999999446,124.5999999999993406,3.6935746669769287
6.0999999999999446,124.6999999999993349,3.3730628490447998
6.0999999999999446,124.7999999999993292,3.1569020748138428
6.0999999999999446,124.8999999999993236,2.9702973365783691
6.0999999999999446,124.9999999999993179,2.9960653781890869
6.0999999999999446,125.0999999999993122,3.2812612056732178
6.0999999999999446,125.2999999999993008,3.8368198871612549
6.0999999999999446,125.3999999999992951,4.2551331520080566
6.0999999999999446,125.4999999999992895,5.8792181015014648
6.0999999999999446,125.5999999999992838,8.2817001342773438
6.0999999999999446,125.6999999999992781,11.0612077713012695
5.9999999999999449,120.8999999999995509,14.1132993698120117
5.9999999999999449,120.9999999999995453,14.0776395797729492
5.9999999999999449,121.0999999999995396,14.0787878036499023
5.9999999999999449,121.3999999999995225,13.7782163619995117
5.9999999999999449,124.5999999999993406,5.2256484031677246
5.9999999999999449,124.6999999999993349,5.1582636833190918
5.9999999999999449,124.7999999999993292,5.3138527870178223
5.9999999999999449,124.8999999999993236,5.0938115119934082
5.9999999999999449,124.9999999999993179,4.9724001884460449
5.9999999999999449,125.0999999999993122,4.9149193763732910
5.9999999999999449,125.3999999999992951,4.4467658996582031
5.9999999999999449,125.4999999999992895,6.1189174652099609
5.9999999999999449,125.5999999999992838,8.5282354354858398
5.8999999999999453,120.8999999999995509,14.2460832595825195
5.8999999999999453,124.7999999999993292,8.1225719451904297
5.8999999999999453,124.8999999999993236,9.7033061981201172
5.8999999999999453,124.9999999999993179,9.3791542053222656
5.8999999999999453,125.0999999999993122,8.1281919479370117
5.8999999999999453,125.1999999999993065,7.5010933876037598
5.8999999999999453,125.2999999999993008,5.4699492454528809
5.8999999999999453,125.3999999999992951,5.3079352378845215
5.8999999999999453,125.4999999999992895,6.7271614074707031
5.8999999999999453,125.5999999999992838,9.3188171386718750
5.7999999999999456,125.2999999999993008,8.6460027694702148
5.7999999999999456,125.3999999999992951,7.0378890037536621
5.7999999999999456,125.4999999999992895,7.9450964927673340
5.6999999999999460,125.2999999999993008,10.5780544281005859
5.6999999999999460,125.3999999999992951,9.9339475631713867
5.5999999999999464,125.2999999999993008,13.9510679244995117
5.5999999999999464,125.3999999999992951,13.4909181594848633
5.3999999999999471,118.8999999999996646,7.0797057151794434
5.3999999999999471,118.9999999999996589,8.4772377014160156
5.3999999999999471,119.0999999999996533,11.4731597900390625
5.3999999999999471,119.1999999999996476,13.5777940750122070
5.2999999999999474,118.8999999999996646,6.7001185417175293
5.2999999999999474,118.9999999999996589,8.1605262756347656
5.2999999999999474,119.0999999999996533,10.7728834152221680
5.2999999999999474,119.1999999999996476,13.0911207199096680
5.2999999999999474,120.1999999999995907,16.9959087371826172
5.1999999999999478,118.8999999999996646,6.6725578308105469
5.1999999999999478,118.9999999999996589,8.0575532913208008
5.1999999999999478,119.0999999999996533,10.5978631973266602
5.1999999999999478,119.1999999999996476,13.4412384033203125
5.1999999999999478,120.1999999999995907,17.0620288848876953
5.0999999999999481,118.8999999999996646,8.7495460510253906
5.0999999999999481,118.9999999999996589,10.1973466873168945
5.0999999999999481,119.7999999999996135,16.9659252166748047
5.0999999999999481,119.8999999999996078,17.1203956604003906
