latitude,longitude,max_wind_gust
19.3999999999999559,121.3999999999995225,12.7007055282592773
19.3999999999999559,121.4999999999995168,12.8832473754882812
18.8999999999999488,121.8999999999994941,13.5386219024658203
18.5999999999999446,120.7999999999995566,9.2444353103637695
18.5999999999999446,120.8999999999995509,9.2542972564697266
18.5999999999999446,121.0999999999995396,8.9889726638793945
18.5999999999999446,121.1999999999995339,8.9637413024902344
18.4999999999999432,120.6999999999995623,5.6718974113464355
18.4999999999999432,120.7999999999995566,5.6537222862243652
18.4999999999999432,120.8999999999995509,5.8348288536071777
18.4999999999999432,120.9999999999995453,5.9489855766296387
18.4999999999999432,121.0999999999995396,6.2362780570983887
18.4999999999999432,121.1999999999995339,6.7307639122009277
18.4999999999999432,121.2999999999995282,7.0994906425476074
18.4999999999999432,122.1999999999994770,12.7709178924560547
18.3999999999999417,120.5999999999995680,5.0763068199157715
18.3999999999999417,120.6999999999995623,3.7918648719787598
18.3999999999999417,120.7999999999995566,2.8798046112060547
18.3999999999999417,120.8999999999995509,2.9511134624481201
18.3999999999999417,120.9999999999995453,3.2242825031280518
18.3999999999999417,121.0999999999995396,3.9845719337463379
18.3999999999999417,121.1999999999995339,4.9155387878417969
18.3999999999999417,121.2999999999995282,5.2895188331604004
18.3999999999999417,121.3999999999995225,5.4929056167602539
18.3999999999999417,121.4999999999995168,5.5904121398925781
18.3999999999999417,121.5999999999995111,6.7824792861938477
18.3999999999999417,122.0999999999994827,11.8602552413940430
18.3999999999999417,122.1999999999994770,12.1574392318725586
18.3999999999999417,122.2999999999994714,12.2078657150268555
18.2999999999999403,120.6999999999995623,3.9279344081878662
18.2999999999999403,120.7999999999995566,1.9803047180175781
18.2999999999999403,120.8999999999995509,2.1533269882202148
18.2999999999999403,120.9999999999995453,2.5711085796356201
18.2999999999999403,121.0999999999995396,3.4456963539123535
18.2999999999999403,121.1999999999995339,4.5639033317565918
18.2999999999999403,121.2999999999995282,4.6067419052124023
18.2999999999999403,121.3999999999995225,4.7072968482971191
18.2999999999999403,121.4999999999995168,5.0450167655944824
18.2999999999999403,121.5999999999995111,5.1040644645690918
18.2999999999999403,121.6999999999995055,6.3378772735595703
18.2999999999999403,122.0999999999994827,9.4924106597900391
18.2999999999999403,122.1999999999994770,10.1770601272583008
18.2999999999999403,122.2999999999994714,10.8107023239135742
18.1999999999999389,120.4999999999995737,6.8634696006774902
18.1999999999999389,120.5999999999995680,5.9703030586242676
18.1999999999999389,120.6999999999995623,4.4508829116821289
18.1999999999999389,120.7999999999995566,2.1720407009124756
18.1999999999999389,120.8999999999995509,2.2052743434906006
18.1999999999999389,120.9999999999995453,2.5205192565917969
18.1999999999999389,121.0999999999995396,3.1783671379089355
18.1999999999999389,121.1999999999995339,4.3446631431579590
18.1999999999999389,121.2999999999995282,4.1834578514099121
18.1999999999999389,121.3999999999995225,4.2831439971923828
18.1999999999999389,121.4999999999995168,4.7693357467651367
18.1999999999999389,121.5999999999995111,4.4535684585571289
18.1999999999999389,121.6999999999995055,4.0639719963073730
18.1999999999999389,121.7999999999994998,5.1946201324462891
18.1999999999999389,121.8999999999994941,5.4808878898620605
18.1999999999999389,121.9999999999994884,6.4278502464294434
18.1999999999999389,122.0999999999994827,7.4926376342773438
18.1999999999999389,122.1999999999994770,8.6126928329467773
18.0999999999999375,120.4999999999995737,7.3664393424987793
18.0999999999999375,120.5999999999995680,6.4605026245117188
18.0999999999999375,120.6999999999995623,5.0551037788391113
18.0999999999999375,120.7999999999995566,2.6409926414489746
18.0999999999999375,120.8999999999995509,2.2023298740386963
18.0999999999999375,120.9999999999995453,2.4027874469757080
18.0999999999999375,121.0999999999995396,2.9706916809082031
18.0999999999999375,121.1999999999995339,4.2952361106872559
18.0999999999999375,121.2999999999995282,3.9997391700744629
18.0999999999999375,121.3999999999995225,4.0208578109741211
18.0999999999999375,121.4999999999995168,4.3821864128112793
18.0999999999999375,121.5999999999995111,4.2491302490234375
18.0999999999999375,121.6999999999995055,3.9169518947601318
18.0999999999999375,121.7999999999994998,3.6603722572326660
18.0999999999999375,121.8999999999994941,3.7527141571044922
18.0999999999999375,121.9999999999994884,4.7410407066345215
18.0999999999999375,122.0999999999994827,5.9408879280090332
18.0999999999999375,122.1999999999994770,6.9215049743652344
17.9999999999999361,120.5999999999995680,6.3136644363403320
17.9999999999999361,120.6999999999995623,4.8813977241516113
17.9999999999999361,120.7999999999995566,2.6531260013580322
17.9999999999999361,120.8999999999995509,1.9160927534103394
17.9999999999999361,120.9999999999995453,2.1147058010101318
17.9999999999999361,121.0999999999995396,2.8910136222839355
17.9999999999999361,121.1999999999995339,4.2172560691833496
17.9999999999999361,121.2999999999995282,4.1461291313171387
17.9999999999999361,121.3999999999995225,4.2411909103393555
17.9999999999999361,121.4999999999995168,4.7356963157653809
17.9999999999999361,121.5999999999995111,4.3914656639099121
17.9999999999999361,121.6999999999995055,4.1064100265502930
17.9999999999999361,121.7999999999994998,3.8118007183074951
17.9999999999999361,121.8999999999994941,3.5637118816375732
17.9999999999999361,121.9999999999994884,4.1733627319335938
17.9999999999999361,122.0999999999994827,5.3889145851135254
17.8999999999999346,120.4999999999995737,6.9752030372619629
17.8999999999999346,120.5999999999995680,6.1011185646057129
17.8999999999999346,120.6999999999995623,4.8006877899169922
17.8999999999999346,120.7999999999995566,2.6947264671325684
17.8999999999999346,120.8999999999995509,1.9288119077682495
17.8999999999999346,120.9999999999995453,2.1538906097412109
17.8999999999999346,121.0999999999995396,2.8441958427429199
17.8999999999999346,121.1999999999995339,4.3071570396423340
17.8999999999999346,121.2999999999995282,4.2760529518127441
17.8999999999999346,121.3999999999995225,4.4821305274963379
17.8999999999999346,121.4999999999995168,4.9945058822631836
17.8999999999999346,121.5999999999995111,4.7531900405883789
17.8999999999999346,121.6999999999995055,4.3396458625793457
17.8999999999999346,121.7999999999994998,4.0105299949645996
17.8999999999999346,121.8999999999994941,3.6127986907958984
17.8999999999999346,121.9999999999994884,3.7357132434844971
17.8999999999999346,122.0999999999994827,4.8309168815612793
17.7999999999999332,120.4999999999995737,6.8962159156799316
17.7999999999999332,120.5999999999995680,6.1794962882995605
17.7999999999999332,120.6999999999995623,4.9459991455078125
17.7999999999999332,120.7999999999995566,3.0608646869659424
17.7999999999999332,120.8999999999995509,1.9722900390625000
17.7999999999999332,120.9999999999995453,2.0682616233825684
17.7999999999999332,121.0999999999995396,2.5754110813140869
17.7999999999999332,121.1999999999995339,3.9097473621368408
17.7999999999999332,121.2999999999995282,4.1504931449890137
17.7999999999999332,121.3999999999995225,4.5749864578247070
17.7999999999999332,121.4999999999995168,5.4210066795349121
17.7999999999999332,121.5999999999995111,5.0416903495788574
17.7999999999999332,121.6999999999995055,4.7188367843627930
17.7999999999999332,121.7999999999994998,4.3905730247497559
17.7999999999999332,121.8999999999994941,3.6452507972717285
17.7999999999999332,121.9999999999994884,3.4710233211517334
17.7999999999999332,122.0999999999994827,4.5364484786987305
17.6999999999999318,120.3999999999995794,7.4110984802246094
17.6999999999999318,120.4999999999995737,6.9609375000000000
17.6999999999999318,120.5999999999995680,6.5201416015625000
17.6999999999999318,120.6999999999995623,5.6043691635131836
17.6999999999999318,120.7999999999995566,3.8894984722137451
17.6999999999999318,120.8999999999995509,2.1828272342681885
17.6999999999999318,120.9999999999995453,1.7517420053482056
17.6999999999999318,121.0999999999995396,2.1535813808441162
17.6999999999999318,121.1999999999995339,3.3553512096405029
17.6999999999999318,121.2999999999995282,3.6951081752777100
17.6999999999999318,121.3999999999995225,4.4421291351318359
17.6999999999999318,121.4999999999995168,5.2119321823120117
17.6999999999999318,121.5999999999995111,5.0257048606872559
17.6999999999999318,121.6999999999995055,4.7451643943786621
17.6999999999999318,121.7999999999994998,4.4299683570861816
17.6999999999999318,121.8999999999994941,3.5361270904541016
17.6999999999999318,121.9999999999994884,3.3009254932403564
17.6999999999999318,122.0999999999994827,4.3674793243408203
17.5999999999999304,120.3999999999995794,7.3383879661560059
17.5999999999999304,120.4999999999995737,7.0894122123718262
17.5999999999999304,120.5999999999995680,6.9182825088500977
17.5999999999999304,120.6999999999995623,6.1338691711425781
17.5999999999999304,120.7999999999995566,4.6858134269714355
17.5999999999999304,120.8999999999995509,3.1765055656433105
17.5999999999999304,120.9999999999995453,1.8131653070449829
17.5999999999999304,121.0999999999995396,1.8695690631866455
17.5999999999999304,121.1999999999995339,2.5880236625671387
17.5999999999999304,121.2999999999995282,3.3653321266174316
17.5999999999999304,121.3999999999995225,4.3290925025939941
17.5999999999999304,121.4999999999995168,5.3451838493347168
17.5999999999999304,121.5999999999995111,5.0119023323059082
17.5999999999999304,121.6999999999995055,4.7807631492614746
17.5999999999999304,121.7999999999994998,4.4304652214050293
17.5999999999999304,121.8999999999994941,3.4258484840393066
17.5999999999999304,121.9999999999994884,3.1366193294525146
17.5999999999999304,122.0999999999994827,4.2961592674255371
17.4999999999999289,120.4999999999995737,6.5946135520935059
17.4999999999999289,120.5999999999995680,6.5402870178222656
17.4999999999999289,120.6999999999995623,5.9789619445800781
17.4999999999999289,120.7999999999995566,4.6784319877624512
17.4999999999999289,120.8999999999995509,3.3773460388183594
17.4999999999999289,120.9999999999995453,1.7193199396133423
17.4999999999999289,121.0999999999995396,1.7551645040512085
17.4999999999999289,121.1999999999995339,2.5693948268890381
17.4999999999999289,121.2999999999995282,3.2937514781951904
17.4999999999999289,121.3999999999995225,4.2040667533874512
17.4999999999999289,121.4999999999995168,5.0440516471862793
17.4999999999999289,121.5999999999995111,4.9569869041442871
17.4999999999999289,121.6999999999995055,4.8418736457824707
17.4999999999999289,121.7999999999994998,4.6321763992309570
17.4999999999999289,121.8999999999994941,3.4931976795196533
17.4999999999999289,121.9999999999994884,2.9835946559906006
17.4999999999999289,122.0999999999994827,3.8315739631652832
17.3999999999999275,120.4999999999995737,5.6595187187194824
17.3999999999999275,120.5999999999995680,5.6691527366638184
17.3999999999999275,120.6999999999995623,5.1367535591125488
17.3999999999999275,120.7999999999995566,4.0756602287292480
17.3999999999999275,120.8999999999995509,2.9417922496795654
17.3999999999999275,120.9999999999995453,1.5685282945632935
17.3999999999999275,121.0999999999995396,1.7613857984542847
17.3999999999999275,121.1999999999995339,2.5960197448730469
17.3999999999999275,121.2999999999995282,3.3129105567932129
17.3999999999999275,121.3999999999995225,4.0766282081604004
17.3999999999999275,121.4999999999995168,4.9486322402954102
17.3999999999999275,121.5999999999995111,4.8803539276123047
17.3999999999999275,121.6999999999995055,4.9827861785888672
17.3999999999999275,121.7999999999994998,4.7697596549987793
17.3999999999999275,121.8999999999994941,3.6831524372100830
17.3999999999999275,121.9999999999994884,2.9207761287689209
17.3999999999999275,122.0999999999994827,3.3055992126464844
17.3999999999999275,122.1999999999994770,4.4520640373229980
17.2999999999999261,120.4999999999995737,4.7685418128967285
17.2999999999999261,120.5999999999995680,4.8152136802673340
17.2999999999999261,120.6999999999995623,4.4121708869934082
17.2999999999999261,120.7999999999995566,3.4328289031982422
17.2999999999999261,120.8999999999995509,2.4719111919403076
17.2999999999999261,120.9999999999995453,1.5217041969299316
17.2999999999999261,121.0999999999995396,1.8011848926544189
17.2999999999999261,121.1999999999995339,2.9724156856536865
17.2999999999999261,121.2999999999995282,3.3600029945373535
17.2999999999999261,121.3999999999995225,3.9071850776672363
17.2999999999999261,121.4999999999995168,4.5310835838317871
17.2999999999999261,121.5999999999995111,4.7532835006713867
17.2999999999999261,121.6999999999995055,5.0350422859191895
17.2999999999999261,121.7999999999994998,5.0492625236511230
17.2999999999999261,121.8999999999994941,3.9332740306854248
17.2999999999999261,121.9999999999994884,2.9923245906829834
17.2999999999999261,122.0999999999994827,2.8514864444732666
17.2999999999999261,122.1999999999994770,3.5895626544952393
17.2999999999999261,122.2999999999994714,4.4709105491638184
17.1999999999999247,120.4999999999995737,4.2933011054992676
17.1999999999999247,120.5999999999995680,4.1472821235656738
17.1999999999999247,120.6999999999995623,3.5419843196868896
17.1999999999999247,120.7999999999995566,2.4459474086761475
17.1999999999999247,120.8999999999995509,1.6329702138900757
17.1999999999999247,120.9999999999995453,1.5754756927490234
17.1999999999999247,121.0999999999995396,2.1263749599456787
17.1999999999999247,121.1999999999995339,3.0448553562164307
17.1999999999999247,121.2999999999995282,3.3199937343597412
17.1999999999999247,121.3999999999995225,3.5503730773925781
17.1999999999999247,121.4999999999995168,3.9952142238616943
17.1999999999999247,121.5999999999995111,4.1393122673034668
17.1999999999999247,121.6999999999995055,4.4514379501342773
17.1999999999999247,121.7999999999994998,4.4417419433593750
17.1999999999999247,121.8999999999994941,3.5956230163574219
17.1999999999999247,121.9999999999994884,3.2233359813690186
17.1999999999999247,122.0999999999994827,2.9340188503265381
17.1999999999999247,122.1999999999994770,3.2079110145568848
17.1999999999999247,122.2999999999994714,3.8699395656585693
17.1999999999999247,122.3999999999994657,4.3532123565673828
17.0999999999999233,120.4999999999995737,4.0729990005493164
17.0999999999999233,120.5999999999995680,3.5756397247314453
17.0999999999999233,120.6999999999995623,2.7202696800231934
17.0999999999999233,120.7999999999995566,1.5296510457992554
17.0999999999999233,120.8999999999995509,1.7920478582382202
17.0999999999999233,120.9999999999995453,2.1207120418548584
17.0999999999999233,121.0999999999995396,2.6234240531921387
17.0999999999999233,121.1999999999995339,3.4953758716583252
17.0999999999999233,121.2999999999995282,3.2730710506439209
17.0999999999999233,121.3999999999995225,3.1141355037689209
17.0999999999999233,121.4999999999995168,3.2106812000274658
17.0999999999999233,121.5999999999995111,3.3290066719055176
17.0999999999999233,121.6999999999995055,3.5998730659484863
17.0999999999999233,121.7999999999994998,4.2423186302185059
17.0999999999999233,121.8999999999994941,4.0461316108703613
17.0999999999999233,121.9999999999994884,3.8644063472747803
17.0999999999999233,122.0999999999994827,3.5894677639007568
17.0999999999999233,122.1999999999994770,2.9823105335235596
17.0999999999999233,122.2999999999994714,3.5475738048553467
17.0999999999999233,122.3999999999994657,4.1606631278991699
17.0999999999999233,122.4999999999994600,4.8146634101867676
16.9999999999999218,120.4999999999995737,4.4762911796569824
16.9999999999999218,120.5999999999995680,3.0668172836303711
16.9999999999999218,120.6999999999995623,1.9801253080368042
16.9999999999999218,120.7999999999995566,1.6963036060333252
16.9999999999999218,120.8999999999995509,1.9688910245895386
16.9999999999999218,120.9999999999995453,2.7142317295074463
16.9999999999999218,121.0999999999995396,3.0695526599884033
16.9999999999999218,121.1999999999995339,3.5634047985076904
16.9999999999999218,121.2999999999995282,3.1716477870941162
16.9999999999999218,121.3999999999995225,2.7124116420745850
16.9999999999999218,121.4999999999995168,2.6055183410644531
16.9999999999999218,121.5999999999995111,2.5897119045257568
16.9999999999999218,121.6999999999995055,2.8434004783630371
16.9999999999999218,121.7999999999994998,4.4869613647460938
16.9999999999999218,121.8999999999994941,4.4423098564147949
16.9999999999999218,121.9999999999994884,4.3730096817016602
16.9999999999999218,122.0999999999994827,4.1162734031677246
16.9999999999999218,122.1999999999994770,3.3407046794891357
16.9999999999999218,122.2999999999994714,3.2957732677459717
16.9999999999999218,122.3999999999994657,3.9219930171966553
16.8999999999999204,120.3999999999995794,5.1327552795410156
16.8999999999999204,120.4999999999995737,3.9155571460723877
16.8999999999999204,120.5999999999995680,2.9346778392791748
16.8999999999999204,120.6999999999995623,1.7351896762847900
16.8999999999999204,120.7999999999995566,1.7001508474349976
16.8999999999999204,120.8999999999995509,2.1205518245697021
16.8999999999999204,120.9999999999995453,2.8859126567840576
16.8999999999999204,121.0999999999995396,3.1578280925750732
16.8999999999999204,121.1999999999995339,3.5679345130920410
16.8999999999999204,121.2999999999995282,2.9587421417236328
16.8999999999999204,121.3999999999995225,2.3861229419708252
16.8999999999999204,121.4999999999995168,2.1588549613952637
16.8999999999999204,121.5999999999995111,1.9763205051422119
16.8999999999999204,121.6999999999995055,2.6988160610198975
16.8999999999999204,121.7999999999994998,4.3064651489257812
16.8999999999999204,121.8999999999994941,4.2758278846740723
16.8999999999999204,121.9999999999994884,4.2332081794738770
16.8999999999999204,122.0999999999994827,3.9741427898406982
16.8999999999999204,122.1999999999994770,3.2576527595520020
16.8999999999999204,122.2999999999994714,3.2834656238555908
16.8999999999999204,122.3999999999994657,3.8062081336975098
16.7999999999999190,120.3999999999995794,5.0673041343688965
16.7999999999999190,120.4999999999995737,3.7091088294982910
16.7999999999999190,120.5999999999995680,2.8591270446777344
16.7999999999999190,120.6999999999995623,1.6616686582565308
16.7999999999999190,120.7999999999995566,1.6730196475982666
16.7999999999999190,120.8999999999995509,2.4290428161621094
16.7999999999999190,120.9999999999995453,3.0389218330383301
16.7999999999999190,121.0999999999995396,3.1733224391937256
16.7999999999999190,121.1999999999995339,3.2903344631195068
16.7999999999999190,121.2999999999995282,2.7193655967712402
16.7999999999999190,121.3999999999995225,2.0826914310455322
16.7999999999999190,121.4999999999995168,1.7804205417633057
16.7999999999999190,121.5999999999995111,1.7274990081787109
16.7999999999999190,121.6999999999995055,2.6043891906738281
16.7999999999999190,121.7999999999994998,4.0767340660095215
16.7999999999999190,121.8999999999994941,4.0644268989562988
16.7999999999999190,121.9999999999994884,3.9822525978088379
16.7999999999999190,122.0999999999994827,3.6881992816925049
16.7999999999999190,122.1999999999994770,3.1031606197357178
16.7999999999999190,122.2999999999994714,3.3058781623840332
16.7999999999999190,122.3999999999994657,3.6661145687103271
16.6999999999999176,120.3999999999995794,5.3339781761169434
16.6999999999999176,120.4999999999995737,3.8781266212463379
16.6999999999999176,120.5999999999995680,2.7469956874847412
16.6999999999999176,120.6999999999995623,1.6814241409301758
16.6999999999999176,120.7999999999995566,1.6375782489776611
16.6999999999999176,120.8999999999995509,2.5860924720764160
16.6999999999999176,120.9999999999995453,3.1767137050628662
16.6999999999999176,121.0999999999995396,3.1089351177215576
16.6999999999999176,121.1999999999995339,3.0703184604644775
16.6999999999999176,121.2999999999995282,2.4298474788665771
16.6999999999999176,121.3999999999995225,1.7702273130416870
16.6999999999999176,121.4999999999995168,1.7075172662734985
16.6999999999999176,121.5999999999995111,1.9251654148101807
16.6999999999999176,121.6999999999995055,2.5512967109680176
16.6999999999999176,121.7999999999994998,3.8093738555908203
16.6999999999999176,121.8999999999994941,3.7916417121887207
16.6999999999999176,121.9999999999994884,3.7146453857421875
16.6999999999999176,122.0999999999994827,3.4928996562957764
16.6999999999999176,122.1999999999994770,3.1602523326873779
16.6999999999999176,122.2999999999994714,3.4456989765167236
16.5999999999999162,120.2999999999995850,6.8096022605895996
16.5999999999999162,120.3999999999995794,5.5135149955749512
16.5999999999999162,120.4999999999995737,3.7747254371643066
16.5999999999999162,120.5999999999995680,2.6212096214294434
16.5999999999999162,120.6999999999995623,1.8273187875747681
16.5999999999999162,120.7999999999995566,1.6756156682968140
16.5999999999999162,120.8999999999995509,2.6185007095336914
16.5999999999999162,120.9999999999995453,2.9405126571655273
16.5999999999999162,121.0999999999995396,2.7236557006835938
16.5999999999999162,121.1999999999995339,2.5177881717681885
16.5999999999999162,121.2999999999995282,2.0883376598358154
16.5999999999999162,121.3999999999995225,1.5755608081817627
16.5999999999999162,121.4999999999995168,1.5430005788803101
16.5999999999999162,121.5999999999995111,1.7446222305297852
16.5999999999999162,121.6999999999995055,2.3896641731262207
16.5999999999999162,121.7999999999994998,3.3133106231689453
16.5999999999999162,121.8999999999994941,3.3331162929534912
16.5999999999999162,121.9999999999994884,3.3201756477355957
16.5999999999999162,122.0999999999994827,3.3887937068939209
16.5999999999999162,122.1999999999994770,3.7416908740997314
16.5999999999999162,122.2999999999994714,3.9831447601318359
16.4999999999999147,120.2999999999995850,6.8909158706665039
16.4999999999999147,120.3999999999995794,5.7144761085510254
16.4999999999999147,120.4999999999995737,3.8495368957519531
16.4999999999999147,120.5999999999995680,2.8047518730163574
16.4999999999999147,120.6999999999995623,2.1977505683898926
16.4999999999999147,120.7999999999995566,2.1705498695373535
16.4999999999999147,120.8999999999995509,2.5589714050292969
16.4999999999999147,120.9999999999995453,2.8512809276580811
16.4999999999999147,121.0999999999995396,2.5055787563323975
16.4999999999999147,121.1999999999995339,2.4318327903747559
16.4999999999999147,121.2999999999995282,2.2021965980529785
16.4999999999999147,121.3999999999995225,1.8632725477218628
16.4999999999999147,121.4999999999995168,1.5341411828994751
16.4999999999999147,121.5999999999995111,1.8032788038253784
16.4999999999999147,121.6999999999995055,2.5377728939056396
16.4999999999999147,121.7999999999994998,3.0845081806182861
16.4999999999999147,121.8999999999994941,2.9016275405883789
16.4999999999999147,121.9999999999994884,3.3527328968048096
16.4999999999999147,122.0999999999994827,3.9128055572509766
16.4999999999999147,122.1999999999994770,4.3574862480163574
16.3999999999999133,120.3999999999995794,5.9983139038085938
16.3999999999999133,120.4999999999995737,3.7177624702453613
16.3999999999999133,120.5999999999995680,2.8021199703216553
16.3999999999999133,120.6999999999995623,2.5601246356964111
16.3999999999999133,120.7999999999995566,2.4518880844116211
16.3999999999999133,120.8999999999995509,2.6977143287658691
16.3999999999999133,120.9999999999995453,2.9550862312316895
16.3999999999999133,121.0999999999995396,2.6907327175140381
16.3999999999999133,121.1999999999995339,2.7288351058959961
16.3999999999999133,121.2999999999995282,2.5671353340148926
16.3999999999999133,121.3999999999995225,2.2150361537933350
16.3999999999999133,121.4999999999995168,1.8363260030746460
16.3999999999999133,121.5999999999995111,2.0865352153778076
16.3999999999999133,121.6999999999995055,2.5391333103179932
16.3999999999999133,121.7999999999994998,2.7965486049652100
16.3999999999999133,121.8999999999994941,2.9233462810516357
16.3999999999999133,121.9999999999994884,3.8943841457366943
16.3999999999999133,122.0999999999994827,4.4542183876037598
16.3999999999999133,122.1999999999994770,4.8652548789978027
16.2999999999999119,119.7999999999996135,9.7721939086914062
16.2999999999999119,120.3999999999995794,6.0258121490478516
16.2999999999999119,120.4999999999995737,3.6769211292266846
16.2999999999999119,120.5999999999995680,2.4067304134368896
16.2999999999999119,120.6999999999995623,2.7408108711242676
16.2999999999999119,120.7999999999995566,2.3817803859710693
16.2999999999999119,120.8999999999995509,3.0528192520141602
16.2999999999999119,120.9999999999995453,3.2651093006134033
16.2999999999999119,121.0999999999995396,3.0034701824188232
16.2999999999999119,121.1999999999995339,2.8969857692718506
16.2999999999999119,121.2999999999995282,2.6505258083343506
16.2999999999999119,121.3999999999995225,2.4297063350677490
16.2999999999999119,121.4999999999995168,2.2873084545135498
16.2999999999999119,121.5999999999995111,2.2146022319793701
16.2999999999999119,121.6999999999995055,2.2814185619354248
16.2999999999999119,121.7999999999994998,2.6279714107513428
16.2999999999999119,121.8999999999994941,3.4148075580596924
16.2999999999999119,121.9999999999994884,4.3810477256774902
16.2999999999999119,122.0999999999994827,5.0509200096130371
16.1999999999999105,119.7999999999996135,8.6127433776855469
16.1999999999999105,119.8999999999996078,9.6290302276611328
16.1999999999999105,119.9999999999996021,10.5347166061401367
16.1999999999999105,120.4999999999995737,3.8401584625244141
16.1999999999999105,120.5999999999995680,2.3805680274963379
16.1999999999999105,120.6999999999995623,3.0492560863494873
16.1999999999999105,120.7999999999995566,2.8512921333312988
16.1999999999999105,120.8999999999995509,3.4655034542083740
16.1999999999999105,120.9999999999995453,3.6900849342346191
16.1999999999999105,121.0999999999995396,3.4056744575500488
16.1999999999999105,121.1999999999995339,3.2715756893157959
16.1999999999999105,121.2999999999995282,3.0980584621429443
16.1999999999999105,121.3999999999995225,2.9477906227111816
16.1999999999999105,121.4999999999995168,2.8985278606414795
16.1999999999999105,121.5999999999995111,2.9413363933563232
16.1999999999999105,121.6999999999995055,3.0222671031951904
16.1999999999999105,121.7999999999994998,3.2965800762176514
16.1999999999999105,121.8999999999994941,4.0646057128906250
16.1999999999999105,121.9999999999994884,5.1088843345642090
16.0999999999999091,119.7999999999996135,7.8366441726684570
16.0999999999999091,119.8999999999996078,8.3184013366699219
16.0999999999999091,119.9999999999996021,9.4089956283569336
16.0999999999999091,120.4999999999995737,3.2400510311126709
16.0999999999999091,120.5999999999995680,2.6410217285156250
16.0999999999999091,120.6999999999995623,3.6239717006683350
16.0999999999999091,120.7999999999995566,3.5191750526428223
16.0999999999999091,120.8999999999995509,3.9846751689910889
16.0999999999999091,120.9999999999995453,4.1951317787170410
16.0999999999999091,121.0999999999995396,3.9336526393890381
16.0999999999999091,121.1999999999995339,3.8018147945404053
16.0999999999999091,121.2999999999995282,3.6235260963439941
16.0999999999999091,121.3999999999995225,3.4636433124542236
16.0999999999999091,121.4999999999995168,3.3846969604492188
16.0999999999999091,121.5999999999995111,3.3941528797149658
16.0999999999999091,121.6999999999995055,3.4183571338653564
15.9999999999999094,119.7999999999996135,7.6842494010925293
15.9999999999999094,119.8999999999996078,7.2577433586120605
15.9999999999999094,119.9999999999996021,7.4139413833618164
15.9999999999999094,120.0999999999995964,7.4345140457153320
15.9999999999999094,120.1999999999995907,5.7469310760498047
15.9999999999999094,120.2999999999995850,4.4443254470825195
15.9999999999999094,120.3999999999995794,4.0986232757568359
15.9999999999999094,120.4999999999995737,3.2753288745880127
15.9999999999999094,120.5999999999995680,3.8065648078918457
15.9999999999999094,120.6999999999995623,4.4493956565856934
15.9999999999999094,120.7999999999995566,4.3344979286193848
15.9999999999999094,120.8999999999995509,4.6571536064147949
15.9999999999999094,120.9999999999995453,4.7432188987731934
15.9999999999999094,121.0999999999995396,4.5037593841552734
15.9999999999999094,121.1999999999995339,4.3499755859375000
15.9999999999999094,121.2999999999995282,4.1602935791015625
15.9999999999999094,121.3999999999995225,3.9364891052246094
15.9999999999999094,121.4999999999995168,3.7518289089202881
15.9999999999999094,121.5999999999995111,3.7143025398254395
15.8999999999999098,119.9999999999996021,5.6777825355529785
15.8999999999999098,120.0999999999995964,5.3301939964294434
15.8999999999999098,120.1999999999995907,4.5426788330078125
15.8999999999999098,120.2999999999995850,5.0067939758300781
15.8999999999999098,120.3999999999995794,5.5797286033630371
15.8999999999999098,120.4999999999995737,5.3378434181213379
15.8999999999999098,120.5999999999995680,5.4088802337646484
15.8999999999999098,120.6999999999995623,5.3966121673583984
15.8999999999999098,120.7999999999995566,5.1479954719543457
15.8999999999999098,120.8999999999995509,5.2595443725585938
15.8999999999999098,120.9999999999995453,5.2552337646484375
15.8999999999999098,121.0999999999995396,5.0274295806884766
15.8999999999999098,121.1999999999995339,4.8953900337219238
15.8999999999999098,121.2999999999995282,4.6509332656860352
15.8999999999999098,121.3999999999995225,4.3672347068786621
15.8999999999999098,121.4999999999995168,4.1260771751403809
15.8999999999999098,121.5999999999995111,4.0176157951354980
15.7999999999999101,119.9999999999996021,4.4349875450134277
15.7999999999999101,120.0999999999995964,3.9795498847961426
15.7999999999999101,120.1999999999995907,4.3494753837585449
15.7999999999999101,120.2999999999995850,5.9721560478210449
15.7999999999999101,120.3999999999995794,6.9624376296997070
15.7999999999999101,120.4999999999995737,6.3255000114440918
15.7999999999999101,120.5999999999995680,5.8079133033752441
15.7999999999999101,120.6999999999995623,5.5113339424133301
15.7999999999999101,120.7999999999995566,5.4103646278381348
15.7999999999999101,120.8999999999995509,5.5463666915893555
15.7999999999999101,120.9999999999995453,5.4744982719421387
15.7999999999999101,121.0999999999995396,5.1942553520202637
15.7999999999999101,121.1999999999995339,5.0008425712585449
15.7999999999999101,121.2999999999995282,4.7669167518615723
15.7999999999999101,121.3999999999995225,4.4891333580017090
15.7999999999999101,121.4999999999995168,4.2206697463989258
15.6999999999999105,119.9999999999996021,3.9422707557678223
15.6999999999999105,120.0999999999995964,3.1875371932983398
15.6999999999999105,120.1999999999995907,4.2928905487060547
15.6999999999999105,120.2999999999995850,6.1965441703796387
15.6999999999999105,120.3999999999995794,7.2621722221374512
15.6999999999999105,120.4999999999995737,6.4972329139709473
15.6999999999999105,120.5999999999995680,5.6766767501831055
15.6999999999999105,120.6999999999995623,5.2710132598876953
15.6999999999999105,120.7999999999995566,5.4212293624877930
15.6999999999999105,120.8999999999995509,5.6570286750793457
15.6999999999999105,120.9999999999995453,5.5461649894714355
15.6999999999999105,121.0999999999995396,5.1882061958312988
15.6999999999999105,121.1999999999995339,4.9397253990173340
15.6999999999999105,121.2999999999995282,4.7000365257263184
15.6999999999999105,121.3999999999995225,4.4862194061279297
15.6999999999999105,121.4999999999995168,4.3839378356933594
15.5999999999999108,119.9999999999996021,3.7779068946838379
15.5999999999999108,120.0999999999995964,2.5394175052642822
15.5999999999999108,120.1999999999995907,4.3169384002685547
15.5999999999999108,120.2999999999995850,6.3699955940246582
15.5999999999999108,120.3999999999995794,7.5877723693847656
15.5999999999999108,120.4999999999995737,6.6535210609436035
15.5999999999999108,120.5999999999995680,5.6330733299255371
15.5999999999999108,120.6999999999995623,5.4377861022949219
15.5999999999999108,120.7999999999995566,5.5436096191406250
15.5999999999999108,120.8999999999995509,5.9408841133117676
15.5999999999999108,120.9999999999995453,5.7625985145568848
15.5999999999999108,121.0999999999995396,5.3132190704345703
15.5999999999999108,121.1999999999995339,5.0384802818298340
15.5999999999999108,121.2999999999995282,4.8437228202819824
15.5999999999999108,121.3999999999995225,4.7286758422851562
15.5999999999999108,121.4999999999995168,4.7254242897033691
15.4999999999999112,119.9999999999996021,3.3979260921478271
15.4999999999999112,120.0999999999995964,2.5290842056274414
15.4999999999999112,120.1999999999995907,4.3559713363647461
15.4999999999999112,120.2999999999995850,6.2401528358459473
15.4999999999999112,120.3999999999995794,7.4144821166992188
15.4999999999999112,120.4999999999995737,6.6546816825866699
15.4999999999999112,120.5999999999995680,5.7454848289489746
15.4999999999999112,120.6999999999995623,5.4478855133056641
15.4999999999999112,120.7999999999995566,5.8485298156738281
15.4999999999999112,120.8999999999995509,6.2520165443420410
15.4999999999999112,120.9999999999995453,6.2741427421569824
15.4999999999999112,121.0999999999995396,6.0190296173095703
15.4999999999999112,121.1999999999995339,5.8823523521423340
15.4999999999999112,121.2999999999995282,5.8318915367126465
15.4999999999999112,121.3999999999995225,5.8642668724060059
15.4999999999999112,121.4999999999995168,5.9120411872863770
15.3999999999999115,119.8999999999996078,6.1928958892822266
15.3999999999999115,119.9999999999996021,3.3250946998596191
15.3999999999999115,120.0999999999995964,2.9055731296539307
15.3999999999999115,120.1999999999995907,4.4759368896484375
15.3999999999999115,120.2999999999995850,6.0663475990295410
15.3999999999999115,120.3999999999995794,7.2587227821350098
15.3999999999999115,120.4999999999995737,6.6474404335021973
15.3999999999999115,120.5999999999995680,5.9278597831726074
15.3999999999999115,120.6999999999995623,5.7513785362243652
15.3999999999999115,120.7999999999995566,6.2620258331298828
15.3999999999999115,120.8999999999995509,6.7860884666442871
15.3999999999999115,120.9999999999995453,6.9304208755493164
15.3999999999999115,121.0999999999995396,6.8938140869140625
15.3999999999999115,121.1999999999995339,6.9635796546936035
15.3999999999999115,121.2999999999995282,7.0762748718261719
15.2999999999999119,119.9999999999996021,3.0748569965362549
15.2999999999999119,120.0999999999995964,3.3661580085754395
15.2999999999999119,120.1999999999995907,4.7066769599914551
15.2999999999999119,120.2999999999995850,6.1139192581176758
15.2999999999999119,120.3999999999995794,7.0677008628845215
15.2999999999999119,120.4999999999995737,6.6520080566406250
15.2999999999999119,120.5999999999995680,6.1191949844360352
15.2999999999999119,120.6999999999995623,6.0383515357971191
15.2999999999999119,120.7999999999995566,6.5843834877014160
15.2999999999999119,120.8999999999995509,7.1196870803833008
15.2999999999999119,120.9999999999995453,7.4082598686218262
15.2999999999999119,121.0999999999995396,7.5175728797912598
15.2999999999999119,121.1999999999995339,7.6901483535766602
15.2999999999999119,121.2999999999995282,7.8862762451171875
15.2999999999999119,121.3999999999995225,8.1214551925659180
15.1999999999999122,120.0999999999995964,3.4593529701232910
15.1999999999999122,120.1999999999995907,4.4259495735168457
15.1999999999999122,120.2999999999995850,5.8450560569763184
15.1999999999999122,120.3999999999995794,6.7699885368347168
15.1999999999999122,120.4999999999995737,6.5572409629821777
15.1999999999999122,120.5999999999995680,6.3936228752136230
15.1999999999999122,120.6999999999995623,6.4453926086425781
15.1999999999999122,120.7999999999995566,6.6527657508850098
15.1999999999999122,120.8999999999995509,7.1023211479187012
15.1999999999999122,120.9999999999995453,7.3118538856506348
15.1999999999999122,121.0999999999995396,7.3821654319763184
15.1999999999999122,121.1999999999995339,7.4556083679199219
15.1999999999999122,121.2999999999995282,7.4332489967346191
15.0999999999999126,120.0999999999995964,3.7791550159454346
15.0999999999999126,120.1999999999995907,4.4183011054992676
15.0999999999999126,120.2999999999995850,5.6401209831237793
15.0999999999999126,120.3999999999995794,6.6468720436096191
15.0999999999999126,120.4999999999995737,6.6051011085510254
15.0999999999999126,120.5999999999995680,6.9381661415100098
15.0999999999999126,120.6999999999995623,7.1275033950805664
15.0999999999999126,120.7999999999995566,6.8876910209655762
15.0999999999999126,120.8999999999995509,7.1727404594421387
15.0999999999999126,120.9999999999995453,7.3076219558715820
15.0999999999999126,121.0999999999995396,7.2848010063171387
15.0999999999999126,121.1999999999995339,7.2741365432739258
15.0999999999999126,121.2999999999995282,7.0093164443969727
15.0999999999999126,121.3999999999995225,6.6631979942321777
14.9999999999999130,120.0999999999995964,4.2265019416809082
14.9999999999999130,120.1999999999995907,4.6675481796264648
14.9999999999999130,120.2999999999995850,5.6144475936889648
14.9999999999999130,120.3999999999995794,6.5250215530395508
14.9999999999999130,120.4999999999995737,6.5878000259399414
14.9999999999999130,120.5999999999995680,7.2882246971130371
14.9999999999999130,120.6999999999995623,7.6901001930236816
14.9999999999999130,120.7999999999995566,7.2816886901855469
14.9999999999999130,120.8999999999995509,7.2147040367126465
14.9999999999999130,120.9999999999995453,7.2828383445739746
14.9999999999999130,121.0999999999995396,7.2444977760314941
14.9999999999999130,121.1999999999995339,7.1423048973083496
14.9999999999999130,121.2999999999995282,6.7216668128967285
14.9999999999999130,121.3999999999995225,6.1621341705322266
14.9999999999999130,121.4999999999995168,5.8671026229858398
14.9999999999999130,121.8999999999994941,10.2443723678588867
14.9999999999999130,121.9999999999994884,11.2846794128417969
14.8999999999999133,120.0999999999995964,4.6140198707580566
14.8999999999999133,120.1999999999995907,5.0180277824401855
14.8999999999999133,120.2999999999995850,5.7389235496520996
14.8999999999999133,120.3999999999995794,6.6143569946289062
14.8999999999999133,120.4999999999995737,6.7973518371582031
14.8999999999999133,120.7999999999995566,7.3359026908874512
14.8999999999999133,120.8999999999995509,6.9024362564086914
14.8999999999999133,120.9999999999995453,7.0078477859497070
14.8999999999999133,121.0999999999995396,7.1000976562500000
14.8999999999999133,121.1999999999995339,7.1640543937683105
14.8999999999999133,121.2999999999995282,6.6946473121643066
14.8999999999999133,121.3999999999995225,6.0876517295837402
14.8999999999999133,121.4999999999995168,5.8034882545471191
14.8999999999999133,121.8999999999994941,10.4956445693969727
14.8999999999999133,121.9999999999994884,11.1422748565673828
14.7999999999999137,120.1999999999995907,5.2727718353271484
14.7999999999999137,120.2999999999995850,6.2747960090637207
14.7999999999999137,120.3999999999995794,6.5651459693908691
14.7999999999999137,120.4999999999995737,7.1066751480102539
14.7999999999999137,120.8999999999995509,6.7715835571289062
14.7999999999999137,120.9999999999995453,6.7654223442077637
14.7999999999999137,121.0999999999995396,6.9878625869750977
14.7999999999999137,121.1999999999995339,7.1016402244567871
14.7999999999999137,121.2999999999995282,6.6726641654968262
14.7999999999999137,121.3999999999995225,6.0117683410644531
14.7999999999999137,121.4999999999995168,5.6567716598510742
14.7999999999999137,121.5999999999995111,6.7498879432678223
14.7999999999999137,121.8999999999994941,10.7245368957519531
14.7999999999999137,121.9999999999994884,11.5221719741821289
14.7999999999999137,122.1999999999994770,11.9356470108032227
14.6999999999999140,120.2999999999995850,6.7140550613403320
14.6999999999999140,120.3999999999995794,7.7837495803833008
14.6999999999999140,120.4999999999995737,8.3860435485839844
14.6999999999999140,120.9999999999995453,7.2993083000183105
14.6999999999999140,121.0999999999995396,7.5878496170043945
14.6999999999999140,121.1999999999995339,7.8468470573425293
14.6999999999999140,121.2999999999995282,7.2710137367248535
14.6999999999999140,121.3999999999995225,6.5173478126525879
14.6999999999999140,121.4999999999995168,6.1788601875305176
14.6999999999999140,121.5999999999995111,6.9535346031188965
14.6999999999999140,121.9999999999994884,11.4038047790527344
14.6999999999999140,122.3999999999994657,11.4854927062988281
14.5999999999999144,120.3999999999995794,10.5480413436889648
14.5999999999999144,120.4999999999995737,10.6403255462646484
14.5999999999999144,120.5999999999995680,10.8133783340454102
14.5999999999999144,120.9999999999995453,8.5196304321289062
14.5999999999999144,121.0999999999995396,8.7626800537109375
14.5999999999999144,121.1999999999995339,8.9644079208374023
14.5999999999999144,121.2999999999995282,8.4033842086791992
14.5999999999999144,121.3999999999995225,7.5521278381347656
14.5999999999999144,121.4999999999995168,7.2345690727233887
14.5999999999999144,121.5999999999995111,8.1349172592163086
14.4999999999999147,120.4999999999995737,12.6054258346557617
14.4999999999999147,120.5999999999995680,12.0997953414916992
14.4999999999999147,121.0999999999995396,9.5968427658081055
14.4999999999999147,121.1999999999995339,10.1296491622924805
14.4999999999999147,121.2999999999995282,9.3073730468750000
14.4999999999999147,121.3999999999995225,8.7378025054931641
14.4999999999999147,121.4999999999995168,8.4151592254638672
14.4999999999999147,121.5999999999995111,8.8973770141601562
14.3999999999999151,120.7999999999995566,9.5870227813720703
14.3999999999999151,120.8999999999995509,9.2968368530273438
14.3999999999999151,120.9999999999995453,9.4534730911254883
14.3999999999999151,121.2999999999995282,8.7800130844116211
14.3999999999999151,121.4999999999995168,8.3501777648925781
14.3999999999999151,121.5999999999995111,9.1832723617553711
14.3999999999999151,121.6999999999995055,10.4365367889404297
14.2999999999999154,120.6999999999995623,9.4655113220214844
14.2999999999999154,120.7999999999995566,9.1707258224487305
14.2999999999999154,120.8999999999995509,9.0270509719848633
14.2999999999999154,120.9999999999995453,8.9440279006958008
14.2999999999999154,121.0999999999995396,8.8622312545776367
14.2999999999999154,121.4999999999995168,7.9698128700256348
14.2999999999999154,121.5999999999995111,9.1461935043334961
14.2999999999999154,121.6999999999995055,11.7485332489013672
14.2999999999999154,122.4999999999994600,9.1199064254760742
14.2999999999999154,122.6999999999994486,8.6150426864624023
14.1999999999999158,120.5999999999995680,9.3290853500366211
14.1999999999999158,120.6999999999995623,8.7376890182495117
14.1999999999999158,120.7999999999995566,8.6060466766357422
14.1999999999999158,120.8999999999995509,8.7117280960083008
14.1999999999999158,120.9999999999995453,8.5879116058349609
14.1999999999999158,121.0999999999995396,8.2780675888061523
14.1999999999999158,121.3999999999995225,7.4295859336853027
14.1999999999999158,121.4999999999995168,7.4956393241882324
14.1999999999999158,121.5999999999995111,9.3906927108764648
14.1999999999999158,121.6999999999995055,12.5112934112548828
14.1999999999999158,121.9999999999994884,13.7044439315795898
14.1999999999999158,122.3999999999994657,8.2958526611328125
14.1999999999999158,122.4999999999994600,8.0256891250610352
14.1999999999999158,122.5999999999994543,7.6576929092407227
14.1999999999999158,122.6999999999994486,7.6336913108825684
14.1999999999999158,122.7999999999994429,7.7077126502990723
14.1999999999999158,122.8999999999994373,7.7462410926818848
14.0999999999999162,120.5999999999995680,9.3178749084472656
14.0999999999999162,120.6999999999995623,8.7455625534057617
14.0999999999999162,120.7999999999995566,8.4691724777221680
14.0999999999999162,120.8999999999995509,8.5813283920288086
14.0999999999999162,120.9999999999995453,8.5157527923583984
14.0999999999999162,121.0999999999995396,8.1822004318237305
14.0999999999999162,121.1999999999995339,7.8629937171936035
14.0999999999999162,121.2999999999995282,7.6580314636230469
14.0999999999999162,121.3999999999995225,7.5580415725708008
14.0999999999999162,121.4999999999995168,7.6967997550964355
14.0999999999999162,121.5999999999995111,9.7386960983276367
14.0999999999999162,121.6999999999995055,12.6926002502441406
14.0999999999999162,121.7999999999994998,15.0296354293823242
14.0999999999999162,122.0999999999994827,10.7400569915771484
14.0999999999999162,122.2999999999994714,8.4386186599731445
14.0999999999999162,122.3999999999994657,7.9104952812194824
14.0999999999999162,122.4999999999994600,7.6414804458618164
14.0999999999999162,122.5999999999994543,7.3815064430236816
14.0999999999999162,122.6999999999994486,7.2748885154724121
14.0999999999999162,122.7999999999994429,7.3793687820434570
14.0999999999999162,122.8999999999994373,7.6169700622558594
14.0999999999999162,122.9999999999994316,8.0677137374877930
13.9999999999999165,120.6999999999995623,9.6944990158081055
13.9999999999999165,120.7999999999995566,9.1103181838989258
13.9999999999999165,120.8999999999995509,8.7348260879516602
13.9999999999999165,120.9999999999995453,8.6037664413452148
13.9999999999999165,121.0999999999995396,8.2502880096435547
13.9999999999999165,121.1999999999995339,7.9663491249084473
13.9999999999999165,121.2999999999995282,7.9377951622009277
13.9999999999999165,121.3999999999995225,7.9791626930236816
13.9999999999999165,121.4999999999995168,8.1560401916503906
13.9999999999999165,121.5999999999995111,10.1323909759521484
13.9999999999999165,121.6999999999995055,12.8212156295776367
13.9999999999999165,121.7999999999994998,14.5506105422973633
13.9999999999999165,121.8999999999994941,13.2781419754028320
13.9999999999999165,122.3999999999994657,7.4832339286804199
13.9999999999999165,122.4999999999994600,7.4855742454528809
13.9999999999999165,122.5999999999994543,7.5031695365905762
13.9999999999999165,122.6999999999994486,7.4198617935180664
13.9999999999999165,122.7999999999994429,7.2956633567810059
13.9999999999999165,122.8999999999994373,7.4844665527343750
13.9999999999999165,122.9999999999994316,8.3083028793334961
13.9999999999999165,123.2999999999994145,9.8732872009277344
13.9999999999999165,124.1999999999993634,9.5232791900634766
13.9999999999999165,124.2999999999993577,9.3009033203125000
13.8999999999999169,120.5999999999995680,11.4527397155761719
13.8999999999999169,120.9999999999995453,8.8571996688842773
13.8999999999999169,121.0999999999995396,8.3714323043823242
13.8999999999999169,121.1999999999995339,8.0225267410278320
13.8999999999999169,121.2999999999995282,8.0938644409179688
13.8999999999999169,121.3999999999995225,8.2478170394897461
13.8999999999999169,121.4999999999995168,8.6144409179687500
13.8999999999999169,121.9999999999994884,10.1711997985839844
13.8999999999999169,122.0999999999994827,8.3518190383911133
13.8999999999999169,122.1999999999994770,7.5579195022583008
13.8999999999999169,122.2999999999994714,7.2981462478637695
13.8999999999999169,122.3999999999994657,7.3341345787048340
13.8999999999999169,122.6999999999994486,7.6790156364440918
13.8999999999999169,122.7999999999994429,7.5260491371154785
13.8999999999999169,122.8999999999994373,7.5130553245544434
13.8999999999999169,122.9999999999994316,8.2796697616577148
13.8999999999999169,123.3999999999994088,8.6118803024291992
13.8999999999999169,123.4999999999994031,8.5116291046142578
13.8999999999999169,123.5999999999993975,9.4420270919799805
13.8999999999999169,123.6999999999993918,10.3609867095947266
13.8999999999999169,124.1999999999993634,8.8068027496337891
13.8999999999999169,124.2999999999993577,8.7386941909790039
13.7999999999999172,120.0999999999995964,14.1885852813720703
13.7999999999999172,120.1999999999995907,13.9337415695190430
13.7999999999999172,120.8999999999995509,9.9172515869140625
13.7999999999999172,120.9999999999995453,9.3781385421752930
13.7999999999999172,121.0999999999995396,8.7693424224853516
13.7999999999999172,121.1999999999995339,8.0868015289306641
13.7999999999999172,121.2999999999995282,7.9663100242614746
13.7999999999999172,121.3999999999995225,8.1450786590576172
13.7999999999999172,121.9999999999994884,9.6965723037719727
13.7999999999999172,122.0999999999994827,8.4690837860107422
13.7999999999999172,122.1999999999994770,7.9955039024353027
13.7999999999999172,122.2999999999994714,7.8627657890319824
13.7999999999999172,122.3999999999994657,7.9905714988708496
13.7999999999999172,122.7999999999994429,7.8465280532836914
13.7999999999999172,122.8999999999994373,7.7193350791931152
13.7999999999999172,122.9999999999994316,8.1847410202026367
13.7999999999999172,123.2999999999994145,8.2673301696777344
13.7999999999999172,123.3999999999994088,7.8707313537597656
13.7999999999999172,123.4999999999994031,7.7781343460083008
13.7999999999999172,123.5999999999993975,8.7971220016479492
13.7999999999999172,123.6999999999993918,9.9244985580444336
13.7999999999999172,123.7999999999993861,10.2762317657470703
13.7999999999999172,124.1999999999993634,8.3319149017333984
13.7999999999999172,124.2999999999993577,8.3502101898193359
13.6999999999999176,121.0999999999995396,9.1754713058471680
13.6999999999999176,121.1999999999995339,8.2333755493164062
13.6999999999999176,121.2999999999995282,7.9229860305786133
13.6999999999999176,121.3999999999995225,8.8269910812377930
13.6999999999999176,122.1999999999994770,8.7000894546508789
13.6999999999999176,122.2999999999994714,8.6666879653930664
13.6999999999999176,122.3999999999994657,8.7684459686279297
13.6999999999999176,122.8999999999994373,7.9498391151428223
13.6999999999999176,122.9999999999994316,8.0072212219238281
13.6999999999999176,123.0999999999994259,8.1558084487915039
13.6999999999999176,123.1999999999994202,8.1324014663696289
13.6999999999999176,123.2999999999994145,7.6967973709106445
13.6999999999999176,123.3999999999994088,7.1317749023437500
13.6999999999999176,123.4999999999994031,7.1032576560974121
13.6999999999999176,124.0999999999993690,8.0972118377685547
13.6999999999999176,124.1999999999993634,7.9943780899047852
13.6999999999999176,124.2999999999993577,8.1255578994750977
13.5999999999999179,122.2999999999994714,9.2780447006225586
13.5999999999999179,122.3999999999994657,9.3150796890258789
13.5999999999999179,122.4999999999994600,9.2687482833862305
13.5999999999999179,122.8999999999994373,8.0120048522949219
13.5999999999999179,122.9999999999994316,7.8920679092407227
13.5999999999999179,123.0999999999994259,7.7706675529479980
13.5999999999999179,123.1999999999994202,7.5315628051757812
13.5999999999999179,123.2999999999994145,7.0163316726684570
13.5999999999999179,123.3999999999994088,6.4986634254455566
13.5999999999999179,123.4999999999994031,6.4198160171508789
13.5999999999999179,124.1999999999993634,8.1318454742431641
13.5999999999999179,124.2999999999993577,8.3560953140258789
13.4999999999999183,120.6999999999995623,8.0039548873901367
13.4999999999999183,120.7999999999995566,7.7625575065612793
13.4999999999999183,121.8999999999994941,11.6936225891113281
13.4999999999999183,121.9999999999994884,9.8390226364135742
13.4999999999999183,122.4999999999994600,9.0644083023071289
13.4999999999999183,122.5999999999994543,8.9958209991455078
13.4999999999999183,123.1999999999994202,7.3359503746032715
13.4999999999999183,123.2999999999994145,6.6680755615234375
13.4999999999999183,123.3999999999994088,6.1276035308837891
13.4999999999999183,123.4999999999994031,6.0689806938171387
13.4999999999999183,123.5999999999993975,6.4634881019592285
13.3999999999999186,120.4999999999995737,8.1814222335815430
13.3999999999999186,120.5999999999995680,6.9045701026916504
13.3999999999999186,120.6999999999995623,6.1108822822570801
13.3999999999999186,120.7999999999995566,6.1152892112731934
13.3999999999999186,120.8999999999995509,6.2824010848999023
13.3999999999999186,120.9999999999995453,5.7727117538452148
13.3999999999999186,121.0999999999995396,4.6496090888977051
13.3999999999999186,121.1999999999995339,3.8479022979736328
13.3999999999999186,121.7999999999994998,11.2437896728515625
13.3999999999999186,121.8999999999994941,10.4433202743530273
13.3999999999999186,121.9999999999994884,9.0348434448242188
13.3999999999999186,122.0999999999994827,8.2697696685791016
13.3999999999999186,122.4999999999994600,9.1607732772827148
13.3999999999999186,122.5999999999994543,8.9136266708374023
13.3999999999999186,123.1999999999994202,7.0469918251037598
13.3999999999999186,123.2999999999994145,6.3409371376037598
13.3999999999999186,123.3999999999994088,5.7541060447692871
13.3999999999999186,123.4999999999994031,5.6453733444213867
13.3999999999999186,123.5999999999993975,6.0479331016540527
13.2999999999999190,120.5999999999995680,5.1166014671325684
13.2999999999999190,120.6999999999995623,4.1731352806091309
13.2999999999999190,120.7999999999995566,4.1473340988159180
13.2999999999999190,120.8999999999995509,4.6935906410217285
13.2999999999999190,120.9999999999995453,4.5637722015380859
13.2999999999999190,121.0999999999995396,3.8024392127990723
13.2999999999999190,121.1999999999995339,3.1088397502899170
13.2999999999999190,121.2999999999995282,3.6820068359375000
13.2999999999999190,121.8999999999994941,8.8902196884155273
13.2999999999999190,121.9999999999994884,7.9373168945312500
13.2999999999999190,122.5999999999994543,8.3119029998779297
13.2999999999999190,123.2999999999994145,5.7944884300231934
13.2999999999999190,123.4999999999994031,5.6801023483276367
13.2999999999999190,123.5999999999993975,6.0621256828308105
13.2999999999999190,123.6999999999993918,6.4759912490844727
13.2999999999999190,123.8999999999993804,7.6296157836914062
13.1999999999999194,120.6999999999995623,4.1570630073547363
13.1999999999999194,120.7999999999995566,3.9696776866912842
13.1999999999999194,120.8999999999995509,4.5494956970214844
13.1999999999999194,120.9999999999995453,4.6202492713928223
13.1999999999999194,121.0999999999995396,4.0355916023254395
13.1999999999999194,121.1999999999995339,3.6362144947052002
13.1999999999999194,121.3999999999995225,4.2759394645690918
13.1999999999999194,123.2999999999994145,6.0474953651428223
13.1999999999999194,123.3999999999994088,5.5678091049194336
13.1999999999999194,123.4999999999994031,6.1524939537048340
13.1999999999999194,123.5999999999993975,6.7737565040588379
13.1999999999999194,123.6999999999993918,7.4040565490722656
13.0999999999999197,120.6999999999995623,4.1578106880187988
13.0999999999999197,120.7999999999995566,4.1900706291198730
13.0999999999999197,120.8999999999995509,4.4767069816589355
13.0999999999999197,120.9999999999995453,4.8140516281127930
13.0999999999999197,121.0999999999995396,4.4039702415466309
13.0999999999999197,121.1999999999995339,4.3836140632629395
13.0999999999999197,121.2999999999995282,3.8206448554992676
13.0999999999999197,121.3999999999995225,3.1616256237030029
13.0999999999999197,121.4999999999995168,4.0341477394104004
13.0999999999999197,122.9999999999994316,8.7899160385131836
13.0999999999999197,123.3999999999994088,6.1518568992614746
13.0999999999999197,123.4999999999994031,6.8147478103637695
13.0999999999999197,123.5999999999993975,7.5043396949768066
13.0999999999999197,123.6999999999993918,8.3073072433471680
13.0999999999999197,123.7999999999993861,9.1096735000610352
13.0999999999999197,123.8999999999993804,10.5749940872192383
12.9999999999999201,120.7999999999995566,4.1947855949401855
12.9999999999999201,120.8999999999995509,4.2271399497985840
12.9999999999999201,120.9999999999995453,4.5302419662475586
12.9999999999999201,121.0999999999995396,4.2877416610717773
12.9999999999999201,121.1999999999995339,4.5334448814392090
12.9999999999999201,121.2999999999995282,4.4037899971008301
12.9999999999999201,121.3999999999995225,4.0333871841430664
12.9999999999999201,122.9999999999994316,9.1711139678955078
12.9999999999999201,123.0999999999994259,8.5135812759399414
12.9999999999999201,123.4999999999994031,7.7893610000610352
12.9999999999999201,123.5999999999993975,8.4624814987182617
12.9999999999999201,123.6999999999993918,9.0969629287719727
12.9999999999999201,123.7999999999993861,9.6940050125122070
12.9999999999999201,123.8999999999993804,10.7207851409912109
12.9999999999999201,123.9999999999993747,11.8042411804199219
12.9999999999999201,124.0999999999993690,12.5103387832641602
12.8999999999999204,120.7999999999995566,3.8321971893310547
12.8999999999999204,120.8999999999995509,3.7875592708587646
12.8999999999999204,120.9999999999995453,3.8128097057342529
12.8999999999999204,121.0999999999995396,4.0294461250305176
12.8999999999999204,121.1999999999995339,4.5238575935363770
12.8999999999999204,121.2999999999995282,4.7771821022033691
12.8999999999999204,121.3999999999995225,4.9959063529968262
12.8999999999999204,121.4999999999995168,5.2264685630798340
12.8999999999999204,123.1999999999994202,9.5037508010864258
12.8999999999999204,123.7999999999993861,9.9655122756958008
12.8999999999999204,124.0999999999993690,11.4904022216796875
12.7999999999999208,120.7999999999995566,5.4081120491027832
12.7999999999999208,120.8999999999995509,3.3057675361633301
12.7999999999999208,120.9999999999995453,3.3620877265930176
12.7999999999999208,121.0999999999995396,3.8086297512054443
12.7999999999999208,121.1999999999995339,4.6492094993591309
12.7999999999999208,121.2999999999995282,5.3969411849975586
12.7999999999999208,121.3999999999995225,6.1242523193359375
12.7999999999999208,123.8999999999993804,10.0641660690307617
12.7999999999999208,123.9999999999993747,10.0251274108886719
12.7999999999999208,124.0999999999993690,10.8436346054077148
12.6999999999999211,120.8999999999995509,3.9808547496795654
12.6999999999999211,120.9999999999995453,3.0730187892913818
12.6999999999999211,121.0999999999995396,3.8754990100860596
12.6999999999999211,121.1999999999995339,5.2060689926147461
12.6999999999999211,121.2999999999995282,6.4306831359863281
12.6999999999999211,121.3999999999995225,7.7131156921386719
12.6999999999999211,121.4999999999995168,8.9622659683227539
12.6999999999999211,123.8999999999993804,10.7017230987548828
12.6999999999999211,123.9999999999993747,10.6890439987182617
12.6999999999999211,124.0999999999993690,11.2006292343139648
12.5999999999999215,120.9999999999995453,3.0821640491485596
12.5999999999999215,121.0999999999995396,4.0464735031127930
12.5999999999999215,121.1999999999995339,5.8078818321228027
12.5999999999999215,121.2999999999995282,7.7037606239318848
12.5999999999999215,121.3999999999995225,9.5490121841430664
12.5999999999999215,121.4999999999995168,10.7773923873901367
12.5999999999999215,122.0999999999994827,8.8342199325561523
12.5999999999999215,123.9999999999993747,11.7048292160034180
12.4999999999999218,120.9999999999995453,3.9972770214080811
12.4999999999999218,121.0999999999995396,4.7766647338867188
12.4999999999999218,121.1999999999995339,7.0210824012756348
12.4999999999999218,121.2999999999995282,9.1343193054199219
12.4999999999999218,121.3999999999995225,11.0299243927001953
12.4999999999999218,121.9999999999994884,8.7036867141723633
12.4999999999999218,122.4999999999994600,12.2236366271972656
12.4999999999999218,122.5999999999994543,13.2501087188720703
12.4999999999999218,123.2999999999994145,13.4187421798706055
12.4999999999999218,123.3999999999994088,13.1889677047729492
12.4999999999999218,123.4999999999994031,12.7965221405029297
12.4999999999999218,123.6999999999993918,11.6617593765258789
12.4999999999999218,124.2999999999993577,14.1412382125854492
12.4999999999999218,124.3999999999993520,12.8650255203247070
12.4999999999999218,124.4999999999993463,11.3660964965820312
12.4999999999999218,124.5999999999993406,10.1834325790405273
12.4999999999999218,124.6999999999993349,9.6970348358154297
12.4999999999999218,124.7999999999993292,9.4390678405761719
12.4999999999999218,124.8999999999993236,9.5693960189819336
12.4999999999999218,124.9999999999993179,9.8671493530273438
12.4999999999999218,125.0999999999993122,10.1660804748535156
12.4999999999999218,125.1999999999993065,10.7507944107055664
12.3999999999999222,120.9999999999995453,5.6277956962585449
12.3999999999999222,121.0999999999995396,6.8212318420410156
12.3999999999999222,121.1999999999995339,9.5849657058715820
12.3999999999999222,121.2999999999995282,11.2208995819091797
12.3999999999999222,121.9999999999994884,9.7205801010131836
12.3999999999999222,122.0999999999994827,9.5458259582519531
12.3999999999999222,122.4999999999994600,12.5162191390991211
12.3999999999999222,122.5999999999994543,13.4909772872924805
12.3999999999999222,123.2999999999994145,12.9111700057983398
12.3999999999999222,123.3999999999994088,12.1649236679077148
12.3999999999999222,123.4999999999994031,11.7462568283081055
12.3999999999999222,124.3999999999993520,12.1627645492553711
12.3999999999999222,124.4999999999993463,10.5682630538940430
12.3999999999999222,124.5999999999993406,9.2940702438354492
12.3999999999999222,124.6999999999993349,9.0179872512817383
12.3999999999999222,124.7999999999993292,8.7648267745971680
12.3999999999999222,124.8999999999993236,8.7036695480346680
12.3999999999999222,124.9999999999993179,8.9641036987304688
12.3999999999999222,125.0999999999993122,9.2816734313964844
12.3999999999999222,125.1999999999993065,10.1009626388549805
12.2999999999999226,119.8999999999996078,5.9882116317749023
12.2999999999999226,121.1999999999995339,12.6495542526245117
12.2999999999999226,121.9999999999994884,10.8127670288085938
12.2999999999999226,123.2999999999994145,12.1836414337158203
12.2999999999999226,123.3999999999994088,11.3245525360107422
12.2999999999999226,123.4999999999994031,11.2405710220336914
12.2999999999999226,123.5999999999993975,10.8383131027221680
12.2999999999999226,123.6999999999993918,10.4678230285644531
12.2999999999999226,124.3999999999993520,11.4316940307617188
12.2999999999999226,124.4999999999993463,9.6998434066772461
12.2999999999999226,124.5999999999993406,8.3674106597900391
12.2999999999999226,124.6999999999993349,8.0800323486328125
12.2999999999999226,124.7999999999993292,7.9101061820983887
12.2999999999999226,124.8999999999993236,7.8764925003051758
12.2999999999999226,124.9999999999993179,8.1591930389404297
12.2999999999999226,125.0999999999993122,8.4575700759887695
12.2999999999999226,125.1999999999993065,9.3504400253295898
12.2999999999999226,125.2999999999993008,11.1570005416870117
12.1999999999999229,119.8999999999996078,5.8511610031127930
12.1999999999999229,119.9999999999996021,5.6945209503173828
12.1999999999999229,121.9999999999994884,11.9732084274291992
12.1999999999999229,123.2999999999994145,12.4058103561401367
12.1999999999999229,123.3999999999994088,11.5445175170898438
12.1999999999999229,123.5999999999993975,10.3866090774536133
12.1999999999999229,123.6999999999993918,10.0904836654663086
12.1999999999999229,123.7999999999993861,10.5411424636840820
12.1999999999999229,123.8999999999993804,11.2895765304565430
12.1999999999999229,124.3999999999993520,10.4945774078369141
12.1999999999999229,124.4999999999993463,9.2274627685546875
12.1999999999999229,124.5999999999993406,7.7328186035156250
12.1999999999999229,124.6999999999993349,7.5588541030883789
12.1999999999999229,124.7999999999993292,7.4145140647888184
12.1999999999999229,124.8999999999993236,7.3866090774536133
12.1999999999999229,124.9999999999993179,7.5835618972778320
12.1999999999999229,125.0999999999993122,7.8117499351501465
12.1999999999999229,125.1999999999993065,8.6584997177124023
12.1999999999999229,125.2999999999993008,10.3809785842895508
12.1999999999999229,125.3999999999992951,12.1578817367553711
12.1999999999999229,125.4999999999992895,13.2056655883789062
12.0999999999999233,119.9999999999996021,7.1352806091308594
12.0999999999999233,120.0999999999995964,7.4050192832946777
12.0999999999999233,120.1999999999995907,7.7723894119262695
12.0999999999999233,120.2999999999995850,8.1835727691650391
12.0999999999999233,123.2999999999994145,12.9354295730590820
12.0999999999999233,123.6999999999993918,11.4218626022338867
12.0999999999999233,123.7999999999993861,11.6959018707275391
12.0999999999999233,123.8999999999993804,12.4981889724731445
12.0999999999999233,124.4999999999993463,9.7207145690917969
12.0999999999999233,124.5999999999993406,8.5154724121093750
12.0999999999999233,124.6999999999993349,8.1370363235473633
12.0999999999999233,124.7999999999993292,7.8463797569274902
12.0999999999999233,124.8999999999993236,7.6079440116882324
12.0999999999999233,124.9999999999993179,7.5961451530456543
12.0999999999999233,125.0999999999993122,7.5927653312683105
12.0999999999999233,125.1999999999993065,8.1459598541259766
12.0999999999999233,125.2999999999993008,9.3743629455566406
12.0999999999999233,125.3999999999992951,10.4437675476074219
11.9999999999999236,123.1999999999994202,14.0720233917236328
11.9999999999999236,123.7999999999993861,13.0927724838256836
11.9999999999999236,123.8999999999993804,13.3961811065673828
11.9999999999999236,123.9999999999993747,13.8133945465087891
11.9999999999999236,124.6999999999993349,8.5742835998535156
11.9999999999999236,124.7999999999993292,8.2958507537841797
11.9999999999999236,124.8999999999993236,7.9125719070434570
11.9999999999999236,124.9999999999993179,7.6469573974609375
11.9999999999999236,125.0999999999993122,7.3804688453674316
11.9999999999999236,125.1999999999993065,7.6606140136718750
11.9999999999999236,125.2999999999993008,8.5063028335571289
11.9999999999999236,125.3999999999992951,9.4318132400512695
11.8999999999999240,121.9999999999994884,15.2303543090820312
11.8999999999999240,123.7999999999993861,14.1033086776733398
11.8999999999999240,123.8999999999993804,14.0483808517456055
11.8999999999999240,123.9999999999993747,14.1128892898559570
11.8999999999999240,124.7999999999993292,8.7499618530273438
11.8999999999999240,124.8999999999993236,8.2761526107788086
11.8999999999999240,124.9999999999993179,7.8828692436218262
11.8999999999999240,125.0999999999993122,7.4862899780273438
11.8999999999999240,125.1999999999993065,7.4777159690856934
11.8999999999999240,125.2999999999993008,8.0606193542480469
11.7999999999999243,121.8999999999994941,15.2813558578491211
11.7999999999999243,121.9999999999994884,15.1839065551757812
11.7999999999999243,122.0999999999994827,14.4363174438476562
11.7999999999999243,122.1999999999994770,12.7239952087402344
11.7999999999999243,124.2999999999993577,12.9518270492553711
11.7999999999999243,124.8999999999993236,9.2252206802368164
11.7999999999999243,124.9999999999993179,8.6466321945190430
11.7999999999999243,125.0999999999993122,8.0661954879760742
11.7999999999999243,125.1999999999993065,7.7808966636657715
11.7999999999999243,125.2999999999993008,8.0460767745971680
11.7999999999999243,125.3999999999992951,8.3242082595825195
11.6999999999999247,119.9999999999996021,12.1705389022827148
11.6999999999999247,122.0999999999994827,13.6213331222534180
11.6999999999999247,122.1999999999994770,12.0806589126586914
11.6999999999999247,122.2999999999994714,10.3478498458862305
11.6999999999999247,122.3999999999994657,9.7183542251586914
11.6999999999999247,124.9999999999993179,9.2459783554077148
11.6999999999999247,125.0999999999993122,8.6450653076171875
11.6999999999999247,125.1999999999993065,8.1193933486938477
11.6999999999999247,125.2999999999993008,7.9854140281677246
11.6999999999999247,125.3999999999992951,7.9259881973266602
11.5999999999999250,122.1999999999994770,10.3832302093505859
11.5999999999999250,122.2999999999994714,8.6304130554199219
11.5999999999999250,122.6999999999994486,10.1846342086791992
11.5999999999999250,124.4999999999993463,13.0347967147827148
11.5999999999999250,125.0999999999993122,8.4776897430419922
11.5999999999999250,125.1999999999993065,7.9773035049438477
11.5999999999999250,125.2999999999993008,7.8085374832153320
11.5999999999999250,125.3999999999992951,7.6865396499633789
11.4999999999999254,122.0999999999994827,9.5605497360229492
11.4999999999999254,122.1999999999994770,8.3373212814331055
11.4999999999999254,122.2999999999994714,6.9793672561645508
11.4999999999999254,122.3999999999994657,6.5542168617248535
11.4999999999999254,122.4999999999994600,7.0046191215515137
11.4999999999999254,122.5999999999994543,7.6180710792541504
11.4999999999999254,122.6999999999994486,8.6348295211791992
11.4999999999999254,122.7999999999994429,9.4685115814208984
11.4999999999999254,123.0999999999994259,12.6756353378295898
11.4999999999999254,124.3999999999993520,14.0279083251953125
11.4999999999999254,124.4999999999993463,12.7395668029785156
11.4999999999999254,124.8999999999993236,8.6366281509399414
11.4999999999999254,124.9999999999993179,8.3464384078979492
11.4999999999999254,125.0999999999993122,7.8918380737304688
11.4999999999999254,125.1999999999993065,7.7239165306091309
11.4999999999999254,125.2999999999993008,7.5555267333984375
11.4999999999999254,125.3999999999992951,7.5419974327087402
11.4999999999999254,125.4999999999992895,8.4057350158691406
11.3999999999999257,122.0999999999994827,7.8574080467224121
11.3999999999999257,122.1999999999994770,6.5415964126586914
11.3999999999999257,122.2999999999994714,5.3654608726501465
11.3999999999999257,122.3999999999994657,5.0620532035827637
11.3999999999999257,122.4999999999994600,5.4620642662048340
11.3999999999999257,122.5999999999994543,5.9668307304382324
11.3999999999999257,122.6999999999994486,6.7098083496093750
11.3999999999999257,122.7999999999994429,7.8716912269592285
11.3999999999999257,122.8999999999994373,9.0894269943237305
11.3999999999999257,122.9999999999994316,10.3748950958251953
11.3999999999999257,123.0999999999994259,12.4487295150756836
11.3999999999999257,124.2999999999993577,14.6449728012084961
11.3999999999999257,124.3999999999993520,13.7337617874145508
11.3999999999999257,124.4999999999993463,12.4978857040405273
11.3999999999999257,124.8999999999993236,7.9754786491394043
11.3999999999999257,124.9999999999993179,7.7770628929138184
11.3999999999999257,125.0999999999993122,7.5594444274902344
11.3999999999999257,125.1999999999993065,7.6244406700134277
11.3999999999999257,125.2999999999993008,7.5446715354919434
11.3999999999999257,125.3999999999992951,7.7025804519653320
11.3999999999999257,125.4999999999992895,8.8503837585449219
11.2999999999999261,119.4999999999996305,11.4748735427856445
11.2999999999999261,122.0999999999994827,6.7871165275573730
11.2999999999999261,122.1999999999994770,5.7543234825134277
11.2999999999999261,122.2999999999994714,4.8500509262084961
11.2999999999999261,122.3999999999994657,4.7760767936706543
11.2999999999999261,122.4999999999994600,5.3314194679260254
11.2999999999999261,122.5999999999994543,5.9563183784484863
11.2999999999999261,122.6999999999994486,6.6390137672424316
11.2999999999999261,122.7999999999994429,7.6456131935119629
11.2999999999999261,122.8999999999994373,8.9972829818725586
11.2999999999999261,122.9999999999994316,10.2013578414916992
11.2999999999999261,123.0999999999994259,11.8567590713500977
11.2999999999999261,124.3999999999993520,12.1746282577514648
11.2999999999999261,124.4999999999993463,10.7185335159301758
11.2999999999999261,124.5999999999993406,9.6176023483276367
11.2999999999999261,124.6999999999993349,8.4937849044799805
11.2999999999999261,124.7999999999993292,7.6430854797363281
11.2999999999999261,124.8999999999993236,7.1092910766601562
11.2999999999999261,125.1999999999993065,8.8153009414672852
11.2999999999999261,125.2999999999993008,9.0566043853759766
11.2999999999999261,125.3999999999992951,9.3256330490112305
11.2999999999999261,125.4999999999992895,10.2729806900024414
11.1999999999999265,119.4999999999996305,11.0081090927124023
11.1999999999999265,122.0999999999994827,6.1598715782165527
11.1999999999999265,122.1999999999994770,5.4588012695312500
11.1999999999999265,122.2999999999994714,4.7674179077148438
11.1999999999999265,122.3999999999994657,4.9097676277160645
11.1999999999999265,122.4999999999994600,5.4615144729614258
11.1999999999999265,122.5999999999994543,6.2010993957519531
11.1999999999999265,122.6999999999994486,6.9520096778869629
11.1999999999999265,122.7999999999994429,7.9326052665710449
11.1999999999999265,122.8999999999994373,9.3240375518798828
11.1999999999999265,122.9999999999994316,10.3628396987915039
11.1999999999999265,123.7999999999993861,14.4382476806640625
11.1999999999999265,123.9999999999993747,13.9510116577148438
11.1999999999999265,124.3999999999993520,10.3933153152465820
11.1999999999999265,124.4999999999993463,8.3153429031372070
11.1999999999999265,124.5999999999993406,8.1505098342895508
11.1999999999999265,124.6999999999993349,7.3096184730529785
11.1999999999999265,124.7999999999993292,6.3222308158874512
11.1999999999999265,124.8999999999993236,6.0888304710388184
11.1999999999999265,124.9999999999993179,7.4510498046875000
11.1999999999999265,125.1999999999993065,10.7144193649291992
11.1999999999999265,125.2999999999993008,11.2504148483276367
11.1999999999999265,125.3999999999992951,11.6935853958129883
11.1999999999999265,125.4999999999992895,12.2391204833984375
11.0999999999999268,119.4999999999996305,10.7245130538940430
11.0999999999999268,122.0999999999994827,5.7679800987243652
11.0999999999999268,122.1999999999994770,5.3529515266418457
11.0999999999999268,122.2999999999994714,4.9766211509704590
11.0999999999999268,122.3999999999994657,5.2870478630065918
11.0999999999999268,122.4999999999994600,5.8339152336120605
11.0999999999999268,122.5999999999994543,6.6528229713439941
11.0999999999999268,122.6999999999994486,7.5176615715026855
11.0999999999999268,122.7999999999994429,8.4142465591430664
11.0999999999999268,122.8999999999994373,9.7716407775878906
11.0999999999999268,124.3999999999993520,7.7342300415039062
11.0999999999999268,124.4999999999993463,7.1626305580139160
11.0999999999999268,124.5999999999993406,7.0597147941589355
11.0999999999999268,124.6999999999993349,6.2271289825439453
11.0999999999999268,124.7999999999993292,5.3438258171081543
11.0999999999999268,124.8999999999993236,5.4584517478942871
11.0999999999999268,124.9999999999993179,7.7746529579162598
11.0999999999999268,125.4999999999992895,13.3417692184448242
10.9999999999999272,119.3999999999996362,10.8278646469116211
10.9999999999999272,122.0999999999994827,6.0439047813415527
10.9999999999999272,122.1999999999994770,6.0054583549499512
10.9999999999999272,122.2999999999994714,5.9885840415954590
10.9999999999999272,122.3999999999994657,6.3673090934753418
10.9999999999999272,122.4999999999994600,7.1065468788146973
10.9999999999999272,122.5999999999994543,7.9905238151550293
10.9999999999999272,122.6999999999994486,8.7315111160278320
10.9999999999999272,122.7999999999994429,9.3327398300170898
10.9999999999999272,123.9999999999993747,12.4333391189575195
10.9999999999999272,124.4999999999993463,6.8837141990661621
10.9999999999999272,124.5999999999993406,7.0163035392761230
10.9999999999999272,124.6999999999993349,6.3932075500488281
10.9999999999999272,124.7999999999993292,5.5975465774536133
10.9999999999999272,124.8999999999993236,5.8122062683105469
10.9999999999999272,124.9999999999993179,8.3237981796264648
10.8999999999999275,119.3999999999996362,10.4845619201660156
10.8999999999999275,119.4999999999996305,10.0553207397460938
10.8999999999999275,121.9999999999994884,6.0274090766906738
10.8999999999999275,122.0999999999994827,6.4609117507934570
10.8999999999999275,122.1999999999994770,6.8199257850646973
10.8999999999999275,122.2999999999994714,7.4945311546325684
10.8999999999999275,122.3999999999994657,8.0288038253784180
10.8999999999999275,122.4999999999994600,8.5851469039916992
10.8999999999999275,122.5999999999994543,9.5199670791625977
10.8999999999999275,122.6999999999994486,10.1004447937011719
10.8999999999999275,123.1999999999994202,9.0765094757080078
10.8999999999999275,123.2999999999994145,8.9305324554443359
10.8999999999999275,123.3999999999994088,8.7888021469116211
10.8999999999999275,123.9999999999993747,11.4959096908569336
10.8999999999999275,124.4999999999993463,6.9357333183288574
10.8999999999999275,124.7999999999993292,6.2143855094909668
10.8999999999999275,124.8999999999993236,6.3134741783142090
10.8999999999999275,124.9999999999993179,8.2940587997436523
10.7999999999999279,119.2999999999996419,10.8492908477783203
10.7999999999999279,119.3999999999996362,10.4052381515502930
10.7999999999999279,119.4999999999996305,9.6753416061401367
10.7999999999999279,121.9999999999994884,6.5711565017700195
10.7999999999999279,122.0999999999994827,7.3410620689392090
10.7999999999999279,122.1999999999994770,8.1490945816040039
10.7999999999999279,122.2999999999994714,9.1290063858032227
10.7999999999999279,122.3999999999994657,9.7580022811889648
10.7999999999999279,122.4999999999994600,10.0339593887329102
10.7999999999999279,122.9999999999994316,9.6637525558471680
10.7999999999999279,123.0999999999994259,8.1124944686889648
10.7999999999999279,123.1999999999994202,7.0308051109313965
10.7999999999999279,123.2999999999994145,7.0557465553283691
10.7999999999999279,123.3999999999994088,7.1302042007446289
10.7999999999999279,123.4999999999994031,7.5384125709533691
10.7999999999999279,123.8999999999993804,10.6228408813476562
10.7999999999999279,123.9999999999993747,10.6179580688476562
10.7999999999999279,124.8999999999993236,6.9953112602233887
10.6999999999999282,119.3999999999996362,10.1010379791259766
10.6999999999999282,119.4999999999996305,9.7736759185791016
10.6999999999999282,119.5999999999996248,10.6349458694458008
10.6999999999999282,121.9999999999994884,8.1022386550903320
10.6999999999999282,122.0999999999994827,9.0720367431640625
10.6999999999999282,122.1999999999994770,9.9813261032104492
10.6999999999999282,122.2999999999994714,10.4324998855590820
10.6999999999999282,122.3999999999994657,11.0224342346191406
10.6999999999999282,122.4999999999994600,10.9091911315917969
10.6999999999999282,122.5999999999994543,11.0619735717773438
10.6999999999999282,122.6999999999994486,10.8425283432006836
10.6999999999999282,122.9999999999994316,8.2046556472778320
10.6999999999999282,123.0999999999994259,6.8168449401855469
10.6999999999999282,123.1999999999994202,5.9189600944519043
10.6999999999999282,123.2999999999994145,6.2914261817932129
10.6999999999999282,123.3999999999994088,6.9553370475769043
10.6999999999999282,123.4999999999994031,7.3326044082641602
10.6999999999999282,123.8999999999993804,9.9211368560791016
10.6999999999999282,124.7999999999993292,6.6031951904296875
10.6999999999999282,124.8999999999993236,6.4212059974670410
10.6999999999999282,124.9999999999993179,7.2093234062194824
10.6999999999999282,125.7999999999992724,14.1863737106323242
10.5999999999999286,119.3999999999996362,10.0616683959960938
10.5999999999999286,119.4999999999996305,9.7245922088623047
10.5999999999999286,119.5999999999996248,10.7586116790771484
10.5999999999999286,119.7999999999996135,14.7053527832031250
10.5999999999999286,119.8999999999996078,14.8129758834838867
10.5999999999999286,121.9999999999994884,9.6583395004272461
10.5999999999999286,122.4999999999994600,12.0939636230468750
10.5999999999999286,122.5999999999994543,11.5831298828125000
10.5999999999999286,122.6999999999994486,10.5179510116577148
10.5999999999999286,122.8999999999994373,6.9793395996093750
10.5999999999999286,122.9999999999994316,6.6517996788024902
10.5999999999999286,123.0999999999994259,5.5852670669555664
10.5999999999999286,123.1999999999994202,5.0226974487304688
10.5999999999999286,123.2999999999994145,5.9348316192626953
10.5999999999999286,123.3999999999994088,7.2719850540161133
10.5999999999999286,123.6999999999993918,8.1071424484252930
10.5999999999999286,123.7999999999993861,8.5229368209838867
10.5999999999999286,123.8999999999993804,9.1510734558105469
10.5999999999999286,123.9999999999993747,9.6964673995971680
10.5999999999999286,124.7999999999993292,6.0618443489074707
10.5999999999999286,124.8999999999993236,6.0926046371459961
10.5999999999999286,124.9999999999993179,6.7680535316467285
10.5999999999999286,125.0999999999993122,7.4141283035278320
10.4999999999999289,119.2999999999996419,10.2625951766967773
10.4999999999999289,119.3999999999996362,10.1758756637573242
10.4999999999999289,119.4999999999996305,10.1296072006225586
10.4999999999999289,119.5999999999996248,10.9891805648803711
10.4999999999999289,119.7999999999996135,14.8234281539916992
10.4999999999999289,119.8999999999996078,14.8684453964233398
10.4999999999999289,121.9999999999994884,10.8654661178588867
10.4999999999999289,122.4999999999994600,12.5753297805786133
10.4999999999999289,122.5999999999994543,11.7707471847534180
10.4999999999999289,122.6999999999994486,10.6708326339721680
10.4999999999999289,122.7999999999994429,7.6664338111877441
10.4999999999999289,122.8999999999994373,6.2806744575500488
10.4999999999999289,122.9999999999994316,5.5067281723022461
10.4999999999999289,123.0999999999994259,4.8935828208923340
10.4999999999999289,123.1999999999994202,4.7639608383178711
10.4999999999999289,123.2999999999994145,5.9656977653503418
10.4999999999999289,123.3999999999994088,7.2838296890258789
10.4999999999999289,123.7999999999993861,7.7600836753845215
10.4999999999999289,123.8999999999993804,8.6613035202026367
10.4999999999999289,123.9999999999993747,9.6844520568847656
10.4999999999999289,124.7999999999993292,6.0564217567443848
10.4999999999999289,124.8999999999993236,6.4016442298889160
10.4999999999999289,124.9999999999993179,6.6324157714843750
10.4999999999999289,125.0999999999993122,6.8631906509399414
10.3999999999999293,119.0999999999996533,9.3477163314819336
10.3999999999999293,119.1999999999996476,9.7562971115112305
10.3999999999999293,119.2999999999996419,10.1323823928833008
10.3999999999999293,119.3999999999996362,10.6390790939331055
10.3999999999999293,119.4999999999996305,11.1699476242065430
10.3999999999999293,122.8999999999994373,5.4767889976501465
10.3999999999999293,122.9999999999994316,5.0811929702758789
10.3999999999999293,123.0999999999994259,5.0365080833435059
10.3999999999999293,123.1999999999994202,5.3140697479248047
10.3999999999999293,123.2999999999994145,6.4197235107421875
10.3999999999999293,123.6999999999993918,6.6681246757507324
10.3999999999999293,123.7999999999993861,7.3034796714782715
10.3999999999999293,123.8999999999993804,8.5141973495483398
10.3999999999999293,123.9999999999993747,9.4907054901123047
10.3999999999999293,124.7999999999993292,5.9740104675292969
10.3999999999999293,124.8999999999993236,6.7122607231140137
10.3999999999999293,124.9999999999993179,7.1249361038208008
10.3999999999999293,125.0999999999993122,7.5345306396484375
10.3999999999999293,125.1999999999993065,8.5107460021972656
10.3999999999999293,125.5999999999992838,14.2643432617187500
10.2999999999999297,118.9999999999996589,8.3679895401000977
10.2999999999999297,119.0999999999996533,8.7705564498901367
10.2999999999999297,119.1999999999996476,9.3007268905639648
10.2999999999999297,119.2999999999996419,9.6777124404907227
10.2999999999999297,122.8999999999994373,4.4954638481140137
10.2999999999999297,122.9999999999994316,4.8506970405578613
10.2999999999999297,123.0999999999994259,5.3914217948913574
10.2999999999999297,123.1999999999994202,6.0113220214843750
10.2999999999999297,123.2999999999994145,6.8749971389770508
10.2999999999999297,123.5999999999993975,7.5653748512268066
10.2999999999999297,123.6999999999993918,6.7622427940368652
10.2999999999999297,123.7999999999993861,6.9103965759277344
10.2999999999999297,124.7999999999993292,6.1825675964355469
10.2999999999999297,124.8999999999993236,7.0840373039245605
10.2999999999999297,125.0999999999993122,8.2855138778686523
10.2999999999999297,125.1999999999993065,9.1597471237182617
10.2999999999999297,125.5999999999992838,14.4576368331909180
10.1999999999999300,118.7999999999996703,9.1955947875976562
10.1999999999999300,118.9999999999996589,8.7774953842163086
10.1999999999999300,119.0999999999996533,9.3232135772705078
10.1999999999999300,119.1999999999996476,9.9431018829345703
10.1999999999999300,122.8999999999994373,4.6373991966247559
10.1999999999999300,122.9999999999994316,4.8885207176208496
10.1999999999999300,123.0999999999994259,5.6637125015258789
10.1999999999999300,123.1999999999994202,6.3404955863952637
10.1999999999999300,123.2999999999994145,6.7287850379943848
10.1999999999999300,123.5999999999993975,7.6295275688171387
10.1999999999999300,123.6999999999993918,6.9512925148010254
10.1999999999999300,124.8999999999993236,8.4885244369506836
10.1999999999999300,125.5999999999992838,14.4985685348510742
10.0999999999999304,118.8999999999996646,9.8375120162963867
10.0999999999999304,118.9999999999996589,10.3429689407348633
10.0999999999999304,119.0999999999996533,10.9052410125732422
10.0999999999999304,119.1999999999996476,11.3932304382324219
10.0999999999999304,122.8999999999994373,4.9909753799438477
10.0999999999999304,122.9999999999994316,5.3053817749023438
10.0999999999999304,123.0999999999994259,5.7669367790222168
10.0999999999999304,123.1999999999994202,6.1542634963989258
10.0999999999999304,123.4999999999994031,7.3625650405883789
10.0999999999999304,123.5999999999993975,7.3712539672851562
10.0999999999999304,124.1999999999993634,7.5176863670349121
10.0999999999999304,124.2999999999993577,7.2055106163024902
10.0999999999999304,124.3999999999993520,7.8120560646057129
10.0999999999999304,125.1999999999993065,13.3271427154541016
10.0999999999999304,125.5999999999992838,14.3126497268676758
9.9999999999999307,118.7999999999996703,9.5389318466186523
9.9999999999999307,118.8999999999996646,10.7090883255004883
9.9999999999999307,118.9999999999996589,11.6456346511840820
9.9999999999999307,119.0999999999996533,12.1274318695068359
9.9999999999999307,122.7999999999994429,6.1955542564392090
9.9999999999999307,122.8999999999994373,5.6896247863769531
9.9999999999999307,122.9999999999994316,5.7223906517028809
9.9999999999999307,123.0999999999994259,5.9097824096679688
9.9999999999999307,123.1999999999994202,6.0627355575561523
9.9999999999999307,123.3999999999994088,6.6268248558044434
9.9999999999999307,123.4999999999994031,6.9267153739929199
9.9999999999999307,123.5999999999993975,7.1574983596801758
9.9999999999999307,124.0999999999993690,8.0417652130126953
9.9999999999999307,124.1999999999993634,7.4228339195251465
9.9999999999999307,124.2999999999993577,7.4653010368347168
9.9999999999999307,124.3999999999993520,8.6483125686645508
9.9999999999999307,124.4999999999993463,10.0874443054199219
9.9999999999999307,125.1999999999993065,14.8977375030517578
9.9999999999999307,125.5999999999992838,14.2079820632934570
9.8999999999999311,118.5999999999996817,8.2395219802856445
9.8999999999999311,118.6999999999996760,8.4708137512207031
9.8999999999999311,122.3999999999994657,10.7724075317382812
9.8999999999999311,122.4999999999994600,9.4119920730590820
9.8999999999999311,122.5999999999994543,7.9735102653503418
9.8999999999999311,122.6999999999994486,7.2196650505065918
9.8999999999999311,122.7999999999994429,6.7713799476623535
9.8999999999999311,122.8999999999994373,6.3501234054565430
9.8999999999999311,122.9999999999994316,6.4623880386352539
9.8999999999999311,123.0999999999994259,6.6603808403015137
9.8999999999999311,123.3999999999994088,6.4676675796508789
9.8999999999999311,123.4999999999994031,6.7348008155822754
9.8999999999999311,123.5999999999993975,7.3686723709106445
9.8999999999999311,123.8999999999993804,8.1098918914794922
9.8999999999999311,123.9999999999993747,8.1611795425415039
9.8999999999999311,124.0999999999993690,7.9261507987976074
9.8999999999999311,124.1999999999993634,7.5039820671081543
9.8999999999999311,124.2999999999993577,7.3339843750000000
9.8999999999999311,124.3999999999993520,8.8400239944458008
9.8999999999999311,124.4999999999993463,10.5783414840698242
9.8999999999999311,125.5999999999992838,13.1523914337158203
9.8999999999999311,125.9999999999992610,13.6593160629272461
9.7999999999999314,118.5999999999996817,8.1502914428710938
9.7999999999999314,118.6999999999996760,8.0923566818237305
9.7999999999999314,122.4999999999994600,9.5485858917236328
9.7999999999999314,122.5999999999994543,8.1669387817382812
9.7999999999999314,122.6999999999994486,7.8279280662536621
9.7999999999999314,122.7999999999994429,7.8202919960021973
9.7999999999999314,122.8999999999994373,7.8271384239196777
9.7999999999999314,122.9999999999994316,7.9306626319885254
9.7999999999999314,123.0999999999994259,8.0792875289916992
9.7999999999999314,123.3999999999994088,6.9734878540039062
9.7999999999999314,123.4999999999994031,6.7987837791442871
9.7999999999999314,123.8999999999993804,8.1710758209228516
9.7999999999999314,123.9999999999993747,7.8288011550903320
9.7999999999999314,124.0999999999993690,7.6108260154724121
9.7999999999999314,124.1999999999993634,7.5815162658691406
9.7999999999999314,124.2999999999993577,7.7989153861999512
9.7999999999999314,124.3999999999993520,9.1462650299072266
9.7999999999999314,124.4999999999993463,11.0566740036010742
9.7999999999999314,125.9999999999992610,13.8313245773315430
9.7999999999999314,126.0999999999992554,13.5875921249389648
9.6999999999999318,118.3999999999996930,7.9100222587585449
9.6999999999999318,118.4999999999996874,8.0324897766113281
9.6999999999999318,118.5999999999996817,8.1346120834350586
9.6999999999999318,118.6999999999996760,8.5417232513427734
9.6999999999999318,122.4999999999994600,9.6502399444580078
9.6999999999999318,122.5999999999994543,8.5361185073852539
9.6999999999999318,122.6999999999994486,8.4135885238647461
9.6999999999999318,122.7999999999994429,8.7107458114624023
9.6999999999999318,122.8999999999994373,8.9968624114990234
9.6999999999999318,122.9999999999994316,9.0873680114746094
9.6999999999999318,123.0999999999994259,9.1588621139526367
9.6999999999999318,123.3999999999994088,7.4725899696350098
9.6999999999999318,123.8999999999993804,8.4457263946533203
9.6999999999999318,123.9999999999993747,8.0523900985717773
9.6999999999999318,124.0999999999993690,8.0011692047119141
9.6999999999999318,124.1999999999993634,8.0625686645507812
9.6999999999999318,124.2999999999993577,8.3603038787841797
9.6999999999999318,124.3999999999993520,9.6085968017578125
9.6999999999999318,125.4999999999992895,9.3599939346313477
9.5999999999999321,118.3999999999996930,7.8914299011230469
9.5999999999999321,118.4999999999996874,8.2537870407104492
9.5999999999999321,118.5999999999996817,8.8545265197753906
9.5999999999999321,118.6999999999996760,9.4798917770385742
9.5999999999999321,122.4999999999994600,9.4567937850952148
9.5999999999999321,122.5999999999994543,8.8670406341552734
9.5999999999999321,122.6999999999994486,8.7889909744262695
9.5999999999999321,122.7999999999994429,8.9464578628540039
9.5999999999999321,122.8999999999994373,9.0643119812011719
9.5999999999999321,122.9999999999994316,8.9638023376464844
9.5999999999999321,123.0999999999994259,8.8470029830932617
9.5999999999999321,123.2999999999994145,7.8200783729553223
9.5999999999999321,123.3999999999994088,7.5789475440979004
9.5999999999999321,123.7999999999993861,10.1112508773803711
9.5999999999999321,125.3999999999992951,7.0036592483520508
9.5999999999999321,125.4999999999992895,7.3170027732849121
9.5999999999999321,125.5999999999992838,7.9220399856567383
9.5999999999999321,125.6999999999992781,8.8039140701293945
9.4999999999999325,118.2999999999996987,7.8045525550842285
9.4999999999999325,118.3999999999996930,7.6245598793029785
9.4999999999999325,118.4999999999996874,8.5873975753784180
9.4999999999999325,118.5999999999996817,9.5073375701904297
9.4999999999999325,122.5999999999994543,9.3257522583007812
9.4999999999999325,122.6999999999994486,9.1023626327514648
9.4999999999999325,122.7999999999994429,8.9889230728149414
9.4999999999999325,122.8999999999994373,8.8439855575561523
9.4999999999999325,122.9999999999994316,8.4383935928344727
9.4999999999999325,123.0999999999994259,8.0289716720581055
9.4999999999999325,123.3999999999994088,7.7778697013854980
9.4999999999999325,125.4999999999992895,5.6208066940307617
9.4999999999999325,125.5999999999992838,6.0060553550720215
9.4999999999999325,125.6999999999992781,6.9848666191101074
9.4999999999999325,125.7999999999992724,8.2047252655029297
9.3999999999999329,118.1999999999997044,7.2065644264221191
9.3999999999999329,118.2999999999996987,7.3614182472229004
9.3999999999999329,118.3999999999996930,7.6974940299987793
9.3999999999999329,118.4999999999996874,9.1518869400024414
9.3999999999999329,122.7999999999994429,8.7042846679687500
9.3999999999999329,122.8999999999994373,8.3136405944824219
9.3999999999999329,122.9999999999994316,7.8302588462829590
9.3999999999999329,123.0999999999994259,7.3261451721191406
9.3999999999999329,123.1999999999994202,6.9905982017517090
9.3999999999999329,125.5999999999992838,4.3147292137145996
9.3999999999999329,125.6999999999992781,5.2233576774597168
9.3999999999999329,125.7999999999992724,6.3335175514221191
9.3999999999999329,125.8999999999992667,7.2046332359313965
9.2999999999999332,118.0999999999997101,6.8950347900390625
9.2999999999999332,118.1999999999997044,7.3021531105041504
9.2999999999999332,118.2999999999996987,7.9293799400329590
9.2999999999999332,118.3999999999996930,8.6853713989257812
9.2999999999999332,122.8999999999994373,7.0039696693420410
9.2999999999999332,122.9999999999994316,6.8829131126403809
9.2999999999999332,123.0999999999994259,6.8222537040710449
9.2999999999999332,123.1999999999994202,6.8857874870300293
9.2999999999999332,123.2999999999994145,7.4305620193481445
9.2999999999999332,125.5999999999992838,3.2845752239227295
9.2999999999999332,125.6999999999992781,3.9416120052337646
9.2999999999999332,125.7999999999992724,5.1328558921813965
9.2999999999999332,125.8999999999992667,6.3594393730163574
9.1999999999999336,117.8999999999997215,6.5877885818481445
9.1999999999999336,117.9999999999997158,6.7939696311950684
9.1999999999999336,118.0999999999997101,6.7657103538513184
9.1999999999999336,118.1999999999997044,7.5211000442504883
9.1999999999999336,122.8999999999994373,6.5023164749145508
9.1999999999999336,122.9999999999994316,6.3610038757324219
9.1999999999999336,123.0999999999994259,6.3587388992309570
9.1999999999999336,123.1999999999994202,7.0413103103637695
9.1999999999999336,123.4999999999994031,13.5740404129028320
9.1999999999999336,123.5999999999993975,13.7907094955444336
9.1999999999999336,124.6999999999993349,13.0498018264770508
9.1999999999999336,124.7999999999993292,12.0238265991210938
9.1999999999999336,125.5999999999992838,2.3742511272430420
9.1999999999999336,125.6999999999992781,3.0380752086639404
9.1999999999999336,125.7999999999992724,4.0008268356323242
9.1999999999999336,125.8999999999992667,5.2675008773803711
9.1999999999999336,125.9999999999992610,6.5194430351257324
9.1999999999999336,126.0999999999992554,7.5719542503356934
9.0999999999999339,117.7999999999997272,6.3658246994018555
9.0999999999999339,117.8999999999997215,6.2599577903747559
9.0999999999999339,117.9999999999997158,6.5782103538513184
9.0999999999999339,122.9999999999994316,6.9126305580139160
9.0999999999999339,123.0999999999994259,7.0948328971862793
9.0999999999999339,123.5999999999993975,14.2621612548828125
9.0999999999999339,125.5999999999992838,1.9584105014801025
9.0999999999999339,125.6999999999992781,2.4646413326263428
9.0999999999999339,125.7999999999992724,3.2396180629730225
9.0999999999999339,125.8999999999992667,4.4448480606079102
9.0999999999999339,125.9999999999992610,5.6550426483154297
9.0999999999999339,126.0999999999992554,6.6773400306701660
8.9999999999999343,117.5999999999997385,6.9009690284729004
8.9999999999999343,117.6999999999997328,6.6917939186096191
8.9999999999999343,117.7999999999997272,6.1997089385986328
8.9999999999999343,117.8999999999997215,6.5193595886230469
8.9999999999999343,117.9999999999997158,7.3601226806640625
8.9999999999999343,125.2999999999993008,4.3025045394897461
8.9999999999999343,125.3999999999992951,4.1898694038391113
8.9999999999999343,125.5999999999992838,2.2294340133666992
8.9999999999999343,125.6999999999992781,2.4705126285552979
8.9999999999999343,125.7999999999992724,3.2031044960021973
8.9999999999999343,125.8999999999992667,4.0278506278991699
8.9999999999999343,125.9999999999992610,4.9208197593688965
8.9999999999999343,126.0999999999992554,5.9348073005676270
8.9999999999999343,126.1999999999992497,6.9511103630065918
8.8999999999999346,117.4999999999997442,6.1831569671630859
8.8999999999999346,117.5999999999997385,5.7233138084411621
8.8999999999999346,117.6999999999997328,5.7516121864318848
8.8999999999999346,117.7999999999997272,5.8452172279357910
8.8999999999999346,117.8999999999997215,6.7020087242126465
8.8999999999999346,117.9999999999997158,7.8713884353637695
8.8999999999999346,124.7999999999993292,6.7255835533142090
8.8999999999999346,124.8999999999993236,5.9125967025756836
8.8999999999999346,124.9999999999993179,4.8878588676452637
8.8999999999999346,125.1999999999993065,4.4119176864624023
8.8999999999999346,125.2999999999993008,3.9621124267578125
8.8999999999999346,125.3999999999992951,3.8963229656219482
8.8999999999999346,125.4999999999992895,3.3371224403381348
8.8999999999999346,125.5999999999992838,2.5873348712921143
8.8999999999999346,125.6999999999992781,2.8315429687500000
8.8999999999999346,125.7999999999992724,3.2867958545684814
8.8999999999999346,125.8999999999992667,3.6529159545898438
8.8999999999999346,125.9999999999992610,4.2361822128295898
8.8999999999999346,126.0999999999992554,5.1983556747436523
8.8999999999999346,126.1999999999992497,6.3175711631774902
8.8999999999999346,126.2999999999992440,7.6128883361816406
8.7999999999999350,117.4999999999997442,6.0597109794616699
8.7999999999999350,117.5999999999997385,5.8250508308410645
8.7999999999999350,117.6999999999997328,6.2106494903564453
8.7999999999999350,117.7999999999997272,6.4863862991333008
8.7999999999999350,117.8999999999997215,6.9461989402770996
8.7999999999999350,124.8999999999993236,4.6326966285705566
8.7999999999999350,124.9999999999993179,3.9152266979217529
8.7999999999999350,125.0999999999993122,4.5222091674804688
8.7999999999999350,125.1999999999993065,4.6603322029113770
8.7999999999999350,125.2999999999993008,3.7029964923858643
8.7999999999999350,125.3999999999992951,3.5197975635528564
8.7999999999999350,125.4999999999992895,3.1607611179351807
8.7999999999999350,125.5999999999992838,3.0900757312774658
8.7999999999999350,125.6999999999992781,3.3697052001953125
8.7999999999999350,125.7999999999992724,3.5440909862518311
8.7999999999999350,125.8999999999992667,3.7673294544219971
8.7999999999999350,125.9999999999992610,4.2602424621582031
8.7999999999999350,126.0999999999992554,5.3118224143981934
8.7999999999999350,126.1999999999992497,6.5517945289611816
8.7999999999999350,126.2999999999992440,7.3084917068481445
8.6999999999999353,117.3999999999997499,7.0106477737426758
8.6999999999999353,117.4999999999997442,7.4290614128112793
8.6999999999999353,117.5999999999997385,7.9342904090881348
8.6999999999999353,123.4999999999994031,10.9082603454589844
8.6999999999999353,124.7999999999993292,3.9438347816467285
8.6999999999999353,124.8999999999993236,3.5774261951446533
8.6999999999999353,124.9999999999993179,3.7062695026397705
8.6999999999999353,125.0999999999993122,4.1958127021789551
8.6999999999999353,125.1999999999993065,4.5951037406921387
8.6999999999999353,125.2999999999993008,3.8176510334014893
8.6999999999999353,125.3999999999992951,3.1651921272277832
8.6999999999999353,125.4999999999992895,3.0257558822631836
8.6999999999999353,125.5999999999992838,3.1932067871093750
8.6999999999999353,125.6999999999992781,3.4248955249786377
8.6999999999999353,125.7999999999992724,3.8292453289031982
8.6999999999999353,125.8999999999992667,4.2414150238037109
8.6999999999999353,125.9999999999992610,4.9525036811828613
8.6999999999999353,126.0999999999992554,6.2403998374938965
8.5999999999999357,117.3999999999997499,7.6876640319824219
8.5999999999999357,117.4999999999997442,8.8926038742065430
8.5999999999999357,123.3999999999994088,9.4338397979736328
8.5999999999999357,123.4999999999994031,9.5501651763916016
8.5999999999999357,123.5999999999993975,10.4573926925659180
8.5999999999999357,123.6999999999993918,11.4265394210815430
8.5999999999999357,124.7999999999993292,3.2110078334808350
8.5999999999999357,124.8999999999993236,2.9613349437713623
8.5999999999999357,124.9999999999993179,3.5672783851623535
8.5999999999999357,125.0999999999993122,4.3651280403137207
8.5999999999999357,125.1999999999993065,4.5499005317687988
8.5999999999999357,125.2999999999993008,3.9602439403533936
8.5999999999999357,125.3999999999992951,3.4193990230560303
8.5999999999999357,125.4999999999992895,3.2646186351776123
8.5999999999999357,125.5999999999992838,3.3588714599609375
8.5999999999999357,125.6999999999992781,3.5724742412567139
8.5999999999999357,125.7999999999992724,4.0675759315490723
8.5999999999999357,125.8999999999992667,4.7357788085937500
8.5999999999999357,125.9999999999992610,5.6711282730102539
8.5999999999999357,126.0999999999992554,7.2106332778930664
8.4999999999999361,117.1999999999997613,6.4947886466979980
8.4999999999999361,117.2999999999997556,7.0970139503479004
8.4999999999999361,117.3999999999997499,8.1080236434936523
8.4999999999999361,123.0999999999994259,10.1010065078735352
8.4999999999999361,123.2999999999994145,7.9306635856628418
8.4999999999999361,123.3999999999994088,7.6363062858581543
8.4999999999999361,123.4999999999994031,7.2872939109802246
8.4999999999999361,123.5999999999993975,8.2592868804931641
8.4999999999999361,123.6999999999993918,9.2409753799438477
8.4999999999999361,123.7999999999993861,9.1538915634155273
8.4999999999999361,124.2999999999993577,5.7129116058349609
8.4999999999999361,124.3999999999993520,5.9329757690429688
8.4999999999999361,124.4999999999993463,5.9217872619628906
8.4999999999999361,124.6999999999993349,3.8949024677276611
8.4999999999999361,124.7999999999993292,2.4682826995849609
8.4999999999999361,124.8999999999993236,2.6223073005676270
8.4999999999999361,124.9999999999993179,3.3065068721771240
8.4999999999999361,125.0999999999993122,4.1147689819335938
8.4999999999999361,125.1999999999993065,4.3241963386535645
8.4999999999999361,125.2999999999993008,3.7573757171630859
8.4999999999999361,125.3999999999992951,3.1820709705352783
8.4999999999999361,125.4999999999992895,3.0695397853851318
8.4999999999999361,125.5999999999992838,3.2781054973602295
8.4999999999999361,125.6999999999992781,3.5084965229034424
8.4999999999999361,125.7999999999992724,4.1084337234497070
8.4999999999999361,125.8999999999992667,4.8670287132263184
8.4999999999999361,125.9999999999992610,5.7382793426513672
8.4999999999999361,126.0999999999992554,7.1442027091979980
8.4999999999999361,126.1999999999992497,8.7560014724731445
8.4999999999999361,126.2999999999992440,10.6470899581909180
8.3999999999999364,123.0999999999994259,8.6294965744018555
8.3999999999999364,123.1999999999994202,7.7167334556579590
8.3999999999999364,123.2999999999994145,6.8229765892028809
8.3999999999999364,123.3999999999994088,5.9983172416687012
8.3999999999999364,123.4999999999994031,5.7213931083679199
8.3999999999999364,123.5999999999993975,6.2114787101745605
8.3999999999999364,123.6999999999993918,7.0074791908264160
8.3999999999999364,123.7999999999993861,7.5483994483947754
8.3999999999999364,124.2999999999993577,4.5415363311767578
8.3999999999999364,124.3999999999993520,4.2219867706298828
8.3999999999999364,124.4999999999993463,4.5309586524963379
8.3999999999999364,124.5999999999993406,4.9274210929870605
8.3999999999999364,124.6999999999993349,3.4556396007537842
8.3999999999999364,124.7999999999993292,2.0645768642425537
8.3999999999999364,124.8999999999993236,2.5820617675781250
8.3999999999999364,124.9999999999993179,3.0873284339904785
8.3999999999999364,125.0999999999993122,3.5580756664276123
8.3999999999999364,125.1999999999993065,3.9949910640716553
8.3999999999999364,125.2999999999993008,3.5113162994384766
8.3999999999999364,125.3999999999992951,3.1217114925384521
8.3999999999999364,125.4999999999992895,3.1369929313659668
8.3999999999999364,125.5999999999992838,3.4129197597503662
8.3999999999999364,125.6999999999992781,3.7935543060302734
8.3999999999999364,125.7999999999992724,4.2234563827514648
8.3999999999999364,125.8999999999992667,4.7087244987487793
8.3999999999999364,125.9999999999992610,5.2819871902465820
8.3999999999999364,126.0999999999992554,6.4921464920043945
8.3999999999999364,126.1999999999992497,7.7141861915588379
8.3999999999999364,126.2999999999992440,9.3390369415283203
8.2999999999999368,117.2999999999997556,10.6391363143920898
8.2999999999999368,122.9999999999994316,8.0645627975463867
8.2999999999999368,123.0999999999994259,7.0508837699890137
8.2999999999999368,123.1999999999994202,5.8816690444946289
8.2999999999999368,123.2999999999994145,5.2060875892639160
8.2999999999999368,123.3999999999994088,4.5962729454040527
8.2999999999999368,123.4999999999994031,4.2656488418579102
8.2999999999999368,123.5999999999993975,4.6553702354431152
8.2999999999999368,123.6999999999993918,5.0928349494934082
8.2999999999999368,123.7999999999993861,5.4787263870239258
8.2999999999999368,124.2999999999993577,3.1762104034423828
8.2999999999999368,124.3999999999993520,3.1370780467987061
8.2999999999999368,124.4999999999993463,3.2583389282226562
8.2999999999999368,124.5999999999993406,3.4702565670013428
8.2999999999999368,124.6999999999993349,2.4254338741302490
8.2999999999999368,124.7999999999993292,2.3017299175262451
8.2999999999999368,124.8999999999993236,2.9357392787933350
8.2999999999999368,124.9999999999993179,3.0997877120971680
8.2999999999999368,125.0999999999993122,3.4513897895812988
8.2999999999999368,125.1999999999993065,4.0125155448913574
8.2999999999999368,125.2999999999993008,3.9099757671356201
8.2999999999999368,125.3999999999992951,3.7872600555419922
8.2999999999999368,125.4999999999992895,3.9097831249237061
8.2999999999999368,125.5999999999992838,4.1378536224365234
8.2999999999999368,125.6999999999992781,4.3856635093688965
8.2999999999999368,125.7999999999992724,4.5826826095581055
8.2999999999999368,125.8999999999992667,4.7321662902832031
8.2999999999999368,125.9999999999992610,5.3092098236083984
8.2999999999999368,126.0999999999992554,6.0508575439453125
8.2999999999999368,126.1999999999992497,7.0082392692565918
8.2999999999999368,126.2999999999992440,8.1345005035400391
8.1999999999999371,122.9999999999994316,6.9576020240783691
8.1999999999999371,123.0999999999994259,5.6680192947387695
8.1999999999999371,123.1999999999994202,4.6874003410339355
8.1999999999999371,123.2999999999994145,4.0864043235778809
8.1999999999999371,123.3999999999994088,3.7476253509521484
8.1999999999999371,123.4999999999994031,3.5940272808074951
8.1999999999999371,123.5999999999993975,3.7960948944091797
8.1999999999999371,123.6999999999993918,4.0633959770202637
8.1999999999999371,123.7999999999993861,4.1019005775451660
8.1999999999999371,124.0999999999993690,4.0361952781677246
8.1999999999999371,124.1999999999993634,3.2948200702667236
8.1999999999999371,124.2999999999993577,2.9972503185272217
8.1999999999999371,124.3999999999993520,2.7520103454589844
8.1999999999999371,124.4999999999993463,2.6036469936370850
8.1999999999999371,124.5999999999993406,2.5172419548034668
8.1999999999999371,124.6999999999993349,2.2765803337097168
8.1999999999999371,124.7999999999993292,2.6735539436340332
8.1999999999999371,124.8999999999993236,3.3742966651916504
8.1999999999999371,124.9999999999993179,3.3965210914611816
8.1999999999999371,125.0999999999993122,3.8328902721405029
8.1999999999999371,125.1999999999993065,4.3920588493347168
8.1999999999999371,125.2999999999993008,4.4832110404968262
8.1999999999999371,125.3999999999992951,4.5799803733825684
8.1999999999999371,125.4999999999992895,4.6691637039184570
8.1999999999999371,125.5999999999992838,4.7673888206481934
8.1999999999999371,125.6999999999992781,4.8601427078247070
8.1999999999999371,125.7999999999992724,4.8942317962646484
8.1999999999999371,125.8999999999992667,4.9062399864196777
8.1999999999999371,125.9999999999992610,5.2465271949768066
8.1999999999999371,126.0999999999992554,5.8478178977966309
8.1999999999999371,126.1999999999992497,6.6651053428649902
8.1999999999999371,126.2999999999992440,7.5094985961914062
8.1999999999999371,126.3999999999992383,8.4049415588378906
8.0999999999999375,116.9999999999997726,8.5721874237060547
8.0999999999999375,122.7999999999994429,6.8654341697692871
8.0999999999999375,122.8999999999994373,6.2587180137634277
8.0999999999999375,122.9999999999994316,5.2218279838562012
8.0999999999999375,123.0999999999994259,4.2725572586059570
8.0999999999999375,123.1999999999994202,3.7569501399993896
8.0999999999999375,123.2999999999994145,3.5416755676269531
8.0999999999999375,123.3999999999994088,3.3553397655487061
8.0999999999999375,123.4999999999994031,3.2524776458740234
8.0999999999999375,123.5999999999993975,3.1447019577026367
8.0999999999999375,123.6999999999993918,3.2713787555694580
8.0999999999999375,123.7999999999993861,3.3751945495605469
8.0999999999999375,123.9999999999993747,4.0888447761535645
8.0999999999999375,124.0999999999993690,3.8244011402130127
8.0999999999999375,124.1999999999993634,3.4992961883544922
8.0999999999999375,124.2999999999993577,3.5143108367919922
8.0999999999999375,124.3999999999993520,3.1030919551849365
8.0999999999999375,124.4999999999993463,2.5593748092651367
8.0999999999999375,124.5999999999993406,2.6183450222015381
8.0999999999999375,124.6999999999993349,2.7629709243774414
8.0999999999999375,124.7999999999993292,3.2469527721405029
8.0999999999999375,124.8999999999993236,3.8840470314025879
8.0999999999999375,124.9999999999993179,3.8944256305694580
8.0999999999999375,125.0999999999993122,4.3945951461791992
8.0999999999999375,125.1999999999993065,4.9603452682495117
8.0999999999999375,125.2999999999993008,5.1483016014099121
8.0999999999999375,125.3999999999992951,5.3408184051513672
8.0999999999999375,125.4999999999992895,5.3619337081909180
8.0999999999999375,125.5999999999992838,5.3047785758972168
8.0999999999999375,125.6999999999992781,5.2729940414428711
8.0999999999999375,125.7999999999992724,5.1969718933105469
8.0999999999999375,125.8999999999992667,5.1097183227539062
8.0999999999999375,125.9999999999992610,5.2425150871276855
8.0999999999999375,126.0999999999992554,5.6572566032409668
8.0999999999999375,126.1999999999992497,6.3910226821899414
8.0999999999999375,126.2999999999992440,7.2527346611022949
8.0999999999999375,126.3999999999992383,8.7103261947631836
7.9999999999999378,116.9999999999997726,9.3374938964843750
7.9999999999999378,122.2999999999994714,8.2997426986694336
7.9999999999999378,122.3999999999994657,7.6937813758850098
7.9999999999999378,122.4999999999994600,7.4052224159240723
7.9999999999999378,122.5999999999994543,7.1441216468811035
7.9999999999999378,122.6999999999994486,6.1216878890991211
7.9999999999999378,122.7999999999994429,5.1088671684265137
7.9999999999999378,122.8999999999994373,4.4101839065551758
7.9999999999999378,122.9999999999994316,3.8154399394989014
7.9999999999999378,123.0999999999994259,3.2864949703216553
7.9999999999999378,123.1999999999994202,2.9277439117431641
7.9999999999999378,123.2999999999994145,3.0765845775604248
7.9999999999999378,123.3999999999994088,3.2833442687988281
7.9999999999999378,123.4999999999994031,3.3326032161712646
7.9999999999999378,123.5999999999993975,2.9331080913543701
7.9999999999999378,123.6999999999993918,2.7007031440734863
7.9999999999999378,123.7999999999993861,2.7998938560485840
7.9999999999999378,123.8999999999993804,3.1656606197357178
7.9999999999999378,123.9999999999993747,3.5472161769866943
7.9999999999999378,124.0999999999993690,3.4443900585174561
7.9999999999999378,124.1999999999993634,3.5680587291717529
7.9999999999999378,124.2999999999993577,3.8241958618164062
7.9999999999999378,124.3999999999993520,3.3672771453857422
7.9999999999999378,124.4999999999993463,2.8651359081268311
7.9999999999999378,124.5999999999993406,3.3023643493652344
7.9999999999999378,124.6999999999993349,3.3099389076232910
7.9999999999999378,124.7999999999993292,3.6692562103271484
7.9999999999999378,124.8999999999993236,4.2236771583557129
7.9999999999999378,124.9999999999993179,4.2664866447448730
7.9999999999999378,125.0999999999993122,4.8467602729797363
7.9999999999999378,125.1999999999993065,5.3559246063232422
7.9999999999999378,125.2999999999993008,5.5888996124267578
7.9999999999999378,125.3999999999992951,5.8198485374450684
7.9999999999999378,125.4999999999992895,5.7916221618652344
7.9999999999999378,125.5999999999992838,5.6540336608886719
7.9999999999999378,125.6999999999992781,5.5534815788269043
7.9999999999999378,125.7999999999992724,5.4033021926879883
7.9999999999999378,125.8999999999992667,5.2357096672058105
7.9999999999999378,125.9999999999992610,5.1513323783874512
7.9999999999999378,126.0999999999992554,5.4211344718933105
7.9999999999999378,126.1999999999992497,5.9959483146667480
7.9999999999999378,126.2999999999992440,6.9381594657897949
7.8999999999999382,116.9999999999997726,9.9523372650146484
7.8999999999999382,122.2999999999994714,7.0941452980041504
7.8999999999999382,122.3999999999994657,6.6662058830261230
7.8999999999999382,122.4999999999994600,6.5803461074829102
7.8999999999999382,122.5999999999994543,6.9467444419860840
7.8999999999999382,122.6999999999994486,6.2148547172546387
7.8999999999999382,122.7999999999994429,4.8714776039123535
7.8999999999999382,122.8999999999994373,3.6727874279022217
7.8999999999999382,122.9999999999994316,3.4650287628173828
7.8999999999999382,123.0999999999994259,3.5511994361877441
7.8999999999999382,123.1999999999994202,3.6213390827178955
7.8999999999999382,123.2999999999994145,3.5102367401123047
7.8999999999999382,123.3999999999994088,3.7828319072723389
7.8999999999999382,123.4999999999994031,3.9263722896575928
7.8999999999999382,123.5999999999993975,3.3446445465087891
7.8999999999999382,123.6999999999993918,3.3505291938781738
7.8999999999999382,123.7999999999993861,3.1434772014617920
7.8999999999999382,123.8999999999993804,2.8666324615478516
7.8999999999999382,123.9999999999993747,2.8382170200347900
7.8999999999999382,124.0999999999993690,2.8388745784759521
7.8999999999999382,124.1999999999993634,2.9247698783874512
7.8999999999999382,124.2999999999993577,3.0203807353973389
7.8999999999999382,124.3999999999993520,2.9440448284149170
7.8999999999999382,124.4999999999993463,3.2147853374481201
7.8999999999999382,124.5999999999993406,3.7180352210998535
7.8999999999999382,124.6999999999993349,4.0759696960449219
7.8999999999999382,124.7999999999993292,4.3862767219543457
7.8999999999999382,124.8999999999993236,4.6502256393432617
7.8999999999999382,124.9999999999993179,4.8635773658752441
7.8999999999999382,125.0999999999993122,5.1174798011779785
7.8999999999999382,125.1999999999993065,5.3632769584655762
7.8999999999999382,125.2999999999993008,5.4156670570373535
7.8999999999999382,125.3999999999992951,5.4763932228088379
7.8999999999999382,125.4999999999992895,5.3772006034851074
7.8999999999999382,125.5999999999992838,5.3744802474975586
7.8999999999999382,125.6999999999992781,5.4778780937194824
7.8999999999999382,125.7999999999992724,5.3235273361206055
7.8999999999999382,125.8999999999992667,5.1371479034423828
7.8999999999999382,125.9999999999992610,5.0727834701538086
7.8999999999999382,126.0999999999992554,5.0938434600830078
7.8999999999999382,126.1999999999992497,5.3371763229370117
7.8999999999999382,126.2999999999992440,6.0530276298522949
7.7999999999999385,122.0999999999994827,9.3784656524658203
7.7999999999999385,122.1999999999994770,7.7146735191345215
7.7999999999999385,122.2999999999994714,6.3058900833129883
7.7999999999999385,122.3999999999994657,5.8719286918640137
7.7999999999999385,122.4999999999994600,6.8738365173339844
7.7999999999999385,122.5999999999994543,7.8772888183593750
7.7999999999999385,122.6999999999994486,6.9083542823791504
7.7999999999999385,122.7999999999994429,5.2458829879760742
7.7999999999999385,122.8999999999994373,3.6157824993133545
7.7999999999999385,122.9999999999994316,3.3615944385528564
7.7999999999999385,123.0999999999994259,4.0872149467468262
7.7999999999999385,123.1999999999994202,4.6634783744812012
7.7999999999999385,123.2999999999994145,4.7191700935363770
7.7999999999999385,123.3999999999994088,5.1387429237365723
7.7999999999999385,123.6999999999993918,3.9316451549530029
7.7999999999999385,123.7999999999993861,3.9926121234893799
7.7999999999999385,123.8999999999993804,3.6144635677337646
7.7999999999999385,123.9999999999993747,3.1984918117523193
7.7999999999999385,124.0999999999993690,2.6422874927520752
7.7999999999999385,124.1999999999993634,2.2163720130920410
7.7999999999999385,124.2999999999993577,2.0660965442657471
7.7999999999999385,124.3999999999993520,2.6992859840393066
7.7999999999999385,124.4999999999993463,3.8048551082611084
7.7999999999999385,124.5999999999993406,4.9766383171081543
7.7999999999999385,124.6999999999993349,5.3613557815551758
7.7999999999999385,124.7999999999993292,5.7049856185913086
7.7999999999999385,124.8999999999993236,5.9350104331970215
7.7999999999999385,124.9999999999993179,5.6185941696166992
7.7999999999999385,125.0999999999993122,5.6015715599060059
7.7999999999999385,125.1999999999993065,5.6255793571472168
7.7999999999999385,125.2999999999993008,5.4170298576354980
7.7999999999999385,125.3999999999992951,5.2380442619323730
7.7999999999999385,125.4999999999992895,5.1204009056091309
7.7999999999999385,125.5999999999992838,5.1966180801391602
7.7999999999999385,125.6999999999992781,5.4998159408569336
7.7999999999999385,125.7999999999992724,5.4376287460327148
7.7999999999999385,125.8999999999992667,5.2710919380187988
7.7999999999999385,125.9999999999992610,5.0733046531677246
7.7999999999999385,126.0999999999992554,4.8052515983581543
7.7999999999999385,126.1999999999992497,4.7778449058532715
7.7999999999999385,126.2999999999992440,5.3231811523437500
7.7999999999999385,126.3999999999992383,6.6773467063903809
7.6999999999999389,122.1999999999994770,7.2872552871704102
7.6999999999999389,122.2999999999994714,5.8942966461181641
7.6999999999999389,122.3999999999994657,6.0404267311096191
7.6999999999999389,122.4999999999994600,7.1445450782775879
7.6999999999999389,122.8999999999994373,4.0123872756958008
7.6999999999999389,122.9999999999994316,3.5349061489105225
7.6999999999999389,123.0999999999994259,4.6424975395202637
7.6999999999999389,123.1999999999994202,5.5102262496948242
7.6999999999999389,123.2999999999994145,5.7373790740966797
7.6999999999999389,123.3999999999994088,6.1442012786865234
7.6999999999999389,123.4999999999994031,7.0556235313415527
7.6999999999999389,123.8999999999993804,4.2535700798034668
7.6999999999999389,123.9999999999993747,3.8554553985595703
7.6999999999999389,124.0999999999993690,2.8134860992431641
7.6999999999999389,124.1999999999993634,2.1182050704956055
7.6999999999999389,124.2999999999993577,2.5409011840820312
7.6999999999999389,124.3999999999993520,3.1347737312316895
7.6999999999999389,124.4999999999993463,4.0000896453857422
7.6999999999999389,124.5999999999993406,5.4952664375305176
7.6999999999999389,124.6999999999993349,5.9247965812683105
7.6999999999999389,124.7999999999993292,6.2881617546081543
7.6999999999999389,124.8999999999993236,6.3849558830261230
7.6999999999999389,124.9999999999993179,6.0257248878479004
7.6999999999999389,125.0999999999993122,5.5764660835266113
7.6999999999999389,125.1999999999993065,5.3275980949401855
7.6999999999999389,125.2999999999993008,5.0569529533386230
7.6999999999999389,125.3999999999992951,4.8208937644958496
7.6999999999999389,125.4999999999992895,4.7052540779113770
7.6999999999999389,125.5999999999992838,4.9757003784179688
7.6999999999999389,125.6999999999992781,5.8441820144653320
7.6999999999999389,125.7999999999992724,5.7445025444030762
7.6999999999999389,125.8999999999992667,5.2483820915222168
7.6999999999999389,125.9999999999992610,4.9133806228637695
7.6999999999999389,126.0999999999992554,4.2984104156494141
7.6999999999999389,126.1999999999992497,4.0729584693908691
7.6999999999999389,126.2999999999992440,4.6166548728942871
7.6999999999999389,126.3999999999992383,5.8615002632141113
7.6999999999999389,126.4999999999992326,8.1456804275512695
7.5999999999999392,122.1999999999994770,7.1000056266784668
7.5999999999999392,122.2999999999994714,6.1162476539611816
7.5999999999999392,122.3999999999994657,6.5908913612365723
7.5999999999999392,122.8999999999994373,4.7310690879821777
7.5999999999999392,122.9999999999994316,4.0225510597229004
7.5999999999999392,123.1999999999994202,6.3510446548461914
7.5999999999999392,123.2999999999994145,6.3201441764831543
7.5999999999999392,123.3999999999994088,6.2183165550231934
7.5999999999999392,124.0999999999993690,3.5607368946075439
7.5999999999999392,124.1999999999993634,2.2384424209594727
7.5999999999999392,124.2999999999993577,2.4253537654876709
7.5999999999999392,124.3999999999993520,2.6480188369750977
7.5999999999999392,124.4999999999993463,3.0379204750061035
7.5999999999999392,124.5999999999993406,4.5915083885192871
7.5999999999999392,124.6999999999993349,4.7990541458129883
7.5999999999999392,124.7999999999993292,5.1092057228088379
7.5999999999999392,124.8999999999993236,5.4913558959960938
7.5999999999999392,124.9999999999993179,5.0528388023376465
7.5999999999999392,125.0999999999993122,4.6650385856628418
7.5999999999999392,125.1999999999993065,4.4629831314086914
7.5999999999999392,125.2999999999993008,4.0755629539489746
7.5999999999999392,125.3999999999992951,3.9110105037689209
7.5999999999999392,125.4999999999992895,3.8694748878479004
7.5999999999999392,125.5999999999992838,4.3752703666687012
7.5999999999999392,125.6999999999992781,5.6028394699096680
7.5999999999999392,125.7999999999992724,5.1854276657104492
7.5999999999999392,125.8999999999992667,4.1804785728454590
7.5999999999999392,125.9999999999992610,3.5427842140197754
7.5999999999999392,126.0999999999992554,3.0975334644317627
7.5999999999999392,126.1999999999992497,3.0076584815979004
7.5999999999999392,126.2999999999992440,3.8085777759552002
7.5999999999999392,126.3999999999992383,4.5853929519653320
7.5999999999999392,126.4999999999992326,6.5545783042907715
7.4999999999999396,122.0999999999994827,7.8185334205627441
7.4999999999999396,122.1999999999994770,6.9566459655761719
7.4999999999999396,122.2999999999994714,6.3699793815612793
7.4999999999999396,123.2999999999994145,6.9183382987976074
7.4999999999999396,123.3999999999994088,6.9476432800292969
7.4999999999999396,124.1999999999993634,3.5845184326171875
7.4999999999999396,124.2999999999993577,2.9686925411224365
7.4999999999999396,124.3999999999993520,2.3034853935241699
7.4999999999999396,124.4999999999993463,2.8589293956756592
7.4999999999999396,124.5999999999993406,3.5375900268554688
7.4999999999999396,124.6999999999993349,3.7702603340148926
7.4999999999999396,124.7999999999993292,4.2936720848083496
7.4999999999999396,124.8999999999993236,4.5840349197387695
7.4999999999999396,124.9999999999993179,4.2427897453308105
7.4999999999999396,125.0999999999993122,4.3037362098693848
7.4999999999999396,125.1999999999993065,4.2598519325256348
7.4999999999999396,125.2999999999993008,4.0104494094848633
7.4999999999999396,125.3999999999992951,3.7743871212005615
7.4999999999999396,125.4999999999992895,3.8157703876495361
7.4999999999999396,125.5999999999992838,4.4041628837585449
7.4999999999999396,125.6999999999992781,5.3291792869567871
7.4999999999999396,125.7999999999992724,4.5868067741394043
7.4999999999999396,125.8999999999992667,3.3152282238006592
7.4999999999999396,125.9999999999992610,2.3761224746704102
7.4999999999999396,126.0999999999992554,1.9669952392578125
7.4999999999999396,126.1999999999992497,2.5454907417297363
7.4999999999999396,126.2999999999992440,3.2760562896728516
7.4999999999999396,126.3999999999992383,3.5495553016662598
7.4999999999999396,126.4999999999992326,5.0309710502624512
7.4999999999999396,126.5999999999992269,6.6161713600158691
7.3999999999999400,122.0999999999994827,6.8411369323730469
7.3999999999999400,122.1999999999994770,6.6895537376403809
7.3999999999999400,122.2999999999994714,6.5889716148376465
7.3999999999999400,122.7999999999994429,7.6769881248474121
7.3999999999999400,123.3999999999994088,7.0022964477539062
7.3999999999999400,124.1999999999993634,4.0300526618957520
7.3999999999999400,124.2999999999993577,3.2581455707550049
7.3999999999999400,124.3999999999993520,2.5298621654510498
7.3999999999999400,124.4999999999993463,2.5995299816131592
7.3999999999999400,124.5999999999993406,2.9736909866333008
7.3999999999999400,124.6999999999993349,2.7112233638763428
7.3999999999999400,124.7999999999993292,3.1069862842559814
7.3999999999999400,124.8999999999993236,3.6366238594055176
7.3999999999999400,124.9999999999993179,3.4349663257598877
7.3999999999999400,125.0999999999993122,3.6736648082733154
7.3999999999999400,125.1999999999993065,3.8534648418426514
7.3999999999999400,125.2999999999993008,3.7752513885498047
7.3999999999999400,125.3999999999992951,3.7117707729339600
7.3999999999999400,125.4999999999992895,3.8690953254699707
7.3999999999999400,125.5999999999992838,4.8700876235961914
7.3999999999999400,125.6999999999992781,6.4698295593261719
7.3999999999999400,125.7999999999992724,4.9039053916931152
7.3999999999999400,125.8999999999992667,3.0931842327117920
7.3999999999999400,125.9999999999992610,1.5614042282104492
7.3999999999999400,126.0999999999992554,1.7857717275619507
7.3999999999999400,126.1999999999992497,2.4534318447113037
7.3999999999999400,126.2999999999992440,2.9307918548583984
7.3999999999999400,126.3999999999992383,3.5882194042205811
7.3999999999999400,126.4999999999992326,5.5942144393920898
7.2999999999999403,116.8999999999997783,11.4099245071411133
7.2999999999999403,117.0999999999997669,11.7837095260620117
7.2999999999999403,117.1999999999997613,11.6866521835327148
7.2999999999999403,122.0999999999994827,5.8196468353271484
7.2999999999999403,122.1999999999994770,6.3600802421569824
7.2999999999999403,124.1999999999993634,3.1018140316009521
7.2999999999999403,124.2999999999993577,2.7513816356658936
7.2999999999999403,124.3999999999993520,2.0914528369903564
7.2999999999999403,124.4999999999993463,2.3646380901336670
7.2999999999999403,124.5999999999993406,2.6598761081695557
7.2999999999999403,124.6999999999993349,2.4222793579101562
7.2999999999999403,124.7999999999993292,2.2272756099700928
7.2999999999999403,124.8999999999993236,2.1519317626953125
7.2999999999999403,124.9999999999993179,2.2416932582855225
7.2999999999999403,125.0999999999993122,2.7611427307128906
7.2999999999999403,125.1999999999993065,3.1628255844116211
7.2999999999999403,125.2999999999993008,3.3011882305145264
7.2999999999999403,125.3999999999992951,3.5164818763732910
7.2999999999999403,125.4999999999992895,4.1440181732177734
7.2999999999999403,125.5999999999992838,6.2228279113769531
7.2999999999999403,125.6999999999992781,7.8173813819885254
7.2999999999999403,125.8999999999992667,4.1200881004333496
7.2999999999999403,125.9999999999992610,1.8166811466217041
7.2999999999999403,126.0999999999992554,1.9476034641265869
7.2999999999999403,126.1999999999992497,2.6852107048034668
7.2999999999999403,126.2999999999992440,3.4396073818206787
7.2999999999999403,126.3999999999992383,5.2177510261535645
7.2999999999999403,126.4999999999992326,8.0450048446655273
7.2999999999999403,126.5999999999992269,10.6117649078369141
7.1999999999999407,117.0999999999997669,11.9665966033935547
7.1999999999999407,117.1999999999997613,11.8374118804931641
7.1999999999999407,121.9999999999994884,5.9225330352783203
7.1999999999999407,122.0999999999994827,5.3004746437072754
7.1999999999999407,122.1999999999994770,6.3402233123779297
7.1999999999999407,124.1999999999993634,3.3976790904998779
7.1999999999999407,124.2999999999993577,2.8211898803710938
7.1999999999999407,124.3999999999993520,2.3784403800964355
7.1999999999999407,124.4999999999993463,2.1602904796600342
7.1999999999999407,124.5999999999993406,2.5823659896850586
7.1999999999999407,124.6999999999993349,2.6976904869079590
7.1999999999999407,124.7999999999993292,2.8653891086578369
7.1999999999999407,124.8999999999993236,2.8938035964965820
7.1999999999999407,124.9999999999993179,2.4415080547332764
7.1999999999999407,125.0999999999993122,2.4464769363403320
7.1999999999999407,125.1999999999993065,3.1138134002685547
7.1999999999999407,125.2999999999993008,2.9669291973114014
7.1999999999999407,125.3999999999992951,3.3292629718780518
7.1999999999999407,125.4999999999992895,5.1092753410339355
7.1999999999999407,125.5999999999992838,7.8716979026794434
7.1999999999999407,125.9999999999992610,2.8011262416839600
7.1999999999999407,126.0999999999992554,2.2762157917022705
7.1999999999999407,126.1999999999992497,3.4926173686981201
7.1999999999999407,126.2999999999992440,4.6429138183593750
7.1999999999999407,126.3999999999992383,6.9539422988891602
7.1999999999999407,126.4999999999992326,10.3208246231079102
7.0999999999999410,121.9999999999994884,5.5161147117614746
7.0999999999999410,122.0999999999994827,5.0920352935791016
7.0999999999999410,122.1999999999994770,6.1929583549499512
7.0999999999999410,124.0999999999993690,4.4093575477600098
7.0999999999999410,124.1999999999993634,3.2834274768829346
7.0999999999999410,124.2999999999993577,2.7460019588470459
7.0999999999999410,124.3999999999993520,2.3408465385437012
7.0999999999999410,124.4999999999993463,2.0033190250396729
7.0999999999999410,124.5999999999993406,2.7103185653686523
7.0999999999999410,124.6999999999993349,2.3077545166015625
7.0999999999999410,124.7999999999993292,2.4838521480560303
7.0999999999999410,124.8999999999993236,2.5675694942474365
7.0999999999999410,124.9999999999993179,2.0830473899841309
7.0999999999999410,125.0999999999993122,1.9482660293579102
7.0999999999999410,125.1999999999993065,2.7574527263641357
7.0999999999999410,125.2999999999993008,2.8347103595733643
7.0999999999999410,125.3999999999992951,3.2876183986663818
7.0999999999999410,125.4999999999992895,5.1942052841186523
7.0999999999999410,125.5999999999992838,8.1303796768188477
7.0999999999999410,125.6999999999992781,11.4935493469238281
7.0999999999999410,125.8999999999992667,6.0541911125183105
7.0999999999999410,125.9999999999992610,4.3505234718322754
7.0999999999999410,126.0999999999992554,4.5499410629272461
7.0999999999999410,126.1999999999992497,6.0639414787292480
7.0999999999999410,126.2999999999992440,7.4769105911254883
7.0999999999999410,126.3999999999992383,9.0853710174560547
6.9999999999999414,117.0999999999997669,11.1171846389770508
6.9999999999999414,121.9999999999994884,5.2860140800476074
6.9999999999999414,122.0999999999994827,5.2672109603881836
6.9999999999999414,122.1999999999994770,6.9488449096679688
6.9999999999999414,123.9999999999993747,4.8715095520019531
6.9999999999999414,124.0999999999993690,3.9290561676025391
6.9999999999999414,124.1999999999993634,2.8515615463256836
6.9999999999999414,124.2999999999993577,2.3918654918670654
6.9999999999999414,124.3999999999993520,2.0163629055023193
6.9999999999999414,124.4999999999993463,2.3058021068572998
6.9999999999999414,124.5999999999993406,3.0285789966583252
6.9999999999999414,124.6999999999993349,2.8085496425628662
6.9999999999999414,124.7999999999993292,2.8035480976104736
6.9999999999999414,124.8999999999993236,2.7726104259490967
6.9999999999999414,124.9999999999993179,2.0403926372528076
6.9999999999999414,125.0999999999993122,1.8396786451339722
6.9999999999999414,125.1999999999993065,2.2412145137786865
6.9999999999999414,125.2999999999993008,2.5919518470764160
6.9999999999999414,125.3999999999992951,3.3257164955139160
6.9999999999999414,125.4999999999992895,3.9212021827697754
6.9999999999999414,125.7999999999992724,11.2544708251953125
6.9999999999999414,125.9999999999992610,6.6647920608520508
6.9999999999999414,126.0999999999992554,8.0131921768188477
6.9999999999999414,126.1999999999992497,9.8988752365112305
6.9999999999999414,126.2999999999992440,11.6211433410644531
6.8999999999999417,116.6999999999997897,7.8906502723693848
6.8999999999999417,116.7999999999997840,8.4308614730834961
6.8999999999999417,117.0999999999997669,10.3691406250000000
6.8999999999999417,117.1999999999997613,10.8959436416625977
6.8999999999999417,122.0999999999994827,6.3577184677124023
6.8999999999999417,123.9999999999993747,5.0069618225097656
6.8999999999999417,124.0999999999993690,3.9093742370605469
6.8999999999999417,124.1999999999993634,2.9592103958129883
6.8999999999999417,124.2999999999993577,2.3243186473846436
6.8999999999999417,124.3999999999993520,1.9933141469955444
6.8999999999999417,124.4999999999993463,2.8095979690551758
6.8999999999999417,124.5999999999993406,3.5413091182708740
6.8999999999999417,124.6999999999993349,3.1690366268157959
6.8999999999999417,124.7999999999993292,3.3309929370880127
6.8999999999999417,124.8999999999993236,3.4853622913360596
6.8999999999999417,124.9999999999993179,2.2744355201721191
6.8999999999999417,125.0999999999993122,1.8907803297042847
6.8999999999999417,125.1999999999993065,1.9812663793563843
6.8999999999999417,125.2999999999993008,2.5200519561767578
6.8999999999999417,125.3999999999992951,3.3925266265869141
6.8999999999999417,126.0999999999992554,11.4349393844604492
6.8999999999999417,126.2999999999992440,15.4217576980590820
6.7999999999999421,124.0999999999993690,3.9865479469299316
6.7999999999999421,124.1999999999993634,3.1915802955627441
6.7999999999999421,124.2999999999993577,2.3951175212860107
6.7999999999999421,124.3999999999993520,1.8435009717941284
6.7999999999999421,124.4999999999993463,2.2692220211029053
6.7999999999999421,124.5999999999993406,2.6621093750000000
6.7999999999999421,124.6999999999993349,2.4075839519500732
6.7999999999999421,124.7999999999993292,2.7121405601501465
6.7999999999999421,124.8999999999993236,2.8799712657928467
6.7999999999999421,124.9999999999993179,2.0557453632354736
6.7999999999999421,125.0999999999993122,1.8754621744155884
6.7999999999999421,125.1999999999993065,2.0470860004425049
6.7999999999999421,125.2999999999993008,2.4703929424285889
6.7999999999999421,125.3999999999992951,3.3738992214202881
6.7999999999999421,126.0999999999992554,13.9748334884643555
6.7999999999999421,126.1999999999992497,15.6385774612426758
6.6999999999999424,121.9999999999994884,3.9497563838958740
6.6999999999999424,122.0999999999994827,4.1420788764953613
6.6999999999999424,124.0999999999993690,4.4616909027099609
6.6999999999999424,124.1999999999993634,3.4565722942352295
6.6999999999999424,124.2999999999993577,2.4699380397796631
6.6999999999999424,124.3999999999993520,1.9100627899169922
6.6999999999999424,124.4999999999993463,1.4818059206008911
6.6999999999999424,124.5999999999993406,1.6817750930786133
6.6999999999999424,124.6999999999993349,1.8801857233047485
6.6999999999999424,124.7999999999993292,2.2139518260955811
6.6999999999999424,124.8999999999993236,2.3337531089782715
6.6999999999999424,124.9999999999993179,1.8334482908248901
6.6999999999999424,125.0999999999993122,1.8949356079101562
6.6999999999999424,125.1999999999993065,2.2405631542205811
6.6999999999999424,125.2999999999993008,2.8889663219451904
6.6999999999999424,126.0999999999992554,15.7354173660278320
6.6999999999999424,126.1999999999992497,16.7380962371826172
6.5999999999999428,121.8999999999994941,4.5668325424194336
6.5999999999999428,121.9999999999994884,3.4035000801086426
6.5999999999999428,122.0999999999994827,3.2600505352020264
6.5999999999999428,122.1999999999994770,4.9666476249694824
6.5999999999999428,124.0999999999993690,4.8031463623046875
6.5999999999999428,124.1999999999993634,3.5240387916564941
6.5999999999999428,124.2999999999993577,2.5706849098205566
6.5999999999999428,124.3999999999993520,2.0479903221130371
6.5999999999999428,124.4999999999993463,1.5375540256500244
6.5999999999999428,124.5999999999993406,1.4688330888748169
6.5999999999999428,124.6999999999993349,1.7948375940322876
6.5999999999999428,124.7999999999993292,2.1488435268402100
6.5999999999999428,124.8999999999993236,2.3187651634216309
6.5999999999999428,124.9999999999993179,1.9004099369049072
6.5999999999999428,125.0999999999993122,1.9543329477310181
6.5999999999999428,125.1999999999993065,2.3717300891876221
6.5999999999999428,125.2999999999993008,3.1444785594940186
6.5999999999999428,126.0999999999992554,17.8095226287841797
6.5999999999999428,126.1999999999992497,17.7157497406005859
6.4999999999999432,121.9999999999994884,3.8212647438049316
6.4999999999999432,122.0999999999994827,3.6110427379608154
6.4999999999999432,122.1999999999994770,3.6539325714111328
6.4999999999999432,124.0999999999993690,4.6407313346862793
6.4999999999999432,124.1999999999993634,3.0942013263702393
6.4999999999999432,124.2999999999993577,2.2033560276031494
6.4999999999999432,124.3999999999993520,1.8898248672485352
6.4999999999999432,124.4999999999993463,1.5521241426467896
6.4999999999999432,124.5999999999993406,1.4068219661712646
6.4999999999999432,124.6999999999993349,1.7017189264297485
6.4999999999999432,124.7999999999993292,2.0233867168426514
6.4999999999999432,124.8999999999993236,2.1860358715057373
6.4999999999999432,124.9999999999993179,1.8004572391510010
6.4999999999999432,125.0999999999993122,1.9885152578353882
6.4999999999999432,125.1999999999993065,2.3356740474700928
6.4999999999999432,125.2999999999993008,2.6768815517425537
6.4999999999999432,125.3999999999992951,3.4902408123016357
6.4999999999999432,125.4999999999992895,5.4208669662475586
6.4999999999999432,125.5999999999992838,7.3196916580200195
6.4999999999999432,126.1999999999992497,17.5202789306640625
6.3999999999999435,121.9999999999994884,4.3315749168395996
6.3999999999999435,124.0999999999993690,4.3287162780761719
6.3999999999999435,124.1999999999993634,2.7898900508880615
6.3999999999999435,124.2999999999993577,1.9456571340560913
6.3999999999999435,124.3999999999993520,1.7360273599624634
6.3999999999999435,124.4999999999993463,1.6514129638671875
6.3999999999999435,124.5999999999993406,1.6948000192642212
6.3999999999999435,124.6999999999993349,1.6234076023101807
6.3999999999999435,124.7999999999993292,1.9528635740280151
6.3999999999999435,124.8999999999993236,2.0829408168792725
6.3999999999999435,124.9999999999993179,1.8112000226974487
6.3999999999999435,125.0999999999993122,2.0094864368438721
6.3999999999999435,125.1999999999993065,2.3333230018615723
6.3999999999999435,125.2999999999993008,2.7669243812561035
6.3999999999999435,125.3999999999992951,3.2226853370666504
6.3999999999999435,125.4999999999992895,4.6736640930175781
6.2999999999999439,120.5999999999995680,11.0597772598266602
6.2999999999999439,124.1999999999993634,2.7298519611358643
6.2999999999999439,124.2999999999993577,1.8860416412353516
6.2999999999999439,124.3999999999993520,1.7487182617187500
6.2999999999999439,124.4999999999993463,1.5827214717864990
6.2999999999999439,124.5999999999993406,1.7289962768554688
6.2999999999999439,124.6999999999993349,1.7531934976577759
6.2999999999999439,124.7999999999993292,1.8736351728439331
6.2999999999999439,124.8999999999993236,2.0426852703094482
6.2999999999999439,124.9999999999993179,1.8147127628326416
6.2999999999999439,125.0999999999993122,1.9678354263305664
6.2999999999999439,125.1999999999993065,2.2283833026885986
6.2999999999999439,125.2999999999993008,2.7409667968750000
6.2999999999999439,125.3999999999992951,3.3687717914581299
6.2999999999999439,125.4999999999992895,4.9911003112792969
6.2999999999999439,125.5999999999992838,9.3097219467163086
6.1999999999999442,124.2999999999993577,1.9465401172637939
6.1999999999999442,124.3999999999993520,1.6159502267837524
6.1999999999999442,124.4999999999993463,1.6129503250122070
6.1999999999999442,124.5999999999993406,1.7051575183868408
6.1999999999999442,124.6999999999993349,1.5212540626525879
6.1999999999999442,124.7999999999993292,1.8618320226669312
6.1999999999999442,124.8999999999993236,2.0065774917602539
6.1999999999999442,124.9999999999993179,1.6210764646530151
6.1999999999999442,125.0999999999993122,1.6008694171905518
6.1999999999999442,125.1999999999993065,1.9431205987930298
6.1999999999999442,125.2999999999993008,2.6256458759307861
6.1999999999999442,125.3999999999992951,3.3937938213348389
6.1999999999999442,125.4999999999992895,4.8965477943420410
6.1999999999999442,125.5999999999992838,9.0006217956542969
6.1999999999999442,125.6999999999992781,11.9654226303100586
6.0999999999999446,120.9999999999995453,9.1243858337402344
6.0999999999999446,121.0999999999995396,8.7186841964721680
6.0999999999999446,124.4999999999993463,1.8914498090744019
6.0999999999999446,124.5999999999993406,1.8900511264801025
6.0999999999999446,124.6999999999993349,1.7973324060440063
6.0999999999999446,124.7999999999993292,1.9021190404891968
6.0999999999999446,124.8999999999993236,2.0678660869598389
6.0999999999999446,124.9999999999993179,1.5647180080413818
6.0999999999999446,125.0999999999993122,1.6772979497909546
6.0999999999999446,125.2999999999993008,2.6691176891326904
6.0999999999999446,125.3999999999992951,3.5739142894744873
6.0999999999999446,125.4999999999992895,5.4394459724426270
6.0999999999999446,125.5999999999992838,8.7366800308227539
6.0999999999999446,125.6999999999992781,12.0789432525634766
5.9999999999999449,120.8999999999995509,9.3078985214233398
5.9999999999999449,120.9999999999995453,8.9802494049072266
5.9999999999999449,121.0999999999995396,8.4586029052734375
5.9999999999999449,121.3999999999995225,6.9760689735412598
5.9999999999999449,124.5999999999993406,2.3501491546630859
5.9999999999999449,124.6999999999993349,2.1041696071624756
5.9999999999999449,124.7999999999993292,2.1988608837127686
5.9999999999999449,124.8999999999993236,2.1303212642669678
5.9999999999999449,124.9999999999993179,1.9026192426681519
5.9999999999999449,125.0999999999993122,2.0558636188507080
5.9999999999999449,125.3999999999992951,3.7577083110809326
5.9999999999999449,125.4999999999992895,5.8743782043457031
5.9999999999999449,125.5999999999992838,8.6663427352905273
5.8999999999999453,120.8999999999995509,9.1752023696899414
5.8999999999999453,124.7999999999993292,2.9501316547393799
5.8999999999999453,124.8999999999993236,3.4280221462249756
5.8999999999999453,124.9999999999993179,2.8425629138946533
5.8999999999999453,125.0999999999993122,2.6547565460205078
5.8999999999999453,125.1999999999993065,2.9163224697113037
5.8999999999999453,125.2999999999993008,3.2017707824707031
5.8999999999999453,125.3999999999992951,4.0699515342712402
5.8999999999999453,125.4999999999992895,6.2353510856628418
5.8999999999999453,125.5999999999992838,9.1714515686035156
5.7999999999999456,125.2999999999993008,3.4709537029266357
5.7999999999999456,125.3999999999992951,4.3223733901977539
5.7999999999999456,125.4999999999992895,6.2933864593505859
5.6999999999999460,125.2999999999993008,4.2667155265808105
5.6999999999999460,125.3999999999992951,5.5363306999206543
5.5999999999999464,125.2999999999993008,6.8470225334167480
5.5999999999999464,125.3999999999992951,7.3312706947326660
5.3999999999999471,118.8999999999996646,8.5272169113159180
5.3999999999999471,118.9999999999996589,9.6430025100708008
5.3999999999999471,119.0999999999996533,10.8040904998779297
5.3999999999999471,119.1999999999996476,11.7988567352294922
5.2999999999999474,118.8999999999996646,7.2304568290710449
5.2999999999999474,118.9999999999996589,8.5680322647094727
5.2999999999999474,119.0999999999996533,9.9626760482788086
5.2999999999999474,119.1999999999996476,11.2122526168823242
5.2999999999999474,120.1999999999995907,11.1662549972534180
5.1999999999999478,118.8999999999996646,6.2139081954956055
5.1999999999999478,118.9999999999996589,7.5247726440429688
5.1999999999999478,119.0999999999996533,9.3116998672485352
5.1999999999999478,119.1999999999996476,11.0768709182739258
5.1999999999999478,120.1999999999995907,11.2255144119262695
5.0999999999999481,118.8999999999996646,7.0125594139099121
5.0999999999999481,118.9999999999996589,8.0375785827636719
5.0999999999999481,119.7999999999996135,12.0418443679809570
5.0999999999999481,119.8999999999996078,11.9393634796142578
