latitude,longitude,max_wind_gust
19.3999999999999559,121.3999999999995225,10.4327068328857422
19.3999999999999559,121.4999999999995168,10.5809106826782227
18.8999999999999488,121.8999999999994941,14.2349166870117188
18.5999999999999446,120.7999999999995566,9.3418216705322266
18.5999999999999446,120.8999999999995509,9.2201261520385742
18.5999999999999446,121.0999999999995396,8.0910253524780273
18.5999999999999446,121.1999999999995339,7.6156287193298340
18.4999999999999432,120.6999999999995623,7.1064043045043945
18.4999999999999432,120.7999999999995566,6.5243835449218750
18.4999999999999432,120.8999999999995509,6.1784243583679199
18.4999999999999432,120.9999999999995453,5.7439184188842773
18.4999999999999432,121.0999999999995396,5.1792759895324707
18.4999999999999432,121.1999999999995339,4.7115149497985840
18.4999999999999432,121.2999999999995282,4.5340766906738281
18.4999999999999432,122.1999999999994770,9.2424478530883789
18.3999999999999417,120.5999999999995680,5.5870037078857422
18.3999999999999417,120.6999999999995623,5.0289492607116699
18.3999999999999417,120.7999999999995566,4.1834535598754883
18.3999999999999417,120.8999999999995509,3.5880944728851318
18.3999999999999417,120.9999999999995453,3.1721596717834473
18.3999999999999417,121.0999999999995396,2.7256412506103516
18.3999999999999417,121.1999999999995339,2.3249080181121826
18.3999999999999417,121.2999999999995282,2.3180592060089111
18.3999999999999417,121.3999999999995225,2.6503801345825195
18.3999999999999417,121.4999999999995168,3.0629868507385254
18.3999999999999417,121.5999999999995111,4.1278967857360840
18.3999999999999417,122.0999999999994827,7.4943008422851562
18.3999999999999417,122.1999999999994770,7.8114404678344727
18.3999999999999417,122.2999999999994714,7.7369647026062012
18.2999999999999403,120.6999999999995623,4.4020910263061523
18.2999999999999403,120.7999999999995566,3.6224491596221924
18.2999999999999403,120.8999999999995509,3.1461133956909180
18.2999999999999403,120.9999999999995453,2.8318879604339600
18.2999999999999403,121.0999999999995396,2.4386165142059326
18.2999999999999403,121.1999999999995339,2.0517082214355469
18.2999999999999403,121.2999999999995282,1.9435929059982300
18.2999999999999403,121.3999999999995225,2.2167708873748779
18.2999999999999403,121.4999999999995168,2.7643857002258301
18.2999999999999403,121.5999999999995111,3.5973021984100342
18.2999999999999403,121.6999999999995055,4.6326775550842285
18.2999999999999403,122.0999999999994827,5.9049811363220215
18.2999999999999403,122.1999999999994770,6.3626651763916016
18.2999999999999403,122.2999999999994714,6.7893900871276855
18.1999999999999389,120.4999999999995737,6.1966338157653809
18.1999999999999389,120.5999999999995680,5.0001058578491211
18.1999999999999389,120.6999999999995623,3.9643769264221191
18.1999999999999389,120.7999999999995566,3.2947509288787842
18.1999999999999389,120.8999999999995509,3.0193097591400146
18.1999999999999389,120.9999999999995453,2.8395893573760986
18.1999999999999389,121.0999999999995396,2.4876646995544434
18.1999999999999389,121.1999999999995339,2.1288056373596191
18.1999999999999389,121.2999999999995282,1.7994966506958008
18.1999999999999389,121.3999999999995225,1.9031219482421875
18.1999999999999389,121.4999999999995168,2.3654346466064453
18.1999999999999389,121.5999999999995111,2.8251893520355225
18.1999999999999389,121.6999999999995055,3.4133541584014893
18.1999999999999389,121.7999999999994998,3.8968625068664551
18.1999999999999389,121.8999999999994941,3.8418095111846924
18.1999999999999389,121.9999999999994884,3.7861466407775879
18.1999999999999389,122.0999999999994827,4.1334733963012695
18.1999999999999389,122.1999999999994770,5.0767078399658203
18.0999999999999375,120.4999999999995737,6.6526780128479004
18.0999999999999375,120.5999999999995680,4.6546387672424316
18.0999999999999375,120.6999999999995623,3.5446145534515381
18.0999999999999375,120.7999999999995566,3.0177066326141357
18.0999999999999375,120.8999999999995509,2.9537177085876465
18.0999999999999375,120.9999999999995453,2.8551709651947021
18.0999999999999375,121.0999999999995396,2.5418643951416016
18.0999999999999375,121.1999999999995339,2.2159655094146729
18.0999999999999375,121.2999999999995282,1.7231638431549072
18.0999999999999375,121.3999999999995225,1.6824988126754761
18.0999999999999375,121.4999999999995168,2.0874156951904297
18.0999999999999375,121.5999999999995111,2.3317387104034424
18.0999999999999375,121.6999999999995055,2.5650610923767090
18.0999999999999375,121.7999999999994998,2.7334325313568115
18.0999999999999375,121.8999999999994941,2.5661885738372803
18.0999999999999375,121.9999999999994884,2.4216415882110596
18.0999999999999375,122.0999999999994827,2.8408472537994385
18.0999999999999375,122.1999999999994770,3.7807233333587646
17.9999999999999361,120.5999999999995680,4.2939500808715820
17.9999999999999361,120.6999999999995623,3.1965916156768799
17.9999999999999361,120.7999999999995566,2.8177058696746826
17.9999999999999361,120.8999999999995509,2.9160430431365967
17.9999999999999361,120.9999999999995453,2.9086341857910156
17.9999999999999361,121.0999999999995396,2.6131951808929443
17.9999999999999361,121.1999999999995339,2.2953166961669922
17.9999999999999361,121.2999999999995282,1.7677339315414429
17.9999999999999361,121.3999999999995225,1.6401834487915039
17.9999999999999361,121.4999999999995168,2.0604994297027588
17.9999999999999361,121.5999999999995111,2.1458590030670166
17.9999999999999361,121.6999999999995055,2.2204432487487793
17.9999999999999361,121.7999999999994998,2.2659032344818115
17.9999999999999361,121.8999999999994941,2.0577616691589355
17.9999999999999361,121.9999999999994884,1.9138624668121338
17.9999999999999361,122.0999999999994827,2.4987688064575195
17.8999999999999346,120.4999999999995737,6.5664186477661133
17.8999999999999346,120.5999999999995680,4.0396442413330078
17.8999999999999346,120.6999999999995623,2.8131489753723145
17.8999999999999346,120.7999999999995566,2.6410830020904541
17.8999999999999346,120.8999999999995509,2.9270277023315430
17.8999999999999346,120.9999999999995453,2.9550218582153320
17.8999999999999346,121.0999999999995396,2.6891465187072754
17.8999999999999346,121.1999999999995339,2.4073064327239990
17.8999999999999346,121.2999999999995282,1.8232167959213257
17.8999999999999346,121.3999999999995225,1.6038328409194946
17.8999999999999346,121.4999999999995168,1.8877137899398804
17.8999999999999346,121.5999999999995111,1.9527844190597534
17.8999999999999346,121.6999999999995055,1.8953493833541870
17.8999999999999346,121.7999999999994998,1.7927840948104858
17.8999999999999346,121.8999999999994941,1.5484886169433594
17.8999999999999346,121.9999999999994884,1.4544157981872559
17.8999999999999346,122.0999999999994827,2.0472862720489502
17.7999999999999332,120.4999999999995737,6.7266688346862793
17.7999999999999332,120.5999999999995680,3.9888176918029785
17.7999999999999332,120.6999999999995623,2.7819015979766846
17.7999999999999332,120.7999999999995566,2.5912580490112305
17.7999999999999332,120.8999999999995509,2.8576259613037109
17.7999999999999332,120.9999999999995453,2.8843114376068115
17.7999999999999332,121.0999999999995396,2.6004593372344971
17.7999999999999332,121.1999999999995339,2.2816956043243408
17.7999999999999332,121.2999999999995282,1.7239528894424438
17.7999999999999332,121.3999999999995225,1.5165252685546875
17.7999999999999332,121.4999999999995168,1.9044345617294312
17.7999999999999332,121.5999999999995111,1.8794354200363159
17.7999999999999332,121.6999999999995055,1.7907854318618774
17.7999999999999332,121.7999999999994998,1.6227855682373047
17.7999999999999332,121.8999999999994941,1.3053560256958008
17.7999999999999332,121.9999999999994884,1.2058711051940918
17.7999999999999332,122.0999999999994827,1.9145387411117554
17.6999999999999318,120.3999999999995794,9.8626403808593750
17.6999999999999318,120.4999999999995737,7.0918641090393066
17.6999999999999318,120.5999999999995680,4.3631701469421387
17.6999999999999318,120.6999999999995623,2.9830815792083740
17.6999999999999318,120.7999999999995566,2.6668603420257568
17.6999999999999318,120.8999999999995509,2.7359049320220947
17.6999999999999318,120.9999999999995453,2.6527149677276611
17.6999999999999318,121.0999999999995396,2.3236474990844727
17.6999999999999318,121.1999999999995339,1.9961560964584351
17.6999999999999318,121.2999999999995282,1.4297511577606201
17.6999999999999318,121.3999999999995225,1.3740444183349609
17.6999999999999318,121.4999999999995168,1.8303545713424683
17.6999999999999318,121.5999999999995111,1.9435232877731323
17.6999999999999318,121.6999999999995055,1.9210392236709595
17.6999999999999318,121.7999999999994998,1.7868417501449585
17.6999999999999318,121.8999999999994941,1.3924975395202637
17.6999999999999318,121.9999999999994884,1.2452741861343384
17.6999999999999318,122.0999999999994827,1.8250505924224854
17.5999999999999304,120.3999999999995794,10.5195140838623047
17.5999999999999304,120.4999999999995737,7.4406313896179199
17.5999999999999304,120.5999999999995680,4.6608710289001465
17.5999999999999304,120.6999999999995623,3.2839069366455078
17.5999999999999304,120.7999999999995566,2.7526619434356689
17.5999999999999304,120.8999999999995509,2.6138770580291748
17.5999999999999304,120.9999999999995453,2.4328522682189941
17.5999999999999304,121.0999999999995396,2.0552749633789062
17.5999999999999304,121.1999999999995339,1.6555786132812500
17.5999999999999304,121.2999999999995282,1.1524982452392578
17.5999999999999304,121.3999999999995225,1.2490531206130981
17.5999999999999304,121.4999999999995168,1.9034327268600464
17.5999999999999304,121.5999999999995111,2.0025768280029297
17.5999999999999304,121.6999999999995055,2.0455307960510254
17.5999999999999304,121.7999999999994998,1.9263871908187866
17.5999999999999304,121.8999999999994941,1.4762363433837891
17.5999999999999304,121.9999999999994884,1.2779365777969360
17.5999999999999304,122.0999999999994827,1.8615598678588867
17.4999999999999289,120.4999999999995737,7.5823588371276855
17.4999999999999289,120.5999999999995680,4.8295454978942871
17.4999999999999289,120.6999999999995623,3.2814052104949951
17.4999999999999289,120.7999999999995566,2.6265790462493896
17.4999999999999289,120.8999999999995509,2.3768451213836670
17.4999999999999289,120.9999999999995453,2.2399079799652100
17.4999999999999289,121.0999999999995396,1.9364105463027954
17.4999999999999289,121.1999999999995339,1.6475456953048706
17.4999999999999289,121.2999999999995282,1.0673165321350098
17.4999999999999289,121.3999999999995225,1.0960949659347534
17.4999999999999289,121.4999999999995168,1.6974611282348633
17.4999999999999289,121.5999999999995111,1.8885767459869385
17.4999999999999289,121.6999999999995055,1.9579499959945679
17.4999999999999289,121.7999999999994998,1.8612555265426636
17.4999999999999289,121.8999999999994941,1.3343440294265747
17.4999999999999289,121.9999999999994884,1.1047519445419312
17.4999999999999289,122.0999999999994827,1.5924757719039917
17.3999999999999275,120.4999999999995737,7.6215181350708008
17.3999999999999275,120.5999999999995680,4.8548645973205566
17.3999999999999275,120.6999999999995623,3.2735021114349365
17.3999999999999275,120.7999999999995566,2.3839244842529297
17.3999999999999275,120.8999999999995509,2.0791020393371582
17.3999999999999275,120.9999999999995453,2.0755364894866943
17.3999999999999275,121.0999999999995396,1.9327455759048462
17.3999999999999275,121.1999999999995339,1.7001800537109375
17.3999999999999275,121.2999999999995282,1.1180064678192139
17.3999999999999275,121.3999999999995225,0.9225543141365051
17.3999999999999275,121.4999999999995168,1.5631003379821777
17.3999999999999275,121.5999999999995111,1.6788793802261353
17.3999999999999275,121.6999999999995055,1.7643522024154663
17.3999999999999275,121.7999999999994998,1.6314319372177124
17.3999999999999275,121.8999999999994941,1.0778425931930542
17.3999999999999275,121.9999999999994884,0.7938725352287292
17.3999999999999275,122.0999999999994827,1.2731083631515503
17.3999999999999275,122.1999999999994770,2.0986118316650391
17.2999999999999261,120.4999999999995737,7.4803133010864258
17.2999999999999261,120.5999999999995680,4.8940992355346680
17.2999999999999261,120.6999999999995623,3.1174135208129883
17.2999999999999261,120.7999999999995566,2.1143290996551514
17.2999999999999261,120.8999999999995509,1.8210846185684204
17.2999999999999261,120.9999999999995453,1.9656963348388672
17.2999999999999261,121.0999999999995396,1.9252594709396362
17.2999999999999261,121.1999999999995339,1.8867750167846680
17.2999999999999261,121.2999999999995282,1.1535912752151489
17.2999999999999261,121.3999999999995225,0.7625556588172913
17.2999999999999261,121.4999999999995168,1.3141101598739624
17.2999999999999261,121.5999999999995111,1.5443203449249268
17.2999999999999261,121.6999999999995055,1.6700671911239624
17.2999999999999261,121.7999999999994998,1.6008993387222290
17.2999999999999261,121.8999999999994941,0.9320066571235657
17.2999999999999261,121.9999999999994884,0.5023327469825745
17.2999999999999261,122.0999999999994827,0.9128012061119080
17.2999999999999261,122.1999999999994770,1.5912804603576660
17.2999999999999261,122.2999999999994714,2.3018620014190674
17.1999999999999247,120.4999999999995737,7.5265274047851562
17.1999999999999247,120.5999999999995680,4.5893149375915527
17.1999999999999247,120.6999999999995623,2.7046606540679932
17.1999999999999247,120.7999999999995566,1.7824496030807495
17.1999999999999247,120.8999999999995509,1.7843197584152222
17.1999999999999247,120.9999999999995453,1.9645614624023438
17.1999999999999247,121.0999999999995396,1.8430547714233398
17.1999999999999247,121.1999999999995339,1.6590356826782227
17.1999999999999247,121.2999999999995282,1.0168128013610840
17.1999999999999247,121.3999999999995225,0.7355417609214783
17.1999999999999247,121.4999999999995168,1.4543056488037109
17.1999999999999247,121.5999999999995111,1.6264566183090210
17.1999999999999247,121.6999999999995055,1.7796152830123901
17.1999999999999247,121.7999999999994998,1.6866081953048706
17.1999999999999247,121.8999999999994941,1.0387022495269775
17.1999999999999247,121.9999999999994884,0.3869375288486481
17.1999999999999247,122.0999999999994827,0.6011503934860229
17.1999999999999247,122.1999999999994770,1.2114257812500000
17.1999999999999247,122.2999999999994714,1.8419888019561768
17.1999999999999247,122.3999999999994657,2.3882415294647217
17.0999999999999233,120.4999999999995737,6.9491486549377441
17.0999999999999233,120.5999999999995680,4.1908440589904785
17.0999999999999233,120.6999999999995623,2.1077780723571777
17.0999999999999233,120.7999999999995566,1.5549460649490356
17.0999999999999233,120.8999999999995509,1.9108713865280151
17.0999999999999233,120.9999999999995453,2.0572230815887451
17.0999999999999233,121.0999999999995396,1.7496929168701172
17.0999999999999233,121.1999999999995339,1.5122669935226440
17.0999999999999233,121.2999999999995282,0.8095415234565735
17.0999999999999233,121.3999999999995225,0.7963277697563171
17.0999999999999233,121.4999999999995168,1.4971565008163452
17.0999999999999233,121.5999999999995111,1.7913950681686401
17.0999999999999233,121.6999999999995055,1.9560447931289673
17.0999999999999233,121.7999999999994998,1.9130531549453735
17.0999999999999233,121.8999999999994941,1.2295882701873779
17.0999999999999233,121.9999999999994884,0.5034992098808289
17.0999999999999233,122.0999999999994827,0.2808111906051636
17.0999999999999233,122.1999999999994770,0.8725232481956482
17.0999999999999233,122.2999999999994714,1.4674572944641113
17.0999999999999233,122.3999999999994657,2.4120929241180420
17.0999999999999233,122.4999999999994600,3.7622883319854736
16.9999999999999218,120.4999999999995737,6.8546738624572754
16.9999999999999218,120.5999999999995680,3.7401027679443359
16.9999999999999218,120.6999999999995623,1.7152032852172852
16.9999999999999218,120.7999999999995566,1.5788820981979370
16.9999999999999218,120.8999999999995509,2.1963391304016113
16.9999999999999218,120.9999999999995453,2.1834967136383057
16.9999999999999218,121.0999999999995396,1.6661760807037354
16.9999999999999218,121.1999999999995339,1.2056349515914917
16.9999999999999218,121.2999999999995282,0.6284344792366028
16.9999999999999218,121.3999999999995225,0.8766992688179016
16.9999999999999218,121.4999999999995168,1.6806465387344360
16.9999999999999218,121.5999999999995111,1.9136860370635986
16.9999999999999218,121.6999999999995055,2.0992877483367920
16.9999999999999218,121.7999999999994998,2.0569548606872559
16.9999999999999218,121.8999999999994941,1.4195096492767334
16.9999999999999218,121.9999999999994884,0.7283712029457092
16.9999999999999218,122.0999999999994827,0.1729653626680374
16.9999999999999218,122.1999999999994770,0.6111934781074524
16.9999999999999218,122.2999999999994714,1.2662875652313232
16.9999999999999218,122.3999999999994657,2.3515431880950928
16.8999999999999204,120.3999999999995794,7.6751036643981934
16.8999999999999204,120.4999999999995737,5.7719836235046387
16.8999999999999204,120.5999999999995680,3.0926351547241211
16.8999999999999204,120.6999999999995623,1.5695260763168335
16.8999999999999204,120.7999999999995566,1.7591772079467773
16.8999999999999204,120.8999999999995509,2.2429788112640381
16.8999999999999204,120.9999999999995453,2.1475932598114014
16.8999999999999204,121.0999999999995396,1.5258638858795166
16.8999999999999204,121.1999999999995339,0.9414069056510925
16.8999999999999204,121.2999999999995282,0.4499323070049286
16.8999999999999204,121.3999999999995225,0.8963996171951294
16.8999999999999204,121.4999999999995168,1.5554660558700562
16.8999999999999204,121.5999999999995111,1.8950920104980469
16.8999999999999204,121.6999999999995055,2.1219780445098877
16.8999999999999204,121.7999999999994998,2.1454427242279053
16.8999999999999204,121.8999999999994941,1.5749667882919312
16.8999999999999204,121.9999999999994884,0.9844976663589478
16.8999999999999204,122.0999999999994827,0.4558245837688446
16.8999999999999204,122.1999999999994770,0.7052033543586731
16.8999999999999204,122.2999999999994714,1.4424614906311035
16.8999999999999204,122.3999999999994657,2.8861327171325684
16.7999999999999190,120.3999999999995794,6.7172942161560059
16.7999999999999190,120.4999999999995737,4.6084456443786621
16.7999999999999190,120.5999999999995680,2.5756342411041260
16.7999999999999190,120.6999999999995623,1.6357914209365845
16.7999999999999190,120.7999999999995566,1.9622169733047485
16.7999999999999190,120.8999999999995509,2.3852419853210449
16.7999999999999190,120.9999999999995453,2.0949406623840332
16.7999999999999190,121.0999999999995396,1.3589065074920654
16.7999999999999190,121.1999999999995339,0.6375027894973755
16.7999999999999190,121.2999999999995282,0.3062388598918915
16.7999999999999190,121.3999999999995225,0.9018592834472656
16.7999999999999190,121.4999999999995168,1.5597294569015503
16.7999999999999190,121.5999999999995111,1.8773666620254517
16.7999999999999190,121.6999999999995055,2.1584985256195068
16.7999999999999190,121.7999999999994998,2.2499580383300781
16.7999999999999190,121.8999999999994941,1.7397836446762085
16.7999999999999190,121.9999999999994884,1.2460025548934937
16.7999999999999190,122.0999999999994827,0.7845249176025391
16.7999999999999190,122.1999999999994770,0.9543372392654419
16.7999999999999190,122.2999999999994714,1.8271057605743408
16.7999999999999190,122.3999999999994657,2.8267655372619629
16.6999999999999176,120.3999999999995794,5.3762073516845703
16.6999999999999176,120.4999999999995737,3.7296936511993408
16.6999999999999176,120.5999999999995680,2.2715134620666504
16.6999999999999176,120.6999999999995623,1.8371404409408569
16.6999999999999176,120.7999999999995566,2.1418735980987549
16.6999999999999176,120.8999999999995509,2.4134151935577393
16.6999999999999176,120.9999999999995453,2.0737497806549072
16.6999999999999176,121.0999999999995396,1.2746452093124390
16.6999999999999176,121.1999999999995339,0.4786872565746307
16.6999999999999176,121.2999999999995282,0.4076316058635712
16.6999999999999176,121.3999999999995225,1.0082423686981201
16.6999999999999176,121.4999999999995168,1.5733021497726440
16.6999999999999176,121.5999999999995111,1.9199907779693604
16.6999999999999176,121.6999999999995055,2.1988790035247803
16.6999999999999176,121.7999999999994998,2.3059618473052979
16.6999999999999176,121.8999999999994941,1.8183615207672119
16.6999999999999176,121.9999999999994884,1.3452305793762207
16.6999999999999176,122.0999999999994827,0.9529892206192017
16.6999999999999176,122.1999999999994770,1.5235048532485962
16.6999999999999176,122.2999999999994714,2.6272230148315430
16.5999999999999162,120.2999999999995850,6.6987481117248535
16.5999999999999162,120.3999999999995794,5.1669287681579590
16.5999999999999162,120.4999999999995737,3.7755939960479736
16.5999999999999162,120.5999999999995680,2.4776060581207275
16.5999999999999162,120.6999999999995623,1.9921270608901978
16.5999999999999162,120.7999999999995566,2.2743296623229980
16.5999999999999162,120.8999999999995509,2.5568721294403076
16.5999999999999162,120.9999999999995453,2.2697865962982178
16.5999999999999162,121.0999999999995396,1.6829369068145752
16.5999999999999162,121.1999999999995339,1.2076586484909058
16.5999999999999162,121.2999999999995282,1.2004354000091553
16.5999999999999162,121.3999999999995225,1.5514883995056152
16.5999999999999162,121.4999999999995168,1.9832057952880859
16.5999999999999162,121.5999999999995111,2.0675988197326660
16.5999999999999162,121.6999999999995055,2.1606516838073730
16.5999999999999162,121.7999999999994998,2.1728377342224121
16.5999999999999162,121.8999999999994941,1.7161146402359009
16.5999999999999162,121.9999999999994884,1.2934229373931885
16.5999999999999162,122.0999999999994827,1.6043179035186768
16.5999999999999162,122.1999999999994770,3.1453795433044434
16.5999999999999162,122.2999999999994714,4.2366299629211426
16.4999999999999147,120.2999999999995850,6.0974802970886230
16.4999999999999147,120.3999999999995794,5.2058453559875488
16.4999999999999147,120.4999999999995737,3.9118812084197998
16.4999999999999147,120.5999999999995680,2.6947772502899170
16.4999999999999147,120.6999999999995623,2.1822900772094727
16.4999999999999147,120.7999999999995566,2.4887197017669678
16.4999999999999147,120.8999999999995509,2.7840418815612793
16.4999999999999147,120.9999999999995453,2.6720719337463379
16.4999999999999147,121.0999999999995396,2.3308682441711426
16.4999999999999147,121.1999999999995339,2.0844428539276123
16.4999999999999147,121.2999999999995282,2.0535333156585693
16.4999999999999147,121.3999999999995225,2.2001411914825439
16.4999999999999147,121.4999999999995168,2.3588917255401611
16.4999999999999147,121.5999999999995111,2.2313995361328125
16.4999999999999147,121.6999999999995055,2.1254599094390869
16.4999999999999147,121.7999999999994998,2.0413291454315186
16.4999999999999147,121.8999999999994941,1.6977742910385132
16.4999999999999147,121.9999999999994884,1.7601751089096069
16.4999999999999147,122.0999999999994827,2.8300192356109619
16.4999999999999147,122.1999999999994770,4.9473567008972168
16.3999999999999133,120.3999999999995794,5.5092396736145020
16.3999999999999133,120.4999999999995737,4.2096672058105469
16.3999999999999133,120.5999999999995680,2.9364500045776367
16.3999999999999133,120.6999999999995623,2.3585689067840576
16.3999999999999133,120.7999999999995566,2.6616637706756592
16.3999999999999133,120.8999999999995509,2.9743211269378662
16.3999999999999133,120.9999999999995453,2.9733772277832031
16.3999999999999133,121.0999999999995396,2.8460016250610352
16.3999999999999133,121.1999999999995339,2.7563219070434570
16.3999999999999133,121.2999999999995282,2.6319184303283691
16.3999999999999133,121.3999999999995225,2.5640399456024170
16.3999999999999133,121.4999999999995168,2.5391681194305420
16.3999999999999133,121.5999999999995111,2.1870403289794922
16.3999999999999133,121.6999999999995055,1.8943903446197510
16.3999999999999133,121.7999999999994998,1.7481052875518799
16.3999999999999133,121.8999999999994941,2.0767760276794434
16.3999999999999133,121.9999999999994884,2.9569981098175049
16.3999999999999133,122.0999999999994827,4.5590200424194336
16.3999999999999133,122.1999999999994770,6.6298265457153320
16.2999999999999119,119.7999999999996135,9.0510168075561523
16.2999999999999119,120.3999999999995794,6.1244444847106934
16.2999999999999119,120.4999999999995737,4.7220830917358398
16.2999999999999119,120.5999999999995680,3.2408630847930908
16.2999999999999119,120.6999999999995623,2.4871392250061035
16.2999999999999119,120.7999999999995566,2.6854283809661865
16.2999999999999119,120.8999999999995509,2.9013490676879883
16.2999999999999119,120.9999999999995453,3.0089643001556396
16.2999999999999119,121.0999999999995396,3.0401480197906494
16.2999999999999119,121.1999999999995339,3.0952215194702148
16.2999999999999119,121.2999999999995282,2.8836212158203125
16.2999999999999119,121.3999999999995225,2.5958383083343506
16.2999999999999119,121.4999999999995168,2.3469095230102539
16.2999999999999119,121.5999999999995111,2.1094310283660889
16.2999999999999119,121.6999999999995055,1.8580836057662964
16.2999999999999119,121.7999999999994998,1.9477041959762573
16.2999999999999119,121.8999999999994941,3.4213275909423828
16.2999999999999119,121.9999999999994884,5.0580558776855469
16.2999999999999119,122.0999999999994827,6.9250979423522949
16.1999999999999105,119.7999999999996135,8.4376163482666016
16.1999999999999105,119.8999999999996078,8.8706293106079102
16.1999999999999105,119.9999999999996021,9.3437805175781250
16.1999999999999105,120.4999999999995737,5.2146639823913574
16.1999999999999105,120.5999999999995680,3.5036582946777344
16.1999999999999105,120.6999999999995623,2.5966808795928955
16.1999999999999105,120.7999999999995566,2.6980922222137451
16.1999999999999105,120.8999999999995509,2.8379671573638916
16.1999999999999105,120.9999999999995453,3.0186645984649658
16.1999999999999105,121.0999999999995396,3.2211129665374756
16.1999999999999105,121.1999999999995339,3.3699204921722412
16.1999999999999105,121.2999999999995282,3.1804461479187012
16.1999999999999105,121.3999999999995225,2.8061585426330566
16.1999999999999105,121.4999999999995168,2.4671990871429443
16.1999999999999105,121.5999999999995111,2.4817152023315430
16.1999999999999105,121.6999999999995055,2.5158739089965820
16.1999999999999105,121.7999999999994998,3.1388936042785645
16.1999999999999105,121.8999999999994941,4.9999570846557617
16.1999999999999105,121.9999999999994884,7.1378645896911621
16.0999999999999091,119.7999999999996135,8.6775712966918945
16.0999999999999091,119.8999999999996078,8.5873403549194336
16.0999999999999091,119.9999999999996021,8.8011789321899414
16.0999999999999091,120.4999999999995737,4.1143236160278320
16.0999999999999091,120.5999999999995680,2.5274620056152344
16.0999999999999091,120.6999999999995623,1.7729883193969727
16.0999999999999091,120.7999999999995566,2.1494891643524170
16.0999999999999091,120.8999999999995509,2.5513844490051270
16.0999999999999091,120.9999999999995453,2.8435609340667725
16.0999999999999091,121.0999999999995396,3.1301779747009277
16.0999999999999091,121.1999999999995339,3.4157197475433350
16.0999999999999091,121.2999999999995282,3.2501847743988037
16.0999999999999091,121.3999999999995225,3.0063798427581787
16.0999999999999091,121.4999999999995168,2.9116849899291992
16.0999999999999091,121.5999999999995111,3.2750270366668701
16.0999999999999091,121.6999999999995055,3.7068428993225098
15.9999999999999094,119.7999999999996135,9.6508274078369141
15.9999999999999094,119.8999999999996078,8.7993421554565430
15.9999999999999094,119.9999999999996021,7.9601144790649414
15.9999999999999094,120.0999999999995964,7.0168709754943848
15.9999999999999094,120.1999999999995907,5.4721808433532715
15.9999999999999094,120.2999999999995850,3.9993515014648438
15.9999999999999094,120.3999999999995794,2.9432220458984375
15.9999999999999094,120.4999999999995737,1.7975990772247314
15.9999999999999094,120.5999999999995680,0.6656566858291626
15.9999999999999094,120.6999999999995623,0.3778457045555115
15.9999999999999094,120.7999999999995566,1.1726568937301636
15.9999999999999094,120.8999999999995509,2.0261394977569580
15.9999999999999094,120.9999999999995453,2.5190932750701904
15.9999999999999094,121.0999999999995396,2.8351838588714600
15.9999999999999094,121.1999999999995339,3.1082375049591064
15.9999999999999094,121.2999999999995282,3.1614058017730713
15.9999999999999094,121.3999999999995225,3.1469027996063232
15.9999999999999094,121.4999999999995168,3.2260291576385498
15.9999999999999094,121.5999999999995111,4.0579762458801270
15.8999999999999098,119.9999999999996021,7.1572794914245605
15.8999999999999098,120.0999999999995964,5.4429345130920410
15.8999999999999098,120.1999999999995907,3.6416878700256348
15.8999999999999098,120.2999999999995850,1.8741865158081055
15.8999999999999098,120.3999999999995794,0.6185641884803772
15.8999999999999098,120.4999999999995737,0.4706251323223114
15.8999999999999098,120.5999999999995680,1.1359529495239258
15.8999999999999098,120.6999999999995623,1.0135557651519775
15.8999999999999098,120.7999999999995566,0.2608694136142731
15.8999999999999098,120.8999999999995509,1.5095403194427490
15.8999999999999098,120.9999999999995453,2.1825006008148193
15.8999999999999098,121.0999999999995396,2.5178287029266357
15.8999999999999098,121.1999999999995339,2.8557608127593994
15.8999999999999098,121.2999999999995282,3.0553357601165771
15.8999999999999098,121.3999999999995225,3.3169486522674561
15.8999999999999098,121.4999999999995168,3.7960116863250732
15.8999999999999098,121.5999999999995111,4.3168621063232422
15.7999999999999101,119.9999999999996021,6.2985033988952637
15.7999999999999101,120.0999999999995964,4.3149428367614746
15.7999999999999101,120.1999999999995907,2.6167058944702148
15.7999999999999101,120.2999999999995850,0.9807624816894531
15.7999999999999101,120.3999999999995794,0.4050867557525635
15.7999999999999101,120.4999999999995737,0.9764747023582458
15.7999999999999101,120.5999999999995680,1.5810950994491577
15.7999999999999101,120.6999999999995623,1.4113649129867554
15.7999999999999101,120.7999999999995566,0.4373646676540375
15.7999999999999101,120.8999999999995509,1.0596778392791748
15.7999999999999101,120.9999999999995453,1.6873987913131714
15.7999999999999101,121.0999999999995396,2.0014436244964600
15.7999999999999101,121.1999999999995339,2.3416950702667236
15.7999999999999101,121.2999999999995282,2.8050811290740967
15.7999999999999101,121.3999999999995225,3.3787560462951660
15.7999999999999101,121.4999999999995168,4.0203280448913574
15.6999999999999105,119.9999999999996021,5.3929781913757324
15.6999999999999105,120.0999999999995964,3.3291809558868408
15.6999999999999105,120.1999999999995907,2.0231790542602539
15.6999999999999105,120.2999999999995850,0.8021096587181091
15.6999999999999105,120.3999999999995794,0.3648941814899445
15.6999999999999105,120.4999999999995737,0.9715908169746399
15.6999999999999105,120.5999999999995680,1.5641677379608154
15.6999999999999105,120.6999999999995623,1.5412524938583374
15.6999999999999105,120.7999999999995566,0.9342619776725769
15.6999999999999105,120.8999999999995509,0.9028692245483398
15.6999999999999105,120.9999999999995453,1.1844460964202881
15.6999999999999105,121.0999999999995396,1.3877499103546143
15.6999999999999105,121.1999999999995339,1.6720501184463501
15.6999999999999105,121.2999999999995282,2.4416644573211670
15.6999999999999105,121.3999999999995225,3.3662297725677490
15.6999999999999105,121.4999999999995168,4.4753985404968262
15.5999999999999108,119.9999999999996021,4.5333547592163086
15.5999999999999108,120.0999999999995964,2.5873444080352783
15.5999999999999108,120.1999999999995907,1.6054130792617798
15.5999999999999108,120.2999999999995850,0.7784497141838074
15.5999999999999108,120.3999999999995794,0.4663844704627991
15.5999999999999108,120.4999999999995737,0.9982151985168457
15.5999999999999108,120.5999999999995680,1.5936279296875000
15.5999999999999108,120.6999999999995623,1.7452738285064697
15.5999999999999108,120.7999999999995566,1.3871849775314331
15.5999999999999108,120.8999999999995509,1.1939755678176880
15.5999999999999108,120.9999999999995453,0.9925641417503357
15.5999999999999108,121.0999999999995396,0.9534377455711365
15.5999999999999108,121.1999999999995339,1.3690364360809326
15.5999999999999108,121.2999999999995282,2.4195959568023682
15.5999999999999108,121.3999999999995225,3.6570801734924316
15.5999999999999108,121.4999999999995168,4.9685230255126953
15.4999999999999112,119.9999999999996021,3.8916394710540771
15.4999999999999112,120.0999999999995964,2.2744650840759277
15.4999999999999112,120.1999999999995907,1.7033067941665649
15.4999999999999112,120.2999999999995850,1.2625524997711182
15.4999999999999112,120.3999999999995794,0.7636110186576843
15.4999999999999112,120.4999999999995737,0.5381608009338379
15.4999999999999112,120.5999999999995680,1.1048905849456787
15.4999999999999112,120.6999999999995623,1.4941776990890503
15.4999999999999112,120.7999999999995566,1.5608164072036743
15.4999999999999112,120.8999999999995509,1.6175488233566284
15.4999999999999112,120.9999999999995453,1.2621186971664429
15.4999999999999112,121.0999999999995396,1.2083555459976196
15.4999999999999112,121.1999999999995339,2.0142905712127686
15.4999999999999112,121.2999999999995282,3.5432288646697998
15.4999999999999112,121.3999999999995225,5.1950469017028809
15.4999999999999112,121.4999999999995168,6.2704091072082520
15.3999999999999115,119.8999999999996078,4.8510360717773438
15.3999999999999115,119.9999999999996021,3.3919837474822998
15.3999999999999115,120.0999999999995964,2.2452206611633301
15.3999999999999115,120.1999999999995907,2.1187078952789307
15.3999999999999115,120.2999999999995850,2.0876173973083496
15.3999999999999115,120.3999999999995794,1.7896795272827148
15.3999999999999115,120.4999999999995737,0.8751706480979919
15.3999999999999115,120.5999999999995680,0.5228660702705383
15.3999999999999115,120.6999999999995623,1.2050141096115112
15.3999999999999115,120.7999999999995566,1.6999233961105347
15.3999999999999115,120.8999999999995509,2.2249524593353271
15.3999999999999115,120.9999999999995453,1.6487253904342651
15.3999999999999115,121.0999999999995396,1.6570266485214233
15.3999999999999115,121.1999999999995339,3.0992665290832520
15.3999999999999115,121.2999999999995282,5.0509829521179199
15.2999999999999119,119.9999999999996021,3.0050210952758789
15.2999999999999119,120.0999999999995964,2.3005559444427490
15.2999999999999119,120.1999999999995907,2.4153332710266113
15.2999999999999119,120.2999999999995850,2.6606733798980713
15.2999999999999119,120.3999999999995794,2.5119411945343018
15.2999999999999119,120.4999999999995737,1.5039004087448120
15.2999999999999119,120.5999999999995680,0.5317055583000183
15.2999999999999119,120.6999999999995623,0.8649129867553711
15.2999999999999119,120.7999999999995566,1.7441071271896362
15.2999999999999119,120.8999999999995509,2.4941911697387695
15.2999999999999119,120.9999999999995453,2.0300326347351074
15.2999999999999119,121.0999999999995396,2.0958335399627686
15.2999999999999119,121.1999999999995339,3.7767472267150879
15.2999999999999119,121.2999999999995282,5.9524607658386230
15.2999999999999119,121.3999999999995225,7.7724833488464355
15.1999999999999122,120.0999999999995964,2.5420169830322266
15.1999999999999122,120.1999999999995907,2.4138133525848389
15.1999999999999122,120.2999999999995850,2.3851575851440430
15.1999999999999122,120.3999999999995794,2.1636908054351807
15.1999999999999122,120.4999999999995737,1.5955183506011963
15.1999999999999122,120.5999999999995680,1.1108177900314331
15.1999999999999122,120.6999999999995623,1.1221272945404053
15.1999999999999122,120.7999999999995566,1.9043692350387573
15.1999999999999122,120.8999999999995509,2.7995343208312988
15.1999999999999122,120.9999999999995453,2.5237815380096436
15.1999999999999122,121.0999999999995396,2.5169711112976074
15.1999999999999122,121.1999999999995339,3.6048011779785156
15.1999999999999122,121.2999999999995282,5.1483931541442871
15.0999999999999126,120.0999999999995964,2.9163975715637207
15.0999999999999126,120.1999999999995907,2.4329338073730469
15.0999999999999126,120.2999999999995850,2.0512666702270508
15.0999999999999126,120.3999999999995794,1.7852429151535034
15.0999999999999126,120.4999999999995737,1.7020641565322876
15.0999999999999126,120.5999999999995680,1.7004874944686890
15.0999999999999126,120.6999999999995623,1.8193126916885376
15.0999999999999126,120.7999999999995566,2.4027965068817139
15.0999999999999126,120.8999999999995509,3.1461074352264404
15.0999999999999126,120.9999999999995453,3.1309592723846436
15.0999999999999126,121.0999999999995396,2.9750812053680420
15.0999999999999126,121.1999999999995339,3.5134179592132568
15.0999999999999126,121.2999999999995282,4.3525567054748535
15.0999999999999126,121.3999999999995225,5.2156863212585449
14.9999999999999130,120.0999999999995964,3.6743228435516357
14.9999999999999130,120.1999999999995907,2.9215450286865234
14.9999999999999130,120.2999999999995850,2.2614965438842773
14.9999999999999130,120.3999999999995794,1.9262634515762329
14.9999999999999130,120.4999999999995737,2.1658563613891602
14.9999999999999130,120.5999999999995680,2.3906838893890381
14.9999999999999130,120.6999999999995623,2.7601366043090820
14.9999999999999130,120.7999999999995566,2.9931249618530273
14.9999999999999130,120.8999999999995509,3.5189335346221924
14.9999999999999130,120.9999999999995453,3.4591922760009766
14.9999999999999130,121.0999999999995396,3.2508893013000488
14.9999999999999130,121.1999999999995339,3.4121348857879639
14.9999999999999130,121.2999999999995282,3.7478425502777100
14.9999999999999130,121.3999999999995225,4.1062889099121094
14.9999999999999130,121.4999999999995168,4.5616030693054199
14.9999999999999130,121.8999999999994941,9.9881677627563477
14.9999999999999130,121.9999999999994884,11.5853176116943359
14.8999999999999133,120.0999999999995964,5.2593107223510742
14.8999999999999133,120.1999999999995907,4.3747773170471191
14.8999999999999133,120.2999999999995850,3.5735776424407959
14.8999999999999133,120.3999999999995794,3.1236817836761475
14.8999999999999133,120.4999999999995737,3.5298473834991455
14.8999999999999133,120.7999999999995566,3.7115483283996582
14.8999999999999133,120.8999999999995509,3.4820106029510498
14.8999999999999133,120.9999999999995453,3.2920653820037842
14.8999999999999133,121.0999999999995396,3.1216330528259277
14.8999999999999133,121.1999999999995339,3.1886339187622070
14.8999999999999133,121.2999999999995282,3.4471154212951660
14.8999999999999133,121.3999999999995225,3.7270252704620361
14.8999999999999133,121.4999999999995168,4.1976046562194824
14.8999999999999133,121.8999999999994941,10.8459825515747070
14.8999999999999133,121.9999999999994884,11.9057321548461914
14.7999999999999137,120.1999999999995907,6.1381297111511230
14.7999999999999137,120.2999999999995850,4.6067166328430176
14.7999999999999137,120.3999999999995794,4.4535765647888184
14.7999999999999137,120.4999999999995737,4.8959436416625977
14.7999999999999137,120.8999999999995509,3.5760116577148438
14.7999999999999137,120.9999999999995453,3.2853569984436035
14.7999999999999137,121.0999999999995396,3.0717961788177490
14.7999999999999137,121.1999999999995339,3.0001220703125000
14.7999999999999137,121.2999999999995282,3.1415758132934570
14.7999999999999137,121.3999999999995225,3.3632702827453613
14.7999999999999137,121.4999999999995168,3.7036578655242920
14.7999999999999137,121.5999999999995111,5.3221416473388672
14.7999999999999137,121.8999999999994941,11.9150915145874023
14.7999999999999137,121.9999999999994884,13.3049926757812500
14.7999999999999137,122.1999999999994770,15.4055042266845703
14.6999999999999140,120.2999999999995850,5.9589438438415527
14.6999999999999140,120.3999999999995794,6.0115523338317871
14.6999999999999140,120.4999999999995737,6.4971785545349121
14.6999999999999140,120.9999999999995453,3.8018558025360107
14.6999999999999140,121.0999999999995396,3.6528089046478271
14.6999999999999140,121.1999999999995339,3.5686886310577393
14.6999999999999140,121.2999999999995282,3.6470768451690674
14.6999999999999140,121.3999999999995225,3.7510545253753662
14.6999999999999140,121.4999999999995168,4.1188769340515137
14.6999999999999140,121.5999999999995111,5.4610395431518555
14.6999999999999140,121.9999999999994884,13.4340562820434570
14.6999999999999140,122.3999999999994657,16.6609916687011719
14.5999999999999144,120.3999999999995794,8.0567703247070312
14.5999999999999144,120.4999999999995737,8.3400030136108398
14.5999999999999144,120.5999999999995680,8.8554439544677734
14.5999999999999144,120.9999999999995453,4.7879967689514160
14.5999999999999144,121.0999999999995396,4.7709965705871582
14.5999999999999144,121.1999999999995339,4.8306260108947754
14.5999999999999144,121.2999999999995282,4.8399538993835449
14.5999999999999144,121.3999999999995225,4.8158922195434570
14.5999999999999144,121.4999999999995168,4.9146814346313477
14.5999999999999144,121.5999999999995111,6.8184828758239746
14.4999999999999147,120.4999999999995737,9.9778766632080078
14.4999999999999147,120.5999999999995680,9.9168767929077148
14.4999999999999147,121.0999999999995396,5.6614165306091309
14.4999999999999147,121.1999999999995339,5.9499783515930176
14.4999999999999147,121.2999999999995282,5.8472189903259277
14.4999999999999147,121.3999999999995225,5.7797245979309082
14.4999999999999147,121.4999999999995168,6.0282144546508789
14.4999999999999147,121.5999999999995111,7.4815087318420410
14.3999999999999151,120.7999999999995566,6.4587244987487793
14.3999999999999151,120.8999999999995509,5.2639727592468262
14.3999999999999151,120.9999999999995453,5.2899622917175293
14.3999999999999151,121.2999999999995282,5.2447524070739746
14.3999999999999151,121.4999999999995168,5.4164991378784180
14.3999999999999151,121.5999999999995111,7.7725868225097656
14.3999999999999151,121.6999999999995055,9.3644075393676758
14.2999999999999154,120.6999999999995623,7.0207200050354004
14.2999999999999154,120.7999999999995566,6.0032267570495605
14.2999999999999154,120.8999999999995509,4.7868742942810059
14.2999999999999154,120.9999999999995453,4.3415179252624512
14.2999999999999154,121.0999999999995396,4.4742536544799805
14.2999999999999154,121.4999999999995168,4.6741538047790527
14.2999999999999154,121.5999999999995111,6.9731440544128418
14.2999999999999154,121.6999999999995055,9.8531179428100586
14.2999999999999154,122.4999999999994600,8.7355947494506836
14.2999999999999154,122.6999999999994486,7.8662948608398438
14.1999999999999158,120.5999999999995680,7.3454794883728027
14.1999999999999158,120.6999999999995623,6.2233963012695312
14.1999999999999158,120.7999999999995566,5.1419320106506348
14.1999999999999158,120.8999999999995509,4.0659360885620117
14.1999999999999158,120.9999999999995453,3.6628429889678955
14.1999999999999158,121.0999999999995396,3.6888310909271240
14.1999999999999158,121.3999999999995225,3.3819282054901123
14.1999999999999158,121.4999999999995168,3.5409505367279053
14.1999999999999158,121.5999999999995111,6.2915873527526855
14.1999999999999158,121.6999999999995055,9.3659248352050781
14.1999999999999158,121.9999999999994884,11.2975521087646484
14.1999999999999158,122.3999999999994657,5.8507261276245117
14.1999999999999158,122.4999999999994600,5.7246551513671875
14.1999999999999158,122.5999999999994543,5.1683888435363770
14.1999999999999158,122.6999999999994486,4.8173403739929199
14.1999999999999158,122.7999999999994429,4.5666289329528809
14.1999999999999158,122.8999999999994373,4.1969456672668457
14.0999999999999162,120.5999999999995680,7.4209337234497070
14.0999999999999162,120.6999999999995623,6.6838426589965820
14.0999999999999162,120.7999999999995566,5.6279540061950684
14.0999999999999162,120.8999999999995509,4.6081733703613281
14.0999999999999162,120.9999999999995453,3.9536442756652832
14.0999999999999162,121.0999999999995396,3.5835902690887451
14.0999999999999162,121.1999999999995339,3.2122018337249756
14.0999999999999162,121.2999999999995282,3.1895351409912109
14.0999999999999162,121.3999999999995225,3.2663211822509766
14.0999999999999162,121.4999999999995168,3.8725273609161377
14.0999999999999162,121.5999999999995111,6.1863641738891602
14.0999999999999162,121.6999999999995055,9.0400533676147461
14.0999999999999162,121.7999999999994998,11.2373380661010742
14.0999999999999162,122.0999999999994827,8.5684347152709961
14.0999999999999162,122.2999999999994714,5.7259640693664551
14.0999999999999162,122.3999999999994657,4.8034768104553223
14.0999999999999162,122.4999999999994600,4.4198083877563477
14.0999999999999162,122.5999999999994543,4.0432686805725098
14.0999999999999162,122.6999999999994486,3.8413178920745850
14.0999999999999162,122.7999999999994429,3.7131347656250000
14.0999999999999162,122.8999999999994373,3.9882099628448486
14.0999999999999162,122.9999999999994316,5.1738452911376953
13.9999999999999165,120.6999999999995623,7.6272940635681152
13.9999999999999165,120.7999999999995566,6.5875253677368164
13.9999999999999165,120.8999999999995509,5.5659375190734863
13.9999999999999165,120.9999999999995453,4.6560645103454590
13.9999999999999165,121.0999999999995396,3.8054242134094238
13.9999999999999165,121.1999999999995339,3.0115277767181396
13.9999999999999165,121.2999999999995282,3.1020462512969971
13.9999999999999165,121.3999999999995225,3.4837195873260498
13.9999999999999165,121.4999999999995168,4.1054201126098633
13.9999999999999165,121.5999999999995111,6.3129563331604004
13.9999999999999165,121.6999999999995055,8.7848024368286133
13.9999999999999165,121.7999999999994998,10.4098682403564453
13.9999999999999165,121.8999999999994941,9.5945072174072266
13.9999999999999165,122.3999999999994657,3.7367691993713379
13.9999999999999165,122.4999999999994600,3.6761288642883301
13.9999999999999165,122.5999999999994543,3.6386411190032959
13.9999999999999165,122.6999999999994486,3.6156868934631348
13.9999999999999165,122.7999999999994429,3.5951797962188721
13.9999999999999165,122.8999999999994373,3.8514831066131592
13.9999999999999165,122.9999999999994316,6.0078883171081543
13.9999999999999165,123.2999999999994145,9.7219772338867188
13.9999999999999165,124.1999999999993634,9.3399505615234375
13.9999999999999165,124.2999999999993577,7.6895194053649902
13.8999999999999169,120.5999999999995680,9.2458963394165039
13.8999999999999169,120.9999999999995453,5.3144388198852539
13.8999999999999169,121.0999999999995396,4.0258741378784180
13.8999999999999169,121.1999999999995339,2.7642862796783447
13.8999999999999169,121.2999999999995282,3.0704379081726074
13.8999999999999169,121.3999999999995225,3.7044003009796143
13.8999999999999169,121.4999999999995168,4.5531644821166992
13.8999999999999169,121.9999999999994884,7.0044794082641602
13.8999999999999169,122.0999999999994827,5.3479743003845215
13.8999999999999169,122.1999999999994770,4.2215843200683594
13.8999999999999169,122.2999999999994714,3.3330745697021484
13.8999999999999169,122.3999999999994657,2.9818100929260254
13.8999999999999169,122.6999999999994486,3.5599021911621094
13.8999999999999169,122.7999999999994429,3.5905520915985107
13.8999999999999169,122.8999999999994373,3.9043769836425781
13.8999999999999169,122.9999999999994316,5.7063298225402832
13.8999999999999169,123.3999999999994088,7.0168948173522949
13.8999999999999169,123.4999999999994031,6.4867653846740723
13.8999999999999169,123.5999999999993975,7.7665710449218750
13.8999999999999169,123.6999999999993918,8.9768648147583008
13.8999999999999169,124.1999999999993634,8.2904300689697266
13.8999999999999169,124.2999999999993577,6.5986342430114746
13.7999999999999172,120.0999999999995964,10.5861978530883789
13.7999999999999172,120.1999999999995907,10.6165227890014648
13.7999999999999172,120.8999999999995509,6.6079306602478027
13.7999999999999172,120.9999999999995453,5.6416158676147461
13.7999999999999172,121.0999999999995396,4.2232050895690918
13.7999999999999172,121.1999999999995339,2.9030430316925049
13.7999999999999172,121.2999999999995282,3.1100778579711914
13.7999999999999172,121.3999999999995225,3.8419041633605957
13.7999999999999172,121.9999999999994884,5.9443182945251465
13.7999999999999172,122.0999999999994827,4.8640627861022949
13.7999999999999172,122.1999999999994770,4.1292562484741211
13.7999999999999172,122.2999999999994714,3.4088571071624756
13.7999999999999172,122.3999999999994657,3.3051202297210693
13.7999999999999172,122.7999999999994429,3.9393804073333740
13.7999999999999172,122.8999999999994373,4.1047472953796387
13.7999999999999172,122.9999999999994316,5.5534152984619141
13.7999999999999172,123.2999999999994145,6.8234629631042480
13.7999999999999172,123.3999999999994088,5.8754858970642090
13.7999999999999172,123.4999999999994031,5.4277620315551758
13.7999999999999172,123.5999999999993975,7.0413498878479004
13.7999999999999172,123.6999999999993918,8.6344747543334961
13.7999999999999172,123.7999999999993861,9.8004274368286133
13.7999999999999172,124.1999999999993634,8.1260890960693359
13.7999999999999172,124.2999999999993577,6.4591064453125000
13.6999999999999176,121.0999999999995396,4.2926959991455078
13.6999999999999176,121.1999999999995339,2.8600955009460449
13.6999999999999176,121.2999999999995282,3.1605670452117920
13.6999999999999176,121.3999999999995225,3.8640892505645752
13.6999999999999176,122.1999999999994770,3.9539070129394531
13.6999999999999176,122.2999999999994714,3.6764442920684814
13.6999999999999176,122.3999999999994657,3.8214530944824219
13.6999999999999176,122.8999999999994373,4.4036421775817871
13.6999999999999176,122.9999999999994316,5.3496999740600586
13.6999999999999176,123.0999999999994259,6.5328936576843262
13.6999999999999176,123.1999999999994202,7.4838290214538574
13.6999999999999176,123.2999999999994145,6.2252955436706543
13.6999999999999176,123.3999999999994088,4.8183040618896484
13.6999999999999176,123.4999999999994031,4.5276789665222168
13.6999999999999176,124.0999999999993690,9.8066654205322266
13.6999999999999176,124.1999999999993634,8.0349836349487305
13.6999999999999176,124.2999999999993577,6.5633277893066406
13.5999999999999179,122.2999999999994714,3.9947395324707031
13.5999999999999179,122.3999999999994657,4.3321304321289062
13.5999999999999179,122.4999999999994600,4.8591084480285645
13.5999999999999179,122.8999999999994373,5.0842914581298828
13.5999999999999179,122.9999999999994316,5.8948087692260742
13.5999999999999179,123.0999999999994259,6.8326225280761719
13.5999999999999179,123.1999999999994202,7.1302714347839355
13.5999999999999179,123.2999999999994145,5.8411383628845215
13.5999999999999179,123.3999999999994088,4.2343621253967285
13.5999999999999179,123.4999999999994031,3.6205933094024658
13.5999999999999179,124.1999999999993634,8.5490169525146484
13.5999999999999179,124.2999999999993577,7.0649895668029785
13.4999999999999183,120.6999999999995623,5.7498807907104492
13.4999999999999183,120.7999999999995566,5.0732684135437012
13.4999999999999183,121.8999999999994941,4.5707926750183105
13.4999999999999183,121.9999999999994884,3.9072873592376709
13.4999999999999183,122.4999999999994600,5.4247665405273438
13.4999999999999183,122.5999999999994543,5.9541893005371094
13.4999999999999183,123.1999999999994202,9.4361810684204102
13.4999999999999183,123.2999999999994145,7.0742044448852539
13.4999999999999183,123.3999999999994088,4.6508235931396484
13.4999999999999183,123.4999999999994031,3.5266952514648438
13.4999999999999183,123.5999999999993975,4.2305626869201660
13.3999999999999186,120.4999999999995737,6.1653342247009277
13.3999999999999186,120.5999999999995680,5.2185850143432617
13.3999999999999186,120.6999999999995623,4.3053054809570312
13.3999999999999186,120.7999999999995566,3.6142194271087646
13.3999999999999186,120.8999999999995509,3.0038545131683350
13.3999999999999186,120.9999999999995453,2.5774767398834229
13.3999999999999186,121.0999999999995396,2.1096327304840088
13.3999999999999186,121.1999999999995339,1.8492555618286133
13.3999999999999186,121.7999999999994998,4.0962972640991211
13.3999999999999186,121.8999999999994941,3.9565293788909912
13.3999999999999186,121.9999999999994884,3.6452693939208984
13.3999999999999186,122.0999999999994827,3.6288216114044189
13.3999999999999186,122.4999999999994600,6.0655579566955566
13.3999999999999186,122.5999999999994543,6.5740203857421875
13.3999999999999186,123.1999999999994202,10.5232009887695312
13.3999999999999186,123.2999999999994145,8.3336954116821289
13.3999999999999186,123.3999999999994088,5.1979293823242188
13.3999999999999186,123.4999999999994031,3.2030475139617920
13.3999999999999186,123.5999999999993975,3.7163827419281006
13.2999999999999190,120.5999999999995680,3.9632403850555420
13.2999999999999190,120.6999999999995623,3.0612118244171143
13.2999999999999190,120.7999999999995566,2.5314664840698242
13.2999999999999190,120.8999999999995509,2.0574610233306885
13.2999999999999190,120.9999999999995453,1.8929103612899780
13.2999999999999190,121.0999999999995396,1.8868007659912109
13.2999999999999190,121.1999999999995339,1.8949346542358398
13.2999999999999190,121.2999999999995282,1.9660991430282593
13.2999999999999190,121.8999999999994941,4.6380443572998047
13.2999999999999190,121.9999999999994884,4.9039878845214844
13.2999999999999190,122.5999999999994543,8.0418920516967773
13.2999999999999190,123.2999999999994145,9.2035179138183594
13.2999999999999190,123.4999999999994031,3.6811470985412598
13.2999999999999190,123.5999999999993975,3.6494824886322021
13.2999999999999190,123.6999999999993918,3.7989604473114014
13.2999999999999190,123.8999999999993804,7.5180602073669434
13.1999999999999194,120.6999999999995623,2.9270827770233154
13.1999999999999194,120.7999999999995566,2.5879361629486084
13.1999999999999194,120.8999999999995509,2.2742488384246826
13.1999999999999194,120.9999999999995453,2.1376786231994629
13.1999999999999194,121.0999999999995396,2.1202797889709473
13.1999999999999194,121.1999999999995339,2.0787501335144043
13.1999999999999194,121.3999999999995225,1.3944678306579590
13.1999999999999194,123.2999999999994145,9.5055646896362305
13.1999999999999194,123.3999999999994088,6.5718536376953125
13.1999999999999194,123.4999999999994031,4.3953547477722168
13.1999999999999194,123.5999999999993975,4.4745683670043945
13.1999999999999194,123.6999999999993918,4.5528235435485840
13.0999999999999197,120.6999999999995623,2.7542202472686768
13.0999999999999197,120.7999999999995566,2.6629762649536133
13.0999999999999197,120.8999999999995509,2.4971196651458740
13.0999999999999197,120.9999999999995453,2.3810708522796631
13.0999999999999197,121.0999999999995396,2.3379373550415039
13.0999999999999197,121.1999999999995339,2.3073194026947021
13.0999999999999197,121.2999999999995282,1.7680523395538330
13.0999999999999197,121.3999999999995225,1.0999433994293213
13.0999999999999197,121.4999999999995168,0.7737498283386230
13.0999999999999197,122.9999999999994316,14.1210708618164062
13.0999999999999197,123.3999999999994088,7.3304018974304199
13.0999999999999197,123.4999999999994031,5.5745158195495605
13.0999999999999197,123.5999999999993975,5.3880033493041992
13.0999999999999197,123.6999999999993918,5.4027929306030273
13.0999999999999197,123.7999999999993861,6.5917639732360840
13.0999999999999197,123.8999999999993804,9.0556383132934570
12.9999999999999201,120.7999999999995566,2.8442094326019287
12.9999999999999201,120.8999999999995509,2.6760525703430176
12.9999999999999201,120.9999999999995453,2.4749381542205811
12.9999999999999201,121.0999999999995396,2.3525819778442383
12.9999999999999201,121.1999999999995339,2.2723557949066162
12.9999999999999201,121.2999999999995282,1.8460562229156494
12.9999999999999201,121.3999999999995225,1.3116556406021118
12.9999999999999201,122.9999999999994316,14.5679397583007812
12.9999999999999201,123.0999999999994259,14.1071958541870117
12.9999999999999201,123.4999999999994031,7.1453623771667480
12.9999999999999201,123.5999999999993975,7.2799515724182129
12.9999999999999201,123.6999999999993918,7.0403060913085938
12.9999999999999201,123.7999999999993861,7.6480407714843750
12.9999999999999201,123.8999999999993804,8.9054832458496094
12.9999999999999201,123.9999999999993747,10.1369199752807617
12.9999999999999201,124.0999999999993690,11.0177907943725586
12.8999999999999204,120.7999999999995566,3.3125672340393066
12.8999999999999204,120.8999999999995509,2.8874380588531494
12.8999999999999204,120.9999999999995453,2.4951953887939453
12.8999999999999204,121.0999999999995396,2.2352378368377686
12.8999999999999204,121.1999999999995339,2.0742602348327637
12.8999999999999204,121.2999999999995282,1.9497902393341064
12.8999999999999204,121.3999999999995225,1.8666887283325195
12.8999999999999204,121.4999999999995168,1.8464155197143555
12.8999999999999204,123.1999999999994202,13.7314090728759766
12.8999999999999204,123.7999999999993861,8.7875795364379883
12.8999999999999204,124.0999999999993690,8.9241352081298828
12.7999999999999208,120.7999999999995566,3.7592823505401611
12.7999999999999208,120.8999999999995509,3.0739300251007080
12.7999999999999208,120.9999999999995453,2.5550329685211182
12.7999999999999208,121.0999999999995396,2.2279763221740723
12.7999999999999208,121.1999999999995339,2.0451107025146484
12.7999999999999208,121.2999999999995282,2.2792222499847412
12.7999999999999208,121.3999999999995225,2.6593425273895264
12.7999999999999208,123.8999999999993804,8.2470426559448242
12.7999999999999208,123.9999999999993747,6.6918983459472656
12.7999999999999208,124.0999999999993690,7.2453112602233887
12.6999999999999211,120.8999999999995509,3.3353199958801270
12.6999999999999211,120.9999999999995453,2.8992583751678467
12.6999999999999211,121.0999999999995396,2.7495183944702148
12.6999999999999211,121.1999999999995339,2.6590766906738281
12.6999999999999211,121.2999999999995282,3.3179924488067627
12.6999999999999211,121.3999999999995225,4.2731490135192871
12.6999999999999211,121.4999999999995168,5.2537789344787598
12.6999999999999211,123.8999999999993804,8.5252923965454102
12.6999999999999211,123.9999999999993747,7.1559333801269531
12.6999999999999211,124.0999999999993690,7.3875970840454102
12.5999999999999215,120.9999999999995453,3.5393738746643066
12.5999999999999215,121.0999999999995396,3.5245900154113770
12.5999999999999215,121.1999999999995339,3.5900433063507080
12.5999999999999215,121.2999999999995282,4.7057504653930664
12.5999999999999215,121.3999999999995225,6.2838320732116699
12.5999999999999215,121.4999999999995168,7.5393867492675781
12.5999999999999215,122.0999999999994827,10.9179801940917969
12.5999999999999215,123.9999999999993747,8.3331365585327148
12.4999999999999218,120.9999999999995453,4.4108662605285645
12.4999999999999218,121.0999999999995396,4.4875974655151367
12.4999999999999218,121.1999999999995339,4.5812373161315918
12.4999999999999218,121.2999999999995282,6.0672736167907715
12.4999999999999218,121.3999999999995225,7.8692154884338379
12.4999999999999218,121.9999999999994884,9.5549468994140625
12.4999999999999218,122.4999999999994600,16.0877819061279297
12.4999999999999218,122.5999999999994543,16.8057842254638672
12.4999999999999218,123.2999999999994145,12.5231933593750000
12.4999999999999218,123.3999999999994088,11.4940738677978516
12.4999999999999218,123.4999999999994031,10.8521690368652344
12.4999999999999218,123.6999999999993918,9.6073074340820312
12.4999999999999218,124.2999999999993577,11.7124462127685547
12.4999999999999218,124.3999999999993520,9.8029508590698242
12.4999999999999218,124.4999999999993463,7.3802070617675781
12.4999999999999218,124.5999999999993406,5.3175797462463379
12.4999999999999218,124.6999999999993349,4.5596537590026855
12.4999999999999218,124.7999999999993292,4.2037286758422852
12.4999999999999218,124.8999999999993236,4.2878088951110840
12.4999999999999218,124.9999999999993179,4.5411186218261719
12.4999999999999218,125.0999999999993122,4.8038196563720703
12.4999999999999218,125.1999999999993065,5.2789711952209473
12.3999999999999222,120.9999999999995453,5.6607384681701660
12.3999999999999222,121.0999999999995396,5.8304333686828613
12.3999999999999222,121.1999999999995339,6.2525401115417480
12.3999999999999222,121.2999999999995282,7.5525107383728027
12.3999999999999222,121.9999999999994884,10.6496419906616211
12.3999999999999222,122.0999999999994827,10.2626390457153320
12.3999999999999222,122.4999999999994600,15.5304050445556641
12.3999999999999222,122.5999999999994543,15.9417972564697266
12.3999999999999222,123.2999999999994145,11.4966650009155273
12.3999999999999222,123.3999999999994088,10.3672008514404297
12.3999999999999222,123.4999999999994031,9.4504442214965820
12.3999999999999222,124.3999999999993520,9.6270780563354492
12.3999999999999222,124.4999999999993463,7.1565470695495605
12.3999999999999222,124.5999999999993406,4.8733425140380859
12.3999999999999222,124.6999999999993349,4.3794226646423340
12.3999999999999222,124.7999999999993292,3.9484081268310547
12.3999999999999222,124.8999999999993236,3.7336843013763428
12.3999999999999222,124.9999999999993179,3.8670570850372314
12.3999999999999222,125.0999999999993122,4.0670466423034668
12.3999999999999222,125.1999999999993065,4.6707429885864258
12.2999999999999226,119.8999999999996078,8.1164388656616211
12.2999999999999226,121.1999999999995339,7.9726495742797852
12.2999999999999226,121.9999999999994884,11.5048160552978516
12.2999999999999226,123.2999999999994145,10.2389802932739258
12.2999999999999226,123.3999999999994088,8.8014469146728516
12.2999999999999226,123.4999999999994031,7.6832518577575684
12.2999999999999226,123.5999999999993975,7.3187623023986816
12.2999999999999226,123.6999999999993918,6.9612350463867188
12.2999999999999226,124.3999999999993520,9.5277967453002930
12.2999999999999226,124.4999999999993463,6.9354434013366699
12.2999999999999226,124.5999999999993406,4.7209591865539551
12.2999999999999226,124.6999999999993349,4.0839495658874512
12.2999999999999226,124.7999999999993292,3.6496429443359375
12.2999999999999226,124.8999999999993236,3.3531157970428467
12.2999999999999226,124.9999999999993179,3.4104652404785156
12.2999999999999226,125.0999999999993122,3.5097939968109131
12.2999999999999226,125.1999999999993065,4.0460796356201172
12.2999999999999226,125.2999999999993008,5.0988140106201172
12.1999999999999229,119.8999999999996078,8.2597131729125977
12.1999999999999229,119.9999999999996021,8.0325927734375000
12.1999999999999229,121.9999999999994884,12.1273403167724609
12.1999999999999229,123.2999999999994145,9.6553030014038086
12.1999999999999229,123.3999999999994088,8.4780807495117188
12.1999999999999229,123.5999999999993975,6.7539339065551758
12.1999999999999229,123.6999999999993918,6.5654740333557129
12.1999999999999229,123.7999999999993861,7.4205679893493652
12.1999999999999229,123.8999999999993804,8.6164426803588867
12.1999999999999229,124.3999999999993520,9.0177259445190430
12.1999999999999229,124.4999999999993463,7.1647109985351562
12.1999999999999229,124.5999999999993406,4.9009718894958496
12.1999999999999229,124.6999999999993349,4.2584228515625000
12.1999999999999229,124.7999999999993292,3.6654794216156006
12.1999999999999229,124.8999999999993236,3.2327420711517334
12.1999999999999229,124.9999999999993179,3.1226296424865723
12.1999999999999229,125.0999999999993122,3.0662953853607178
12.1999999999999229,125.1999999999993065,3.4567277431488037
12.1999999999999229,125.2999999999993008,4.4190216064453125
12.1999999999999229,125.3999999999992951,5.3888564109802246
12.1999999999999229,125.4999999999992895,6.2835993766784668
12.0999999999999233,119.9999999999996021,8.0415306091308594
12.0999999999999233,120.0999999999995964,7.8694138526916504
12.0999999999999233,120.1999999999995907,7.6297073364257812
12.0999999999999233,120.2999999999995850,7.4308848381042480
12.0999999999999233,123.2999999999994145,10.4391651153564453
12.0999999999999233,123.6999999999993918,8.8241481781005859
12.0999999999999233,123.7999999999993861,9.3362159729003906
12.0999999999999233,123.8999999999993804,10.5361909866333008
12.0999999999999233,124.4999999999993463,8.4515895843505859
12.0999999999999233,124.5999999999993406,6.8253149986267090
12.0999999999999233,124.6999999999993349,5.6324672698974609
12.0999999999999233,124.7999999999993292,4.5234193801879883
12.0999999999999233,124.8999999999993236,3.5795605182647705
12.0999999999999233,124.9999999999993179,3.2151222229003906
12.0999999999999233,125.0999999999993122,2.8905162811279297
12.0999999999999233,125.1999999999993065,3.0496580600738525
12.0999999999999233,125.2999999999993008,3.7939217090606689
12.0999999999999233,125.3999999999992951,4.4456567764282227
11.9999999999999236,123.1999999999994202,11.8025703430175781
11.9999999999999236,123.7999999999993861,11.3087167739868164
11.9999999999999236,123.8999999999993804,11.6483335494995117
11.9999999999999236,123.9999999999993747,11.9894781112670898
11.9999999999999236,124.6999999999993349,6.4792666435241699
11.9999999999999236,124.7999999999993292,5.3696093559265137
11.9999999999999236,124.8999999999993236,4.0238261222839355
11.9999999999999236,124.9999999999993179,3.3444898128509521
11.9999999999999236,125.0999999999993122,2.7148578166961670
11.9999999999999236,125.1999999999993065,2.6586930751800537
11.9999999999999236,125.2999999999993008,3.1914043426513672
11.9999999999999236,125.3999999999992951,3.7415604591369629
11.8999999999999240,121.9999999999994884,11.8897590637207031
11.8999999999999240,123.7999999999993861,12.3761281967163086
11.8999999999999240,123.8999999999993804,12.2523536682128906
11.8999999999999240,123.9999999999993747,12.0127754211425781
11.8999999999999240,124.7999999999993292,6.0056247711181641
11.8999999999999240,124.8999999999993236,4.3868117332458496
11.8999999999999240,124.9999999999993179,3.5019733905792236
11.8999999999999240,125.0999999999993122,2.6997160911560059
11.8999999999999240,125.1999999999993065,2.4578092098236084
11.8999999999999240,125.2999999999993008,2.8420829772949219
11.7999999999999243,121.8999999999994941,10.6289787292480469
11.7999999999999243,121.9999999999994884,11.2472009658813477
11.7999999999999243,122.0999999999994827,10.6011486053466797
11.7999999999999243,122.1999999999994770,8.6119976043701172
11.7999999999999243,124.2999999999993577,11.1707019805908203
11.7999999999999243,124.8999999999993236,4.6533360481262207
11.7999999999999243,124.9999999999993179,3.7348160743713379
11.7999999999999243,125.0999999999993122,2.8836603164672852
11.7999999999999243,125.1999999999993065,2.5600175857543945
11.7999999999999243,125.2999999999993008,2.8200438022613525
11.7999999999999243,125.3999999999992951,3.0448558330535889
11.6999999999999247,119.9999999999996021,7.7059273719787598
11.6999999999999247,122.0999999999994827,9.2450017929077148
11.6999999999999247,122.1999999999994770,7.5100769996643066
11.6999999999999247,122.2999999999994714,5.5548729896545410
11.6999999999999247,122.3999999999994657,4.7310500144958496
11.6999999999999247,124.9999999999993179,3.8026332855224609
11.6999999999999247,125.0999999999993122,3.0665872097015381
11.6999999999999247,125.1999999999993065,2.6669068336486816
11.6999999999999247,125.2999999999993008,2.7803943157196045
11.6999999999999247,125.3999999999992951,2.8916473388671875
11.5999999999999250,122.1999999999994770,5.9138917922973633
11.5999999999999250,122.2999999999994714,4.1037297248840332
11.5999999999999250,122.6999999999994486,5.5378851890563965
11.5999999999999250,124.4999999999993463,10.2479391098022461
11.5999999999999250,125.0999999999993122,2.9124357700347900
11.5999999999999250,125.1999999999993065,2.5591046810150146
11.5999999999999250,125.2999999999993008,2.6872644424438477
11.5999999999999250,125.3999999999992951,2.8424761295318604
11.4999999999999254,122.0999999999994827,5.0806231498718262
11.4999999999999254,122.1999999999994770,4.2525081634521484
11.4999999999999254,122.2999999999994714,3.2381405830383301
11.4999999999999254,122.3999999999994657,2.9121997356414795
11.4999999999999254,122.4999999999994600,3.3218300342559814
11.4999999999999254,122.5999999999994543,3.8013076782226562
11.4999999999999254,122.6999999999994486,4.8108329772949219
11.4999999999999254,122.7999999999994429,5.8957037925720215
11.4999999999999254,123.0999999999994259,10.3962850570678711
11.4999999999999254,124.3999999999993520,10.2036771774291992
11.4999999999999254,124.4999999999993463,9.4385404586791992
11.4999999999999254,124.8999999999993236,3.5099720954895020
11.4999999999999254,124.9999999999993179,3.1099822521209717
11.4999999999999254,125.0999999999993122,2.5247442722320557
11.4999999999999254,125.1999999999993065,2.3114748001098633
11.4999999999999254,125.2999999999993008,2.5902745723724365
11.4999999999999254,125.3999999999992951,2.8732829093933105
11.4999999999999254,125.4999999999992895,4.1452159881591797
11.3999999999999257,122.0999999999994827,3.3157742023468018
11.3999999999999257,122.1999999999994770,2.7900898456573486
11.3999999999999257,122.2999999999994714,2.3605210781097412
11.3999999999999257,122.3999999999994657,2.3097012042999268
11.3999999999999257,122.4999999999994600,2.6158926486968994
11.3999999999999257,122.5999999999994543,3.1092610359191895
11.3999999999999257,122.6999999999994486,3.9096176624298096
11.3999999999999257,122.7999999999994429,4.8648133277893066
11.3999999999999257,122.8999999999994373,5.9740433692932129
11.3999999999999257,122.9999999999994316,8.1486530303955078
11.3999999999999257,123.0999999999994259,10.5844202041625977
11.3999999999999257,124.2999999999993577,10.2713403701782227
11.3999999999999257,124.3999999999993520,9.6389026641845703
11.3999999999999257,124.4999999999993463,8.7733678817749023
11.3999999999999257,124.8999999999993236,2.9204945564270020
11.3999999999999257,124.9999999999993179,2.5847260951995850
11.3999999999999257,125.0999999999993122,2.2469704151153564
11.3999999999999257,125.1999999999993065,2.2364208698272705
11.3999999999999257,125.2999999999993008,2.6477684974670410
11.3999999999999257,125.3999999999992951,3.1164555549621582
11.3999999999999257,125.4999999999992895,4.7989668846130371
11.2999999999999261,119.4999999999996305,6.8428087234497070
11.2999999999999261,122.0999999999994827,2.0123236179351807
11.2999999999999261,122.1999999999994770,1.8057575225830078
11.2999999999999261,122.2999999999994714,1.9220246076583862
11.2999999999999261,122.3999999999994657,2.1161997318267822
11.2999999999999261,122.4999999999994600,2.4310739040374756
11.2999999999999261,122.5999999999994543,2.9217724800109863
11.2999999999999261,122.6999999999994486,3.7649273872375488
11.2999999999999261,122.7999999999994429,4.7758398056030273
11.2999999999999261,122.8999999999994373,5.8628902435302734
11.2999999999999261,122.9999999999994316,7.8985862731933594
11.2999999999999261,123.0999999999994259,9.6799316406250000
11.2999999999999261,124.3999999999993520,8.8606748580932617
11.2999999999999261,124.4999999999993463,7.8715906143188477
11.2999999999999261,124.5999999999993406,6.6252212524414062
11.2999999999999261,124.6999999999993349,4.8830070495605469
11.2999999999999261,124.7999999999993292,3.3863899707794189
11.2999999999999261,124.8999999999993236,2.2688677310943604
11.2999999999999261,125.1999999999993065,2.9977390766143799
11.2999999999999261,125.2999999999993008,3.6173560619354248
11.2999999999999261,125.3999999999992951,4.2270498275756836
11.2999999999999261,125.4999999999992895,5.8723416328430176
11.1999999999999265,119.4999999999996305,5.2551522254943848
11.1999999999999265,122.0999999999994827,1.3378386497497559
11.1999999999999265,122.1999999999994770,1.1397761106491089
11.1999999999999265,122.2999999999994714,1.6496104001998901
11.1999999999999265,122.3999999999994657,2.1005551815032959
11.1999999999999265,122.4999999999994600,2.4700331687927246
11.1999999999999265,122.5999999999994543,3.0223972797393799
11.1999999999999265,122.6999999999994486,3.9600923061370850
11.1999999999999265,122.7999999999994429,5.1088809967041016
11.1999999999999265,122.8999999999994373,6.3196358680725098
11.1999999999999265,122.9999999999994316,7.8217658996582031
11.1999999999999265,123.7999999999993861,8.1903533935546875
11.1999999999999265,123.9999999999993747,8.4684553146362305
11.1999999999999265,124.3999999999993520,8.2919836044311523
11.1999999999999265,124.4999999999993463,6.9076724052429199
11.1999999999999265,124.5999999999993406,5.4971332550048828
11.1999999999999265,124.6999999999993349,3.9917972087860107
11.1999999999999265,124.7999999999993292,2.4692015647888184
11.1999999999999265,124.8999999999993236,1.5748437643051147
11.1999999999999265,124.9999999999993179,2.2051560878753662
11.1999999999999265,125.1999999999993065,4.0545167922973633
11.1999999999999265,125.2999999999993008,4.9641985893249512
11.1999999999999265,125.3999999999992951,5.8395571708679199
11.1999999999999265,125.4999999999992895,7.2741789817810059
11.0999999999999268,119.4999999999996305,4.0559291839599609
11.0999999999999268,122.0999999999994827,1.4544858932495117
11.0999999999999268,122.1999999999994770,0.6186905503273010
11.0999999999999268,122.2999999999994714,1.3937004804611206
11.0999999999999268,122.3999999999994657,2.0804960727691650
11.0999999999999268,122.4999999999994600,2.5344634056091309
11.0999999999999268,122.5999999999994543,3.1621811389923096
11.0999999999999268,122.6999999999994486,4.2500123977661133
11.0999999999999268,122.7999999999994429,5.5268583297729492
11.0999999999999268,122.8999999999994373,6.8067369461059570
11.0999999999999268,124.3999999999993520,7.3925752639770508
11.0999999999999268,124.4999999999993463,6.2180347442626953
11.0999999999999268,124.5999999999993406,4.6848230361938477
11.0999999999999268,124.6999999999993349,3.2408587932586670
11.0999999999999268,124.7999999999993292,1.8358993530273438
11.0999999999999268,124.8999999999993236,1.2362397909164429
11.0999999999999268,124.9999999999993179,2.3010683059692383
11.0999999999999268,125.4999999999992895,7.8990297317504883
10.9999999999999272,119.3999999999996362,5.0381073951721191
10.9999999999999272,122.0999999999994827,1.5283968448638916
10.9999999999999272,122.1999999999994770,0.3664791584014893
10.9999999999999272,122.2999999999994714,1.1379957199096680
10.9999999999999272,122.3999999999994657,1.9401992559432983
10.9999999999999272,122.4999999999994600,2.6777675151824951
10.9999999999999272,122.5999999999994543,3.6087749004364014
10.9999999999999272,122.6999999999994486,4.8311209678649902
10.9999999999999272,122.7999999999994429,6.0598907470703125
10.9999999999999272,123.9999999999993747,8.1973133087158203
10.9999999999999272,124.4999999999993463,6.5383887290954590
10.9999999999999272,124.5999999999993406,5.1347274780273438
10.9999999999999272,124.6999999999993349,3.6458344459533691
10.9999999999999272,124.7999999999993292,2.2048943042755127
10.9999999999999272,124.8999999999993236,1.5887163877487183
10.9999999999999272,124.9999999999993179,2.5829827785491943
10.8999999999999275,119.3999999999996362,4.4414381980895996
10.8999999999999275,119.4999999999996305,3.0618219375610352
10.8999999999999275,121.9999999999994884,1.7607576847076416
10.8999999999999275,122.0999999999994827,1.4170823097229004
10.8999999999999275,122.1999999999994770,0.2308670282363892
10.8999999999999275,122.2999999999994714,0.9989215731620789
10.8999999999999275,122.3999999999994657,1.8384227752685547
10.8999999999999275,122.4999999999994600,2.8439919948577881
10.8999999999999275,122.5999999999994543,4.1044092178344727
10.8999999999999275,122.6999999999994486,5.4936118125915527
10.8999999999999275,123.1999999999994202,5.6138501167297363
10.8999999999999275,123.2999999999994145,4.8616557121276855
10.8999999999999275,123.3999999999994088,4.2043032646179199
10.8999999999999275,123.9999999999993747,8.2307233810424805
10.8999999999999275,124.4999999999993463,6.8094253540039062
10.8999999999999275,124.7999999999993292,2.8256413936614990
10.8999999999999275,124.8999999999993236,2.0092608928680420
10.8999999999999275,124.9999999999993179,2.6652808189392090
10.7999999999999279,119.2999999999996419,5.9908251762390137
10.7999999999999279,119.3999999999996362,4.8518519401550293
10.7999999999999279,119.4999999999996305,2.3068778514862061
10.7999999999999279,121.9999999999994884,1.6585645675659180
10.7999999999999279,122.0999999999994827,1.2599643468856812
10.7999999999999279,122.1999999999994770,0.0938428565859795
10.7999999999999279,122.2999999999994714,1.0931586027145386
10.7999999999999279,122.3999999999994657,1.9409344196319580
10.7999999999999279,122.4999999999994600,3.1334400177001953
10.7999999999999279,122.9999999999994316,6.6226882934570312
10.7999999999999279,123.0999999999994259,5.2823972702026367
10.7999999999999279,123.1999999999994202,3.9681084156036377
10.7999999999999279,123.2999999999994145,3.4560172557830811
10.7999999999999279,123.3999999999994088,3.1457922458648682
10.7999999999999279,123.4999999999994031,3.4282023906707764
10.7999999999999279,123.8999999999993804,7.4974503517150879
10.7999999999999279,123.9999999999993747,8.0724411010742188
10.7999999999999279,124.8999999999993236,2.3781602382659912
10.6999999999999282,119.3999999999996362,4.0110645294189453
10.6999999999999282,119.4999999999996305,2.8590867519378662
10.6999999999999282,119.5999999999996248,3.2227649688720703
10.6999999999999282,121.9999999999994884,1.7828428745269775
10.6999999999999282,122.0999999999994827,1.0785856246948242
10.6999999999999282,122.1999999999994770,1.0723309516906738
10.6999999999999282,122.2999999999994714,1.5491652488708496
10.6999999999999282,122.3999999999994657,2.5170238018035889
10.6999999999999282,122.4999999999994600,3.6411397457122803
10.6999999999999282,122.5999999999994543,4.7886757850646973
10.6999999999999282,122.6999999999994486,5.3853788375854492
10.6999999999999282,122.9999999999994316,5.1941914558410645
10.6999999999999282,123.0999999999994259,4.0119490623474121
10.6999999999999282,123.1999999999994202,3.2572038173675537
10.6999999999999282,123.2999999999994145,3.3476681709289551
10.6999999999999282,123.3999999999994088,3.7236917018890381
10.6999999999999282,123.4999999999994031,3.7488687038421631
10.6999999999999282,123.8999999999993804,7.2074332237243652
10.6999999999999282,124.7999999999993292,2.6360459327697754
10.6999999999999282,124.8999999999993236,1.8995088338851929
10.6999999999999282,124.9999999999993179,2.2257592678070068
10.6999999999999282,125.7999999999992724,10.2516784667968750
10.5999999999999286,119.3999999999996362,4.0715012550354004
10.5999999999999286,119.4999999999996305,3.1313555240631104
10.5999999999999286,119.5999999999996248,3.8034234046936035
10.5999999999999286,119.7999999999996135,7.3412942886352539
10.5999999999999286,119.8999999999996078,7.6889033317565918
10.5999999999999286,121.9999999999994884,2.2776362895965576
10.5999999999999286,122.4999999999994600,4.7229056358337402
10.5999999999999286,122.5999999999994543,5.0512065887451172
10.5999999999999286,122.6999999999994486,4.9157180786132812
10.5999999999999286,122.8999999999994373,3.8988404273986816
10.5999999999999286,122.9999999999994316,3.5718007087707520
10.5999999999999286,123.0999999999994259,2.6788628101348877
10.5999999999999286,123.1999999999994202,2.4855771064758301
10.5999999999999286,123.2999999999994145,3.4337723255157471
10.5999999999999286,123.3999999999994088,4.5021123886108398
10.5999999999999286,123.6999999999993918,5.4545812606811523
10.5999999999999286,123.7999999999993861,6.0551414489746094
10.5999999999999286,123.8999999999993804,6.9306869506835938
10.5999999999999286,123.9999999999993747,7.7085318565368652
10.5999999999999286,124.7999999999993292,1.9092098474502563
10.5999999999999286,124.8999999999993236,1.5419629812240601
10.5999999999999286,124.9999999999993179,1.6549822092056274
10.5999999999999286,125.0999999999993122,1.8315728902816772
10.4999999999999289,119.2999999999996419,4.6517591476440430
10.4999999999999289,119.3999999999996362,4.1434273719787598
10.4999999999999289,119.4999999999996305,3.7013366222381592
10.4999999999999289,119.5999999999996248,4.3347096443176270
10.4999999999999289,119.7999999999996135,7.5540957450866699
10.4999999999999289,119.8999999999996078,7.8779449462890625
10.4999999999999289,121.9999999999994884,2.9405906200408936
10.4999999999999289,122.4999999999994600,4.8623065948486328
10.4999999999999289,122.5999999999994543,5.1666989326477051
10.4999999999999289,122.6999999999994486,4.8887853622436523
10.4999999999999289,122.7999999999994429,3.7196240425109863
10.4999999999999289,122.8999999999994373,3.4404110908508301
10.4999999999999289,122.9999999999994316,2.4519100189208984
10.4999999999999289,123.0999999999994259,1.7484048604965210
10.4999999999999289,123.1999999999994202,2.0964877605438232
10.4999999999999289,123.2999999999994145,3.4370479583740234
10.4999999999999289,123.3999999999994088,4.6932826042175293
10.4999999999999289,123.7999999999993861,5.5266814231872559
10.4999999999999289,123.8999999999993804,6.5515971183776855
10.4999999999999289,123.9999999999993747,7.5889601707458496
10.4999999999999289,124.7999999999993292,2.2674202919006348
10.4999999999999289,124.8999999999993236,1.2719987630844116
10.4999999999999289,124.9999999999993179,1.3427344560623169
10.4999999999999289,125.0999999999993122,1.4185934066772461
10.3999999999999293,119.0999999999996533,4.4689269065856934
10.3999999999999293,119.1999999999996476,4.3900923728942871
10.3999999999999293,119.2999999999996419,4.3982758522033691
10.3999999999999293,119.3999999999996362,4.5386438369750977
10.3999999999999293,119.4999999999996305,4.7195668220520020
10.3999999999999293,122.8999999999994373,2.6950461864471436
10.3999999999999293,122.9999999999994316,1.7675546407699585
10.3999999999999293,123.0999999999994259,1.2682647705078125
10.3999999999999293,123.1999999999994202,2.0792596340179443
10.3999999999999293,123.2999999999994145,3.5157513618469238
10.3999999999999293,123.6999999999993918,4.4369029998779297
10.3999999999999293,123.7999999999993861,4.9280476570129395
10.3999999999999293,123.8999999999993804,5.9698634147644043
10.3999999999999293,123.9999999999993747,6.8918848037719727
10.3999999999999293,124.7999999999993292,2.1150531768798828
10.3999999999999293,124.8999999999993236,1.3461369276046753
10.3999999999999293,124.9999999999993179,1.4727958440780640
10.3999999999999293,125.0999999999993122,1.6888964176177979
10.3999999999999293,125.1999999999993065,2.6837203502655029
10.3999999999999293,125.5999999999992838,8.1423149108886719
10.2999999999999297,118.9999999999996589,3.8738389015197754
10.2999999999999297,119.0999999999996533,3.8903694152832031
10.2999999999999297,119.1999999999996476,3.9060535430908203
10.2999999999999297,119.2999999999996419,3.9772167205810547
10.2999999999999297,122.8999999999994373,2.5262088775634766
10.2999999999999297,122.9999999999994316,1.2238718271255493
10.2999999999999297,123.0999999999994259,0.8969980478286743
10.2999999999999297,123.1999999999994202,2.2016685009002686
10.2999999999999297,123.2999999999994145,3.6001400947570801
10.2999999999999297,123.5999999999993975,5.0697555541992188
10.2999999999999297,123.6999999999993918,4.3450188636779785
10.2999999999999297,123.7999999999993861,4.3820166587829590
10.2999999999999297,124.7999999999993292,1.9271801710128784
10.2999999999999297,124.8999999999993236,1.2976728677749634
10.2999999999999297,125.0999999999993122,2.0066301822662354
10.2999999999999297,125.1999999999993065,2.7873115539550781
10.2999999999999297,125.5999999999992838,7.6070137023925781
10.1999999999999300,118.7999999999996703,4.3062586784362793
10.1999999999999300,118.9999999999996589,3.8017785549163818
10.1999999999999300,119.0999999999996533,4.0776362419128418
10.1999999999999300,119.1999999999996476,4.3288021087646484
10.1999999999999300,122.8999999999994373,2.0962438583374023
10.1999999999999300,122.9999999999994316,1.0485595464706421
10.1999999999999300,123.0999999999994259,0.8784124255180359
10.1999999999999300,123.1999999999994202,2.0984067916870117
10.1999999999999300,123.2999999999994145,3.0894072055816650
10.1999999999999300,123.5999999999993975,4.7441139221191406
10.1999999999999300,123.6999999999993918,4.0359587669372559
10.1999999999999300,124.8999999999993236,2.2110555171966553
10.1999999999999300,125.5999999999992838,6.8137063980102539
10.0999999999999304,118.8999999999996646,4.2412748336791992
10.0999999999999304,118.9999999999996589,4.5659437179565430
10.0999999999999304,119.0999999999996533,5.0627517700195312
10.0999999999999304,119.1999999999996476,5.4848284721374512
10.0999999999999304,122.8999999999994373,1.8563797473907471
10.0999999999999304,122.9999999999994316,1.1035687923431396
10.0999999999999304,123.0999999999994259,1.0774320363998413
10.0999999999999304,123.1999999999994202,1.8707376718521118
10.0999999999999304,123.4999999999994031,3.9503295421600342
10.0999999999999304,123.5999999999993975,3.9510822296142578
10.0999999999999304,124.1999999999993634,3.9268162250518799
10.0999999999999304,124.2999999999993577,3.6151962280273438
10.0999999999999304,124.3999999999993520,3.7427556514739990
10.0999999999999304,125.1999999999993065,4.5805349349975586
10.0999999999999304,125.5999999999992838,5.9385199546813965
9.9999999999999307,118.7999999999996703,3.6007907390594482
9.9999999999999307,118.8999999999996646,4.4128146171569824
9.9999999999999307,118.9999999999996589,5.2077345848083496
9.9999999999999307,119.0999999999996533,5.7652564048767090
9.9999999999999307,122.7999999999994429,2.1448695659637451
9.9999999999999307,122.8999999999994373,1.6561673879623413
9.9999999999999307,122.9999999999994316,1.2786601781845093
9.9999999999999307,123.0999999999994259,1.3479669094085693
9.9999999999999307,123.1999999999994202,1.6497119665145874
9.9999999999999307,123.3999999999994088,2.7796843051910400
9.9999999999999307,123.4999999999994031,2.9886682033538818
9.9999999999999307,123.5999999999993975,3.2513191699981689
9.9999999999999307,124.0999999999993690,3.1540296077728271
9.9999999999999307,124.1999999999993634,2.9294631481170654
9.9999999999999307,124.2999999999993577,2.7141129970550537
9.9999999999999307,124.3999999999993520,3.1906454563140869
9.9999999999999307,124.4999999999993463,3.8642959594726562
9.9999999999999307,125.1999999999993065,5.1831903457641602
9.9999999999999307,125.5999999999992838,5.3783993721008301
9.8999999999999311,118.5999999999996817,2.7752985954284668
9.8999999999999311,118.6999999999996760,2.6564652919769287
9.8999999999999311,122.3999999999994657,5.3654704093933105
9.8999999999999311,122.4999999999994600,4.2119569778442383
9.8999999999999311,122.5999999999994543,3.0339522361755371
9.8999999999999311,122.6999999999994486,2.3721041679382324
9.8999999999999311,122.7999999999994429,1.9035158157348633
9.8999999999999311,122.8999999999994373,1.4724253416061401
9.8999999999999311,122.9999999999994316,1.4699268341064453
9.8999999999999311,123.0999999999994259,1.7942632436752319
9.8999999999999311,123.3999999999994088,2.5592391490936279
9.8999999999999311,123.4999999999994031,2.6982765197753906
9.8999999999999311,123.5999999999993975,3.1815173625946045
9.8999999999999311,123.8999999999993804,3.4561936855316162
9.8999999999999311,123.9999999999993747,3.0756554603576660
9.8999999999999311,124.0999999999993690,2.7845857143402100
9.8999999999999311,124.1999999999993634,2.5693118572235107
9.8999999999999311,124.2999999999993577,2.3875854015350342
9.8999999999999311,124.3999999999993520,3.1857070922851562
9.8999999999999311,124.4999999999993463,4.1914229393005371
9.8999999999999311,125.5999999999992838,4.1378860473632812
9.8999999999999311,125.9999999999992610,6.9998674392700195
9.7999999999999314,118.5999999999996817,2.7638049125671387
9.7999999999999314,118.6999999999996760,2.3048367500305176
9.7999999999999314,122.4999999999994600,4.0724477767944336
9.7999999999999314,122.5999999999994543,2.8212282657623291
9.7999999999999314,122.6999999999994486,2.1566047668457031
9.7999999999999314,122.7999999999994429,1.7260454893112183
9.7999999999999314,122.8999999999994373,1.5436187982559204
9.7999999999999314,122.9999999999994316,1.8701533079147339
9.7999999999999314,123.0999999999994259,2.3865373134613037
9.7999999999999314,123.3999999999994088,2.7384529113769531
9.7999999999999314,123.4999999999994031,2.7556927204132080
9.7999999999999314,123.8999999999993804,3.5537014007568359
9.7999999999999314,123.9999999999993747,2.9448902606964111
9.7999999999999314,124.0999999999993690,2.6718270778656006
9.7999999999999314,124.1999999999993634,2.5873944759368896
9.7999999999999314,124.2999999999993577,2.6663780212402344
9.7999999999999314,124.3999999999993520,3.5480065345764160
9.7999999999999314,124.4999999999993463,4.7336287498474121
9.7999999999999314,125.9999999999992610,6.6421165466308594
9.7999999999999314,126.0999999999992554,6.5615754127502441
9.6999999999999318,118.3999999999996930,3.2528011798858643
9.6999999999999318,118.4999999999996874,3.0391860008239746
9.6999999999999318,118.5999999999996817,2.6868178844451904
9.6999999999999318,118.6999999999996760,2.6456496715545654
9.6999999999999318,122.4999999999994600,3.9845321178436279
9.6999999999999318,122.5999999999994543,2.7735998630523682
9.6999999999999318,122.6999999999994486,2.0459029674530029
9.6999999999999318,122.7999999999994429,1.7197519540786743
9.6999999999999318,122.8999999999994373,1.7982110977172852
9.6999999999999318,122.9999999999994316,2.3103501796722412
9.6999999999999318,123.0999999999994259,2.8899164199829102
9.6999999999999318,123.3999999999994088,2.9600903987884521
9.6999999999999318,123.8999999999993804,3.7086067199707031
9.6999999999999318,123.9999999999993747,2.9740016460418701
9.6999999999999318,124.0999999999993690,2.7444968223571777
9.6999999999999318,124.1999999999993634,2.7964861392974854
9.6999999999999318,124.2999999999993577,2.9052505493164062
9.6999999999999318,124.3999999999993520,3.7908082008361816
9.6999999999999318,125.4999999999992895,1.1619107723236084
9.5999999999999321,118.3999999999996930,3.2579121589660645
9.5999999999999321,118.4999999999996874,3.1275334358215332
9.5999999999999321,118.5999999999996817,3.2367274761199951
9.5999999999999321,118.6999999999996760,3.4387452602386475
9.5999999999999321,122.4999999999994600,3.8212692737579346
9.5999999999999321,122.5999999999994543,3.1091849803924561
9.5999999999999321,122.6999999999994486,2.4431233406066895
9.5999999999999321,122.7999999999994429,2.0535249710083008
9.5999999999999321,122.8999999999994373,1.9908065795898438
9.5999999999999321,122.9999999999994316,2.2872598171234131
9.5999999999999321,123.0999999999994259,2.6304404735565186
9.5999999999999321,123.2999999999994145,2.9847397804260254
9.5999999999999321,123.3999999999994088,2.9782812595367432
9.5999999999999321,123.7999999999993861,4.7786459922790527
9.5999999999999321,125.3999999999992951,0.8796772360801697
9.5999999999999321,125.4999999999992895,0.7963086962699890
9.5999999999999321,125.5999999999992838,1.4074100255966187
9.5999999999999321,125.6999999999992781,2.0424039363861084
9.4999999999999325,118.2999999999996987,3.8043155670166016
9.4999999999999325,118.3999999999996930,3.0064547061920166
9.4999999999999325,118.4999999999996874,3.3833312988281250
9.4999999999999325,118.5999999999996817,3.8579583168029785
9.4999999999999325,122.5999999999994543,3.6902561187744141
9.4999999999999325,122.6999999999994486,3.0326292514801025
9.4999999999999325,122.7999999999994429,2.4808461666107178
9.4999999999999325,122.8999999999994373,2.0981957912445068
9.4999999999999325,122.9999999999994316,2.1014449596405029
9.4999999999999325,123.0999999999994259,2.2467379570007324
9.4999999999999325,123.3999999999994088,2.9010350704193115
9.4999999999999325,125.4999999999992895,1.0463109016418457
9.4999999999999325,125.5999999999992838,1.0601809024810791
9.4999999999999325,125.6999999999992781,1.6194912195205688
9.4999999999999325,125.7999999999992724,2.3375680446624756
9.3999999999999329,118.1999999999997044,4.2008500099182129
9.3999999999999329,118.2999999999996987,3.5505416393280029
9.3999999999999329,118.3999999999996930,2.9635331630706787
9.3999999999999329,118.4999999999996874,3.8003234863281250
9.3999999999999329,122.7999999999994429,2.7786271572113037
9.3999999999999329,122.8999999999994373,2.1911108493804932
9.3999999999999329,122.9999999999994316,1.9937161207199097
9.3999999999999329,123.0999999999994259,1.9307674169540405
9.3999999999999329,123.1999999999994202,2.0833163261413574
9.3999999999999329,125.5999999999992838,1.0970636606216431
9.3999999999999329,125.6999999999992781,1.2420424222946167
9.3999999999999329,125.7999999999992724,1.7971811294555664
9.3999999999999329,125.8999999999992667,2.3265266418457031
9.2999999999999332,118.0999999999997101,4.5047345161437988
9.2999999999999332,118.1999999999997044,4.1793923377990723
9.2999999999999332,118.2999999999996987,3.7510592937469482
9.2999999999999332,118.3999999999996930,3.5036895275115967
9.2999999999999332,122.8999999999994373,2.1890816688537598
9.2999999999999332,122.9999999999994316,2.0068752765655518
9.2999999999999332,123.0999999999994259,1.9470710754394531
9.2999999999999332,123.1999999999994202,2.0784668922424316
9.2999999999999332,123.2999999999994145,2.6091663837432861
9.2999999999999332,125.5999999999992838,1.1004617214202881
9.2999999999999332,125.6999999999992781,1.1106861829757690
9.2999999999999332,125.7999999999992724,1.4453818798065186
9.2999999999999332,125.8999999999992667,1.9190677404403687
9.1999999999999336,117.8999999999997215,2.5682780742645264
9.1999999999999336,117.9999999999997158,3.3686082363128662
9.1999999999999336,118.0999999999997101,4.0232830047607422
9.1999999999999336,118.1999999999997044,4.1203646659851074
9.1999999999999336,122.8999999999994373,2.2014930248260498
9.1999999999999336,122.9999999999994316,2.0854027271270752
9.1999999999999336,123.0999999999994259,2.0329298973083496
9.1999999999999336,123.1999999999994202,2.2354238033294678
9.1999999999999336,123.4999999999994031,5.0404686927795410
9.1999999999999336,123.5999999999993975,5.2831645011901855
9.1999999999999336,124.6999999999993349,3.4551026821136475
9.1999999999999336,124.7999999999993292,1.8767153024673462
9.1999999999999336,125.5999999999992838,1.1785393953323364
9.1999999999999336,125.6999999999992781,1.0063217878341675
9.1999999999999336,125.7999999999992724,1.1166374683380127
9.1999999999999336,125.8999999999992667,1.4273991584777832
9.1999999999999336,125.9999999999992610,1.8151292800903320
9.1999999999999336,126.0999999999992554,2.1078464984893799
9.0999999999999339,117.7999999999997272,1.5557568073272705
9.0999999999999339,117.8999999999997215,2.0420298576354980
9.0999999999999339,117.9999999999997158,2.9643771648406982
9.0999999999999339,122.9999999999994316,2.2703852653503418
9.0999999999999339,123.0999999999994259,2.1690466403961182
9.0999999999999339,123.5999999999993975,5.2662501335144043
9.0999999999999339,125.5999999999992838,1.2329549789428711
9.0999999999999339,125.6999999999992781,0.9495124816894531
9.0999999999999339,125.7999999999992724,0.7817764282226562
9.0999999999999339,125.8999999999992667,1.0586227178573608
9.0999999999999339,125.9999999999992610,1.5661600828170776
9.0999999999999339,126.0999999999992554,1.8330484628677368
8.9999999999999343,117.5999999999997385,1.8936489820480347
8.9999999999999343,117.6999999999997328,1.7139433622360229
8.9999999999999343,117.7999999999997272,1.5352585315704346
8.9999999999999343,117.8999999999997215,2.0572679042816162
8.9999999999999343,117.9999999999997158,3.1423034667968750
8.9999999999999343,125.2999999999993008,1.6510593891143799
8.9999999999999343,125.3999999999992951,1.8054869174957275
8.9999999999999343,125.5999999999992838,1.2246651649475098
8.9999999999999343,125.6999999999992781,0.9068289995193481
8.9999999999999343,125.7999999999992724,0.5012438893318176
8.9999999999999343,125.8999999999992667,0.7729963064193726
8.9999999999999343,125.9999999999992610,1.3734778165817261
8.9999999999999343,126.0999999999992554,1.6541599035263062
8.9999999999999343,126.1999999999992497,1.8822418451309204
8.8999999999999346,117.4999999999997442,2.4256541728973389
8.8999999999999346,117.5999999999997385,1.9153025150299072
8.8999999999999346,117.6999999999997328,1.7069205045700073
8.8999999999999346,117.7999999999997272,1.4998770952224731
8.8999999999999346,117.8999999999997215,2.1015708446502686
8.8999999999999346,117.9999999999997158,3.1333179473876953
8.8999999999999346,124.7999999999993292,0.2670086026191711
8.8999999999999346,124.8999999999993236,0.9917986989021301
8.8999999999999346,124.9999999999993179,1.1430994272232056
8.8999999999999346,125.1999999999993065,1.5086973905563354
8.8999999999999346,125.2999999999993008,1.6019095182418823
8.8999999999999346,125.3999999999992951,1.8879251480102539
8.8999999999999346,125.4999999999992895,1.7270917892456055
8.8999999999999346,125.5999999999992838,1.2904047966003418
8.8999999999999346,125.6999999999992781,0.9711059927940369
8.8999999999999346,125.7999999999992724,0.3622708618640900
8.8999999999999346,125.8999999999992667,0.5495645999908447
8.8999999999999346,125.9999999999992610,1.3004633188247681
8.8999999999999346,126.0999999999992554,1.5558905601501465
8.8999999999999346,126.1999999999992497,1.7442903518676758
8.8999999999999346,126.2999999999992440,1.8948429822921753
8.7999999999999350,117.4999999999997442,2.6796557903289795
8.7999999999999350,117.5999999999997385,2.2711193561553955
8.7999999999999350,117.6999999999997328,2.1384112834930420
8.7999999999999350,117.7999999999997272,1.9689558744430542
8.7999999999999350,117.8999999999997215,2.1338067054748535
8.7999999999999350,124.8999999999993236,1.3055753707885742
8.7999999999999350,124.9999999999993179,1.2833212614059448
8.7999999999999350,125.0999999999993122,1.2190465927124023
8.7999999999999350,125.1999999999993065,1.2427257299423218
8.7999999999999350,125.2999999999993008,1.4970793724060059
8.7999999999999350,125.3999999999992951,1.8766323328018188
8.7999999999999350,125.4999999999992895,1.6711695194244385
8.7999999999999350,125.5999999999992838,1.1734507083892822
8.7999999999999350,125.6999999999992781,0.9023855328559875
8.7999999999999350,125.7999999999992724,0.2333654016256332
8.7999999999999350,125.8999999999992667,0.5955490469932556
8.7999999999999350,125.9999999999992610,1.3464230298995972
8.7999999999999350,126.0999999999992554,1.6185070276260376
8.7999999999999350,126.1999999999992497,1.8201220035552979
8.7999999999999350,126.2999999999992440,1.8910206556320190
8.6999999999999353,117.3999999999997499,3.1605021953582764
8.6999999999999353,117.4999999999997442,3.0380151271820068
8.6999999999999353,117.5999999999997385,2.9582390785217285
8.6999999999999353,123.4999999999994031,3.0031383037567139
8.6999999999999353,124.7999999999993292,1.8795070648193359
8.6999999999999353,124.8999999999993236,2.0803661346435547
8.6999999999999353,124.9999999999993179,1.6335703134536743
8.6999999999999353,125.0999999999993122,1.2737976312637329
8.6999999999999353,125.1999999999993065,1.2480808496475220
8.6999999999999353,125.2999999999993008,1.5122088193893433
8.6999999999999353,125.3999999999992951,1.8474829196929932
8.6999999999999353,125.4999999999992895,1.5920937061309814
8.6999999999999353,125.5999999999992838,0.9806254506111145
8.6999999999999353,125.6999999999992781,0.5016949176788330
8.6999999999999353,125.7999999999992724,0.1022536307573318
8.6999999999999353,125.8999999999992667,0.8239845633506775
8.6999999999999353,125.9999999999992610,1.4833390712738037
8.6999999999999353,126.0999999999992554,1.7921907901763916
8.5999999999999357,117.3999999999997499,3.1775038242340088
8.5999999999999357,117.4999999999997442,3.3990452289581299
8.5999999999999357,123.3999999999994088,2.5262398719787598
8.5999999999999357,123.4999999999994031,2.6999087333679199
8.5999999999999357,123.5999999999993975,2.9823768138885498
8.5999999999999357,123.6999999999993918,3.3189918994903564
8.5999999999999357,124.7999999999993292,2.6449315547943115
8.5999999999999357,124.8999999999993236,2.6889643669128418
8.5999999999999357,124.9999999999993179,2.0386843681335449
8.5999999999999357,125.0999999999993122,1.4754213094711304
8.5999999999999357,125.1999999999993065,1.4403653144836426
8.5999999999999357,125.2999999999993008,1.6915094852447510
8.5999999999999357,125.3999999999992951,1.9847973585128784
8.5999999999999357,125.4999999999992895,1.7004822492599487
8.5999999999999357,125.5999999999992838,1.0330656766891479
8.5999999999999357,125.6999999999992781,0.3822444379329681
8.5999999999999357,125.7999999999992724,0.4228155612945557
8.5999999999999357,125.8999999999992667,1.0225263833999634
8.5999999999999357,125.9999999999992610,1.6156520843505859
8.5999999999999357,126.0999999999992554,1.9596155881881714
8.4999999999999361,117.1999999999997613,3.2473633289337158
8.4999999999999361,117.2999999999997556,3.1323499679565430
8.4999999999999361,117.3999999999997499,3.3003265857696533
8.4999999999999361,123.0999999999994259,4.0167884826660156
8.4999999999999361,123.2999999999994145,2.9033665657043457
8.4999999999999361,123.3999999999994088,2.7254035472869873
8.4999999999999361,123.4999999999994031,2.7394793033599854
8.4999999999999361,123.5999999999993975,2.8909556865692139
8.4999999999999361,123.6999999999993918,3.1520895957946777
8.4999999999999361,123.7999999999993861,3.5600166320800781
8.4999999999999361,124.2999999999993577,2.7400536537170410
8.4999999999999361,124.3999999999993520,2.3593511581420898
8.4999999999999361,124.4999999999993463,2.1840455532073975
8.4999999999999361,124.6999999999993349,2.8330750465393066
8.4999999999999361,124.7999999999993292,2.9712598323822021
8.4999999999999361,124.8999999999993236,2.8663558959960938
8.4999999999999361,124.9999999999993179,1.9808816909790039
8.4999999999999361,125.0999999999993122,1.3178285360336304
8.4999999999999361,125.1999999999993065,1.2813699245452881
8.4999999999999361,125.2999999999993008,1.5127997398376465
8.4999999999999361,125.3999999999992951,1.7814161777496338
8.4999999999999361,125.4999999999992895,1.5862588882446289
8.4999999999999361,125.5999999999992838,1.1210538148880005
8.4999999999999361,125.6999999999992781,0.6729087829589844
8.4999999999999361,125.7999999999992724,0.6627461910247803
8.4999999999999361,125.8999999999992667,1.0616301298141479
8.4999999999999361,125.9999999999992610,1.5243839025497437
8.4999999999999361,126.0999999999992554,1.8872156143188477
8.4999999999999361,126.1999999999992497,2.2282652854919434
8.4999999999999361,126.2999999999992440,2.4155354499816895
8.3999999999999364,123.0999999999994259,4.1947989463806152
8.3999999999999364,123.1999999999994202,3.5092227458953857
8.3999999999999364,123.2999999999994145,3.2256138324737549
8.3999999999999364,123.3999999999994088,3.0584321022033691
8.3999999999999364,123.4999999999994031,2.9373135566711426
8.3999999999999364,123.5999999999993975,2.9132130146026611
8.3999999999999364,123.6999999999993918,3.0391364097595215
8.3999999999999364,123.7999999999993861,3.5210335254669189
8.3999999999999364,124.2999999999993577,2.8609473705291748
8.3999999999999364,124.3999999999993520,2.5022304058074951
8.3999999999999364,124.4999999999993463,2.5905654430389404
8.3999999999999364,124.5999999999993406,2.9630105495452881
8.3999999999999364,124.6999999999993349,2.9822034835815430
8.3999999999999364,124.7999999999993292,2.9683022499084473
8.3999999999999364,124.8999999999993236,2.6324059963226318
8.3999999999999364,124.9999999999993179,1.7333456277847290
8.3999999999999364,125.0999999999993122,0.9672242403030396
8.3999999999999364,125.1999999999993065,0.9740868806838989
8.3999999999999364,125.2999999999993008,1.2128899097442627
8.3999999999999364,125.3999999999992951,1.4398963451385498
8.3999999999999364,125.4999999999992895,1.4005707502365112
8.3999999999999364,125.5999999999992838,1.1589382886886597
8.3999999999999364,125.6999999999992781,0.9708459973335266
8.3999999999999364,125.7999999999992724,0.9610614776611328
8.3999999999999364,125.8999999999992667,1.1541826725006104
8.3999999999999364,125.9999999999992610,1.4510521888732910
8.3999999999999364,126.0999999999992554,1.7730848789215088
8.3999999999999364,126.1999999999992497,2.1051003932952881
8.3999999999999364,126.2999999999992440,2.3527867794036865
8.2999999999999368,117.2999999999997556,4.1546311378479004
8.2999999999999368,122.9999999999994316,4.8752436637878418
8.2999999999999368,123.0999999999994259,4.3730845451354980
8.2999999999999368,123.1999999999994202,3.7841813564300537
8.2999999999999368,123.2999999999994145,3.5031547546386719
8.2999999999999368,123.3999999999994088,3.2833755016326904
8.2999999999999368,123.4999999999994031,3.0703427791595459
8.2999999999999368,123.5999999999993975,2.8619637489318848
8.2999999999999368,123.6999999999993918,2.8516550064086914
8.2999999999999368,123.7999999999993861,3.2697637081146240
8.2999999999999368,124.2999999999993577,2.8010931015014648
8.2999999999999368,124.3999999999993520,2.6763119697570801
8.2999999999999368,124.4999999999993463,2.9519836902618408
8.2999999999999368,124.5999999999993406,3.3165347576141357
8.2999999999999368,124.6999999999993349,3.1577222347259521
8.2999999999999368,124.7999999999993292,2.9385778903961182
8.2999999999999368,124.8999999999993236,2.4663906097412109
8.2999999999999368,124.9999999999993179,1.4387969970703125
8.2999999999999368,125.0999999999993122,0.7301892638206482
8.2999999999999368,125.1999999999993065,0.9648535847663879
8.2999999999999368,125.2999999999993008,1.1714533567428589
8.2999999999999368,125.3999999999992951,1.3865722417831421
8.2999999999999368,125.4999999999992895,1.3382220268249512
8.2999999999999368,125.5999999999992838,1.2468342781066895
8.2999999999999368,125.6999999999992781,1.2709730863571167
8.2999999999999368,125.7999999999992724,1.2823394536972046
8.2999999999999368,125.8999999999992667,1.3382688760757446
8.2999999999999368,125.9999999999992610,1.4841903448104858
8.2999999999999368,126.0999999999992554,1.7424892187118530
8.2999999999999368,126.1999999999992497,2.0355734825134277
8.2999999999999368,126.2999999999992440,2.3146626949310303
8.1999999999999371,122.9999999999994316,4.2338728904724121
8.1999999999999371,123.0999999999994259,3.7032012939453125
8.1999999999999371,123.1999999999994202,3.2425639629364014
8.1999999999999371,123.2999999999994145,3.0405786037445068
8.1999999999999371,123.3999999999994088,2.9254682064056396
8.1999999999999371,123.4999999999994031,2.7524795532226562
8.1999999999999371,123.5999999999993975,2.5182244777679443
8.1999999999999371,123.6999999999993918,2.4551475048065186
8.1999999999999371,123.7999999999993861,2.8156061172485352
8.1999999999999371,124.0999999999993690,3.7105157375335693
8.1999999999999371,124.1999999999993634,3.0923082828521729
8.1999999999999371,124.2999999999993577,2.7268502712249756
8.1999999999999371,124.3999999999993520,2.8022849559783936
8.1999999999999371,124.4999999999993463,3.0961105823516846
8.1999999999999371,124.5999999999993406,3.4456233978271484
8.1999999999999371,124.6999999999993349,2.8653771877288818
8.1999999999999371,124.7999999999993292,2.2775702476501465
8.1999999999999371,124.8999999999993236,1.6352157592773438
8.1999999999999371,124.9999999999993179,0.8924722671508789
8.1999999999999371,125.0999999999993122,0.8497864603996277
8.1999999999999371,125.1999999999993065,1.2403513193130493
8.1999999999999371,125.2999999999993008,1.3537639379501343
8.1999999999999371,125.3999999999992951,1.4504667520523071
8.1999999999999371,125.4999999999992895,1.4071844816207886
8.1999999999999371,125.5999999999992838,1.3779872655868530
8.1999999999999371,125.6999999999992781,1.4829531908035278
8.1999999999999371,125.7999999999992724,1.4340149164199829
8.1999999999999371,125.8999999999992667,1.3344749212265015
8.1999999999999371,125.9999999999992610,1.3345440626144409
8.1999999999999371,126.0999999999992554,1.5499902963638306
8.1999999999999371,126.1999999999992497,1.8221544027328491
8.1999999999999371,126.2999999999992440,2.1016643047332764
8.1999999999999371,126.3999999999992383,2.5285811424255371
8.0999999999999375,116.9999999999997726,3.6097645759582520
8.0999999999999375,122.7999999999994429,4.3997979164123535
8.0999999999999375,122.8999999999994373,3.6183338165283203
8.0999999999999375,122.9999999999994316,3.1300449371337891
8.0999999999999375,123.0999999999994259,2.7167518138885498
8.0999999999999375,123.1999999999994202,2.3747439384460449
8.0999999999999375,123.2999999999994145,2.3276236057281494
8.0999999999999375,123.3999999999994088,2.3627834320068359
8.0999999999999375,123.4999999999994031,2.3198516368865967
8.0999999999999375,123.5999999999993975,2.0687041282653809
8.0999999999999375,123.6999999999993918,2.0128943920135498
8.0999999999999375,123.7999999999993861,2.2944924831390381
8.0999999999999375,123.9999999999993747,3.2792816162109375
8.0999999999999375,124.0999999999993690,3.0991327762603760
8.0999999999999375,124.1999999999993634,2.8194634914398193
8.0999999999999375,124.2999999999993577,2.7834842205047607
8.0999999999999375,124.3999999999993520,2.9454648494720459
8.0999999999999375,124.4999999999993463,3.1707632541656494
8.0999999999999375,124.5999999999993406,3.2171249389648438
8.0999999999999375,124.6999999999993349,2.4110012054443359
8.0999999999999375,124.7999999999993292,1.5076218843460083
8.0999999999999375,124.8999999999993236,0.9475016593933105
8.0999999999999375,124.9999999999993179,0.9428556561470032
8.0999999999999375,125.0999999999993122,1.3742949962615967
8.0999999999999375,125.1999999999993065,1.6259081363677979
8.0999999999999375,125.2999999999993008,1.5575578212738037
8.0999999999999375,125.3999999999992951,1.5454385280609131
8.0999999999999375,125.4999999999992895,1.4986695051193237
8.0999999999999375,125.5999999999992838,1.5436537265777588
8.0999999999999375,125.6999999999992781,1.7261489629745483
8.0999999999999375,125.7999999999992724,1.5367913246154785
8.0999999999999375,125.8999999999992667,1.2523682117462158
8.0999999999999375,125.9999999999992610,1.0919712781906128
8.0999999999999375,126.0999999999992554,1.2782102823257446
8.0999999999999375,126.1999999999992497,1.5390789508819580
8.0999999999999375,126.2999999999992440,1.8197125196456909
8.0999999999999375,126.3999999999992383,2.6762199401855469
7.9999999999999378,116.9999999999997726,3.5829532146453857
7.9999999999999378,122.2999999999994714,3.1567780971527100
7.9999999999999378,122.3999999999994657,3.1159994602203369
7.9999999999999378,122.4999999999994600,3.8675441741943359
7.9999999999999378,122.5999999999994543,4.6263213157653809
7.9999999999999378,122.6999999999994486,4.2497153282165527
7.9999999999999378,122.7999999999994429,3.4295773506164551
7.9999999999999378,122.8999999999994373,2.6538753509521484
7.9999999999999378,122.9999999999994316,2.2607955932617188
7.9999999999999378,123.0999999999994259,1.9161665439605713
7.9999999999999378,123.1999999999994202,1.6508356332778931
7.9999999999999378,123.2999999999994145,1.8103151321411133
7.9999999999999378,123.3999999999994088,2.0956549644470215
7.9999999999999378,123.4999999999994031,2.1951687335968018
7.9999999999999378,123.5999999999993975,1.9448417425155640
7.9999999999999378,123.6999999999993918,1.8271478414535522
7.9999999999999378,123.7999999999993861,1.9377988576889038
7.9999999999999378,123.8999999999993804,2.2290523052215576
7.9999999999999378,123.9999999999993747,2.4828500747680664
7.9999999999999378,124.0999999999993690,2.4510824680328369
7.9999999999999378,124.1999999999993634,2.4581298828125000
7.9999999999999378,124.2999999999993577,2.7157146930694580
7.9999999999999378,124.3999999999993520,2.8576595783233643
7.9999999999999378,124.4999999999993463,2.9539115428924561
7.9999999999999378,124.5999999999993406,2.9272711277008057
7.9999999999999378,124.6999999999993349,1.7581903934478760
7.9999999999999378,124.7999999999993292,0.9263486266136169
7.9999999999999378,124.8999999999993236,1.2870260477066040
7.9999999999999378,124.9999999999993179,1.4731079339981079
7.9999999999999378,125.0999999999993122,1.7068704366683960
7.9999999999999378,125.1999999999993065,1.7772804498672485
7.9999999999999378,125.2999999999993008,1.6015819311141968
7.9999999999999378,125.3999999999992951,1.5491682291030884
7.9999999999999378,125.4999999999992895,1.5713529586791992
7.9999999999999378,125.5999999999992838,1.6908382177352905
7.9999999999999378,125.6999999999992781,1.8738170862197876
7.9999999999999378,125.7999999999992724,1.6306869983673096
7.9999999999999378,125.8999999999992667,1.2276874780654907
7.9999999999999378,125.9999999999992610,0.9144725799560547
7.9999999999999378,126.0999999999992554,1.0473334789276123
7.9999999999999378,126.1999999999992497,1.2891691923141479
7.9999999999999378,126.2999999999992440,1.5572924613952637
7.8999999999999382,116.9999999999997726,3.7584035396575928
7.8999999999999382,122.2999999999994714,3.0736482143402100
7.8999999999999382,122.3999999999994657,3.0596549510955811
7.8999999999999382,122.4999999999994600,3.9147288799285889
7.8999999999999382,122.5999999999994543,4.7365512847900391
7.8999999999999382,122.6999999999994486,4.3491067886352539
7.8999999999999382,122.7999999999994429,3.4024887084960938
7.8999999999999382,122.8999999999994373,2.5762522220611572
7.8999999999999382,122.9999999999994316,2.0631303787231445
7.8999999999999382,123.0999999999994259,1.6368598937988281
7.8999999999999382,123.1999999999994202,1.4202449321746826
7.8999999999999382,123.2999999999994145,1.9390558004379272
7.8999999999999382,123.3999999999994088,2.6204075813293457
7.8999999999999382,123.4999999999994031,2.9712700843811035
7.8999999999999382,123.5999999999993975,2.7156796455383301
7.8999999999999382,123.6999999999993918,2.5885205268859863
7.8999999999999382,123.7999999999993861,2.3725256919860840
7.8999999999999382,123.8999999999993804,2.1840946674346924
7.8999999999999382,123.9999999999993747,1.9983364343643188
7.8999999999999382,124.0999999999993690,1.8907169103622437
7.8999999999999382,124.1999999999993634,1.9435386657714844
7.8999999999999382,124.2999999999993577,2.0860226154327393
7.8999999999999382,124.3999999999993520,1.9991909265518188
7.8999999999999382,124.4999999999993463,1.8161808252334595
7.8999999999999382,124.5999999999993406,1.4404100179672241
7.8999999999999382,124.6999999999993349,0.5580138564109802
7.8999999999999382,124.7999999999993292,1.0882157087326050
7.8999999999999382,124.8999999999993236,1.8162689208984375
7.8999999999999382,124.9999999999993179,1.6219738721847534
7.8999999999999382,125.0999999999993122,1.3075257539749146
7.8999999999999382,125.1999999999993065,1.1027380228042603
7.8999999999999382,125.2999999999993008,1.1075550317764282
7.8999999999999382,125.3999999999992951,1.3425174951553345
7.8999999999999382,125.4999999999992895,1.5805100202560425
7.8999999999999382,125.5999999999992838,1.7848997116088867
7.8999999999999382,125.6999999999992781,2.0234313011169434
7.8999999999999382,125.7999999999992724,1.7340757846832275
7.8999999999999382,125.8999999999992667,1.3191329240798950
7.8999999999999382,125.9999999999992610,0.9634504318237305
7.8999999999999382,126.0999999999992554,1.0232394933700562
7.8999999999999382,126.1999999999992497,1.1933933496475220
7.8999999999999382,126.2999999999992440,1.5034812688827515
7.7999999999999385,122.0999999999994827,5.0504627227783203
7.7999999999999385,122.1999999999994770,4.0891547203063965
7.7999999999999385,122.2999999999994714,3.1236510276794434
7.7999999999999385,122.3999999999994657,3.1753208637237549
7.7999999999999385,122.4999999999994600,4.1530337333679199
7.7999999999999385,122.5999999999994543,5.1328167915344238
7.7999999999999385,122.6999999999994486,4.6805324554443359
7.7999999999999385,122.7999999999994429,3.5528199672698975
7.7999999999999385,122.8999999999994373,2.5896165370941162
7.7999999999999385,122.9999999999994316,1.9976139068603516
7.7999999999999385,123.0999999999994259,1.4578540325164795
7.7999999999999385,123.1999999999994202,1.1687649488449097
7.7999999999999385,123.2999999999994145,2.1844046115875244
7.7999999999999385,123.3999999999994088,3.3514335155487061
7.7999999999999385,123.6999999999993918,3.3494434356689453
7.7999999999999385,123.7999999999993861,3.3327381610870361
7.7999999999999385,123.8999999999993804,2.6282539367675781
7.7999999999999385,123.9999999999993747,1.8908995389938354
7.7999999999999385,124.0999999999993690,1.5898317098617554
7.7999999999999385,124.1999999999993634,1.5139563083648682
7.7999999999999385,124.2999999999993577,1.3824138641357422
7.7999999999999385,124.3999999999993520,0.9650624394416809
7.7999999999999385,124.4999999999993463,0.5232688784599304
7.7999999999999385,124.5999999999993406,0.1941163241863251
7.7999999999999385,124.6999999999993349,1.1169048547744751
7.7999999999999385,124.7999999999993292,2.2015876770019531
7.7999999999999385,124.8999999999993236,2.8046216964721680
7.7999999999999385,124.9999999999993179,1.8348360061645508
7.7999999999999385,125.0999999999993122,0.9522949457168579
7.7999999999999385,125.1999999999993065,0.3569797873497009
7.7999999999999385,125.2999999999993008,0.5838598608970642
7.7999999999999385,125.3999999999992951,1.2167724370956421
7.7999999999999385,125.4999999999992895,1.6100529432296753
7.7999999999999385,125.5999999999992838,1.8678753376007080
7.7999999999999385,125.6999999999992781,2.1080017089843750
7.7999999999999385,125.7999999999992724,1.8359192609786987
7.7999999999999385,125.8999999999992667,1.4481996297836304
7.7999999999999385,125.9999999999992610,1.1656035184860229
7.7999999999999385,126.0999999999992554,1.1577594280242920
7.7999999999999385,126.1999999999992497,1.2447539567947388
7.7999999999999385,126.2999999999992440,1.4962341785430908
7.7999999999999385,126.3999999999992383,2.3722293376922607
7.6999999999999389,122.1999999999994770,4.1192550659179688
7.6999999999999389,122.2999999999994714,3.1695630550384521
7.6999999999999389,122.3999999999994657,3.3341488838195801
7.6999999999999389,122.4999999999994600,4.1767802238464355
7.6999999999999389,122.8999999999994373,2.9760067462921143
7.6999999999999389,122.9999999999994316,2.3285703659057617
7.6999999999999389,123.0999999999994259,1.7811994552612305
7.6999999999999389,123.1999999999994202,1.6743042469024658
7.6999999999999389,123.2999999999994145,2.7660062313079834
7.6999999999999389,123.3999999999994088,4.1112051010131836
7.6999999999999389,123.4999999999994031,5.0686459541320801
7.6999999999999389,123.8999999999993804,2.7137000560760498
7.6999999999999389,123.9999999999993747,2.0611028671264648
7.6999999999999389,124.0999999999993690,1.5824605226516724
7.6999999999999389,124.1999999999993634,1.2052496671676636
7.6999999999999389,124.2999999999993577,0.8453664779663086
7.6999999999999389,124.3999999999993520,0.3009634912014008
7.6999999999999389,124.4999999999993463,0.6224065423011780
7.6999999999999389,124.5999999999993406,1.3301948308944702
7.6999999999999389,124.6999999999993349,2.1604292392730713
7.6999999999999389,124.7999999999993292,3.0041704177856445
7.6999999999999389,124.8999999999993236,3.1189258098602295
7.6999999999999389,124.9999999999993179,1.9740203619003296
7.6999999999999389,125.0999999999993122,0.9042270779609680
7.6999999999999389,125.1999999999993065,0.5480889081954956
7.6999999999999389,125.2999999999993008,0.4116272628307343
7.6999999999999389,125.3999999999992951,1.1568732261657715
7.6999999999999389,125.4999999999992895,1.6550846099853516
7.6999999999999389,125.5999999999992838,1.9350731372833252
7.6999999999999389,125.6999999999992781,2.1921892166137695
7.6999999999999389,125.7999999999992724,1.9038156270980835
7.6999999999999389,125.8999999999992667,1.5203506946563721
7.6999999999999389,125.9999999999992610,1.2863249778747559
7.6999999999999389,126.0999999999992554,1.2329375743865967
7.6999999999999389,126.1999999999992497,1.2402940988540649
7.6999999999999389,126.2999999999992440,1.4515557289123535
7.6999999999999389,126.3999999999992383,2.3227000236511230
7.6999999999999389,126.4999999999992326,3.3457095623016357
7.5999999999999392,122.1999999999994770,4.0186076164245605
7.5999999999999392,122.2999999999994714,3.3628308773040771
7.5999999999999392,122.3999999999994657,3.6763916015625000
7.5999999999999392,122.8999999999994373,4.0122184753417969
7.5999999999999392,122.9999999999994316,3.3941636085510254
7.5999999999999392,123.1999999999994202,3.2302958965301514
7.5999999999999392,123.2999999999994145,4.1384043693542480
7.5999999999999392,123.3999999999994088,4.5165667533874512
7.5999999999999392,124.0999999999993690,1.6498616933822632
7.5999999999999392,124.1999999999993634,1.1984397172927856
7.5999999999999392,124.2999999999993577,0.9316970705986023
7.5999999999999392,124.3999999999993520,0.9979735612869263
7.5999999999999392,124.4999999999993463,1.4083608388900757
7.5999999999999392,124.5999999999993406,1.9227994680404663
7.5999999999999392,124.6999999999993349,2.3433248996734619
7.5999999999999392,124.7999999999993292,2.7834982872009277
7.5999999999999392,124.8999999999993236,2.7393591403961182
7.5999999999999392,124.9999999999993179,1.5368301868438721
7.5999999999999392,125.0999999999993122,0.8920480012893677
7.5999999999999392,125.1999999999993065,0.8799342513084412
7.5999999999999392,125.2999999999993008,0.4539668560028076
7.5999999999999392,125.3999999999992951,1.1652601957321167
7.5999999999999392,125.4999999999992895,1.6719163656234741
7.5999999999999392,125.5999999999992838,1.9735752344131470
7.5999999999999392,125.6999999999992781,2.2371718883514404
7.5999999999999392,125.7999999999992724,1.9157762527465820
7.5999999999999392,125.8999999999992667,1.4641392230987549
7.5999999999999392,125.9999999999992610,1.1918277740478516
7.5999999999999392,126.0999999999992554,0.9911595582962036
7.5999999999999392,126.1999999999992497,0.8740958571434021
7.5999999999999392,126.2999999999992440,1.0470730066299438
7.5999999999999392,126.3999999999992383,1.9394549131393433
7.5999999999999392,126.4999999999992326,2.9738612174987793
7.4999999999999396,122.0999999999994827,4.2589793205261230
7.4999999999999396,122.1999999999994770,3.9348983764648438
7.4999999999999396,122.2999999999994714,3.5973148345947266
7.4999999999999396,123.2999999999994145,5.5547394752502441
7.4999999999999396,123.3999999999994088,6.3491587638854980
7.4999999999999396,124.1999999999993634,1.6583378314971924
7.4999999999999396,124.2999999999993577,1.6579555273056030
7.4999999999999396,124.3999999999993520,1.8547610044479370
7.4999999999999396,124.4999999999993463,2.1988775730133057
7.4999999999999396,124.5999999999993406,2.5779061317443848
7.4999999999999396,124.6999999999993349,2.6018335819244385
7.4999999999999396,124.7999999999993292,2.5617618560791016
7.4999999999999396,124.8999999999993236,2.1978490352630615
7.4999999999999396,124.9999999999993179,1.2150542736053467
7.4999999999999396,125.0999999999993122,1.1685895919799805
7.4999999999999396,125.1999999999993065,1.1960624456405640
7.4999999999999396,125.2999999999993008,0.5524826645851135
7.4999999999999396,125.3999999999992951,1.1421984434127808
7.4999999999999396,125.4999999999992895,1.6964880228042603
7.4999999999999396,125.5999999999992838,2.0132710933685303
7.4999999999999396,125.6999999999992781,2.2959344387054443
7.4999999999999396,125.7999999999992724,1.9535877704620361
7.4999999999999396,125.8999999999992667,1.4507848024368286
7.4999999999999396,125.9999999999992610,1.1695039272308350
7.4999999999999396,126.0999999999992554,0.7871981859207153
7.4999999999999396,126.1999999999992497,0.4959685802459717
7.4999999999999396,126.2999999999992440,0.6305442452430725
7.4999999999999396,126.3999999999992383,1.5588672161102295
7.4999999999999396,126.4999999999992326,2.6123988628387451
7.4999999999999396,126.5999999999992269,4.1553511619567871
7.3999999999999400,122.0999999999994827,3.9624621868133545
7.3999999999999400,122.1999999999994770,3.9195077419281006
7.3999999999999400,122.2999999999994714,3.8912339210510254
7.3999999999999400,122.7999999999994429,6.3796525001525879
7.3999999999999400,123.3999999999994088,7.0290789604187012
7.3999999999999400,124.1999999999993634,1.8222769498825073
7.3999999999999400,124.2999999999993577,1.8012298345565796
7.3999999999999400,124.3999999999993520,1.9301067590713501
7.3999999999999400,124.4999999999993463,2.1191165447235107
7.3999999999999400,124.5999999999993406,2.3059282302856445
7.3999999999999400,124.6999999999993349,2.1248335838317871
7.3999999999999400,124.7999999999993292,1.8956464529037476
7.3999999999999400,124.8999999999993236,1.5607409477233887
7.3999999999999400,124.9999999999993179,1.0536720752716064
7.3999999999999400,125.0999999999993122,1.3900587558746338
7.3999999999999400,125.1999999999993065,1.3242691755294800
7.3999999999999400,125.2999999999993008,0.4529204964637756
7.3999999999999400,125.3999999999992951,1.1510888338088989
7.3999999999999400,125.4999999999992895,1.6884425878524780
7.3999999999999400,125.5999999999992838,2.1486611366271973
7.3999999999999400,125.6999999999992781,2.7144322395324707
7.3999999999999400,125.7999999999992724,2.2484734058380127
7.3999999999999400,125.8999999999992667,1.8481655120849609
7.3999999999999400,125.9999999999992610,1.5054141283035278
7.3999999999999400,126.0999999999992554,0.9989568591117859
7.3999999999999400,126.1999999999992497,0.5870756506919861
7.3999999999999400,126.2999999999992440,0.8700666427612305
7.3999999999999400,126.3999999999992383,1.9213422536849976
7.3999999999999400,126.4999999999992326,3.1887881755828857
7.2999999999999403,116.8999999999997783,4.5719218254089355
7.2999999999999403,117.0999999999997669,5.9774241447448730
7.2999999999999403,117.1999999999997613,6.4420356750488281
7.2999999999999403,122.0999999999994827,3.6843872070312500
7.2999999999999403,122.1999999999994770,4.1301341056823730
7.2999999999999403,124.1999999999993634,1.2771805524826050
7.2999999999999403,124.2999999999993577,1.2881457805633545
7.2999999999999403,124.3999999999993520,1.2136534452438354
7.2999999999999403,124.4999999999993463,1.1406656503677368
7.2999999999999403,124.5999999999993406,1.1060961484909058
7.2999999999999403,124.6999999999993349,0.9934751391410828
7.2999999999999403,124.7999999999993292,0.9127246737480164
7.2999999999999403,124.8999999999993236,0.9016926884651184
7.2999999999999403,124.9999999999993179,1.0859242677688599
7.2999999999999403,125.0999999999993122,1.3705234527587891
7.2999999999999403,125.1999999999993065,1.0953329801559448
7.2999999999999403,125.2999999999993008,0.1528919786214828
7.2999999999999403,125.3999999999992951,1.1498571634292603
7.2999999999999403,125.4999999999992895,1.6494473218917847
7.2999999999999403,125.5999999999992838,2.4901149272918701
7.2999999999999403,125.6999999999992781,3.3285491466522217
7.2999999999999403,125.8999999999992667,2.7677831649780273
7.2999999999999403,125.9999999999992610,2.2517468929290771
7.2999999999999403,126.0999999999992554,1.5804008245468140
7.2999999999999403,126.1999999999992497,1.1724468469619751
7.2999999999999403,126.2999999999992440,1.5980824232101440
7.2999999999999403,126.3999999999992383,3.1891615390777588
7.2999999999999403,126.4999999999992326,4.8274912834167480
7.2999999999999403,126.5999999999992269,6.6778259277343750
7.1999999999999407,117.0999999999997669,6.1115546226501465
7.1999999999999407,117.1999999999997613,6.5395827293395996
7.1999999999999407,121.9999999999994884,4.0280032157897949
7.1999999999999407,122.0999999999994827,3.5553205013275146
7.1999999999999407,122.1999999999994770,4.4156341552734375
7.1999999999999407,124.1999999999993634,1.1404954195022583
7.1999999999999407,124.2999999999993577,0.9690368771553040
7.1999999999999407,124.3999999999993520,0.8842393755912781
7.1999999999999407,124.4999999999993463,0.8311662077903748
7.1999999999999407,124.5999999999993406,0.8449227213859558
7.1999999999999407,124.6999999999993349,1.0188720226287842
7.1999999999999407,124.7999999999993292,1.2287447452545166
7.1999999999999407,124.8999999999993236,1.3718038797378540
7.1999999999999407,124.9999999999993179,1.3561258316040039
7.1999999999999407,125.0999999999993122,1.3756077289581299
7.1999999999999407,125.1999999999993065,0.9400645494461060
7.1999999999999407,125.2999999999993008,0.1963817030191422
7.1999999999999407,125.3999999999992951,1.2175784111022949
7.1999999999999407,125.4999999999992895,1.6088310480117798
7.1999999999999407,125.5999999999992838,3.0016171932220459
7.1999999999999407,125.9999999999992610,2.9926245212554932
7.1999999999999407,126.0999999999992554,2.1932368278503418
7.1999999999999407,126.1999999999992497,1.7882674932479858
7.1999999999999407,126.2999999999992440,2.4884164333343506
7.1999999999999407,126.3999999999992383,4.4115729331970215
7.1999999999999407,126.4999999999992326,6.3872046470642090
7.0999999999999410,121.9999999999994884,3.9036700725555420
7.0999999999999410,122.0999999999994827,3.4517307281494141
7.0999999999999410,122.1999999999994770,4.3168644905090332
7.0999999999999410,124.0999999999993690,1.3102428913116455
7.0999999999999410,124.1999999999993634,1.0935128927230835
7.0999999999999410,124.2999999999993577,0.9175006151199341
7.0999999999999410,124.3999999999993520,0.9088949561119080
7.0999999999999410,124.4999999999993463,0.9867032170295715
7.0999999999999410,124.5999999999993406,1.1234745979309082
7.0999999999999410,124.6999999999993349,1.2705549001693726
7.0999999999999410,124.7999999999993292,1.4355225563049316
7.0999999999999410,124.8999999999993236,1.4844019412994385
7.0999999999999410,124.9999999999993179,1.2526247501373291
7.0999999999999410,125.0999999999993122,1.1431418657302856
7.0999999999999410,125.1999999999993065,0.7351621985435486
7.0999999999999410,125.2999999999993008,0.3733155429363251
7.0999999999999410,125.3999999999992951,1.2338470220565796
7.0999999999999410,125.4999999999992895,1.5662322044372559
7.0999999999999410,125.5999999999992838,3.1030111312866211
7.0999999999999410,125.6999999999992781,5.3994798660278320
7.0999999999999410,125.8999999999992667,4.2940421104431152
7.0999999999999410,125.9999999999992610,3.9649541378021240
7.0999999999999410,126.0999999999992554,3.2786653041839600
7.0999999999999410,126.1999999999992497,2.9733142852783203
7.0999999999999410,126.2999999999992440,3.5287811756134033
7.0999999999999410,126.3999999999992383,5.5153064727783203
6.9999999999999414,117.0999999999997669,5.8040518760681152
6.9999999999999414,121.9999999999994884,3.8889133930206299
6.9999999999999414,122.0999999999994827,3.5800380706787109
6.9999999999999414,122.1999999999994770,4.7565813064575195
6.9999999999999414,123.9999999999993747,1.7533272504806519
6.9999999999999414,124.0999999999993690,1.4541281461715698
6.9999999999999414,124.1999999999993634,1.2290571928024292
6.9999999999999414,124.2999999999993577,1.0586891174316406
6.9999999999999414,124.3999999999993520,1.0475769042968750
6.9999999999999414,124.4999999999993463,1.1868561506271362
6.9999999999999414,124.5999999999993406,1.3433098793029785
6.9999999999999414,124.6999999999993349,1.3360340595245361
6.9999999999999414,124.7999999999993292,1.3265014886856079
6.9999999999999414,124.8999999999993236,1.2150027751922607
6.9999999999999414,124.9999999999993179,0.9079184532165527
6.9999999999999414,125.0999999999993122,0.7618012428283691
6.9999999999999414,125.1999999999993065,0.5074934959411621
6.9999999999999414,125.2999999999993008,0.4903412759304047
6.9999999999999414,125.3999999999992951,1.2005361318588257
6.9999999999999414,125.4999999999992895,1.3335806131362915
6.9999999999999414,125.7999999999992724,6.0182824134826660
6.9999999999999414,125.9999999999992610,5.2879176139831543
6.9999999999999414,126.0999999999992554,4.7420773506164551
6.9999999999999414,126.1999999999992497,4.4924407005310059
6.9999999999999414,126.2999999999992440,4.8920578956604004
6.8999999999999417,116.6999999999997897,2.6388354301452637
6.8999999999999417,116.7999999999997840,3.1640968322753906
6.8999999999999417,117.0999999999997669,5.3537669181823730
6.8999999999999417,117.1999999999997613,5.7186083793640137
6.8999999999999417,122.0999999999994827,3.5250275135040283
6.8999999999999417,123.9999999999993747,2.6921029090881348
6.8999999999999417,124.0999999999993690,1.7716076374053955
6.8999999999999417,124.1999999999993634,1.5004082918167114
6.8999999999999417,124.2999999999993577,1.2746447324752808
6.8999999999999417,124.3999999999993520,1.2964941263198853
6.8999999999999417,124.4999999999993463,1.5239065885543823
6.8999999999999417,124.5999999999993406,1.7932646274566650
6.8999999999999417,124.6999999999993349,1.6188135147094727
6.8999999999999417,124.7999999999993292,1.4378374814987183
6.8999999999999417,124.8999999999993236,1.1965106725692749
6.8999999999999417,124.9999999999993179,0.7341545820236206
6.8999999999999417,125.0999999999993122,0.4311271309852600
6.8999999999999417,125.1999999999993065,0.2522388696670532
6.8999999999999417,125.2999999999993008,0.5907548666000366
6.8999999999999417,125.3999999999992951,1.2450942993164062
6.8999999999999417,126.0999999999992554,6.2500758171081543
6.8999999999999417,126.2999999999992440,6.2694487571716309
6.7999999999999421,124.0999999999993690,2.3388001918792725
6.7999999999999421,124.1999999999993634,1.8102668523788452
6.7999999999999421,124.2999999999993577,1.3490507602691650
6.7999999999999421,124.3999999999993520,1.2852685451507568
6.7999999999999421,124.4999999999993463,1.4762513637542725
6.7999999999999421,124.5999999999993406,1.7444288730621338
6.7999999999999421,124.6999999999993349,1.6707447767257690
6.7999999999999421,124.7999999999993292,1.5650166273117065
6.7999999999999421,124.8999999999993236,1.3769780397415161
6.7999999999999421,124.9999999999993179,0.9635021090507507
6.7999999999999421,125.0999999999993122,0.5500857234001160
6.7999999999999421,125.1999999999993065,0.2453949451446533
6.7999999999999421,125.2999999999993008,0.7021113634109497
6.7999999999999421,125.3999999999992951,1.2332364320755005
6.7999999999999421,126.0999999999992554,7.6343550682067871
6.7999999999999421,126.1999999999992497,7.6745238304138184
6.6999999999999424,121.9999999999994884,3.6214044094085693
6.6999999999999424,122.0999999999994827,3.4958636760711670
6.6999999999999424,124.0999999999993690,2.9434268474578857
6.6999999999999424,124.1999999999993634,2.1309027671813965
6.6999999999999424,124.2999999999993577,1.3784022331237793
6.6999999999999424,124.3999999999993520,1.1288917064666748
6.6999999999999424,124.4999999999993463,1.2687768936157227
6.6999999999999424,124.5999999999993406,1.6210962533950806
6.6999999999999424,124.6999999999993349,1.6527508497238159
6.6999999999999424,124.7999999999993292,1.6964027881622314
6.6999999999999424,124.8999999999993236,1.6779698133468628
6.6999999999999424,124.9999999999993179,1.3870396614074707
6.6999999999999424,125.0999999999993122,1.0934203863143921
6.6999999999999424,125.1999999999993065,0.8686332106590271
6.6999999999999424,125.2999999999993008,1.0264973640441895
6.6999999999999424,126.0999999999992554,9.1802463531494141
6.6999999999999424,126.1999999999992497,9.3955211639404297
6.5999999999999428,121.8999999999994941,5.0423455238342285
6.5999999999999428,121.9999999999994884,3.9429535865783691
6.5999999999999428,122.0999999999994827,3.6957376003265381
6.5999999999999428,122.1999999999994770,4.9725165367126465
6.5999999999999428,124.0999999999993690,3.5833733081817627
6.5999999999999428,124.1999999999993634,2.4632580280303955
6.5999999999999428,124.2999999999993577,1.4470280408859253
6.5999999999999428,124.3999999999993520,1.0386309623718262
6.5999999999999428,124.4999999999993463,1.1034300327301025
6.5999999999999428,124.5999999999993406,1.4803276062011719
6.5999999999999428,124.6999999999993349,1.6507017612457275
6.5999999999999428,124.7999999999993292,1.8468550443649292
6.5999999999999428,124.8999999999993236,1.9499250650405884
6.5999999999999428,124.9999999999993179,1.7617712020874023
6.5999999999999428,125.0999999999993122,1.5792390108108521
6.5999999999999428,125.1999999999993065,1.3826814889907837
6.5999999999999428,125.2999999999993008,1.3822934627532959
6.5999999999999428,126.0999999999992554,11.0825700759887695
6.5999999999999428,126.1999999999992497,10.7927579879760742
6.4999999999999432,121.9999999999994884,4.8764967918395996
6.4999999999999432,122.0999999999994827,4.6467089653015137
6.4999999999999432,122.1999999999994770,5.3014822006225586
6.4999999999999432,124.0999999999993690,4.2730870246887207
6.4999999999999432,124.1999999999993634,2.9743134975433350
6.4999999999999432,124.2999999999993577,1.8004120588302612
6.4999999999999432,124.3999999999993520,1.1255916357040405
6.4999999999999432,124.4999999999993463,0.9956226348876953
6.4999999999999432,124.5999999999993406,1.3368374109268188
6.4999999999999432,124.6999999999993349,1.5815469026565552
6.4999999999999432,124.7999999999993292,1.8776226043701172
6.4999999999999432,124.8999999999993236,2.0881392955780029
6.4999999999999432,124.9999999999993179,1.8951135873794556
6.4999999999999432,125.0999999999993122,1.7111119031906128
6.4999999999999432,125.1999999999993065,1.5363867282867432
6.4999999999999432,125.2999999999993008,1.5465763807296753
6.4999999999999432,125.3999999999992951,1.8039255142211914
6.4999999999999432,125.4999999999992895,2.8931522369384766
6.4999999999999432,125.5999999999992838,4.0555706024169922
6.4999999999999432,126.1999999999992497,11.3595819473266602
6.3999999999999435,121.9999999999994884,5.7246594429016113
6.3999999999999435,124.0999999999993690,4.7459673881530762
6.3999999999999435,124.1999999999993634,3.5166270732879639
6.3999999999999435,124.2999999999993577,2.1153523921966553
6.3999999999999435,124.3999999999993520,1.2850898504257202
6.3999999999999435,124.4999999999993463,0.8993002772331238
6.3999999999999435,124.5999999999993406,1.1843738555908203
6.3999999999999435,124.6999999999993349,1.4862226247787476
6.3999999999999435,124.7999999999993292,1.9126194715499878
6.3999999999999435,124.8999999999993236,2.1800365447998047
6.3999999999999435,124.9999999999993179,1.9936479330062866
6.3999999999999435,125.0999999999993122,1.7855881452560425
6.3999999999999435,125.1999999999993065,1.6310640573501587
6.3999999999999435,125.2999999999993008,1.6998764276504517
6.3999999999999435,125.3999999999992951,2.0158305168151855
6.3999999999999435,125.4999999999992895,3.3548812866210938
6.2999999999999439,120.5999999999995680,8.9431142807006836
6.2999999999999439,124.1999999999993634,4.2182240486145020
6.2999999999999439,124.2999999999993577,2.7551231384277344
6.2999999999999439,124.3999999999993520,1.7157245874404907
6.2999999999999439,124.4999999999993463,0.9996142387390137
6.2999999999999439,124.5999999999993406,0.9712116122245789
6.2999999999999439,124.6999999999993349,1.3423806428909302
6.2999999999999439,124.7999999999993292,1.8277962207794189
6.2999999999999439,124.8999999999993236,2.1349685192108154
6.2999999999999439,124.9999999999993179,1.8998903036117554
6.2999999999999439,125.0999999999993122,1.6614971160888672
6.2999999999999439,125.1999999999993065,1.5056560039520264
6.2999999999999439,125.2999999999993008,1.6622005701065063
6.2999999999999439,125.3999999999992951,2.0468723773956299
6.2999999999999439,125.4999999999992895,3.5924847126007080
6.2999999999999439,125.5999999999992838,5.9449191093444824
6.1999999999999442,124.2999999999993577,3.5552601814270020
6.1999999999999442,124.3999999999993520,2.8048322200775146
6.1999999999999442,124.4999999999993463,1.7793171405792236
6.1999999999999442,124.5999999999993406,1.0599330663681030
6.1999999999999442,124.6999999999993349,1.2476011514663696
6.1999999999999442,124.7999999999993292,1.5299820899963379
6.1999999999999442,124.8999999999993236,1.6421545743942261
6.1999999999999442,124.9999999999993179,1.3189244270324707
6.1999999999999442,125.0999999999993122,0.9988849759101868
6.1999999999999442,125.1999999999993065,0.7941949367523193
6.1999999999999442,125.2999999999993008,1.0698846578598022
6.1999999999999442,125.3999999999992951,1.6286071538925171
6.1999999999999442,125.4999999999992895,3.2499248981475830
6.1999999999999442,125.5999999999992838,5.7872042655944824
6.1999999999999442,125.6999999999992781,7.5781478881835938
6.0999999999999446,120.9999999999995453,8.4608001708984375
6.0999999999999446,121.0999999999995396,8.3994274139404297
6.0999999999999446,124.4999999999993463,2.7552955150604248
6.0999999999999446,124.5999999999993406,1.7387765645980835
6.0999999999999446,124.6999999999993349,1.4975618124008179
6.0999999999999446,124.7999999999993292,1.4163221120834351
6.0999999999999446,124.8999999999993236,1.2175592184066772
6.0999999999999446,124.9999999999993179,0.8238669633865356
6.0999999999999446,125.0999999999993122,0.5502323508262634
6.0999999999999446,125.2999999999993008,0.5285262465476990
6.0999999999999446,125.3999999999992951,1.2363086938858032
6.0999999999999446,125.4999999999992895,2.8927528858184814
6.0999999999999446,125.5999999999992838,5.5932345390319824
6.0999999999999446,125.6999999999992781,7.9229826927185059
5.9999999999999449,120.8999999999995509,8.4936208724975586
5.9999999999999449,120.9999999999995453,8.4377698898315430
5.9999999999999449,121.0999999999995396,8.3579330444335938
5.9999999999999449,121.3999999999995225,8.0930147171020508
5.9999999999999449,124.5999999999993406,2.5258049964904785
5.9999999999999449,124.6999999999993349,2.1720893383026123
5.9999999999999449,124.7999999999993292,1.8846464157104492
5.9999999999999449,124.8999999999993236,1.4738910198211670
5.9999999999999449,124.9999999999993179,1.0432609319686890
5.9999999999999449,125.0999999999993122,0.7516247630119324
5.9999999999999449,125.3999999999992951,0.9407730102539062
5.9999999999999449,125.4999999999992895,2.6794321537017822
5.9999999999999449,125.5999999999992838,5.4090981483459473
5.8999999999999453,120.8999999999995509,8.4177083969116211
5.8999999999999453,124.7999999999993292,2.5346770286560059
5.8999999999999453,124.8999999999993236,2.3905770778656006
5.8999999999999453,124.9999999999993179,1.8702973127365112
5.8999999999999453,125.0999999999993122,1.3556975126266479
5.8999999999999453,125.1999999999993065,0.9831485152244568
5.8999999999999453,125.2999999999993008,0.6976491808891296
5.8999999999999453,125.3999999999992951,0.9924567341804504
5.8999999999999453,125.4999999999992895,2.7040684223175049
5.8999999999999453,125.5999999999992838,5.2966728210449219
5.7999999999999456,125.2999999999993008,1.3059704303741455
5.7999999999999456,125.3999999999992951,1.3310472965240479
5.7999999999999456,125.4999999999992895,2.6430528163909912
5.6999999999999460,125.2999999999993008,2.0527184009552002
5.6999999999999460,125.3999999999992951,2.5114548206329346
5.5999999999999464,125.2999999999993008,4.2394061088562012
5.5999999999999464,125.3999999999992951,4.1215662956237793
5.3999999999999471,118.8999999999996646,6.4391107559204102
5.3999999999999471,118.9999999999996589,7.6049027442932129
5.3999999999999471,119.0999999999996533,9.0380868911743164
5.3999999999999471,119.1999999999996476,10.2827816009521484
5.2999999999999474,118.8999999999996646,5.2445101737976074
5.2999999999999474,118.9999999999996589,6.4635734558105469
5.2999999999999474,119.0999999999996533,7.9966826438903809
5.2999999999999474,119.1999999999996476,9.3718004226684570
5.2999999999999474,120.1999999999995907,8.9117355346679688
5.1999999999999478,118.8999999999996646,4.4209570884704590
5.1999999999999478,118.9999999999996589,5.3892235755920410
5.1999999999999478,119.0999999999996533,7.1551461219787598
5.1999999999999478,119.1999999999996476,8.9277515411376953
5.1999999999999478,120.1999999999995907,8.8377943038940430
5.0999999999999481,118.8999999999996646,5.6721687316894531
5.0999999999999481,118.9999999999996589,6.2446589469909668
5.0999999999999481,119.7999999999996135,9.2523288726806641
5.0999999999999481,119.8999999999996078,9.0881280899047852
