latitude,longitude,max_wind_gust
19.3999999999999559,121.3999999999995225,3.0385017395019531
19.3999999999999559,121.4999999999995168,2.8926708698272705
18.8999999999999488,121.8999999999994941,3.6396217346191406
18.5999999999999446,120.7999999999995566,1.3790701627731323
18.5999999999999446,120.8999999999995509,0.5417560935020447
18.5999999999999446,121.0999999999995396,0.6207474470138550
18.5999999999999446,121.1999999999995339,0.4321372210979462
18.4999999999999432,120.6999999999995623,2.5234296321868896
18.4999999999999432,120.7999999999995566,1.4464616775512695
18.4999999999999432,120.8999999999995509,0.7050145864486694
18.4999999999999432,120.9999999999995453,0.6983196139335632
18.4999999999999432,121.0999999999995396,0.9021363258361816
18.4999999999999432,121.1999999999995339,0.8707222938537598
18.4999999999999432,121.2999999999995282,0.7348549962043762
18.4999999999999432,122.1999999999994770,4.3415899276733398
18.3999999999999417,120.5999999999995680,3.5536706447601318
18.3999999999999417,120.6999999999995623,2.5686228275299072
18.3999999999999417,120.7999999999995566,1.6927330493927002
18.3999999999999417,120.8999999999995509,0.9841583371162415
18.3999999999999417,120.9999999999995453,0.8612101674079895
18.3999999999999417,121.0999999999995396,1.0508062839508057
18.3999999999999417,121.1999999999995339,1.1980913877487183
18.3999999999999417,121.2999999999995282,1.0307798385620117
18.3999999999999417,121.3999999999995225,1.1708557605743408
18.3999999999999417,121.4999999999995168,1.5467065572738647
18.3999999999999417,121.5999999999995111,2.1378312110900879
18.3999999999999417,122.0999999999994827,3.8598461151123047
18.3999999999999417,122.1999999999994770,4.0273432731628418
18.3999999999999417,122.2999999999994714,4.1934995651245117
18.2999999999999403,120.6999999999995623,2.3730955123901367
18.2999999999999403,120.7999999999995566,1.8599977493286133
18.2999999999999403,120.8999999999995509,1.1572189331054688
18.2999999999999403,120.9999999999995453,1.0587003231048584
18.2999999999999403,121.0999999999995396,1.2204905748367310
18.2999999999999403,121.1999999999995339,1.3039277791976929
18.2999999999999403,121.2999999999995282,0.8430213332176208
18.2999999999999403,121.3999999999995225,0.7192515730857849
18.2999999999999403,121.4999999999995168,1.1794155836105347
18.2999999999999403,121.5999999999995111,1.8144005537033081
18.2999999999999403,121.6999999999995055,2.4242227077484131
18.2999999999999403,122.0999999999994827,3.1007847785949707
18.2999999999999403,122.1999999999994770,3.2198007106781006
18.2999999999999403,122.2999999999994714,3.4838731288909912
18.1999999999999389,120.4999999999995737,4.5666184425354004
18.1999999999999389,120.5999999999995680,3.3164570331573486
18.1999999999999389,120.6999999999995623,2.1025657653808594
18.1999999999999389,120.7999999999995566,1.6554787158966064
18.1999999999999389,120.8999999999995509,1.3227565288543701
18.1999999999999389,120.9999999999995453,1.2229373455047607
18.1999999999999389,121.0999999999995396,1.2749905586242676
18.1999999999999389,121.1999999999995339,1.3148640394210815
18.1999999999999389,121.2999999999995282,0.8716884851455688
18.1999999999999389,121.3999999999995225,0.3870417177677155
18.1999999999999389,121.4999999999995168,0.6891491413116455
18.1999999999999389,121.5999999999995111,1.2687144279479980
18.1999999999999389,121.6999999999995055,1.7778679132461548
18.1999999999999389,121.7999999999994998,2.1138164997100830
18.1999999999999389,121.8999999999994941,2.0414288043975830
18.1999999999999389,121.9999999999994884,2.0843954086303711
18.1999999999999389,122.0999999999994827,2.1958453655242920
18.1999999999999389,122.1999999999994770,2.3922858238220215
18.0999999999999375,120.4999999999995737,4.8467769622802734
18.0999999999999375,120.5999999999995680,3.1023948192596436
18.0999999999999375,120.6999999999995623,1.8570715188980103
18.0999999999999375,120.7999999999995566,1.3040539026260376
18.0999999999999375,120.8999999999995509,1.2043362855911255
18.0999999999999375,120.9999999999995453,1.3007580041885376
18.0999999999999375,121.0999999999995396,1.2897528409957886
18.0999999999999375,121.1999999999995339,1.3369481563568115
18.0999999999999375,121.2999999999995282,0.8754338622093201
18.0999999999999375,121.3999999999995225,0.3724430799484253
18.0999999999999375,121.4999999999995168,0.5160235762596130
18.0999999999999375,121.5999999999995111,0.8899028897285461
18.0999999999999375,121.6999999999995055,1.3555172681808472
18.0999999999999375,121.7999999999994998,1.6481924057006836
18.0999999999999375,121.8999999999994941,1.5139845609664917
18.0999999999999375,121.9999999999994884,1.4997515678405762
18.0999999999999375,122.0999999999994827,1.5495494604110718
18.0999999999999375,122.1999999999994770,1.6210705041885376
17.9999999999999361,120.5999999999995680,2.8831152915954590
17.9999999999999361,120.6999999999995623,1.7185858488082886
17.9999999999999361,120.7999999999995566,1.0629086494445801
17.9999999999999361,120.8999999999995509,1.1324189901351929
17.9999999999999361,120.9999999999995453,1.3702565431594849
17.9999999999999361,121.0999999999995396,1.3106244802474976
17.9999999999999361,121.1999999999995339,1.2652686834335327
17.9999999999999361,121.2999999999995282,0.8724161982536316
17.9999999999999361,121.3999999999995225,0.5670036673545837
17.9999999999999361,121.4999999999995168,0.7755805850028992
17.9999999999999361,121.5999999999995111,1.0296671390533447
17.9999999999999361,121.6999999999995055,1.4170249700546265
17.9999999999999361,121.7999999999994998,1.7229202985763550
17.9999999999999361,121.8999999999994941,1.4844160079956055
17.9999999999999361,121.9999999999994884,1.3334010839462280
17.9999999999999361,122.0999999999994827,1.3179048299789429
17.8999999999999346,120.4999999999995737,4.9953660964965820
17.8999999999999346,120.5999999999995680,2.8141512870788574
17.8999999999999346,120.6999999999995623,1.5667461156845093
17.8999999999999346,120.7999999999995566,0.9099404215812683
17.8999999999999346,120.8999999999995509,1.2051501274108887
17.8999999999999346,120.9999999999995453,1.4456831216812134
17.8999999999999346,121.0999999999995396,1.3756623268127441
17.8999999999999346,121.1999999999995339,1.3062962293624878
17.8999999999999346,121.2999999999995282,0.9635263681411743
17.8999999999999346,121.3999999999995225,0.7925490736961365
17.8999999999999346,121.4999999999995168,1.0156649351119995
17.8999999999999346,121.5999999999995111,1.2759450674057007
17.8999999999999346,121.6999999999995055,1.5354591608047485
17.8999999999999346,121.7999999999994998,1.7680898904800415
17.8999999999999346,121.8999999999994941,1.3741879463195801
17.8999999999999346,121.9999999999994884,1.1083357334136963
17.8999999999999346,122.0999999999994827,1.0971328020095825
17.7999999999999332,120.4999999999995737,5.4289722442626953
17.7999999999999332,120.5999999999995680,2.9464836120605469
17.7999999999999332,120.6999999999995623,1.5423356294631958
17.7999999999999332,120.7999999999995566,0.8171545863151550
17.7999999999999332,120.8999999999995509,1.1358551979064941
17.7999999999999332,120.9999999999995453,1.4105765819549561
17.7999999999999332,121.0999999999995396,1.3250712156295776
17.7999999999999332,121.1999999999995339,1.2453250885009766
17.7999999999999332,121.2999999999995282,0.9233709573745728
17.7999999999999332,121.3999999999995225,0.7902667522430420
17.7999999999999332,121.4999999999995168,1.0588794946670532
17.7999999999999332,121.5999999999995111,1.3000392913818359
17.7999999999999332,121.6999999999995055,1.5735554695129395
17.7999999999999332,121.7999999999994998,1.7154775857925415
17.7999999999999332,121.8999999999994941,1.2968696355819702
17.7999999999999332,121.9999999999994884,1.0139845609664917
17.7999999999999332,122.0999999999994827,1.0002071857452393
17.6999999999999318,120.3999999999995794,8.3565168380737305
17.6999999999999318,120.4999999999995737,5.9463400840759277
17.6999999999999318,120.5999999999995680,3.1399288177490234
17.6999999999999318,120.6999999999995623,1.5913221836090088
17.6999999999999318,120.7999999999995566,0.8169318437576294
17.6999999999999318,120.8999999999995509,0.9387785792350769
17.6999999999999318,120.9999999999995453,1.1917334794998169
17.6999999999999318,121.0999999999995396,1.1397689580917358
17.6999999999999318,121.1999999999995339,1.1344507932662964
17.6999999999999318,121.2999999999995282,0.7447947859764099
17.6999999999999318,121.3999999999995225,0.5168552398681641
17.6999999999999318,121.4999999999995168,0.8185271620750427
17.6999999999999318,121.5999999999995111,1.0702341794967651
17.6999999999999318,121.6999999999995055,1.4129357337951660
17.6999999999999318,121.7999999999994998,1.6011368036270142
17.6999999999999318,121.8999999999994941,1.2534052133560181
17.6999999999999318,121.9999999999994884,1.0895467996597290
17.6999999999999318,122.0999999999994827,1.0707987546920776
17.5999999999999304,120.3999999999995794,9.0737781524658203
17.5999999999999304,120.4999999999995737,6.1109409332275391
17.5999999999999304,120.5999999999995680,3.2017915248870850
17.5999999999999304,120.6999999999995623,1.6800079345703125
17.5999999999999304,120.7999999999995566,0.8878943324089050
17.5999999999999304,120.8999999999995509,0.7516943812370300
17.5999999999999304,120.9999999999995453,1.0124572515487671
17.5999999999999304,121.0999999999995396,1.0183917284011841
17.5999999999999304,121.1999999999995339,0.9689118266105652
17.5999999999999304,121.2999999999995282,0.6069710254669189
17.5999999999999304,121.3999999999995225,0.3213454186916351
17.5999999999999304,121.4999999999995168,0.6987939476966858
17.5999999999999304,121.5999999999995111,0.9861968159675598
17.5999999999999304,121.6999999999995055,1.3699352741241455
17.5999999999999304,121.7999999999994998,1.5036860704421997
17.5999999999999304,121.8999999999994941,1.0794279575347900
17.5999999999999304,121.9999999999994884,1.0200622081756592
17.5999999999999304,122.0999999999994827,1.1486625671386719
17.4999999999999289,120.4999999999995737,6.1590876579284668
17.4999999999999289,120.5999999999995680,3.2211060523986816
17.4999999999999289,120.6999999999995623,1.5726937055587769
17.4999999999999289,120.7999999999995566,0.8904936909675598
17.4999999999999289,120.8999999999995509,0.7460091710090637
17.4999999999999289,120.9999999999995453,1.0523122549057007
17.4999999999999289,121.0999999999995396,1.0969413518905640
17.4999999999999289,121.1999999999995339,1.1002973318099976
17.4999999999999289,121.2999999999995282,0.6603908538818359
17.4999999999999289,121.3999999999995225,0.2341903895139694
17.4999999999999289,121.4999999999995168,0.5988351702690125
17.4999999999999289,121.5999999999995111,1.0328587293624878
17.4999999999999289,121.6999999999995055,1.3357162475585938
17.4999999999999289,121.7999999999994998,1.4340068101882935
17.4999999999999289,121.8999999999994941,0.8125432133674622
17.4999999999999289,121.9999999999994884,0.6611867547035217
17.4999999999999289,122.0999999999994827,1.2023779153823853
17.3999999999999275,120.4999999999995737,6.0358552932739258
17.3999999999999275,120.5999999999995680,3.1494841575622559
17.3999999999999275,120.6999999999995623,1.5114229917526245
17.3999999999999275,120.7999999999995566,0.8506342768669128
17.3999999999999275,120.8999999999995509,0.6835331916809082
17.3999999999999275,120.9999999999995453,0.9741129875183105
17.3999999999999275,121.0999999999995396,1.2371473312377930
17.3999999999999275,121.1999999999995339,1.2383487224578857
17.3999999999999275,121.2999999999995282,0.8554450869560242
17.3999999999999275,121.3999999999995225,0.2764290273189545
17.3999999999999275,121.4999999999995168,0.4777634739875793
17.3999999999999275,121.5999999999995111,0.9908387064933777
17.3999999999999275,121.6999999999995055,1.4091628789901733
17.3999999999999275,121.7999999999994998,1.3630908727645874
17.3999999999999275,121.8999999999994941,0.6898505091667175
17.3999999999999275,121.9999999999994884,0.3571791052818298
17.3999999999999275,122.0999999999994827,0.9464168548583984
17.3999999999999275,122.1999999999994770,1.4360526800155640
17.2999999999999261,120.4999999999995737,5.4956035614013672
17.2999999999999261,120.5999999999995680,2.9616219997406006
17.2999999999999261,120.6999999999995623,1.3286875486373901
17.2999999999999261,120.7999999999995566,0.7757743000984192
17.2999999999999261,120.8999999999995509,0.5922033190727234
17.2999999999999261,120.9999999999995453,0.8984714746475220
17.2999999999999261,121.0999999999995396,1.2236192226409912
17.2999999999999261,121.1999999999995339,1.4738897085189819
17.2999999999999261,121.2999999999995282,0.9710339903831482
17.2999999999999261,121.3999999999995225,0.3379878699779510
17.2999999999999261,121.4999999999995168,0.3685300648212433
17.2999999999999261,121.5999999999995111,0.9008726477622986
17.2999999999999261,121.6999999999995055,1.4292562007904053
17.2999999999999261,121.7999999999994998,1.5693891048431396
17.2999999999999261,121.8999999999994941,0.8213067054748535
17.2999999999999261,121.9999999999994884,0.0885467752814293
17.2999999999999261,122.0999999999994827,0.7031944394111633
17.2999999999999261,122.1999999999994770,1.1883141994476318
17.2999999999999261,122.2999999999994714,1.6245692968368530
17.1999999999999247,120.4999999999995737,5.0286531448364258
17.1999999999999247,120.5999999999995680,2.5539295673370361
17.1999999999999247,120.6999999999995623,1.2406400442123413
17.1999999999999247,120.7999999999995566,0.7384185194969177
17.1999999999999247,120.8999999999995509,0.7175161838531494
17.1999999999999247,120.9999999999995453,1.0584747791290283
17.1999999999999247,121.0999999999995396,1.3358360528945923
17.1999999999999247,121.1999999999995339,1.3406825065612793
17.1999999999999247,121.2999999999995282,0.8445529341697693
17.1999999999999247,121.3999999999995225,0.2600743472576141
17.1999999999999247,121.4999999999995168,0.5222089290618896
17.1999999999999247,121.5999999999995111,1.0399016141891479
17.1999999999999247,121.6999999999995055,1.5302094221115112
17.1999999999999247,121.7999999999994998,1.6828171014785767
17.1999999999999247,121.8999999999994941,1.1351186037063599
17.1999999999999247,121.9999999999994884,0.3640563189983368
17.1999999999999247,122.0999999999994827,0.3548147380352020
17.1999999999999247,122.1999999999994770,0.8118469119071960
17.1999999999999247,122.2999999999994714,1.4087181091308594
17.1999999999999247,122.3999999999994657,1.9167768955230713
17.0999999999999233,120.4999999999995737,4.2183256149291992
17.0999999999999233,120.5999999999995680,2.4068107604980469
17.0999999999999233,120.6999999999995623,1.1056340932846069
17.0999999999999233,120.7999999999995566,0.8092035651206970
17.0999999999999233,120.8999999999995509,0.9587894678115845
17.0999999999999233,120.9999999999995453,1.2928344011306763
17.0999999999999233,121.0999999999995396,1.3279027938842773
17.0999999999999233,121.1999999999995339,1.2006566524505615
17.0999999999999233,121.2999999999995282,0.6205739378929138
17.0999999999999233,121.3999999999995225,0.2717356979846954
17.0999999999999233,121.4999999999995168,0.7484771609306335
17.0999999999999233,121.5999999999995111,1.2230260372161865
17.0999999999999233,121.6999999999995055,1.6127885580062866
17.0999999999999233,121.7999999999994998,1.7955366373062134
17.0999999999999233,121.8999999999994941,1.3758170604705811
17.0999999999999233,121.9999999999994884,0.8251618742942810
17.0999999999999233,122.0999999999994827,0.3327381312847137
17.0999999999999233,122.1999999999994770,0.5673776865005493
17.0999999999999233,122.2999999999994714,1.2985212802886963
17.0999999999999233,122.3999999999994657,2.0043456554412842
17.0999999999999233,122.4999999999994600,2.8112564086914062
16.9999999999999218,120.4999999999995737,4.4314470291137695
16.9999999999999218,120.5999999999995680,2.3854787349700928
16.9999999999999218,120.6999999999995623,1.0929671525955200
16.9999999999999218,120.7999999999995566,0.9577029347419739
16.9999999999999218,120.8999999999995509,1.2007006406784058
16.9999999999999218,120.9999999999995453,1.2584362030029297
16.9999999999999218,121.0999999999995396,1.1189494132995605
16.9999999999999218,121.1999999999995339,0.9345768094062805
16.9999999999999218,121.2999999999995282,0.3804408609867096
16.9999999999999218,121.3999999999995225,0.3325726091861725
16.9999999999999218,121.4999999999995168,0.9893836379051208
16.9999999999999218,121.5999999999995111,1.2841298580169678
16.9999999999999218,121.6999999999995055,1.6421982049942017
16.9999999999999218,121.7999999999994998,1.8170398473739624
16.9999999999999218,121.8999999999994941,1.4285439252853394
16.9999999999999218,121.9999999999994884,1.0086532831192017
16.9999999999999218,122.0999999999994827,0.5296890735626221
16.9999999999999218,122.1999999999994770,0.5117103457450867
16.9999999999999218,122.2999999999994714,1.2202137708663940
16.9999999999999218,122.3999999999994657,1.9177039861679077
16.8999999999999204,120.3999999999995794,5.3160252571105957
16.8999999999999204,120.4999999999995737,4.2871432304382324
16.8999999999999204,120.5999999999995680,2.3687899112701416
16.8999999999999204,120.6999999999995623,1.0843768119812012
16.8999999999999204,120.7999999999995566,1.0345133543014526
16.8999999999999204,120.8999999999995509,1.2875627279281616
16.8999999999999204,120.9999999999995453,1.0891537666320801
16.8999999999999204,121.0999999999995396,0.8028178215026855
16.8999999999999204,121.1999999999995339,0.6820219755172729
16.8999999999999204,121.2999999999995282,0.2359274923801422
16.8999999999999204,121.3999999999995225,0.6493536829948425
16.8999999999999204,121.4999999999995168,1.0796386003494263
16.8999999999999204,121.5999999999995111,1.2817856073379517
16.8999999999999204,121.6999999999995055,1.5368231534957886
16.8999999999999204,121.7999999999994998,1.6936424970626831
16.8999999999999204,121.8999999999994941,1.2720868587493896
16.8999999999999204,121.9999999999994884,0.8955057263374329
16.8999999999999204,122.0999999999994827,0.4434169828891754
16.8999999999999204,122.1999999999994770,0.5031827688217163
16.8999999999999204,122.2999999999994714,1.3099898099899292
16.8999999999999204,122.3999999999994657,2.0764138698577881
16.7999999999999190,120.3999999999995794,4.4826054573059082
16.7999999999999190,120.4999999999995737,3.5328392982482910
16.7999999999999190,120.5999999999995680,2.3159852027893066
16.7999999999999190,120.6999999999995623,1.0954515933990479
16.7999999999999190,120.7999999999995566,1.1600456237792969
16.7999999999999190,120.8999999999995509,1.4700592756271362
16.7999999999999190,120.9999999999995453,1.1755486726760864
16.7999999999999190,121.0999999999995396,0.6372885107994080
16.7999999999999190,121.1999999999995339,0.5489665269851685
16.7999999999999190,121.2999999999995282,0.4988482594490051
16.7999999999999190,121.3999999999995225,0.8448834419250488
16.7999999999999190,121.4999999999995168,1.2759628295898438
16.7999999999999190,121.5999999999995111,1.3965328931808472
16.7999999999999190,121.6999999999995055,1.5112454891204834
16.7999999999999190,121.7999999999994998,1.5924679040908813
16.7999999999999190,121.8999999999994941,1.2249459028244019
16.7999999999999190,121.9999999999994884,0.9253286719322205
16.7999999999999190,122.0999999999994827,0.4055553376674652
16.7999999999999190,122.1999999999994770,0.5979956984519958
16.7999999999999190,122.2999999999994714,1.4957804679870605
16.7999999999999190,122.3999999999994657,2.0725390911102295
16.6999999999999176,120.3999999999995794,3.6294345855712891
16.6999999999999176,120.4999999999995737,2.5622396469116211
16.6999999999999176,120.5999999999995680,1.6072024106979370
16.6999999999999176,120.6999999999995623,1.2404836416244507
16.6999999999999176,120.7999999999995566,1.3642395734786987
16.6999999999999176,120.8999999999995509,1.6030237674713135
16.6999999999999176,120.9999999999995453,1.3130034208297729
16.6999999999999176,121.0999999999995396,0.6520861387252808
16.6999999999999176,121.1999999999995339,0.5151738524436951
16.6999999999999176,121.2999999999995282,0.5098173022270203
16.6999999999999176,121.3999999999995225,0.8538928031921387
16.6999999999999176,121.4999999999995168,1.2699735164642334
16.6999999999999176,121.5999999999995111,1.4441250562667847
16.6999999999999176,121.6999999999995055,1.5270351171493530
16.6999999999999176,121.7999999999994998,1.5169820785522461
16.6999999999999176,121.8999999999994941,1.1817612648010254
16.6999999999999176,121.9999999999994884,0.8535391688346863
16.6999999999999176,122.0999999999994827,0.3745578825473785
16.6999999999999176,122.1999999999994770,0.8306140303611755
16.6999999999999176,122.2999999999994714,1.8068808317184448
16.5999999999999162,120.2999999999995850,4.7035641670227051
16.5999999999999162,120.3999999999995794,3.1684565544128418
16.5999999999999162,120.4999999999995737,2.2370386123657227
16.5999999999999162,120.5999999999995680,1.3166419267654419
16.5999999999999162,120.6999999999995623,1.1152704954147339
16.5999999999999162,120.7999999999995566,1.6043370962142944
16.5999999999999162,120.8999999999995509,1.8919782638549805
16.5999999999999162,120.9999999999995453,1.5351966619491577
16.5999999999999162,121.0999999999995396,0.8767237663269043
16.5999999999999162,121.1999999999995339,0.4595794677734375
16.5999999999999162,121.2999999999995282,0.3494104444980621
16.5999999999999162,121.3999999999995225,0.6877790689468384
16.5999999999999162,121.4999999999995168,1.2071348428726196
16.5999999999999162,121.5999999999995111,1.3190660476684570
16.5999999999999162,121.6999999999995055,1.3873016834259033
16.5999999999999162,121.7999999999994998,1.4008946418762207
16.5999999999999162,121.8999999999994941,1.0412625074386597
16.5999999999999162,121.9999999999994884,0.7077425718307495
16.5999999999999162,122.0999999999994827,0.6923694610595703
16.5999999999999162,122.1999999999994770,1.5672159194946289
16.5999999999999162,122.2999999999994714,2.4672007560729980
16.4999999999999147,120.2999999999995850,3.8447449207305908
16.4999999999999147,120.3999999999995794,3.1273958683013916
16.4999999999999147,120.4999999999995737,2.1036889553070068
16.4999999999999147,120.5999999999995680,1.1102231740951538
16.4999999999999147,120.6999999999995623,0.8697288632392883
16.4999999999999147,120.7999999999995566,1.5438100099563599
16.4999999999999147,120.8999999999995509,2.0757043361663818
16.4999999999999147,120.9999999999995453,1.9120216369628906
16.4999999999999147,121.0999999999995396,1.5241302251815796
16.4999999999999147,121.1999999999995339,1.3643021583557129
16.4999999999999147,121.2999999999995282,1.2296594381332397
16.4999999999999147,121.3999999999995225,1.1791499853134155
16.4999999999999147,121.4999999999995168,1.3623360395431519
16.4999999999999147,121.5999999999995111,1.3890151977539062
16.4999999999999147,121.6999999999995055,1.3512620925903320
16.4999999999999147,121.7999999999994998,1.3271561861038208
16.4999999999999147,121.8999999999994941,1.0765714645385742
16.4999999999999147,121.9999999999994884,1.0396364927291870
16.4999999999999147,122.0999999999994827,1.4404906034469604
16.4999999999999147,122.1999999999994770,2.6397066116333008
16.3999999999999133,120.3999999999995794,3.2410104274749756
16.3999999999999133,120.4999999999995737,2.1391363143920898
16.3999999999999133,120.5999999999995680,1.0773977041244507
16.3999999999999133,120.6999999999995623,0.6326519846916199
16.3999999999999133,120.7999999999995566,1.2517284154891968
16.3999999999999133,120.8999999999995509,1.9632040262222290
16.3999999999999133,120.9999999999995453,2.2898576259613037
16.3999999999999133,121.0999999999995396,2.1262042522430420
16.3999999999999133,121.1999999999995339,1.9808777570724487
16.3999999999999133,121.2999999999995282,1.8410338163375854
16.3999999999999133,121.3999999999995225,1.7265819311141968
16.3999999999999133,121.4999999999995168,1.6113646030426025
16.3999999999999133,121.5999999999995111,1.4990752935409546
16.3999999999999133,121.6999999999995055,1.3246974945068359
16.3999999999999133,121.7999999999994998,1.2193671464920044
16.3999999999999133,121.8999999999994941,1.1841343641281128
16.3999999999999133,121.9999999999994884,1.4814472198486328
16.3999999999999133,122.0999999999994827,2.4083125591278076
16.3999999999999133,122.1999999999994770,3.5635173320770264
16.2999999999999119,119.7999999999996135,6.1013293266296387
16.2999999999999119,120.3999999999995794,3.7465236186981201
16.2999999999999119,120.4999999999995737,2.5289523601531982
16.2999999999999119,120.5999999999995680,1.4031429290771484
16.2999999999999119,120.6999999999995623,0.6949111819267273
16.2999999999999119,120.7999999999995566,0.9187149405479431
16.2999999999999119,120.8999999999995509,1.4680937528610229
16.2999999999999119,120.9999999999995453,2.0140609741210938
16.2999999999999119,121.0999999999995396,2.3486440181732178
16.2999999999999119,121.1999999999995339,2.1790311336517334
16.2999999999999119,121.2999999999995282,1.9930648803710938
16.2999999999999119,121.3999999999995225,1.7665013074874878
16.2999999999999119,121.4999999999995168,1.5349768400192261
16.2999999999999119,121.5999999999995111,1.6564110517501831
16.2999999999999119,121.6999999999995055,1.5477013587951660
16.2999999999999119,121.7999999999994998,1.3488360643386841
16.2999999999999119,121.8999999999994941,1.6691849231719971
16.2999999999999119,121.9999999999994884,2.6562087535858154
16.2999999999999119,122.0999999999994827,3.7249367237091064
16.1999999999999105,119.7999999999996135,5.4357142448425293
16.1999999999999105,119.8999999999996078,5.1037592887878418
16.1999999999999105,119.9999999999996021,4.9136834144592285
16.1999999999999105,120.4999999999995737,3.1382076740264893
16.1999999999999105,120.5999999999995680,1.8744179010391235
16.1999999999999105,120.6999999999995623,1.0168128013610840
16.1999999999999105,120.7999999999995566,0.6543410420417786
16.1999999999999105,120.8999999999995509,0.9794524312019348
16.1999999999999105,120.9999999999995453,1.5173149108886719
16.1999999999999105,121.0999999999995396,2.0217096805572510
16.1999999999999105,121.1999999999995339,2.3382697105407715
16.1999999999999105,121.2999999999995282,2.1357419490814209
16.1999999999999105,121.3999999999995225,1.8418375253677368
16.1999999999999105,121.4999999999995168,1.5769286155700684
16.1999999999999105,121.5999999999995111,1.6517463922500610
16.1999999999999105,121.6999999999995055,1.7714853286743164
16.1999999999999105,121.7999999999994998,1.9556471109390259
16.1999999999999105,121.8999999999994941,2.7824816703796387
16.1999999999999105,121.9999999999994884,4.0352730751037598
16.0999999999999091,119.7999999999996135,5.2030930519104004
16.0999999999999091,119.8999999999996078,4.8978624343872070
16.0999999999999091,119.9999999999996021,4.7045969963073730
16.0999999999999091,120.4999999999995737,2.8650126457214355
16.0999999999999091,120.5999999999995680,1.8060607910156250
16.0999999999999091,120.6999999999995623,1.3814791440963745
16.0999999999999091,120.7999999999995566,0.7758446335792542
16.0999999999999091,120.8999999999995509,0.5662578940391541
16.0999999999999091,120.9999999999995453,1.0513627529144287
16.0999999999999091,121.0999999999995396,1.5740971565246582
16.0999999999999091,121.1999999999995339,2.1439683437347412
16.0999999999999091,121.2999999999995282,2.2170972824096680
16.0999999999999091,121.3999999999995225,2.0075957775115967
16.0999999999999091,121.4999999999995168,1.7921568155288696
16.0999999999999091,121.5999999999995111,1.7713330984115601
16.0999999999999091,121.6999999999995055,1.8994473218917847
15.9999999999999094,119.7999999999996135,5.5730233192443848
15.9999999999999094,119.8999999999996078,5.2292189598083496
15.9999999999999094,119.9999999999996021,4.2682948112487793
15.9999999999999094,120.0999999999995964,3.1635019779205322
15.9999999999999094,120.1999999999995907,2.9851286411285400
15.9999999999999094,120.2999999999995850,3.2268016338348389
15.9999999999999094,120.3999999999995794,3.2185809612274170
15.9999999999999094,120.4999999999995737,2.0763144493103027
15.9999999999999094,120.5999999999995680,1.9147424697875977
15.9999999999999094,120.6999999999995623,1.6869735717773438
15.9999999999999094,120.7999999999995566,1.1828742027282715
15.9999999999999094,120.8999999999995509,0.5765666365623474
15.9999999999999094,120.9999999999995453,0.7361099123954773
15.9999999999999094,121.0999999999995396,1.2102750539779663
15.9999999999999094,121.1999999999995339,1.8209720849990845
15.9999999999999094,121.2999999999995282,2.1537797451019287
15.9999999999999094,121.3999999999995225,2.1883878707885742
15.9999999999999094,121.4999999999995168,2.0181570053100586
15.9999999999999094,121.5999999999995111,1.9592891931533813
15.8999999999999098,119.9999999999996021,3.4306931495666504
15.8999999999999098,120.0999999999995964,2.1373922824859619
15.8999999999999098,120.1999999999995907,2.1517353057861328
15.8999999999999098,120.2999999999995850,2.3873944282531738
15.8999999999999098,120.3999999999995794,2.5341153144836426
15.8999999999999098,120.4999999999995737,2.1927325725555420
15.8999999999999098,120.5999999999995680,2.1587128639221191
15.8999999999999098,120.6999999999995623,1.9377609491348267
15.8999999999999098,120.7999999999995566,1.4288529157638550
15.8999999999999098,120.8999999999995509,0.9642047286033630
15.8999999999999098,120.9999999999995453,0.5257473587989807
15.8999999999999098,121.0999999999995396,0.8988901376724243
15.8999999999999098,121.1999999999995339,1.7095402479171753
15.8999999999999098,121.2999999999995282,2.0093863010406494
15.8999999999999098,121.3999999999995225,2.1854612827301025
15.8999999999999098,121.4999999999995168,2.4204964637756348
15.8999999999999098,121.5999999999995111,2.2622773647308350
15.7999999999999101,119.9999999999996021,3.0067901611328125
15.7999999999999101,120.0999999999995964,1.8141355514526367
15.7999999999999101,120.1999999999995907,1.6888096332550049
15.7999999999999101,120.2999999999995850,1.7546844482421875
15.7999999999999101,120.3999999999995794,1.7587063312530518
15.7999999999999101,120.4999999999995737,2.1937294006347656
15.7999999999999101,120.5999999999995680,2.1342525482177734
15.7999999999999101,120.6999999999995623,1.8933985233306885
15.7999999999999101,120.7999999999995566,1.3980726003646851
15.7999999999999101,120.8999999999995509,1.1540940999984741
15.7999999999999101,120.9999999999995453,0.5754023790359497
15.7999999999999101,121.0999999999995396,0.5576068758964539
15.7999999999999101,121.1999999999995339,1.3402107954025269
15.7999999999999101,121.2999999999995282,1.7265812158584595
15.7999999999999101,121.3999999999995225,1.9735949039459229
15.7999999999999101,121.4999999999995168,2.6481482982635498
15.6999999999999105,119.9999999999996021,2.9893183708190918
15.6999999999999105,120.0999999999995964,1.4871248006820679
15.6999999999999105,120.1999999999995907,1.3620915412902832
15.6999999999999105,120.2999999999995850,0.9632447361946106
15.6999999999999105,120.3999999999995794,0.8545125126838684
15.6999999999999105,120.4999999999995737,1.6078270673751831
15.6999999999999105,120.5999999999995680,1.9739836454391479
15.6999999999999105,120.6999999999995623,1.7566461563110352
15.6999999999999105,120.7999999999995566,1.4661558866500854
15.6999999999999105,120.8999999999995509,1.4253306388854980
15.6999999999999105,120.9999999999995453,0.8992086648941040
15.6999999999999105,121.0999999999995396,0.2620457708835602
15.6999999999999105,121.1999999999995339,1.0347130298614502
15.6999999999999105,121.2999999999995282,1.3973125219345093
15.6999999999999105,121.3999999999995225,2.0788781642913818
15.6999999999999105,121.4999999999995168,2.9663007259368896
15.5999999999999108,119.9999999999996021,3.4435260295867920
15.5999999999999108,120.0999999999995964,1.3992389440536499
15.5999999999999108,120.1999999999995907,0.8786671757698059
15.5999999999999108,120.2999999999995850,0.6105391979217529
15.5999999999999108,120.3999999999995794,0.4548248946666718
15.5999999999999108,120.4999999999995737,0.7812200188636780
15.5999999999999108,120.5999999999995680,1.5737184286117554
15.5999999999999108,120.6999999999995623,1.8451849222183228
15.5999999999999108,120.7999999999995566,1.7881087064743042
15.5999999999999108,120.8999999999995509,1.7773306369781494
15.5999999999999108,120.9999999999995453,1.2175925970077515
15.5999999999999108,121.0999999999995396,0.4290800988674164
15.5999999999999108,121.1999999999995339,0.8488726019859314
15.5999999999999108,121.2999999999995282,1.6368770599365234
15.5999999999999108,121.3999999999995225,2.5119245052337646
15.5999999999999108,121.4999999999995168,3.4034039974212646
15.4999999999999112,119.9999999999996021,3.5943527221679688
15.4999999999999112,120.0999999999995964,1.6155604124069214
15.4999999999999112,120.1999999999995907,1.1861792802810669
15.4999999999999112,120.2999999999995850,1.0596601963043213
15.4999999999999112,120.3999999999995794,0.9205112457275391
15.4999999999999112,120.4999999999995737,0.8206065297126770
15.4999999999999112,120.5999999999995680,1.4504231214523315
15.4999999999999112,120.6999999999995623,2.0018289089202881
15.4999999999999112,120.7999999999995566,2.0780341625213623
15.4999999999999112,120.8999999999995509,1.9615463018417358
15.4999999999999112,120.9999999999995453,1.5024708509445190
15.4999999999999112,121.0999999999995396,0.9658042788505554
15.4999999999999112,121.1999999999995339,1.2000049352645874
15.4999999999999112,121.2999999999995282,2.4846947193145752
15.4999999999999112,121.3999999999995225,3.4400575160980225
15.4999999999999112,121.4999999999995168,4.0072836875915527
15.3999999999999115,119.8999999999996078,5.6526112556457520
15.3999999999999115,119.9999999999996021,3.8361072540283203
15.3999999999999115,120.0999999999995964,1.9484672546386719
15.3999999999999115,120.1999999999995907,1.5329146385192871
15.3999999999999115,120.2999999999995850,1.5120209455490112
15.3999999999999115,120.3999999999995794,1.3988218307495117
15.3999999999999115,120.4999999999995737,1.2536435127258301
15.3999999999999115,120.5999999999995680,1.7449082136154175
15.3999999999999115,120.6999999999995623,2.2186267375946045
15.3999999999999115,120.7999999999995566,2.3536505699157715
15.3999999999999115,120.8999999999995509,2.3951241970062256
15.3999999999999115,120.9999999999995453,1.9789742231369019
15.3999999999999115,121.0999999999995396,1.4402822256088257
15.3999999999999115,121.1999999999995339,1.8227941989898682
15.3999999999999115,121.2999999999995282,3.0528695583343506
15.2999999999999119,119.9999999999996021,3.8290805816650391
15.2999999999999119,120.0999999999995964,2.3557538986206055
15.2999999999999119,120.1999999999995907,1.9473050832748413
15.2999999999999119,120.2999999999995850,1.8823522329330444
15.2999999999999119,120.3999999999995794,1.8346138000488281
15.2999999999999119,120.4999999999995737,1.8171255588531494
15.2999999999999119,120.5999999999995680,2.1682150363922119
15.2999999999999119,120.6999999999995623,2.5394647121429443
15.2999999999999119,120.7999999999995566,2.6437985897064209
15.2999999999999119,120.8999999999995509,2.7317943572998047
15.2999999999999119,120.9999999999995453,2.3586471080780029
15.2999999999999119,121.0999999999995396,1.9192723035812378
15.2999999999999119,121.1999999999995339,2.2751080989837646
15.2999999999999119,121.2999999999995282,3.4981846809387207
15.2999999999999119,121.3999999999995225,4.5945143699645996
15.1999999999999122,120.0999999999995964,2.9583413600921631
15.1999999999999122,120.1999999999995907,2.5543572902679443
15.1999999999999122,120.2999999999995850,2.0662233829498291
15.1999999999999122,120.3999999999995794,1.8046292066574097
15.1999999999999122,120.4999999999995737,2.2639842033386230
15.1999999999999122,120.5999999999995680,2.6653459072113037
15.1999999999999122,120.6999999999995623,2.9619910717010498
15.1999999999999122,120.7999999999995566,3.0692288875579834
15.1999999999999122,120.8999999999995509,3.3765323162078857
15.1999999999999122,120.9999999999995453,3.0137212276458740
15.1999999999999122,121.0999999999995396,2.4389452934265137
15.1999999999999122,121.1999999999995339,2.5726788043975830
15.1999999999999122,121.2999999999995282,3.6141960620880127
15.0999999999999126,120.0999999999995964,3.6574528217315674
15.0999999999999126,120.1999999999995907,2.8587422370910645
15.0999999999999126,120.2999999999995850,1.8863248825073242
15.0999999999999126,120.3999999999995794,1.5131751298904419
15.0999999999999126,120.4999999999995737,2.2289912700653076
15.0999999999999126,120.5999999999995680,3.1938321590423584
15.0999999999999126,120.6999999999995623,3.4289414882659912
15.0999999999999126,120.7999999999995566,3.7460193634033203
15.0999999999999126,120.8999999999995509,4.0952296257019043
15.0999999999999126,120.9999999999995453,3.8199985027313232
15.0999999999999126,121.0999999999995396,3.1429007053375244
15.0999999999999126,121.1999999999995339,2.8866016864776611
15.0999999999999126,121.2999999999995282,3.5631611347198486
15.0999999999999126,121.3999999999995225,3.6657600402832031
14.9999999999999130,120.0999999999995964,4.1474184989929199
14.9999999999999130,120.1999999999995907,3.1500566005706787
14.9999999999999130,120.2999999999995850,2.0959582328796387
14.9999999999999130,120.3999999999995794,1.7390739917755127
14.9999999999999130,120.4999999999995737,2.4769864082336426
14.9999999999999130,120.5999999999995680,3.3531563282012939
14.9999999999999130,120.6999999999995623,4.1917586326599121
14.9999999999999130,120.7999999999995566,4.4155364036560059
14.9999999999999130,120.8999999999995509,4.7886643409729004
14.9999999999999130,120.9999999999995453,4.4876332283020020
14.9999999999999130,121.0999999999995396,3.8723580837249756
14.9999999999999130,121.1999999999995339,3.3589947223663330
14.9999999999999130,121.2999999999995282,3.0617086887359619
14.9999999999999130,121.3999999999995225,3.0138232707977295
14.9999999999999130,121.4999999999995168,3.0739283561706543
14.9999999999999130,121.8999999999994941,6.7921166419982910
14.9999999999999130,121.9999999999994884,8.0265741348266602
14.8999999999999133,120.0999999999995964,4.8031802177429199
14.8999999999999133,120.1999999999995907,4.0669136047363281
14.8999999999999133,120.2999999999995850,3.2166812419891357
14.8999999999999133,120.3999999999995794,2.7362165451049805
14.8999999999999133,120.4999999999995737,3.7866215705871582
14.8999999999999133,120.7999999999995566,5.1307125091552734
14.8999999999999133,120.8999999999995509,5.1569867134094238
14.8999999999999133,120.9999999999995453,4.9391365051269531
14.8999999999999133,121.0999999999995396,4.2028226852416992
14.8999999999999133,121.1999999999995339,3.3748207092285156
14.8999999999999133,121.2999999999995282,3.0506803989410400
14.8999999999999133,121.3999999999995225,2.9342663288116455
14.8999999999999133,121.4999999999995168,2.9783799648284912
14.8999999999999133,121.8999999999994941,7.6910223960876465
14.8999999999999133,121.9999999999994884,8.4677591323852539
14.7999999999999137,120.1999999999995907,4.9057335853576660
14.7999999999999137,120.2999999999995850,3.9946687221527100
14.7999999999999137,120.3999999999995794,3.9721355438232422
14.7999999999999137,120.4999999999995737,5.4105620384216309
14.7999999999999137,120.8999999999995509,5.7216291427612305
14.7999999999999137,120.9999999999995453,5.3172774314880371
14.7999999999999137,121.0999999999995396,4.3083014488220215
14.7999999999999137,121.1999999999995339,3.4567496776580811
14.7999999999999137,121.2999999999995282,3.0837595462799072
14.7999999999999137,121.3999999999995225,2.9164865016937256
14.7999999999999137,121.4999999999995168,2.8525469303131104
14.7999999999999137,121.5999999999995111,3.7688744068145752
14.7999999999999137,121.8999999999994941,8.6799068450927734
14.7999999999999137,121.9999999999994884,9.7193641662597656
14.7999999999999137,122.1999999999994770,10.7869977951049805
14.6999999999999140,120.2999999999995850,4.7165846824645996
14.6999999999999140,120.3999999999995794,5.1993589401245117
14.6999999999999140,120.4999999999995737,6.4979948997497559
14.6999999999999140,120.9999999999995453,5.2730078697204590
14.6999999999999140,121.0999999999995396,4.3025431632995605
14.6999999999999140,121.1999999999995339,3.5038948059082031
14.6999999999999140,121.2999999999995282,3.2085430622100830
14.6999999999999140,121.3999999999995225,3.0177025794982910
14.6999999999999140,121.4999999999995168,3.0586285591125488
14.6999999999999140,121.5999999999995111,4.1487736701965332
14.6999999999999140,121.9999999999994884,9.8590269088745117
14.6999999999999140,122.3999999999994657,10.3425626754760742
14.5999999999999144,120.3999999999995794,7.1136751174926758
14.5999999999999144,120.4999999999995737,7.5396165847778320
14.5999999999999144,120.5999999999995680,8.5829458236694336
14.5999999999999144,120.9999999999995453,4.8004393577575684
14.5999999999999144,121.0999999999995396,4.3427696228027344
14.5999999999999144,121.1999999999995339,3.7828183174133301
14.5999999999999144,121.2999999999995282,3.5002148151397705
14.5999999999999144,121.3999999999995225,3.2448406219482422
14.5999999999999144,121.4999999999995168,3.0557322502136230
14.5999999999999144,121.5999999999995111,4.4294052124023438
14.4999999999999147,120.4999999999995737,9.2566213607788086
14.4999999999999147,120.5999999999995680,9.2424125671386719
14.4999999999999147,121.0999999999995396,4.4066267013549805
14.4999999999999147,121.1999999999995339,3.9850106239318848
14.4999999999999147,121.2999999999995282,3.7727272510528564
14.4999999999999147,121.3999999999995225,3.4803791046142578
14.4999999999999147,121.4999999999995168,3.4022457599639893
14.4999999999999147,121.5999999999995111,4.2786035537719727
14.3999999999999151,120.7999999999995566,6.1440014839172363
14.3999999999999151,120.8999999999995509,4.4706873893737793
14.3999999999999151,120.9999999999995453,4.0170288085937500
14.3999999999999151,121.2999999999995282,3.2611927986145020
14.3999999999999151,121.4999999999995168,2.9787361621856689
14.3999999999999151,121.5999999999995111,4.3769435882568359
14.3999999999999151,121.6999999999995055,5.5239214897155762
14.2999999999999154,120.6999999999995623,7.0941252708435059
14.2999999999999154,120.7999999999995566,6.0891070365905762
14.2999999999999154,120.8999999999995509,4.3433756828308105
14.2999999999999154,120.9999999999995453,3.3471009731292725
14.2999999999999154,121.0999999999995396,3.2000408172607422
14.2999999999999154,121.4999999999995168,2.5925815105438232
14.2999999999999154,121.5999999999995111,3.9741122722625732
14.2999999999999154,121.6999999999995055,6.1636476516723633
14.2999999999999154,122.4999999999994600,4.9059534072875977
14.2999999999999154,122.6999999999994486,4.5335960388183594
14.1999999999999158,120.5999999999995680,7.3895030021667480
14.1999999999999158,120.6999999999995623,6.1938228607177734
14.1999999999999158,120.7999999999995566,4.9317975044250488
14.1999999999999158,120.8999999999995509,3.6274096965789795
14.1999999999999158,120.9999999999995453,2.7790446281433105
14.1999999999999158,121.0999999999995396,2.7062270641326904
14.1999999999999158,121.3999999999995225,2.0419998168945312
14.1999999999999158,121.4999999999995168,1.9697723388671875
14.1999999999999158,121.5999999999995111,3.7327620983123779
14.1999999999999158,121.6999999999995055,6.0918326377868652
14.1999999999999158,121.9999999999994884,7.7400841712951660
14.1999999999999158,122.3999999999994657,3.6446766853332520
14.1999999999999158,122.4999999999994600,3.4386336803436279
14.1999999999999158,122.5999999999994543,3.1021826267242432
14.1999999999999158,122.6999999999994486,3.0595386028289795
14.1999999999999158,122.7999999999994429,3.1322214603424072
14.1999999999999158,122.8999999999994373,3.1558585166931152
14.0999999999999162,120.5999999999995680,7.2322325706481934
14.0999999999999162,120.6999999999995623,6.4215478897094727
14.0999999999999162,120.7999999999995566,5.1698927879333496
14.0999999999999162,120.8999999999995509,3.7217781543731689
14.0999999999999162,120.9999999999995453,2.5295469760894775
14.0999999999999162,121.0999999999995396,2.1099860668182373
14.0999999999999162,121.1999999999995339,2.0550384521484375
14.0999999999999162,121.2999999999995282,1.7752398252487183
14.0999999999999162,121.3999999999995225,1.5310920476913452
14.0999999999999162,121.4999999999995168,1.9406551122665405
14.0999999999999162,121.5999999999995111,3.4707267284393311
14.0999999999999162,121.6999999999995055,5.7571482658386230
14.0999999999999162,121.7999999999994998,7.6768302917480469
14.0999999999999162,122.0999999999994827,6.0844964981079102
14.0999999999999162,122.2999999999994714,4.0466423034667969
14.0999999999999162,122.3999999999994657,3.1854188442230225
14.0999999999999162,122.4999999999994600,2.7820732593536377
14.0999999999999162,122.5999999999994543,2.7818827629089355
14.0999999999999162,122.6999999999994486,2.8975713253021240
14.0999999999999162,122.7999999999994429,2.9627664089202881
14.0999999999999162,122.8999999999994373,3.4212555885314941
14.0999999999999162,122.9999999999994316,4.7153081893920898
13.9999999999999165,120.6999999999995623,7.0776820182800293
13.9999999999999165,120.7999999999995566,5.6337633132934570
13.9999999999999165,120.8999999999995509,3.9971230030059814
13.9999999999999165,120.9999999999995453,2.7751507759094238
13.9999999999999165,121.0999999999995396,1.7734183073043823
13.9999999999999165,121.1999999999995339,1.4383534193038940
13.9999999999999165,121.2999999999995282,1.3455812931060791
13.9999999999999165,121.3999999999995225,1.4782932996749878
13.9999999999999165,121.4999999999995168,1.9875344038009644
13.9999999999999165,121.5999999999995111,3.4950902462005615
13.9999999999999165,121.6999999999995055,5.3560423851013184
13.9999999999999165,121.7999999999994998,7.1235384941101074
13.9999999999999165,121.8999999999994941,6.6384949684143066
13.9999999999999165,122.3999999999994657,2.7329156398773193
13.9999999999999165,122.4999999999994600,2.7452971935272217
13.9999999999999165,122.5999999999994543,3.0277011394500732
13.9999999999999165,122.6999999999994486,3.1606347560882568
13.9999999999999165,122.7999999999994429,3.2258975505828857
13.9999999999999165,122.8999999999994373,3.5870628356933594
13.9999999999999165,122.9999999999994316,6.0103116035461426
13.9999999999999165,123.2999999999994145,7.5677223205566406
13.9999999999999165,124.1999999999993634,7.1634554862976074
13.9999999999999165,124.2999999999993577,5.4870963096618652
13.8999999999999169,120.5999999999995680,8.4159793853759766
13.8999999999999169,120.9999999999995453,2.9600813388824463
13.8999999999999169,121.0999999999995396,1.9718421697616577
13.8999999999999169,121.1999999999995339,1.0444769859313965
13.8999999999999169,121.2999999999995282,1.2459132671356201
13.8999999999999169,121.3999999999995225,1.6418937444686890
13.8999999999999169,121.4999999999995168,2.2759113311767578
13.8999999999999169,121.9999999999994884,4.4146037101745605
13.8999999999999169,122.0999999999994827,3.4424278736114502
13.8999999999999169,122.1999999999994770,2.9822690486907959
13.8999999999999169,122.2999999999994714,2.7156455516815186
13.8999999999999169,122.3999999999994657,2.7947211265563965
13.8999999999999169,122.6999999999994486,3.5328731536865234
13.8999999999999169,122.7999999999994429,3.6043701171875000
13.8999999999999169,122.8999999999994373,3.7681109905242920
13.8999999999999169,122.9999999999994316,5.1253352165222168
13.8999999999999169,123.3999999999994088,4.8915734291076660
13.8999999999999169,123.4999999999994031,4.2582221031188965
13.8999999999999169,123.5999999999993975,5.3309450149536133
13.8999999999999169,123.6999999999993918,6.3403739929199219
13.8999999999999169,124.1999999999993634,5.9487981796264648
13.8999999999999169,124.2999999999993577,4.4695649147033691
13.7999999999999172,120.0999999999995964,9.3697271347045898
13.7999999999999172,120.1999999999995907,9.8703308105468750
13.7999999999999172,120.8999999999995509,3.2927033901214600
13.7999999999999172,120.9999999999995453,2.6621680259704590
13.7999999999999172,121.0999999999995396,1.6968828439712524
13.7999999999999172,121.1999999999995339,0.9605329632759094
13.7999999999999172,121.2999999999995282,1.2984745502471924
13.7999999999999172,121.3999999999995225,2.1565942764282227
13.7999999999999172,121.9999999999994884,3.7477815151214600
13.7999999999999172,122.0999999999994827,3.0423212051391602
13.7999999999999172,122.1999999999994770,2.7243268489837646
13.7999999999999172,122.2999999999994714,2.8746294975280762
13.7999999999999172,122.3999999999994657,3.4254307746887207
13.7999999999999172,122.7999999999994429,4.1806063652038574
13.7999999999999172,122.8999999999994373,4.0157947540283203
13.7999999999999172,122.9999999999994316,4.3935050964355469
13.7999999999999172,123.2999999999994145,5.0830254554748535
13.7999999999999172,123.3999999999994088,4.0408868789672852
13.7999999999999172,123.4999999999994031,3.5041091442108154
13.7999999999999172,123.5999999999993975,4.9105129241943359
13.7999999999999172,123.6999999999993918,6.0737657546997070
13.7999999999999172,123.7999999999993861,6.9914422035217285
13.7999999999999172,124.1999999999993634,5.7813043594360352
13.7999999999999172,124.2999999999993577,4.2709708213806152
13.6999999999999176,121.0999999999995396,1.4347378015518188
13.6999999999999176,121.1999999999995339,0.9169239997863770
13.6999999999999176,121.2999999999995282,0.9605470895767212
13.6999999999999176,121.3999999999995225,2.2380006313323975
13.6999999999999176,122.1999999999994770,2.8619647026062012
13.6999999999999176,122.2999999999994714,3.5309159755706787
13.6999999999999176,122.3999999999994657,4.1174197196960449
13.6999999999999176,122.8999999999994373,4.3625025749206543
13.6999999999999176,122.9999999999994316,4.6925215721130371
13.6999999999999176,123.0999999999994259,5.1984434127807617
13.6999999999999176,123.1999999999994202,6.2199115753173828
13.6999999999999176,123.2999999999994145,4.7600259780883789
13.6999999999999176,123.3999999999994088,3.3347389698028564
13.6999999999999176,123.4999999999994031,2.8666570186614990
13.6999999999999176,124.0999999999993690,6.5495347976684570
13.6999999999999176,124.1999999999993634,5.4286241531372070
13.6999999999999176,124.2999999999993577,4.2412896156311035
13.5999999999999179,122.2999999999994714,4.2606287002563477
13.5999999999999179,122.3999999999994657,4.8605995178222656
13.5999999999999179,122.4999999999994600,5.3375997543334961
13.5999999999999179,122.8999999999994373,4.9068074226379395
13.5999999999999179,122.9999999999994316,5.3648982048034668
13.5999999999999179,123.0999999999994259,5.8683905601501465
13.5999999999999179,123.1999999999994202,5.6992535591125488
13.5999999999999179,123.2999999999994145,4.2784466743469238
13.5999999999999179,123.3999999999994088,2.8552818298339844
13.5999999999999179,123.4999999999994031,2.2912404537200928
13.5999999999999179,124.1999999999993634,5.1322131156921387
13.5999999999999179,124.2999999999993577,4.3721747398376465
13.4999999999999183,120.6999999999995623,3.2394053936004639
13.4999999999999183,120.7999999999995566,1.8586553335189819
13.4999999999999183,121.8999999999994941,4.4151782989501953
13.4999999999999183,121.9999999999994884,3.4448242187500000
13.4999999999999183,122.4999999999994600,6.0302605628967285
13.4999999999999183,122.5999999999994543,6.1175985336303711
13.4999999999999183,123.1999999999994202,7.3925943374633789
13.4999999999999183,123.2999999999994145,4.6497087478637695
13.4999999999999183,123.3999999999994088,2.8684825897216797
13.4999999999999183,123.4999999999994031,2.4176833629608154
13.4999999999999183,123.5999999999993975,3.4285571575164795
13.3999999999999186,120.4999999999995737,5.5762047767639160
13.3999999999999186,120.5999999999995680,4.1510944366455078
13.3999999999999186,120.6999999999995623,2.6615157127380371
13.3999999999999186,120.7999999999995566,1.7358845472335815
13.3999999999999186,120.8999999999995509,1.3130420446395874
13.3999999999999186,120.9999999999995453,1.3259475231170654
13.3999999999999186,121.0999999999995396,1.3865536451339722
13.3999999999999186,121.1999999999995339,1.4609268903732300
13.3999999999999186,121.7999999999994998,5.0702347755432129
13.3999999999999186,121.8999999999994941,4.6854667663574219
13.3999999999999186,121.9999999999994884,4.0985689163208008
13.3999999999999186,122.0999999999994827,4.0357432365417480
13.3999999999999186,122.4999999999994600,6.5285120010375977
13.3999999999999186,122.5999999999994543,6.4829554557800293
13.3999999999999186,123.1999999999994202,8.0934190750122070
13.3999999999999186,123.2999999999994145,6.0452723503112793
13.3999999999999186,123.3999999999994088,3.2226388454437256
13.3999999999999186,123.4999999999994031,2.2264101505279541
13.3999999999999186,123.5999999999993975,2.7247054576873779
13.2999999999999190,120.5999999999995680,3.4814956188201904
13.2999999999999190,120.6999999999995623,2.5135200023651123
13.2999999999999190,120.7999999999995566,1.8922485113143921
13.2999999999999190,120.8999999999995509,1.2753416299819946
13.2999999999999190,120.9999999999995453,1.2158654928207397
13.2999999999999190,121.0999999999995396,1.3780616521835327
13.2999999999999190,121.1999999999995339,1.4920593500137329
13.2999999999999190,121.2999999999995282,1.7903326749801636
13.2999999999999190,121.8999999999994941,5.8390665054321289
13.2999999999999190,121.9999999999994884,5.4406266212463379
13.2999999999999190,122.5999999999994543,7.3392558097839355
13.2999999999999190,123.2999999999994145,6.6563644409179688
13.2999999999999190,123.4999999999994031,2.2446992397308350
13.2999999999999190,123.5999999999993975,2.2634797096252441
13.2999999999999190,123.6999999999993918,2.4607889652252197
13.2999999999999190,123.8999999999993804,4.9685983657836914
13.1999999999999194,120.6999999999995623,2.4985816478729248
13.1999999999999194,120.7999999999995566,2.0614068508148193
13.1999999999999194,120.8999999999995509,1.5701181888580322
13.1999999999999194,120.9999999999995453,1.4873179197311401
13.1999999999999194,121.0999999999995396,1.6324049234390259
13.1999999999999194,121.1999999999995339,1.7272046804428101
13.1999999999999194,121.3999999999995225,1.8830925226211548
13.1999999999999194,123.2999999999994145,6.1924729347229004
13.1999999999999194,123.3999999999994088,4.0554714202880859
13.1999999999999194,123.4999999999994031,2.4898946285247803
13.1999999999999194,123.5999999999993975,2.7257835865020752
13.1999999999999194,123.6999999999993918,2.9782319068908691
13.0999999999999197,120.6999999999995623,2.3851666450500488
13.0999999999999197,120.7999999999995566,1.9683582782745361
13.0999999999999197,120.8999999999995509,1.8254002332687378
13.0999999999999197,120.9999999999995453,1.7233135700225830
13.0999999999999197,121.0999999999995396,1.8452942371368408
13.0999999999999197,121.1999999999995339,2.0358788967132568
13.0999999999999197,121.2999999999995282,1.6636276245117188
13.0999999999999197,121.3999999999995225,1.5021336078643799
13.0999999999999197,121.4999999999995168,1.8914188146591187
13.0999999999999197,122.9999999999994316,10.3388624191284180
13.0999999999999197,123.3999999999994088,4.4266176223754883
13.0999999999999197,123.4999999999994031,3.0886576175689697
13.0999999999999197,123.5999999999993975,3.1754634380340576
13.0999999999999197,123.6999999999993918,3.5353302955627441
13.0999999999999197,123.7999999999993861,4.4712800979614258
13.0999999999999197,123.8999999999993804,6.1089968681335449
12.9999999999999201,120.7999999999995566,1.8753441572189331
12.9999999999999201,120.8999999999995509,1.6447962522506714
12.9999999999999201,120.9999999999995453,1.5665417909622192
12.9999999999999201,121.0999999999995396,1.7473915815353394
12.9999999999999201,121.1999999999995339,1.9743562936782837
12.9999999999999201,121.2999999999995282,1.5521880388259888
12.9999999999999201,121.3999999999995225,1.3460870981216431
12.9999999999999201,122.9999999999994316,10.7335214614868164
12.9999999999999201,123.0999999999994259,9.7569751739501953
12.9999999999999201,123.4999999999994031,4.2007060050964355
12.9999999999999201,123.5999999999993975,4.6700077056884766
12.9999999999999201,123.6999999999993918,4.7488098144531250
12.9999999999999201,123.7999999999993861,4.4595074653625488
12.9999999999999201,123.8999999999993804,4.9835438728332520
12.9999999999999201,123.9999999999993747,6.5253548622131348
12.9999999999999201,124.0999999999993690,7.4105277061462402
12.8999999999999204,120.7999999999995566,1.9190443754196167
12.8999999999999204,120.8999999999995509,1.5279185771942139
12.8999999999999204,120.9999999999995453,1.2334717512130737
12.8999999999999204,121.0999999999995396,1.4169377088546753
12.8999999999999204,121.1999999999995339,1.7298122644424438
12.8999999999999204,121.2999999999995282,1.2366226911544800
12.8999999999999204,121.3999999999995225,1.4854346513748169
12.8999999999999204,121.4999999999995168,1.9739660024642944
12.8999999999999204,123.1999999999994202,8.8480949401855469
12.8999999999999204,123.7999999999993861,5.3779039382934570
12.8999999999999204,124.0999999999993690,5.8559870719909668
12.7999999999999208,120.7999999999995566,1.8236532211303711
12.7999999999999208,120.8999999999995509,1.3674974441528320
12.7999999999999208,120.9999999999995453,0.9547678232192993
12.7999999999999208,121.0999999999995396,1.0650445222854614
12.7999999999999208,121.1999999999995339,1.6515636444091797
12.7999999999999208,121.2999999999995282,1.8499920368194580
12.7999999999999208,121.3999999999995225,2.3257656097412109
12.7999999999999208,123.8999999999993804,5.1259536743164062
12.7999999999999208,123.9999999999993747,3.8337190151214600
12.7999999999999208,124.0999999999993690,4.8514323234558105
12.6999999999999211,120.8999999999995509,1.0575159788131714
12.6999999999999211,120.9999999999995453,0.6558210253715515
12.6999999999999211,121.0999999999995396,0.9851965904235840
12.6999999999999211,121.1999999999995339,1.8180760145187378
12.6999999999999211,121.2999999999995282,3.4101340770721436
12.6999999999999211,121.3999999999995225,4.0562934875488281
12.6999999999999211,121.4999999999995168,4.6464915275573730
12.6999999999999211,123.8999999999993804,5.4001512527465820
12.6999999999999211,123.9999999999993747,4.8395938873291016
12.6999999999999211,124.0999999999993690,5.1239943504333496
12.5999999999999215,120.9999999999995453,0.4726606011390686
12.5999999999999215,121.0999999999995396,1.2491335868835449
12.5999999999999215,121.1999999999995339,2.2392423152923584
12.5999999999999215,121.2999999999995282,3.9514598846435547
12.5999999999999215,121.3999999999995225,5.7295780181884766
12.5999999999999215,121.4999999999995168,6.5739398002624512
12.5999999999999215,122.0999999999994827,7.4076204299926758
12.5999999999999215,123.9999999999993747,6.1869997978210449
12.4999999999999218,120.9999999999995453,0.7857624888420105
12.4999999999999218,121.0999999999995396,1.7412070035934448
12.4999999999999218,121.1999999999995339,2.7041308879852295
12.4999999999999218,121.2999999999995282,4.4703636169433594
12.4999999999999218,121.3999999999995225,6.3530716896057129
12.4999999999999218,121.9999999999994884,5.9977946281433105
12.4999999999999218,122.4999999999994600,9.6386756896972656
12.4999999999999218,122.5999999999994543,9.8776683807373047
12.4999999999999218,123.2999999999994145,8.8757171630859375
12.4999999999999218,123.3999999999994088,8.4163961410522461
12.4999999999999218,123.4999999999994031,8.1868476867675781
12.4999999999999218,123.6999999999993918,7.7611069679260254
12.4999999999999218,124.2999999999993577,8.9741382598876953
12.4999999999999218,124.3999999999993520,7.4144778251647949
12.4999999999999218,124.4999999999993463,5.1083540916442871
12.4999999999999218,124.5999999999993406,3.3019008636474609
12.4999999999999218,124.6999999999993349,2.5678775310516357
12.4999999999999218,124.7999999999993292,2.2398614883422852
12.4999999999999218,124.8999999999993236,2.2169559001922607
12.4999999999999218,124.9999999999993179,2.5027465820312500
12.4999999999999218,125.0999999999993122,2.8536481857299805
12.4999999999999218,125.1999999999993065,3.3955998420715332
12.3999999999999222,120.9999999999995453,1.7378027439117432
12.3999999999999222,121.0999999999995396,2.4302470684051514
12.3999999999999222,121.1999999999995339,3.4668049812316895
12.3999999999999222,121.2999999999995282,5.1704049110412598
12.3999999999999222,121.9999999999994884,7.0019469261169434
12.3999999999999222,122.0999999999994827,6.5606994628906250
12.3999999999999222,122.4999999999994600,9.4720535278320312
12.3999999999999222,122.5999999999994543,9.1046247482299805
12.3999999999999222,123.2999999999994145,7.8383440971374512
12.3999999999999222,123.3999999999994088,7.4384927749633789
12.3999999999999222,123.4999999999994031,7.1488165855407715
12.3999999999999222,124.3999999999993520,6.8794403076171875
12.3999999999999222,124.4999999999993463,4.8072795867919922
12.3999999999999222,124.5999999999993406,2.9187388420104980
12.3999999999999222,124.6999999999993349,2.4195306301116943
12.3999999999999222,124.7999999999993292,2.0796642303466797
12.3999999999999222,124.8999999999993236,1.9241487979888916
12.3999999999999222,124.9999999999993179,2.0210940837860107
12.3999999999999222,125.0999999999993122,2.3461005687713623
12.3999999999999222,125.1999999999993065,3.0103416442871094
12.2999999999999226,119.8999999999996078,8.1163320541381836
12.2999999999999226,121.1999999999995339,4.2212400436401367
12.2999999999999226,121.9999999999994884,8.0363998413085938
12.2999999999999226,123.2999999999994145,7.4267244338989258
12.2999999999999226,123.3999999999994088,6.2614269256591797
12.2999999999999226,123.4999999999994031,5.8369526863098145
12.2999999999999226,123.5999999999993975,5.5109391212463379
12.2999999999999226,123.6999999999993918,5.1678981781005859
12.2999999999999226,124.3999999999993520,6.5613532066345215
12.2999999999999226,124.4999999999993463,4.4707293510437012
12.2999999999999226,124.5999999999993406,2.7116129398345947
12.2999999999999226,124.6999999999993349,2.2009692192077637
12.2999999999999226,124.7999999999993292,1.9251565933227539
12.2999999999999226,124.8999999999993236,1.7563177347183228
12.2999999999999226,124.9999999999993179,1.7824343442916870
12.2999999999999226,125.0999999999993122,1.8996213674545288
12.2999999999999226,125.1999999999993065,2.5690159797668457
12.2999999999999226,125.2999999999993008,3.6844673156738281
12.1999999999999229,119.8999999999996078,8.1861944198608398
12.1999999999999229,119.9999999999996021,8.0409526824951172
12.1999999999999229,121.9999999999994884,8.9864921569824219
12.1999999999999229,123.2999999999994145,7.3235268592834473
12.1999999999999229,123.3999999999994088,6.2790708541870117
12.1999999999999229,123.5999999999993975,4.7463164329528809
12.1999999999999229,123.6999999999993918,4.4518313407897949
12.1999999999999229,123.7999999999993861,5.0820922851562500
12.1999999999999229,123.8999999999993804,6.0955796241760254
12.1999999999999229,124.3999999999993520,5.7940692901611328
12.1999999999999229,124.4999999999993463,4.2415261268615723
12.1999999999999229,124.5999999999993406,2.7077438831329346
12.1999999999999229,124.6999999999993349,2.1775515079498291
12.1999999999999229,124.7999999999993292,1.9110895395278931
12.1999999999999229,124.8999999999993236,1.7488399744033813
12.1999999999999229,124.9999999999993179,1.7686480283737183
12.1999999999999229,125.0999999999993122,1.7712663412094116
12.1999999999999229,125.1999999999993065,2.1148605346679688
12.1999999999999229,125.2999999999993008,3.2069928646087646
12.1999999999999229,125.3999999999992951,4.3535475730895996
12.1999999999999229,125.4999999999992895,5.1328463554382324
12.0999999999999233,119.9999999999996021,8.3751859664916992
12.0999999999999233,120.0999999999995964,8.3462066650390625
12.0999999999999233,120.1999999999995907,8.1992578506469727
12.0999999999999233,120.2999999999995850,7.8499331474304199
12.0999999999999233,123.2999999999994145,7.6708359718322754
12.0999999999999233,123.6999999999993918,5.5282588005065918
12.0999999999999233,123.7999999999993861,6.1795482635498047
12.0999999999999233,123.8999999999993804,7.6993942260742188
12.0999999999999233,124.4999999999993463,4.5562524795532227
12.0999999999999233,124.5999999999993406,3.9234149456024170
12.0999999999999233,124.6999999999993349,2.8444464206695557
12.0999999999999233,124.7999999999993292,2.2525551319122314
12.0999999999999233,124.8999999999993236,2.0746753215789795
12.0999999999999233,124.9999999999993179,2.0416002273559570
12.0999999999999233,125.0999999999993122,1.6688374280929565
12.0999999999999233,125.1999999999993065,1.6301052570343018
12.0999999999999233,125.2999999999993008,2.4651660919189453
12.0999999999999233,125.3999999999992951,3.4349629878997803
11.9999999999999236,123.1999999999994202,9.2382125854492188
11.9999999999999236,123.7999999999993861,7.0151748657226562
11.9999999999999236,123.8999999999993804,7.3724861145019531
11.9999999999999236,123.9999999999993747,7.3407349586486816
11.9999999999999236,124.6999999999993349,3.6322028636932373
11.9999999999999236,124.7999999999993292,2.7932307720184326
11.9999999999999236,124.8999999999993236,2.4298102855682373
11.9999999999999236,124.9999999999993179,1.9941781759262085
11.9999999999999236,125.0999999999993122,1.3569145202636719
11.9999999999999236,125.1999999999993065,1.3072432279586792
11.9999999999999236,125.2999999999993008,2.0054953098297119
11.9999999999999236,125.3999999999992951,2.7917172908782959
11.8999999999999240,121.9999999999994884,9.9233350753784180
11.8999999999999240,123.7999999999993861,7.0386314392089844
11.8999999999999240,123.8999999999993804,7.0152893066406250
11.8999999999999240,123.9999999999993747,6.9578003883361816
11.8999999999999240,124.7999999999993292,3.6734390258789062
11.8999999999999240,124.8999999999993236,2.6065685749053955
11.8999999999999240,124.9999999999993179,1.9337875843048096
11.8999999999999240,125.0999999999993122,1.3026643991470337
11.8999999999999240,125.1999999999993065,1.2008494138717651
11.8999999999999240,125.2999999999993008,1.9001264572143555
11.7999999999999243,121.8999999999994941,10.0079927444458008
11.7999999999999243,121.9999999999994884,9.1901397705078125
11.7999999999999243,122.0999999999994827,7.6157188415527344
11.7999999999999243,122.1999999999994770,6.0091338157653809
11.7999999999999243,124.2999999999993577,7.7073006629943848
11.7999999999999243,124.8999999999993236,2.9312624931335449
11.7999999999999243,124.9999999999993179,2.2226891517639160
11.7999999999999243,125.0999999999993122,1.5648663043975830
11.7999999999999243,125.1999999999993065,1.4625504016876221
11.7999999999999243,125.2999999999993008,2.0609879493713379
11.7999999999999243,125.3999999999992951,2.2941112518310547
11.6999999999999247,119.9999999999996021,9.2325506210327148
11.6999999999999247,122.0999999999994827,6.5552735328674316
11.6999999999999247,122.1999999999994770,5.3370504379272461
11.6999999999999247,122.2999999999994714,3.9483096599578857
11.6999999999999247,122.3999999999994657,3.2864289283752441
11.6999999999999247,124.9999999999993179,2.4181876182556152
11.6999999999999247,125.0999999999993122,1.8321827650070190
11.6999999999999247,125.1999999999993065,1.6088870763778687
11.6999999999999247,125.2999999999993008,1.7783571481704712
11.6999999999999247,125.3999999999992951,2.0007851123809814
11.5999999999999250,122.1999999999994770,3.9831883907318115
11.5999999999999250,122.2999999999994714,2.9460437297821045
11.5999999999999250,122.6999999999994486,5.6398882865905762
11.5999999999999250,124.4999999999993463,7.3125109672546387
11.5999999999999250,125.0999999999993122,1.7553745508193970
11.5999999999999250,125.1999999999993065,1.5060572624206543
11.5999999999999250,125.2999999999993008,1.5826907157897949
11.5999999999999250,125.3999999999992951,1.7986385822296143
11.4999999999999254,122.0999999999994827,3.6238956451416016
11.4999999999999254,122.1999999999994770,2.7551856040954590
11.4999999999999254,122.2999999999994714,2.4264125823974609
11.4999999999999254,122.3999999999994657,2.5005586147308350
11.4999999999999254,122.4999999999994600,2.9654982089996338
11.4999999999999254,122.5999999999994543,3.9350724220275879
11.4999999999999254,122.6999999999994486,4.8928551673889160
11.4999999999999254,122.7999999999994429,5.4971451759338379
11.4999999999999254,123.0999999999994259,8.6832408905029297
11.4999999999999254,124.3999999999993520,7.5720658302307129
11.4999999999999254,124.4999999999993463,6.6343789100646973
11.4999999999999254,124.8999999999993236,2.2441370487213135
11.4999999999999254,124.9999999999993179,1.8082956075668335
11.4999999999999254,125.0999999999993122,1.5397433042526245
11.4999999999999254,125.1999999999993065,1.4059535264968872
11.4999999999999254,125.2999999999993008,1.4710723161697388
11.4999999999999254,125.3999999999992951,1.6673978567123413
11.4999999999999254,125.4999999999992895,2.3611564636230469
11.3999999999999257,122.0999999999994827,2.8519351482391357
11.3999999999999257,122.1999999999994770,2.3525609970092773
11.3999999999999257,122.2999999999994714,2.0746932029724121
11.3999999999999257,122.3999999999994657,2.1647243499755859
11.3999999999999257,122.4999999999994600,2.5557777881622314
11.3999999999999257,122.5999999999994543,3.1073822975158691
11.3999999999999257,122.6999999999994486,3.7442250251770020
11.3999999999999257,122.7999999999994429,4.1842336654663086
11.3999999999999257,122.8999999999994373,4.7354664802551270
11.3999999999999257,122.9999999999994316,6.2165031433105469
11.3999999999999257,123.0999999999994259,7.9290719032287598
11.3999999999999257,124.2999999999993577,7.6052079200744629
11.3999999999999257,124.3999999999993520,6.9273629188537598
11.3999999999999257,124.4999999999993463,5.9738979339599609
11.3999999999999257,124.8999999999993236,1.9934943914413452
11.3999999999999257,124.9999999999993179,1.6925581693649292
11.3999999999999257,125.0999999999993122,1.4847652912139893
11.3999999999999257,125.1999999999993065,1.3506482839584351
11.3999999999999257,125.2999999999993008,1.3762720823287964
11.3999999999999257,125.3999999999992951,1.6177536249160767
11.3999999999999257,125.4999999999992895,2.5499274730682373
11.2999999999999261,119.4999999999996305,6.7278900146484375
11.2999999999999261,122.0999999999994827,2.3818042278289795
11.2999999999999261,122.1999999999994770,2.1527833938598633
11.2999999999999261,122.2999999999994714,1.9107248783111572
11.2999999999999261,122.3999999999994657,1.9898245334625244
11.2999999999999261,122.4999999999994600,2.3582043647766113
11.2999999999999261,122.5999999999994543,2.8676476478576660
11.2999999999999261,122.6999999999994486,3.3790504932403564
11.2999999999999261,122.7999999999994429,3.8544976711273193
11.2999999999999261,122.8999999999994373,4.3668632507324219
11.2999999999999261,122.9999999999994316,5.9521241188049316
11.2999999999999261,123.0999999999994259,7.3178825378417969
11.2999999999999261,124.3999999999993520,5.9481606483459473
11.2999999999999261,124.4999999999993463,5.0863070487976074
11.2999999999999261,124.5999999999993406,4.0383095741271973
11.2999999999999261,124.6999999999993349,2.8974592685699463
11.2999999999999261,124.7999999999993292,2.0510306358337402
11.2999999999999261,124.8999999999993236,1.6142847537994385
11.2999999999999261,125.1999999999993065,1.5126231908798218
11.2999999999999261,125.2999999999993008,1.5821088552474976
11.2999999999999261,125.3999999999992951,1.9549419879913330
11.2999999999999261,125.4999999999992895,2.8664171695709229
11.1999999999999265,119.4999999999996305,5.1796441078186035
11.1999999999999265,122.0999999999994827,2.0058047771453857
11.1999999999999265,122.1999999999994770,1.7963098287582397
11.1999999999999265,122.2999999999994714,1.7837446928024292
11.1999999999999265,122.3999999999994657,1.8863048553466797
11.1999999999999265,122.4999999999994600,2.3068759441375732
11.1999999999999265,122.5999999999994543,2.8423936367034912
11.1999999999999265,122.6999999999994486,3.3953831195831299
11.1999999999999265,122.7999999999994429,3.9818446636199951
11.1999999999999265,122.8999999999994373,4.6300234794616699
11.1999999999999265,122.9999999999994316,5.8846678733825684
11.1999999999999265,123.7999999999993861,3.7105312347412109
11.1999999999999265,123.9999999999993747,5.6896409988403320
11.1999999999999265,124.3999999999993520,5.6800208091735840
11.1999999999999265,124.4999999999993463,4.2072005271911621
11.1999999999999265,124.5999999999993406,3.1917665004730225
11.1999999999999265,124.6999999999993349,2.1779992580413818
11.1999999999999265,124.7999999999993292,1.3134840726852417
11.1999999999999265,124.8999999999993236,0.8796700835227966
11.1999999999999265,124.9999999999993179,1.3703185319900513
11.1999999999999265,125.1999999999993065,1.7964785099029541
11.1999999999999265,125.2999999999993008,2.0876758098602295
11.1999999999999265,125.3999999999992951,2.6598277091979980
11.1999999999999265,125.4999999999992895,3.5013711452484131
11.0999999999999268,119.4999999999996305,4.2559218406677246
11.0999999999999268,122.0999999999994827,1.8896340131759644
11.0999999999999268,122.1999999999994770,1.3572177886962891
11.0999999999999268,122.2999999999994714,1.5077575445175171
11.0999999999999268,122.3999999999994657,1.9537438154220581
11.0999999999999268,122.4999999999994600,2.4095120429992676
11.0999999999999268,122.5999999999994543,2.9195439815521240
11.0999999999999268,122.6999999999994486,3.4889550209045410
11.0999999999999268,122.7999999999994429,4.1053357124328613
11.0999999999999268,122.8999999999994373,4.8203005790710449
11.0999999999999268,124.3999999999993520,5.0699834823608398
11.0999999999999268,124.4999999999993463,3.8580906391143799
11.0999999999999268,124.5999999999993406,2.5306389331817627
11.0999999999999268,124.6999999999993349,1.6441891193389893
11.0999999999999268,124.7999999999993292,0.7997645735740662
11.0999999999999268,124.8999999999993236,0.4057667851448059
11.0999999999999268,124.9999999999993179,1.0418779850006104
11.0999999999999268,125.4999999999992895,3.7897460460662842
10.9999999999999272,119.3999999999996362,5.8679938316345215
10.9999999999999272,122.0999999999994827,1.7560929059982300
10.9999999999999272,122.1999999999994770,1.1301232576370239
10.9999999999999272,122.2999999999994714,1.2657595872879028
10.9999999999999272,122.3999999999994657,2.0812952518463135
10.9999999999999272,122.4999999999994600,2.8051726818084717
10.9999999999999272,122.5999999999994543,3.2989220619201660
10.9999999999999272,122.6999999999994486,3.8775317668914795
10.9999999999999272,122.7999999999994429,4.4483337402343750
10.9999999999999272,123.9999999999993747,5.4693460464477539
10.9999999999999272,124.4999999999993463,3.7646605968475342
10.9999999999999272,124.5999999999993406,2.7455277442932129
10.9999999999999272,124.6999999999993349,1.8363970518112183
10.9999999999999272,124.7999999999993292,1.0105767250061035
10.9999999999999272,124.8999999999993236,0.6214717626571655
10.9999999999999272,124.9999999999993179,1.2367187738418579
10.8999999999999275,119.3999999999996362,5.2461905479431152
10.8999999999999275,119.4999999999996305,3.5808658599853516
10.8999999999999275,121.9999999999994884,2.3259615898132324
10.8999999999999275,122.0999999999994827,1.6155557632446289
10.8999999999999275,122.1999999999994770,0.9115868806838989
10.8999999999999275,122.2999999999994714,1.1526628732681274
10.8999999999999275,122.3999999999994657,1.9805859327316284
10.8999999999999275,122.4999999999994600,2.9691438674926758
10.8999999999999275,122.5999999999994543,3.7368831634521484
10.8999999999999275,122.6999999999994486,4.3946719169616699
10.8999999999999275,123.1999999999994202,3.3703315258026123
10.8999999999999275,123.2999999999994145,2.7966401576995850
10.8999999999999275,123.3999999999994088,2.1866595745086670
10.8999999999999275,123.9999999999993747,5.2932186126708984
10.8999999999999275,124.4999999999993463,3.8715081214904785
10.8999999999999275,124.7999999999993292,1.4304950237274170
10.8999999999999275,124.8999999999993236,1.0100213289260864
10.8999999999999275,124.9999999999993179,1.4273480176925659
10.7999999999999279,119.2999999999996419,7.4992995262145996
10.7999999999999279,119.3999999999996362,6.0459885597229004
10.7999999999999279,119.4999999999996305,2.7385618686676025
10.7999999999999279,121.9999999999994884,2.3542518615722656
10.7999999999999279,122.0999999999994827,1.5464056730270386
10.7999999999999279,122.1999999999994770,1.0172975063323975
10.7999999999999279,122.2999999999994714,1.3506621122360229
10.7999999999999279,122.3999999999994657,2.1784002780914307
10.7999999999999279,122.4999999999994600,3.1875636577606201
10.7999999999999279,122.9999999999994316,4.6276535987854004
10.7999999999999279,123.0999999999994259,3.3972122669219971
10.7999999999999279,123.1999999999994202,2.5058510303497314
10.7999999999999279,123.2999999999994145,2.1597950458526611
10.7999999999999279,123.3999999999994088,1.5570824146270752
10.7999999999999279,123.4999999999994031,1.4721213579177856
10.7999999999999279,123.8999999999993804,4.5409584045410156
10.7999999999999279,123.9999999999993747,5.0219960212707520
10.7999999999999279,124.8999999999993236,1.3049743175506592
10.6999999999999282,119.3999999999996362,5.2320399284362793
10.6999999999999282,119.4999999999996305,3.4291691780090332
10.6999999999999282,119.5999999999996248,3.7415797710418701
10.6999999999999282,121.9999999999994884,2.2988321781158447
10.6999999999999282,122.0999999999994827,1.8830591440200806
10.6999999999999282,122.1999999999994770,2.0751006603240967
10.6999999999999282,122.2999999999994714,2.1285881996154785
10.6999999999999282,122.3999999999994657,2.9670372009277344
10.6999999999999282,122.4999999999994600,4.1200962066650391
10.6999999999999282,122.5999999999994543,4.2856931686401367
10.6999999999999282,122.6999999999994486,3.9143395423889160
10.6999999999999282,122.9999999999994316,3.5063731670379639
10.6999999999999282,123.0999999999994259,2.3438444137573242
10.6999999999999282,123.1999999999994202,2.1087727546691895
10.6999999999999282,123.2999999999994145,2.4372329711914062
10.6999999999999282,123.3999999999994088,2.1312303543090820
10.6999999999999282,123.4999999999994031,1.6075667142868042
10.6999999999999282,123.8999999999993804,4.4544811248779297
10.6999999999999282,124.7999999999993292,1.5947064161300659
10.6999999999999282,124.8999999999993236,1.0754460096359253
10.6999999999999282,124.9999999999993179,1.1778796911239624
10.6999999999999282,125.7999999999992724,7.0395965576171875
10.5999999999999286,119.3999999999996362,4.8676428794860840
10.5999999999999286,119.4999999999996305,3.5939342975616455
10.5999999999999286,119.5999999999996248,4.1512122154235840
10.5999999999999286,119.7999999999996135,7.7055292129516602
10.5999999999999286,119.8999999999996078,7.9355249404907227
10.5999999999999286,121.9999999999994884,2.7263321876525879
10.5999999999999286,122.4999999999994600,4.4089822769165039
10.5999999999999286,122.5999999999994543,4.4036779403686523
10.5999999999999286,122.6999999999994486,3.9901435375213623
10.5999999999999286,122.8999999999994373,2.9806945323944092
10.5999999999999286,122.9999999999994316,2.5371673107147217
10.5999999999999286,123.0999999999994259,1.6941143274307251
10.5999999999999286,123.1999999999994202,1.5294181108474731
10.5999999999999286,123.2999999999994145,2.1002047061920166
10.5999999999999286,123.3999999999994088,2.6775658130645752
10.5999999999999286,123.6999999999993918,3.4259071350097656
10.5999999999999286,123.7999999999993861,3.8309254646301270
10.5999999999999286,123.8999999999993804,4.3585429191589355
10.5999999999999286,123.9999999999993747,4.8203692436218262
10.5999999999999286,124.7999999999993292,1.4575049877166748
10.5999999999999286,124.8999999999993236,1.0598663091659546
10.5999999999999286,124.9999999999993179,0.9761730432510376
10.5999999999999286,125.0999999999993122,1.1712414026260376
10.4999999999999289,119.2999999999996419,4.6817002296447754
10.4999999999999289,119.3999999999996362,3.9136426448822021
10.4999999999999289,119.4999999999996305,3.3443076610565186
10.4999999999999289,119.5999999999996248,4.2774682044982910
10.4999999999999289,119.7999999999996135,7.7842726707458496
10.4999999999999289,119.8999999999996078,8.0371999740600586
10.4999999999999289,121.9999999999994884,3.3143169879913330
10.4999999999999289,122.4999999999994600,4.4367704391479492
10.4999999999999289,122.5999999999994543,4.4579801559448242
10.4999999999999289,122.6999999999994486,4.2185840606689453
10.4999999999999289,122.7999999999994429,3.3562111854553223
10.4999999999999289,122.8999999999994373,2.8654706478118896
10.4999999999999289,122.9999999999994316,2.0310683250427246
10.4999999999999289,123.0999999999994259,1.2633861303329468
10.4999999999999289,123.1999999999994202,1.2361253499984741
10.4999999999999289,123.2999999999994145,1.7759869098663330
10.4999999999999289,123.3999999999994088,2.2776725292205811
10.4999999999999289,123.7999999999993861,3.6359558105468750
10.4999999999999289,123.8999999999993804,4.2081680297851562
10.4999999999999289,123.9999999999993747,4.7478270530700684
10.4999999999999289,124.7999999999993292,1.8828874826431274
10.4999999999999289,124.8999999999993236,1.0474696159362793
10.4999999999999289,124.9999999999993179,0.8782626390457153
10.4999999999999289,125.0999999999993122,0.9498834609985352
10.3999999999999293,119.0999999999996533,5.0602774620056152
10.3999999999999293,119.1999999999996476,4.5512442588806152
10.3999999999999293,119.2999999999996419,3.9739425182342529
10.3999999999999293,119.3999999999996362,3.6436748504638672
10.3999999999999293,119.4999999999996305,4.3726725578308105
10.3999999999999293,122.8999999999994373,2.2766034603118896
10.3999999999999293,122.9999999999994316,1.5311602354049683
10.3999999999999293,123.0999999999994259,1.1031657457351685
10.3999999999999293,123.1999999999994202,1.2976654767990112
10.3999999999999293,123.2999999999994145,1.8733907938003540
10.3999999999999293,123.6999999999993918,3.1080510616302490
10.3999999999999293,123.7999999999993861,3.4694645404815674
10.3999999999999293,123.8999999999993804,3.9723012447357178
10.3999999999999293,123.9999999999993747,4.3372011184692383
10.3999999999999293,124.7999999999993292,1.8584358692169189
10.3999999999999293,124.8999999999993236,1.0414975881576538
10.3999999999999293,124.9999999999993179,0.7944670319557190
10.3999999999999293,125.0999999999993122,1.0511232614517212
10.3999999999999293,125.1999999999993065,1.9459011554718018
10.3999999999999293,125.5999999999992838,6.4723167419433594
10.2999999999999297,118.9999999999996589,3.8431935310363770
10.2999999999999297,119.0999999999996533,3.9196918010711670
10.2999999999999297,119.1999999999996476,3.8817937374114990
10.2999999999999297,119.2999999999996419,3.5578563213348389
10.2999999999999297,122.8999999999994373,1.8920694589614868
10.2999999999999297,122.9999999999994316,0.9250684976577759
10.2999999999999297,123.0999999999994259,0.7697321772575378
10.2999999999999297,123.1999999999994202,1.4444535970687866
10.2999999999999297,123.2999999999994145,2.1697149276733398
10.2999999999999297,123.5999999999993975,3.3189866542816162
10.2999999999999297,123.6999999999993918,3.0887610912322998
10.2999999999999297,123.7999999999993861,3.2759380340576172
10.2999999999999297,124.7999999999993292,1.8697050809860229
10.2999999999999297,124.8999999999993236,0.9807750582695007
10.2999999999999297,125.0999999999993122,1.2807061672210693
10.2999999999999297,125.1999999999993065,2.0196163654327393
10.2999999999999297,125.5999999999992838,6.1839876174926758
10.1999999999999300,118.7999999999996703,5.6085948944091797
10.1999999999999300,118.9999999999996589,3.4235515594482422
10.1999999999999300,119.0999999999996533,3.4961590766906738
10.1999999999999300,119.1999999999996476,3.8055908679962158
10.1999999999999300,122.8999999999994373,1.5311193466186523
10.1999999999999300,122.9999999999994316,0.6415936946868896
10.1999999999999300,123.0999999999994259,0.8067606091499329
10.1999999999999300,123.1999999999994202,1.4796847105026245
10.1999999999999300,123.2999999999994145,1.9540268182754517
10.1999999999999300,123.5999999999993975,3.1083383560180664
10.1999999999999300,123.6999999999993918,2.9727427959442139
10.1999999999999300,124.8999999999993236,1.5745997428894043
10.1999999999999300,125.5999999999992838,5.5383033752441406
10.0999999999999304,118.8999999999996646,4.7627534866333008
10.0999999999999304,118.9999999999996589,3.9463372230529785
10.0999999999999304,119.0999999999996533,4.1414098739624023
10.0999999999999304,119.1999999999996476,4.8535971641540527
10.0999999999999304,122.8999999999994373,1.3849585056304932
10.0999999999999304,122.9999999999994316,0.7010200619697571
10.0999999999999304,123.0999999999994259,0.9207461476325989
10.0999999999999304,123.1999999999994202,1.3656845092773438
10.0999999999999304,123.4999999999994031,2.5435461997985840
10.0999999999999304,123.5999999999993975,2.4753766059875488
10.0999999999999304,124.1999999999993634,2.4918093681335449
10.0999999999999304,124.2999999999993577,2.5355949401855469
10.0999999999999304,124.3999999999993520,3.4605731964111328
10.0999999999999304,125.1999999999993065,4.0660347938537598
10.0999999999999304,125.5999999999992838,4.7592000961303711
9.9999999999999307,118.7999999999996703,3.8575580120086670
9.9999999999999307,118.8999999999996646,4.5855216979980469
9.9999999999999307,118.9999999999996589,4.2725181579589844
9.9999999999999307,119.0999999999996533,4.9580473899841309
9.9999999999999307,122.7999999999994429,1.8103086948394775
9.9999999999999307,122.8999999999994373,1.3288334608078003
9.9999999999999307,122.9999999999994316,0.8694692850112915
9.9999999999999307,123.0999999999994259,0.9571568369865417
9.9999999999999307,123.1999999999994202,1.2333772182464600
9.9999999999999307,123.3999999999994088,1.8742252588272095
9.9999999999999307,123.4999999999994031,2.1357886791229248
9.9999999999999307,123.5999999999993975,2.2417428493499756
9.9999999999999307,124.0999999999993690,1.8350852727890015
9.9999999999999307,124.1999999999993634,1.8918402194976807
9.9999999999999307,124.2999999999993577,2.0299880504608154
9.9999999999999307,124.3999999999993520,2.9775373935699463
9.9999999999999307,124.4999999999993463,4.1596693992614746
9.9999999999999307,125.1999999999993065,5.1769289970397949
9.9999999999999307,125.5999999999992838,4.2815666198730469
9.8999999999999311,118.5999999999996817,3.2857811450958252
9.8999999999999311,118.6999999999996760,2.7603802680969238
9.8999999999999311,122.3999999999994657,4.1538152694702148
9.8999999999999311,122.4999999999994600,3.1566367149353027
9.8999999999999311,122.5999999999994543,2.2234141826629639
9.8999999999999311,122.6999999999994486,1.7502983808517456
9.8999999999999311,122.7999999999994429,1.4004324674606323
9.8999999999999311,122.8999999999994373,0.9408900141716003
9.8999999999999311,122.9999999999994316,0.9871355295181274
9.8999999999999311,123.0999999999994259,1.2915945053100586
9.8999999999999311,123.3999999999994088,2.1428823471069336
9.8999999999999311,123.4999999999994031,2.0603864192962646
9.8999999999999311,123.5999999999993975,2.3083293437957764
9.8999999999999311,123.8999999999993804,2.2182931900024414
9.8999999999999311,123.9999999999993747,1.7387529611587524
9.8999999999999311,124.0999999999993690,1.5904735326766968
9.8999999999999311,124.1999999999993634,1.6481622457504272
9.8999999999999311,124.2999999999993577,1.7441047430038452
9.8999999999999311,124.3999999999993520,2.7445733547210693
9.8999999999999311,124.4999999999993463,3.9553802013397217
9.8999999999999311,125.5999999999992838,3.1680097579956055
9.8999999999999311,125.9999999999992610,5.5396933555603027
9.7999999999999314,118.5999999999996817,3.5578193664550781
9.7999999999999314,118.6999999999996760,2.3966383934020996
9.7999999999999314,122.4999999999994600,2.8575408458709717
9.7999999999999314,122.5999999999994543,1.8813475370407104
9.7999999999999314,122.6999999999994486,1.4776738882064819
9.7999999999999314,122.7999999999994429,0.9338000416755676
9.7999999999999314,122.8999999999994373,0.7766243815422058
9.7999999999999314,122.9999999999994316,1.2712661027908325
9.7999999999999314,123.0999999999994259,1.8340942859649658
9.7999999999999314,123.3999999999994088,2.2882480621337891
9.7999999999999314,123.4999999999994031,2.1057698726654053
9.7999999999999314,123.8999999999993804,2.2875468730926514
9.7999999999999314,123.9999999999993747,1.6755913496017456
9.7999999999999314,124.0999999999993690,1.5304797887802124
9.7999999999999314,124.1999999999993634,1.6377800703048706
9.7999999999999314,124.2999999999993577,1.8468751907348633
9.7999999999999314,124.3999999999993520,2.7592675685882568
9.7999999999999314,124.4999999999993463,4.0952601432800293
9.7999999999999314,125.9999999999992610,5.3394289016723633
9.7999999999999314,126.0999999999992554,5.3658003807067871
9.6999999999999318,118.3999999999996930,4.3001451492309570
9.6999999999999318,118.4999999999996874,3.7929432392120361
9.6999999999999318,118.5999999999996817,2.9879519939422607
9.6999999999999318,118.6999999999996760,2.7060129642486572
9.6999999999999318,122.4999999999994600,2.7175655364990234
9.6999999999999318,122.5999999999994543,1.6709053516387939
9.6999999999999318,122.6999999999994486,1.1142436265945435
9.6999999999999318,122.7999999999994429,0.6442086100578308
9.6999999999999318,122.8999999999994373,1.0194556713104248
9.6999999999999318,122.9999999999994316,1.6525751352310181
9.6999999999999318,123.0999999999994259,2.2880289554595947
9.6999999999999318,123.3999999999994088,2.4193177223205566
9.6999999999999318,123.8999999999993804,2.3991737365722656
9.6999999999999318,123.9999999999993747,1.7690376043319702
9.6999999999999318,124.0999999999993690,1.6223396062850952
9.6999999999999318,124.1999999999993634,1.7577537298202515
9.6999999999999318,124.2999999999993577,1.9511688947677612
9.6999999999999318,124.3999999999993520,2.7040369510650635
9.6999999999999318,125.4999999999992895,1.6829855442047119
9.5999999999999321,118.3999999999996930,4.0709013938903809
9.5999999999999321,118.4999999999996874,3.1236999034881592
9.5999999999999321,118.5999999999996817,2.7136888504028320
9.5999999999999321,118.6999999999996760,3.4686248302459717
9.5999999999999321,122.4999999999994600,2.2889325618743896
9.5999999999999321,122.5999999999994543,1.8229808807373047
9.5999999999999321,122.6999999999994486,1.1582330465316772
9.5999999999999321,122.7999999999994429,0.7489632368087769
9.5999999999999321,122.8999999999994373,1.1416831016540527
9.5999999999999321,122.9999999999994316,1.7710212469100952
9.5999999999999321,123.0999999999994259,2.3119451999664307
9.5999999999999321,123.2999999999994145,2.9717154502868652
9.5999999999999321,123.3999999999994088,2.7397685050964355
9.5999999999999321,123.7999999999993861,3.6834857463836670
9.5999999999999321,125.3999999999992951,1.8387049436569214
9.5999999999999321,125.4999999999992895,1.5111562013626099
9.5999999999999321,125.5999999999992838,1.2353976964950562
9.5999999999999321,125.6999999999992781,1.3469246625900269
9.4999999999999325,118.2999999999996987,4.7536063194274902
9.4999999999999325,118.3999999999996930,3.4565854072570801
9.4999999999999325,118.4999999999996874,2.7989566326141357
9.4999999999999325,118.5999999999996817,3.4361953735351562
9.4999999999999325,122.5999999999994543,2.4113402366638184
9.4999999999999325,122.6999999999994486,1.7321141958236694
9.4999999999999325,122.7999999999994429,1.1410844326019287
9.4999999999999325,122.8999999999994373,1.2093235254287720
9.4999999999999325,122.9999999999994316,1.6646889448165894
9.4999999999999325,123.0999999999994259,1.9652343988418579
9.4999999999999325,123.3999999999994088,3.1040439605712891
9.4999999999999325,125.4999999999992895,1.6870764493942261
9.4999999999999325,125.5999999999992838,1.2544268369674683
9.4999999999999325,125.6999999999992781,1.1643419265747070
9.4999999999999325,125.7999999999992724,2.0090768337249756
9.3999999999999329,118.1999999999997044,4.2314815521240234
9.3999999999999329,118.2999999999996987,3.5991806983947754
9.3999999999999329,118.3999999999996930,3.0150389671325684
9.3999999999999329,118.4999999999996874,3.8969857692718506
9.3999999999999329,122.7999999999994429,1.8163454532623291
9.3999999999999329,122.8999999999994373,1.3208726644515991
9.3999999999999329,122.9999999999994316,1.4547078609466553
9.3999999999999329,123.0999999999994259,1.6589622497558594
9.3999999999999329,123.1999999999994202,1.9726142883300781
9.3999999999999329,125.5999999999992838,1.4440463781356812
9.3999999999999329,125.6999999999992781,1.0630284547805786
9.3999999999999329,125.7999999999992724,1.3090064525604248
9.3999999999999329,125.8999999999992667,1.7287348508834839
9.2999999999999332,118.0999999999997101,4.4481501579284668
9.2999999999999332,118.1999999999997044,3.7933735847473145
9.2999999999999332,118.2999999999996987,3.3386325836181641
9.2999999999999332,118.3999999999996930,3.7170217037200928
9.2999999999999332,122.8999999999994373,1.5261659622192383
9.2999999999999332,122.9999999999994316,1.4713972806930542
9.2999999999999332,123.0999999999994259,1.6254366636276245
9.2999999999999332,123.1999999999994202,1.9196999073028564
9.2999999999999332,123.2999999999994145,2.3156349658966064
9.2999999999999332,125.5999999999992838,1.7630428075790405
9.2999999999999332,125.6999999999992781,1.1118302345275879
9.2999999999999332,125.7999999999992724,0.8003253340721130
9.2999999999999332,125.8999999999992667,1.0588451623916626
9.1999999999999336,117.8999999999997215,3.0556163787841797
9.1999999999999336,117.9999999999997158,3.9801101684570312
9.1999999999999336,118.0999999999997101,3.9664726257324219
9.1999999999999336,118.1999999999997044,3.6442222595214844
9.1999999999999336,122.8999999999994373,1.6057881116867065
9.1999999999999336,122.9999999999994316,1.6044149398803711
9.1999999999999336,123.0999999999994259,1.6735042333602905
9.1999999999999336,123.1999999999994202,1.9289807081222534
9.1999999999999336,123.4999999999994031,4.5965471267700195
9.1999999999999336,123.5999999999993975,4.8893847465515137
9.1999999999999336,124.6999999999993349,2.7044169902801514
9.1999999999999336,124.7999999999993292,1.8697756528854370
9.1999999999999336,125.5999999999992838,1.8323656320571899
9.1999999999999336,125.6999999999992781,1.1042493581771851
9.1999999999999336,125.7999999999992724,0.7185661196708679
9.1999999999999336,125.8999999999992667,0.8621115684509277
9.1999999999999336,125.9999999999992610,1.1110198497772217
9.1999999999999336,126.0999999999992554,1.5317966938018799
9.0999999999999339,117.7999999999997272,2.3109683990478516
9.0999999999999339,117.8999999999997215,2.1987936496734619
9.0999999999999339,117.9999999999997158,2.7634482383728027
9.0999999999999339,122.9999999999994316,1.9304493665695190
9.0999999999999339,123.0999999999994259,1.9760942459106445
9.0999999999999339,123.5999999999993975,5.0023922920227051
9.0999999999999339,125.5999999999992838,1.7057040929794312
9.0999999999999339,125.6999999999992781,1.0841146707534790
9.0999999999999339,125.7999999999992724,0.5844384431838989
9.0999999999999339,125.8999999999992667,0.6541052460670471
9.0999999999999339,125.9999999999992610,1.2807368040084839
9.0999999999999339,126.0999999999992554,1.5277359485626221
8.9999999999999343,117.5999999999997385,4.5576024055480957
8.9999999999999343,117.6999999999997328,4.2103476524353027
8.9999999999999343,117.7999999999997272,2.7765023708343506
8.9999999999999343,117.8999999999997215,2.3168187141418457
8.9999999999999343,117.9999999999997158,3.1496779918670654
8.9999999999999343,125.2999999999993008,2.2604453563690186
8.9999999999999343,125.3999999999992951,2.2007946968078613
8.9999999999999343,125.5999999999992838,1.6756664514541626
8.9999999999999343,125.6999999999992781,1.1153755187988281
8.9999999999999343,125.7999999999992724,0.5171775221824646
8.9999999999999343,125.8999999999992667,0.3131740987300873
8.9999999999999343,125.9999999999992610,1.1723833084106445
8.9999999999999343,126.0999999999992554,1.4593304395675659
8.9999999999999343,126.1999999999992497,1.7191104888916016
8.8999999999999346,117.4999999999997442,4.1916542053222656
8.8999999999999346,117.5999999999997385,3.5772137641906738
8.8999999999999346,117.6999999999997328,3.3021149635314941
8.8999999999999346,117.7999999999997272,2.8038551807403564
8.8999999999999346,117.8999999999997215,2.7289316654205322
8.8999999999999346,117.9999999999997158,4.0235791206359863
8.8999999999999346,124.7999999999993292,0.7567126154899597
8.8999999999999346,124.8999999999993236,0.9610608220100403
8.8999999999999346,124.9999999999993179,1.1943356990814209
8.8999999999999346,125.1999999999993065,1.9917873144149780
8.8999999999999346,125.2999999999993008,1.9547913074493408
8.8999999999999346,125.3999999999992951,1.8746471405029297
8.8999999999999346,125.4999999999992895,1.6200121641159058
8.8999999999999346,125.5999999999992838,1.4043018817901611
8.8999999999999346,125.6999999999992781,1.3009086847305298
8.8999999999999346,125.7999999999992724,0.6681658625602722
8.8999999999999346,125.8999999999992667,0.4160451889038086
8.8999999999999346,125.9999999999992610,1.2571777105331421
8.8999999999999346,126.0999999999992554,1.4418699741363525
8.8999999999999346,126.1999999999992497,1.6527181863784790
8.8999999999999346,126.2999999999992440,1.8705701828002930
8.7999999999999350,117.4999999999997442,4.0210318565368652
8.7999999999999350,117.5999999999997385,3.1612067222595215
8.7999999999999350,117.6999999999997328,2.9051573276519775
8.7999999999999350,117.7999999999997272,2.7973790168762207
8.7999999999999350,117.8999999999997215,3.1433427333831787
8.7999999999999350,124.8999999999993236,1.3609970808029175
8.7999999999999350,124.9999999999993179,1.6193189620971680
8.7999999999999350,125.0999999999993122,1.7892166376113892
8.7999999999999350,125.1999999999993065,1.6417735815048218
8.7999999999999350,125.2999999999993008,1.5371906757354736
8.7999999999999350,125.3999999999992951,1.4420955181121826
8.7999999999999350,125.4999999999992895,1.1093766689300537
8.7999999999999350,125.5999999999992838,0.8374792337417603
8.7999999999999350,125.6999999999992781,1.0901386737823486
8.7999999999999350,125.7999999999992724,0.6250297427177429
8.7999999999999350,125.8999999999992667,0.4654436111450195
8.7999999999999350,125.9999999999992610,1.2897912263870239
8.7999999999999350,126.0999999999992554,1.4793065786361694
8.7999999999999350,126.1999999999992497,1.6951740980148315
8.7999999999999350,126.2999999999992440,1.8327835798263550
8.6999999999999353,117.3999999999997499,5.1079440116882324
8.6999999999999353,117.4999999999997442,4.3912539482116699
8.6999999999999353,117.5999999999997385,3.5621185302734375
8.6999999999999353,123.4999999999994031,2.6436877250671387
8.6999999999999353,124.7999999999993292,1.6935020685195923
8.6999999999999353,124.8999999999993236,2.0113656520843506
8.6999999999999353,124.9999999999993179,2.0160930156707764
8.6999999999999353,125.0999999999993122,1.6611543893814087
8.6999999999999353,125.1999999999993065,1.4979698657989502
8.6999999999999353,125.2999999999993008,1.4801319837570190
8.6999999999999353,125.3999999999992951,1.4074733257293701
8.6999999999999353,125.4999999999992895,0.9594246745109558
8.6999999999999353,125.5999999999992838,0.3994019925594330
8.6999999999999353,125.6999999999992781,0.4646332263946533
8.6999999999999353,125.7999999999992724,0.2358368635177612
8.6999999999999353,125.8999999999992667,0.3991025388240814
8.6999999999999353,125.9999999999992610,1.2770127058029175
8.6999999999999353,126.0999999999992554,1.5580285787582397
8.5999999999999357,117.3999999999997499,4.2308611869812012
8.5999999999999357,117.4999999999997442,4.4499621391296387
8.5999999999999357,123.3999999999994088,2.3442285060882568
8.5999999999999357,123.4999999999994031,2.0515689849853516
8.5999999999999357,123.5999999999993975,1.9520069360733032
8.5999999999999357,123.6999999999993918,1.9320780038833618
8.5999999999999357,124.7999999999993292,2.2857685089111328
8.5999999999999357,124.8999999999993236,2.4596135616302490
8.5999999999999357,124.9999999999993179,1.9065901041030884
8.5999999999999357,125.0999999999993122,1.4180920124053955
8.5999999999999357,125.1999999999993065,1.4207222461700439
8.5999999999999357,125.2999999999993008,1.5430747270584106
8.5999999999999357,125.3999999999992951,1.7608302831649780
8.5999999999999357,125.4999999999992895,1.3910573720932007
8.5999999999999357,125.5999999999992838,0.7854684591293335
8.5999999999999357,125.6999999999992781,0.2579656541347504
8.5999999999999357,125.7999999999992724,0.3476889133453369
8.5999999999999357,125.8999999999992667,0.8008481264114380
8.5999999999999357,125.9999999999992610,1.3756675720214844
8.5999999999999357,126.0999999999992554,1.7245911359786987
8.4999999999999361,117.1999999999997613,6.1769280433654785
8.4999999999999361,117.2999999999997556,4.6783127784729004
8.4999999999999361,117.3999999999997499,4.2542161941528320
8.4999999999999361,123.0999999999994259,3.2319805622100830
8.4999999999999361,123.2999999999994145,2.3044936656951904
8.4999999999999361,123.3999999999994088,2.0594646930694580
8.4999999999999361,123.4999999999994031,1.7442499399185181
8.4999999999999361,123.5999999999993975,1.5896961688995361
8.4999999999999361,123.6999999999993918,1.5910875797271729
8.4999999999999361,123.7999999999993861,1.7622298002243042
8.4999999999999361,124.2999999999993577,2.2878916263580322
8.4999999999999361,124.3999999999993520,2.5887148380279541
8.4999999999999361,124.4999999999993463,2.4465036392211914
8.4999999999999361,124.6999999999993349,2.7666862010955811
8.4999999999999361,124.7999999999993292,2.8216383457183838
8.4999999999999361,124.8999999999993236,2.3879776000976562
8.4999999999999361,124.9999999999993179,1.4749674797058105
8.4999999999999361,125.0999999999993122,0.9916229248046875
8.4999999999999361,125.1999999999993065,1.1689828634262085
8.4999999999999361,125.2999999999993008,1.4094904661178589
8.4999999999999361,125.3999999999992951,1.6602815389633179
8.4999999999999361,125.4999999999992895,1.5884592533111572
8.4999999999999361,125.5999999999992838,1.1254945993423462
8.4999999999999361,125.6999999999992781,0.5279796123504639
8.4999999999999361,125.7999999999992724,0.7196023464202881
8.4999999999999361,125.8999999999992667,1.1438093185424805
8.4999999999999361,125.9999999999992610,1.3918551206588745
8.4999999999999361,126.0999999999992554,1.7502911090850830
8.4999999999999361,126.1999999999992497,2.1109614372253418
8.4999999999999361,126.2999999999992440,2.3679320812225342
8.3999999999999364,123.0999999999994259,3.1117064952850342
8.3999999999999364,123.1999999999994202,2.6969664096832275
8.3999999999999364,123.2999999999994145,2.2359833717346191
8.3999999999999364,123.3999999999994088,1.8297414779663086
8.3999999999999364,123.4999999999994031,1.5293663740158081
8.3999999999999364,123.5999999999993975,1.4223965406417847
8.3999999999999364,123.6999999999993918,1.5778608322143555
8.3999999999999364,123.7999999999993861,1.8179779052734375
8.3999999999999364,124.2999999999993577,2.0732641220092773
8.3999999999999364,124.3999999999993520,2.5364873409271240
8.3999999999999364,124.4999999999993463,2.9221818447113037
8.3999999999999364,124.5999999999993406,2.9238991737365723
8.3999999999999364,124.6999999999993349,3.0375490188598633
8.3999999999999364,124.7999999999993292,2.7718567848205566
8.3999999999999364,124.8999999999993236,2.1879084110260010
8.3999999999999364,124.9999999999993179,1.1568139791488647
8.3999999999999364,125.0999999999993122,0.4663986861705780
8.3999999999999364,125.1999999999993065,0.9304196238517761
8.3999999999999364,125.2999999999993008,1.2483974695205688
8.3999999999999364,125.3999999999992951,1.4369643926620483
8.3999999999999364,125.4999999999992895,1.4457209110260010
8.3999999999999364,125.5999999999992838,1.3128944635391235
8.3999999999999364,125.6999999999992781,0.8201704025268555
8.3999999999999364,125.7999999999992724,0.9646368026733398
8.3999999999999364,125.8999999999992667,1.1575655937194824
8.3999999999999364,125.9999999999992610,1.2139474153518677
8.3999999999999364,126.0999999999992554,1.6259231567382812
8.3999999999999364,126.1999999999992497,2.0288865566253662
8.3999999999999364,126.2999999999992440,2.2953634262084961
8.2999999999999368,117.2999999999997556,7.8046183586120605
8.2999999999999368,122.9999999999994316,3.1714782714843750
8.2999999999999368,123.0999999999994259,2.9326345920562744
8.2999999999999368,123.1999999999994202,2.5532424449920654
8.2999999999999368,123.2999999999994145,2.0278630256652832
8.2999999999999368,123.3999999999994088,1.5344991683959961
8.2999999999999368,123.4999999999994031,1.2496404647827148
8.2999999999999368,123.5999999999993975,1.3441551923751831
8.2999999999999368,123.6999999999993918,1.5223838090896606
8.2999999999999368,123.7999999999993861,1.7661412954330444
8.2999999999999368,124.2999999999993577,1.9453470706939697
8.2999999999999368,124.3999999999993520,2.3645102977752686
8.2999999999999368,124.4999999999993463,2.9690027236938477
8.2999999999999368,124.5999999999993406,3.2027461528778076
8.2999999999999368,124.6999999999993349,2.9616582393646240
8.2999999999999368,124.7999999999993292,2.5864112377166748
8.2999999999999368,124.8999999999993236,2.0289220809936523
8.2999999999999368,124.9999999999993179,0.9879329800605774
8.2999999999999368,125.0999999999993122,0.4531410336494446
8.2999999999999368,125.1999999999993065,0.9459568858146667
8.2999999999999368,125.2999999999993008,1.1215919256210327
8.2999999999999368,125.3999999999992951,1.3150738477706909
8.2999999999999368,125.4999999999992895,1.2812590599060059
8.2999999999999368,125.5999999999992838,1.1298213005065918
8.2999999999999368,125.6999999999992781,0.9893516898155212
8.2999999999999368,125.7999999999992724,0.9572651982307434
8.2999999999999368,125.8999999999992667,1.0255253314971924
8.2999999999999368,125.9999999999992610,1.1366692781448364
8.2999999999999368,126.0999999999992554,1.4781032800674438
8.2999999999999368,126.1999999999992497,1.8876606225967407
8.2999999999999368,126.2999999999992440,2.2566726207733154
8.1999999999999371,122.9999999999994316,2.5366742610931396
8.1999999999999371,123.0999999999994259,2.1359837055206299
8.1999999999999371,123.1999999999994202,1.7648203372955322
8.1999999999999371,123.2999999999994145,1.2282012701034546
8.1999999999999371,123.3999999999994088,0.7743721604347229
8.1999999999999371,123.4999999999994031,0.6679565906524658
8.1999999999999371,123.5999999999993975,0.8692069053649902
8.1999999999999371,123.6999999999993918,1.1069138050079346
8.1999999999999371,123.7999999999993861,1.3687342405319214
8.1999999999999371,124.0999999999993690,2.1059083938598633
8.1999999999999371,124.1999999999993634,1.9701484441757202
8.1999999999999371,124.2999999999993577,1.8816460371017456
8.1999999999999371,124.3999999999993520,2.3389816284179688
8.1999999999999371,124.4999999999993463,2.8972461223602295
8.1999999999999371,124.5999999999993406,3.1667387485504150
8.1999999999999371,124.6999999999993349,2.2514801025390625
8.1999999999999371,124.7999999999993292,1.7733526229858398
8.1999999999999371,124.8999999999993236,1.2147508859634399
8.1999999999999371,124.9999999999993179,0.5338689088821411
8.1999999999999371,125.0999999999993122,0.9645175933837891
8.1999999999999371,125.1999999999993065,1.0594934225082397
8.1999999999999371,125.2999999999993008,1.0665197372436523
8.1999999999999371,125.3999999999992951,1.2452183961868286
8.1999999999999371,125.4999999999992895,1.2152624130249023
8.1999999999999371,125.5999999999992838,1.0523462295532227
8.1999999999999371,125.6999999999992781,0.9801741838455200
8.1999999999999371,125.7999999999992724,0.7414356470108032
8.1999999999999371,125.8999999999992667,0.7228531241416931
8.1999999999999371,125.9999999999992610,0.8298605084419250
8.1999999999999371,126.0999999999992554,1.1698850393295288
8.1999999999999371,126.1999999999992497,1.5822551250457764
8.1999999999999371,126.2999999999992440,1.9899460077285767
8.1999999999999371,126.3999999999992383,2.1695554256439209
8.0999999999999375,116.9999999999997726,8.7652320861816406
8.0999999999999375,122.7999999999994429,2.4699940681457520
8.0999999999999375,122.8999999999994373,2.2409148216247559
8.0999999999999375,122.9999999999994316,1.7085231542587280
8.0999999999999375,123.0999999999994259,1.1519886255264282
8.0999999999999375,123.1999999999994202,0.7682951092720032
8.0999999999999375,123.2999999999994145,0.2791352272033691
8.0999999999999375,123.3999999999994088,0.1036458015441895
8.0999999999999375,123.4999999999994031,0.3394198715686798
8.0999999999999375,123.5999999999993975,0.4665790498256683
8.0999999999999375,123.6999999999993918,0.7459941506385803
8.0999999999999375,123.7999999999993861,0.9940045475959778
8.0999999999999375,123.9999999999993747,1.7327696084976196
8.0999999999999375,124.0999999999993690,1.7916010618209839
8.0999999999999375,124.1999999999993634,1.8563950061798096
8.0999999999999375,124.2999999999993577,1.9030765295028687
8.0999999999999375,124.3999999999993520,2.3484480381011963
8.0999999999999375,124.4999999999993463,2.6839351654052734
8.0999999999999375,124.5999999999993406,2.7167356014251709
8.0999999999999375,124.6999999999993349,1.7606575489044189
8.0999999999999375,124.7999999999993292,0.9433221817016602
8.0999999999999375,124.8999999999993236,0.5789358019828796
8.0999999999999375,124.9999999999993179,0.9905220866203308
8.0999999999999375,125.0999999999993122,1.3800529241561890
8.0999999999999375,125.1999999999993065,1.4505690336227417
8.0999999999999375,125.2999999999993008,1.2076181173324585
8.0999999999999375,125.3999999999992951,1.2193068265914917
8.0999999999999375,125.4999999999992895,1.1916329860687256
8.0999999999999375,125.5999999999992838,1.1239386796951294
8.0999999999999375,125.6999999999992781,1.1206028461456299
8.0999999999999375,125.7999999999992724,0.7855637669563293
8.0999999999999375,125.8999999999992667,0.4244992733001709
8.0999999999999375,125.9999999999992610,0.4633238911628723
8.0999999999999375,126.0999999999992554,0.8015053868293762
8.0999999999999375,126.1999999999992497,1.2411367893218994
8.0999999999999375,126.2999999999992440,1.6448440551757812
8.0999999999999375,126.3999999999992383,1.9521020650863647
7.9999999999999378,116.9999999999997726,8.6711444854736328
7.9999999999999378,122.2999999999994714,2.1916549205780029
7.9999999999999378,122.3999999999994657,2.0207204818725586
7.9999999999999378,122.4999999999994600,2.0535738468170166
7.9999999999999378,122.5999999999994543,2.0873126983642578
7.9999999999999378,122.6999999999994486,1.9144474267959595
7.9999999999999378,122.7999999999994429,1.7654119729995728
7.9999999999999378,122.8999999999994373,1.6384327411651611
7.9999999999999378,122.9999999999994316,1.0991102457046509
7.9999999999999378,123.0999999999994259,0.5589532256126404
7.9999999999999378,123.1999999999994202,0.3071669936180115
7.9999999999999378,123.2999999999994145,0.3227389752864838
7.9999999999999378,123.3999999999994088,0.5780388712882996
7.9999999999999378,123.4999999999994031,0.7443350553512573
7.9999999999999378,123.5999999999993975,0.6748556494712830
7.9999999999999378,123.6999999999993918,0.7121388316154480
7.9999999999999378,123.7999999999993861,0.8539453744888306
7.9999999999999378,123.8999999999993804,1.0740002393722534
7.9999999999999378,123.9999999999993747,1.4575195312500000
7.9999999999999378,124.0999999999993690,1.5177677869796753
7.9999999999999378,124.1999999999993634,1.5916675329208374
7.9999999999999378,124.2999999999993577,1.7833315134048462
7.9999999999999378,124.3999999999993520,1.8566172122955322
7.9999999999999378,124.4999999999993463,2.1592211723327637
7.9999999999999378,124.5999999999993406,2.3100757598876953
7.9999999999999378,124.6999999999993349,1.2227562665939331
7.9999999999999378,124.7999999999993292,0.5333363413810730
7.9999999999999378,124.8999999999993236,0.9464796185493469
7.9999999999999378,124.9999999999993179,1.1744139194488525
7.9999999999999378,125.0999999999993122,1.5332292318344116
7.9999999999999378,125.1999999999993065,1.5984572172164917
7.9999999999999378,125.2999999999993008,1.3095408678054810
7.9999999999999378,125.3999999999992951,1.1672991514205933
7.9999999999999378,125.4999999999992895,1.2450004816055298
7.9999999999999378,125.5999999999992838,1.2430886030197144
7.9999999999999378,125.6999999999992781,1.2138172388076782
7.9999999999999378,125.7999999999992724,0.8916583061218262
7.9999999999999378,125.8999999999992667,0.4595174491405487
7.9999999999999378,125.9999999999992610,0.2303158789873123
7.9999999999999378,126.0999999999992554,0.5412346720695496
7.9999999999999378,126.1999999999992497,0.9890893101692200
7.9999999999999378,126.2999999999992440,1.4035400152206421
7.8999999999999382,116.9999999999997726,8.4377546310424805
7.8999999999999382,122.2999999999994714,2.0131969451904297
7.8999999999999382,122.3999999999994657,1.8576081991195679
7.8999999999999382,122.4999999999994600,1.8660519123077393
7.8999999999999382,122.5999999999994543,1.8168562650680542
7.8999999999999382,122.6999999999994486,1.4514992237091064
7.8999999999999382,122.7999999999994429,1.2733088731765747
7.8999999999999382,122.8999999999994373,1.2187819480895996
7.8999999999999382,122.9999999999994316,0.9263920187950134
7.8999999999999382,123.0999999999994259,0.7612542510032654
7.8999999999999382,123.1999999999994202,0.5203673243522644
7.8999999999999382,123.2999999999994145,0.4389671385288239
7.8999999999999382,123.3999999999994088,0.3231856822967529
7.8999999999999382,123.4999999999994031,0.2113912850618362
7.8999999999999382,123.5999999999993975,0.1140836700797081
7.8999999999999382,123.6999999999993918,0.5306677222251892
7.8999999999999382,123.7999999999993861,0.7257752418518066
7.8999999999999382,123.8999999999993804,0.8751077055931091
7.8999999999999382,123.9999999999993747,1.3620775938034058
7.8999999999999382,124.0999999999993690,1.4940181970596313
7.8999999999999382,124.1999999999993634,1.5617336034774780
7.8999999999999382,124.2999999999993577,1.4334321022033691
7.8999999999999382,124.3999999999993520,0.8126134276390076
7.8999999999999382,124.4999999999993463,0.9039940237998962
7.8999999999999382,124.5999999999993406,0.9254721999168396
7.8999999999999382,124.6999999999993349,0.0722393542528152
7.8999999999999382,124.7999999999993292,1.0963567495346069
7.8999999999999382,124.8999999999993236,1.2425006628036499
7.8999999999999382,124.9999999999993179,0.7295789718627930
7.8999999999999382,125.0999999999993122,0.9297019839286804
7.8999999999999382,125.1999999999993065,0.9938626289367676
7.8999999999999382,125.2999999999993008,0.6893188357353210
7.8999999999999382,125.3999999999992951,0.9116142392158508
7.8999999999999382,125.4999999999992895,1.2241889238357544
7.8999999999999382,125.5999999999992838,1.3428571224212646
7.8999999999999382,125.6999999999992781,1.3475738763809204
7.8999999999999382,125.7999999999992724,0.9913513064384460
7.8999999999999382,125.8999999999992667,0.4804013371467590
7.8999999999999382,125.9999999999992610,0.4573090076446533
7.8999999999999382,126.0999999999992554,0.6336441040039062
7.8999999999999382,126.1999999999992497,1.0026036500930786
7.8999999999999382,126.2999999999992440,1.3968188762664795
7.7999999999999385,122.0999999999994827,2.7076785564422607
7.7999999999999385,122.1999999999994770,2.2943429946899414
7.7999999999999385,122.2999999999994714,1.9115860462188721
7.7999999999999385,122.3999999999994657,1.7746323347091675
7.7999999999999385,122.4999999999994600,1.7338695526123047
7.7999999999999385,122.5999999999994543,1.6763519048690796
7.7999999999999385,122.6999999999994486,1.4367271661758423
7.7999999999999385,122.7999999999994429,1.1765977144241333
7.7999999999999385,122.8999999999994373,1.2926609516143799
7.7999999999999385,122.9999999999994316,1.1526497602462769
7.7999999999999385,123.0999999999994259,0.9801837205886841
7.7999999999999385,123.1999999999994202,0.8368603587150574
7.7999999999999385,123.2999999999994145,0.4899697303771973
7.7999999999999385,123.3999999999994088,1.0574783086776733
7.7999999999999385,123.6999999999993918,0.9794175028800964
7.7999999999999385,123.7999999999993861,1.5121821165084839
7.7999999999999385,123.8999999999993804,1.2495349645614624
7.7999999999999385,123.9999999999993747,1.3801269531250000
7.7999999999999385,124.0999999999993690,1.4414235353469849
7.7999999999999385,124.1999999999993634,1.2740770578384399
7.7999999999999385,124.2999999999993577,1.1843401193618774
7.7999999999999385,124.3999999999993520,0.6847196221351624
7.7999999999999385,124.4999999999993463,0.4363318085670471
7.7999999999999385,124.5999999999993406,0.5707592964172363
7.7999999999999385,124.6999999999993349,1.2158248424530029
7.7999999999999385,124.7999999999993292,1.8721207380294800
7.7999999999999385,124.8999999999993236,2.0899686813354492
7.7999999999999385,124.9999999999993179,1.0947362184524536
7.7999999999999385,125.0999999999993122,0.4403189718723297
7.7999999999999385,125.1999999999993065,0.4189824759960175
7.7999999999999385,125.2999999999993008,0.4048661291599274
7.7999999999999385,125.3999999999992951,0.7904994487762451
7.7999999999999385,125.4999999999992895,1.1090952157974243
7.7999999999999385,125.5999999999992838,1.3546460866928101
7.7999999999999385,125.6999999999992781,1.4562047719955444
7.7999999999999385,125.7999999999992724,1.0320347547531128
7.7999999999999385,125.8999999999992667,0.4720094203948975
7.7999999999999385,125.9999999999992610,0.8224306106567383
7.7999999999999385,126.0999999999992554,0.8731949925422668
7.7999999999999385,126.1999999999992497,1.1377110481262207
7.7999999999999385,126.2999999999992440,1.4988154172897339
7.7999999999999385,126.3999999999992383,1.6988445520401001
7.6999999999999389,122.1999999999994770,2.2474315166473389
7.6999999999999389,122.2999999999994714,1.8959372043609619
7.6999999999999389,122.3999999999994657,1.7620859146118164
7.6999999999999389,122.4999999999994600,1.6998809576034546
7.6999999999999389,122.8999999999994373,1.3825576305389404
7.6999999999999389,122.9999999999994316,1.1416523456573486
7.6999999999999389,123.0999999999994259,0.8642447590827942
7.6999999999999389,123.1999999999994202,0.6348804831504822
7.6999999999999389,123.2999999999994145,0.5715621709823608
7.6999999999999389,123.3999999999994088,1.3194169998168945
7.6999999999999389,123.4999999999994031,1.8483234643936157
7.6999999999999389,123.8999999999993804,2.0392489433288574
7.6999999999999389,123.9999999999993747,1.8268045186996460
7.6999999999999389,124.0999999999993690,1.2944655418395996
7.6999999999999389,124.1999999999993634,1.0495126247406006
7.6999999999999389,124.2999999999993577,1.2012844085693359
7.6999999999999389,124.3999999999993520,0.8155201077461243
7.6999999999999389,124.4999999999993463,0.8207222819328308
7.6999999999999389,124.5999999999993406,1.2288762331008911
7.6999999999999389,124.6999999999993349,1.7032371759414673
7.6999999999999389,124.7999999999993292,2.2796115875244141
7.6999999999999389,124.8999999999993236,2.3565225601196289
7.6999999999999389,124.9999999999993179,1.5152951478958130
7.6999999999999389,125.0999999999993122,0.7149111628532410
7.6999999999999389,125.1999999999993065,0.5152369141578674
7.6999999999999389,125.2999999999993008,0.4767905771732330
7.6999999999999389,125.3999999999992951,0.7697405815124512
7.6999999999999389,125.4999999999992895,1.0781924724578857
7.6999999999999389,125.5999999999992838,1.3256417512893677
7.6999999999999389,125.6999999999992781,1.5125387907028198
7.6999999999999389,125.7999999999992724,0.8635496497154236
7.6999999999999389,125.8999999999992667,0.5395286679267883
7.6999999999999389,125.9999999999992610,1.2034461498260498
7.6999999999999389,126.0999999999992554,1.0424818992614746
7.6999999999999389,126.1999999999992497,1.1871491670608521
7.6999999999999389,126.2999999999992440,1.5536026954650879
7.6999999999999389,126.3999999999992383,1.6919755935668945
7.6999999999999389,126.4999999999992326,1.9005769491195679
7.5999999999999392,122.1999999999994770,2.0848443508148193
7.5999999999999392,122.2999999999994714,1.8719586133956909
7.5999999999999392,122.3999999999994657,1.7639560699462891
7.5999999999999392,122.8999999999994373,1.5203239917755127
7.5999999999999392,122.9999999999994316,1.3733319044113159
7.5999999999999392,123.1999999999994202,0.9830045104026794
7.5999999999999392,123.2999999999994145,1.7915827035903931
7.5999999999999392,123.3999999999994088,2.0173189640045166
7.5999999999999392,124.0999999999993690,1.5107657909393311
7.5999999999999392,124.1999999999993634,1.1108000278472900
7.5999999999999392,124.2999999999993577,1.1102234125137329
7.5999999999999392,124.3999999999993520,0.6999742388725281
7.5999999999999392,124.4999999999993463,0.6737785935401917
7.5999999999999392,124.5999999999993406,1.2128266096115112
7.5999999999999392,124.6999999999993349,1.3019442558288574
7.5999999999999392,124.7999999999993292,1.7152677774429321
7.5999999999999392,124.8999999999993236,1.9054939746856689
7.5999999999999392,124.9999999999993179,0.9910387992858887
7.5999999999999392,125.0999999999993122,0.5818155407905579
7.5999999999999392,125.1999999999993065,0.6088796257972717
7.5999999999999392,125.2999999999993008,0.7437202334403992
7.5999999999999392,125.3999999999992951,0.9800752997398376
7.5999999999999392,125.4999999999992895,1.2589420080184937
7.5999999999999392,125.5999999999992838,1.4376515150070190
7.5999999999999392,125.6999999999992781,1.4490606784820557
7.5999999999999392,125.7999999999992724,0.7128134369850159
7.5999999999999392,125.8999999999992667,0.3683550357818604
7.5999999999999392,125.9999999999992610,1.0399365425109863
7.5999999999999392,126.0999999999992554,0.9045110940933228
7.5999999999999392,126.1999999999992497,0.9205747842788696
7.5999999999999392,126.2999999999992440,1.3042165040969849
7.5999999999999392,126.3999999999992383,1.6216630935668945
7.5999999999999392,126.4999999999992326,1.8650215864181519
7.4999999999999396,122.0999999999994827,2.2717919349670410
7.4999999999999396,122.1999999999994770,2.0447516441345215
7.4999999999999396,122.2999999999994714,1.8689785003662109
7.4999999999999396,123.2999999999994145,3.1418395042419434
7.4999999999999396,123.3999999999994088,3.9285256862640381
7.4999999999999396,124.1999999999993634,1.2521048784255981
7.4999999999999396,124.2999999999993577,1.1441274881362915
7.4999999999999396,124.3999999999993520,0.5858539938926697
7.4999999999999396,124.4999999999993463,0.5398255586624146
7.4999999999999396,124.5999999999993406,1.1447405815124512
7.4999999999999396,124.6999999999993349,1.2181745767593384
7.4999999999999396,124.7999999999993292,1.3011419773101807
7.4999999999999396,124.8999999999993236,1.2892159223556519
7.4999999999999396,124.9999999999993179,0.6006424427032471
7.4999999999999396,125.0999999999993122,0.7494145631790161
7.4999999999999396,125.1999999999993065,0.7842013239860535
7.4999999999999396,125.2999999999993008,0.5691801309585571
7.4999999999999396,125.3999999999992951,1.1364294290542603
7.4999999999999396,125.4999999999992895,1.4036890268325806
7.4999999999999396,125.5999999999992838,1.4508763551712036
7.4999999999999396,125.6999999999992781,1.3883833885192871
7.4999999999999396,125.7999999999992724,0.6594746708869934
7.4999999999999396,125.8999999999992667,0.3435185849666595
7.4999999999999396,125.9999999999992610,1.1317161321640015
7.4999999999999396,126.0999999999992554,0.7723184823989868
7.4999999999999396,126.1999999999992497,0.6433333754539490
7.4999999999999396,126.2999999999992440,1.0718641281127930
7.4999999999999396,126.3999999999992383,1.4055814743041992
7.4999999999999396,126.4999999999992326,1.8140062093734741
7.4999999999999396,126.5999999999992269,2.3799209594726562
7.3999999999999400,122.0999999999994827,2.2001159191131592
7.3999999999999400,122.1999999999994770,2.0445294380187988
7.3999999999999400,122.2999999999994714,1.8755687475204468
7.3999999999999400,122.7999999999994429,2.2850570678710938
7.3999999999999400,123.3999999999994088,4.4162263870239258
7.3999999999999400,124.1999999999993634,1.1604636907577515
7.3999999999999400,124.2999999999993577,1.0723012685775757
7.3999999999999400,124.3999999999993520,0.7736787796020508
7.3999999999999400,124.4999999999993463,0.2228792011737823
7.3999999999999400,124.5999999999993406,0.7605905532836914
7.3999999999999400,124.6999999999993349,0.8692952990531921
7.3999999999999400,124.7999999999993292,0.9335648417472839
7.3999999999999400,124.8999999999993236,0.9420511126518250
7.3999999999999400,124.9999999999993179,0.4947377145290375
7.3999999999999400,125.0999999999993122,0.7661739587783813
7.3999999999999400,125.1999999999993065,0.8355261087417603
7.3999999999999400,125.2999999999993008,0.4660500586032867
7.3999999999999400,125.3999999999992951,1.1628304719924927
7.3999999999999400,125.4999999999992895,1.4091646671295166
7.3999999999999400,125.5999999999992838,1.3990787267684937
7.3999999999999400,125.6999999999992781,1.3658622503280640
7.3999999999999400,125.7999999999992724,0.5490503907203674
7.3999999999999400,125.8999999999992667,0.3642883300781250
7.3999999999999400,125.9999999999992610,0.9558050036430359
7.3999999999999400,126.0999999999992554,0.5860921740531921
7.3999999999999400,126.1999999999992497,0.4975312650203705
7.3999999999999400,126.2999999999992440,0.9638746380805969
7.3999999999999400,126.3999999999992383,1.2763003110885620
7.3999999999999400,126.4999999999992326,1.8094347715377808
7.2999999999999403,116.8999999999997783,5.5741076469421387
7.2999999999999403,117.0999999999997669,6.1108336448669434
7.2999999999999403,117.1999999999997613,6.2507376670837402
7.2999999999999403,122.0999999999994827,2.0439498424530029
7.2999999999999403,122.1999999999994770,2.0400893688201904
7.2999999999999403,124.1999999999993634,0.8629040718078613
7.2999999999999403,124.2999999999993577,1.1818779706954956
7.2999999999999403,124.3999999999993520,1.1002137660980225
7.2999999999999403,124.4999999999993463,0.6471946835517883
7.2999999999999403,124.5999999999993406,0.0690032765269279
7.2999999999999403,124.6999999999993349,0.1748315095901489
7.2999999999999403,124.7999999999993292,0.1873327940702438
7.2999999999999403,124.8999999999993236,0.1463536173105240
7.2999999999999403,124.9999999999993179,0.2517053782939911
7.2999999999999403,125.0999999999993122,0.5184060335159302
7.2999999999999403,125.1999999999993065,0.5857869982719421
7.2999999999999403,125.2999999999993008,0.4962715208530426
7.2999999999999403,125.3999999999992951,1.1512097120285034
7.2999999999999403,125.4999999999992895,1.3680673837661743
7.2999999999999403,125.5999999999992838,1.3256567716598511
7.2999999999999403,125.6999999999992781,1.3223541975021362
7.2999999999999403,125.8999999999992667,0.2878079116344452
7.2999999999999403,125.9999999999992610,0.5287649631500244
7.2999999999999403,126.0999999999992554,0.2107951641082764
7.2999999999999403,126.1999999999992497,0.5499171614646912
7.2999999999999403,126.2999999999992440,1.0904549360275269
7.2999999999999403,126.3999999999992383,1.4792274236679077
7.2999999999999403,126.4999999999992326,2.3994336128234863
7.2999999999999403,126.5999999999992269,3.5630414485931396
7.1999999999999407,117.0999999999997669,5.7825784683227539
7.1999999999999407,117.1999999999997613,6.0278048515319824
7.1999999999999407,121.9999999999994884,2.2698595523834229
7.1999999999999407,122.0999999999994827,1.8793801069259644
7.1999999999999407,122.1999999999994770,1.8815513849258423
7.1999999999999407,124.1999999999993634,0.9124999046325684
7.1999999999999407,124.2999999999993577,1.2058712244033813
7.1999999999999407,124.3999999999993520,1.1779855489730835
7.1999999999999407,124.4999999999993463,0.9920773506164551
7.1999999999999407,124.5999999999993406,0.7215795516967773
7.1999999999999407,124.6999999999993349,0.6549894809722900
7.1999999999999407,124.7999999999993292,0.7322029471397400
7.1999999999999407,124.8999999999993236,0.7235023379325867
7.1999999999999407,124.9999999999993179,0.5126529932022095
7.1999999999999407,125.0999999999993122,0.4182959198951721
7.1999999999999407,125.1999999999993065,0.3894884288311005
7.1999999999999407,125.2999999999993008,0.4598834514617920
7.1999999999999407,125.3999999999992951,1.1168183088302612
7.1999999999999407,125.4999999999992895,1.3343290090560913
7.1999999999999407,125.5999999999992838,1.2775243520736694
7.1999999999999407,125.9999999999992610,0.5863615274429321
7.1999999999999407,126.0999999999992554,0.4068013131618500
7.1999999999999407,126.1999999999992497,0.7569798231124878
7.1999999999999407,126.2999999999992440,1.1980580091476440
7.1999999999999407,126.3999999999992383,2.1177718639373779
7.1999999999999407,126.4999999999992326,3.2280938625335693
7.0999999999999410,121.9999999999994884,2.2437472343444824
7.0999999999999410,122.0999999999994827,1.8238172531127930
7.0999999999999410,122.1999999999994770,1.8288202285766602
7.0999999999999410,124.0999999999993690,1.1111038923263550
7.0999999999999410,124.1999999999993634,1.0229287147521973
7.0999999999999410,124.2999999999993577,1.2470611333847046
7.0999999999999410,124.3999999999993520,1.1575729846954346
7.0999999999999410,124.4999999999993463,1.0052102804183960
7.0999999999999410,124.5999999999993406,0.9372037053108215
7.0999999999999410,124.6999999999993349,1.0339688062667847
7.0999999999999410,124.7999999999993292,1.1241948604583740
7.0999999999999410,124.8999999999993236,1.1155242919921875
7.0999999999999410,124.9999999999993179,0.9004030227661133
7.0999999999999410,125.0999999999993122,0.6734094023704529
7.0999999999999410,125.1999999999993065,0.3323120176792145
7.0999999999999410,125.2999999999993008,0.2846989631652832
7.0999999999999410,125.3999999999992951,0.9673244357109070
7.0999999999999410,125.4999999999992895,1.1856088638305664
7.0999999999999410,125.5999999999992838,1.1402677297592163
7.0999999999999410,125.6999999999992781,1.0126010179519653
7.0999999999999410,125.8999999999992667,0.6983692049980164
7.0999999999999410,125.9999999999992610,0.5090017914772034
7.0999999999999410,126.0999999999992554,0.6951384544372559
7.0999999999999410,126.1999999999992497,1.1729582548141479
7.0999999999999410,126.2999999999992440,1.7671169042587280
7.0999999999999410,126.3999999999992383,2.8178079128265381
6.9999999999999414,117.0999999999997669,5.1107544898986816
6.9999999999999414,121.9999999999994884,2.2925391197204590
6.9999999999999414,122.0999999999994827,1.8911615610122681
6.9999999999999414,122.1999999999994770,1.9350231885910034
6.9999999999999414,123.9999999999993747,1.1624182462692261
6.9999999999999414,124.0999999999993690,1.1543347835540771
6.9999999999999414,124.1999999999993634,1.1763503551483154
6.9999999999999414,124.2999999999993577,1.2282049655914307
6.9999999999999414,124.3999999999993520,1.1714462041854858
6.9999999999999414,124.4999999999993463,1.1664947271347046
6.9999999999999414,124.5999999999993406,1.1962856054306030
6.9999999999999414,124.6999999999993349,1.1329330205917358
6.9999999999999414,124.7999999999993292,1.2619054317474365
6.9999999999999414,124.8999999999993236,1.2397692203521729
6.9999999999999414,124.9999999999993179,0.9969716072082520
6.9999999999999414,125.0999999999993122,0.6536118388175964
6.9999999999999414,125.1999999999993065,0.2829060554504395
6.9999999999999414,125.2999999999993008,0.1801622062921524
6.9999999999999414,125.3999999999992951,0.7651536464691162
6.9999999999999414,125.4999999999992895,1.0198845863342285
6.9999999999999414,125.7999999999992724,0.6503165364265442
6.9999999999999414,125.9999999999992610,0.6261442899703979
6.9999999999999414,126.0999999999992554,1.1505988836288452
6.9999999999999414,126.1999999999992497,1.6675976514816284
6.9999999999999414,126.2999999999992440,2.3093738555908203
6.8999999999999417,116.6999999999997897,1.9490435123443604
6.8999999999999417,116.7999999999997840,2.5713422298431396
6.8999999999999417,117.0999999999997669,5.0022993087768555
6.8999999999999417,117.1999999999997613,5.8505444526672363
6.8999999999999417,122.0999999999994827,1.8998950719833374
6.8999999999999417,123.9999999999993747,1.2129170894622803
6.8999999999999417,124.0999999999993690,1.1772453784942627
6.8999999999999417,124.1999999999993634,1.2528177499771118
6.8999999999999417,124.2999999999993577,1.3481825590133667
6.8999999999999417,124.3999999999993520,1.3708844184875488
6.8999999999999417,124.4999999999993463,1.5038738250732422
6.8999999999999417,124.5999999999993406,1.6195137500762939
6.8999999999999417,124.6999999999993349,1.3412405252456665
6.8999999999999417,124.7999999999993292,1.3057532310485840
6.8999999999999417,124.8999999999993236,1.3774286508560181
6.8999999999999417,124.9999999999993179,1.0286854505538940
6.8999999999999417,125.0999999999993122,0.6501439213752747
6.8999999999999417,125.1999999999993065,0.2880203425884247
6.8999999999999417,125.2999999999993008,0.3030675649642944
6.8999999999999417,125.3999999999992951,0.7056675553321838
6.8999999999999417,126.0999999999992554,1.7252043485641479
6.8999999999999417,126.2999999999992440,2.8714017868041992
6.7999999999999421,124.0999999999993690,1.2723126411437988
6.7999999999999421,124.1999999999993634,1.3247334957122803
6.7999999999999421,124.2999999999993577,1.1967039108276367
6.7999999999999421,124.3999999999993520,1.3856575489044189
6.7999999999999421,124.4999999999993463,1.6036354303359985
6.7999999999999421,124.5999999999993406,1.7026226520538330
6.7999999999999421,124.6999999999993349,1.3815999031066895
6.7999999999999421,124.7999999999993292,1.2674974203109741
6.7999999999999421,124.8999999999993236,1.4050587415695190
6.7999999999999421,124.9999999999993179,1.2047924995422363
6.7999999999999421,125.0999999999993122,0.8244130015373230
6.7999999999999421,125.1999999999993065,0.4722461700439453
6.7999999999999421,125.2999999999993008,0.3748251497745514
6.7999999999999421,125.3999999999992951,0.5580217242240906
6.7999999999999421,126.0999999999992554,2.3730101585388184
6.7999999999999421,126.1999999999992497,2.8530905246734619
6.6999999999999424,121.9999999999994884,2.0446803569793701
6.6999999999999424,122.0999999999994827,1.8593361377716064
6.6999999999999424,124.0999999999993690,1.3782634735107422
6.6999999999999424,124.1999999999993634,1.2049120664596558
6.6999999999999424,124.2999999999993577,0.9339852333068848
6.6999999999999424,124.3999999999993520,1.1360810995101929
6.6999999999999424,124.4999999999993463,1.5500603914260864
6.6999999999999424,124.5999999999993406,1.7921549081802368
6.6999999999999424,124.6999999999993349,1.4129500389099121
6.6999999999999424,124.7999999999993292,1.3593140840530396
6.6999999999999424,124.8999999999993236,1.4514058828353882
6.6999999999999424,124.9999999999993179,1.2862163782119751
6.6999999999999424,125.0999999999993122,1.0482176542282104
6.6999999999999424,125.1999999999993065,0.6937747597694397
6.6999999999999424,125.2999999999993008,0.3345821499824524
6.6999999999999424,126.0999999999992554,2.4982190132141113
6.6999999999999424,126.1999999999992497,3.3755505084991455
6.5999999999999428,121.8999999999994941,2.7800610065460205
6.5999999999999428,121.9999999999994884,2.1347320079803467
6.5999999999999428,122.0999999999994827,1.8668711185455322
6.5999999999999428,122.1999999999994770,2.2311241626739502
6.5999999999999428,124.0999999999993690,1.2098035812377930
6.5999999999999428,124.1999999999993634,0.8949996232986450
6.5999999999999428,124.2999999999993577,0.6336902976036072
6.5999999999999428,124.3999999999993520,0.8130037188529968
6.5999999999999428,124.4999999999993463,1.3045005798339844
6.5999999999999428,124.5999999999993406,1.7760896682739258
6.5999999999999428,124.6999999999993349,1.5872294902801514
6.5999999999999428,124.7999999999993292,1.4976894855499268
6.5999999999999428,124.8999999999993236,1.4965758323669434
6.5999999999999428,124.9999999999993179,1.2891480922698975
6.5999999999999428,125.0999999999993122,1.1231186389923096
6.5999999999999428,125.1999999999993065,0.7651164531707764
6.5999999999999428,125.2999999999993008,0.1908336728811264
6.5999999999999428,126.0999999999992554,2.7694764137268066
6.5999999999999428,126.1999999999992497,3.5679929256439209
6.4999999999999432,121.9999999999994884,2.4347970485687256
6.4999999999999432,122.0999999999994827,2.1515293121337891
6.4999999999999432,122.1999999999994770,2.3887300491333008
6.4999999999999432,124.0999999999993690,0.8120666742324829
6.4999999999999432,124.1999999999993634,0.5701782703399658
6.4999999999999432,124.2999999999993577,0.4436556994915009
6.4999999999999432,124.3999999999993520,0.3894437253475189
6.4999999999999432,124.4999999999993463,0.8753458261489868
6.4999999999999432,124.5999999999993406,1.4600929021835327
6.4999999999999432,124.6999999999993349,1.6512151956558228
6.4999999999999432,124.7999999999993292,1.5810387134552002
6.4999999999999432,124.8999999999993236,1.5158528089523315
6.4999999999999432,124.9999999999993179,1.2598272562026978
6.4999999999999432,125.0999999999993122,1.0739285945892334
6.4999999999999432,125.1999999999993065,0.7266843318939209
6.4999999999999432,125.2999999999993008,0.1192575022578239
6.4999999999999432,125.3999999999992951,0.5580160617828369
6.4999999999999432,125.4999999999992895,1.0038195848464966
6.4999999999999432,125.5999999999992838,1.3405066728591919
6.4999999999999432,126.1999999999992497,3.3253314495086670
6.3999999999999435,121.9999999999994884,2.7659657001495361
6.3999999999999435,124.0999999999993690,0.4557797610759735
6.3999999999999435,124.1999999999993634,0.4765339791774750
6.3999999999999435,124.2999999999993577,0.6843454241752625
6.3999999999999435,124.3999999999993520,0.2469741404056549
6.3999999999999435,124.4999999999993463,0.4955433011054993
6.3999999999999435,124.5999999999993406,1.0872360467910767
6.3999999999999435,124.6999999999993349,1.3865146636962891
6.3999999999999435,124.7999999999993292,1.6512212753295898
6.3999999999999435,124.8999999999993236,1.5318981409072876
6.3999999999999435,124.9999999999993179,1.2715476751327515
6.3999999999999435,125.0999999999993122,1.0711871385574341
6.3999999999999435,125.1999999999993065,0.7068699002265930
6.3999999999999435,125.2999999999993008,0.2358718961477280
6.3999999999999435,125.3999999999992951,0.7310641407966614
6.3999999999999435,125.4999999999992895,1.1289652585983276
6.2999999999999439,120.5999999999995680,4.4957809448242188
6.2999999999999439,124.1999999999993634,0.6808796525001526
6.2999999999999439,124.2999999999993577,0.9685158729553223
6.2999999999999439,124.3999999999993520,0.5901449918746948
6.2999999999999439,124.4999999999993463,0.1187211275100708
6.2999999999999439,124.5999999999993406,0.6680523753166199
6.2999999999999439,124.6999999999993349,0.9956264495849609
6.2999999999999439,124.7999999999993292,1.3076620101928711
6.2999999999999439,124.8999999999993236,1.3312611579895020
6.2999999999999439,124.9999999999993179,1.0441724061965942
6.2999999999999439,125.0999999999993122,0.8115651011466980
6.2999999999999439,125.1999999999993065,0.4426949620246887
6.2999999999999439,125.2999999999993008,0.3438793718814850
6.2999999999999439,125.3999999999992951,1.0064250230789185
6.2999999999999439,125.4999999999992895,1.1656053066253662
6.2999999999999439,125.5999999999992838,1.5545524358749390
6.1999999999999442,124.2999999999993577,1.1404616832733154
6.1999999999999442,124.3999999999993520,0.8727865219116211
6.1999999999999442,124.4999999999993463,0.3539393842220306
6.1999999999999442,124.5999999999993406,0.2642147243022919
6.1999999999999442,124.6999999999993349,0.5056536793708801
6.1999999999999442,124.7999999999993292,0.6310295462608337
6.1999999999999442,124.8999999999993236,0.4958011209964752
6.1999999999999442,124.9999999999993179,0.2494458407163620
6.1999999999999442,125.0999999999993122,0.1332364827394485
6.1999999999999442,125.1999999999993065,0.5000689029693604
6.1999999999999442,125.2999999999993008,0.9998772740364075
6.1999999999999442,125.3999999999992951,1.1858462095260620
6.1999999999999442,125.4999999999992895,1.1912345886230469
6.1999999999999442,125.5999999999992838,1.3034366369247437
6.1999999999999442,125.6999999999992781,1.4588029384613037
6.0999999999999446,120.9999999999995453,4.3799691200256348
6.0999999999999446,121.0999999999995396,4.4056973457336426
6.0999999999999446,124.4999999999993463,0.6156073212623596
6.0999999999999446,124.5999999999993406,0.2980212271213531
6.0999999999999446,124.6999999999993349,0.2453740835189819
6.0999999999999446,124.7999999999993292,0.3733566403388977
6.0999999999999446,124.8999999999993236,0.5641490817070007
6.0999999999999446,124.9999999999993179,0.8214220404624939
6.0999999999999446,125.0999999999993122,1.0435497760772705
6.0999999999999446,125.2999999999993008,1.3838118314743042
6.0999999999999446,125.3999999999992951,1.3133112192153931
6.0999999999999446,125.4999999999992895,1.2683998346328735
6.0999999999999446,125.5999999999992838,1.4495185613632202
6.0999999999999446,125.6999999999992781,1.7746742963790894
5.9999999999999449,120.8999999999995509,4.2962050437927246
5.9999999999999449,120.9999999999995453,4.3276157379150391
5.9999999999999449,121.0999999999995396,4.3639068603515625
5.9999999999999449,121.3999999999995225,4.1671996116638184
5.9999999999999449,124.5999999999993406,0.4372017979621887
5.9999999999999449,124.6999999999993349,0.5500683784484863
5.9999999999999449,124.7999999999993292,0.6621600389480591
5.9999999999999449,124.8999999999993236,0.8521982431411743
5.9999999999999449,124.9999999999993179,1.1322599649429321
5.9999999999999449,125.0999999999993122,1.4411065578460693
5.9999999999999449,125.3999999999992951,1.3624606132507324
5.9999999999999449,125.4999999999992895,1.3329697847366333
5.9999999999999449,125.5999999999992838,1.5304026603698730
5.8999999999999453,120.8999999999995509,4.2159633636474609
5.8999999999999453,124.7999999999993292,0.3588531911373138
5.8999999999999453,124.8999999999993236,0.3507879972457886
5.8999999999999453,124.9999999999993179,0.6435116529464722
5.8999999999999453,125.0999999999993122,1.0858173370361328
5.8999999999999453,125.1999999999993065,1.3056838512420654
5.8999999999999453,125.2999999999993008,1.2721110582351685
5.8999999999999453,125.3999999999992951,1.3120192289352417
5.8999999999999453,125.4999999999992895,1.4047673940658569
5.8999999999999453,125.5999999999992838,1.8005460500717163
5.7999999999999456,125.2999999999993008,1.2252272367477417
5.7999999999999456,125.3999999999992951,1.3306210041046143
5.7999999999999456,125.4999999999992895,1.5241588354110718
5.6999999999999460,125.2999999999993008,1.3255636692047119
5.6999999999999460,125.3999999999992951,1.6536924839019775
5.5999999999999464,125.2999999999993008,1.9222002029418945
5.5999999999999464,125.3999999999992951,2.2583532333374023
5.3999999999999471,118.8999999999996646,3.9860699176788330
5.3999999999999471,118.9999999999996589,4.3566961288452148
5.3999999999999471,119.0999999999996533,4.9657063484191895
5.3999999999999471,119.1999999999996476,5.3794226646423340
5.2999999999999474,118.8999999999996646,3.4350185394287109
5.2999999999999474,118.9999999999996589,3.8234810829162598
5.2999999999999474,119.0999999999996533,4.5134549140930176
5.2999999999999474,119.1999999999996476,5.0562548637390137
5.2999999999999474,120.1999999999995907,4.4262557029724121
5.1999999999999478,118.8999999999996646,2.9811666011810303
5.1999999999999478,118.9999999999996589,3.3593323230743408
5.1999999999999478,119.0999999999996533,4.0896468162536621
5.1999999999999478,119.1999999999996476,4.8907380104064941
5.1999999999999478,120.1999999999995907,4.4926419258117676
5.0999999999999481,118.8999999999996646,3.5999181270599365
5.0999999999999481,118.9999999999996589,4.0079417228698730
5.0999999999999481,119.7999999999996135,4.4271693229675293
5.0999999999999481,119.8999999999996078,4.3964357376098633
