value,region_id,impf_,geometry
0.0,40,1,POINT (14.97916667 48.97916667)
22.28180593443205,40,1,POINT (15.02083333 48.97916667)
3675.7255094651896,40,1,POINT (15.0625 48.97916667)
6392.532527677292,40,1,POINT (15.10416667 48.97916667)
0.0,40,1,POINT (15.27083333 48.97916667)
0.0,40,1,POINT (14.97916667 48.9375)
6801.897163779744,40,1,POINT (15.02083333 48.9375)
98328.8138815933,40,1,POINT (15.0625 48.9375)
125.55994789949665,40,1,POINT (15.10416667 48.9375)
13.46488464575933,40,1,POINT (15.1875 48.9375)
0.012593609630222772,40,1,POINT (15.22916667 48.9375)
1.4834049534058339e-09,40,1,POINT (15.27083333 48.9375)
0.0,40,1,POINT (15.3125 48.9375)
0.0,40,1,POINT (15.35416667 48.9375)
0.0,40,1,POINT (15.39583333 48.9375)
0.0,40,1,POINT (15.4375 48.9375)
0.0,40,1,POINT (14.97916667 48.89583333)
0.0,40,1,POINT (15.02083333 48.89583333)
2.0032701801377146,40,1,POINT (15.0625 48.89583333)
85362.89605836684,40,1,POINT (15.10416667 48.89583333)
345563.23289373453,40,1,POINT (15.14583333 48.89583333)
20116.052858875322,40,1,POINT (15.1875 48.89583333)
544949.9423916563,40,1,POINT (15.22916667 48.89583333)
246.71176399843762,40,1,POINT (15.27083333 48.89583333)
38.8885270661857,40,1,POINT (15.3125 48.89583333)
0.00033121509752414067,40,1,POINT (15.35416667 48.89583333)
1159.5096501687271,40,1,POINT (15.39583333 48.89583333)
91.76967388082265,40,1,POINT (15.4375 48.89583333)
2.7088018327518846e-05,40,1,POINT (15.47916667 48.89583333)
5.088078990414726e-07,40,1,POINT (15.52083333 48.89583333)
0.0,40,1,POINT (15.5625 48.89583333)
449.22348174149283,40,1,POINT (14.97916667 48.85416667)
216.9099435065744,40,1,POINT (15.02083333 48.85416667)
307.8729675928969,40,1,POINT (15.0625 48.85416667)
836098.994917534,40,1,POINT (15.10416667 48.85416667)
253328.90030393066,40,1,POINT (15.14583333 48.85416667)
7683.315162389574,40,1,POINT (15.1875 48.85416667)
17382.104173732343,40,1,POINT (15.22916667 48.85416667)
300844.775805724,40,1,POINT (15.27083333 48.85416667)
87917.4079154849,40,1,POINT (15.3125 48.85416667)
268.30844896321474,40,1,POINT (15.35416667 48.85416667)
1078.281167538067,40,1,POINT (15.39583333 48.85416667)
172.42815554705345,40,1,POINT (15.4375 48.85416667)
329797.63111985294,40,1,POINT (15.47916667 48.85416667)
9647.471612518766,40,1,POINT (15.52083333 48.85416667)
0.0,40,1,POINT (15.5625 48.85416667)
0.0,40,1,POINT (15.60416667 48.85416667)
0.0,40,1,POINT (15.64583333 48.85416667)
0.0,40,1,POINT (15.6875 48.85416667)
0.0,40,1,POINT (15.72916667 48.85416667)
0.0,40,1,POINT (15.77083333 48.85416667)
0.0,40,1,POINT (15.8125 48.85416667)
2611168.036549901,40,1,POINT (14.97916667 48.8125)
372034.83438300894,40,1,POINT (15.02083333 48.8125)
2048461.905499009,40,1,POINT (15.0625 48.8125)
15134.85662364399,40,1,POINT (15.10416667 48.8125)
44.98081667036093,40,1,POINT (15.14583333 48.8125)
749.7666371336602,40,1,POINT (15.1875 48.8125)
30588.424201608585,40,1,POINT (15.22916667 48.8125)
104561725.97752522,40,1,POINT (15.27083333 48.8125)
4416547.560851909,40,1,POINT (15.3125 48.8125)
87737.13544661658,40,1,POINT (15.35416667 48.8125)
4898042.692904649,40,1,POINT (15.39583333 48.8125)
72046.79731409259,40,1,POINT (15.4375 48.8125)
928.035016090066,40,1,POINT (15.47916667 48.8125)
13.227463283656139,40,1,POINT (15.52083333 48.8125)
0.0,40,1,POINT (15.5625 48.8125)
0.0,40,1,POINT (15.60416667 48.8125)
2625.337000213978,40,1,POINT (15.64583333 48.8125)
33351.50337308867,40,1,POINT (15.6875 48.8125)
0.0,40,1,POINT (15.72916667 48.8125)
16.13514962360719,40,1,POINT (15.77083333 48.8125)
11697.170327562333,40,1,POINT (15.8125 48.8125)
3.786583436906587e-06,40,1,POINT (15.85416667 48.8125)
4.481921308845637,40,1,POINT (15.89583333 48.8125)
0.0,40,1,POINT (14.8125 48.77083333)
0.011514770743008043,40,1,POINT (14.85416667 48.77083333)
1172435558.9250164,40,1,POINT (14.97916667 48.77083333)
12064487.954747275,40,1,POINT (15.02083333 48.77083333)
1224283.8763632989,40,1,POINT (15.0625 48.77083333)
26374.31852381343,40,1,POINT (15.10416667 48.77083333)
13726.695186819536,40,1,POINT (15.14583333 48.77083333)
848825.4147969065,40,1,POINT (15.1875 48.77083333)
7852.849924840221,40,1,POINT (15.22916667 48.77083333)
148927.1872301673,40,1,POINT (15.27083333 48.77083333)
20579.30335575157,40,1,POINT (15.3125 48.77083333)
78082.58471223952,40,1,POINT (15.35416667 48.77083333)
5169778.2286610585,40,1,POINT (15.39583333 48.77083333)
71473.69227972488,40,1,POINT (15.4375 48.77083333)
1.0166535695072498,40,1,POINT (15.47916667 48.77083333)
0.0,40,1,POINT (15.52083333 48.77083333)
0.0,40,1,POINT (15.5625 48.77083333)
7.927409470835842e-05,40,1,POINT (15.60416667 48.77083333)
252.31658301922485,40,1,POINT (15.64583333 48.77083333)
2782.0201614188113,40,1,POINT (15.6875 48.77083333)
4.005193374302608e-08,40,1,POINT (15.72916667 48.77083333)
211.19671478146998,40,1,POINT (15.77083333 48.77083333)
172184.4849648618,40,1,POINT (15.8125 48.77083333)
68.00562245147847,40,1,POINT (15.85416667 48.77083333)
1386.9290294706668,40,1,POINT (15.89583333 48.77083333)
7533624.674668936,40,1,POINT (15.9375 48.77083333)
7635013.005788607,40,1,POINT (15.97916667 48.77083333)
5918.295648224822,40,1,POINT (16.4375 48.77083333)
15585.15223296516,40,1,POINT (16.47916667 48.77083333)
10694.702084332788,40,1,POINT (16.52083333 48.77083333)
621.3994727069384,40,1,POINT (16.5625 48.77083333)
65504.06579642252,40,1,POINT (16.60416667 48.77083333)
273575.5548008292,40,1,POINT (16.64583333 48.77083333)
0.0,40,1,POINT (13.8125 48.72916667)
0.0,40,1,POINT (13.85416667 48.72916667)
0.0,40,1,POINT (13.89583333 48.72916667)
7.312637010843189e-08,40,1,POINT (14.8125 48.72916667)
452.240494229478,40,1,POINT (14.85416667 48.72916667)
449665.1346335424,40,1,POINT (14.89583333 48.72916667)
497602.9059537339,40,1,POINT (14.9375 48.72916667)
9244342.852363924,40,1,POINT (14.97916667 48.72916667)
211650.03647787156,40,1,POINT (15.02083333 48.72916667)
1092.1313661670526,40,1,POINT (15.0625 48.72916667)
8698.404293341291,40,1,POINT (15.10416667 48.72916667)
18441.41043525531,40,1,POINT (15.14583333 48.72916667)
104652.87745619805,40,1,POINT (15.1875 48.72916667)
3882.414703024695,40,1,POINT (15.22916667 48.72916667)
12.842160612460034,40,1,POINT (15.27083333 48.72916667)
8.221179615232169,40,1,POINT (15.3125 48.72916667)
6148.082731679999,40,1,POINT (15.35416667 48.72916667)
371580.7642530316,40,1,POINT (15.39583333 48.72916667)
1633.262862138371,40,1,POINT (15.4375 48.72916667)
0.0005692007209721976,40,1,POINT (15.47916667 48.72916667)
0.0,40,1,POINT (15.52083333 48.72916667)
0.03268014299106292,40,1,POINT (15.5625 48.72916667)
676.7836533568407,40,1,POINT (15.60416667 48.72916667)
9680.587658915567,40,1,POINT (15.64583333 48.72916667)
3300.0750646067454,40,1,POINT (15.6875 48.72916667)
18.095712294782523,40,1,POINT (15.72916667 48.72916667)
8.068825463078952,40,1,POINT (15.77083333 48.72916667)
3874.2504864738225,40,1,POINT (15.8125 48.72916667)
1590508.5039627554,40,1,POINT (15.85416667 48.72916667)
28844.59414868575,40,1,POINT (15.89583333 48.72916667)
2600262.1186993513,40,1,POINT (15.9375 48.72916667)
2160503.376902366,40,1,POINT (15.97916667 48.72916667)
9518.32355576169,40,1,POINT (16.02083333 48.72916667)
31178.92106557253,40,1,POINT (16.0625 48.72916667)
108016.27465974652,40,1,POINT (16.10416667 48.72916667)
4243.827247796203,40,1,POINT (16.14583333 48.72916667)
8288.725093346837,40,1,POINT (16.1875 48.72916667)
909.1752892380202,40,1,POINT (16.22916667 48.72916667)
16432325.730671503,40,1,POINT (16.27083333 48.72916667)
753198.0005678469,40,1,POINT (16.3125 48.72916667)
169709348.32340384,40,1,POINT (16.39583333 48.72916667)
428278.349637753,40,1,POINT (16.4375 48.72916667)
104134.52781021953,40,1,POINT (16.47916667 48.72916667)
59238.12611214157,40,1,POINT (16.52083333 48.72916667)
6.279525590737691,40,1,POINT (16.5625 48.72916667)
3462.9559397677704,40,1,POINT (16.60416667 48.72916667)
5188.896874983031,40,1,POINT (16.64583333 48.72916667)
19.55614546322853,40,1,POINT (16.6875 48.72916667)
361.0595630942941,40,1,POINT (16.72916667 48.72916667)
0.0,40,1,POINT (13.8125 48.6875)
0.0,40,1,POINT (13.85416667 48.6875)
0.0,40,1,POINT (13.89583333 48.6875)
0.004585009835510914,40,1,POINT (13.9375 48.6875)
0.038471122485743414,40,1,POINT (13.97916667 48.6875)
0.0,40,1,POINT (14.72916667 48.6875)
0.0,40,1,POINT (14.77083333 48.6875)
4.005193373982049e-08,40,1,POINT (14.8125 48.6875)
2440.794831992549,40,1,POINT (14.85416667 48.6875)
3258990.543645519,40,1,POINT (14.89583333 48.6875)
9476.382911560782,40,1,POINT (14.9375 48.6875)
1713.9578274934763,40,1,POINT (14.97916667 48.6875)
128.615690486651,40,1,POINT (15.02083333 48.6875)
0.035312490459938166,40,1,POINT (15.0625 48.6875)
1.409030124886985,40,1,POINT (15.10416667 48.6875)
164.97724848204987,40,1,POINT (15.14583333 48.6875)
455.47349752871276,40,1,POINT (15.1875 48.6875)
233.19378901535313,40,1,POINT (15.22916667 48.6875)
3.5162191490952586e-09,40,1,POINT (15.27083333 48.6875)
0.05282596249740228,40,1,POINT (15.3125 48.6875)
368729.2020146258,40,1,POINT (15.35416667 48.6875)
1350990.468285148,40,1,POINT (15.39583333 48.6875)
18.300865229624414,40,1,POINT (15.4375 48.6875)
0.0,40,1,POINT (15.47916667 48.6875)
0.0,40,1,POINT (15.52083333 48.6875)
19.81389748686893,40,1,POINT (15.5625 48.6875)
223299.88162115982,40,1,POINT (15.60416667 48.6875)
85477479.88235524,40,1,POINT (15.64583333 48.6875)
3488680.246865132,40,1,POINT (15.6875 48.6875)
193624.42386293152,40,1,POINT (15.72916667 48.6875)
91639.79583807358,40,1,POINT (15.77083333 48.6875)
177580.4677579657,40,1,POINT (15.8125 48.6875)
6745512.235364824,40,1,POINT (15.85416667 48.6875)
26231.086134397872,40,1,POINT (15.89583333 48.6875)
368.2192329145397,40,1,POINT (15.9375 48.6875)
148.82787539138766,40,1,POINT (15.97916667 48.6875)
1614.3558983379241,40,1,POINT (16.02083333 48.6875)
16087.860945401173,40,1,POINT (16.0625 48.6875)
441025.6836285833,40,1,POINT (16.10416667 48.6875)
1244.3225150519706,40,1,POINT (16.14583333 48.6875)
671.435111559107,40,1,POINT (16.1875 48.6875)
687.8323647079695,40,1,POINT (16.22916667 48.6875)
977051.1870237754,40,1,POINT (16.27083333 48.6875)
82793.34127428394,40,1,POINT (16.3125 48.6875)
286575.1859313315,40,1,POINT (16.35416667 48.6875)
4144436.8463502745,40,1,POINT (16.39583333 48.6875)
35021.13879414984,40,1,POINT (16.4375 48.6875)
918443.5673812733,40,1,POINT (16.47916667 48.6875)
58446.19387347995,40,1,POINT (16.52083333 48.6875)
9.804402798679686,40,1,POINT (16.5625 48.6875)
458952.549568518,40,1,POINT (16.60416667 48.6875)
684071.2703153661,40,1,POINT (16.64583333 48.6875)
20.310695695436987,40,1,POINT (16.6875 48.6875)
50.78162460875942,40,1,POINT (16.72916667 48.6875)
835.7852579263096,40,1,POINT (16.77083333 48.6875)
2777.7360841799946,40,1,POINT (16.8125 48.6875)
148210.5720197973,40,1,POINT (16.85416667 48.6875)
41926.84614159789,40,1,POINT (16.89583333 48.6875)
0.0,40,1,POINT (13.8125 48.64583333)
0.0,40,1,POINT (13.85416667 48.64583333)
0.0,40,1,POINT (13.89583333 48.64583333)
39074.71336334755,40,1,POINT (13.9375 48.64583333)
752065.627606898,40,1,POINT (13.97916667 48.64583333)
0.0,40,1,POINT (14.72916667 48.64583333)
0.0,40,1,POINT (14.77083333 48.64583333)
0.0,40,1,POINT (14.8125 48.64583333)
0.4515017587737302,40,1,POINT (14.85416667 48.64583333)
22.16424593067019,40,1,POINT (14.89583333 48.64583333)
0.6216486526585124,40,1,POINT (14.9375 48.64583333)
6.076026688664009e-06,40,1,POINT (14.97916667 48.64583333)
0.0,40,1,POINT (15.02083333 48.64583333)
0.012717480316792843,40,1,POINT (15.0625 48.64583333)
64165.97518722825,40,1,POINT (15.10416667 48.64583333)
495693.2137995963,40,1,POINT (15.14583333 48.64583333)
318714.9449537487,40,1,POINT (15.1875 48.64583333)
2874.850548716976,40,1,POINT (15.22916667 48.64583333)
0.027294271390312565,40,1,POINT (15.27083333 48.64583333)
2.8129753188625145e-05,40,1,POINT (15.3125 48.64583333)
2.7358061669595437,40,1,POINT (15.35416667 48.64583333)
10.057316681459916,40,1,POINT (15.39583333 48.64583333)
0.017504837025980626,40,1,POINT (15.4375 48.64583333)
0.0,40,1,POINT (15.47916667 48.64583333)
0.0,40,1,POINT (15.52083333 48.64583333)
20.12448962056579,40,1,POINT (15.5625 48.64583333)
225215.28948221038,40,1,POINT (15.60416667 48.64583333)
100905513.9966278,40,1,POINT (15.64583333 48.64583333)
3501576.88640915,40,1,POINT (15.6875 48.64583333)
7827.1948814954985,40,1,POINT (15.72916667 48.64583333)
62533.07272581372,40,1,POINT (15.77083333 48.64583333)
91246505.11481696,40,1,POINT (15.8125 48.64583333)
1328054.7658608647,40,1,POINT (15.85416667 48.64583333)
806.2873728493618,40,1,POINT (15.89583333 48.64583333)
2.8833906173290096,40,1,POINT (15.9375 48.64583333)
0.03040362953579951,40,1,POINT (15.97916667 48.64583333)
3.251525603260083,40,1,POINT (16.02083333 48.64583333)
1261.0210515969925,40,1,POINT (16.0625 48.64583333)
22897.496331228063,40,1,POINT (16.10416667 48.64583333)
0.8259075320802621,40,1,POINT (16.14583333 48.64583333)
0.0,40,1,POINT (16.1875 48.64583333)
0.16680215080221986,40,1,POINT (16.22916667 48.64583333)
16.435569379112835,40,1,POINT (16.27083333 48.64583333)
20.91080464091908,40,1,POINT (16.3125 48.64583333)
77.22940087173846,40,1,POINT (16.35416667 48.64583333)
314.8408446715113,40,1,POINT (16.39583333 48.64583333)
79.1268624057137,40,1,POINT (16.4375 48.64583333)
44125.14986777072,40,1,POINT (16.47916667 48.64583333)
3579.6247205925033,40,1,POINT (16.52083333 48.64583333)
2204.097697981017,40,1,POINT (16.5625 48.64583333)
605345.2159210688,40,1,POINT (16.60416667 48.64583333)
758962.3184912142,40,1,POINT (16.64583333 48.64583333)
953.3267673215022,40,1,POINT (16.6875 48.64583333)
65139.65502548566,40,1,POINT (16.72916667 48.64583333)
10086.571088246747,40,1,POINT (16.77083333 48.64583333)
127064.40041142463,40,1,POINT (16.8125 48.64583333)
50216.021854675935,40,1,POINT (16.85416667 48.64583333)
181310.3279418958,40,1,POINT (16.89583333 48.64583333)
0.0,40,1,POINT (13.8125 48.60416667)
0.0,40,1,POINT (13.85416667 48.60416667)
0.0,40,1,POINT (13.89583333 48.60416667)
1517.4842818389436,40,1,POINT (13.9375 48.60416667)
180806.62083529675,40,1,POINT (13.97916667 48.60416667)
6959.083205236204,40,1,POINT (14.02083333 48.60416667)
207058.08527270315,40,1,POINT (14.4375 48.60416667)
326.75837429522323,40,1,POINT (14.47916667 48.60416667)
0.05202719645632624,40,1,POINT (14.52083333 48.60416667)
1.2060631680625773e-06,40,1,POINT (14.5625 48.60416667)
0.0,40,1,POINT (14.72916667 48.60416667)
0.0,40,1,POINT (14.77083333 48.60416667)
0.0,40,1,POINT (14.8125 48.60416667)
1.557285478270288,40,1,POINT (14.85416667 48.60416667)
19.922657555037695,40,1,POINT (14.89583333 48.60416667)
825.4056640438374,40,1,POINT (14.9375 48.60416667)
824.4025379668445,40,1,POINT (14.97916667 48.60416667)
0.0,40,1,POINT (15.02083333 48.60416667)
0.2423413399449652,40,1,POINT (15.0625 48.60416667)
42820.91194965398,40,1,POINT (15.10416667 48.60416667)
113211041.88699733,40,1,POINT (15.14583333 48.60416667)
242780479.18556118,40,1,POINT (15.1875 48.60416667)
42745.57707303749,40,1,POINT (15.22916667 48.60416667)
1.4671472564017394,40,1,POINT (15.27083333 48.60416667)
160.32182468379432,40,1,POINT (15.3125 48.60416667)
159.64961665246597,40,1,POINT (15.35416667 48.60416667)
0.0,40,1,POINT (15.39583333 48.60416667)
0.0,40,1,POINT (15.4375 48.60416667)
0.0,40,1,POINT (15.47916667 48.60416667)
0.0,40,1,POINT (15.52083333 48.60416667)
0.017736515705961447,40,1,POINT (15.5625 48.60416667)
760.2630926342699,40,1,POINT (15.60416667 48.60416667)
38862.351256103444,40,1,POINT (15.64583333 48.60416667)
6788.395116117214,40,1,POINT (15.6875 48.60416667)
11.427757730889184,40,1,POINT (15.72916667 48.60416667)
2004.5391051470635,40,1,POINT (15.77083333 48.60416667)
264502.6454980375,40,1,POINT (15.8125 48.60416667)
16774.04884032139,40,1,POINT (15.85416667 48.60416667)
179.66398285818593,40,1,POINT (15.89583333 48.60416667)
1271834.3218844517,40,1,POINT (15.9375 48.60416667)
2904.2343244974345,40,1,POINT (15.97916667 48.60416667)
3750.403495061614,40,1,POINT (16.02083333 48.60416667)
2049933.8761729684,40,1,POINT (16.0625 48.60416667)
605451.3180496012,40,1,POINT (16.10416667 48.60416667)
465.8129248023644,40,1,POINT (16.14583333 48.60416667)
2.56332375942001e-06,40,1,POINT (16.1875 48.60416667)
0.0,40,1,POINT (16.22916667 48.60416667)
0.0,40,1,POINT (16.27083333 48.60416667)
0.0,40,1,POINT (16.3125 48.60416667)
0.0,40,1,POINT (16.35416667 48.60416667)
0.0,40,1,POINT (16.39583333 48.60416667)
0.0,40,1,POINT (16.4375 48.60416667)
9.514738435638712,40,1,POINT (16.47916667 48.60416667)
23531.36258368303,40,1,POINT (16.52083333 48.60416667)
2981142.4404124543,40,1,POINT (16.5625 48.60416667)
373257.35000934167,40,1,POINT (16.60416667 48.60416667)
141585.1900835932,40,1,POINT (16.64583333 48.60416667)
30315.947088961606,40,1,POINT (16.6875 48.60416667)
401206.820782004,40,1,POINT (16.72916667 48.60416667)
516272.7054711945,40,1,POINT (16.77083333 48.60416667)
1841321.2008375234,40,1,POINT (16.8125 48.60416667)
264751.7904641928,40,1,POINT (16.85416667 48.60416667)
35310158.16964667,40,1,POINT (16.89583333 48.60416667)
381182.09599177254,40,1,POINT (16.9375 48.60416667)
190107538.5472195,40,1,POINT (13.47916667 48.5625)
621897.8992457688,40,1,POINT (13.52083333 48.5625)
292.08296377273075,40,1,POINT (13.5625 48.5625)
3.6178763407017395e-05,40,1,POINT (13.60416667 48.5625)
0.0,40,1,POINT (13.77083333 48.5625)
0.0,40,1,POINT (13.8125 48.5625)
0.0,40,1,POINT (13.85416667 48.5625)
0.0,40,1,POINT (13.89583333 48.5625)
14.977005153556656,40,1,POINT (13.9375 48.5625)
2556856.812941648,40,1,POINT (13.97916667 48.5625)
141284.884854147,40,1,POINT (14.02083333 48.5625)
11593.45910957642,40,1,POINT (14.0625 48.5625)
0.0,40,1,POINT (14.10416667 48.5625)
0.0,40,1,POINT (14.14583333 48.5625)
0.0,40,1,POINT (14.1875 48.5625)
0.021993706452979357,40,1,POINT (14.22916667 48.5625)
2443.897361736935,40,1,POINT (14.27083333 48.5625)
0.9035143221965755,40,1,POINT (14.35416667 48.5625)
41.29279136143827,40,1,POINT (14.39583333 48.5625)
2753.9161331153164,40,1,POINT (14.4375 48.5625)
5164.665149275342,40,1,POINT (14.47916667 48.5625)
3780.7680076521624,40,1,POINT (14.52083333 48.5625)
37.773543722273686,40,1,POINT (14.5625 48.5625)
6.684662247556607e-07,40,1,POINT (14.60416667 48.5625)
0.0,40,1,POINT (14.64583333 48.5625)
0.0,40,1,POINT (14.6875 48.5625)
0.0,40,1,POINT (14.72916667 48.5625)
0.0,40,1,POINT (14.77083333 48.5625)
0.0,40,1,POINT (14.8125 48.5625)
19.922657554431197,40,1,POINT (14.85416667 48.5625)
255.38001296659792,40,1,POINT (14.89583333 48.5625)
10469.326495810812,40,1,POINT (14.9375 48.5625)
10452.961073076249,40,1,POINT (14.97916667 48.5625)
0.0,40,1,POINT (15.02083333 48.5625)
0.0013961688748261303,40,1,POINT (15.0625 48.5625)
1663.1796392518065,40,1,POINT (15.10416667 48.5625)
305984.05430703855,40,1,POINT (15.14583333 48.5625)
691482.3584300335,40,1,POINT (15.1875 48.5625)
4439.273912436249,40,1,POINT (15.22916667 48.5625)
0.14220261159190087,40,1,POINT (15.27083333 48.5625)
53946.51056001529,40,1,POINT (15.3125 48.5625)
13896.73411397479,40,1,POINT (15.35416667 48.5625)
1.5075789600194553e-07,40,1,POINT (15.39583333 48.5625)
0.02421307409490196,40,1,POINT (15.4375 48.5625)
68.84511010284444,40,1,POINT (15.47916667 48.5625)
29.273623288984037,40,1,POINT (15.52083333 48.5625)
0.0016526356912751547,40,1,POINT (15.5625 48.5625)
0.0024579951399490815,40,1,POINT (15.60416667 48.5625)
125.13148101564973,40,1,POINT (15.64583333 48.5625)
9.361935086521216,40,1,POINT (15.6875 48.5625)
1.2070521045524155e-07,40,1,POINT (15.72916667 48.5625)
0.28054039364611444,40,1,POINT (15.77083333 48.5625)
8643.529994832254,40,1,POINT (15.8125 48.5625)
740.953664976989,40,1,POINT (15.85416667 48.5625)
728.0486999007419,40,1,POINT (15.89583333 48.5625)
51887.45230941927,40,1,POINT (15.9375 48.5625)
873.6842487263809,40,1,POINT (15.97916667 48.5625)
21464.431127073374,40,1,POINT (16.02083333 48.5625)
179610245.16769508,40,1,POINT (16.0625 48.5625)
37656313.00105759,40,1,POINT (16.10416667 48.5625)
3172.082364717169,40,1,POINT (16.14583333 48.5625)
0.00011254005513203962,40,1,POINT (16.1875 48.5625)
0.0,40,1,POINT (16.22916667 48.5625)
0.0,40,1,POINT (16.27083333 48.5625)
1.4834049535245626e-09,40,1,POINT (16.3125 48.5625)
635.1192421282399,40,1,POINT (16.35416667 48.5625)
85.890208977558,40,1,POINT (16.39583333 48.5625)
1.8542561917276156e-07,40,1,POINT (16.4375 48.5625)
14032.312132044013,40,1,POINT (16.47916667 48.5625)
551220.785034721,40,1,POINT (16.52083333 48.5625)
467880850.6254525,40,1,POINT (16.5625 48.5625)
24707600.820727423,40,1,POINT (16.60416667 48.5625)
199219.81524145903,40,1,POINT (16.64583333 48.5625)
1036.9666997043694,40,1,POINT (16.6875 48.5625)
219099.40655622593,40,1,POINT (16.72916667 48.5625)
11253788.91162557,40,1,POINT (16.77083333 48.5625)
283060.0557899743,40,1,POINT (16.8125 48.5625)
6496170.350838553,40,1,POINT (16.85416667 48.5625)
4728950.947462894,40,1,POINT (16.89583333 48.5625)
19335.12447093232,40,1,POINT (16.9375 48.5625)
979231.3515164262,40,1,POINT (13.47916667 48.52083333)
12142.886580754483,40,1,POINT (13.52083333 48.52083333)
65.76943692567716,40,1,POINT (13.5625 48.52083333)
115.67915662505007,40,1,POINT (13.60416667 48.52083333)
0.13071931332732806,40,1,POINT (13.64583333 48.52083333)
0.0,40,1,POINT (13.6875 48.52083333)
0.0,40,1,POINT (13.72916667 48.52083333)
0.0,40,1,POINT (13.77083333 48.52083333)
0.0,40,1,POINT (13.8125 48.52083333)
0.0,40,1,POINT (13.85416667 48.52083333)
0.0,40,1,POINT (13.89583333 48.52083333)
0.023085613148115733,40,1,POINT (13.9375 48.52083333)
202.1085438978798,40,1,POINT (13.97916667 48.52083333)
116.73835036448106,40,1,POINT (14.02083333 48.52083333)
0.0003098531871221847,40,1,POINT (14.0625 48.52083333)
0.0,40,1,POINT (14.10416667 48.52083333)
0.0,40,1,POINT (14.14583333 48.52083333)
0.0,40,1,POINT (14.1875 48.52083333)
1.079000874612345,40,1,POINT (14.22916667 48.52083333)
1278311.560142637,40,1,POINT (14.27083333 48.52083333)
3626047.105355955,40,1,POINT (14.3125 48.52083333)
18.340494634177386,40,1,POINT (14.35416667 48.52083333)
1.854256191697931e-07,40,1,POINT (14.39583333 48.52083333)
1108.5410219505382,40,1,POINT (14.4375 48.52083333)
11515933.890033748,40,1,POINT (14.47916667 48.52083333)
25426525.657654595,40,1,POINT (14.52083333 48.52083333)
18238.36719256369,40,1,POINT (14.5625 48.52083333)
1610.5921014113653,40,1,POINT (14.60416667 48.52083333)
0.0,40,1,POINT (14.64583333 48.52083333)
0.0,40,1,POINT (14.6875 48.52083333)
0.0,40,1,POINT (14.72916667 48.52083333)
0.0,40,1,POINT (14.77083333 48.52083333)
0.0,40,1,POINT (14.8125 48.52083333)
0.0,40,1,POINT (14.85416667 48.52083333)
0.0,40,1,POINT (14.89583333 48.52083333)
0.0,40,1,POINT (14.9375 48.52083333)
0.0,40,1,POINT (14.97916667 48.52083333)
0.0,40,1,POINT (15.02083333 48.52083333)
5.494092419142157e-11,40,1,POINT (15.0625 48.52083333)
0.3816199513143345,40,1,POINT (15.10416667 48.52083333)
109.56268261019525,40,1,POINT (15.14583333 48.52083333)
141.76805792676723,40,1,POINT (15.1875 48.52083333)
1.4760002833799006,40,1,POINT (15.22916667 48.52083333)
0.0013678690245447504,40,1,POINT (15.27083333 48.52083333)
173689.00799252954,40,1,POINT (15.3125 48.52083333)
14007.114318042813,40,1,POINT (15.35416667 48.52083333)
9.65641683695438e-07,40,1,POINT (15.39583333 48.52083333)
8.211891896954732,40,1,POINT (15.4375 48.52083333)
2061014.6091039039,40,1,POINT (15.47916667 48.52083333)
1073228.266942808,40,1,POINT (15.52083333 48.52083333)
85.13756711273618,40,1,POINT (15.5625 48.52083333)
34.21917799274193,40,1,POINT (15.60416667 48.52083333)
127.16819862952234,40,1,POINT (15.64583333 48.52083333)
286.3967600072423,40,1,POINT (15.6875 48.52083333)
7.959212739060204,40,1,POINT (15.72916667 48.52083333)
3.744070149619513e-05,40,1,POINT (15.77083333 48.52083333)
932.9264568173998,40,1,POINT (15.8125 48.52083333)
80.26738699608562,40,1,POINT (15.85416667 48.52083333)
72282.03960399741,40,1,POINT (15.89583333 48.52083333)
2108417.3060056525,40,1,POINT (15.9375 48.52083333)
4081.230324482056,40,1,POINT (15.97916667 48.52083333)
11379.222471532074,40,1,POINT (16.02083333 48.52083333)
483234.122721382,40,1,POINT (16.0625 48.52083333)
817263.8258217531,40,1,POINT (16.10416667 48.52083333)
8398.50811441542,40,1,POINT (16.14583333 48.52083333)
0.00016065863512617734,40,1,POINT (16.1875 48.52083333)
44287.69778653114,40,1,POINT (16.22916667 48.52083333)
7475.177867044017,40,1,POINT (16.27083333 48.52083333)
2.0506590074993275e-05,40,1,POINT (16.3125 48.52083333)
462128.7982138341,40,1,POINT (16.35416667 48.52083333)
59716.00479588092,40,1,POINT (16.39583333 48.52083333)
5.006491717504288e-06,40,1,POINT (16.4375 48.52083333)
97282.94318506717,40,1,POINT (16.47916667 48.52083333)
186480.83203409569,40,1,POINT (16.52083333 48.52083333)
3180609.0657697464,40,1,POINT (16.5625 48.52083333)
7905866.824988264,40,1,POINT (16.60416667 48.52083333)
638622.7387547574,40,1,POINT (16.64583333 48.52083333)
118.24304470377461,40,1,POINT (16.6875 48.52083333)
172099.7838230205,40,1,POINT (16.72916667 48.52083333)
4675079.6530754175,40,1,POINT (16.77083333 48.52083333)
30142.192844996953,40,1,POINT (16.8125 48.52083333)
51085.63657455134,40,1,POINT (16.85416667 48.52083333)
164627.57526244788,40,1,POINT (16.89583333 48.52083333)
133550.71328344298,40,1,POINT (13.47916667 48.47916667)
59.2693271839998,40,1,POINT (13.52083333 48.47916667)
13453.269198686181,40,1,POINT (13.5625 48.47916667)
84749.69724317233,40,1,POINT (13.60416667 48.47916667)
96.00997877975118,40,1,POINT (13.64583333 48.47916667)
0.0,40,1,POINT (13.6875 48.47916667)
0.0,40,1,POINT (13.72916667 48.47916667)
0.0,40,1,POINT (13.77083333 48.47916667)
0.0,40,1,POINT (13.8125 48.47916667)
0.0,40,1,POINT (13.85416667 48.47916667)
0.0,40,1,POINT (13.89583333 48.47916667)
0.0,40,1,POINT (13.9375 48.47916667)
12593.609629755641,40,1,POINT (13.97916667 48.47916667)
12593.609629755641,40,1,POINT (14.02083333 48.47916667)
0.0,40,1,POINT (14.0625 48.47916667)
0.0,40,1,POINT (14.10416667 48.47916667)
0.0,40,1,POINT (14.14583333 48.47916667)
0.0,40,1,POINT (14.1875 48.47916667)
0.018364299714748993,40,1,POINT (14.22916667 48.47916667)
794.0006155160021,40,1,POINT (14.27083333 48.47916667)
1426.1564835537342,40,1,POINT (14.3125 48.47916667)
0.31988174075997844,40,1,POINT (14.35416667 48.47916667)
6.867615524572296e-09,40,1,POINT (14.39583333 48.47916667)
546.2521073977283,40,1,POINT (14.4375 48.47916667)
4091841.3663625065,40,1,POINT (14.47916667 48.47916667)
6340081.846720131,40,1,POINT (14.52083333 48.47916667)
14271.858110106406,40,1,POINT (14.5625 48.47916667)
1598.5560873125228,40,1,POINT (14.60416667 48.47916667)
0.0,40,1,POINT (14.64583333 48.47916667)
0.0,40,1,POINT (14.6875 48.47916667)
0.0,40,1,POINT (14.72916667 48.47916667)
0.0,40,1,POINT (14.77083333 48.47916667)
0.0,40,1,POINT (14.8125 48.47916667)
0.0,40,1,POINT (14.85416667 48.47916667)
0.0,40,1,POINT (14.89583333 48.47916667)
0.0,40,1,POINT (14.9375 48.47916667)
0.0,40,1,POINT (14.97916667 48.47916667)
0.0,40,1,POINT (15.02083333 48.47916667)
0.0,40,1,POINT (15.0625 48.47916667)
0.0,40,1,POINT (15.10416667 48.47916667)
0.0,40,1,POINT (15.14583333 48.47916667)
0.0,40,1,POINT (15.1875 48.47916667)
0.0,40,1,POINT (15.22916667 48.47916667)
5.49409241951394e-08,40,1,POINT (15.27083333 48.47916667)
0.0016526356911359065,40,1,POINT (15.3125 48.47916667)
5.3309123805520835e-05,40,1,POINT (15.35416667 48.47916667)
0.0,40,1,POINT (15.39583333 48.47916667)
0.6059983486224019,40,1,POINT (15.4375 48.47916667)
14264.47808073701,40,1,POINT (15.47916667 48.47916667)
54768.04193940713,40,1,POINT (15.52083333 48.47916667)
322004.14493588713,40,1,POINT (15.5625 48.47916667)
458186.1857577155,40,1,POINT (15.60416667 48.47916667)
1159295.677474906,40,1,POINT (15.64583333 48.47916667)
6109772.945426836,40,1,POINT (15.6875 48.47916667)
264817.62845318037,40,1,POINT (15.72916667 48.47916667)
7.6673396943014644,40,1,POINT (15.77083333 48.47916667)
76.05647253213557,40,1,POINT (15.8125 48.47916667)
15.766594624930383,40,1,POINT (15.85416667 48.47916667)
690.5018275826532,40,1,POINT (15.89583333 48.47916667)
25353.029522982255,40,1,POINT (15.9375 48.47916667)
8334257.238324182,40,1,POINT (15.97916667 48.47916667)
57411.49014163085,40,1,POINT (16.02083333 48.47916667)
8434.371565954698,40,1,POINT (16.0625 48.47916667)
237873.93944335435,40,1,POINT (16.10416667 48.47916667)
19992.304419426055,40,1,POINT (16.14583333 48.47916667)
653.3235591499761,40,1,POINT (16.1875 48.47916667)
22721.38133420202,40,1,POINT (16.22916667 48.47916667)
474.29332676968244,40,1,POINT (16.27083333 48.47916667)
3.6686897288372156,40,1,POINT (16.3125 48.47916667)
4.699259620071947,40,1,POINT (16.35416667 48.47916667)
2.2796971239883503,40,1,POINT (16.39583333 48.47916667)
0.37922485405284434,40,1,POINT (16.4375 48.47916667)
5.477813580797003,40,1,POINT (16.47916667 48.47916667)
2782.696997121006,40,1,POINT (16.52083333 48.47916667)
2570208.165514344,40,1,POINT (16.5625 48.47916667)
14934152.353256922,40,1,POINT (16.60416667 48.47916667)
48060.40399655319,40,1,POINT (16.64583333 48.47916667)
465.3333645205794,40,1,POINT (16.6875 48.47916667)
229771.31033224348,40,1,POINT (16.72916667 48.47916667)
90129.77439528005,40,1,POINT (16.77083333 48.47916667)
81598.91412737627,40,1,POINT (16.8125 48.47916667)
5281357.308453246,40,1,POINT (16.85416667 48.47916667)
192481.56792402003,40,1,POINT (13.47916667 48.4375)
30.39252115758334,40,1,POINT (13.52083333 48.4375)
0.0,40,1,POINT (13.5625 48.4375)
0.0,40,1,POINT (13.60416667 48.4375)
0.0,40,1,POINT (13.64583333 48.4375)
0.0,40,1,POINT (13.6875 48.4375)
0.0,40,1,POINT (13.72916667 48.4375)
0.0,40,1,POINT (13.77083333 48.4375)
0.0,40,1,POINT (13.8125 48.4375)
0.0,40,1,POINT (13.85416667 48.4375)
0.0,40,1,POINT (13.89583333 48.4375)
0.0,40,1,POINT (13.9375 48.4375)
0.0023962048957924522,40,1,POINT (13.97916667 48.4375)
968.206615826677,40,1,POINT (14.02083333 48.4375)
830.4335020197499,40,1,POINT (14.0625 48.4375)
0.0,40,1,POINT (14.10416667 48.4375)
0.0,40,1,POINT (14.14583333 48.4375)
0.0,40,1,POINT (14.1875 48.4375)
8.3558278095679e-05,40,1,POINT (14.22916667 48.4375)
875.1442706554411,40,1,POINT (14.27083333 48.4375)
10023.876657579656,40,1,POINT (14.3125 48.4375)
0.01565213703722117,40,1,POINT (14.35416667 48.4375)
4.005193374409466e-08,40,1,POINT (14.39583333 48.4375)
1.1778573189631738,40,1,POINT (14.4375 48.4375)
760.4531109027151,40,1,POINT (14.47916667 48.4375)
764.5461655757448,40,1,POINT (14.52083333 48.4375)
4.286419175905146,40,1,POINT (14.5625 48.4375)
1417.0724056109757,40,1,POINT (14.60416667 48.4375)
1.938730719588879,40,1,POINT (14.64583333 48.4375)
0.0,40,1,POINT (14.6875 48.4375)
0.0,40,1,POINT (14.72916667 48.4375)
14599.786454062003,40,1,POINT (14.77083333 48.4375)
1146.2181156483732,40,1,POINT (14.8125 48.4375)
0.0,40,1,POINT (14.85416667 48.4375)
0.0,40,1,POINT (14.89583333 48.4375)
0.0,40,1,POINT (14.9375 48.4375)
0.0,40,1,POINT (14.97916667 48.4375)
0.0,40,1,POINT (15.02083333 48.4375)
0.0,40,1,POINT (15.0625 48.4375)
0.0,40,1,POINT (15.10416667 48.4375)
0.0,40,1,POINT (15.14583333 48.4375)
0.0,40,1,POINT (15.1875 48.4375)
0.0,40,1,POINT (15.22916667 48.4375)
0.0,40,1,POINT (15.27083333 48.4375)
0.0,40,1,POINT (15.3125 48.4375)
0.0,40,1,POINT (15.35416667 48.4375)
0.0,40,1,POINT (15.39583333 48.4375)
1.1867239626296859e-08,40,1,POINT (15.4375 48.4375)
6.769195791258886,40,1,POINT (15.47916667 48.4375)
94034.14303628895,40,1,POINT (15.52083333 48.4375)
73584429.5047342,40,1,POINT (15.5625 48.4375)
663676090.3458959,40,1,POINT (15.60416667 48.4375)
145647901.29596427,40,1,POINT (15.64583333 48.4375)
3452524.571143566,40,1,POINT (15.6875 48.4375)
484154.72459770966,40,1,POINT (15.72916667 48.4375)
86660.67329008391,40,1,POINT (15.77083333 48.4375)
255.15054729906186,40,1,POINT (15.8125 48.4375)
24.567967632805413,40,1,POINT (15.85416667 48.4375)
2900567.8507299875,40,1,POINT (15.89583333 48.4375)
64769.24058526182,40,1,POINT (15.9375 48.4375)
355862.816649675,40,1,POINT (15.97916667 48.4375)
257086.94741537445,40,1,POINT (16.02083333 48.4375)
24125.364073049852,40,1,POINT (16.0625 48.4375)
502.9429449910459,40,1,POINT (16.10416667 48.4375)
103276.09381590164,40,1,POINT (16.14583333 48.4375)
1516716.3318908482,40,1,POINT (16.1875 48.4375)
1894946.5787963225,40,1,POINT (16.22916667 48.4375)
373026.8165328018,40,1,POINT (16.27083333 48.4375)
141250.85645763398,40,1,POINT (16.3125 48.4375)
94980.64548687788,40,1,POINT (16.35416667 48.4375)
85961.27336857283,40,1,POINT (16.39583333 48.4375)
213567.5912698134,40,1,POINT (16.4375 48.4375)
161638.05233067664,40,1,POINT (16.47916667 48.4375)
106823.0535028219,40,1,POINT (16.52083333 48.4375)
413629.01403603883,40,1,POINT (16.5625 48.4375)
3842659.302424557,40,1,POINT (16.60416667 48.4375)
509455.08610786084,40,1,POINT (16.64583333 48.4375)
226378.24709592471,40,1,POINT (16.6875 48.4375)
131378.42083787208,40,1,POINT (16.72916667 48.4375)
14854.687140098893,40,1,POINT (16.77083333 48.4375)
5475.333168290525,40,1,POINT (16.8125 48.4375)
58933.62573829004,40,1,POINT (16.85416667 48.4375)
34227232.55191257,40,1,POINT (13.4375 48.39583333)
19814.732588197472,40,1,POINT (13.47916667 48.39583333)
3.7232148236971043,40,1,POINT (13.52083333 48.39583333)
4700.539607215285,40,1,POINT (13.5625 48.39583333)
6.447928130610803,40,1,POINT (13.60416667 48.39583333)
0.0,40,1,POINT (13.64583333 48.39583333)
0.0,40,1,POINT (13.6875 48.39583333)
0.21180398931561661,40,1,POINT (13.72916667 48.39583333)
11.60807025646494,40,1,POINT (13.77083333 48.39583333)
0.41115209930472235,40,1,POINT (13.8125 48.39583333)
0.0,40,1,POINT (13.85416667 48.39583333)
0.0,40,1,POINT (13.89583333 48.39583333)
0.014470050582408764,40,1,POINT (13.9375 48.39583333)
1166.6992791466573,40,1,POINT (13.97916667 48.39583333)
149546.4774552028,40,1,POINT (14.02083333 48.39583333)
4220.254351771335,40,1,POINT (14.0625 48.39583333)
0.00020065875957858985,40,1,POINT (14.10416667 48.39583333)
1.0814022110905567e-06,40,1,POINT (14.14583333 48.39583333)
0.24905195491911403,40,1,POINT (14.1875 48.39583333)
1379.4252443969303,40,1,POINT (14.22916667 48.39583333)
131452.11908190764,40,1,POINT (14.27083333 48.39583333)
315797.15400870156,40,1,POINT (14.3125 48.39583333)
22764.409040902883,40,1,POINT (14.35416667 48.39583333)
590.9341320896664,40,1,POINT (14.39583333 48.39583333)
413.679666633298,40,1,POINT (14.4375 48.39583333)
2890.790247509495,40,1,POINT (14.47916667 48.39583333)
30474.787253239858,40,1,POINT (14.52083333 48.39583333)
59.59934026686672,40,1,POINT (14.5625 48.39583333)
1430.6406426251704,40,1,POINT (14.60416667 48.39583333)
3.687712526535085,40,1,POINT (14.64583333 48.39583333)
0.020421264567923758,40,1,POINT (14.6875 48.39583333)
2.7829226335015137e-06,40,1,POINT (14.72916667 48.39583333)
19.905899395678777,40,1,POINT (14.77083333 48.39583333)
1.560352005936356,40,1,POINT (14.8125 48.39583333)
0.0,40,1,POINT (14.85416667 48.39583333)
0.0,40,1,POINT (14.89583333 48.39583333)
0.0,40,1,POINT (14.9375 48.39583333)
0.0,40,1,POINT (14.97916667 48.39583333)
0.0,40,1,POINT (15.02083333 48.39583333)
0.0,40,1,POINT (15.0625 48.39583333)
0.0,40,1,POINT (15.10416667 48.39583333)
0.0,40,1,POINT (15.14583333 48.39583333)
0.0,40,1,POINT (15.1875 48.39583333)
0.0,40,1,POINT (15.22916667 48.39583333)
0.0,40,1,POINT (15.27083333 48.39583333)
0.0,40,1,POINT (15.3125 48.39583333)
0.0,40,1,POINT (15.35416667 48.39583333)
0.0,40,1,POINT (15.39583333 48.39583333)
0.0,40,1,POINT (15.4375 48.39583333)
3.5083135877116414,40,1,POINT (15.47916667 48.39583333)
111361.19565427279,40,1,POINT (15.52083333 48.39583333)
311521022.2932403,40,1,POINT (15.5625 48.39583333)
1910897613.3513384,40,1,POINT (15.60416667 48.39583333)
540082608.2664424,40,1,POINT (15.64583333 48.39583333)
42604771.1104039,40,1,POINT (15.6875 48.39583333)
2001096.126104377,40,1,POINT (15.72916667 48.39583333)
1007525.3786138169,40,1,POINT (15.77083333 48.39583333)
3728.9710997498833,40,1,POINT (15.8125 48.39583333)
79.44258368953064,40,1,POINT (15.85416667 48.39583333)
177551.64404336896,40,1,POINT (15.89583333 48.39583333)
118843.01059914041,40,1,POINT (15.9375 48.39583333)
11327603.209737048,40,1,POINT (15.97916667 48.39583333)
1175340.5850176779,40,1,POINT (16.02083333 48.39583333)
121226.84951154428,40,1,POINT (16.0625 48.39583333)
420146.2124862566,40,1,POINT (16.10416667 48.39583333)
11353047.621963257,40,1,POINT (16.14583333 48.39583333)
1177080307.6049638,40,1,POINT (16.1875 48.39583333)
2092308908.6641676,40,1,POINT (16.22916667 48.39583333)
172797276.6203264,40,1,POINT (16.27083333 48.39583333)
231960651.20793948,40,1,POINT (16.3125 48.39583333)
211318076.70514613,40,1,POINT (16.35416667 48.39583333)
27556469.854465995,40,1,POINT (16.39583333 48.39583333)
1725597.3933933512,40,1,POINT (16.4375 48.39583333)
20982734.488094468,40,1,POINT (16.47916667 48.39583333)
177285892.42108908,40,1,POINT (16.52083333 48.39583333)
1023402.5777646594,40,1,POINT (16.5625 48.39583333)
1539031.456335653,40,1,POINT (16.60416667 48.39583333)
38679318.972584784,40,1,POINT (16.64583333 48.39583333)
58487941.68508446,40,1,POINT (16.6875 48.39583333)
11864095.086123569,40,1,POINT (16.72916667 48.39583333)
312004.48940914625,40,1,POINT (16.77083333 48.39583333)
136976.54388143116,40,1,POINT (16.8125 48.39583333)
31755.23448465514,40,1,POINT (13.39583333 48.35416667)
178547.86563170026,40,1,POINT (13.4375 48.35416667)
2249.605748847746,40,1,POINT (13.47916667 48.35416667)
0.00831912381028466,40,1,POINT (13.52083333 48.35416667)
59714.26241583337,40,1,POINT (13.5625 48.35416667)
81.91256847165056,40,1,POINT (13.60416667 48.35416667)
0.0,40,1,POINT (13.64583333 48.35416667)
0.0005770697447501351,40,1,POINT (13.6875 48.35416667)
2819.636979397258,40,1,POINT (13.72916667 48.35416667)
3483855.4593299082,40,1,POINT (13.77083333 48.35416667)
2737.591261544599,40,1,POINT (13.8125 48.35416667)
0.00012636236754762125,40,1,POINT (13.85416667 48.35416667)
0.0,40,1,POINT (13.89583333 48.35416667)
2.8903274000876613,40,1,POINT (13.9375 48.35416667)
181441.88347025294,40,1,POINT (13.97916667 48.35416667)
8719114.349657064,40,1,POINT (14.02083333 48.35416667)
7373.613955519182,40,1,POINT (14.0625 48.35416667)
0.26237486141533106,40,1,POINT (14.10416667 48.35416667)
30488.141673209095,40,1,POINT (14.14583333 48.35416667)
157654.256426788,40,1,POINT (14.1875 48.35416667)
1935416.670896712,40,1,POINT (14.22916667 48.35416667)
179692671.55628312,40,1,POINT (14.27083333 48.35416667)
625357652.5250012,40,1,POINT (14.3125 48.35416667)
26530852.077065915,40,1,POINT (14.35416667 48.35416667)
2686556.7731055813,40,1,POINT (14.39583333 48.35416667)
1690609.353209976,40,1,POINT (14.4375 48.35416667)
432941.2842311408,40,1,POINT (14.47916667 48.35416667)
5386816.567365947,40,1,POINT (14.52083333 48.35416667)
66744.21663411286,40,1,POINT (14.5625 48.35416667)
10.196109978110439,40,1,POINT (14.60416667 48.35416667)
152466.80007344877,40,1,POINT (14.64583333 48.35416667)
364563.6571554629,40,1,POINT (14.6875 48.35416667)
0.0048741684795124635,40,1,POINT (14.72916667 48.35416667)
0.0,40,1,POINT (14.77083333 48.35416667)
0.0,40,1,POINT (14.8125 48.35416667)
0.0,40,1,POINT (14.85416667 48.35416667)
0.0,40,1,POINT (14.89583333 48.35416667)
0.0,40,1,POINT (14.9375 48.35416667)
0.0,40,1,POINT (14.97916667 48.35416667)
0.0,40,1,POINT (15.02083333 48.35416667)
0.0,40,1,POINT (15.0625 48.35416667)
0.0,40,1,POINT (15.10416667 48.35416667)
0.04967929029079187,40,1,POINT (15.14583333 48.35416667)
3342.72713254899,40,1,POINT (15.1875 48.35416667)
843.1941189581581,40,1,POINT (15.22916667 48.35416667)
7.287968536146813e-06,40,1,POINT (15.27083333 48.35416667)
0.0,40,1,POINT (15.3125 48.35416667)
0.0,40,1,POINT (15.35416667 48.35416667)
0.0,40,1,POINT (15.39583333 48.35416667)
0.0,40,1,POINT (15.4375 48.35416667)
0.021726218376562825,40,1,POINT (15.47916667 48.35416667)
3760.323005383492,40,1,POINT (15.52083333 48.35416667)
840276.1195225532,40,1,POINT (15.5625 48.35416667)
5385800.290432238,40,1,POINT (15.60416667 48.35416667)
3006894.8356750472,40,1,POINT (15.64583333 48.35416667)
4096336.1843546354,40,1,POINT (15.6875 48.35416667)
39433537.9585054,40,1,POINT (15.72916667 48.35416667)
1630417.457104676,40,1,POINT (15.77083333 48.35416667)
100.52680024045888,40,1,POINT (15.8125 48.35416667)
3135.7817608875876,40,1,POINT (15.85416667 48.35416667)
3540033.5611112234,40,1,POINT (15.89583333 48.35416667)
45061931.823967025,40,1,POINT (15.9375 48.35416667)
1731806.9162585223,40,1,POINT (15.97916667 48.35416667)
31507137.444958694,40,1,POINT (16.02083333 48.35416667)
245346444.25199023,40,1,POINT (16.0625 48.35416667)
29208026.0575527,40,1,POINT (16.10416667 48.35416667)
18743641.321300294,40,1,POINT (16.14583333 48.35416667)
237937870.16177294,40,1,POINT (16.1875 48.35416667)
579809220.7868514,40,1,POINT (16.22916667 48.35416667)
401751149.6173969,40,1,POINT (16.27083333 48.35416667)
5095569688.43322,40,1,POINT (16.3125 48.35416667)
2912169566.4396157,40,1,POINT (16.35416667 48.35416667)
492262403.9217071,40,1,POINT (16.39583333 48.35416667)
488920361.0044151,40,1,POINT (16.4375 48.35416667)
833176190.7832931,40,1,POINT (16.47916667 48.35416667)
324106319.00558627,40,1,POINT (16.52083333 48.35416667)
16972645.47865845,40,1,POINT (16.5625 48.35416667)
27770006.24389505,40,1,POINT (16.60416667 48.35416667)
115795623.95227623,40,1,POINT (16.64583333 48.35416667)
83336790.3329217,40,1,POINT (16.6875 48.35416667)
883966934.7624323,40,1,POINT (16.72916667 48.35416667)
16483536.662483227,40,1,POINT (16.77083333 48.35416667)
145092.95664897293,40,1,POINT (16.8125 48.35416667)
1395.8839617816711,40,1,POINT (16.85416667 48.35416667)
3147.279479977575,40,1,POINT (13.3125 48.3125)
4887.294599391904,40,1,POINT (13.35416667 48.3125)
928328.0192796399,40,1,POINT (13.39583333 48.3125)
20433792.549221087,40,1,POINT (13.4375 48.3125)
13825.003232787773,40,1,POINT (13.47916667 48.3125)
97.911508976167,40,1,POINT (13.52083333 48.3125)
1.5795295944037736e-05,40,1,POINT (13.5625 48.3125)
0.0,40,1,POINT (13.60416667 48.3125)
0.0,40,1,POINT (13.64583333 48.3125)
8.942807633052686,40,1,POINT (13.6875 48.3125)
11159.666097181283,40,1,POINT (13.72916667 48.3125)
841241.2611879635,40,1,POINT (13.77083333 48.3125)
4507.080225411382,40,1,POINT (13.8125 48.3125)
21.136677615277964,40,1,POINT (13.85416667 48.3125)
0.10424563875357112,40,1,POINT (13.89583333 48.3125)
13.387574492379942,40,1,POINT (13.9375 48.3125)
141597.58293094195,40,1,POINT (13.97916667 48.3125)
31659948.736808818,40,1,POINT (14.02083333 48.3125)
54271.1872603793,40,1,POINT (14.0625 48.3125)
21.67298236357783,40,1,POINT (14.10416667 48.3125)
275763.39071900334,40,1,POINT (14.14583333 48.3125)
1825739.8398200867,40,1,POINT (14.1875 48.3125)
108652035.3872151,40,1,POINT (14.22916667 48.3125)
8515356463.803072,40,1,POINT (14.27083333 48.3125)
27078710028.91195,40,1,POINT (14.3125 48.3125)
1402538227.786194,40,1,POINT (14.35416667 48.3125)
9955107.888384702,40,1,POINT (14.39583333 48.3125)
114400.47853204337,40,1,POINT (14.4375 48.3125)
131001.51737084545,40,1,POINT (14.47916667 48.3125)
37567.206073190195,40,1,POINT (14.52083333 48.3125)
41992.94856421517,40,1,POINT (14.5625 48.3125)
20462.19121148099,40,1,POINT (14.60416667 48.3125)
17818.083612231785,40,1,POINT (14.64583333 48.3125)
6054.785396193552,40,1,POINT (14.6875 48.3125)
85.97904559379312,40,1,POINT (14.72916667 48.3125)
1.4834049534058339e-09,40,1,POINT (14.77083333 48.3125)
0.0,40,1,POINT (14.8125 48.3125)
0.0,40,1,POINT (14.85416667 48.3125)
0.0,40,1,POINT (14.89583333 48.3125)
0.0,40,1,POINT (14.9375 48.3125)
0.0,40,1,POINT (14.97916667 48.3125)
0.0,40,1,POINT (15.02083333 48.3125)
0.0,40,1,POINT (15.0625 48.3125)
0.0,40,1,POINT (15.10416667 48.3125)
3.6632666849032613,40,1,POINT (15.14583333 48.3125)
1542850.4666979932,40,1,POINT (15.1875 48.3125)
370432.4992951497,40,1,POINT (15.22916667 48.3125)
0.14628023573226,40,1,POINT (15.27083333 48.3125)
0.03821176748021259,40,1,POINT (15.3125 48.3125)
0.1734547918977782,40,1,POINT (15.35416667 48.3125)
1572.50414598559,40,1,POINT (15.39583333 48.3125)
119.73290621165485,40,1,POINT (15.4375 48.3125)
5.494092419142157e-11,40,1,POINT (15.47916667 48.3125)
16.605718716333033,40,1,POINT (15.52083333 48.3125)
114040.71197776738,40,1,POINT (15.5625 48.3125)
909432.1929896446,40,1,POINT (15.60416667 48.3125)
116803.7418556123,40,1,POINT (15.64583333 48.3125)
8509351.325354695,40,1,POINT (15.6875 48.3125)
7823104.256067142,40,1,POINT (15.72916667 48.3125)
43255.103126085065,40,1,POINT (15.77083333 48.3125)
17.543309181813957,40,1,POINT (15.8125 48.3125)
79053.31467113738,40,1,POINT (15.85416667 48.3125)
67244815.46332555,40,1,POINT (15.89583333 48.3125)
425390923.987713,40,1,POINT (15.9375 48.3125)
14485022.425455602,40,1,POINT (15.97916667 48.3125)
294183082.0698599,40,1,POINT (16.02083333 48.3125)
1480191254.950043,40,1,POINT (16.0625 48.3125)
149165074.33861962,40,1,POINT (16.10416667 48.3125)
30715428.536056362,40,1,POINT (16.14583333 48.3125)
103540167.7987555,40,1,POINT (16.1875 48.3125)
85044017.75838883,40,1,POINT (16.22916667 48.3125)
581890969.8695246,40,1,POINT (16.27083333 48.3125)
5105477862.998966,40,1,POINT (16.3125 48.3125)
8435817675.87446,40,1,POINT (16.35416667 48.3125)
5094229083.508344,40,1,POINT (16.39583333 48.3125)
5218339043.54478,40,1,POINT (16.4375 48.3125)
3651270972.874781,40,1,POINT (16.47916667 48.3125)
299950083.538591,40,1,POINT (16.52083333 48.3125)
536950558.0496444,40,1,POINT (16.5625 48.3125)
314835038.7631103,40,1,POINT (16.60416667 48.3125)
479547314.2831104,40,1,POINT (16.64583333 48.3125)
148727327.12865728,40,1,POINT (16.6875 48.3125)
96551183.16250102,40,1,POINT (16.72916667 48.3125)
1374766.776553553,40,1,POINT (16.77083333 48.3125)
39311.57701637684,40,1,POINT (16.8125 48.3125)
20784.67668520807,40,1,POINT (16.85416667 48.3125)
21892.69640303858,40,1,POINT (16.89583333 48.3125)
158334540.5469336,40,1,POINT (13.0625 48.27083333)
167338.38048009845,40,1,POINT (13.10416667 48.27083333)
18.64354934483128,40,1,POINT (13.14583333 48.27083333)
31.676387318932182,40,1,POINT (13.1875 48.27083333)
971301.7102825841,40,1,POINT (13.22916667 48.27083333)
22265.186255178396,40,1,POINT (13.27083333 48.27083333)
658.4892827580443,40,1,POINT (13.3125 48.27083333)
4263.888108750039,40,1,POINT (13.35416667 48.27083333)
41638.46362072632,40,1,POINT (13.39583333 48.27083333)
1216300.4607623732,40,1,POINT (13.4375 48.27083333)
628460.2895476234,40,1,POINT (13.47916667 48.27083333)
69269.35588917237,40,1,POINT (13.52083333 48.27083333)
6390.416302987212,40,1,POINT (13.5625 48.27083333)
305.74589683627295,40,1,POINT (13.60416667 48.27083333)
0.009443224954080983,40,1,POINT (13.64583333 48.27083333)
7901.160664683915,40,1,POINT (13.6875 48.27083333)
3028472.0910009313,40,1,POINT (13.72916667 48.27083333)
21175.935381513256,40,1,POINT (13.77083333 48.27083333)
150409.26823837342,40,1,POINT (13.8125 48.27083333)
120964.44778439104,40,1,POINT (13.85416667 48.27083333)
5436.453535708227,40,1,POINT (13.89583333 48.27083333)
3601.0173765781374,40,1,POINT (13.9375 48.27083333)
32160.659578558803,40,1,POINT (13.97916667 48.27083333)
1067023.6851311233,40,1,POINT (14.02083333 48.27083333)
34214.369901746686,40,1,POINT (14.0625 48.27083333)
19315.413191410717,40,1,POINT (14.10416667 48.27083333)
1526825.7626426797,40,1,POINT (14.14583333 48.27083333)
161826961.17506087,40,1,POINT (14.1875 48.27083333)
1828867813.5288084,40,1,POINT (14.22916667 48.27083333)
19134632337.64287,40,1,POINT (14.27083333 48.27083333)
41159437560.82592,40,1,POINT (14.3125 48.27083333)
9527587575.829922,40,1,POINT (14.35416667 48.27083333)
95321982.94394967,40,1,POINT (14.39583333 48.27083333)
5652079.70158403,40,1,POINT (14.4375 48.27083333)
5350415.737759271,40,1,POINT (14.47916667 48.27083333)
3481785.3130337265,40,1,POINT (14.52083333 48.27083333)
16947049.008999538,40,1,POINT (14.5625 48.27083333)
23715210.306599744,40,1,POINT (14.60416667 48.27083333)
18166079.44546789,40,1,POINT (14.64583333 48.27083333)
69691.47812041381,40,1,POINT (14.6875 48.27083333)
67033.62408586996,40,1,POINT (14.72916667 48.27083333)
0.3489947611901404,40,1,POINT (14.77083333 48.27083333)
1.4715693315907508,40,1,POINT (14.8125 48.27083333)
45.42946374099327,40,1,POINT (14.85416667 48.27083333)
0.5707687661822485,40,1,POINT (14.89583333 48.27083333)
0.0,40,1,POINT (14.9375 48.27083333)
0.0,40,1,POINT (14.97916667 48.27083333)
0.00015731168897360545,40,1,POINT (15.02083333 48.27083333)
0.8299298019883494,40,1,POINT (15.0625 48.27083333)
1.3777300405103043,40,1,POINT (15.10416667 48.27083333)
24.790315420059077,40,1,POINT (15.14583333 48.27083333)
4118.625221594258,40,1,POINT (15.1875 48.27083333)
5093.098025481504,40,1,POINT (15.22916667 48.27083333)
2761.990593742133,40,1,POINT (15.27083333 48.27083333)
3830.5289522166877,40,1,POINT (15.3125 48.27083333)
7111.500152676902,40,1,POINT (15.35416667 48.27083333)
14140.740334889117,40,1,POINT (15.39583333 48.27083333)
627.565372757694,40,1,POINT (15.4375 48.27083333)
0.0029438793780741292,40,1,POINT (15.47916667 48.27083333)
1976.9259471353942,40,1,POINT (15.52083333 48.27083333)
3165439.176595013,40,1,POINT (15.5625 48.27083333)
1945370.1620640098,40,1,POINT (15.60416667 48.27083333)
10256450.735930568,40,1,POINT (15.64583333 48.27083333)
486629959.5186102,40,1,POINT (15.6875 48.27083333)
21252409.02071624,40,1,POINT (15.72916667 48.27083333)
150964.74421646632,40,1,POINT (15.77083333 48.27083333)
25.962174954554527,40,1,POINT (15.8125 48.27083333)
17585.69361353294,40,1,POINT (15.85416667 48.27083333)
10990126.984898064,40,1,POINT (15.89583333 48.27083333)
43563741.98814322,40,1,POINT (15.9375 48.27083333)
14671026.32444084,40,1,POINT (15.97916667 48.27083333)
32634815.892355103,40,1,POINT (16.02083333 48.27083333)
8911936.487812355,40,1,POINT (16.0625 48.27083333)
4368279.488019498,40,1,POINT (16.10416667 48.27083333)
2117186.8225462693,40,1,POINT (16.14583333 48.27083333)
1329640.028149511,40,1,POINT (16.1875 48.27083333)
12038410.29676655,40,1,POINT (16.22916667 48.27083333)
429490591.45933753,40,1,POINT (16.27083333 48.27083333)
5460056193.738691,40,1,POINT (16.3125 48.27083333)
24121660139.52691,40,1,POINT (16.35416667 48.27083333)
44861155203.60827,40,1,POINT (16.39583333 48.27083333)
40721885421.07179,40,1,POINT (16.4375 48.27083333)
20480984591.160004,40,1,POINT (16.47916667 48.27083333)
1451330385.9757175,40,1,POINT (16.52083333 48.27083333)
300436854.088258,40,1,POINT (16.5625 48.27083333)
20095392.758085415,40,1,POINT (16.60416667 48.27083333)
9258767.711929586,40,1,POINT (16.64583333 48.27083333)
60116253.05896427,40,1,POINT (16.6875 48.27083333)
24858348.921445478,40,1,POINT (16.72916667 48.27083333)
142709.67395945915,40,1,POINT (16.77083333 48.27083333)
134458.61571584805,40,1,POINT (16.8125 48.27083333)
15951.607808475042,40,1,POINT (16.85416667 48.27083333)
4318398.241770437,40,1,POINT (16.89583333 48.27083333)
5897237.654627617,40,1,POINT (16.9375 48.27083333)
896476.5230316255,40,1,POINT (12.97916667 48.22916667)
1148424195.4037957,40,1,POINT (13.02083333 48.22916667)
410887933.9105187,40,1,POINT (13.0625 48.22916667)
481515.52002686757,40,1,POINT (13.10416667 48.22916667)
2173.145685281915,40,1,POINT (13.14583333 48.22916667)
38.160036752975074,40,1,POINT (13.1875 48.22916667)
1100716.9730714536,40,1,POINT (13.22916667 48.22916667)
15393.106741524558,40,1,POINT (13.27083333 48.22916667)
1820.9737863112177,40,1,POINT (13.3125 48.22916667)
161286.356618933,40,1,POINT (13.35416667 48.22916667)
4040.3002779926746,40,1,POINT (13.39583333 48.22916667)
896487.1264956773,40,1,POINT (13.4375 48.22916667)
207753002.11704057,40,1,POINT (13.47916667 48.22916667)
5032604.118261094,40,1,POINT (13.52083333 48.22916667)
1703.8508167846019,40,1,POINT (13.5625 48.22916667)
150.17714857445503,40,1,POINT (13.60416667 48.22916667)
90959.94615614327,40,1,POINT (13.64583333 48.22916667)
1283.3825467083136,40,1,POINT (13.6875 48.22916667)
5980.830800607346,40,1,POINT (13.72916667 48.22916667)
619499.5926795999,40,1,POINT (13.77083333 48.22916667)
26729886.28953995,40,1,POINT (13.8125 48.22916667)
34668302.027517125,40,1,POINT (13.85416667 48.22916667)
1282076.531138265,40,1,POINT (13.89583333 48.22916667)
4829519.986534842,40,1,POINT (13.9375 48.22916667)
1682319.9814315299,40,1,POINT (13.97916667 48.22916667)
6517595.496607578,40,1,POINT (14.02083333 48.22916667)
13160853.37041249,40,1,POINT (14.0625 48.22916667)
13542945.440955563,40,1,POINT (14.10416667 48.22916667)
85862904.02019382,40,1,POINT (14.14583333 48.22916667)
3092537072.317504,40,1,POINT (14.1875 48.22916667)
7429910960.753909,40,1,POINT (14.22916667 48.22916667)
10675968010.275713,40,1,POINT (14.27083333 48.22916667)
4510136739.479047,40,1,POINT (14.3125 48.22916667)
999164222.8840811,40,1,POINT (14.35416667 48.22916667)
342200581.58263427,40,1,POINT (14.39583333 48.22916667)
221752834.76342133,40,1,POINT (14.4375 48.22916667)
1309603444.903798,40,1,POINT (14.47916667 48.22916667)
547873183.3937163,40,1,POINT (14.52083333 48.22916667)
2780779.581157846,40,1,POINT (14.5625 48.22916667)
26711945.83405613,40,1,POINT (14.60416667 48.22916667)
53892795.19125183,40,1,POINT (14.64583333 48.22916667)
275449.4414673869,40,1,POINT (14.6875 48.22916667)
588800.411815477,40,1,POINT (14.72916667 48.22916667)
90150.4095517653,40,1,POINT (14.77083333 48.22916667)
4637.458792302883,40,1,POINT (14.8125 48.22916667)
5111248.89435013,40,1,POINT (14.85416667 48.22916667)
3495.4266695147603,40,1,POINT (14.89583333 48.22916667)
0.009961970567622073,40,1,POINT (14.9375 48.22916667)
1.8844737000484137e-05,40,1,POINT (14.97916667 48.22916667)
136.56178176491483,40,1,POINT (15.02083333 48.22916667)
38443.83523751414,40,1,POINT (15.0625 48.22916667)
46357.76064381659,40,1,POINT (15.10416667 48.22916667)
46700.04628648833,40,1,POINT (15.14583333 48.22916667)
3231791.180856058,40,1,POINT (15.1875 48.22916667)
12391963.127291985,40,1,POINT (15.22916667 48.22916667)
223371.2502600243,40,1,POINT (15.27083333 48.22916667)
11774561.452043803,40,1,POINT (15.3125 48.22916667)
24759203.18526405,40,1,POINT (15.35416667 48.22916667)
6252391.875994298,40,1,POINT (15.39583333 48.22916667)
70049.39877130241,40,1,POINT (15.4375 48.22916667)
404.8782699072417,40,1,POINT (15.47916667 48.22916667)
46080.155343006794,40,1,POINT (15.52083333 48.22916667)
7002573.357530544,40,1,POINT (15.5625 48.22916667)
740715556.8419071,40,1,POINT (15.60416667 48.22916667)
2762899956.9447303,40,1,POINT (15.64583333 48.22916667)
299152551.2301935,40,1,POINT (15.6875 48.22916667)
4735283.659890313,40,1,POINT (15.72916667 48.22916667)
779228.8933762193,40,1,POINT (15.77083333 48.22916667)
8181.29206044159,40,1,POINT (15.8125 48.22916667)
29986.71302859201,40,1,POINT (15.85416667 48.22916667)
4685003.4991766615,40,1,POINT (15.89583333 48.22916667)
1051027.3667069038,40,1,POINT (15.9375 48.22916667)
205457.59981507246,40,1,POINT (15.97916667 48.22916667)
612506.1788959575,40,1,POINT (16.02083333 48.22916667)
146866.772118077,40,1,POINT (16.0625 48.22916667)
295895.0176911128,40,1,POINT (16.10416667 48.22916667)
83241521.03487475,40,1,POINT (16.14583333 48.22916667)
157207354.5683661,40,1,POINT (16.1875 48.22916667)
813180272.8097994,40,1,POINT (16.22916667 48.22916667)
6167849853.16982,40,1,POINT (16.27083333 48.22916667)
35684793367.85835,40,1,POINT (16.3125 48.22916667)
54576846729.64825,40,1,POINT (16.35416667 48.22916667)
56625514656.498085,40,1,POINT (16.39583333 48.22916667)
52233967942.57856,40,1,POINT (16.4375 48.22916667)
40122319477.48141,40,1,POINT (16.47916667 48.22916667)
8894270422.580854,40,1,POINT (16.52083333 48.22916667)
814941206.1442319,40,1,POINT (16.5625 48.22916667)
12681164.486468751,40,1,POINT (16.60416667 48.22916667)
743740.0457980012,40,1,POINT (16.64583333 48.22916667)
60631921.57729088,40,1,POINT (16.6875 48.22916667)
2892225.388165517,40,1,POINT (16.72916667 48.22916667)
121906.94376552758,40,1,POINT (16.77083333 48.22916667)
5812620.277009897,40,1,POINT (16.8125 48.22916667)
199410.49716468574,40,1,POINT (16.85416667 48.22916667)
1425723.0306593776,40,1,POINT (16.89583333 48.22916667)
23237217.759644978,40,1,POINT (16.9375 48.22916667)
250022483.9572181,40,1,POINT (12.85416667 48.1875)
1763394.3294684684,40,1,POINT (12.89583333 48.1875)
2021.8132499423753,40,1,POINT (12.9375 48.1875)
62391.23507335811,40,1,POINT (12.97916667 48.1875)
3295198.5178031507,40,1,POINT (13.02083333 48.1875)
1059680.932850547,40,1,POINT (13.0625 48.1875)
291009.8678426673,40,1,POINT (13.10416667 48.1875)
489185.8349079878,40,1,POINT (13.14583333 48.1875)
15.199845992499755,40,1,POINT (13.1875 48.1875)
1.74517969274761,40,1,POINT (13.22916667 48.1875)
0.10050214520186632,40,1,POINT (13.27083333 48.1875)
2.782922633320918e-06,40,1,POINT (13.3125 48.1875)
15652.137036151827,40,1,POINT (13.35416667 48.1875)
1427.3127875667728,40,1,POINT (13.39583333 48.1875)
931109.1882364673,40,1,POINT (13.4375 48.1875)
186338293.98910132,40,1,POINT (13.47916667 48.1875)
3032508.376086259,40,1,POINT (13.52083333 48.1875)
665.3322503066676,40,1,POINT (13.5625 48.1875)
1007.1128059473824,40,1,POINT (13.60416667 48.1875)
2392408.3731386466,40,1,POINT (13.64583333 48.1875)
10457.86890783077,40,1,POINT (13.6875 48.1875)
9810.673380116668,40,1,POINT (13.72916667 48.1875)
7511.4255019182365,40,1,POINT (13.77083333 48.1875)
86834.99581926115,40,1,POINT (13.8125 48.1875)
53652.32843733955,40,1,POINT (13.85416667 48.1875)
35829.33471345724,40,1,POINT (13.89583333 48.1875)
835805.4966489846,40,1,POINT (13.9375 48.1875)
157469274.81221113,40,1,POINT (13.97916667 48.1875)
3643455820.3191643,40,1,POINT (14.02083333 48.1875)
4429460368.201074,40,1,POINT (14.0625 48.1875)
945033580.6118151,40,1,POINT (14.10416667 48.1875)
241227688.95732513,40,1,POINT (14.14583333 48.1875)
110864065.45305344,40,1,POINT (14.1875 48.1875)
541409587.0082647,40,1,POINT (14.22916667 48.1875)
1159622940.4706025,40,1,POINT (14.27083333 48.1875)
66750409.470889136,40,1,POINT (14.3125 48.1875)
3448488.054000063,40,1,POINT (14.35416667 48.1875)
2352383.2475734553,40,1,POINT (14.39583333 48.1875)
19456313.746716324,40,1,POINT (14.4375 48.1875)
244995297.76046875,40,1,POINT (14.47916667 48.1875)
1241271928.7075791,40,1,POINT (14.52083333 48.1875)
5874447.225445089,40,1,POINT (14.5625 48.1875)
61175.67073479505,40,1,POINT (14.60416667 48.1875)
18322.258010189256,40,1,POINT (14.64583333 48.1875)
279281.3164310214,40,1,POINT (14.6875 48.1875)
1205133.015628952,40,1,POINT (14.72916667 48.1875)
139510.37249640672,40,1,POINT (14.77083333 48.1875)
6086.285752523932,40,1,POINT (14.8125 48.1875)
189508.63074433463,40,1,POINT (14.85416667 48.1875)
66431.32142660103,40,1,POINT (14.89583333 48.1875)
2173.5283935959733,40,1,POINT (14.9375 48.1875)
6.079824996902509,40,1,POINT (14.97916667 48.1875)
9037.481479640226,40,1,POINT (15.02083333 48.1875)
40904205.84939299,40,1,POINT (15.0625 48.1875)
90487896.40991177,40,1,POINT (15.10416667 48.1875)
691616.139085583,40,1,POINT (15.14583333 48.1875)
6787372.962464203,40,1,POINT (15.1875 48.1875)
12585462.5809468,40,1,POINT (15.22916667 48.1875)
29440.764291232488,40,1,POINT (15.27083333 48.1875)
177854.4485832722,40,1,POINT (15.3125 48.1875)
832672.3915720079,40,1,POINT (15.35416667 48.1875)
66132087.29883598,40,1,POINT (15.39583333 48.1875)
2138450.1650955146,40,1,POINT (15.4375 48.1875)
41999.838225572974,40,1,POINT (15.47916667 48.1875)
1353738.0366632645,40,1,POINT (15.52083333 48.1875)
45783077.58055456,40,1,POINT (15.5625 48.1875)
4600059227.658865,40,1,POINT (15.60416667 48.1875)
4328640799.748388,40,1,POINT (15.64583333 48.1875)
40044858.31526399,40,1,POINT (15.6875 48.1875)
982214.6486007865,40,1,POINT (15.72916667 48.1875)
28178516.136400677,40,1,POINT (15.77083333 48.1875)
779818.1473721369,40,1,POINT (15.8125 48.1875)
160365.5833920463,40,1,POINT (15.85416667 48.1875)
85902420.37647788,40,1,POINT (15.89583333 48.1875)
17795297.181649476,40,1,POINT (15.9375 48.1875)
3591941.862868026,40,1,POINT (15.97916667 48.1875)
266249.9463981609,40,1,POINT (16.02083333 48.1875)
3321533.17448243,40,1,POINT (16.0625 48.1875)
14088651.967810323,40,1,POINT (16.10416667 48.1875)
8501320.363128979,40,1,POINT (16.14583333 48.1875)
166775542.2093415,40,1,POINT (16.1875 48.1875)
1952990383.656168,40,1,POINT (16.22916667 48.1875)
26021557524.051662,40,1,POINT (16.27083333 48.1875)
56052602081.236374,40,1,POINT (16.3125 48.1875)
58202375721.35486,40,1,POINT (16.35416667 48.1875)
56336880062.16304,40,1,POINT (16.39583333 48.1875)
47426279296.091125,40,1,POINT (16.4375 48.1875)
27963896682.13828,40,1,POINT (16.47916667 48.1875)
6964763315.110231,40,1,POINT (16.52083333 48.1875)
1585958150.836791,40,1,POINT (16.5625 48.1875)
111387332.00889517,40,1,POINT (16.60416667 48.1875)
2772488.459131257,40,1,POINT (16.64583333 48.1875)
1665694.406303309,40,1,POINT (16.6875 48.1875)
161316.7716416177,40,1,POINT (16.72916667 48.1875)
1113679.5675598443,40,1,POINT (16.77083333 48.1875)
448133.9721633521,40,1,POINT (16.8125 48.1875)
206910.43083626233,40,1,POINT (16.85416667 48.1875)
421228.34238824673,40,1,POINT (16.89583333 48.1875)
12807230.798309423,40,1,POINT (16.9375 48.1875)
59148051.19427744,40,1,POINT (12.8125 48.14583333)
104947201.85697293,40,1,POINT (12.85416667 48.14583333)
476085.10275488865,40,1,POINT (12.89583333 48.14583333)
69.98159028416922,40,1,POINT (12.9375 48.14583333)
10.390384949889405,40,1,POINT (12.97916667 48.14583333)
427.766638689451,40,1,POINT (13.02083333 48.14583333)
292.9373008701498,40,1,POINT (13.0625 48.14583333)
4348.712608103478,40,1,POINT (13.10416667 48.14583333)
353491.3200213148,40,1,POINT (13.14583333 48.14583333)
17901.46207237714,40,1,POINT (13.1875 48.14583333)
4.193802297222109,40,1,POINT (13.22916667 48.14583333)
0.0,40,1,POINT (13.27083333 48.14583333)
0.0,40,1,POINT (13.3125 48.14583333)
0.0,40,1,POINT (13.35416667 48.14583333)
0.6728352712164316,40,1,POINT (13.39583333 48.14583333)
1830.1729005953678,40,1,POINT (13.4375 48.14583333)
19060.384389535688,40,1,POINT (13.47916667 48.14583333)
3727.051682308362,40,1,POINT (13.52083333 48.14583333)
3.5932527188544845,40,1,POINT (13.5625 48.14583333)
0.012470545915027,40,1,POINT (13.60416667 48.14583333)
2.9438793779190786,40,1,POINT (13.64583333 48.14583333)
0.1777462646155603,40,1,POINT (13.6875 48.14583333)
10552.507208654819,40,1,POINT (13.72916667 48.14583333)
42.78183838131085,40,1,POINT (13.77083333 48.14583333)
107.30649257402858,40,1,POINT (13.8125 48.14583333)
9467.192949920238,40,1,POINT (13.85416667 48.14583333)
76382.45476206063,40,1,POINT (13.89583333 48.14583333)
29907305.940271497,40,1,POINT (13.9375 48.14583333)
924724034.0422448,40,1,POINT (13.97916667 48.14583333)
6032660100.315733,40,1,POINT (14.02083333 48.14583333)
1159621681.6461952,40,1,POINT (14.0625 48.14583333)
27953748.000548918,40,1,POINT (14.10416667 48.14583333)
44338968.646582454,40,1,POINT (14.14583333 48.14583333)
2291392.117785451,40,1,POINT (14.1875 48.14583333)
1167065.8595732173,40,1,POINT (14.22916667 48.14583333)
1326360.6195253062,40,1,POINT (14.27083333 48.14583333)
56871.75935843536,40,1,POINT (14.3125 48.14583333)
1006.196381070091,40,1,POINT (14.35416667 48.14583333)
4139.46585235101,40,1,POINT (14.39583333 48.14583333)
75964.38210172071,40,1,POINT (14.4375 48.14583333)
10003530.571638655,40,1,POINT (14.47916667 48.14583333)
56287501.89279076,40,1,POINT (14.52083333 48.14583333)
1577923.5700432092,40,1,POINT (14.5625 48.14583333)
6491.486147202135,40,1,POINT (14.60416667 48.14583333)
25.71298762731263,40,1,POINT (14.64583333 48.14583333)
214412.19328299788,40,1,POINT (14.6875 48.14583333)
2450918.7614005716,40,1,POINT (14.72916667 48.14583333)
61590.94501972067,40,1,POINT (14.77083333 48.14583333)
456953.65964214737,40,1,POINT (14.8125 48.14583333)
64623489.12610103,40,1,POINT (14.85416667 48.14583333)
194561487.8930576,40,1,POINT (14.89583333 48.14583333)
848293.8639384358,40,1,POINT (14.9375 48.14583333)
123187.20247625152,40,1,POINT (14.97916667 48.14583333)
132928.90701855638,40,1,POINT (15.02083333 48.14583333)
22410914.848158553,40,1,POINT (15.0625 48.14583333)
145360478.05897054,40,1,POINT (15.10416667 48.14583333)
67464198.78031784,40,1,POINT (15.14583333 48.14583333)
202863.6088261367,40,1,POINT (15.1875 48.14583333)
6683.853729613041,40,1,POINT (15.22916667 48.14583333)
1105404.5301010122,40,1,POINT (15.27083333 48.14583333)
576374.3785123277,40,1,POINT (15.3125 48.14583333)
61083.6417776002,40,1,POINT (15.35416667 48.14583333)
20214.910676929958,40,1,POINT (15.39583333 48.14583333)
5445.273599945576,40,1,POINT (15.4375 48.14583333)
6913.869355114464,40,1,POINT (15.47916667 48.14583333)
6033026.71207261,40,1,POINT (15.52083333 48.14583333)
61193379.20236006,40,1,POINT (15.5625 48.14583333)
592510445.7534666,40,1,POINT (15.60416667 48.14583333)
166622166.02167183,40,1,POINT (15.64583333 48.14583333)
7947897.594973164,40,1,POINT (15.6875 48.14583333)
19254.721086206144,40,1,POINT (15.72916667 48.14583333)
6215.307186875967,40,1,POINT (15.77083333 48.14583333)
1711.6721153059316,40,1,POINT (15.8125 48.14583333)
1849.694885646018,40,1,POINT (15.85416667 48.14583333)
27374.993001502353,40,1,POINT (15.89583333 48.14583333)
895406.0042695298,40,1,POINT (15.9375 48.14583333)
520083.96110116417,40,1,POINT (15.97916667 48.14583333)
33847.88460104945,40,1,POINT (16.02083333 48.14583333)
92060.02276840876,40,1,POINT (16.0625 48.14583333)
263709.24607195315,40,1,POINT (16.10416667 48.14583333)
2551806.096253731,40,1,POINT (16.14583333 48.14583333)
75539685.47756909,40,1,POINT (16.1875 48.14583333)
966119755.2118151,40,1,POINT (16.22916667 48.14583333)
25019522220.20979,40,1,POINT (16.27083333 48.14583333)
54651756982.53616,40,1,POINT (16.3125 48.14583333)
50064497262.306015,40,1,POINT (16.35416667 48.14583333)
35497916175.05983,40,1,POINT (16.39583333 48.14583333)
30752378052.79753,40,1,POINT (16.4375 48.14583333)
36508224198.36608,40,1,POINT (16.47916667 48.14583333)
11143783600.52636,40,1,POINT (16.52083333 48.14583333)
2081322548.9418197,40,1,POINT (16.5625 48.14583333)
366231927.37717587,40,1,POINT (16.60416667 48.14583333)
9490025.639010929,40,1,POINT (16.64583333 48.14583333)
94270412.58223327,40,1,POINT (16.6875 48.14583333)
16394907.230912238,40,1,POINT (16.72916667 48.14583333)
70363.82579432007,40,1,POINT (16.77083333 48.14583333)
279281.3164321946,40,1,POINT (16.8125 48.14583333)
830624.9614519696,40,1,POINT (16.85416667 48.14583333)
26248004.82422521,40,1,POINT (16.89583333 48.14583333)
393896322.9977791,40,1,POINT (16.9375 48.14583333)
50400196.560633086,40,1,POINT (16.97916667 48.14583333)
48787.67670777465,40,1,POINT (12.77083333 48.10416667)
316559.35634792375,40,1,POINT (12.8125 48.10416667)
136831.1303302487,40,1,POINT (12.85416667 48.10416667)
1350.098657967552,40,1,POINT (12.89583333 48.10416667)
0.01682192337093506,40,1,POINT (12.9375 48.10416667)
0.0,40,1,POINT (12.97916667 48.10416667)
0.0,40,1,POINT (13.02083333 48.10416667)
0.798114938583776,40,1,POINT (13.0625 48.10416667)
17247.762142368127,40,1,POINT (13.10416667 48.10416667)
103587452.04183961,40,1,POINT (13.14583333 48.10416667)
2877872.2635869444,40,1,POINT (13.1875 48.10416667)
227.83437436477502,40,1,POINT (13.22916667 48.10416667)
0.0,40,1,POINT (13.27083333 48.10416667)
0.0,40,1,POINT (13.3125 48.10416667)
0.0,40,1,POINT (13.35416667 48.10416667)
0.0,40,1,POINT (13.39583333 48.10416667)
0.011283712070368726,40,1,POINT (13.4375 48.10416667)
88.08437964743365,40,1,POINT (13.47916667 48.10416667)
6.2176206727226315,40,1,POINT (13.52083333 48.10416667)
4.005193373510916e-08,40,1,POINT (13.5625 48.10416667)
3.78658343707491e-06,40,1,POINT (13.60416667 48.10416667)
0.007287968536240402,40,1,POINT (13.64583333 48.10416667)
0.04362434514961585,40,1,POINT (13.6875 48.10416667)
233.06418891342304,40,1,POINT (13.72916667 48.10416667)
961.0806557084256,40,1,POINT (13.77083333 48.10416667)
4612.764566199123,40,1,POINT (13.8125 48.10416667)
7788996.431998757,40,1,POINT (13.85416667 48.10416667)
72296882.9287451,40,1,POINT (13.89583333 48.10416667)
11860654.527079018,40,1,POINT (13.9375 48.10416667)
6710800.635456898,40,1,POINT (13.97916667 48.10416667)
12008781.462302621,40,1,POINT (14.02083333 48.10416667)
6487756.274632914,40,1,POINT (14.0625 48.10416667)
208161.7245139829,40,1,POINT (14.10416667 48.10416667)
24883.516863020915,40,1,POINT (14.14583333 48.10416667)
5148.3259522141425,40,1,POINT (14.1875 48.10416667)
456.0813958297981,40,1,POINT (14.22916667 48.10416667)
86.35728461520468,40,1,POINT (14.27083333 48.10416667)
2.6431746707211774,40,1,POINT (14.3125 48.10416667)
3492.538031993377,40,1,POINT (14.35416667 48.10416667)
659638.0262553339,40,1,POINT (14.39583333 48.10416667)
2362443.4344162894,40,1,POINT (14.4375 48.10416667)
623028.6526569638,40,1,POINT (14.47916667 48.10416667)
59435.91795003483,40,1,POINT (14.52083333 48.10416667)
6636860.326715561,40,1,POINT (14.5625 48.10416667)
49048.52931703829,40,1,POINT (14.60416667 48.10416667)
27.366706547576932,40,1,POINT (14.64583333 48.10416667)
14871.233457017337,40,1,POINT (14.6875 48.10416667)
10414297.536013868,40,1,POINT (14.72916667 48.10416667)
8299800.340112102,40,1,POINT (14.77083333 48.10416667)
144538795.2135948,40,1,POINT (14.8125 48.10416667)
405827124.3828624,40,1,POINT (14.85416667 48.10416667)
697314191.8959389,40,1,POINT (14.89583333 48.10416667)
3765289.312940928,40,1,POINT (14.9375 48.10416667)
151914.1373117073,40,1,POINT (14.97916667 48.10416667)
8745.278058989332,40,1,POINT (15.02083333 48.10416667)
99374.81313913749,40,1,POINT (15.0625 48.10416667)
1834852.4244311533,40,1,POINT (15.10416667 48.10416667)
15398117.9549642,40,1,POINT (15.14583333 48.10416667)
30664.338891542768,40,1,POINT (15.1875 48.10416667)
370.50897660446367,40,1,POINT (15.22916667 48.10416667)
4073.371357825208,40,1,POINT (15.27083333 48.10416667)
315760.13371284417,40,1,POINT (15.3125 48.10416667)
1250997.3653851731,40,1,POINT (15.35416667 48.10416667)
239559.21861330277,40,1,POINT (15.39583333 48.10416667)
33160.43857449633,40,1,POINT (15.4375 48.10416667)
164230.50856903283,40,1,POINT (15.47916667 48.10416667)
9552170.403014822,40,1,POINT (15.52083333 48.10416667)
3630032.423137529,40,1,POINT (15.5625 48.10416667)
32255675.615836944,40,1,POINT (15.60416667 48.10416667)
898588.2590365617,40,1,POINT (15.64583333 48.10416667)
5720.5314726618635,40,1,POINT (15.6875 48.10416667)
6.4994268019687125,40,1,POINT (15.72916667 48.10416667)
0.8865672543724678,40,1,POINT (15.77083333 48.10416667)
0.004940034736046381,40,1,POINT (15.8125 48.10416667)
0.00996197056675535,40,1,POINT (15.85416667 48.10416667)
17.055105180616103,40,1,POINT (15.89583333 48.10416667)
107.12631860153435,40,1,POINT (15.9375 48.10416667)
17.41273342503515,40,1,POINT (15.97916667 48.10416667)
67.22954057949103,40,1,POINT (16.02083333 48.10416667)
13053.453386046729,40,1,POINT (16.0625 48.10416667)
8270.055048444907,40,1,POINT (16.10416667 48.10416667)
61883.109295890994,40,1,POINT (16.14583333 48.10416667)
19839796.54676312,40,1,POINT (16.1875 48.10416667)
1111974751.3240502,40,1,POINT (16.22916667 48.10416667)
20528676761.784298,40,1,POINT (16.27083333 48.10416667)
46701436548.91297,40,1,POINT (16.3125 48.10416667)
15936060424.123688,40,1,POINT (16.35416667 48.10416667)
9569930948.384773,40,1,POINT (16.39583333 48.10416667)
9625326166.74362,40,1,POINT (16.4375 48.10416667)
3293112925.7868977,40,1,POINT (16.47916667 48.10416667)
1522452089.5767024,40,1,POINT (16.52083333 48.10416667)
3083392964.7855225,40,1,POINT (16.5625 48.10416667)
2129644643.4046812,40,1,POINT (16.60416667 48.10416667)
50762546.74583544,40,1,POINT (16.64583333 48.10416667)
55738872.512025245,40,1,POINT (16.6875 48.10416667)
5726771.667094017,40,1,POINT (16.72916667 48.10416667)
3719900.8038520934,40,1,POINT (16.77083333 48.10416667)
4460470.920401007,40,1,POINT (16.8125 48.10416667)
1425318.5538447385,40,1,POINT (16.85416667 48.10416667)
3325876.585686349,40,1,POINT (16.89583333 48.10416667)
8686687.984372795,40,1,POINT (16.9375 48.10416667)
13662980.35320656,40,1,POINT (16.97916667 48.10416667)
95002489.43170859,40,1,POINT (17.02083333 48.10416667)
220268684.25809017,40,1,POINT (17.0625 48.10416667)
47078.204497890925,40,1,POINT (12.77083333 48.0625)
2059.241968707939,40,1,POINT (12.8125 48.0625)
14.770079873846088,40,1,POINT (12.85416667 48.0625)
0.04607136067456675,40,1,POINT (12.89583333 48.0625)
0.08075647517591639,40,1,POINT (12.9375 48.0625)
0.00019294197713635454,40,1,POINT (12.97916667 48.0625)
4.368188060589855e-06,40,1,POINT (13.02083333 48.0625)
1.0224299964991006,40,1,POINT (13.0625 48.0625)
3081.6102639363858,40,1,POINT (13.10416667 48.0625)
1163012.4696738846,40,1,POINT (13.14583333 48.0625)
400735.50833886804,40,1,POINT (13.1875 48.0625)
923.0525792401929,40,1,POINT (13.22916667 48.0625)
4.450990284430675,40,1,POINT (13.27083333 48.0625)
6.730499460510618e-05,40,1,POINT (13.3125 48.0625)
0.0,40,1,POINT (13.35416667 48.0625)
0.0,40,1,POINT (13.39583333 48.0625)
0.0,40,1,POINT (13.4375 48.0625)
37054.01857479317,40,1,POINT (13.47916667 48.0625)
2919.5833851440498,40,1,POINT (13.52083333 48.0625)
0.7652138637112608,40,1,POINT (13.5625 48.0625)
516.1112510011127,40,1,POINT (13.60416667 48.0625)
4874.8242266894085,40,1,POINT (13.64583333 48.0625)
3967.260334950181,40,1,POINT (13.6875 48.0625)
65291.17404739784,40,1,POINT (13.72916667 48.0625)
15237176.317685524,40,1,POINT (13.77083333 48.0625)
374168.5896850748,40,1,POINT (13.8125 48.0625)
2756762.8243001346,40,1,POINT (13.85416667 48.0625)
3151812.8751294864,40,1,POINT (13.89583333 48.0625)
118859.55205409993,40,1,POINT (13.9375 48.0625)
830856.7675202704,40,1,POINT (13.97916667 48.0625)
2460945.9142317954,40,1,POINT (14.02083333 48.0625)
10997739.398881191,40,1,POINT (14.0625 48.0625)
265797.0789553237,40,1,POINT (14.10416667 48.0625)
684177.5273921195,40,1,POINT (14.14583333 48.0625)
123749.94558943098,40,1,POINT (14.1875 48.0625)
326158.17621379823,40,1,POINT (14.22916667 48.0625)
11401.739572951703,40,1,POINT (14.27083333 48.0625)
25504.906660688062,40,1,POINT (14.3125 48.0625)
203877.23478838505,40,1,POINT (14.35416667 48.0625)
364109872.4944826,40,1,POINT (14.39583333 48.0625)
2096135883.1671402,40,1,POINT (14.4375 48.0625)
18675241.27244852,40,1,POINT (14.47916667 48.0625)
6518.510788529355,40,1,POINT (14.52083333 48.0625)
379.94232781647736,40,1,POINT (14.5625 48.0625)
26913.52234576725,40,1,POINT (14.60416667 48.0625)
336925.5779753954,40,1,POINT (14.64583333 48.0625)
58442.75872516211,40,1,POINT (14.6875 48.0625)
1918022.6420484874,40,1,POINT (14.72916667 48.0625)
184940228.20141977,40,1,POINT (14.77083333 48.0625)
357702688.46836036,40,1,POINT (14.8125 48.0625)
10674840.017557269,40,1,POINT (14.85416667 48.0625)
442547.24372036586,40,1,POINT (14.89583333 48.0625)
82432.06961725363,40,1,POINT (14.9375 48.0625)
28670.103294815814,40,1,POINT (14.97916667 48.0625)
52124.21165251534,40,1,POINT (15.02083333 48.0625)
34350.371892999196,40,1,POINT (15.0625 48.0625)
1197786.1833340959,40,1,POINT (15.10416667 48.0625)
24738669.82064762,40,1,POINT (15.14583333 48.0625)
40546.59510466065,40,1,POINT (15.1875 48.0625)
37336.13521297667,40,1,POINT (15.22916667 48.0625)
0.06825293843910941,40,1,POINT (15.27083333 48.0625)
14.10742097900198,40,1,POINT (15.3125 48.0625)
48.09357821965108,40,1,POINT (15.35416667 48.0625)
576.2795991185317,40,1,POINT (15.39583333 48.0625)
15041.542177769968,40,1,POINT (15.4375 48.0625)
710616.1280384704,40,1,POINT (15.47916667 48.0625)
27494.295697088983,40,1,POINT (15.52083333 48.0625)
51706.79247634392,40,1,POINT (15.5625 48.0625)
14053621.184304217,40,1,POINT (15.60416667 48.0625)
375455.1247260397,40,1,POINT (15.64583333 48.0625)
64.73429910724441,40,1,POINT (15.6875 48.0625)
669.0767492257037,40,1,POINT (15.72916667 48.0625)
538590.9354095077,40,1,POINT (15.77083333 48.0625)
1445.0239440245853,40,1,POINT (15.8125 48.0625)
3.2563705536327223e-05,40,1,POINT (15.85416667 48.0625)
75.892807625664,40,1,POINT (15.89583333 48.0625)
957.0877117462477,40,1,POINT (15.9375 48.0625)
0.0006175043420246319,40,1,POINT (15.97916667 48.0625)
648.4412121091252,40,1,POINT (16.02083333 48.0625)
9545189.348528625,40,1,POINT (16.0625 48.0625)
1224610.203565222,40,1,POINT (16.10416667 48.0625)
3382.917251352312,40,1,POINT (16.14583333 48.0625)
1388986.6820589073,40,1,POINT (16.1875 48.0625)
280352756.91123366,40,1,POINT (16.22916667 48.0625)
4994525735.292399,40,1,POINT (16.27083333 48.0625)
25579527559.482655,40,1,POINT (16.3125 48.0625)
7181928355.717367,40,1,POINT (16.35416667 48.0625)
650350128.2464708,40,1,POINT (16.39583333 48.0625)
386993658.40659887,40,1,POINT (16.4375 48.0625)
143684232.03999385,40,1,POINT (16.47916667 48.0625)
290291765.9841042,40,1,POINT (16.52083333 48.0625)
292506909.0871253,40,1,POINT (16.5625 48.0625)
745243654.4920311,40,1,POINT (16.60416667 48.0625)
11075643.572689774,40,1,POINT (16.64583333 48.0625)
3748339.128550204,40,1,POINT (16.6875 48.0625)
18861217.486332968,40,1,POINT (16.72916667 48.0625)
48303229.45922628,40,1,POINT (16.77083333 48.0625)
34877892.01237431,40,1,POINT (16.8125 48.0625)
4099373.507208565,40,1,POINT (16.85416667 48.0625)
86306.04634434303,40,1,POINT (16.89583333 48.0625)
4543899.705814296,40,1,POINT (16.9375 48.0625)
5041216.615947057,40,1,POINT (16.97916667 48.0625)
3439280.970556097,40,1,POINT (17.02083333 48.0625)
253.7766392067292,40,1,POINT (12.85416667 48.02083333)
5894.446107063316,40,1,POINT (12.89583333 48.02083333)
117294.95660396686,40,1,POINT (12.9375 48.02083333)
281.3720829443865,40,1,POINT (12.97916667 48.02083333)
21.41690062384289,40,1,POINT (13.02083333 48.02083333)
5141.188403580551,40,1,POINT (13.0625 48.02083333)
13046.499635779137,40,1,POINT (13.10416667 48.02083333)
3352.425314121903,40,1,POINT (13.14583333 48.02083333)
21041.78774490064,40,1,POINT (13.1875 48.02083333)
1711411.0205832564,40,1,POINT (13.22916667 48.02083333)
19941.102388819374,40,1,POINT (13.27083333 48.02083333)
21.76175744067632,40,1,POINT (13.3125 48.02083333)
0.0,40,1,POINT (13.35416667 48.02083333)
1.3124217648827294,40,1,POINT (13.39583333 48.02083333)
1.3124217648827294,40,1,POINT (13.4375 48.02083333)
4546.403174362525,40,1,POINT (13.47916667 48.02083333)
751.5564302774509,40,1,POINT (13.52083333 48.02083333)
25111.673397417657,40,1,POINT (13.5625 48.02083333)
225536.28943873828,40,1,POINT (13.60416667 48.02083333)
33988777.688513294,40,1,POINT (13.64583333 48.02083333)
4661795.409437122,40,1,POINT (13.6875 48.02083333)
3788911.2770079365,40,1,POINT (13.72916667 48.02083333)
3565498.8476605034,40,1,POINT (13.77083333 48.02083333)
4792792.026617607,40,1,POINT (13.8125 48.02083333)
1479803.1983210675,40,1,POINT (13.85416667 48.02083333)
3048713.358697781,40,1,POINT (13.89583333 48.02083333)
8419825.152093943,40,1,POINT (13.9375 48.02083333)
576169.0363457509,40,1,POINT (13.97916667 48.02083333)
43074.06877745808,40,1,POINT (14.02083333 48.02083333)
2590.76321110613,40,1,POINT (14.0625 48.02083333)
9551.656974129693,40,1,POINT (14.10416667 48.02083333)
69643.20418088333,40,1,POINT (14.14583333 48.02083333)
583910.7670035807,40,1,POINT (14.1875 48.02083333)
3069237.304359297,40,1,POINT (14.22916667 48.02083333)
87271.8245617268,40,1,POINT (14.27083333 48.02083333)
34949.1616965815,40,1,POINT (14.3125 48.02083333)
195316.46034512264,40,1,POINT (14.35416667 48.02083333)
344012693.8651348,40,1,POINT (14.39583333 48.02083333)
820332197.8019149,40,1,POINT (14.4375 48.02083333)
3197287.4809708507,40,1,POINT (14.47916667 48.02083333)
1077.082367054045,40,1,POINT (14.52083333 48.02083333)
0.003135293118233625,40,1,POINT (14.5625 48.02083333)
12315.414064631406,40,1,POINT (14.60416667 48.02083333)
83105.70316380734,40,1,POINT (14.64583333 48.02083333)
76152.73530313103,40,1,POINT (14.6875 48.02083333)
10455469.330175862,40,1,POINT (14.72916667 48.02083333)
157761452.27747422,40,1,POINT (14.77083333 48.02083333)
1817591.5311521385,40,1,POINT (14.8125 48.02083333)
47709.99470004316,40,1,POINT (14.85416667 48.02083333)
291.0299015623773,40,1,POINT (14.89583333 48.02083333)
9.402521453927609,40,1,POINT (14.9375 48.02083333)
169550.6846324262,40,1,POINT (14.97916667 48.02083333)
584285.3156792725,40,1,POINT (15.02083333 48.02083333)
461.2363422858212,40,1,POINT (15.0625 48.02083333)
9586.097393947144,40,1,POINT (15.10416667 48.02083333)
525323.441211804,40,1,POINT (15.14583333 48.02083333)
139066.01697872084,40,1,POINT (15.1875 48.02083333)
1.2138330572114926,40,1,POINT (15.22916667 48.02083333)
0.0,40,1,POINT (15.27083333 48.02083333)
0.0,40,1,POINT (15.3125 48.02083333)
0.0,40,1,POINT (15.35416667 48.02083333)
33.219331122263725,40,1,POINT (15.39583333 48.02083333)
25753.744555950627,40,1,POINT (15.4375 48.02083333)
2.8903274000003525,40,1,POINT (15.47916667 48.02083333)
26.293560268184766,40,1,POINT (15.52083333 48.02083333)
84058.44263600624,40,1,POINT (15.5625 48.02083333)
27335647.236259542,40,1,POINT (15.60416667 48.02083333)
142140.47820569994,40,1,POINT (15.64583333 48.02083333)
6.834703685336306,40,1,POINT (15.6875 48.02083333)
821.197996705055,40,1,POINT (15.72916667 48.02083333)
2018405.1575685597,40,1,POINT (15.77083333 48.02083333)
12017.395739514022,40,1,POINT (15.8125 48.02083333)
0.00013517527637261557,40,1,POINT (15.85416667 48.02083333)
0.0,40,1,POINT (15.89583333 48.02083333)
0.0,40,1,POINT (15.9375 48.02083333)
7432.095464880867,40,1,POINT (15.97916667 48.02083333)
37291.56261500422,40,1,POINT (16.02083333 48.02083333)
262267.37095553835,40,1,POINT (16.0625 48.02083333)
65398.48778863218,40,1,POINT (16.10416667 48.02083333)
40211.01656874227,40,1,POINT (16.14583333 48.02083333)
16047339.214739125,40,1,POINT (16.1875 48.02083333)
1802715437.0780554,40,1,POINT (16.22916667 48.02083333)
8361614112.715818,40,1,POINT (16.27083333 48.02083333)
6541436904.199144,40,1,POINT (16.3125 48.02083333)
1251690002.8830721,40,1,POINT (16.35416667 48.02083333)
190851330.06824544,40,1,POINT (16.39583333 48.02083333)
7010424.118668655,40,1,POINT (16.4375 48.02083333)
46232186.50855839,40,1,POINT (16.47916667 48.02083333)
67268769.629036,40,1,POINT (16.52083333 48.02083333)
11185086.65233029,40,1,POINT (16.5625 48.02083333)
54255984.98747108,40,1,POINT (16.60416667 48.02083333)
14480617.87061114,40,1,POINT (16.64583333 48.02083333)
801928.3969582424,40,1,POINT (16.6875 48.02083333)
5684602.082253364,40,1,POINT (16.72916667 48.02083333)
1308630335.397083,40,1,POINT (16.77083333 48.02083333)
415421459.66816795,40,1,POINT (16.8125 48.02083333)
101801992.71090661,40,1,POINT (16.85416667 48.02083333)
4927210.580383681,40,1,POINT (16.89583333 48.02083333)
715914.908623488,40,1,POINT (16.9375 48.02083333)
14820805.56956599,40,1,POINT (16.97916667 48.02083333)
108075.77967901068,40,1,POINT (17.02083333 48.02083333)
38368.537495014054,40,1,POINT (17.0625 48.02083333)
9948.775905969856,40,1,POINT (17.10416667 48.02083333)
210.75211862867593,40,1,POINT (12.85416667 47.97916667)
730580.6016569728,40,1,POINT (12.89583333 47.97916667)
12693944.727881948,40,1,POINT (12.9375 47.97916667)
13834.2025247606,40,1,POINT (12.97916667 47.97916667)
2032.5911975509744,40,1,POINT (13.02083333 47.97916667)
11459321.57196597,40,1,POINT (13.0625 47.97916667)
32927556.17001689,40,1,POINT (13.10416667 47.97916667)
10304.27872348583,40,1,POINT (13.14583333 47.97916667)
54748.307092169496,40,1,POINT (13.1875 47.97916667)
58343541.07030065,40,1,POINT (13.22916667 47.97916667)
10998754.653035143,40,1,POINT (13.27083333 47.97916667)
668.815050363331,40,1,POINT (13.3125 47.97916667)
0.0,40,1,POINT (13.35416667 47.97916667)
956.7554665351176,40,1,POINT (13.39583333 47.97916667)
1040.9443796928617,40,1,POINT (13.4375 47.97916667)
7451.222704397344,40,1,POINT (13.47916667 47.97916667)
3305.3866145266343,40,1,POINT (13.52083333 47.97916667)
170779.9340022438,40,1,POINT (13.5625 47.97916667)
126818106.05060911,40,1,POINT (13.60416667 47.97916667)
81752203.7625968,40,1,POINT (13.64583333 47.97916667)
1626407.899206773,40,1,POINT (13.6875 47.97916667)
912679.7664946878,40,1,POINT (13.72916667 47.97916667)
4267877.8446608,40,1,POINT (13.77083333 47.97916667)
212631749.2472272,40,1,POINT (13.8125 47.97916667)
6967650.294042072,40,1,POINT (13.85416667 47.97916667)
302985.0923784964,40,1,POINT (13.89583333 47.97916667)
470054.16503301094,40,1,POINT (13.9375 47.97916667)
4522.657318949113,40,1,POINT (13.97916667 47.97916667)
96323.57756375085,40,1,POINT (14.02083333 47.97916667)
2.244323149219895,40,1,POINT (14.0625 47.97916667)
14.96315038599235,40,1,POINT (14.10416667 47.97916667)
18.73993975862493,40,1,POINT (14.14583333 47.97916667)
59.79095919729079,40,1,POINT (14.1875 47.97916667)
1857.0943447758873,40,1,POINT (14.22916667 47.97916667)
5043.631216585962,40,1,POINT (14.27083333 47.97916667)
0.1375926612113903,40,1,POINT (14.3125 47.97916667)
3543.1868760663865,40,1,POINT (14.35416667 47.97916667)
389437.1342612512,40,1,POINT (14.39583333 47.97916667)
498857.2339606992,40,1,POINT (14.4375 47.97916667)
14024.351665425696,40,1,POINT (14.47916667 47.97916667)
3.0577623777972645,40,1,POINT (14.52083333 47.97916667)
0.0,40,1,POINT (14.5625 47.97916667)
1.483404953242859e-06,40,1,POINT (14.60416667 47.97916667)
0.01727518467680557,40,1,POINT (14.64583333 47.97916667)
1242.4762743048668,40,1,POINT (14.6875 47.97916667)
3803092.863562887,40,1,POINT (14.72916667 47.97916667)
52337271.580249056,40,1,POINT (14.77083333 47.97916667)
1064358.3284805687,40,1,POINT (14.8125 47.97916667)
494.69383260843887,40,1,POINT (14.85416667 47.97916667)
7.28796853536077e-06,40,1,POINT (14.89583333 47.97916667)
0.00011254005512837427,40,1,POINT (14.9375 47.97916667)
195.2742316947958,40,1,POINT (14.97916667 47.97916667)
1126533.6116592255,40,1,POINT (15.02083333 47.97916667)
2128.4895133284463,40,1,POINT (15.0625 47.97916667)
1743.0314745436067,40,1,POINT (15.10416667 47.97916667)
37641.45207217967,40,1,POINT (15.14583333 47.97916667)
8571.201580732122,40,1,POINT (15.1875 47.97916667)
0.001528353606800172,40,1,POINT (15.22916667 47.97916667)
0.0,40,1,POINT (15.27083333 47.97916667)
0.0,40,1,POINT (15.3125 47.97916667)
0.0,40,1,POINT (15.35416667 47.97916667)
0.0,40,1,POINT (15.39583333 47.97916667)
0.0,40,1,POINT (15.4375 47.97916667)
0.0,40,1,POINT (15.47916667 47.97916667)
0.0008584519405679417,40,1,POINT (15.52083333 47.97916667)
320.5222869368056,40,1,POINT (15.5625 47.97916667)
7842.941345739931,40,1,POINT (15.60416667 47.97916667)
102.46234137612323,40,1,POINT (15.64583333 47.97916667)
0.0017336331727851677,40,1,POINT (15.6875 47.97916667)
0.004128890007785497,40,1,POINT (15.72916667 47.97916667)
2.2073829727405685,40,1,POINT (15.77083333 47.97916667)
0.03642884614184863,40,1,POINT (15.8125 47.97916667)
5.4940924190821737e-11,40,1,POINT (15.85416667 47.97916667)
5.006491717850334e-06,40,1,POINT (15.89583333 47.97916667)
0.21302202845455778,40,1,POINT (15.9375 47.97916667)
113.12592267667922,40,1,POINT (15.97916667 47.97916667)
590372.1278180646,40,1,POINT (16.02083333 47.97916667)
8382591.031608587,40,1,POINT (16.0625 47.97916667)
35918156.04775088,40,1,POINT (16.10416667 47.97916667)
2865660.038653897,40,1,POINT (16.14583333 47.97916667)
174461992.55524477,40,1,POINT (16.1875 47.97916667)
5497051523.898391,40,1,POINT (16.22916667 47.97916667)
3567506181.4952,40,1,POINT (16.27083333 47.97916667)
2391757652.250109,40,1,POINT (16.3125 47.97916667)
810556025.1427658,40,1,POINT (16.35416667 47.97916667)
1385341062.0009658,40,1,POINT (16.39583333 47.97916667)
168973482.0052467,40,1,POINT (16.4375 47.97916667)
3910456.970982589,40,1,POINT (16.47916667 47.97916667)
23160684.090448346,40,1,POINT (16.52083333 47.97916667)
5635702.600599373,40,1,POINT (16.5625 47.97916667)
168300925.19821444,40,1,POINT (16.60416667 47.97916667)
12832968.987017771,40,1,POINT (16.64583333 47.97916667)
1745758.3606701,40,1,POINT (16.6875 47.97916667)
2679004.043236623,40,1,POINT (16.72916667 47.97916667)
18249274.297927085,40,1,POINT (16.77083333 47.97916667)
261458397.55277365,40,1,POINT (16.8125 47.97916667)
3024942684.520523,40,1,POINT (16.85416667 47.97916667)
32223443.89501146,40,1,POINT (16.89583333 47.97916667)
64693.85625693339,40,1,POINT (16.9375 47.97916667)
554108.6820660364,40,1,POINT (16.97916667 47.97916667)
672283.7262679874,40,1,POINT (17.02083333 47.97916667)
7838.440203435845,40,1,POINT (17.0625 47.97916667)
10157708.372798188,40,1,POINT (12.9375 47.9375)
117103.76533087215,40,1,POINT (12.97916667 47.9375)
13731.926479829524,40,1,POINT (13.02083333 47.9375)
4870825.083772092,40,1,POINT (13.0625 47.9375)
5030628.315407434,40,1,POINT (13.10416667 47.9375)
30568.350130952334,40,1,POINT (13.14583333 47.9375)
87014.0308398324,40,1,POINT (13.1875 47.9375)
20710620.04167166,40,1,POINT (13.22916667 47.9375)
404790.89237667236,40,1,POINT (13.27083333 47.9375)
235.143559807153,40,1,POINT (13.3125 47.9375)
0.06730499460501566,40,1,POINT (13.35416667 47.9375)
1.071963360270052e-05,40,1,POINT (13.39583333 47.9375)
1.7885155331467715,40,1,POINT (13.4375 47.9375)
1567574.1865379503,40,1,POINT (13.47916667 47.9375)
114166.81274295402,40,1,POINT (13.52083333 47.9375)
82912.55361096465,40,1,POINT (13.5625 47.9375)
12782025.82073185,40,1,POINT (13.60416667 47.9375)
686145.2685581958,40,1,POINT (13.64583333 47.9375)
8142.918477296162,40,1,POINT (13.6875 47.9375)
100499.67992256803,40,1,POINT (13.72916667 47.9375)
74880081.16417864,40,1,POINT (13.77083333 47.9375)
132308145.4416782,40,1,POINT (13.8125 47.9375)
166056.8010962453,40,1,POINT (13.85416667 47.9375)
580.2375496340172,40,1,POINT (13.89583333 47.9375)
17.206682776331114,40,1,POINT (13.9375 47.9375)
176.91831129867614,40,1,POINT (13.97916667 47.9375)
63630.066541698594,40,1,POINT (14.02083333 47.9375)
485.68930908706415,40,1,POINT (14.0625 47.9375)
412439.86825623433,40,1,POINT (14.10416667 47.9375)
160763.14206914563,40,1,POINT (14.14583333 47.9375)
104.0436776079197,40,1,POINT (14.1875 47.9375)
22.42623907675808,40,1,POINT (14.22916667 47.9375)
280.88265517331604,40,1,POINT (14.27083333 47.9375)
1.4834049532871082e-09,40,1,POINT (14.3125 47.9375)
2.8328597056330174,40,1,POINT (14.35416667 47.9375)
560635.5378473866,40,1,POINT (14.39583333 47.9375)
68476.03485720584,40,1,POINT (14.4375 47.9375)
2.0766428789113736,40,1,POINT (14.47916667 47.9375)
5.494092419142157e-11,40,1,POINT (14.52083333 47.9375)
0.0,40,1,POINT (14.5625 47.9375)
0.0,40,1,POINT (14.60416667 47.9375)
0.0,40,1,POINT (14.64583333 47.9375)
14.667335832454459,40,1,POINT (14.6875 47.9375)
19521.397130581096,40,1,POINT (14.72916667 47.9375)
15328341.371093407,40,1,POINT (14.77083333 47.9375)
1561549.0421442152,40,1,POINT (14.8125 47.9375)
108.9631736279741,40,1,POINT (14.85416667 47.9375)
0.0,40,1,POINT (14.89583333 47.9375)
0.0,40,1,POINT (14.9375 47.9375)
0.005559730122005562,40,1,POINT (14.97916667 47.9375)
0.44084729477317236,40,1,POINT (15.02083333 47.9375)
2236.512286842455,40,1,POINT (15.0625 47.9375)
569153.7240539504,40,1,POINT (15.10416667 47.9375)
157205.36136443005,40,1,POINT (15.14583333 47.9375)
0.10730649257245997,40,1,POINT (15.1875 47.9375)
0.0,40,1,POINT (15.22916667 47.9375)
0.0,40,1,POINT (15.27083333 47.9375)
0.0,40,1,POINT (15.3125 47.9375)
0.0,40,1,POINT (15.35416667 47.9375)
0.0,40,1,POINT (15.39583333 47.9375)
0.0,40,1,POINT (15.4375 47.9375)
0.0,40,1,POINT (15.47916667 47.9375)
0.0,40,1,POINT (15.52083333 47.9375)
4.3681880598825015e-06,40,1,POINT (15.5625 47.9375)
0.00019294197711258157,40,1,POINT (15.60416667 47.9375)
6.867615523927722e-09,40,1,POINT (15.64583333 47.9375)
0.0,40,1,POINT (15.6875 47.9375)
0.0,40,1,POINT (15.72916667 47.9375)
0.0,40,1,POINT (15.77083333 47.9375)
0.0,40,1,POINT (15.8125 47.9375)
3.0147183926507643e-06,40,1,POINT (15.85416667 47.9375)
8.569768695719048,40,1,POINT (15.89583333 47.9375)
6626.554645017374,40,1,POINT (15.9375 47.9375)
13753.519613060964,40,1,POINT (15.97916667 47.9375)
12831.531238495338,40,1,POINT (16.02083333 47.9375)
2048167.5959175697,40,1,POINT (16.0625 47.9375)
266997828.89179888,40,1,POINT (16.10416667 47.9375)
105100539.51314737,40,1,POINT (16.14583333 47.9375)
1815036377.7525225,40,1,POINT (16.1875 47.9375)
5012144504.023936,40,1,POINT (16.22916667 47.9375)
920951250.6963134,40,1,POINT (16.27083333 47.9375)
125609427.22881575,40,1,POINT (16.3125 47.9375)
38515329.208621226,40,1,POINT (16.35416667 47.9375)
933347921.5022135,40,1,POINT (16.39583333 47.9375)
251069507.6595275,40,1,POINT (16.4375 47.9375)
18967925.987477977,40,1,POINT (16.47916667 47.9375)
7531871.673436514,40,1,POINT (16.52083333 47.9375)
100523348.29292922,40,1,POINT (16.5625 47.9375)
10236866.37520202,40,1,POINT (16.60416667 47.9375)
135508.9829519228,40,1,POINT (16.64583333 47.9375)
8557023.051014142,40,1,POINT (16.6875 47.9375)
55991705.13480913,40,1,POINT (16.72916667 47.9375)
5217766.060120484,40,1,POINT (16.77083333 47.9375)
130440154.82024756,40,1,POINT (16.8125 47.9375)
1621195865.3497612,40,1,POINT (16.85416667 47.9375)
34300141.66915698,40,1,POINT (16.89583333 47.9375)
412642.11487843154,40,1,POINT (16.9375 47.9375)
680765.103463564,40,1,POINT (16.97916667 47.9375)
76641.44082591345,40,1,POINT (17.02083333 47.9375)
379015.7611252651,40,1,POINT (17.0625 47.9375)
5931776.614077036,40,1,POINT (12.97916667 47.89583333)
14810692.42302871,40,1,POINT (13.02083333 47.89583333)
2985704.074165039,40,1,POINT (13.0625 47.89583333)
4985460.593643814,40,1,POINT (13.10416667 47.89583333)
3293759.213747928,40,1,POINT (13.14583333 47.89583333)
16404.624679754914,40,1,POINT (13.1875 47.89583333)
3723.2148236980074,40,1,POINT (13.22916667 47.89583333)
895.9676553020026,40,1,POINT (13.27083333 47.89583333)
5489.517043733357,40,1,POINT (13.3125 47.89583333)
33317.24662886903,40,1,POINT (13.35416667 47.89583333)
25.278299884653254,40,1,POINT (13.39583333 47.89583333)
0.00654321617836468,40,1,POINT (13.4375 47.89583333)
2723.554644400527,40,1,POINT (13.47916667 47.89583333)
202.97387932529273,40,1,POINT (13.52083333 47.89583333)
51.378248988339124,40,1,POINT (13.5625 47.89583333)
1010.7840698215514,40,1,POINT (13.60416667 47.89583333)
299.7809619940171,40,1,POINT (13.64583333 47.89583333)
3.5373586862475697,40,1,POINT (13.6875 47.89583333)
20428.08188120142,40,1,POINT (13.72916667 47.89583333)
26230280.663761184,40,1,POINT (13.77083333 47.89583333)
17099122.041876744,40,1,POINT (13.8125 47.89583333)
12061.728538374504,40,1,POINT (13.85416667 47.89583333)
0.6503227338299756,40,1,POINT (13.89583333 47.89583333)
0.0,40,1,POINT (13.9375 47.89583333)
0.0,40,1,POINT (13.97916667 47.89583333)
0.003259040682478128,40,1,POINT (14.02083333 47.89583333)
2366.9170677847383,40,1,POINT (14.0625 47.89583333)
28680039.92616841,40,1,POINT (14.10416667 47.89583333)
23908530.643198706,40,1,POINT (14.14583333 47.89583333)
1800.1354308780021,40,1,POINT (14.1875 47.89583333)
0.0002995256119613886,40,1,POINT (14.22916667 47.89583333)
0.0,40,1,POINT (14.27083333 47.89583333)
0.0,40,1,POINT (14.3125 47.89583333)
9.733119861152249e-05,40,1,POINT (14.35416667 47.89583333)
836.5950618673436,40,1,POINT (14.39583333 47.89583333)
22868.99971101802,40,1,POINT (14.4375 47.89583333)
12219.5668303122,40,1,POINT (14.47916667 47.89583333)
0.0,40,1,POINT (14.52083333 47.89583333)
0.0,40,1,POINT (14.5625 47.89583333)
0.0,40,1,POINT (14.60416667 47.89583333)
0.0,40,1,POINT (14.64583333 47.89583333)
2.3178202394814298e-05,40,1,POINT (14.6875 47.89583333)
26.62775355526296,40,1,POINT (14.72916667 47.89583333)
1302.3311520861341,40,1,POINT (14.77083333 47.89583333)
385.23147275344695,40,1,POINT (14.8125 47.89583333)
0.2022263990700181,40,1,POINT (14.85416667 47.89583333)
0.0,40,1,POINT (14.89583333 47.89583333)
0.0,40,1,POINT (14.9375 47.89583333)
0.0,40,1,POINT (14.97916667 47.89583333)
0.0,40,1,POINT (15.02083333 47.89583333)
134.2163066709725,40,1,POINT (15.0625 47.89583333)
2232.0292579426446,40,1,POINT (15.10416667 47.89583333)
0.2388121529753263,40,1,POINT (15.14583333 47.89583333)
1.4834049532871082e-09,40,1,POINT (15.1875 47.89583333)
0.0,40,1,POINT (15.22916667 47.89583333)
0.0,40,1,POINT (15.27083333 47.89583333)
0.0,40,1,POINT (15.3125 47.89583333)
0.0,40,1,POINT (15.35416667 47.89583333)
0.0,40,1,POINT (15.39583333 47.89583333)
0.0,40,1,POINT (15.4375 47.89583333)
0.0,40,1,POINT (15.47916667 47.89583333)
0.0,40,1,POINT (15.52083333 47.89583333)
0.0,40,1,POINT (15.5625 47.89583333)
0.0,40,1,POINT (15.60416667 47.89583333)
0.0,40,1,POINT (15.64583333 47.89583333)
0.0,40,1,POINT (15.6875 47.89583333)
0.0,40,1,POINT (15.72916667 47.89583333)
0.0,40,1,POINT (15.77083333 47.89583333)
0.0,40,1,POINT (15.8125 47.89583333)
58.38953112999963,40,1,POINT (15.85416667 47.89583333)
135142.23622206898,40,1,POINT (15.89583333 47.89583333)
4714763.07694267,40,1,POINT (15.9375 47.89583333)
37903884.96912653,40,1,POINT (15.97916667 47.89583333)
53215.48386615408,40,1,POINT (16.02083333 47.89583333)
2294763.5517340302,40,1,POINT (16.0625 47.89583333)
7816274.741808702,40,1,POINT (16.10416667 47.89583333)
19324035.226882007,40,1,POINT (16.14583333 47.89583333)
523296763.3550402,40,1,POINT (16.1875 47.89583333)
2698694962.0802264,40,1,POINT (16.22916667 47.89583333)
1011434351.8052233,40,1,POINT (16.27083333 47.89583333)
41825898.722466804,40,1,POINT (16.3125 47.89583333)
225871975.54806954,40,1,POINT (16.35416667 47.89583333)
525331608.90879583,40,1,POINT (16.39583333 47.89583333)
66045772.2193319,40,1,POINT (16.4375 47.89583333)
5729838.687241254,40,1,POINT (16.47916667 47.89583333)
13904910.007832684,40,1,POINT (16.52083333 47.89583333)
20098259.02845228,40,1,POINT (16.5625 47.89583333)
207078.04395991753,40,1,POINT (16.60416667 47.89583333)
306408.90258120146,40,1,POINT (16.64583333 47.89583333)
12703194.038385177,40,1,POINT (16.6875 47.89583333)
658118.1699788994,40,1,POINT (16.72916667 47.89583333)
32991.21701615582,40,1,POINT (16.77083333 47.89583333)
862165.7957993855,40,1,POINT (16.8125 47.89583333)
13042644.529802257,40,1,POINT (16.85416667 47.89583333)
100972022.55255915,40,1,POINT (16.89583333 47.89583333)
193013577.61067882,40,1,POINT (16.9375 47.89583333)
41391241.902169876,40,1,POINT (16.97916667 47.89583333)
51368.79248307452,40,1,POINT (17.02083333 47.89583333)
5219.378755120282,40,1,POINT (17.0625 47.89583333)
2491124323.3931713,40,1,POINT (13.02083333 47.85416667)
911051799.6453837,40,1,POINT (13.0625 47.85416667)
89527245.92597766,40,1,POINT (13.10416667 47.85416667)
10748436.03148726,40,1,POINT (13.14583333 47.85416667)
55120.77691733071,40,1,POINT (13.1875 47.85416667)
242860.3796368705,40,1,POINT (13.22916667 47.85416667)
8054.610907546832,40,1,POINT (13.27083333 47.85416667)
520947.39334172785,40,1,POINT (13.3125 47.85416667)
17482548.969439574,40,1,POINT (13.35416667 47.85416667)
612.6377956987941,40,1,POINT (13.39583333 47.85416667)
0.00033670473971770474,40,1,POINT (13.4375 47.85416667)
0.0,40,1,POINT (13.47916667 47.85416667)
0.0,40,1,POINT (13.52083333 47.85416667)
0.0,40,1,POINT (13.5625 47.85416667)
0.0,40,1,POINT (13.60416667 47.85416667)
0.0,40,1,POINT (13.64583333 47.85416667)
4.27818383809315e-05,40,1,POINT (13.6875 47.85416667)
178.32375304590065,40,1,POINT (13.72916667 47.85416667)
9834.211872207095,40,1,POINT (13.77083333 47.85416667)
4646.662405535611,40,1,POINT (13.8125 47.85416667)
25.96217495377682,40,1,POINT (13.85416667 47.85416667)
5.088078989692811e-07,40,1,POINT (13.89583333 47.85416667)
0.0,40,1,POINT (13.9375 47.85416667)
0.0,40,1,POINT (13.97916667 47.85416667)
1.3399542002230885e-06,40,1,POINT (14.02083333 47.85416667)
267.1241099201583,40,1,POINT (14.0625 47.85416667)
509767.9685342815,40,1,POINT (14.10416667 47.85416667)
2609459.9540291848,40,1,POINT (14.14583333 47.85416667)
605.3452159222987,40,1,POINT (14.1875 47.85416667)
2.7088018325262215e-05,40,1,POINT (14.22916667 47.85416667)
0.0,40,1,POINT (14.27083333 47.85416667)
0.0,40,1,POINT (14.3125 47.85416667)
0.0,40,1,POINT (14.35416667 47.85416667)
1.4834049531521897e-09,40,1,POINT (14.39583333 47.85416667)
16.799470857989842,40,1,POINT (14.4375 47.85416667)
16.67261723326948,40,1,POINT (14.47916667 47.85416667)
0.0,40,1,POINT (14.52083333 47.85416667)
0.0,40,1,POINT (14.5625 47.85416667)
0.0,40,1,POINT (14.60416667 47.85416667)
0.0,40,1,POINT (14.64583333 47.85416667)
0.0,40,1,POINT (14.6875 47.85416667)
2.8129753185700812e-08,40,1,POINT (14.72916667 47.85416667)
0.0002006587595597902,40,1,POINT (14.77083333 47.85416667)
3.014718392365034e-06,40,1,POINT (14.8125 47.85416667)
0.0,40,1,POINT (14.85416667 47.85416667)
0.0,40,1,POINT (14.89583333 47.85416667)
0.0,40,1,POINT (14.9375 47.85416667)
0.0,40,1,POINT (14.97916667 47.85416667)
0.0,40,1,POINT (15.02083333 47.85416667)
0.0,40,1,POINT (15.0625 47.85416667)
0.0,40,1,POINT (15.10416667 47.85416667)
0.0,40,1,POINT (15.14583333 47.85416667)
0.0,40,1,POINT (15.1875 47.85416667)
0.0,40,1,POINT (15.22916667 47.85416667)
7.595033361465521e-07,40,1,POINT (15.27083333 47.85416667)
0.0068264921883948535,40,1,POINT (15.3125 47.85416667)
0.0005614035599981618,40,1,POINT (15.35416667 47.85416667)
0.0,40,1,POINT (15.39583333 47.85416667)
0.0,40,1,POINT (15.4375 47.85416667)
0.0,40,1,POINT (15.47916667 47.85416667)
0.0,40,1,POINT (15.52083333 47.85416667)
0.0,40,1,POINT (15.5625 47.85416667)
0.0,40,1,POINT (15.60416667 47.85416667)
0.0,40,1,POINT (15.64583333 47.85416667)
0.0,40,1,POINT (15.6875 47.85416667)
0.0,40,1,POINT (15.72916667 47.85416667)
0.0,40,1,POINT (15.77083333 47.85416667)
0.0,40,1,POINT (15.8125 47.85416667)
59.32135331399106,40,1,POINT (15.85416667 47.85416667)
123348.21547501613,40,1,POINT (15.89583333 47.85416667)
52625.51003238401,40,1,POINT (15.9375 47.85416667)
172050.3876482144,40,1,POINT (15.97916667 47.85416667)
43886.33126515866,40,1,POINT (16.02083333 47.85416667)
3173732.297642759,40,1,POINT (16.0625 47.85416667)
4616779.303199695,40,1,POINT (16.10416667 47.85416667)
21308285.142219435,40,1,POINT (16.14583333 47.85416667)
1154925079.7107794,40,1,POINT (16.1875 47.85416667)
5932871672.836861,40,1,POINT (16.22916667 47.85416667)
3327353190.930848,40,1,POINT (16.27083333 47.85416667)
378856901.92732763,40,1,POINT (16.3125 47.85416667)
216592659.1010361,40,1,POINT (16.35416667 47.85416667)
134563706.80365288,40,1,POINT (16.39583333 47.85416667)
104472145.31555073,40,1,POINT (16.4375 47.85416667)
269098682.2898779,40,1,POINT (16.47916667 47.85416667)
3829180542.384286,40,1,POINT (16.52083333 47.85416667)
390270350.5296953,40,1,POINT (16.5625 47.85416667)
2787573.454769854,40,1,POINT (16.60416667 47.85416667)
3124482.697959032,40,1,POINT (16.64583333 47.85416667)
179943.7370446744,40,1,POINT (16.6875 47.85416667)
1406.8811214593939,40,1,POINT (16.72916667 47.85416667)
928.2520495718946,40,1,POINT (16.77083333 47.85416667)
9923316.829362456,40,1,POINT (16.8125 47.85416667)
15278499.81357904,40,1,POINT (16.85416667 47.85416667)
10322867.510555316,40,1,POINT (16.89583333 47.85416667)
209901855.16156444,40,1,POINT (16.9375 47.85416667)
77838031.5543302,40,1,POINT (16.97916667 47.85416667)
6660212318.195122,40,1,POINT (12.97916667 47.8125)
35825827049.74401,40,1,POINT (13.02083333 47.8125)
27726312533.31906,40,1,POINT (13.0625 47.8125)
580733563.9339043,40,1,POINT (13.10416667 47.8125)
719452.8653420764,40,1,POINT (13.14583333 47.8125)
571.8681095285806,40,1,POINT (13.1875 47.8125)
795.7621610136944,40,1,POINT (13.22916667 47.8125)
488.2305783572194,40,1,POINT (13.27083333 47.8125)
2024.184771119775,40,1,POINT (13.3125 47.8125)
22177.746993741315,40,1,POINT (13.35416667 47.8125)
335.82235167857783,40,1,POINT (13.39583333 47.8125)
9.258419288014005e-05,40,1,POINT (13.4375 47.8125)
0.0,40,1,POINT (13.47916667 47.8125)
0.0,40,1,POINT (13.52083333 47.8125)
0.0,40,1,POINT (13.5625 47.8125)
0.0,40,1,POINT (13.60416667 47.8125)
0.0,40,1,POINT (13.64583333 47.8125)
3.0292667493478676e-05,40,1,POINT (13.6875 47.8125)
12197.193690942802,40,1,POINT (13.72916667 47.8125)
1007009.6803973473,40,1,POINT (13.77083333 47.8125)
553.7548353016646,40,1,POINT (13.8125 47.8125)
8.58451940507454e-07,40,1,POINT (13.85416667 47.8125)
0.0,40,1,POINT (13.89583333 47.8125)
0.0,40,1,POINT (13.9375 47.8125)
0.0,40,1,POINT (13.97916667 47.8125)
0.0,40,1,POINT (14.02083333 47.8125)
0.05155182400693512,40,1,POINT (14.0625 47.8125)
72.82762452483982,40,1,POINT (14.10416667 47.8125)
67893.57642243052,40,1,POINT (14.14583333 47.8125)
4071.91710192589,40,1,POINT (14.1875 47.8125)
0.0,40,1,POINT (14.22916667 47.8125)
0.0,40,1,POINT (14.27083333 47.8125)
0.0,40,1,POINT (14.3125 47.8125)
0.0,40,1,POINT (14.35416667 47.8125)
0.0,40,1,POINT (14.39583333 47.8125)
0.0,40,1,POINT (14.4375 47.8125)
0.0,40,1,POINT (14.47916667 47.8125)
0.0,40,1,POINT (14.52083333 47.8125)
0.0,40,1,POINT (14.5625 47.8125)
0.0,40,1,POINT (14.60416667 47.8125)
0.0,40,1,POINT (14.64583333 47.8125)
0.0,40,1,POINT (14.6875 47.8125)
0.0,40,1,POINT (14.72916667 47.8125)
0.0,40,1,POINT (14.77083333 47.8125)
0.0,40,1,POINT (14.8125 47.8125)
0.0,40,1,POINT (14.85416667 47.8125)
0.0,40,1,POINT (14.89583333 47.8125)
0.0,40,1,POINT (14.9375 47.8125)
0.0,40,1,POINT (14.97916667 47.8125)
0.0,40,1,POINT (15.02083333 47.8125)
0.0,40,1,POINT (15.0625 47.8125)
0.0,40,1,POINT (15.10416667 47.8125)
0.0,40,1,POINT (15.14583333 47.8125)
0.0,40,1,POINT (15.1875 47.8125)
2.31782023967436e-05,40,1,POINT (15.22916667 47.8125)
161.5365492313744,40,1,POINT (15.27083333 47.8125)
46426.9674368493,40,1,POINT (15.3125 47.8125)
154.01155247448045,40,1,POINT (15.35416667 47.8125)
0.0004200438584685543,40,1,POINT (15.39583333 47.8125)
0.0,40,1,POINT (15.4375 47.8125)
0.0,40,1,POINT (15.47916667 47.8125)
0.0,40,1,POINT (15.52083333 47.8125)
0.0,40,1,POINT (15.5625 47.8125)
0.0,40,1,POINT (15.60416667 47.8125)
0.0,40,1,POINT (15.64583333 47.8125)
0.0,40,1,POINT (15.6875 47.8125)
0.0,40,1,POINT (15.72916667 47.8125)
0.0,40,1,POINT (15.77083333 47.8125)
0.0,40,1,POINT (15.8125 47.8125)
4.1401887188332726e-05,40,1,POINT (15.85416667 47.8125)
35216.82816013885,40,1,POINT (15.89583333 47.8125)
81678.32599040042,40,1,POINT (15.9375 47.8125)
534299.0944519748,40,1,POINT (15.97916667 47.8125)
167279.51216520026,40,1,POINT (16.02083333 47.8125)
65100.889114182304,40,1,POINT (16.0625 47.8125)
871309.9759986692,40,1,POINT (16.10416667 47.8125)
22567841.327375535,40,1,POINT (16.14583333 47.8125)
1040032126.3390082,40,1,POINT (16.1875 47.8125)
18563045177.173565,40,1,POINT (16.22916667 47.8125)
8864238962.18692,40,1,POINT (16.27083333 47.8125)
473115852.14409417,40,1,POINT (16.3125 47.8125)
43361573.80360262,40,1,POINT (16.35416667 47.8125)
12677319.686159093,40,1,POINT (16.39583333 47.8125)
45637858.78689949,40,1,POINT (16.4375 47.8125)
330239881.6003886,40,1,POINT (16.47916667 47.8125)
1574849493.1896143,40,1,POINT (16.52083333 47.8125)
133841750.86564195,40,1,POINT (16.5625 47.8125)
14030918.832880031,40,1,POINT (16.60416667 47.8125)
6151834.425769305,40,1,POINT (16.64583333 47.8125)
2600111.1613801164,40,1,POINT (16.6875 47.8125)
143.16799577309342,40,1,POINT (16.72916667 47.8125)
493.6957955921242,40,1,POINT (16.77083333 47.8125)
37713.230624134834,40,1,POINT (16.8125 47.8125)
71459.94381335036,40,1,POINT (16.85416667 47.8125)
3928800.675357562,40,1,POINT (16.89583333 47.8125)
37616735.226359114,40,1,POINT (16.9375 47.8125)
219721.72981570015,40,1,POINT (16.97916667 47.8125)
33536.184004744995,40,1,POINT (17.02083333 47.8125)
143718024.29099554,40,1,POINT (12.9375 47.77083333)
1409848753.522116,40,1,POINT (12.97916667 47.77083333)
5291937710.391023,40,1,POINT (13.02083333 47.77083333)
11441186987.035036,40,1,POINT (13.0625 47.77083333)
562891946.0146676,40,1,POINT (13.10416667 47.77083333)
607567.7835250297,40,1,POINT (13.14583333 47.77083333)
12.058129932236463,40,1,POINT (13.1875 47.77083333)
0.0,40,1,POINT (13.22916667 47.77083333)
1.4834049532871082e-09,40,1,POINT (13.27083333 47.77083333)
6.847033274082034,40,1,POINT (13.3125 47.77083333)
898981.258640001,40,1,POINT (13.35416667 47.77083333)
75175.47109513893,40,1,POINT (13.39583333 47.77083333)
0.00012070521046282167,40,1,POINT (13.4375 47.77083333)
0.0,40,1,POINT (13.47916667 47.77083333)
0.0,40,1,POINT (13.52083333 47.77083333)
0.015018620766768156,40,1,POINT (13.5625 47.77083333)
10.41212215038068,40,1,POINT (13.60416667 47.77083333)
7.079915368097123,40,1,POINT (13.64583333 47.77083333)
0.0024166851690988625,40,1,POINT (13.6875 47.77083333)
72575.32358780804,40,1,POINT (13.72916667 47.77083333)
28276.634438001052,40,1,POINT (13.77083333 47.77083333)
1.9762074567880912,40,1,POINT (13.8125 47.77083333)
0.0,40,1,POINT (13.85416667 47.77083333)
0.0,40,1,POINT (13.89583333 47.77083333)
0.0,40,1,POINT (13.9375 47.77083333)
0.0,40,1,POINT (13.97916667 47.77083333)
0.0,40,1,POINT (14.02083333 47.77083333)
0.0,40,1,POINT (14.0625 47.77083333)
5.494092419142157e-11,40,1,POINT (14.10416667 47.77083333)
53.14774412539557,40,1,POINT (14.14583333 47.77083333)
4.155363456232774,40,1,POINT (14.1875 47.77083333)
0.0,40,1,POINT (14.22916667 47.77083333)
0.0,40,1,POINT (14.27083333 47.77083333)
0.0,40,1,POINT (14.3125 47.77083333)
0.0,40,1,POINT (14.35416667 47.77083333)
0.0,40,1,POINT (14.39583333 47.77083333)
0.0,40,1,POINT (14.4375 47.77083333)
0.0,40,1,POINT (14.47916667 47.77083333)
0.0,40,1,POINT (14.52083333 47.77083333)
0.0,40,1,POINT (14.5625 47.77083333)
0.0,40,1,POINT (14.60416667 47.77083333)
0.0,40,1,POINT (14.64583333 47.77083333)
0.0,40,1,POINT (14.6875 47.77083333)
0.0,40,1,POINT (14.72916667 47.77083333)
0.0,40,1,POINT (14.77083333 47.77083333)
0.0,40,1,POINT (14.8125 47.77083333)
0.0,40,1,POINT (14.85416667 47.77083333)
0.0,40,1,POINT (14.89583333 47.77083333)
0.0,40,1,POINT (14.9375 47.77083333)
0.0,40,1,POINT (14.97916667 47.77083333)
0.0,40,1,POINT (15.02083333 47.77083333)
0.0,40,1,POINT (15.0625 47.77083333)
0.0,40,1,POINT (15.10416667 47.77083333)
0.0,40,1,POINT (15.14583333 47.77083333)
0.0,40,1,POINT (15.1875 47.77083333)
0.04058833648783345,40,1,POINT (15.22916667 47.77083333)
7699.312805980737,40,1,POINT (15.27083333 47.77083333)
16404182.894256722,40,1,POINT (15.3125 47.77083333)
29549.63737903038,40,1,POINT (15.35416667 47.77083333)
0.08054358475014484,40,1,POINT (15.39583333 47.77083333)
0.0,40,1,POINT (15.4375 47.77083333)
0.0,40,1,POINT (15.47916667 47.77083333)
0.0,40,1,POINT (15.52083333 47.77083333)
0.0,40,1,POINT (15.5625 47.77083333)
0.0,40,1,POINT (15.60416667 47.77083333)
0.0,40,1,POINT (15.64583333 47.77083333)
0.0,40,1,POINT (15.6875 47.77083333)
0.0,40,1,POINT (15.72916667 47.77083333)
0.0,40,1,POINT (15.77083333 47.77083333)
0.004776470935012333,40,1,POINT (15.8125 47.77083333)
0.5652931782550541,40,1,POINT (15.85416667 47.77083333)
29662.056927600337,40,1,POINT (15.89583333 47.77083333)
50867.69072049928,40,1,POINT (15.9375 47.77083333)
184101.13786496202,40,1,POINT (15.97916667 47.77083333)
1422056.6483373807,40,1,POINT (16.02083333 47.77083333)
7049975.609895297,40,1,POINT (16.0625 47.77083333)
2876995.5177235194,40,1,POINT (16.10416667 47.77083333)
11258829.716905387,40,1,POINT (16.14583333 47.77083333)
58724543.56828577,40,1,POINT (16.1875 47.77083333)
479878587.1490675,40,1,POINT (16.22916667 47.77083333)
254662701.89570314,40,1,POINT (16.27083333 47.77083333)
58590247.61590847,40,1,POINT (16.3125 47.77083333)
8749151.435849825,40,1,POINT (16.35416667 47.77083333)
70167683.94272695,40,1,POINT (16.39583333 47.77083333)
124635966.48173386,40,1,POINT (16.4375 47.77083333)
64792051.275844686,40,1,POINT (16.47916667 47.77083333)
243009129.91957697,40,1,POINT (16.52083333 47.77083333)
14855996.609276963,40,1,POINT (16.5625 47.77083333)
970150.0576078901,40,1,POINT (16.60416667 47.77083333)
771758.697609257,40,1,POINT (16.64583333 47.77083333)
483529.15031409677,40,1,POINT (16.6875 47.77083333)
55.85244447674611,40,1,POINT (16.72916667 47.77083333)
264601.3446157894,40,1,POINT (16.77083333 47.77083333)
10011792.845346976,40,1,POINT (16.8125 47.77083333)
649569.6890176269,40,1,POINT (16.85416667 47.77083333)
778630.2837023335,40,1,POINT (16.89583333 47.77083333)
12701083.06199813,40,1,POINT (16.9375 47.77083333)
1212782.179478629,40,1,POINT (16.97916667 47.77083333)
3917793.25385946,40,1,POINT (17.02083333 47.77083333)
3927608.1564705498,40,1,POINT (12.9375 47.72916667)
6317293.738367984,40,1,POINT (12.97916667 47.72916667)
91557757.60882051,40,1,POINT (13.02083333 47.72916667)
1140301334.257983,40,1,POINT (13.0625 47.72916667)
286305593.13400924,40,1,POINT (13.10416667 47.72916667)
883297.9640556399,40,1,POINT (13.14583333 47.72916667)
191.2712739711416,40,1,POINT (13.1875 47.72916667)
0.0,40,1,POINT (13.22916667 47.72916667)
0.0,40,1,POINT (13.27083333 47.72916667)
0.00404145762541838,40,1,POINT (13.3125 47.72916667)
1779.7916280320403,40,1,POINT (13.35416667 47.72916667)
154.63499169707637,40,1,POINT (13.39583333 47.72916667)
7.595033360968163e-07,40,1,POINT (13.4375 47.72916667)
0.0,40,1,POINT (13.47916667 47.72916667)
0.0,40,1,POINT (13.52083333 47.72916667)
412.5409833021198,40,1,POINT (13.5625 47.72916667)
1247201.0154745614,40,1,POINT (13.60416667 47.72916667)
348926.926426717,40,1,POINT (13.64583333 47.72916667)
2.9251782416412726,40,1,POINT (13.6875 47.72916667)
4.7104974881872665e-05,40,1,POINT (13.72916667 47.72916667)
0.00021261549795058952,40,1,POINT (13.77083333 47.72916667)
2.8129753185700812e-08,40,1,POINT (13.8125 47.72916667)
0.0,40,1,POINT (13.85416667 47.72916667)
0.0,40,1,POINT (13.89583333 47.72916667)
0.0,40,1,POINT (13.9375 47.72916667)
0.0,40,1,POINT (13.97916667 47.72916667)
0.0,40,1,POINT (14.02083333 47.72916667)
0.0,40,1,POINT (14.0625 47.72916667)
0.0,40,1,POINT (14.10416667 47.72916667)
0.0,40,1,POINT (14.14583333 47.72916667)
0.0,40,1,POINT (14.1875 47.72916667)
0.0,40,1,POINT (14.22916667 47.72916667)
0.0,40,1,POINT (14.27083333 47.72916667)
2141.91624244437,40,1,POINT (14.3125 47.72916667)
2131.321457526576,40,1,POINT (14.35416667 47.72916667)
0.0,40,1,POINT (14.39583333 47.72916667)
0.0,40,1,POINT (14.4375 47.72916667)
0.0,40,1,POINT (14.47916667 47.72916667)
0.0,40,1,POINT (14.52083333 47.72916667)
0.0,40,1,POINT (14.5625 47.72916667)
0.0,40,1,POINT (14.60416667 47.72916667)
64680.99161121605,40,1,POINT (14.64583333 47.72916667)
16664.431128687665,40,1,POINT (14.6875 47.72916667)
0.0,40,1,POINT (14.72916667 47.72916667)
0.0,40,1,POINT (14.77083333 47.72916667)
0.0,40,1,POINT (14.8125 47.72916667)
0.0,40,1,POINT (14.85416667 47.72916667)
0.0,40,1,POINT (14.89583333 47.72916667)
0.0,40,1,POINT (14.9375 47.72916667)
0.0,40,1,POINT (14.97916667 47.72916667)
0.0,40,1,POINT (15.02083333 47.72916667)
0.0,40,1,POINT (15.0625 47.72916667)
0.0,40,1,POINT (15.10416667 47.72916667)
0.0,40,1,POINT (15.14583333 47.72916667)
0.0,40,1,POINT (15.1875 47.72916667)
0.0012060631679711889,40,1,POINT (15.22916667 47.72916667)
3451.2221248553547,40,1,POINT (15.27083333 47.72916667)
838013.4772529044,40,1,POINT (15.3125 47.72916667)
559.9301962380752,40,1,POINT (15.35416667 47.72916667)
0.00104575450653468,40,1,POINT (15.39583333 47.72916667)
0.0,40,1,POINT (15.4375 47.72916667)
0.0,40,1,POINT (15.47916667 47.72916667)
0.0,40,1,POINT (15.52083333 47.72916667)
0.0,40,1,POINT (15.5625 47.72916667)
0.0,40,1,POINT (15.60416667 47.72916667)
0.0,40,1,POINT (15.64583333 47.72916667)
0.0,40,1,POINT (15.6875 47.72916667)
0.0,40,1,POINT (15.72916667 47.72916667)
73.20617334281086,40,1,POINT (15.77083333 47.72916667)
72458.31142164797,40,1,POINT (15.8125 47.72916667)
33653.73806114952,40,1,POINT (15.85416667 47.72916667)
27300.47510383473,40,1,POINT (15.89583333 47.72916667)
74212.6456528075,40,1,POINT (15.9375 47.72916667)
1817557.5599441326,40,1,POINT (15.97916667 47.72916667)
385618041.08999443,40,1,POINT (16.02083333 47.72916667)
1171673609.2969878,40,1,POINT (16.0625 47.72916667)
564770930.2794534,40,1,POINT (16.10416667 47.72916667)
112833268.009986,40,1,POINT (16.14583333 47.72916667)
48408131.687284626,40,1,POINT (16.1875 47.72916667)
41962229.84537287,40,1,POINT (16.22916667 47.72916667)
1731774.022467798,40,1,POINT (16.27083333 47.72916667)
162081.78076367624,40,1,POINT (16.3125 47.72916667)
1413320.3314512034,40,1,POINT (16.35416667 47.72916667)
676029639.9119616,40,1,POINT (16.39583333 47.72916667)
234994997.05987293,40,1,POINT (16.4375 47.72916667)
8894642.511158187,40,1,POINT (16.47916667 47.72916667)
7663836.931905735,40,1,POINT (16.52083333 47.72916667)
1.071818200120874,40,1,POINT (16.72916667 47.72916667)
18494.000734417994,40,1,POINT (16.77083333 47.72916667)
3173732.297628186,40,1,POINT (16.8125 47.72916667)
2486311.274237436,40,1,POINT (16.85416667 47.72916667)
2732996.217058699,40,1,POINT (16.89583333 47.72916667)
30103438.17617813,40,1,POINT (16.9375 47.72916667)
77283.18851324068,40,1,POINT (16.97916667 47.72916667)
1783.4790405100857,40,1,POINT (17.02083333 47.72916667)
0.07115009012455117,40,1,POINT (12.1875 47.6875)
1.8844737001535988e-08,40,1,POINT (12.27083333 47.6875)
0.0,40,1,POINT (12.39583333 47.6875)
72959370.40001194,40,1,POINT (13.0625 47.6875)
2279537114.2618833,40,1,POINT (13.10416667 47.6875)
6838606.452360947,40,1,POINT (13.14583333 47.6875)
1509.5162654048054,40,1,POINT (13.1875 47.6875)
2.699247605982035e-07,40,1,POINT (13.22916667 47.6875)
0.0,40,1,POINT (13.27083333 47.6875)
0.0,40,1,POINT (13.3125 47.6875)
0.0,40,1,POINT (13.35416667 47.6875)
0.0,40,1,POINT (13.39583333 47.6875)
0.0,40,1,POINT (13.4375 47.6875)
0.0,40,1,POINT (13.47916667 47.6875)
0.0,40,1,POINT (13.52083333 47.6875)
219.84633570756742,40,1,POINT (13.5625 47.6875)
938731.3611969472,40,1,POINT (13.60416667 47.6875)
347780.72014158085,40,1,POINT (13.64583333 47.6875)
10.265982919440171,40,1,POINT (13.6875 47.6875)
0.0,40,1,POINT (13.72916667 47.6875)
0.0,40,1,POINT (13.77083333 47.6875)
0.0,40,1,POINT (13.8125 47.6875)
0.0,40,1,POINT (13.85416667 47.6875)
0.0,40,1,POINT (13.89583333 47.6875)
0.0,40,1,POINT (13.9375 47.6875)
0.0,40,1,POINT (13.97916667 47.6875)
0.0,40,1,POINT (14.02083333 47.6875)
0.0,40,1,POINT (14.0625 47.6875)
0.0,40,1,POINT (14.10416667 47.6875)
0.0,40,1,POINT (14.14583333 47.6875)
0.0,40,1,POINT (14.1875 47.6875)
0.0,40,1,POINT (14.22916667 47.6875)
0.0,40,1,POINT (14.27083333 47.6875)
1369.8374508608727,40,1,POINT (14.3125 47.6875)
47741.506585437935,40,1,POINT (14.35416667 47.6875)
0.0,40,1,POINT (14.39583333 47.6875)
0.0,40,1,POINT (14.4375 47.6875)
0.0,40,1,POINT (14.47916667 47.6875)
0.0,40,1,POINT (14.52083333 47.6875)
0.0,40,1,POINT (14.5625 47.6875)
0.0,40,1,POINT (14.60416667 47.6875)
5083.313773644532,40,1,POINT (14.64583333 47.6875)
1311.1917538317184,40,1,POINT (14.6875 47.6875)
0.0,40,1,POINT (14.72916667 47.6875)
0.0,40,1,POINT (14.77083333 47.6875)
0.0,40,1,POINT (14.8125 47.6875)
0.0,40,1,POINT (14.85416667 47.6875)
0.0,40,1,POINT (14.89583333 47.6875)
0.0,40,1,POINT (14.9375 47.6875)
0.0,40,1,POINT (14.97916667 47.6875)
0.0,40,1,POINT (15.02083333 47.6875)
0.0,40,1,POINT (15.0625 47.6875)
0.0,40,1,POINT (15.10416667 47.6875)
0.0,40,1,POINT (15.14583333 47.6875)
0.0,40,1,POINT (15.1875 47.6875)
5.494092419142157e-11,40,1,POINT (15.22916667 47.6875)
0.10374122524200403,40,1,POINT (15.27083333 47.6875)
5.023198572563971,40,1,POINT (15.3125 47.6875)
0.05796145709687418,40,1,POINT (15.35416667 47.6875)
0.0,40,1,POINT (15.39583333 47.6875)
0.0,40,1,POINT (15.4375 47.6875)
0.0,40,1,POINT (15.47916667 47.6875)
0.0,40,1,POINT (15.52083333 47.6875)
0.0,40,1,POINT (15.5625 47.6875)
0.0001891589099182644,40,1,POINT (15.60416667 47.6875)
3.3808615999472478,40,1,POINT (15.64583333 47.6875)
26.092386238524902,40,1,POINT (15.6875 47.6875)
0.4017654316952724,40,1,POINT (15.72916667 47.6875)
175.98546469796827,40,1,POINT (15.77083333 47.6875)
143030.7082676211,40,1,POINT (15.8125 47.6875)
6385155.020868966,40,1,POINT (15.85416667 47.6875)
4735412.301429591,40,1,POINT (15.89583333 47.6875)
198149203.27131835,40,1,POINT (15.9375 47.6875)
28708259.647699527,40,1,POINT (15.97916667 47.6875)
661718656.142362,40,1,POINT (16.02083333 47.6875)
123631033.30287059,40,1,POINT (16.0625 47.6875)
13897591.113430126,40,1,POINT (16.10416667 47.6875)
3490385.7196029304,40,1,POINT (16.14583333 47.6875)
2263418.6085632546,40,1,POINT (16.1875 47.6875)
40156.159043702515,40,1,POINT (16.22916667 47.6875)
774.2177904661747,40,1,POINT (16.27083333 47.6875)
7458.186192286449,40,1,POINT (16.3125 47.6875)
90467.20978321238,40,1,POINT (16.35416667 47.6875)
2374500.691697156,40,1,POINT (16.39583333 47.6875)
7.595033360602059e-07,40,1,POINT (16.72916667 47.6875)
2.810087630933474,40,1,POINT (16.77083333 47.6875)
263.07660658013606,40,1,POINT (16.8125 47.6875)
2814313.963763882,40,1,POINT (16.89583333 47.6875)
2929.8460784171525,40,1,POINT (12.22916667 47.64583333)
0.10859932806626287,40,1,POINT (12.27083333 47.64583333)
0.0,40,1,POINT (12.3125 47.64583333)
0.0,40,1,POINT (12.35416667 47.64583333)
0.0,40,1,POINT (12.39583333 47.64583333)
0.0,40,1,POINT (12.4375 47.64583333)
0.0,40,1,POINT (12.60416667 47.64583333)
0.0,40,1,POINT (12.64583333 47.64583333)
0.0,40,1,POINT (12.6875 47.64583333)
0.0,40,1,POINT (12.72916667 47.64583333)
18497669.84135068,40,1,POINT (13.10416667 47.64583333)
3015218.2287885733,40,1,POINT (13.14583333 47.64583333)
5784.975185708831,40,1,POINT (13.1875 47.64583333)
0.017428061535264876,40,1,POINT (13.22916667 47.64583333)
0.0,40,1,POINT (13.27083333 47.64583333)
0.0,40,1,POINT (13.3125 47.64583333)
0.0,40,1,POINT (13.35416667 47.64583333)
0.0,40,1,POINT (13.39583333 47.64583333)
0.0,40,1,POINT (13.4375 47.64583333)
0.0,40,1,POINT (13.47916667 47.64583333)
0.0,40,1,POINT (13.52083333 47.64583333)
0.9926301284028758,40,1,POINT (13.5625 47.64583333)
444271.477670452,40,1,POINT (13.60416667 47.64583333)
48673.560059394804,40,1,POINT (13.64583333 47.64583333)
0.14946937397379628,40,1,POINT (13.6875 47.64583333)
0.0,40,1,POINT (13.72916667 47.64583333)
308.4453187616893,40,1,POINT (13.77083333 47.64583333)
3.9752684518234562,40,1,POINT (13.8125 47.64583333)
0.0,40,1,POINT (13.85416667 47.64583333)
0.0,40,1,POINT (13.89583333 47.64583333)
0.0,40,1,POINT (13.9375 47.64583333)
0.0,40,1,POINT (13.97916667 47.64583333)
0.0,40,1,POINT (14.02083333 47.64583333)
0.0,40,1,POINT (14.0625 47.64583333)
0.0,40,1,POINT (14.10416667 47.64583333)
9.493791701797351e-08,40,1,POINT (14.14583333 47.64583333)
0.43362043502019243,40,1,POINT (14.1875 47.64583333)
25.534563526263284,40,1,POINT (14.22916667 47.64583333)
15.45317158984903,40,1,POINT (14.27083333 47.64583333)
88.71807779457528,40,1,POINT (14.3125 47.64583333)
4982.1662950539685,40,1,POINT (14.35416667 47.64583333)
0.0,40,1,POINT (14.39583333 47.64583333)
0.0,40,1,POINT (14.4375 47.64583333)
0.0,40,1,POINT (14.47916667 47.64583333)
0.0,40,1,POINT (14.52083333 47.64583333)
0.0,40,1,POINT (14.5625 47.64583333)
0.0,40,1,POINT (14.60416667 47.64583333)
0.0,40,1,POINT (14.64583333 47.64583333)
0.0,40,1,POINT (14.6875 47.64583333)
0.0,40,1,POINT (14.72916667 47.64583333)
0.0,40,1,POINT (14.77083333 47.64583333)
0.0,40,1,POINT (14.8125 47.64583333)
0.0,40,1,POINT (14.85416667 47.64583333)
0.0,40,1,POINT (14.89583333 47.64583333)
0.0,40,1,POINT (14.9375 47.64583333)
0.0,40,1,POINT (14.97916667 47.64583333)
0.0,40,1,POINT (15.02083333 47.64583333)
0.0,40,1,POINT (15.0625 47.64583333)
0.0,40,1,POINT (15.10416667 47.64583333)
0.0,40,1,POINT (15.14583333 47.64583333)
0.0,40,1,POINT (15.1875 47.64583333)
0.0,40,1,POINT (15.22916667 47.64583333)
0.0,40,1,POINT (15.27083333 47.64583333)
0.0,40,1,POINT (15.3125 47.64583333)
0.0,40,1,POINT (15.35416667 47.64583333)
0.0,40,1,POINT (15.39583333 47.64583333)
0.0,40,1,POINT (15.4375 47.64583333)
0.0,40,1,POINT (15.47916667 47.64583333)
0.0,40,1,POINT (15.52083333 47.64583333)
7.595033361361894e-07,40,1,POINT (15.5625 47.64583333)
61.961651724449595,40,1,POINT (15.60416667 47.64583333)
39108.868048997894,40,1,POINT (15.64583333 47.64583333)
303262.9958252158,40,1,POINT (15.6875 47.64583333)
12496.322487795458,40,1,POINT (15.72916667 47.64583333)
2992.874986438216,40,1,POINT (15.77083333 47.64583333)
571593.1414838489,40,1,POINT (15.8125 47.64583333)
2569929.985176658,40,1,POINT (15.85416667 47.64583333)
673395.8796585102,40,1,POINT (15.89583333 47.64583333)
42982341.90068075,40,1,POINT (15.9375 47.64583333)
1869961.0036444585,40,1,POINT (15.97916667 47.64583333)
434961.2247637566,40,1,POINT (16.02083333 47.64583333)
240334.2910362196,40,1,POINT (16.0625 47.64583333)
306289.6981685977,40,1,POINT (16.10416667 47.64583333)
94563.40578237451,40,1,POINT (16.14583333 47.64583333)
818.6004300462405,40,1,POINT (16.1875 47.64583333)
14.818190845302587,40,1,POINT (16.22916667 47.64583333)
280.1984102839563,40,1,POINT (16.27083333 47.64583333)
252.3165830280231,40,1,POINT (16.3125 47.64583333)
3905.2789450477067,40,1,POINT (16.35416667 47.64583333)
75006.98759420175,40,1,POINT (16.39583333 47.64583333)
1722.4654301239011,40,1,POINT (16.4375 47.64583333)
0.0,40,1,POINT (11.89583333 47.60416667)
0.0,40,1,POINT (11.9375 47.60416667)
0.0,40,1,POINT (11.97916667 47.60416667)
0.03605415239313014,40,1,POINT (12.02083333 47.60416667)
174.8418546305975,40,1,POINT (12.0625 47.60416667)
36617.16261002209,40,1,POINT (12.10416667 47.60416667)
61847251.78632761,40,1,POINT (12.14583333 47.60416667)
198464123.6454786,40,1,POINT (12.1875 47.60416667)
285411.7971554559,40,1,POINT (12.22916667 47.60416667)
8.830269525492795,40,1,POINT (12.27083333 47.60416667)
0.0,40,1,POINT (12.3125 47.60416667)
5.494092420521278e-11,40,1,POINT (12.35416667 47.60416667)
0.00031510482526760867,40,1,POINT (12.39583333 47.60416667)
2.915857447092647,40,1,POINT (12.4375 47.60416667)
711.3792805112319,40,1,POINT (12.47916667 47.60416667)
0.0,40,1,POINT (12.52083333 47.60416667)
61915.2322630919,40,1,POINT (12.5625 47.60416667)
687.4769570312947,40,1,POINT (12.60416667 47.60416667)
0.0,40,1,POINT (12.64583333 47.60416667)
24.88740531939346,40,1,POINT (12.6875 47.60416667)
24.88740531939346,40,1,POINT (12.72916667 47.60416667)
0.0,40,1,POINT (12.77083333 47.60416667)
176.41560074983138,40,1,POINT (13.0625 47.60416667)
17172.499839340053,40,1,POINT (13.10416667 47.60416667)
3652409.5868591266,40,1,POINT (13.14583333 47.60416667)
444616.8610087228,40,1,POINT (13.1875 47.60416667)
1.198326507042095,40,1,POINT (13.22916667 47.60416667)
0.0,40,1,POINT (13.27083333 47.60416667)
0.2581905810257375,40,1,POINT (13.3125 47.60416667)
3.2715915316593405,40,1,POINT (13.35416667 47.60416667)
0.0,40,1,POINT (13.39583333 47.60416667)
0.0,40,1,POINT (13.4375 47.60416667)
0.0,40,1,POINT (13.47916667 47.60416667)
0.0,40,1,POINT (13.52083333 47.60416667)
1.8048588066989734e-05,40,1,POINT (13.5625 47.60416667)
548.2359795478924,40,1,POINT (13.60416667 47.60416667)
49.72554182124497,40,1,POINT (13.64583333 47.60416667)
4.005193373860622e-08,40,1,POINT (13.6875 47.60416667)
3.7683979907679936e-07,40,1,POINT (13.72916667 47.60416667)
456263.87074152275,40,1,POINT (13.77083333 47.60416667)
9429.983458130406,40,1,POINT (13.8125 47.60416667)
0.0,40,1,POINT (13.85416667 47.60416667)
0.0,40,1,POINT (13.89583333 47.60416667)
0.0,40,1,POINT (13.9375 47.60416667)
0.0,40,1,POINT (13.97916667 47.60416667)
0.0,40,1,POINT (14.02083333 47.60416667)
0.0028282954858728274,40,1,POINT (14.0625 47.60416667)
0.8010624261805699,40,1,POINT (14.10416667 47.60416667)
1.3110551334685965,40,1,POINT (14.14583333 47.60416667)
4890.579807531283,40,1,POINT (14.1875 47.60416667)
260751.62099093056,40,1,POINT (14.22916667 47.60416667)
75802.8920917138,40,1,POINT (14.27083333 47.60416667)
2191.3739957239536,40,1,POINT (14.3125 47.60416667)
24.984748384164607,40,1,POINT (14.35416667 47.60416667)
0.0018172348543343435,40,1,POINT (14.39583333 47.60416667)
0.0,40,1,POINT (14.4375 47.60416667)
0.0,40,1,POINT (14.47916667 47.60416667)
0.0,40,1,POINT (14.52083333 47.60416667)
0.0,40,1,POINT (14.5625 47.60416667)
0.0,40,1,POINT (14.60416667 47.60416667)
0.0,40,1,POINT (14.64583333 47.60416667)
0.0,40,1,POINT (14.6875 47.60416667)
0.0,40,1,POINT (14.72916667 47.60416667)
0.0,40,1,POINT (14.77083333 47.60416667)
0.0008079680989013727,40,1,POINT (14.8125 47.60416667)
12.52582489296769,40,1,POINT (14.85416667 47.60416667)
45.80804066630698,40,1,POINT (14.89583333 47.60416667)
0.2486007739509531,40,1,POINT (14.9375 47.60416667)
0.0,40,1,POINT (14.97916667 47.60416667)
0.0,40,1,POINT (15.02083333 47.60416667)
0.0,40,1,POINT (15.0625 47.60416667)
0.0,40,1,POINT (15.10416667 47.60416667)
0.0,40,1,POINT (15.14583333 47.60416667)
0.0,40,1,POINT (15.1875 47.60416667)
0.0,40,1,POINT (15.22916667 47.60416667)
0.0,40,1,POINT (15.27083333 47.60416667)
0.0,40,1,POINT (15.3125 47.60416667)
0.0,40,1,POINT (15.35416667 47.60416667)
4.0051933745600244e-08,40,1,POINT (15.39583333 47.60416667)
0.0046482504654952045,40,1,POINT (15.4375 47.60416667)
2.085938491396613,40,1,POINT (15.47916667 47.60416667)
1.9583017301004442,40,1,POINT (15.52083333 47.60416667)
0.521264963137016,40,1,POINT (15.5625 47.60416667)
11774.325346319081,40,1,POINT (15.60416667 47.60416667)
16021594.708791256,40,1,POINT (15.64583333 47.60416667)
86337232.44344404,40,1,POINT (15.6875 47.60416667)
185451.57996549876,40,1,POINT (15.72916667 47.60416667)
20043.594021901652,40,1,POINT (15.77083333 47.60416667)
717047.2516990091,40,1,POINT (15.8125 47.60416667)
903120.002483904,40,1,POINT (15.85416667 47.60416667)
3852.3483685515043,40,1,POINT (15.89583333 47.60416667)
6717.497905748434,40,1,POINT (15.9375 47.60416667)
839149.3631828539,40,1,POINT (15.97916667 47.60416667)
349413.2698102649,40,1,POINT (16.02083333 47.60416667)
142239.90031463635,40,1,POINT (16.0625 47.60416667)
6671842.135703114,40,1,POINT (16.10416667 47.60416667)
1466705.5367549004,40,1,POINT (16.14583333 47.60416667)
17.36680302687155,40,1,POINT (16.1875 47.60416667)
8065.6142640814505,40,1,POINT (16.22916667 47.60416667)
250087.21502831287,40,1,POINT (16.27083333 47.60416667)
3441.0742841487445,40,1,POINT (16.3125 47.60416667)
3.489913379258729,40,1,POINT (16.35416667 47.60416667)
81053.0155049663,40,1,POINT (16.39583333 47.60416667)
966778.6156094841,40,1,POINT (16.4375 47.60416667)
2861543.350439434,40,1,POINT (16.47916667 47.60416667)
5083077.757188134,40,1,POINT (16.52083333 47.60416667)
2961530.9648337164,40,1,POINT (16.5625 47.60416667)
7382388.1729924455,40,1,POINT (16.60416667 47.60416667)
595515.6622964842,40,1,POINT (16.64583333 47.60416667)
12915977.237691106,40,1,POINT (9.77083333 47.5625)
0.0,40,1,POINT (10.4375 47.5625)
0.0,40,1,POINT (11.60416667 47.5625)
0.0,40,1,POINT (11.64583333 47.5625)
0.0,40,1,POINT (11.6875 47.5625)
0.0,40,1,POINT (11.72916667 47.5625)
0.0,40,1,POINT (11.77083333 47.5625)
0.0,40,1,POINT (11.8125 47.5625)
0.0,40,1,POINT (11.85416667 47.5625)
4.005193374516324e-08,40,1,POINT (11.89583333 47.5625)
0.22843050188772776,40,1,POINT (11.9375 47.5625)
123.25780495332837,40,1,POINT (11.97916667 47.5625)
7857.807342457474,40,1,POINT (12.02083333 47.5625)
198625.20309584474,40,1,POINT (12.0625 47.5625)
14634353.95451539,40,1,POINT (12.10416667 47.5625)
425247732.79687417,40,1,POINT (12.14583333 47.5625)
130751628.61998403,40,1,POINT (12.1875 47.5625)
61425.675824647216,40,1,POINT (12.22916667 47.5625)
2.920515365365672,40,1,POINT (12.27083333 47.5625)
3.76839799095633e-07,40,1,POINT (12.3125 47.5625)
0.3145770115896373,40,1,POINT (12.35416667 47.5625)
2285.035064978173,40,1,POINT (12.39583333 47.5625)
98871.6175085852,40,1,POINT (12.4375 47.5625)
34117.10295368797,40,1,POINT (12.47916667 47.5625)
3.617876340951365e-05,40,1,POINT (12.52083333 47.5625)
61772.54857462236,40,1,POINT (12.5625 47.5625)
684.6381018721232,40,1,POINT (12.60416667 47.5625)
0.0,40,1,POINT (12.64583333 47.5625)
18142.918476528794,40,1,POINT (12.6875 47.5625)
18142.918476528794,40,1,POINT (12.72916667 47.5625)
0.0,40,1,POINT (12.77083333 47.5625)
7.927409469707256e-05,40,1,POINT (13.0625 47.5625)
8.937894901932266,40,1,POINT (13.10416667 47.5625)
180402.14276665135,40,1,POINT (13.14583333 47.5625)
48877.573714456375,40,1,POINT (13.1875 47.5625)
0.08096974040075784,40,1,POINT (13.22916667 47.5625)
0.0,40,1,POINT (13.27083333 47.5625)
186.3542933348531,40,1,POINT (13.3125 47.5625)
2354.5827297052174,40,1,POINT (13.35416667 47.5625)
0.0,40,1,POINT (13.39583333 47.5625)
0.0,40,1,POINT (13.4375 47.5625)
0.0,40,1,POINT (13.47916667 47.5625)
0.0,40,1,POINT (13.52083333 47.5625)
0.0,40,1,POINT (13.5625 47.5625)
0.0,40,1,POINT (13.60416667 47.5625)
0.0,40,1,POINT (13.64583333 47.5625)
0.0,40,1,POINT (13.6875 47.5625)
5.494092419142157e-11,40,1,POINT (13.72916667 47.5625)
5.851011957990062,40,1,POINT (13.77083333 47.5625)
0.45217330315571846,40,1,POINT (13.8125 47.5625)
0.0,40,1,POINT (13.85416667 47.5625)
0.0,40,1,POINT (13.89583333 47.5625)
0.0,40,1,POINT (13.9375 47.5625)
0.0,40,1,POINT (13.97916667 47.5625)
1.8542561917276105e-07,40,1,POINT (14.02083333 47.5625)
143.2616512424153,40,1,POINT (14.0625 47.5625)
398254.82579755527,40,1,POINT (14.10416667 47.5625)
13317.608087756977,40,1,POINT (14.14583333 47.5625)
293460.7745869233,40,1,POINT (14.1875 47.5625)
96461921.00925429,40,1,POINT (14.22916667 47.5625)
29794924.83753463,40,1,POINT (14.27083333 47.5625)
5878978.315641978,40,1,POINT (14.3125 47.5625)
89063.3546493303,40,1,POINT (14.35416667 47.5625)
510.7000977148059,40,1,POINT (14.39583333 47.5625)
6.86761552495007e-06,40,1,POINT (14.4375 47.5625)
3.256370553837503e-05,40,1,POINT (14.47916667 47.5625)
2.563323759604966e-06,40,1,POINT (14.52083333 47.5625)
0.0,40,1,POINT (14.5625 47.5625)
0.0,40,1,POINT (14.60416667 47.5625)
0.0,40,1,POINT (14.64583333 47.5625)
0.0,40,1,POINT (14.6875 47.5625)
0.0,40,1,POINT (14.72916667 47.5625)
0.0,40,1,POINT (14.77083333 47.5625)
1.578835747980105,40,1,POINT (14.8125 47.5625)
373322.38943542534,40,1,POINT (14.85416667 47.5625)
3198054.849832612,40,1,POINT (14.89583333 47.5625)
738.9010767831488,40,1,POINT (14.9375 47.5625)
2.7829226334473286e-06,40,1,POINT (14.97916667 47.5625)
0.0,40,1,POINT (15.02083333 47.5625)
0.0,40,1,POINT (15.0625 47.5625)
0.0,40,1,POINT (15.10416667 47.5625)
0.0,40,1,POINT (15.14583333 47.5625)
0.0,40,1,POINT (15.1875 47.5625)
42.06049974988046,40,1,POINT (15.22916667 47.5625)
0.1620105941478817,40,1,POINT (15.27083333 47.5625)
357.54352256541426,40,1,POINT (15.3125 47.5625)
4506.769048972503,40,1,POINT (15.35416667 47.5625)
90.40746613434622,40,1,POINT (15.39583333 47.5625)
1929.5245377473268,40,1,POINT (15.4375 47.5625)
137662.58391045095,40,1,POINT (15.47916667 47.5625)
206117.49331960306,40,1,POINT (15.52083333 47.5625)
30942.268501467704,40,1,POINT (15.5625 47.5625)
338368.9186697091,40,1,POINT (15.60416667 47.5625)
2091174.7802831552,40,1,POINT (15.64583333 47.5625)
97268.46966707034,40,1,POINT (15.6875 47.5625)
1228.2951911996633,40,1,POINT (15.72916667 47.5625)
3.9353354161959904,40,1,POINT (15.77083333 47.5625)
26804.077723826507,40,1,POINT (15.8125 47.5625)
26765.281055603326,40,1,POINT (15.85416667 47.5625)
1.1277070411713639,40,1,POINT (15.89583333 47.5625)
0.049065341062657176,40,1,POINT (15.9375 47.5625)
2.072932380289672,40,1,POINT (15.97916667 47.5625)
48.7907222564995,40,1,POINT (16.02083333 47.5625)
58905.99574652758,40,1,POINT (16.0625 47.5625)
1997910.3596481676,40,1,POINT (16.10416667 47.5625)
22581.688006842993,40,1,POINT (16.14583333 47.5625)
876.0837146005031,40,1,POINT (16.1875 47.5625)
1459.209861956158,40,1,POINT (16.22916667 47.5625)
24425.59703526547,40,1,POINT (16.27083333 47.5625)
230.86832800904153,40,1,POINT (16.3125 47.5625)
329.41669775272214,40,1,POINT (16.35416667 47.5625)
897081.0536540339,40,1,POINT (16.39583333 47.5625)
25210874.719216745,40,1,POINT (16.4375 47.5625)
583950.6050019336,40,1,POINT (16.47916667 47.5625)
1825739.8397989653,40,1,POINT (16.52083333 47.5625)
564747.5535612582,40,1,POINT (16.5625 47.5625)
39607.67499028869,40,1,POINT (16.60416667 47.5625)
17881.957887558674,40,1,POINT (16.64583333 47.5625)
331865.2135572115,40,1,POINT (9.5625 47.52083333)
249910.7020542133,40,1,POINT (9.60416667 47.52083333)
2364932.588414465,40,1,POINT (9.64583333 47.52083333)
105031722.20602801,40,1,POINT (9.6875 47.52083333)
1922977653.412043,40,1,POINT (9.72916667 47.52083333)
189745783.1476308,40,1,POINT (9.77083333 47.52083333)
124376.90705435921,40,1,POINT (9.8125 47.52083333)
0.7148384639276907,40,1,POINT (9.85416667 47.52083333)
0.0,40,1,POINT (9.89583333 47.52083333)
0.0,40,1,POINT (9.9375 47.52083333)
0.0,40,1,POINT (10.4375 47.52083333)
18.435838531680936,40,1,POINT (10.47916667 47.52083333)
13368.935711044158,40,1,POINT (10.52083333 47.52083333)
0.05864738442675691,40,1,POINT (10.5625 47.52083333)
2368.132602882651,40,1,POINT (10.60416667 47.52083333)
339139.2737910282,40,1,POINT (10.64583333 47.52083333)
4224425.446542289,40,1,POINT (10.6875 47.52083333)
53096171.50305521,40,1,POINT (10.72916667 47.52083333)
28.553812735331547,40,1,POINT (10.8125 47.52083333)
0.0,40,1,POINT (10.85416667 47.52083333)
0.0,40,1,POINT (11.5625 47.52083333)
0.0,40,1,POINT (11.60416667 47.52083333)
0.0,40,1,POINT (11.64583333 47.52083333)
0.0,40,1,POINT (11.6875 47.52083333)
0.0,40,1,POINT (11.72916667 47.52083333)
0.0,40,1,POINT (11.77083333 47.52083333)
0.09903020895266987,40,1,POINT (11.8125 47.52083333)
91.81608861967824,40,1,POINT (11.85416667 47.52083333)
551.9878608937848,40,1,POINT (11.89583333 47.52083333)
7722.459693600602,40,1,POINT (11.9375 47.52083333)
204759.49358876888,40,1,POINT (11.97916667 47.52083333)
5122119.421173762,40,1,POINT (12.02083333 47.52083333)
163785255.08934867,40,1,POINT (12.0625 47.52083333)
108634118.177368,40,1,POINT (12.10416667 47.52083333)
1946187.8232705577,40,1,POINT (12.14583333 47.52083333)
1404004.8842252071,40,1,POINT (12.1875 47.52083333)
14236.993114798624,40,1,POINT (12.22916667 47.52083333)
2.3475250357411186,40,1,POINT (12.27083333 47.52083333)
140.00794325991916,40,1,POINT (12.3125 47.52083333)
44904.40941572309,40,1,POINT (12.35416667 47.52083333)
949234.1685816179,40,1,POINT (12.39583333 47.52083333)
5496405.035370134,40,1,POINT (12.4375 47.52083333)
676.95949458883,40,1,POINT (12.47916667 47.52083333)
1127.830607498079,40,1,POINT (12.52083333 47.52083333)
75.56618252602182,40,1,POINT (12.5625 47.52083333)
0.009443224954011665,40,1,POINT (12.60416667 47.52083333)
0.0,40,1,POINT (12.64583333 47.52083333)
0.0,40,1,POINT (12.6875 47.52083333)
0.0,40,1,POINT (12.72916667 47.52083333)
0.0,40,1,POINT (12.77083333 47.52083333)
0.0,40,1,POINT (12.8125 47.52083333)
0.0,40,1,POINT (13.0625 47.52083333)
1.071963360163546e-05,40,1,POINT (13.10416667 47.52083333)
3.211640226575397,40,1,POINT (13.14583333 47.52083333)
331.6520566913533,40,1,POINT (13.1875 47.52083333)
0.09660904098863812,40,1,POINT (13.22916667 47.52083333)
1.1867239627246664e-08,40,1,POINT (13.27083333 47.52083333)
0.0,40,1,POINT (13.3125 47.52083333)
0.0,40,1,POINT (13.35416667 47.52083333)
0.0,40,1,POINT (13.39583333 47.52083333)
0.0,40,1,POINT (13.4375 47.52083333)
0.0,40,1,POINT (13.47916667 47.52083333)
0.0,40,1,POINT (13.52083333 47.52083333)
0.0,40,1,POINT (13.5625 47.52083333)
0.0,40,1,POINT (13.60416667 47.52083333)
0.0,40,1,POINT (13.64583333 47.52083333)
0.0,40,1,POINT (13.6875 47.52083333)
0.0,40,1,POINT (13.72916667 47.52083333)
0.0,40,1,POINT (13.77083333 47.52083333)
0.0,40,1,POINT (13.8125 47.52083333)
0.0,40,1,POINT (13.85416667 47.52083333)
0.0,40,1,POINT (13.89583333 47.52083333)
0.0,40,1,POINT (13.9375 47.52083333)
0.0,40,1,POINT (13.97916667 47.52083333)
1.9663961120603394e-05,40,1,POINT (14.02083333 47.52083333)
2787.8897178976376,40,1,POINT (14.0625 47.52083333)
7652803.560720648,40,1,POINT (14.10416667 47.52083333)
79436.26104725758,40,1,POINT (14.14583333 47.52083333)
2117.751004476969,40,1,POINT (14.1875 47.52083333)
87813.72110193034,40,1,POINT (14.22916667 47.52083333)
148054.119496138,40,1,POINT (14.27083333 47.52083333)
732423.1397819071,40,1,POINT (14.3125 47.52083333)
3802564.9315149556,40,1,POINT (14.35416667 47.52083333)
63859.37478936914,40,1,POINT (14.39583333 47.52083333)
0.09375613086806744,40,1,POINT (14.4375 47.52083333)
54881.60935941165,40,1,POINT (14.47916667 47.52083333)
1263.285401237377,40,1,POINT (14.52083333 47.52083333)
1.5075789600194553e-07,40,1,POINT (14.5625 47.52083333)
0.0,40,1,POINT (14.60416667 47.52083333)
0.0,40,1,POINT (14.64583333 47.52083333)
0.0,40,1,POINT (14.6875 47.52083333)
0.0,40,1,POINT (14.72916667 47.52083333)
0.0,40,1,POINT (14.77083333 47.52083333)
0.35296702136911257,40,1,POINT (14.8125 47.52083333)
30817.665898191608,40,1,POINT (14.85416667 47.52083333)
2174561.93056057,40,1,POINT (14.89583333 47.52083333)
669.600351705479,40,1,POINT (14.9375 47.52083333)
1.3737813272810784e-05,40,1,POINT (14.97916667 47.52083333)
0.0,40,1,POINT (15.02083333 47.52083333)
0.0,40,1,POINT (15.0625 47.52083333)
0.0,40,1,POINT (15.10416667 47.52083333)
0.0,40,1,POINT (15.14583333 47.52083333)
0.003595928925029899,40,1,POINT (15.1875 47.52083333)
46297.444954987724,40,1,POINT (15.22916667 47.52083333)
9751.210700968071,40,1,POINT (15.27083333 47.52083333)
24268.47865091774,40,1,POINT (15.3125 47.52083333)
31586.273414346975,40,1,POINT (15.35416667 47.52083333)
188910.9821213061,40,1,POINT (15.39583333 47.52083333)
13868933.714956941,40,1,POINT (15.4375 47.52083333)
3974610.236112437,40,1,POINT (15.47916667 47.52083333)
1900383.1674590104,40,1,POINT (15.52083333 47.52083333)
4234.865205218397,40,1,POINT (15.5625 47.52083333)
12.692641494630303,40,1,POINT (15.60416667 47.52083333)
123.68198637715307,40,1,POINT (15.64583333 47.52083333)
35.743877401442816,40,1,POINT (15.6875 47.52083333)
0.15697957431477103,40,1,POINT (15.72916667 47.52083333)
0.0,40,1,POINT (15.77083333 47.52083333)
0.0014393463427660427,40,1,POINT (15.8125 47.52083333)
0.000988097577709295,40,1,POINT (15.85416667 47.52083333)
5.494092419142157e-11,40,1,POINT (15.89583333 47.52083333)
0.0,40,1,POINT (15.9375 47.52083333)
0.0,40,1,POINT (15.97916667 47.52083333)
0.0023354589683903743,40,1,POINT (16.02083333 47.52083333)
443.36238189552034,40,1,POINT (16.0625 47.52083333)
76812.36218505636,40,1,POINT (16.10416667 47.52083333)
2975.1461309162314,40,1,POINT (16.14583333 47.52083333)
310093.472468488,40,1,POINT (16.1875 47.52083333)
2141.537253994557,40,1,POINT (16.22916667 47.52083333)
850800.2277249984,40,1,POINT (16.27083333 47.52083333)
2003360.7998769956,40,1,POINT (16.3125 47.52083333)
3626.2624533301396,40,1,POINT (16.35416667 47.52083333)
242013.4405193605,40,1,POINT (16.39583333 47.52083333)
4550410.636164588,40,1,POINT (16.4375 47.52083333)
5637219.674960736,40,1,POINT (16.47916667 47.52083333)
9760062.656495396,40,1,POINT (16.52083333 47.52083333)
5761.851951328721,40,1,POINT (16.5625 47.52083333)
4.600765869030085,40,1,POINT (16.60416667 47.52083333)
13323.3758750369,40,1,POINT (16.64583333 47.52083333)
3609812.943035521,40,1,POINT (9.60416667 47.47916667)
485114516.67172635,40,1,POINT (9.64583333 47.47916667)
2632625485.2853317,40,1,POINT (9.6875 47.47916667)
10735993054.894962,40,1,POINT (9.72916667 47.47916667)
558108354.3935081,40,1,POINT (9.77083333 47.47916667)
440530.2778480758,40,1,POINT (9.8125 47.47916667)
5.1888968750260664,40,1,POINT (9.85416667 47.47916667)
424.27977884054536,40,1,POINT (9.89583333 47.47916667)
185.2031974217851,40,1,POINT (9.9375 47.47916667)
0.0,40,1,POINT (9.97916667 47.47916667)
0.0,40,1,POINT (10.02083333 47.47916667)
18.45176123527428,40,1,POINT (10.47916667 47.47916667)
13393.36246201853,40,1,POINT (10.52083333 47.47916667)
0.0,40,1,POINT (10.5625 47.47916667)
0.35410746320586334,40,1,POINT (10.60416667 47.47916667)
18248.64188332281,40,1,POINT (10.64583333 47.47916667)
73292426.02438769,40,1,POINT (10.6875 47.47916667)
691263887.1839602,40,1,POINT (10.72916667 47.47916667)
2977387.9028830077,40,1,POINT (10.77083333 47.47916667)
464.5804349713897,40,1,POINT (10.8125 47.47916667)
0.0,40,1,POINT (10.85416667 47.47916667)
0.0,40,1,POINT (11.39583333 47.47916667)
0.0,40,1,POINT (11.4375 47.47916667)
0.0,40,1,POINT (11.47916667 47.47916667)
0.0,40,1,POINT (11.52083333 47.47916667)
0.0,40,1,POINT (11.5625 47.47916667)
0.0,40,1,POINT (11.60416667 47.47916667)
0.0,40,1,POINT (11.64583333 47.47916667)
0.0006175043420480396,40,1,POINT (11.6875 47.47916667)
4.588158159817271,40,1,POINT (11.72916667 47.47916667)
42.97744413483426,40,1,POINT (11.77083333 47.47916667)
1975.8482770588528,40,1,POINT (11.8125 47.47916667)
405321.5923075191,40,1,POINT (11.85416667 47.47916667)
1363236.6256563913,40,1,POINT (11.89583333 47.47916667)
846874.0771099213,40,1,POINT (11.9375 47.47916667)
285300080.0657392,40,1,POINT (11.97916667 47.47916667)
487919504.4170007,40,1,POINT (12.02083333 47.47916667)
1134414873.6902633,40,1,POINT (12.0625 47.47916667)
40136502.77251783,40,1,POINT (12.10416667 47.47916667)
2867340.044243861,40,1,POINT (12.14583333 47.47916667)
1211368.9928595778,40,1,POINT (12.1875 47.47916667)
125491.32757749653,40,1,POINT (12.22916667 47.47916667)
83774.26225420056,40,1,POINT (12.27083333 47.47916667)
140932.49196701567,40,1,POINT (12.3125 47.47916667)
2949176.8500753,40,1,POINT (12.35416667 47.47916667)
11328408.558027804,40,1,POINT (12.39583333 47.47916667)
88804.31319539399,40,1,POINT (12.4375 47.47916667)
404.44150804517784,40,1,POINT (12.47916667 47.47916667)
970362.4298929459,40,1,POINT (12.52083333 47.47916667)
905519.6658635755,40,1,POINT (12.5625 47.47916667)
1.023587901236034,40,1,POINT (12.60416667 47.47916667)
0.0,40,1,POINT (12.64583333 47.47916667)
0.0,40,1,POINT (12.6875 47.47916667)
0.0,40,1,POINT (12.72916667 47.47916667)
0.00879620717170567,40,1,POINT (12.77083333 47.47916667)
50.00365400065886,40,1,POINT (12.8125 47.47916667)
135.6263614652516,40,1,POINT (12.85416667 47.47916667)
0.395587702209422,40,1,POINT (12.89583333 47.47916667)
0.0,40,1,POINT (13.02083333 47.47916667)
0.0,40,1,POINT (13.0625 47.47916667)
0.0,40,1,POINT (13.10416667 47.47916667)
28.831724120148156,40,1,POINT (13.14583333 47.47916667)
1056542.6893111356,40,1,POINT (13.1875 47.47916667)
12535.05390790813,40,1,POINT (13.22916667 47.47916667)
1.0270668601837656,40,1,POINT (13.27083333 47.47916667)
0.0,40,1,POINT (13.3125 47.47916667)
0.0,40,1,POINT (13.35416667 47.47916667)
0.0,40,1,POINT (13.39583333 47.47916667)
0.0,40,1,POINT (13.4375 47.47916667)
0.0,40,1,POINT (13.47916667 47.47916667)
0.0,40,1,POINT (13.52083333 47.47916667)
0.0,40,1,POINT (13.5625 47.47916667)
0.0,40,1,POINT (13.60416667 47.47916667)
0.0022365122869459383,40,1,POINT (13.64583333 47.47916667)
0.25726682310994575,40,1,POINT (13.6875 47.47916667)
0.003595928925078688,40,1,POINT (13.72916667 47.47916667)
0.0,40,1,POINT (13.77083333 47.47916667)
0.0,40,1,POINT (13.8125 47.47916667)
0.0,40,1,POINT (13.85416667 47.47916667)
105.25936561579454,40,1,POINT (13.89583333 47.47916667)
0.14438870454841468,40,1,POINT (13.9375 47.47916667)
0.0,40,1,POINT (13.97916667 47.47916667)
1.5075789599653926e-07,40,1,POINT (14.02083333 47.47916667)
43.638479830331384,40,1,POINT (14.0625 47.47916667)
11585.282225456302,40,1,POINT (14.10416667 47.47916667)
28.906853279825707,40,1,POINT (14.14583333 47.47916667)
0.19871062993941474,40,1,POINT (14.1875 47.47916667)
20.29372060525519,40,1,POINT (14.22916667 47.47916667)
56.270083164577315,40,1,POINT (14.27083333 47.47916667)
112.85936783197472,40,1,POINT (14.3125 47.47916667)
234.31900301042074,40,1,POINT (14.35416667 47.47916667)
4.844720685249378,40,1,POINT (14.39583333 47.47916667)
0.47263059970903726,40,1,POINT (14.4375 47.47916667)
649184.834004356,40,1,POINT (14.47916667 47.47916667)
13593.745706503569,40,1,POINT (14.52083333 47.47916667)
9.656416836946263e-07,40,1,POINT (14.5625 47.47916667)
0.0,40,1,POINT (14.60416667 47.47916667)
0.0,40,1,POINT (14.64583333 47.47916667)
0.0,40,1,POINT (14.6875 47.47916667)
0.0,40,1,POINT (14.72916667 47.47916667)
0.0,40,1,POINT (14.77083333 47.47916667)
1.974411992739603e-06,40,1,POINT (14.8125 47.47916667)
1.443712405568842,40,1,POINT (14.85416667 47.47916667)
13.620396703232833,40,1,POINT (14.89583333 47.47916667)
0.07927409470107694,40,1,POINT (14.9375 47.47916667)
29.763806586493367,40,1,POINT (14.97916667 47.47916667)
315.47464589235153,40,1,POINT (15.02083333 47.47916667)
245.45775525834517,40,1,POINT (15.0625 47.47916667)
43.173645208094044,40,1,POINT (15.10416667 47.47916667)
1.1240042483698554,40,1,POINT (15.14583333 47.47916667)
116.49334963021707,40,1,POINT (15.1875 47.47916667)
133786.25415983348,40,1,POINT (15.22916667 47.47916667)
12873206.921010504,40,1,POINT (15.27083333 47.47916667)
67314619.0471986,40,1,POINT (15.3125 47.47916667)
56431679.15826891,40,1,POINT (15.35416667 47.47916667)
2090037.3332059707,40,1,POINT (15.39583333 47.47916667)
11795942.106026428,40,1,POINT (15.4375 47.47916667)
104450.39050804514,40,1,POINT (15.47916667 47.47916667)
379.2248540339017,40,1,POINT (15.52083333 47.47916667)
0.17063253242980217,40,1,POINT (15.5625 47.47916667)
0.0,40,1,POINT (15.60416667 47.47916667)
0.0,40,1,POINT (15.64583333 47.47916667)
0.0,40,1,POINT (15.6875 47.47916667)
0.0,40,1,POINT (15.72916667 47.47916667)
0.0,40,1,POINT (15.77083333 47.47916667)
0.0,40,1,POINT (15.8125 47.47916667)
0.0,40,1,POINT (15.85416667 47.47916667)
0.0,40,1,POINT (15.89583333 47.47916667)
0.0,40,1,POINT (15.9375 47.47916667)
0.0006684662247363113,40,1,POINT (15.97916667 47.47916667)
231.21186071534368,40,1,POINT (16.02083333 47.47916667)
38290.74681343995,40,1,POINT (16.0625 47.47916667)
97734.75450020748,40,1,POINT (16.10416667 47.47916667)
0.2154720981933665,40,1,POINT (16.14583333 47.47916667)
9.648505343236964e-06,40,1,POINT (16.1875 47.47916667)
33.07810600222058,40,1,POINT (16.22916667 47.47916667)
532319.0442275361,40,1,POINT (16.27083333 47.47916667)
1507611.0999383456,40,1,POINT (16.3125 47.47916667)
1502.7729036220687,40,1,POINT (16.35416667 47.47916667)
373.0445465019127,40,1,POINT (16.39583333 47.47916667)
5594.16152032178,40,1,POINT (16.4375 47.47916667)
1238762.96379232,40,1,POINT (16.47916667 47.47916667)
7023842.434658706,40,1,POINT (16.52083333 47.47916667)
5255.838489046665,40,1,POINT (16.5625 47.47916667)
0.2018337265682144,40,1,POINT (16.60416667 47.47916667)
1515756006.3318763,40,1,POINT (9.6875 47.4375)
4214160558.949187,40,1,POINT (9.72916667 47.4375)
521084006.38900965,40,1,POINT (9.77083333 47.4375)
432321.52619514114,40,1,POINT (9.8125 47.4375)
5.080279831737122,40,1,POINT (9.85416667 47.4375)
5415.675956691557,40,1,POINT (9.89583333 47.4375)
2364.8921003276837,40,1,POINT (9.9375 47.4375)
0.0,40,1,POINT (9.97916667 47.4375)
0.0,40,1,POINT (10.02083333 47.4375)
0.0,40,1,POINT (10.0625 47.4375)
0.0,40,1,POINT (10.47916667 47.4375)
0.0,40,1,POINT (10.52083333 47.4375)
0.0,40,1,POINT (10.5625 47.4375)
0.0025420220092802768,40,1,POINT (10.60416667 47.4375)
937.2888070272114,40,1,POINT (10.64583333 47.4375)
267057.8901813735,40,1,POINT (10.6875 47.4375)
1207575.6861533502,40,1,POINT (10.72916667 47.4375)
292751.2152761417,40,1,POINT (10.77083333 47.4375)
5334.487673450479,40,1,POINT (10.8125 47.4375)
0.0,40,1,POINT (10.85416667 47.4375)
1007.3419991087258,40,1,POINT (10.89583333 47.4375)
1735.4442428926207,40,1,POINT (10.9375 47.4375)
0.0,40,1,POINT (11.35416667 47.4375)
0.0,40,1,POINT (11.39583333 47.4375)
0.0,40,1,POINT (11.4375 47.4375)
0.0,40,1,POINT (11.47916667 47.4375)
0.0,40,1,POINT (11.52083333 47.4375)
0.0,40,1,POINT (11.5625 47.4375)
1.5088151308521522e-05,40,1,POINT (11.60416667 47.4375)
11.497332930504724,40,1,POINT (11.64583333 47.4375)
2362.059086765451,40,1,POINT (11.6875 47.4375)
194036.95677448492,40,1,POINT (11.72916667 47.4375)
358780.1655564071,40,1,POINT (11.77083333 47.4375)
189437.14740010758,40,1,POINT (11.8125 47.4375)
91090566.52271084,40,1,POINT (11.85416667 47.4375)
420743395.5771163,40,1,POINT (11.89583333 47.4375)
692428.1114650171,40,1,POINT (11.9375 47.4375)
9840128.557371415,40,1,POINT (11.97916667 47.4375)
2856948.3644638085,40,1,POINT (12.02083333 47.4375)
846914.9121156157,40,1,POINT (12.0625 47.4375)
137620.0194472782,40,1,POINT (12.10416667 47.4375)
7758965.3410438355,40,1,POINT (12.14583333 47.4375)
5321441.236019058,40,1,POINT (12.1875 47.4375)
9377445.55006618,40,1,POINT (12.22916667 47.4375)
702149.3225699556,40,1,POINT (12.27083333 47.4375)
906534.1319758949,40,1,POINT (12.3125 47.4375)
3324682.40550653,40,1,POINT (12.35416667 47.4375)
223920457.10364726,40,1,POINT (12.39583333 47.4375)
421901.60655612283,40,1,POINT (12.4375 47.4375)
83.14480355225814,40,1,POINT (12.47916667 47.4375)
1969.0321265955495,40,1,POINT (12.52083333 47.4375)
2760.868198199409,40,1,POINT (12.5625 47.4375)
0.1348751093268432,40,1,POINT (12.60416667 47.4375)
1.440243363377564e-05,40,1,POINT (12.64583333 47.4375)
0.0,40,1,POINT (12.6875 47.4375)
0.0,40,1,POINT (12.72916667 47.4375)
5.814058308173473,40,1,POINT (12.77083333 47.4375)
885767.5846265148,40,1,POINT (12.8125 47.4375)
5202821.572157009,40,1,POINT (12.85416667 47.4375)
234.40570754859593,40,1,POINT (12.89583333 47.4375)
0.0,40,1,POINT (12.9375 47.4375)
0.0,40,1,POINT (12.97916667 47.4375)
0.0,40,1,POINT (13.02083333 47.4375)
0.0,40,1,POINT (13.0625 47.4375)
0.0,40,1,POINT (13.10416667 47.4375)
68.8451101020104,40,1,POINT (13.14583333 47.4375)
526579.2886725353,40,1,POINT (13.1875 47.4375)
2797207.604091525,40,1,POINT (13.22916667 47.4375)
468.9725200478002,40,1,POINT (13.27083333 47.4375)
4.419211696577229e-05,40,1,POINT (13.3125 47.4375)
0.0,40,1,POINT (13.35416667 47.4375)
0.0003151048252643619,40,1,POINT (13.39583333 47.4375)
0.009596909168650112,40,1,POINT (13.4375 47.4375)
4.070463192099079e-06,40,1,POINT (13.47916667 47.4375)
0.0,40,1,POINT (13.52083333 47.4375)
0.0,40,1,POINT (13.5625 47.4375)
0.10273728490409798,40,1,POINT (13.60416667 47.4375)
597.8678896009815,40,1,POINT (13.64583333 47.4375)
6390.809051868664,40,1,POINT (13.6875 47.4375)
396.07957371136786,40,1,POINT (13.72916667 47.4375)
0.00040738008532456365,40,1,POINT (13.77083333 47.4375)
0.0,40,1,POINT (13.8125 47.4375)
0.0,40,1,POINT (13.85416667 47.4375)
77477.85988118307,40,1,POINT (13.89583333 47.4375)
106.27964318406435,40,1,POINT (13.9375 47.4375)
0.0,40,1,POINT (13.97916667 47.4375)
0.0,40,1,POINT (14.02083333 47.4375)
5.494092419142157e-11,40,1,POINT (14.0625 47.4375)
7.28796853491629e-06,40,1,POINT (14.10416667 47.4375)
2.8129753186007934e-08,40,1,POINT (14.14583333 47.4375)
0.0,40,1,POINT (14.1875 47.4375)
0.0,40,1,POINT (14.22916667 47.4375)
0.0,40,1,POINT (14.27083333 47.4375)
0.0,40,1,POINT (14.3125 47.4375)
0.0,40,1,POINT (14.35416667 47.4375)
0.0,40,1,POINT (14.39583333 47.4375)
0.00025131604978766164,40,1,POINT (14.4375 47.4375)
0.07822643308446851,40,1,POINT (14.47916667 47.4375)
0.001956517129486298,40,1,POINT (14.52083333 47.4375)
0.0,40,1,POINT (14.5625 47.4375)
0.0,40,1,POINT (14.60416667 47.4375)
0.0,40,1,POINT (14.64583333 47.4375)
0.0,40,1,POINT (14.6875 47.4375)
0.0,40,1,POINT (14.72916667 47.4375)
0.0,40,1,POINT (14.77083333 47.4375)
0.0,40,1,POINT (14.8125 47.4375)
0.0,40,1,POINT (14.85416667 47.4375)
2.8129753190229303e-05,40,1,POINT (14.89583333 47.4375)
12.507380454656397,40,1,POINT (14.9375 47.4375)
602835.0364847117,40,1,POINT (14.97916667 47.4375)
3480265.980904094,40,1,POINT (15.02083333 47.4375)
565371.1533016284,40,1,POINT (15.0625 47.4375)
307670.2132376681,40,1,POINT (15.10416667 47.4375)
20068.008337843836,40,1,POINT (15.14583333 47.4375)
9829.501165260803,40,1,POINT (15.1875 47.4375)
9132920.821933534,40,1,POINT (15.22916667 47.4375)
2553819191.5479264,40,1,POINT (15.27083333 47.4375)
558130774.4149939,40,1,POINT (15.3125 47.4375)
19613487.37462558,40,1,POINT (15.35416667 47.4375)
35035.79028720763,40,1,POINT (15.39583333 47.4375)
2385.8046563382586,40,1,POINT (15.4375 47.4375)
64.49556292507806,40,1,POINT (15.47916667 47.4375)
0.004128890007746626,40,1,POINT (15.52083333 47.4375)
0.0,40,1,POINT (15.5625 47.4375)
0.0,40,1,POINT (15.60416667 47.4375)
0.0,40,1,POINT (15.64583333 47.4375)
0.0,40,1,POINT (15.6875 47.4375)
0.0,40,1,POINT (15.72916667 47.4375)
0.0,40,1,POINT (15.77083333 47.4375)
0.0,40,1,POINT (15.8125 47.4375)
5.876972463922143,40,1,POINT (15.85416667 47.4375)
4269.288346383388,40,1,POINT (15.89583333 47.4375)
0.0,40,1,POINT (15.9375 47.4375)
2.12905570138277,40,1,POINT (15.97916667 47.4375)
107925.76545507844,40,1,POINT (16.02083333 47.4375)
14995930.712628461,40,1,POINT (16.0625 47.4375)
84404.69540057253,40,1,POINT (16.10416667 47.4375)
462.94049967415555,40,1,POINT (16.14583333 47.4375)
0.33450166228571937,40,1,POINT (16.1875 47.4375)
1.0551827401184817,40,1,POINT (16.22916667 47.4375)
1071.2210869556495,40,1,POINT (16.27083333 47.4375)
813.8193242589127,40,1,POINT (16.3125 47.4375)
66420.09791730685,40,1,POINT (16.35416667 47.4375)
3735.282396668815,40,1,POINT (16.39583333 47.4375)
4822.5500746660555,40,1,POINT (16.4375 47.4375)
5394.600577807783,40,1,POINT (16.47916667 47.4375)
1018603.561084037,40,1,POINT (16.52083333 47.4375)
29586.715281166336,40,1,POINT (16.5625 47.4375)
50.81291013564956,40,1,POINT (16.60416667 47.4375)
1035085524.7894087,40,1,POINT (9.64583333 47.39583333)
1704091616.7860618,40,1,POINT (9.6875 47.39583333)
4185067819.6101413,40,1,POINT (9.72916667 47.39583333)
148652745.74988046,40,1,POINT (9.77083333 47.39583333)
87040.90729908022,40,1,POINT (9.8125 47.39583333)
0.6754658144897183,40,1,POINT (9.85416667 47.39583333)
0.0,40,1,POINT (9.89583333 47.39583333)
0.0,40,1,POINT (9.9375 47.39583333)
0.0,40,1,POINT (9.97916667 47.39583333)
0.0,40,1,POINT (10.02083333 47.39583333)
0.0,40,1,POINT (10.0625 47.39583333)
0.0,40,1,POINT (10.4375 47.39583333)
0.0,40,1,POINT (10.47916667 47.39583333)
0.416217571636963,40,1,POINT (10.52083333 47.39583333)
303.42260972334685,40,1,POINT (10.5625 47.39583333)
0.0,40,1,POINT (10.60416667 47.39583333)
0.03731320772797791,40,1,POINT (10.64583333 47.39583333)
84.25775081476826,40,1,POINT (10.6875 47.39583333)
25045.228369605513,40,1,POINT (10.72916667 47.39583333)
62529.479249248674,40,1,POINT (10.77083333 47.39583333)
2445.5531185829154,40,1,POINT (10.8125 47.39583333)
0.0,40,1,POINT (10.85416667 47.39583333)
36664.97225747044,40,1,POINT (10.89583333 47.39583333)
134219.2963660679,40,1,POINT (10.9375 47.39583333)
31889.230693886308,40,1,POINT (11.14583333 47.39583333)
44384.846004802064,40,1,POINT (11.1875 47.39583333)
18490.810601499983,40,1,POINT (11.27083333 47.39583333)
0.08575706881597721,40,1,POINT (11.3125 47.39583333)
1.2470545916691028e-05,40,1,POINT (11.35416667 47.39583333)
0.03187088422105559,40,1,POINT (11.39583333 47.39583333)
0.6068154249754255,40,1,POINT (11.4375 47.39583333)
5.509771358534566,40,1,POINT (11.47916667 47.39583333)
10.428444930881621,40,1,POINT (11.52083333 47.39583333)
13.208336171872213,40,1,POINT (11.5625 47.39583333)
124.13551804323106,40,1,POINT (11.60416667 47.39583333)
42154.36421623217,40,1,POINT (11.64583333 47.39583333)
3607693.190864385,40,1,POINT (11.6875 47.39583333)
21037354.912398174,40,1,POINT (11.72916667 47.39583333)
286446810.91446716,40,1,POINT (11.77083333 47.39583333)
13368100.584698332,40,1,POINT (11.8125 47.39583333)
9516069.946445154,40,1,POINT (11.85416667 47.39583333)
6264321.060113414,40,1,POINT (11.89583333 47.39583333)
27470.40748494368,40,1,POINT (11.9375 47.39583333)
1944.0552745353677,40,1,POINT (11.97916667 47.39583333)
1377.0241155804204,40,1,POINT (12.02083333 47.39583333)
400.091152823804,40,1,POINT (12.0625 47.39583333)
109.30175706473695,40,1,POINT (12.10416667 47.39583333)
854.0299431335864,40,1,POINT (12.14583333 47.39583333)
16119.861623556477,40,1,POINT (12.1875 47.39583333)
18235.996657138352,40,1,POINT (12.22916667 47.39583333)
256.1612252761117,40,1,POINT (12.27083333 47.39583333)
134.0668785993581,40,1,POINT (12.3125 47.39583333)
7309.854312512347,40,1,POINT (12.35416667 47.39583333)
32900.9671799582,40,1,POINT (12.39583333 47.39583333)
3125.0433487252244,40,1,POINT (12.4375 47.39583333)
0.43362043500021613,40,1,POINT (12.47916667 47.39583333)
2.708801832315536e-05,40,1,POINT (12.52083333 47.39583333)
3038.5814885854,40,1,POINT (12.5625 47.39583333)
143161.75352850524,40,1,POINT (12.60416667 47.39583333)
62576.20517918654,40,1,POINT (12.64583333 47.39583333)
0.0,40,1,POINT (12.6875 47.39583333)
0.0,40,1,POINT (12.72916667 47.39583333)
56.052652194154234,40,1,POINT (12.77083333 47.39583333)
107992.99603129887,40,1,POINT (12.8125 47.39583333)
266854.5694208246,40,1,POINT (12.85416667 47.39583333)
42.143314095843145,40,1,POINT (12.89583333 47.39583333)
0.0,40,1,POINT (12.9375 47.39583333)
0.0,40,1,POINT (12.97916667 47.39583333)
0.0,40,1,POINT (13.02083333 47.39583333)
0.0,40,1,POINT (13.0625 47.39583333)
0.00022503802552115886,40,1,POINT (13.10416667 47.39583333)
416.98096214117675,40,1,POINT (13.14583333 47.39583333)
1012151.5935993883,40,1,POINT (13.1875 47.39583333)
9262791.251248142,40,1,POINT (13.22916667 47.39583333)
1417.360194462468,40,1,POINT (13.27083333 47.39583333)
0.0002045931340964664,40,1,POINT (13.3125 47.39583333)
2.355592125014238e-06,40,1,POINT (13.35416667 47.39583333)
112441.72200579362,40,1,POINT (13.39583333 47.39583333)
121117.93469711952,40,1,POINT (13.4375 47.39583333)
111406.07878093403,40,1,POINT (13.47916667 47.39583333)
5.850109608668749e-07,40,1,POINT (13.52083333 47.39583333)
0.0,40,1,POINT (13.5625 47.39583333)
6.27952559083597,40,1,POINT (13.60416667 47.39583333)
434777.9297675669,40,1,POINT (13.64583333 47.39583333)
45747911.08885747,40,1,POINT (13.6875 47.39583333)
40893.51067689544,40,1,POINT (13.72916667 47.39583333)
0.46369165678926555,40,1,POINT (13.77083333 47.39583333)
0.0,40,1,POINT (13.8125 47.39583333)
0.0,40,1,POINT (13.85416667 47.39583333)
0.0,40,1,POINT (13.89583333 47.39583333)
0.0,40,1,POINT (13.9375 47.39583333)
0.0,40,1,POINT (13.97916667 47.39583333)
0.0,40,1,POINT (14.02083333 47.39583333)
0.0,40,1,POINT (14.0625 47.39583333)
0.0,40,1,POINT (14.10416667 47.39583333)
0.0,40,1,POINT (14.14583333 47.39583333)
0.0,40,1,POINT (14.1875 47.39583333)
0.0,40,1,POINT (14.22916667 47.39583333)
0.0,40,1,POINT (14.27083333 47.39583333)
0.0,40,1,POINT (14.3125 47.39583333)
0.0,40,1,POINT (14.35416667 47.39583333)
0.0,40,1,POINT (14.39583333 47.39583333)
0.0,40,1,POINT (14.4375 47.39583333)
0.0,40,1,POINT (14.47916667 47.39583333)
0.0,40,1,POINT (14.52083333 47.39583333)
0.0,40,1,POINT (14.5625 47.39583333)
0.0,40,1,POINT (14.60416667 47.39583333)
0.0,40,1,POINT (14.64583333 47.39583333)
0.0,40,1,POINT (14.6875 47.39583333)
0.0,40,1,POINT (14.72916667 47.39583333)
0.0,40,1,POINT (14.77083333 47.39583333)
0.0,40,1,POINT (14.8125 47.39583333)
1.207052104641591e-07,40,1,POINT (14.85416667 47.39583333)
451287.00508956786,40,1,POINT (14.89583333 47.39583333)
1724.4327127860888,40,1,POINT (14.9375 47.39583333)
197760.66692075587,40,1,POINT (14.97916667 47.39583333)
38006156.10621366,40,1,POINT (15.02083333 47.39583333)
748989435.1500942,40,1,POINT (15.0625 47.39583333)
500590227.62041795,40,1,POINT (15.10416667 47.39583333)
22763401.388949804,40,1,POINT (15.14583333 47.39583333)
70679.19231300282,40,1,POINT (15.1875 47.39583333)
19539676.23653495,40,1,POINT (15.22916667 47.39583333)
663486072.9404248,40,1,POINT (15.27083333 47.39583333)
13913221.054808589,40,1,POINT (15.3125 47.39583333)
60496.48960048788,40,1,POINT (15.35416667 47.39583333)
587.887534835787,40,1,POINT (15.39583333 47.39583333)
344295.5376185491,40,1,POINT (15.4375 47.39583333)
128.61569049004635,40,1,POINT (15.47916667 47.39583333)
0.0,40,1,POINT (15.52083333 47.39583333)
0.0,40,1,POINT (15.5625 47.39583333)
0.0,40,1,POINT (15.60416667 47.39583333)
0.0,40,1,POINT (15.64583333 47.39583333)
2294.148514499835,40,1,POINT (15.6875 47.39583333)
3.127969571409603,40,1,POINT (15.72916667 47.39583333)
0.0,40,1,POINT (15.77083333 47.39583333)
0.0,40,1,POINT (15.8125 47.39583333)
74.59193277630517,40,1,POINT (15.85416667 47.39583333)
54132.34734647536,40,1,POINT (15.89583333 47.39583333)
0.0366800786837447,40,1,POINT (15.9375 47.39583333)
125437.02088762344,40,1,POINT (15.97916667 47.39583333)
179932.83209746558,40,1,POINT (16.02083333 47.39583333)
354175.9677276057,40,1,POINT (16.0625 47.39583333)
6426971.403762382,40,1,POINT (16.10416667 47.39583333)
1125718.8663445925,40,1,POINT (16.14583333 47.39583333)
1092.7362240471905,40,1,POINT (16.1875 47.39583333)
80.45853345404052,40,1,POINT (16.22916667 47.39583333)
4577.145326148808,40,1,POINT (16.27083333 47.39583333)
0.0,40,1,POINT (16.3125 47.39583333)
0.0,40,1,POINT (16.35416667 47.39583333)
4313.561055671342,40,1,POINT (16.39583333 47.39583333)
538.5909353954833,40,1,POINT (16.47916667 47.39583333)
132936333.46353607,40,1,POINT (9.60416667 47.35416667)
3155320048.6526184,40,1,POINT (9.64583333 47.35416667)
1390857361.0483606,40,1,POINT (9.6875 47.35416667)
24627966.49037532,40,1,POINT (9.72916667 47.35416667)
537594.9981336059,40,1,POINT (9.77083333 47.35416667)
908.5332414877382,40,1,POINT (9.8125 47.35416667)
268.4033470203048,40,1,POINT (9.85416667 47.35416667)
3337.8850633464194,40,1,POINT (9.89583333 47.35416667)
0.0,40,1,POINT (9.9375 47.35416667)
0.0,40,1,POINT (9.97916667 47.35416667)
0.0,40,1,POINT (10.02083333 47.35416667)
0.0,40,1,POINT (10.0625 47.35416667)
0.0,40,1,POINT (10.10416667 47.35416667)
0.0,40,1,POINT (10.14583333 47.35416667)
0.0,40,1,POINT (10.1875 47.35416667)
0.0,40,1,POINT (10.39583333 47.35416667)
0.0,40,1,POINT (10.4375 47.35416667)
0.0,40,1,POINT (10.47916667 47.35416667)
0.03210072144363281,40,1,POINT (10.52083333 47.35416667)
23.401425932408372,40,1,POINT (10.5625 47.35416667)
0.0,40,1,POINT (10.60416667 47.35416667)
0.0,40,1,POINT (10.64583333 47.35416667)
0.0,40,1,POINT (10.6875 47.35416667)
4.3952739352657533e-07,40,1,POINT (10.72916667 47.35416667)
2.355592124681491e-06,40,1,POINT (10.77083333 47.35416667)
6.867615523852744e-09,40,1,POINT (10.8125 47.35416667)
1.8844737001682876e-08,40,1,POINT (10.85416667 47.35416667)
0.1504350740665937,40,1,POINT (10.89583333 47.35416667)
94.62970292530589,40,1,POINT (10.9375 47.35416667)
852.6960560217581,40,1,POINT (10.97916667 47.35416667)
25725.905897411398,40,1,POINT (11.02083333 47.35416667)
759284.9998487734,40,1,POINT (11.0625 47.35416667)
395317.34654278035,40,1,POINT (11.10416667 47.35416667)
552241.151994822,40,1,POINT (11.14583333 47.35416667)
14015664.928024419,40,1,POINT (11.1875 47.35416667)
113299.40819839614,40,1,POINT (11.22916667 47.35416667)
1156.8683036160694,40,1,POINT (11.27083333 47.35416667)
345.2768886678408,40,1,POINT (11.3125 47.35416667)
7754.138946979992,40,1,POINT (11.35416667 47.35416667)
94265.45182036326,40,1,POINT (11.39583333 47.35416667)
302676.50997790706,40,1,POINT (11.4375 47.35416667)
485802.0667007747,40,1,POINT (11.47916667 47.35416667)
416980.962145923,40,1,POINT (11.52083333 47.35416667)
247529.15567313036,40,1,POINT (11.5625 47.35416667)
189572.60477569432,40,1,POINT (11.60416667 47.35416667)
6082636.763569927,40,1,POINT (11.64583333 47.35416667)
1421665842.831094,40,1,POINT (11.6875 47.35416667)
1090020953.1985757,40,1,POINT (11.72916667 47.35416667)
15282502.821711805,40,1,POINT (11.77083333 47.35416667)
2493329.7572045675,40,1,POINT (11.8125 47.35416667)
87836029.42105015,40,1,POINT (11.85416667 47.35416667)
396344.1230331922,40,1,POINT (11.89583333 47.35416667)
974.1343950093334,40,1,POINT (11.9375 47.35416667)
0.0002747162135131008,40,1,POINT (11.97916667 47.35416667)
0.0,40,1,POINT (12.02083333 47.35416667)
0.0,40,1,POINT (12.0625 47.35416667)
0.0,40,1,POINT (12.10416667 47.35416667)
0.0012320924196925081,40,1,POINT (12.14583333 47.35416667)
0.1692329561157801,40,1,POINT (12.1875 47.35416667)
0.10551382004412069,40,1,POINT (12.22916667 47.35416667)
9.493791700692127e-05,40,1,POINT (12.27083333 47.35416667)
1.5795295942543733e-05,40,1,POINT (12.3125 47.35416667)
0.25819058099856484,40,1,POINT (12.35416667 47.35416667)
5.635233084902638,40,1,POINT (12.39583333 47.35416667)
0.13130769643926357,40,1,POINT (12.4375 47.35416667)
9.49379170245358e-08,40,1,POINT (12.47916667 47.35416667)
4.0051933745600264e-08,40,1,POINT (12.52083333 47.35416667)
2790.1494359928734,40,1,POINT (12.5625 47.35416667)
46197.52456011689,40,1,POINT (12.60416667 47.35416667)
113.66029081642132,40,1,POINT (12.64583333 47.35416667)
8.355827809299067e-05,40,1,POINT (12.6875 47.35416667)
5.63884541400297,40,1,POINT (12.72916667 47.35416667)
16243.167818333935,40,1,POINT (12.77083333 47.35416667)
485168.032092765,40,1,POINT (12.8125 47.35416667)
213.99981514533837,40,1,POINT (12.85416667 47.35416667)
0.0028972752994208483,40,1,POINT (12.89583333 47.35416667)
0.0,40,1,POINT (12.9375 47.35416667)
0.0,40,1,POINT (12.97916667 47.35416667)
0.0,40,1,POINT (13.02083333 47.35416667)
0.0,40,1,POINT (13.0625 47.35416667)
4.645074707860532,40,1,POINT (13.10416667 47.35416667)
22024.159548929958,40,1,POINT (13.14583333 47.35416667)
5222914.121134612,40,1,POINT (13.1875 47.35416667)
1302480.7676990936,40,1,POINT (13.22916667 47.35416667)
168.91910979669836,40,1,POINT (13.27083333 47.35416667)
8383.438179532928,40,1,POINT (13.3125 47.35416667)
11.748962365715304,40,1,POINT (13.35416667 47.35416667)
9462.600197679092,40,1,POINT (13.39583333 47.35416667)
10861.085064146026,40,1,POINT (13.4375 47.35416667)
8808.36222322027,40,1,POINT (13.47916667 47.35416667)
3.2041546991817517e-07,40,1,POINT (13.52083333 47.35416667)
0.0,40,1,POINT (13.5625 47.35416667)
0.40612789329901716,40,1,POINT (13.60416667 47.35416667)
8126.311892117646,40,1,POINT (13.64583333 47.35416667)
213759.16580804804,40,1,POINT (13.6875 47.35416667)
849.930114438583,40,1,POINT (13.72916667 47.35416667)
0.010121217550010464,40,1,POINT (13.77083333 47.35416667)
0.0,40,1,POINT (13.8125 47.35416667)
0.0,40,1,POINT (13.85416667 47.35416667)
0.0,40,1,POINT (13.89583333 47.35416667)
0.0,40,1,POINT (13.9375 47.35416667)
0.0,40,1,POINT (13.97916667 47.35416667)
0.0,40,1,POINT (14.02083333 47.35416667)
0.0,40,1,POINT (14.0625 47.35416667)
0.0,40,1,POINT (14.10416667 47.35416667)
0.0,40,1,POINT (14.14583333 47.35416667)
0.0,40,1,POINT (14.1875 47.35416667)
0.0,40,1,POINT (14.22916667 47.35416667)
0.0,40,1,POINT (14.27083333 47.35416667)
0.0,40,1,POINT (14.3125 47.35416667)
0.0,40,1,POINT (14.35416667 47.35416667)
0.0,40,1,POINT (14.39583333 47.35416667)
0.0,40,1,POINT (14.4375 47.35416667)
0.0,40,1,POINT (14.47916667 47.35416667)
0.0,40,1,POINT (14.52083333 47.35416667)
0.0,40,1,POINT (14.5625 47.35416667)
0.0,40,1,POINT (14.60416667 47.35416667)
0.0,40,1,POINT (14.64583333 47.35416667)
0.0,40,1,POINT (14.6875 47.35416667)
0.0,40,1,POINT (14.72916667 47.35416667)
0.0,40,1,POINT (14.77083333 47.35416667)
0.0,40,1,POINT (14.8125 47.35416667)
1.8844736999567408e-08,40,1,POINT (14.85416667 47.35416667)
4103.113811099335,40,1,POINT (14.89583333 47.35416667)
40.53448200047882,40,1,POINT (14.9375 47.35416667)
151894.6560082128,40,1,POINT (14.97916667 47.35416667)
18843929.37987378,40,1,POINT (15.02083333 47.35416667)
266445876.35730034,40,1,POINT (15.0625 47.35416667)
327799918.9078703,40,1,POINT (15.10416667 47.35416667)
2470437.60631601,40,1,POINT (15.14583333 47.35416667)
5276.551129197622,40,1,POINT (15.1875 47.35416667)
26951.436887638294,40,1,POINT (15.22916667 47.35416667)
175402.31722299065,40,1,POINT (15.27083333 47.35416667)
54429.91790445752,40,1,POINT (15.3125 47.35416667)
16353.871322223613,40,1,POINT (15.35416667 47.35416667)
0.13668279352038196,40,1,POINT (15.39583333 47.35416667)
458.58621605826187,40,1,POINT (15.4375 47.35416667)
0.17487751721853048,40,1,POINT (15.47916667 47.35416667)
0.0,40,1,POINT (15.52083333 47.35416667)
0.0,40,1,POINT (15.5625 47.35416667)
0.0,40,1,POINT (15.60416667 47.35416667)
0.0,40,1,POINT (15.64583333 47.35416667)
29075.83164171139,40,1,POINT (15.6875 47.35416667)
39.69254665712903,40,1,POINT (15.72916667 47.35416667)
0.0,40,1,POINT (15.77083333 47.35416667)
0.0,40,1,POINT (15.8125 47.35416667)
0.0,40,1,POINT (15.85416667 47.35416667)
0.18101091109378986,40,1,POINT (15.89583333 47.35416667)
805.497250142444,40,1,POINT (15.9375 47.35416667)
330216.99688777135,40,1,POINT (15.97916667 47.35416667)
122598.02032505265,40,1,POINT (16.02083333 47.35416667)
830514.1129224596,40,1,POINT (16.0625 47.35416667)
23298565.94587238,40,1,POINT (16.10416667 47.35416667)
9451889.55343532,40,1,POINT (16.14583333 47.35416667)
343713.2165515463,40,1,POINT (16.1875 47.35416667)
932371.2320303686,40,1,POINT (16.22916667 47.35416667)
615.6866959428738,40,1,POINT (16.27083333 47.35416667)
0.0007786495889280695,40,1,POINT (16.3125 47.35416667)
0.0,40,1,POINT (16.35416667 47.35416667)
0.0007500490469533285,40,1,POINT (16.39583333 47.35416667)
293179330.02351,40,1,POINT (9.60416667 47.3125)
1461955303.4337485,40,1,POINT (9.64583333 47.3125)
29018929.964014795,40,1,POINT (9.6875 47.3125)
148153.08686352582,40,1,POINT (9.72916667 47.3125)
284.6659220671755,40,1,POINT (9.77083333 47.3125)
0.013157420700593876,40,1,POINT (9.8125 47.3125)
0.3604238271376492,40,1,POINT (9.85416667 47.3125)
4.578717507711618,40,1,POINT (9.89583333 47.3125)
0.0,40,1,POINT (9.9375 47.3125)
0.0,40,1,POINT (9.97916667 47.3125)
0.0,40,1,POINT (10.02083333 47.3125)
0.0,40,1,POINT (10.0625 47.3125)
0.0,40,1,POINT (10.10416667 47.3125)
0.0,40,1,POINT (10.14583333 47.3125)
0.0,40,1,POINT (10.1875 47.3125)
0.0,40,1,POINT (10.35416667 47.3125)
0.0,40,1,POINT (10.39583333 47.3125)
0.0,40,1,POINT (10.4375 47.3125)
29904.22926800536,40,1,POINT (10.47916667 47.3125)
2353.9772310091676,40,1,POINT (10.52083333 47.3125)
0.0,40,1,POINT (10.5625 47.3125)
0.0,40,1,POINT (10.60416667 47.3125)
9.656416837667794e-07,40,1,POINT (10.64583333 47.3125)
12.244996502608698,40,1,POINT (10.6875 47.3125)
640.5275998554231,40,1,POINT (10.72916667 47.3125)
338.30800518502264,40,1,POINT (10.77083333 47.3125)
1290.2638192754978,40,1,POINT (10.8125 47.3125)
18731.090171390857,40,1,POINT (10.85416667 47.3125)
11686.595287103457,40,1,POINT (10.89583333 47.3125)
188134.79582501194,40,1,POINT (10.9375 47.3125)
6759609.718983834,40,1,POINT (10.97916667 47.3125)
1937259.31164248,40,1,POINT (11.02083333 47.3125)
793553792.8916024,40,1,POINT (11.0625 47.3125)
140263944.9666089,40,1,POINT (11.10416667 47.3125)
2971490.919279157,40,1,POINT (11.14583333 47.3125)
41942539.180966325,40,1,POINT (11.1875 47.3125)
2059020.460187115,40,1,POINT (11.22916667 47.3125)
314218.43516826065,40,1,POINT (11.27083333 47.3125)
1179537.1360064675,40,1,POINT (11.3125 47.3125)
17288449.315921884,40,1,POINT (11.35416667 47.3125)
143549116.0109637,40,1,POINT (11.39583333 47.3125)
319076933.46239144,40,1,POINT (11.4375 47.3125)
479549410.4750221,40,1,POINT (11.47916667 47.3125)
641469573.2486712,40,1,POINT (11.52083333 47.3125)
273877497.2144543,40,1,POINT (11.5625 47.3125)
276659212.55364746,40,1,POINT (11.60416667 47.3125)
41137389.37719803,40,1,POINT (11.64583333 47.3125)
142740509.7646091,40,1,POINT (11.6875 47.3125)
16986734.516282104,40,1,POINT (11.72916667 47.3125)
109842.33246218886,40,1,POINT (11.77083333 47.3125)
177767.89790094752,40,1,POINT (11.8125 47.3125)
85219258.19176246,40,1,POINT (11.85416667 47.3125)
10565955.71859698,40,1,POINT (11.89583333 47.3125)
1656.7840314470889,40,1,POINT (11.9375 47.3125)
1.309396058236653e-05,40,1,POINT (11.97916667 47.3125)
0.0,40,1,POINT (12.02083333 47.3125)
0.0,40,1,POINT (12.0625 47.3125)
0.0,40,1,POINT (12.10416667 47.3125)
0.0,40,1,POINT (12.14583333 47.3125)
0.0,40,1,POINT (12.1875 47.3125)
0.0,40,1,POINT (12.22916667 47.3125)
0.0,40,1,POINT (12.27083333 47.3125)
0.0,40,1,POINT (12.3125 47.3125)
0.0,40,1,POINT (12.35416667 47.3125)
0.0,40,1,POINT (12.39583333 47.3125)
0.28446855721953784,40,1,POINT (12.4375 47.3125)
88170.20397764907,40,1,POINT (12.47916667 47.3125)
3464.261336387283,40,1,POINT (12.52083333 47.3125)
2.708801832578987e-05,40,1,POINT (12.5625 47.3125)
1.4834049531683884e-06,40,1,POINT (12.60416667 47.3125)
5.494092419142157e-11,40,1,POINT (12.64583333 47.3125)
337.975878449055,40,1,POINT (12.6875 47.3125)
86223.66209236518,40,1,POINT (12.72916667 47.3125)
813272.6810164587,40,1,POINT (12.77083333 47.3125)
3350662.9365951996,40,1,POINT (12.8125 47.3125)
29407.06801698403,40,1,POINT (12.85416667 47.3125)
0.09927452679014756,40,1,POINT (12.89583333 47.3125)
0.0,40,1,POINT (12.9375 47.3125)
0.0,40,1,POINT (12.97916667 47.3125)
0.0,40,1,POINT (13.02083333 47.3125)
0.0,40,1,POINT (13.0625 47.3125)
207.97751297255286,40,1,POINT (13.10416667 47.3125)
2123567.912447042,40,1,POINT (13.14583333 47.3125)
383320.55999518593,40,1,POINT (13.1875 47.3125)
10697.470341570674,40,1,POINT (13.22916667 47.3125)
0.6887214197808713,40,1,POINT (13.27083333 47.3125)
11.602224324670292,40,1,POINT (13.3125 47.3125)
0.016157006384340946,40,1,POINT (13.35416667 47.3125)
0.0,40,1,POINT (13.39583333 47.3125)
3.76839799028962e-07,40,1,POINT (13.4375 47.3125)
4.005193374088898e-08,40,1,POINT (13.47916667 47.3125)
1.230782147927188,40,1,POINT (13.52083333 47.3125)
12.415429816241815,40,1,POINT (13.5625 47.3125)
0.18878334633732471,40,1,POINT (13.60416667 47.3125)
0.2225158296449894,40,1,POINT (13.64583333 47.3125)
2.485097473021279,40,1,POINT (13.6875 47.3125)
0.02016670881516083,40,1,POINT (13.72916667 47.3125)
0.0,40,1,POINT (13.77083333 47.3125)
0.0,40,1,POINT (13.8125 47.3125)
0.0,40,1,POINT (13.85416667 47.3125)
0.0,40,1,POINT (13.89583333 47.3125)
0.0,40,1,POINT (13.9375 47.3125)
0.0,40,1,POINT (13.97916667 47.3125)
0.0,40,1,POINT (14.02083333 47.3125)
0.0,40,1,POINT (14.0625 47.3125)
0.0,40,1,POINT (14.10416667 47.3125)
0.0,40,1,POINT (14.14583333 47.3125)
0.0,40,1,POINT (14.1875 47.3125)
0.0,40,1,POINT (14.22916667 47.3125)
0.0,40,1,POINT (14.27083333 47.3125)
0.0,40,1,POINT (14.3125 47.3125)
0.0,40,1,POINT (14.35416667 47.3125)
0.0,40,1,POINT (14.39583333 47.3125)
0.0,40,1,POINT (14.4375 47.3125)
0.0,40,1,POINT (14.47916667 47.3125)
0.0,40,1,POINT (14.52083333 47.3125)
0.0,40,1,POINT (14.5625 47.3125)
0.0,40,1,POINT (14.60416667 47.3125)
0.0,40,1,POINT (14.64583333 47.3125)
3.5162191490952586e-09,40,1,POINT (14.6875 47.3125)
0.0046482504654493315,40,1,POINT (14.72916667 47.3125)
0.24278491764979712,40,1,POINT (14.77083333 47.3125)
1.2624859097873329,40,1,POINT (14.8125 47.3125)
0.11766700862188041,40,1,POINT (14.85416667 47.3125)
1.4402433633991769e-05,40,1,POINT (14.89583333 47.3125)
20072.219705206167,40,1,POINT (14.9375 47.3125)
14852.619713826669,40,1,POINT (14.97916667 47.3125)
2475338.6736964257,40,1,POINT (15.02083333 47.3125)
722377.9141925925,40,1,POINT (15.0625 47.3125)
142081.4682547252,40,1,POINT (15.10416667 47.3125)
4260.590206295078,40,1,POINT (15.14583333 47.3125)
2.4955742614400944,40,1,POINT (15.1875 47.3125)
2.56546045586976,40,1,POINT (15.22916667 47.3125)
2888.7078234288115,40,1,POINT (15.27083333 47.3125)
554570.4478495502,40,1,POINT (15.3125 47.3125)
108620.09738880518,40,1,POINT (15.35416667 47.3125)
28.277692986747113,40,1,POINT (15.39583333 47.3125)
0.0,40,1,POINT (15.4375 47.3125)
0.0,40,1,POINT (15.47916667 47.3125)
0.0,40,1,POINT (15.52083333 47.3125)
1.9744119930549986e-06,40,1,POINT (15.5625 47.3125)
0.12664977237114106,40,1,POINT (15.60416667 47.3125)
2.025097388329272,40,1,POINT (15.64583333 47.3125)
877.1283294202459,40,1,POINT (15.6875 47.3125)
1.0086031829218804,40,1,POINT (15.72916667 47.3125)
0.0,40,1,POINT (15.77083333 47.3125)
34428.76616271665,40,1,POINT (15.8125 47.3125)
34966.23207561404,40,1,POINT (15.85416667 47.3125)
304.0925682530603,40,1,POINT (15.89583333 47.3125)
378550.059173757,40,1,POINT (15.9375 47.3125)
19347039.865610074,40,1,POINT (15.97916667 47.3125)
397064.5395563408,40,1,POINT (16.02083333 47.3125)
39091.78821843498,40,1,POINT (16.0625 47.3125)
10226.707412910018,40,1,POINT (16.10416667 47.3125)
147894.58760460414,40,1,POINT (16.14583333 47.3125)
32474353.494592313,40,1,POINT (16.1875 47.3125)
17435805.64763982,40,1,POINT (16.22916667 47.3125)
27874.198634873075,40,1,POINT (16.27083333 47.3125)
317.85897562258185,40,1,POINT (16.3125 47.3125)
17.674536092462407,40,1,POINT (16.35416667 47.3125)
1.42919311429137,40,1,POINT (16.39583333 47.3125)
1455896.431651048,40,1,POINT (16.4375 47.3125)
120535652.67405675,40,1,POINT (9.5625 47.27083333)
2759562113.117167,40,1,POINT (9.60416667 47.27083333)
1281220696.881154,40,1,POINT (9.64583333 47.27083333)
6228733.394021651,40,1,POINT (9.6875 47.27083333)
10183.245127363356,40,1,POINT (9.72916667 47.27083333)
282.84377680743205,40,1,POINT (9.77083333 47.27083333)
19.947812422811353,40,1,POINT (9.8125 47.27083333)
0.0181271739729313,40,1,POINT (9.85416667 47.27083333)
0.0,40,1,POINT (9.89583333 47.27083333)
0.0,40,1,POINT (9.9375 47.27083333)
0.0,40,1,POINT (9.97916667 47.27083333)
0.0,40,1,POINT (10.02083333 47.27083333)
0.0,40,1,POINT (10.0625 47.27083333)
0.0,40,1,POINT (10.10416667 47.27083333)
0.0,40,1,POINT (10.14583333 47.27083333)
0.0,40,1,POINT (10.1875 47.27083333)
0.0,40,1,POINT (10.22916667 47.27083333)
0.0,40,1,POINT (10.27083333 47.27083333)
0.0,40,1,POINT (10.3125 47.27083333)
0.0,40,1,POINT (10.35416667 47.27083333)
0.0,40,1,POINT (10.39583333 47.27083333)
0.0,40,1,POINT (10.4375 47.27083333)
41.020890625529255,40,1,POINT (10.47916667 47.27083333)
3.229049699385684,40,1,POINT (10.52083333 47.27083333)
0.0,40,1,POINT (10.5625 47.27083333)
0.0,40,1,POINT (10.60416667 47.27083333)
0.5946361782916773,40,1,POINT (10.64583333 47.27083333)
11205.862060193012,40,1,POINT (10.6875 47.27083333)
6517436.324182937,40,1,POINT (10.72916667 47.27083333)
1141777.0587116082,40,1,POINT (10.77083333 47.27083333)
10395.81641114273,40,1,POINT (10.8125 47.27083333)
564007.6246852244,40,1,POINT (10.85416667 47.27083333)
2837520.266015201,40,1,POINT (10.89583333 47.27083333)
4334841.401330763,40,1,POINT (10.9375 47.27083333)
355444.89542382903,40,1,POINT (10.97916667 47.27083333)
763564.4019136445,40,1,POINT (11.02083333 47.27083333)
22477521.680200435,40,1,POINT (11.0625 47.27083333)
3827318.972834904,40,1,POINT (11.10416667 47.27083333)
2726402.6353829345,40,1,POINT (11.14583333 47.27083333)
39286925.08059706,40,1,POINT (11.1875 47.27083333)
327906201.5042575,40,1,POINT (11.22916667 47.27083333)
188919993.87894517,40,1,POINT (11.27083333 47.27083333)
364442029.1813317,40,1,POINT (11.3125 47.27083333)
4426612597.527781,40,1,POINT (11.35416667 47.27083333)
14813375054.090538,40,1,POINT (11.39583333 47.27083333)
14712388439.533194,40,1,POINT (11.4375 47.27083333)
4508767051.164918,40,1,POINT (11.47916667 47.27083333)
1861146561.769542,40,1,POINT (11.52083333 47.27083333)
292379280.52595544,40,1,POINT (11.5625 47.27083333)
88841320.76147771,40,1,POINT (11.60416667 47.27083333)
507471.6325944301,40,1,POINT (11.64583333 47.27083333)
57923.88706324721,40,1,POINT (11.6875 47.27083333)
9940.337439957206,40,1,POINT (11.72916667 47.27083333)
123.45563538301577,40,1,POINT (11.77083333 47.27083333)
4630.484853376234,40,1,POINT (11.8125 47.27083333)
3659934.1684099524,40,1,POINT (11.85416667 47.27083333)
4795969.883414332,40,1,POINT (11.89583333 47.27083333)
1888.2830415889139,40,1,POINT (11.9375 47.27083333)
1.5088151307796962e-05,40,1,POINT (11.97916667 47.27083333)
0.0,40,1,POINT (12.02083333 47.27083333)
0.0,40,1,POINT (12.0625 47.27083333)
0.0,40,1,POINT (12.10416667 47.27083333)
0.0,40,1,POINT (12.14583333 47.27083333)
0.0,40,1,POINT (12.1875 47.27083333)
0.0,40,1,POINT (12.22916667 47.27083333)
19426.46359020815,40,1,POINT (12.27083333 47.27083333)
26.74997689352994,40,1,POINT (12.3125 47.27083333)
0.0,40,1,POINT (12.35416667 47.27083333)
0.0,40,1,POINT (12.39583333 47.27083333)
1.2879673357164036,40,1,POINT (12.4375 47.27083333)
1050921.264628491,40,1,POINT (12.47916667 47.27083333)
40418.85621280617,40,1,POINT (12.52083333 47.27083333)
0.00034786532917279,40,1,POINT (12.5625 47.27083333)
0.0,40,1,POINT (12.60416667 47.27083333)
0.0,40,1,POINT (12.64583333 47.27083333)
678.7195825254537,40,1,POINT (12.6875 47.27083333)
2270365.8919024332,40,1,POINT (12.72916667 47.27083333)
7105765.8201537,40,1,POINT (12.77083333 47.27083333)
2723532.402402129,40,1,POINT (12.8125 47.27083333)
180562.4041696458,40,1,POINT (12.85416667 47.27083333)
0.08054358474942988,40,1,POINT (12.89583333 47.27083333)
0.0,40,1,POINT (12.9375 47.27083333)
0.0,40,1,POINT (12.97916667 47.27083333)
0.0,40,1,POINT (13.02083333 47.27083333)
0.0,40,1,POINT (13.0625 47.27083333)
0.09636911797850334,40,1,POINT (13.10416667 47.27083333)
136.31997255328602,40,1,POINT (13.14583333 47.27083333)
27821.80813420503,40,1,POINT (13.1875 47.27083333)
908.6402284697352,40,1,POINT (13.22916667 47.27083333)
1.6367450727007406e-06,40,1,POINT (13.27083333 47.27083333)
0.0,40,1,POINT (13.3125 47.27083333)
0.0,40,1,POINT (13.35416667 47.27083333)
0.0,40,1,POINT (13.39583333 47.27083333)
0.0,40,1,POINT (13.4375 47.27083333)
0.023178202396320655,40,1,POINT (13.47916667 47.27083333)
17914.733015364644,40,1,POINT (13.52083333 47.27083333)
2314882.0035381066,40,1,POINT (13.5625 47.27083333)
624.4773493946667,40,1,POINT (13.60416667 47.27083333)
0.00016749427503581616,40,1,POINT (13.64583333 47.27083333)
0.0,40,1,POINT (13.6875 47.27083333)
0.0,40,1,POINT (13.72916667 47.27083333)
0.0,40,1,POINT (13.77083333 47.27083333)
0.0,40,1,POINT (13.8125 47.27083333)
0.0,40,1,POINT (13.85416667 47.27083333)
0.0,40,1,POINT (13.89583333 47.27083333)
0.0,40,1,POINT (13.9375 47.27083333)
0.0,40,1,POINT (13.97916667 47.27083333)
0.0,40,1,POINT (14.02083333 47.27083333)
0.0,40,1,POINT (14.0625 47.27083333)
0.0,40,1,POINT (14.10416667 47.27083333)
0.0,40,1,POINT (14.14583333 47.27083333)
0.0,40,1,POINT (14.1875 47.27083333)
0.0,40,1,POINT (14.22916667 47.27083333)
0.0,40,1,POINT (14.27083333 47.27083333)
0.0,40,1,POINT (14.3125 47.27083333)
0.0,40,1,POINT (14.35416667 47.27083333)
0.0,40,1,POINT (14.39583333 47.27083333)
0.0,40,1,POINT (14.4375 47.27083333)
0.0,40,1,POINT (14.47916667 47.27083333)
0.003284174562127764,40,1,POINT (14.52083333 47.27083333)
16.92696630173314,40,1,POINT (14.5625 47.27083333)
160.62493287736996,40,1,POINT (14.60416667 47.27083333)
529.0596825191561,40,1,POINT (14.64583333 47.27083333)
1466.1167151928043,40,1,POINT (14.6875 47.27083333)
5629.817485138229,40,1,POINT (14.72916667 47.27083333)
20927.255978578538,40,1,POINT (14.77083333 47.27083333)
34818.87869497742,40,1,POINT (14.8125 47.27083333)
9905.053189937445,40,1,POINT (14.85416667 47.27083333)
1917.1776878483981,40,1,POINT (14.89583333 47.27083333)
26.434995611648674,40,1,POINT (14.9375 47.27083333)
7.1601123791491235,40,1,POINT (14.97916667 47.27083333)
67.49387660854642,40,1,POINT (15.02083333 47.27083333)
78.37254663733265,40,1,POINT (15.0625 47.27083333)
8.913358234810993,40,1,POINT (15.10416667 47.27083333)
0.0205921529268373,40,1,POINT (15.14583333 47.27083333)
0.0,40,1,POINT (15.1875 47.27083333)
1.0063109037827893,40,1,POINT (15.22916667 47.27083333)
10661.52023471034,40,1,POINT (15.27083333 47.27083333)
64415809.388048045,40,1,POINT (15.3125 47.27083333)
5461881.137105535,40,1,POINT (15.35416667 47.27083333)
456.9604257130315,40,1,POINT (15.39583333 47.27083333)
1.2070521046638853e-07,40,1,POINT (15.4375 47.27083333)
0.0,40,1,POINT (15.47916667 47.27083333)
5.494092420461332e-11,40,1,POINT (15.52083333 47.27083333)
19.120667644637212,40,1,POINT (15.5625 47.27083333)
5957.563005854779,40,1,POINT (15.60416667 47.27083333)
18384.947439874904,40,1,POINT (15.64583333 47.27083333)
711961.09657013,40,1,POINT (15.6875 47.27083333)
937.9443301300159,40,1,POINT (15.72916667 47.27083333)
0.0,40,1,POINT (15.77083333 47.27083333)
2752.7959264475144,40,1,POINT (15.8125 47.27083333)
2966.1902957966145,40,1,POINT (15.85416667 47.27083333)
2967.132167819252,40,1,POINT (15.89583333 47.27083333)
11758572.413670843,40,1,POINT (15.9375 47.27083333)
415421459.66661936,40,1,POINT (15.97916667 47.27083333)
809136.0926883252,40,1,POINT (16.02083333 47.27083333)
205.86290944007507,40,1,POINT (16.0625 47.27083333)
53.196123784902554,40,1,POINT (16.10416667 47.27083333)
138424.14192098824,40,1,POINT (16.14583333 47.27083333)
121195285.42416535,40,1,POINT (16.1875 47.27083333)
70404264.69760069,40,1,POINT (16.22916667 47.27083333)
620751.9164427265,40,1,POINT (16.27083333 47.27083333)
2430554.4989902563,40,1,POINT (16.3125 47.27083333)
183187.32776856967,40,1,POINT (16.35416667 47.27083333)
51.25225763107296,40,1,POINT (16.39583333 47.27083333)
26443.09291555107,40,1,POINT (16.4375 47.27083333)
289642241.46847236,40,1,POINT (9.5625 47.22916667)
1956611686.1349652,40,1,POINT (9.60416667 47.22916667)
187240147.52677038,40,1,POINT (9.64583333 47.22916667)
7749895.162399447,40,1,POINT (9.6875 47.22916667)
1112185.3096551106,40,1,POINT (9.72916667 47.22916667)
2423469.179438727,40,1,POINT (9.77083333 47.22916667)
161692.2046996763,40,1,POINT (9.8125 47.22916667)
5418.138320548645,40,1,POINT (9.85416667 47.22916667)
4.044351961356171,40,1,POINT (9.89583333 47.22916667)
5.494092420521278e-11,40,1,POINT (9.9375 47.22916667)
0.0,40,1,POINT (9.97916667 47.22916667)
0.0,40,1,POINT (10.02083333 47.22916667)
0.0,40,1,POINT (10.0625 47.22916667)
102.73728490381716,40,1,POINT (10.10416667 47.22916667)
73796.51597868446,40,1,POINT (10.14583333 47.22916667)
6.867615524932062e-09,40,1,POINT (10.1875 47.22916667)
0.0,40,1,POINT (10.22916667 47.22916667)
4.2781838386169085e-05,40,1,POINT (10.27083333 47.22916667)
4.2781838386412685e-05,40,1,POINT (10.3125 47.22916667)
2.2503802554455255e-07,40,1,POINT (10.35416667 47.22916667)
0.0,40,1,POINT (10.39583333 47.22916667)
0.0,40,1,POINT (10.4375 47.22916667)
0.0003151048252662251,40,1,POINT (10.47916667 47.22916667)
10.131893939459468,40,1,POINT (10.52083333 47.22916667)
410.7108362927209,40,1,POINT (10.5625 47.22916667)
159.07971935081343,40,1,POINT (10.60416667 47.22916667)
21.023538900630868,40,1,POINT (10.64583333 47.22916667)
62603.173031000166,40,1,POINT (10.6875 47.22916667)
409492073.2011758,40,1,POINT (10.72916667 47.22916667)
91281644.70794627,40,1,POINT (10.77083333 47.22916667)
49506.87130635605,40,1,POINT (10.8125 47.22916667)
11619475.468760796,40,1,POINT (10.85416667 47.22916667)
3985121.7386104735,40,1,POINT (10.89583333 47.22916667)
50352.74998036029,40,1,POINT (10.9375 47.22916667)
293.9445342632613,40,1,POINT (10.97916667 47.22916667)
16622.797949353786,40,1,POINT (11.02083333 47.22916667)
7239.205438575373,40,1,POINT (11.0625 47.22916667)
2376.449899482219,40,1,POINT (11.10416667 47.22916667)
2506.08045424384,40,1,POINT (11.14583333 47.22916667)
66151.11281874134,40,1,POINT (11.1875 47.22916667)
2659012.9231098015,40,1,POINT (11.22916667 47.22916667)
207899856.34953743,40,1,POINT (11.27083333 47.22916667)
171508357.57683253,40,1,POINT (11.3125 47.22916667)
776079981.2805638,40,1,POINT (11.35416667 47.22916667)
2056752757.734186,40,1,POINT (11.39583333 47.22916667)
766847544.7547252,40,1,POINT (11.4375 47.22916667)
57120391.51945022,40,1,POINT (11.47916667 47.22916667)
6043426.523840871,40,1,POINT (11.52083333 47.22916667)
394507.01865914173,40,1,POINT (11.5625 47.22916667)
34270.89341259956,40,1,POINT (11.60416667 47.22916667)
898.6201195952235,40,1,POINT (11.64583333 47.22916667)
3.593252718800824,40,1,POINT (11.6875 47.22916667)
0.0034117839235036865,40,1,POINT (11.72916667 47.22916667)
0.001453934202120159,40,1,POINT (11.77083333 47.22916667)
1158.7545699174696,40,1,POINT (11.8125 47.22916667)
1507701.0716779097,40,1,POINT (11.85416667 47.22916667)
7270063.390471057,40,1,POINT (11.89583333 47.22916667)
864.440638413761,40,1,POINT (11.9375 47.22916667)
5.006491717529774e-06,40,1,POINT (11.97916667 47.22916667)
0.0,40,1,POINT (12.02083333 47.22916667)
0.0,40,1,POINT (12.0625 47.22916667)
0.0,40,1,POINT (12.10416667 47.22916667)
0.0,40,1,POINT (12.14583333 47.22916667)
0.0,40,1,POINT (12.1875 47.22916667)
0.0,40,1,POINT (12.22916667 47.22916667)
19454.498776702247,40,1,POINT (12.27083333 47.22916667)
26.811228565327742,40,1,POINT (12.3125 47.22916667)
0.0,40,1,POINT (12.35416667 47.22916667)
0.0,40,1,POINT (12.39583333 47.22916667)
0.0004944085420410658,40,1,POINT (12.4375 47.22916667)
1.3566570393682518,40,1,POINT (12.47916667 47.22916667)
0.057450536334654065,40,1,POINT (12.52083333 47.22916667)
6.867615524572296e-09,40,1,POINT (12.5625 47.22916667)
0.0,40,1,POINT (12.60416667 47.22916667)
0.0,40,1,POINT (12.64583333 47.22916667)
0.16576754359016607,40,1,POINT (12.6875 47.22916667)
1630.2594759544565,40,1,POINT (12.72916667 47.22916667)
4602.659015127033,40,1,POINT (12.77083333 47.22916667)
371.6279231510874,40,1,POINT (12.8125 47.22916667)
6.388845468364458,40,1,POINT (12.85416667 47.22916667)
3.617876340624134e-05,40,1,POINT (12.89583333 47.22916667)
0.0,40,1,POINT (12.9375 47.22916667)
0.0,40,1,POINT (12.97916667 47.22916667)
0.0,40,1,POINT (13.02083333 47.22916667)
1.8542561918287992e-07,40,1,POINT (13.0625 47.22916667)
0.0010457545066249606,40,1,POINT (13.10416667 47.22916667)
0.0003888657080842229,40,1,POINT (13.14583333 47.22916667)
149241.4313726616,40,1,POINT (13.1875 47.22916667)
5761.485413480139,40,1,POINT (13.22916667 47.22916667)
0.0,40,1,POINT (13.27083333 47.22916667)
0.0,40,1,POINT (13.3125 47.22916667)
0.0,40,1,POINT (13.35416667 47.22916667)
0.0,40,1,POINT (13.39583333 47.22916667)
0.0,40,1,POINT (13.4375 47.22916667)
0.06998159028433644,40,1,POINT (13.47916667 47.22916667)
25967.175051923576,40,1,POINT (13.52083333 47.22916667)
4814383.633718952,40,1,POINT (13.5625 47.22916667)
1444.7324223993714,40,1,POINT (13.60416667 47.22916667)
0.0007130164466187969,40,1,POINT (13.64583333 47.22916667)
0.0,40,1,POINT (13.6875 47.22916667)
0.0,40,1,POINT (13.72916667 47.22916667)
0.0,40,1,POINT (13.77083333 47.22916667)
0.0,40,1,POINT (13.8125 47.22916667)
0.0,40,1,POINT (13.85416667 47.22916667)
0.0,40,1,POINT (13.89583333 47.22916667)
0.0,40,1,POINT (13.9375 47.22916667)
0.0,40,1,POINT (13.97916667 47.22916667)
0.0,40,1,POINT (14.02083333 47.22916667)
0.0,40,1,POINT (14.0625 47.22916667)
0.0,40,1,POINT (14.10416667 47.22916667)
0.0,40,1,POINT (14.14583333 47.22916667)
0.0,40,1,POINT (14.1875 47.22916667)
0.0,40,1,POINT (14.22916667 47.22916667)
0.0,40,1,POINT (14.27083333 47.22916667)
0.0,40,1,POINT (14.3125 47.22916667)
0.0,40,1,POINT (14.35416667 47.22916667)
0.0,40,1,POINT (14.39583333 47.22916667)
0.0,40,1,POINT (14.4375 47.22916667)
9874.051206956592,40,1,POINT (14.47916667 47.22916667)
14298.716036658154,40,1,POINT (14.52083333 47.22916667)
346518.8569790952,40,1,POINT (14.5625 47.22916667)
2098868.0182179776,40,1,POINT (14.60416667 47.22916667)
799607.42702073,40,1,POINT (14.64583333 47.22916667)
6407555.100489652,40,1,POINT (14.6875 47.22916667)
7549984.506361683,40,1,POINT (14.72916667 47.22916667)
53515680.171835914,40,1,POINT (14.77083333 47.22916667)
128881473.76939924,40,1,POINT (14.8125 47.22916667)
16626438.081258774,40,1,POINT (14.85416667 47.22916667)
10383.869694661951,40,1,POINT (14.89583333 47.22916667)
9.733119861390152e-05,40,1,POINT (14.9375 47.22916667)
0.0,40,1,POINT (14.97916667 47.22916667)
0.0,40,1,POINT (15.02083333 47.22916667)
0.0,40,1,POINT (15.0625 47.22916667)
0.0,40,1,POINT (15.10416667 47.22916667)
0.0,40,1,POINT (15.14583333 47.22916667)
0.0,40,1,POINT (15.1875 47.22916667)
24534.249101570203,40,1,POINT (15.22916667 47.22916667)
138870.1881645061,40,1,POINT (15.27083333 47.22916667)
1341881.8856581312,40,1,POINT (15.3125 47.22916667)
4139083.6329736863,40,1,POINT (15.35416667 47.22916667)
2440.3813599019577,40,1,POINT (15.39583333 47.22916667)
0.010999262303806925,40,1,POINT (15.4375 47.22916667)
0.0,40,1,POINT (15.47916667 47.22916667)
0.00013517527637513986,40,1,POINT (15.52083333 47.22916667)
1635.4782422941757,40,1,POINT (15.5625 47.22916667)
15600313.924450839,40,1,POINT (15.60416667 47.22916667)
103680805.1981284,40,1,POINT (15.64583333 47.22916667)
69745.57140952484,40,1,POINT (15.6875 47.22916667)
58.63017063787041,40,1,POINT (15.72916667 47.22916667)
0.010609122790589868,40,1,POINT (15.77083333 47.22916667)
0.2727928864913177,40,1,POINT (15.8125 47.22916667)
0.08799409842773687,40,1,POINT (15.85416667 47.22916667)
391820.0312280876,40,1,POINT (15.89583333 47.22916667)
397822.841232046,40,1,POINT (15.9375 47.22916667)
933362.0814251885,40,1,POINT (15.97916667 47.22916667)
28678.650796617047,40,1,POINT (16.02083333 47.22916667)
44.77917386131433,40,1,POINT (16.0625 47.22916667)
3.209158279100132,40,1,POINT (16.10416667 47.22916667)
15395.929826701891,40,1,POINT (16.14583333 47.22916667)
53099.39381305164,40,1,POINT (16.1875 47.22916667)
41139.0202921323,40,1,POINT (16.22916667 47.22916667)
553562.5904629157,40,1,POINT (16.27083333 47.22916667)
21316087.548751812,40,1,POINT (16.3125 47.22916667)
2222071.165842784,40,1,POINT (16.35416667 47.22916667)
115.3005017417858,40,1,POINT (16.39583333 47.22916667)
5420742.202080934,40,1,POINT (9.5625 47.1875)
6903981.742394536,40,1,POINT (9.60416667 47.1875)
5396179.331189261,40,1,POINT (9.64583333 47.1875)
86531423.31072998,40,1,POINT (9.6875 47.1875)
98593151.36570296,40,1,POINT (9.72916667 47.1875)
376845749.2080755,40,1,POINT (9.77083333 47.1875)
219657783.75298408,40,1,POINT (9.8125 47.1875)
2592247.9056263203,40,1,POINT (9.85416667 47.1875)
10517.977737297268,40,1,POINT (9.89583333 47.1875)
2.161303996465217,40,1,POINT (9.9375 47.1875)
0.0,40,1,POINT (9.97916667 47.1875)
0.0,40,1,POINT (10.02083333 47.1875)
0.0,40,1,POINT (10.0625 47.1875)
100.74887703756441,40,1,POINT (10.10416667 47.1875)
73696.23536006897,40,1,POINT (10.14583333 47.1875)
3.0292667494454357e-05,40,1,POINT (10.1875 47.1875)
9.215788750306029,40,1,POINT (10.22916667 47.1875)
703.3212238956056,40,1,POINT (10.27083333 47.1875)
875.7704919380087,40,1,POINT (10.3125 47.1875)
213.10339668356752,40,1,POINT (10.35416667 47.1875)
18.731894565085675,40,1,POINT (10.39583333 47.1875)
0.006623336308766415,40,1,POINT (10.4375 47.1875)
170.6325324366274,40,1,POINT (10.47916667 47.1875)
26376.339596251986,40,1,POINT (10.52083333 47.1875)
1966847.1127014512,40,1,POINT (10.5625 47.1875)
1437253.7630840424,40,1,POINT (10.60416667 47.1875)
1413.7656330875068,40,1,POINT (10.64583333 47.1875)
9997.389777366041,40,1,POINT (10.6875 47.1875)
2819841.844631512,40,1,POINT (10.72916667 47.1875)
1599023.8965268023,40,1,POINT (10.77083333 47.1875)
5024.536724380333,40,1,POINT (10.8125 47.1875)
32369.872162294098,40,1,POINT (10.85416667 47.1875)
2095653.987921577,40,1,POINT (10.89583333 47.1875)
13517.23689607675,40,1,POINT (10.9375 47.1875)
0.025278299883870183,40,1,POINT (10.97916667 47.1875)
337.4228170548046,40,1,POINT (11.02083333 47.1875)
0.7212399645271617,40,1,POINT (11.0625 47.1875)
2.0506590073146876e-05,40,1,POINT (11.10416667 47.1875)
0.01712320445501035,40,1,POINT (11.14583333 47.1875)
50.11208815480919,40,1,POINT (11.1875 47.1875)
5351.218205770383,40,1,POINT (11.22916667 47.1875)
134572.39198951656,40,1,POINT (11.27083333 47.1875)
545589.3434843323,40,1,POINT (11.3125 47.1875)
7094011.656018012,40,1,POINT (11.35416667 47.1875)
43251870.94939916,40,1,POINT (11.39583333 47.1875)
3819873.1546152355,40,1,POINT (11.4375 47.1875)
122361.75011372908,40,1,POINT (11.47916667 47.1875)
2259.999389472876,40,1,POINT (11.52083333 47.1875)
48.4261604653967,40,1,POINT (11.5625 47.1875)
0.46300875311374196,40,1,POINT (11.60416667 47.1875)
0.00010223775278210835,40,1,POINT (11.64583333 47.1875)
0.0,40,1,POINT (11.6875 47.1875)
0.0,40,1,POINT (11.72916667 47.1875)
2.758175690125828,40,1,POINT (11.77083333 47.1875)
72228.62046213959,40,1,POINT (11.8125 47.1875)
15860001.217407731,40,1,POINT (11.85416667 47.1875)
1515858.3414746781,40,1,POINT (11.89583333 47.1875)
302.80506050031806,40,1,POINT (11.9375 47.1875)
1.8844736999596786e-08,40,1,POINT (11.97916667 47.1875)
0.0,40,1,POINT (12.02083333 47.1875)
0.0,40,1,POINT (12.0625 47.1875)
0.0,40,1,POINT (12.10416667 47.1875)
0.0,40,1,POINT (12.14583333 47.1875)
0.0,40,1,POINT (12.1875 47.1875)
0.0,40,1,POINT (12.22916667 47.1875)
0.0,40,1,POINT (12.27083333 47.1875)
0.0,40,1,POINT (12.3125 47.1875)
0.0,40,1,POINT (12.35416667 47.1875)
0.0,40,1,POINT (12.39583333 47.1875)
0.0,40,1,POINT (12.4375 47.1875)
0.0,40,1,POINT (12.47916667 47.1875)
0.0,40,1,POINT (12.52083333 47.1875)
0.0,40,1,POINT (12.5625 47.1875)
0.0,40,1,POINT (12.60416667 47.1875)
0.0,40,1,POINT (12.64583333 47.1875)
0.0,40,1,POINT (12.6875 47.1875)
3.0292667491527275e-05,40,1,POINT (12.72916667 47.1875)
0.005243781184311527,40,1,POINT (12.77083333 47.1875)
2.9197859695204058e-05,40,1,POINT (12.8125 47.1875)
0.0,40,1,POINT (12.85416667 47.1875)
0.0,40,1,POINT (12.89583333 47.1875)
0.0,40,1,POINT (12.9375 47.1875)
0.0,40,1,POINT (12.97916667 47.1875)
0.0,40,1,POINT (13.02083333 47.1875)
0.4774911115874566,40,1,POINT (13.0625 47.1875)
124459.33484535475,40,1,POINT (13.10416667 47.1875)
916.6882097563332,40,1,POINT (13.14583333 47.1875)
0.1304257820402073,40,1,POINT (13.1875 47.1875)
1.4834049531683853e-09,40,1,POINT (13.22916667 47.1875)
0.0,40,1,POINT (13.27083333 47.1875)
0.0,40,1,POINT (13.3125 47.1875)
0.0,40,1,POINT (13.35416667 47.1875)
0.0,40,1,POINT (13.39583333 47.1875)
0.0,40,1,POINT (13.4375 47.1875)
3.0147183924602785e-06,40,1,POINT (13.47916667 47.1875)
3.251525603111833,40,1,POINT (13.52083333 47.1875)
51.836698364392866,40,1,POINT (13.5625 47.1875)
0.5361786627002334,40,1,POINT (13.60416667 47.1875)
0.0,40,1,POINT (13.64583333 47.1875)
0.0,40,1,POINT (13.6875 47.1875)
1.4834049534058339e-09,40,1,POINT (13.72916667 47.1875)
0.11657497841625415,40,1,POINT (13.77083333 47.1875)
4.500548526730389,40,1,POINT (13.8125 47.1875)
0.008133228556395408,40,1,POINT (13.85416667 47.1875)
0.0,40,1,POINT (13.89583333 47.1875)
0.0,40,1,POINT (13.9375 47.1875)
0.0,40,1,POINT (13.97916667 47.1875)
0.0,40,1,POINT (14.02083333 47.1875)
0.0,40,1,POINT (14.0625 47.1875)
0.0,40,1,POINT (14.10416667 47.1875)
0.00458500983551847,40,1,POINT (14.14583333 47.1875)
0.16065863513176173,40,1,POINT (14.1875 47.1875)
0.000129256051088402,40,1,POINT (14.22916667 47.1875)
0.0,40,1,POINT (14.27083333 47.1875)
0.0,40,1,POINT (14.3125 47.1875)
2.5082344947401936e-05,40,1,POINT (14.35416667 47.1875)
602.0865909108849,40,1,POINT (14.39583333 47.1875)
351.60172659593786,40,1,POINT (14.4375 47.1875)
9957.747006983445,40,1,POINT (14.47916667 47.1875)
13421.683219104229,40,1,POINT (14.52083333 47.1875)
71932.32664775431,40,1,POINT (14.5625 47.1875)
1569452.5163540246,40,1,POINT (14.60416667 47.1875)
147274780.45415914,40,1,POINT (14.64583333 47.1875)
533331707.6449588,40,1,POINT (14.6875 47.1875)
394469598.48707855,40,1,POINT (14.72916667 47.1875)
245540477.99363768,40,1,POINT (14.77083333 47.1875)
57498774.319952816,40,1,POINT (14.8125 47.1875)
4234268.184760603,40,1,POINT (14.85416667 47.1875)
1140.8553600626901,40,1,POINT (14.89583333 47.1875)
4.14018871883327e-05,40,1,POINT (14.9375 47.1875)
0.0,40,1,POINT (14.97916667 47.1875)
0.0,40,1,POINT (15.02083333 47.1875)
0.0,40,1,POINT (15.0625 47.1875)
0.0,40,1,POINT (15.10416667 47.1875)
0.0,40,1,POINT (15.14583333 47.1875)
0.0,40,1,POINT (15.1875 47.1875)
412.73061854881513,40,1,POINT (15.22916667 47.1875)
31936.275667625177,40,1,POINT (15.27083333 47.1875)
7064200.094467331,40,1,POINT (15.3125 47.1875)
21682647.100883957,40,1,POINT (15.35416667 47.1875)
99350.34683160721,40,1,POINT (15.39583333 47.1875)
10782.410159885598,40,1,POINT (15.4375 47.1875)
11575.358322420876,40,1,POINT (15.47916667 47.1875)
795.2725817984274,40,1,POINT (15.52083333 47.1875)
3540.271981666384,40,1,POINT (15.5625 47.1875)
3091716.4855948,40,1,POINT (15.60416667 47.1875)
75602065.32138723,40,1,POINT (15.64583333 47.1875)
287528.04260651773,40,1,POINT (15.6875 47.1875)
7121.204939741078,40,1,POINT (15.72916667 47.1875)
23722.930571764828,40,1,POINT (15.77083333 47.1875)
655145.6832809284,40,1,POINT (15.8125 47.1875)
9.286150768499624,40,1,POINT (15.85416667 47.1875)
1372.7936296772907,40,1,POINT (15.89583333 47.1875)
3373.9299242867123,40,1,POINT (15.9375 47.1875)
2087987.241754673,40,1,POINT (15.97916667 47.1875)
3679089.7908901647,40,1,POINT (16.02083333 47.1875)
3904.430524750309,40,1,POINT (16.0625 47.1875)
36749.36955692349,40,1,POINT (16.10416667 47.1875)
1765409.3072068817,40,1,POINT (16.14583333 47.1875)
623494.6551093762,40,1,POINT (16.1875 47.1875)
174.30749724896253,40,1,POINT (16.22916667 47.1875)
202.97387933209913,40,1,POINT (16.27083333 47.1875)
5949.321220238792,40,1,POINT (16.3125 47.1875)
332297.27269515727,40,1,POINT (16.35416667 47.1875)
288.234116595281,40,1,POINT (16.39583333 47.1875)
7483.901548171477,40,1,POINT (9.60416667 47.14583333)
4661.922716448013,40,1,POINT (9.64583333 47.14583333)
94341.06328446498,40,1,POINT (9.6875 47.14583333)
528992.5426312544,40,1,POINT (9.72916667 47.14583333)
26496677.953525044,40,1,POINT (9.77083333 47.14583333)
1183327665.8005304,40,1,POINT (9.8125 47.14583333)
89417735.83592908,40,1,POINT (9.85416667 47.14583333)
1028414.1680354428,40,1,POINT (9.89583333 47.14583333)
45812.421089607065,40,1,POINT (9.9375 47.14583333)
0.0009545424632768599,40,1,POINT (9.97916667 47.14583333)
0.0,40,1,POINT (10.02083333 47.14583333)
0.0,40,1,POINT (10.0625 47.14583333)
0.0,40,1,POINT (10.10416667 47.14583333)
0.0,40,1,POINT (10.14583333 47.14583333)
0.08161178822849324,40,1,POINT (10.1875 47.14583333)
55591.22670089774,40,1,POINT (10.22916667 47.14583333)
5377954.733982763,40,1,POINT (10.27083333 47.14583333)
6345161.988211118,40,1,POINT (10.3125 47.14583333)
118245.79222077804,40,1,POINT (10.35416667 47.14583333)
30184.186948325452,40,1,POINT (10.39583333 47.14583333)
9877.726021236022,40,1,POINT (10.4375 47.14583333)
449083.0164864178,40,1,POINT (10.47916667 47.14583333)
8579180.8952429,40,1,POINT (10.52083333 47.14583333)
511539255.3868084,40,1,POINT (10.5625 47.14583333)
40651406.76535599,40,1,POINT (10.60416667 47.14583333)
12366.574270321647,40,1,POINT (10.64583333 47.14583333)
10.931713286995244,40,1,POINT (10.6875 47.14583333)
8356.169890758592,40,1,POINT (10.72916667 47.14583333)
496.1219316998697,40,1,POINT (10.77083333 47.14583333)
1.4700943206071546,40,1,POINT (10.8125 47.14583333)
4.585009835234306,40,1,POINT (10.85416667 47.14583333)
16375.925116963248,40,1,POINT (10.89583333 47.14583333)
42671.72325573609,40,1,POINT (10.9375 47.14583333)
2.9298460784174662,40,1,POINT (10.97916667 47.14583333)
2.0506590076019066e-05,40,1,POINT (11.02083333 47.14583333)
0.0,40,1,POINT (11.0625 47.14583333)
0.0,40,1,POINT (11.10416667 47.14583333)
0.0,40,1,POINT (11.14583333 47.14583333)
5.494092419142157e-11,40,1,POINT (11.1875 47.14583333)
0.08421391983668705,40,1,POINT (11.22916667 47.14583333)
1756.4452950423063,40,1,POINT (11.27083333 47.14583333)
768318.9832828172,40,1,POINT (11.3125 47.14583333)
29809834.2124455,40,1,POINT (11.35416667 47.14583333)
475709.70712013793,40,1,POINT (11.39583333 47.14583333)
1748438.4326303655,40,1,POINT (11.4375 47.14583333)
378866.45611478743,40,1,POINT (11.47916667 47.14583333)
3.792127481820717,40,1,POINT (11.52083333 47.14583333)
0.0,40,1,POINT (11.5625 47.14583333)
0.0,40,1,POINT (11.60416667 47.14583333)
0.0,40,1,POINT (11.64583333 47.14583333)
0.0,40,1,POINT (11.6875 47.14583333)
0.0,40,1,POINT (11.72916667 47.14583333)
5.354708130627267,40,1,POINT (11.77083333 47.14583333)
1533565.0005095368,40,1,POINT (11.8125 47.14583333)
11926912.91158063,40,1,POINT (11.85416667 47.14583333)
230353.6672353558,40,1,POINT (11.89583333 47.14583333)
14.402433632812773,40,1,POINT (11.9375 47.14583333)
0.0,40,1,POINT (11.97916667 47.14583333)
0.0,40,1,POINT (12.02083333 47.14583333)
0.0,40,1,POINT (12.0625 47.14583333)
0.0,40,1,POINT (12.10416667 47.14583333)
0.0,40,1,POINT (12.14583333 47.14583333)
0.0,40,1,POINT (12.1875 47.14583333)
0.0,40,1,POINT (12.22916667 47.14583333)
0.0,40,1,POINT (12.27083333 47.14583333)
0.0,40,1,POINT (12.3125 47.14583333)
0.0,40,1,POINT (12.35416667 47.14583333)
0.0,40,1,POINT (12.39583333 47.14583333)
0.0,40,1,POINT (12.4375 47.14583333)
0.0,40,1,POINT (12.47916667 47.14583333)
0.0,40,1,POINT (12.52083333 47.14583333)
0.0,40,1,POINT (12.5625 47.14583333)
0.0,40,1,POINT (12.60416667 47.14583333)
0.0,40,1,POINT (12.64583333 47.14583333)
0.0,40,1,POINT (12.6875 47.14583333)
0.0,40,1,POINT (12.72916667 47.14583333)
0.0,40,1,POINT (12.77083333 47.14583333)
0.0,40,1,POINT (12.8125 47.14583333)
0.0,40,1,POINT (12.85416667 47.14583333)
0.0,40,1,POINT (12.89583333 47.14583333)
0.0,40,1,POINT (12.9375 47.14583333)
0.0,40,1,POINT (12.97916667 47.14583333)
0.0,40,1,POINT (13.02083333 47.14583333)
28.320056564536838,40,1,POINT (13.0625 47.14583333)
574354.6716195432,40,1,POINT (13.10416667 47.14583333)
736238.3839560634,40,1,POINT (13.14583333 47.14583333)
187.39808371978262,40,1,POINT (13.1875 47.14583333)
4.0051933740889014e-08,40,1,POINT (13.22916667 47.14583333)
0.0,40,1,POINT (13.27083333 47.14583333)
0.0,40,1,POINT (13.3125 47.14583333)
0.0,40,1,POINT (13.35416667 47.14583333)
0.0,40,1,POINT (13.39583333 47.14583333)
0.0,40,1,POINT (13.4375 47.14583333)
0.0,40,1,POINT (13.47916667 47.14583333)
0.0,40,1,POINT (13.52083333 47.14583333)
9.493791702367246e-08,40,1,POINT (13.5625 47.14583333)
0.010282152648502678,40,1,POINT (13.60416667 47.14583333)
3.1893487161858314,40,1,POINT (13.64583333 47.14583333)
2022.1779787527803,40,1,POINT (13.6875 47.14583333)
0.00017098362807160884,40,1,POINT (13.72916667 47.14583333)
6076.786223944642,40,1,POINT (13.77083333 47.14583333)
1857904.31717358,40,1,POINT (13.8125 47.14583333)
64.23911963743085,40,1,POINT (13.85416667 47.14583333)
0.0,40,1,POINT (13.89583333 47.14583333)
0.0,40,1,POINT (13.9375 47.14583333)
0.0,40,1,POINT (13.97916667 47.14583333)
0.0,40,1,POINT (14.02083333 47.14583333)
0.0,40,1,POINT (14.0625 47.14583333)
0.039388103156777224,40,1,POINT (14.10416667 47.14583333)
9282.624190957606,40,1,POINT (14.14583333 47.14583333)
153651.3810364263,40,1,POINT (14.1875 47.14583333)
6.1983591599512895,40,1,POINT (14.22916667 47.14583333)
0.0,40,1,POINT (14.27083333 47.14583333)
0.0,40,1,POINT (14.3125 47.14583333)
2529.509506589992,40,1,POINT (14.35416667 47.14583333)
384175.7691919783,40,1,POINT (14.39583333 47.14583333)
197396.99650893747,40,1,POINT (14.4375 47.14583333)
0.021637540044353303,40,1,POINT (14.47916667 47.14583333)
4.005193373864518e-05,40,1,POINT (14.52083333 47.14583333)
22.08335460204619,40,1,POINT (14.5625 47.14583333)
21770.648257398614,40,1,POINT (14.60416667 47.14583333)
18677408.86616973,40,1,POINT (14.64583333 47.14583333)
16464855.241993707,40,1,POINT (14.6875 47.14583333)
3920996.8986833473,40,1,POINT (14.72916667 47.14583333)
577979.3046578475,40,1,POINT (14.77083333 47.14583333)
33342.05089159062,40,1,POINT (14.8125 47.14583333)
1615.1407600318682,40,1,POINT (14.85416667 47.14583333)
1.7074326143505105,40,1,POINT (14.89583333 47.14583333)
0.0,40,1,POINT (14.9375 47.14583333)
0.0,40,1,POINT (14.97916667 47.14583333)
0.05694262688801911,40,1,POINT (15.02083333 47.14583333)
45.51664179292514,40,1,POINT (15.0625 47.14583333)
314.31332592529066,40,1,POINT (15.10416667 47.14583333)
103.41423059771405,40,1,POINT (15.14583333 47.14583333)
0.8099484119850395,40,1,POINT (15.1875 47.14583333)
1.1031747625898165,40,1,POINT (15.22916667 47.14583333)
52859.68837196657,40,1,POINT (15.27083333 47.14583333)
118060155.8834364,40,1,POINT (15.3125 47.14583333)
277808420.74114376,40,1,POINT (15.35416667 47.14583333)
49650012.491084255,40,1,POINT (15.39583333 47.14583333)
47728449.979486145,40,1,POINT (15.4375 47.14583333)
4580919.167336894,40,1,POINT (15.47916667 47.14583333)
191942.18783995553,40,1,POINT (15.52083333 47.14583333)
13803.991595106498,40,1,POINT (15.5625 47.14583333)
572504.8023644096,40,1,POINT (15.60416667 47.14583333)
1813009.241442522,40,1,POINT (15.64583333 47.14583333)
31788412.162153196,40,1,POINT (15.6875 47.14583333)
2820023.955532732,40,1,POINT (15.72916667 47.14583333)
835218.706176446,40,1,POINT (15.77083333 47.14583333)
178942.32510962282,40,1,POINT (15.8125 47.14583333)
1083.5664576092372,40,1,POINT (15.85416667 47.14583333)
5.305987083094721,40,1,POINT (15.89583333 47.14583333)
1161.1467825125947,40,1,POINT (15.9375 47.14583333)
330773.0675435976,40,1,POINT (15.97916667 47.14583333)
2836286.0911777555,40,1,POINT (16.02083333 47.14583333)
283852.3800521097,40,1,POINT (16.0625 47.14583333)
14679.63987924008,40,1,POINT (16.10416667 47.14583333)
1577258.9837613658,40,1,POINT (16.14583333 47.14583333)
625728.0268665297,40,1,POINT (16.1875 47.14583333)
6.298954802244634,40,1,POINT (16.22916667 47.14583333)
0.007075711142883788,40,1,POINT (16.27083333 47.14583333)
22.81849939536402,40,1,POINT (16.3125 47.14583333)
16253.41064165486,40,1,POINT (16.35416667 47.14583333)
8.00476325466418,40,1,POINT (16.39583333 47.14583333)
0.0,40,1,POINT (16.47916667 47.14583333)
0.02469347835857501,40,1,POINT (9.64583333 47.10416667)
21.337839133752365,40,1,POINT (9.6875 47.10416667)
878.8014396906635,40,1,POINT (9.72916667 47.10416667)
54098.08223707348,40,1,POINT (9.77083333 47.10416667)
841505.5339697066,40,1,POINT (9.8125 47.10416667)
22277373.82498729,40,1,POINT (9.85416667 47.10416667)
11862196.764495926,40,1,POINT (9.89583333 47.10416667)
93054.13086082663,40,1,POINT (9.9375 47.10416667)
0.4481540085637993,40,1,POINT (9.97916667 47.10416667)
0.0,40,1,POINT (10.02083333 47.10416667)
0.0,40,1,POINT (10.0625 47.10416667)
0.0,40,1,POINT (10.10416667 47.10416667)
0.0,40,1,POINT (10.14583333 47.10416667)
0.044049714979061565,40,1,POINT (10.1875 47.10416667)
50825.427942500515,40,1,POINT (10.22916667 47.10416667)
2150550.3130008024,40,1,POINT (10.27083333 47.10416667)
57934.131824551696,40,1,POINT (10.3125 47.10416667)
434.9284897294076,40,1,POINT (10.35416667 47.10416667)
159.54894779948384,40,1,POINT (10.39583333 47.10416667)
1460.5307679651507,40,1,POINT (10.4375 47.10416667)
1109335.2370235939,40,1,POINT (10.47916667 47.10416667)
971514.2505547783,40,1,POINT (10.52083333 47.10416667)
1379679.6447866997,40,1,POINT (10.5625 47.10416667)
160631.67294554284,40,1,POINT (10.60416667 47.10416667)
78174.29372008622,40,1,POINT (10.64583333 47.10416667)
4586.898657164176,40,1,POINT (10.6875 47.10416667)
0.0008584519406111145,40,1,POINT (10.72916667 47.10416667)
0.0,40,1,POINT (10.77083333 47.10416667)
0.0,40,1,POINT (10.8125 47.10416667)
5.4940924190821737e-11,40,1,POINT (10.85416667 47.10416667)
23.29893808147095,40,1,POINT (10.89583333 47.10416667)
414173.74606438854,40,1,POINT (10.9375 47.10416667)
195304.9428413644,40,1,POINT (10.97916667 47.10416667)
1.1178509541113426,40,1,POINT (11.02083333 47.10416667)
0.0,40,1,POINT (11.0625 47.10416667)
0.0,40,1,POINT (11.10416667 47.10416667)
0.0,40,1,POINT (11.14583333 47.10416667)
0.0,40,1,POINT (11.1875 47.10416667)
0.001974411992891619,40,1,POINT (11.22916667 47.10416667)
153497.66097972848,40,1,POINT (11.27083333 47.10416667)
2895004.4292070335,40,1,POINT (11.3125 47.10416667)
61667.45992080555,40,1,POINT (11.35416667 47.10416667)
18161.03592433108,40,1,POINT (11.39583333 47.10416667)
1288169.8569165845,40,1,POINT (11.4375 47.10416667)
934233.7374720635,40,1,POINT (11.47916667 47.10416667)
18.348427374037726,40,1,POINT (11.52083333 47.10416667)
1.5075789601628368e-07,40,1,POINT (11.5625 47.10416667)
0.0,40,1,POINT (11.60416667 47.10416667)
0.0,40,1,POINT (11.64583333 47.10416667)
0.0,40,1,POINT (11.6875 47.10416667)
0.0,40,1,POINT (11.72916667 47.10416667)
0.011112461374706839,40,1,POINT (11.77083333 47.10416667)
110.95252305992474,40,1,POINT (11.8125 47.10416667)
756.8481745234074,40,1,POINT (11.85416667 47.10416667)
66.87190401648367,40,1,POINT (11.89583333 47.10416667)
0.001010898940330821,40,1,POINT (11.9375 47.10416667)
0.0,40,1,POINT (11.97916667 47.10416667)
0.0,40,1,POINT (12.02083333 47.10416667)
0.0,40,1,POINT (12.0625 47.10416667)
0.0,40,1,POINT (12.10416667 47.10416667)
0.0,40,1,POINT (12.14583333 47.10416667)
0.0,40,1,POINT (12.1875 47.10416667)
0.0,40,1,POINT (12.22916667 47.10416667)
0.0,40,1,POINT (12.27083333 47.10416667)
0.0,40,1,POINT (12.3125 47.10416667)
0.0,40,1,POINT (12.35416667 47.10416667)
0.0,40,1,POINT (12.39583333 47.10416667)
0.0,40,1,POINT (12.4375 47.10416667)
0.0,40,1,POINT (12.47916667 47.10416667)
0.0,40,1,POINT (12.52083333 47.10416667)
0.0,40,1,POINT (12.5625 47.10416667)
0.0,40,1,POINT (12.60416667 47.10416667)
0.0,40,1,POINT (12.64583333 47.10416667)
0.0,40,1,POINT (12.6875 47.10416667)
0.0,40,1,POINT (12.72916667 47.10416667)
0.0,40,1,POINT (12.77083333 47.10416667)
0.0,40,1,POINT (12.8125 47.10416667)
0.0,40,1,POINT (12.85416667 47.10416667)
0.0,40,1,POINT (12.89583333 47.10416667)
0.0,40,1,POINT (12.9375 47.10416667)
0.0,40,1,POINT (12.97916667 47.10416667)
0.0,40,1,POINT (13.02083333 47.10416667)
14.61273435932011,40,1,POINT (13.0625 47.10416667)
694197.0158049099,40,1,POINT (13.10416667 47.10416667)
9110565.306470126,40,1,POINT (13.14583333 47.10416667)
584.6121803948395,40,1,POINT (13.1875 47.10416667)
5.704131573026665e-06,40,1,POINT (13.22916667 47.10416667)
0.0,40,1,POINT (13.27083333 47.10416667)
0.0,40,1,POINT (13.3125 47.10416667)
0.0,40,1,POINT (13.35416667 47.10416667)
0.0,40,1,POINT (13.39583333 47.10416667)
0.0,40,1,POINT (13.4375 47.10416667)
0.0,40,1,POINT (13.47916667 47.10416667)
0.0,40,1,POINT (13.52083333 47.10416667)
0.04592494756127335,40,1,POINT (13.5625 47.10416667)
436442.5636228321,40,1,POINT (13.60416667 47.10416667)
927.2756654920904,40,1,POINT (13.64583333 47.10416667)
159.1801907424638,40,1,POINT (13.6875 47.10416667)
0.00012351219721964024,40,1,POINT (13.72916667 47.10416667)
3117.249011939062,40,1,POINT (13.77083333 47.10416667)
865589.9171360888,40,1,POINT (13.8125 47.10416667)
38.36724012102834,40,1,POINT (13.85416667 47.10416667)
0.0,40,1,POINT (13.89583333 47.10416667)
0.0,40,1,POINT (13.9375 47.10416667)
0.0,40,1,POINT (13.97916667 47.10416667)
0.0,40,1,POINT (14.02083333 47.10416667)
909.7105600202559,40,1,POINT (14.0625 47.10416667)
13009.875245065237,40,1,POINT (14.10416667 47.10416667)
280169.1103545613,40,1,POINT (14.14583333 47.10416667)
5502161.276173921,40,1,POINT (14.1875 47.10416667)
56.18638945146515,40,1,POINT (14.22916667 47.10416667)
0.0,40,1,POINT (14.27083333 47.10416667)
0.0,40,1,POINT (14.3125 47.10416667)
198.8660142414739,40,1,POINT (14.35416667 47.10416667)
4015.47071902087,40,1,POINT (14.39583333 47.10416667)
16155.548654412474,40,1,POINT (14.4375 47.10416667)
0.005278279634693266,40,1,POINT (14.47916667 47.10416667)
0.0,40,1,POINT (14.52083333 47.10416667)
3.61787634054788e-05,40,1,POINT (14.5625 47.10416667)
36.19124027609323,40,1,POINT (14.60416667 47.10416667)
4624.150979258855,40,1,POINT (14.64583333 47.10416667)
39381.502167287246,40,1,POINT (14.6875 47.10416667)
6586.400306790331,40,1,POINT (14.72916667 47.10416667)
199.44942678087884,40,1,POINT (14.77083333 47.10416667)
2.2737758355725806,40,1,POINT (14.8125 47.10416667)
0.0007313764947481309,40,1,POINT (14.85416667 47.10416667)
0.0,40,1,POINT (14.89583333 47.10416667)
0.0,40,1,POINT (14.9375 47.10416667)
0.00015075789600274488,40,1,POINT (14.97916667 47.10416667)
708.8375619601165,40,1,POINT (15.02083333 47.10416667)
187065.8860808379,40,1,POINT (15.0625 47.10416667)
1248575.8076840695,40,1,POINT (15.10416667 47.10416667)
548847.3667159376,40,1,POINT (15.14583333 47.10416667)
9183.241849144597,40,1,POINT (15.1875 47.10416667)
14.314846954773403,40,1,POINT (15.22916667 47.10416667)
22098.61897285973,40,1,POINT (15.27083333 47.10416667)
44052417.761536084,40,1,POINT (15.3125 47.10416667)
483066993.71581686,40,1,POINT (15.35416667 47.10416667)
5960082013.41695,40,1,POINT (15.39583333 47.10416667)
8355944469.39942,40,1,POINT (15.4375 47.10416667)
1128934454.5757997,40,1,POINT (15.47916667 47.10416667)
19150775.243128706,40,1,POINT (15.52083333 47.10416667)
128380.45513127084,40,1,POINT (15.5625 47.10416667)
765710.1195643661,40,1,POINT (15.60416667 47.10416667)
399051.7305686998,40,1,POINT (15.64583333 47.10416667)
589722253.4640869,40,1,POINT (15.6875 47.10416667)
332634429.5242051,40,1,POINT (15.72916667 47.10416667)
801229.6673592041,40,1,POINT (15.77083333 47.10416667)
14231299.434105907,40,1,POINT (15.8125 47.10416667)
580697.8414665125,40,1,POINT (15.85416667 47.10416667)
17089.888873745105,40,1,POINT (15.89583333 47.10416667)
1940557.7193838872,40,1,POINT (15.9375 47.10416667)
2436311.1544677354,40,1,POINT (15.97916667 47.10416667)
273729.3830605475,40,1,POINT (16.02083333 47.10416667)
674140.9190550003,40,1,POINT (16.0625 47.10416667)
41623.394428693005,40,1,POINT (16.10416667 47.10416667)
3109.710617607691,40,1,POINT (16.14583333 47.10416667)
48.50196055715531,40,1,POINT (16.1875 47.10416667)
0.003983860527325083,40,1,POINT (16.22916667 47.10416667)
132.25277746719925,40,1,POINT (16.27083333 47.10416667)
118771.34869338856,40,1,POINT (16.3125 47.10416667)
5725.640067364748,40,1,POINT (16.35416667 47.10416667)
0.9024488573027571,40,1,POINT (16.39583333 47.10416667)
0.0,40,1,POINT (16.4375 47.10416667)
0.0,40,1,POINT (16.47916667 47.10416667)
0.0,40,1,POINT (9.60416667 47.0625)
0.0,40,1,POINT (9.64583333 47.0625)
0.0,40,1,POINT (9.6875 47.0625)
7.718804274687366e-05,40,1,POINT (9.72916667 47.0625)
6.144638641780663,40,1,POINT (9.77083333 47.0625)
1542.6220616743697,40,1,POINT (9.8125 47.0625)
601395.6430236716,40,1,POINT (9.85416667 47.0625)
5177385.9095830005,40,1,POINT (9.89583333 47.0625)
213241.77021377767,40,1,POINT (9.9375 47.0625)
0.19446921526559122,40,1,POINT (9.97916667 47.0625)
0.0,40,1,POINT (10.02083333 47.0625)
0.0,40,1,POINT (10.0625 47.0625)
0.0,40,1,POINT (10.10416667 47.0625)
0.0,40,1,POINT (10.14583333 47.0625)
6.684662246649411e-07,40,1,POINT (10.1875 47.0625)
2.2599993894622963,40,1,POINT (10.22916667 47.0625)
82.86268726739118,40,1,POINT (10.27083333 47.0625)
13.22108552961485,40,1,POINT (10.3125 47.0625)
8.235124319614803,40,1,POINT (10.35416667 47.0625)
4817.018010701789,40,1,POINT (10.39583333 47.0625)
0.02059215292706359,40,1,POINT (10.4375 47.0625)
29.70907359680733,40,1,POINT (10.47916667 47.0625)
282.64725515918747,40,1,POINT (10.52083333 47.0625)
721.6986713040709,40,1,POINT (10.5625 47.0625)
70868.47314798337,40,1,POINT (10.60416667 47.0625)
2753176.7626857217,40,1,POINT (10.64583333 47.0625)
321725.61472622445,40,1,POINT (10.6875 47.0625)
0.023738941335567892,40,1,POINT (10.72916667 47.0625)
0.0,40,1,POINT (10.77083333 47.0625)
0.0,40,1,POINT (10.8125 47.0625)
0.0,40,1,POINT (10.85416667 47.0625)
1.4524710010316353,40,1,POINT (10.89583333 47.0625)
426059.57455483184,40,1,POINT (10.9375 47.0625)
1645329.1884538962,40,1,POINT (10.97916667 47.0625)
14.56506937353818,40,1,POINT (11.02083333 47.0625)
0.0,40,1,POINT (11.0625 47.0625)
0.0,40,1,POINT (11.10416667 47.0625)
0.0,40,1,POINT (11.14583333 47.0625)
0.0,40,1,POINT (11.1875 47.0625)
1.974411992868241e-06,40,1,POINT (11.22916667 47.0625)
98.08119958730056,40,1,POINT (11.27083333 47.0625)
211.0349711778659,40,1,POINT (11.3125 47.0625)
14.667335832333048,40,1,POINT (11.35416667 47.0625)
1610.5921013704412,40,1,POINT (11.39583333 47.0625)
17504.068157271555,40,1,POINT (11.4375 47.0625)
41539.89488389078,40,1,POINT (11.47916667 47.0625)
1362.2553420227393,40,1,POINT (11.52083333 47.0625)
2.4830056403600977,40,1,POINT (11.5625 47.0625)
0.0,40,1,POINT (11.60416667 47.0625)
0.0,40,1,POINT (11.64583333 47.0625)
0.0,40,1,POINT (11.6875 47.0625)
0.0,40,1,POINT (11.72916667 47.0625)
0.0,40,1,POINT (11.77083333 47.0625)
0.0,40,1,POINT (11.8125 47.0625)
3.76839799028962e-07,40,1,POINT (11.85416667 47.0625)
5.494092419142157e-11,40,1,POINT (11.89583333 47.0625)
0.0,40,1,POINT (11.9375 47.0625)
0.0,40,1,POINT (11.97916667 47.0625)
0.0,40,1,POINT (12.02083333 47.0625)
0.0,40,1,POINT (12.0625 47.0625)
0.0,40,1,POINT (12.22916667 47.0625)
0.0,40,1,POINT (12.27083333 47.0625)
0.0,40,1,POINT (12.3125 47.0625)
0.0,40,1,POINT (12.35416667 47.0625)
0.0,40,1,POINT (12.39583333 47.0625)
0.0,40,1,POINT (12.4375 47.0625)
0.01296765315599616,40,1,POINT (12.47916667 47.0625)
19.614150942057062,40,1,POINT (12.52083333 47.0625)
9.530109577261461,40,1,POINT (12.5625 47.0625)
0.0019924156393569567,40,1,POINT (12.60416667 47.0625)
0.0,40,1,POINT (12.64583333 47.0625)
0.0,40,1,POINT (12.6875 47.0625)
0.0,40,1,POINT (12.72916667 47.0625)
0.0,40,1,POINT (12.77083333 47.0625)
126.36236754738344,40,1,POINT (12.8125 47.0625)
1605.2700766204637,40,1,POINT (12.85416667 47.0625)
0.0,40,1,POINT (12.89583333 47.0625)
0.0,40,1,POINT (12.9375 47.0625)
0.0,40,1,POINT (12.97916667 47.0625)
0.0,40,1,POINT (13.02083333 47.0625)
0.015795295942877007,40,1,POINT (13.0625 47.0625)
108.36585558446835,40,1,POINT (13.10416667 47.0625)
578.731400728008,40,1,POINT (13.14583333 47.0625)
6.761036857780877,40,1,POINT (13.1875 47.0625)
3.516219148462048e-09,40,1,POINT (13.22916667 47.0625)
0.0,40,1,POINT (13.27083333 47.0625)
0.0,40,1,POINT (13.3125 47.0625)
0.0,40,1,POINT (13.35416667 47.0625)
0.0,40,1,POINT (13.39583333 47.0625)
0.0,40,1,POINT (13.4375 47.0625)
0.0,40,1,POINT (13.47916667 47.0625)
0.0,40,1,POINT (13.52083333 47.0625)
0.0036768343254653443,40,1,POINT (13.5625 47.0625)
34215.5718812783,40,1,POINT (13.60416667 47.0625)
56.55526340882094,40,1,POINT (13.64583333 47.0625)
0.0,40,1,POINT (13.6875 47.0625)
0.0,40,1,POINT (13.72916667 47.0625)
0.016303222753946037,40,1,POINT (13.77083333 47.0625)
1.4671472563558465,40,1,POINT (13.8125 47.0625)
0.003622764104965732,40,1,POINT (13.85416667 47.0625)
0.0,40,1,POINT (13.89583333 47.0625)
0.0,40,1,POINT (13.9375 47.0625)
0.0,40,1,POINT (13.97916667 47.0625)
0.0,40,1,POINT (14.02083333 47.0625)
1.2478882852661584,40,1,POINT (14.0625 47.0625)
17.108055646009067,40,1,POINT (14.10416667 47.0625)
8.160934458385784,40,1,POINT (14.14583333 47.0625)
56.50486763266902,40,1,POINT (14.1875 47.0625)
0.2085786036757432,40,1,POINT (14.22916667 47.0625)
0.0,40,1,POINT (14.27083333 47.0625)
0.0,40,1,POINT (14.3125 47.0625)
1.206063167974196e-06,40,1,POINT (14.35416667 47.0625)
19971.30939416462,40,1,POINT (14.39583333 47.0625)
119760.61360790538,40,1,POINT (14.4375 47.0625)
7.595033361057953e-07,40,1,POINT (14.47916667 47.0625)
0.0,40,1,POINT (14.52083333 47.0625)
0.0,40,1,POINT (14.5625 47.0625)
8.584519405321879e-07,40,1,POINT (14.60416667 47.0625)
0.8149133455219015,40,1,POINT (14.64583333 47.0625)
900171.5773675824,40,1,POINT (14.6875 47.0625)
40530.4448361901,40,1,POINT (14.72916667 47.0625)
0.4375524856533244,40,1,POINT (14.77083333 47.0625)
0.0009435286210610664,40,1,POINT (14.8125 47.0625)
0.0,40,1,POINT (14.85416667 47.0625)
0.0,40,1,POINT (14.89583333 47.0625)
0.0,40,1,POINT (14.9375 47.0625)
0.021993706452685575,40,1,POINT (14.97916667 47.0625)
7290.541062608126,40,1,POINT (15.02083333 47.0625)
103597765.94254832,40,1,POINT (15.0625 47.0625)
309310390.9391681,40,1,POINT (15.10416667 47.0625)
478740039.2449005,40,1,POINT (15.14583333 47.0625)
1822011.397601079,40,1,POINT (15.1875 47.0625)
24562.185120599675,40,1,POINT (15.22916667 47.0625)
4310.841726651607,40,1,POINT (15.27083333 47.0625)
445055.4898859131,40,1,POINT (15.3125 47.0625)
106542658.8744419,40,1,POINT (15.35416667 47.0625)
14547901403.389544,40,1,POINT (15.39583333 47.0625)
46375026446.33581,40,1,POINT (15.4375 47.0625)
13349691680.200544,40,1,POINT (15.47916667 47.0625)
259970854.23556685,40,1,POINT (15.52083333 47.0625)
1141490.5316469672,40,1,POINT (15.5625 47.0625)
882405.8287671085,40,1,POINT (15.60416667 47.0625)
22603.562714777305,40,1,POINT (15.64583333 47.0625)
1435192.2339564008,40,1,POINT (15.6875 47.0625)
4047073.8964669923,40,1,POINT (15.72916667 47.0625)
86081.28340060415,40,1,POINT (15.77083333 47.0625)
71821.91835789716,40,1,POINT (15.8125 47.0625)
4765.804603746415,40,1,POINT (15.85416667 47.0625)
2788.567505143508,40,1,POINT (15.89583333 47.0625)
1130959.8380933164,40,1,POINT (15.9375 47.0625)
1420427.5634782792,40,1,POINT (15.97916667 47.0625)
170885.2727924973,40,1,POINT (16.02083333 47.0625)
162822338.01373136,40,1,POINT (16.0625 47.0625)
52583559.58211521,40,1,POINT (16.10416667 47.0625)
113906.66420100335,40,1,POINT (16.14583333 47.0625)
0.8109397807805137,40,1,POINT (16.1875 47.0625)
2.0269234453573155,40,1,POINT (16.22916667 47.0625)
4265.687681629024,40,1,POINT (16.27083333 47.0625)
26726929.63926544,40,1,POINT (16.3125 47.0625)
1174959.574715928,40,1,POINT (16.35416667 47.0625)
11.51477074260496,40,1,POINT (16.39583333 47.0625)
0.0,40,1,POINT (16.4375 47.0625)
0.0,40,1,POINT (16.47916667 47.0625)
34.13510142435255,40,1,POINT (9.85416667 47.02083333)
220.05411686725787,40,1,POINT (9.89583333 47.02083333)
10.942952196251849,40,1,POINT (9.9375 47.02083333)
2279.499582236158,40,1,POINT (9.97916667 47.02083333)
2300.7013294154744,40,1,POINT (10.02083333 47.02083333)
0.005107290567814801,40,1,POINT (10.0625 47.02083333)
1.5795295944152695e-05,40,1,POINT (10.10416667 47.02083333)
0.0,40,1,POINT (10.14583333 47.02083333)
0.0,40,1,POINT (10.1875 47.02083333)
0.001733633172849237,40,1,POINT (10.22916667 47.02083333)
161036.42248079897,40,1,POINT (10.27083333 47.02083333)
89234.05108272003,40,1,POINT (10.3125 47.02083333)
5.0064917175577015e-06,40,1,POINT (10.35416667 47.02083333)
0.0,40,1,POINT (10.39583333 47.02083333)
0.0,40,1,POINT (10.4375 47.02083333)
0.0,40,1,POINT (10.47916667 47.02083333)
0.0,40,1,POINT (10.52083333 47.02083333)
8.584519405816562e-07,40,1,POINT (10.5625 47.02083333)
31486.094771903816,40,1,POINT (10.60416667 47.02083333)
19239.977390423326,40,1,POINT (10.64583333 47.02083333)
139.7927986400276,40,1,POINT (10.6875 47.02083333)
8.139739659848487e-05,40,1,POINT (10.72916667 47.02083333)
0.0,40,1,POINT (10.77083333 47.02083333)
0.0,40,1,POINT (10.8125 47.02083333)
0.0,40,1,POINT (10.85416667 47.02083333)
1.8844736999402907e-05,40,1,POINT (10.89583333 47.02083333)
205.54497449961755,40,1,POINT (10.9375 47.02083333)
7466.025300537278,40,1,POINT (10.97916667 47.02083333)
1171.2553747295442,40,1,POINT (11.02083333 47.02083333)
6.0230163699888335,40,1,POINT (11.0625 47.02083333)
0.0,40,1,POINT (11.10416667 47.02083333)
0.0,40,1,POINT (11.14583333 47.02083333)
0.0,40,1,POINT (11.1875 47.02083333)
0.0,40,1,POINT (11.22916667 47.02083333)
0.0,40,1,POINT (11.27083333 47.02083333)
0.0,40,1,POINT (11.3125 47.02083333)
0.0,40,1,POINT (11.35416667 47.02083333)
5.494092419142157e-11,40,1,POINT (11.39583333 47.02083333)
29.556178285832047,40,1,POINT (11.4375 47.02083333)
700564.823731981,40,1,POINT (11.47916667 47.02083333)
6032044.0749897,40,1,POINT (11.52083333 47.02083333)
283.77849864010346,40,1,POINT (11.5625 47.02083333)
2.699247605867662e-07,40,1,POINT (11.60416667 47.02083333)
0.0,40,1,POINT (11.64583333 47.02083333)
0.0,40,1,POINT (11.6875 47.02083333)
0.0,40,1,POINT (11.72916667 47.02083333)
0.0,40,1,POINT (11.77083333 47.02083333)
0.0,40,1,POINT (11.8125 47.02083333)
0.0,40,1,POINT (11.85416667 47.02083333)
0.0,40,1,POINT (12.1875 47.02083333)
0.0,40,1,POINT (12.22916667 47.02083333)
0.0,40,1,POINT (12.27083333 47.02083333)
0.0,40,1,POINT (12.3125 47.02083333)
0.0,40,1,POINT (12.35416667 47.02083333)
0.0,40,1,POINT (12.39583333 47.02083333)
0.0,40,1,POINT (12.4375 47.02083333)
32.02015316018903,40,1,POINT (12.47916667 47.02083333)
933166.0335876972,40,1,POINT (12.52083333 47.02083333)
483529.1503230295,40,1,POINT (12.5625 47.02083333)
11.70187239234693,40,1,POINT (12.60416667 47.02083333)
0.0,40,1,POINT (12.64583333 47.02083333)
0.0,40,1,POINT (12.6875 47.02083333)
0.0,40,1,POINT (12.72916667 47.02083333)
0.0,40,1,POINT (12.77083333 47.02083333)
126.36236754434935,40,1,POINT (12.8125 47.02083333)
1605.2700765819186,40,1,POINT (12.85416667 47.02083333)
0.0,40,1,POINT (12.89583333 47.02083333)
0.0,40,1,POINT (12.9375 47.02083333)
0.0,40,1,POINT (12.97916667 47.02083333)
0.0,40,1,POINT (13.02083333 47.02083333)
0.0,40,1,POINT (13.0625 47.02083333)
2.8129753186007934e-08,40,1,POINT (13.10416667 47.02083333)
7.28796853491629e-06,40,1,POINT (13.14583333 47.02083333)
5.494092419142157e-11,40,1,POINT (13.1875 47.02083333)
0.0,40,1,POINT (13.22916667 47.02083333)
0.0,40,1,POINT (13.27083333 47.02083333)
0.0,40,1,POINT (13.3125 47.02083333)
0.0,40,1,POINT (13.35416667 47.02083333)
0.0,40,1,POINT (13.39583333 47.02083333)
0.0,40,1,POINT (13.4375 47.02083333)
0.0,40,1,POINT (13.47916667 47.02083333)
0.0,40,1,POINT (13.52083333 47.02083333)
0.0,40,1,POINT (13.5625 47.02083333)
0.0,40,1,POINT (13.60416667 47.02083333)
0.0,40,1,POINT (13.64583333 47.02083333)
0.0,40,1,POINT (13.6875 47.02083333)
0.0,40,1,POINT (13.72916667 47.02083333)
0.0,40,1,POINT (13.77083333 47.02083333)
0.0,40,1,POINT (13.8125 47.02083333)
0.0,40,1,POINT (13.85416667 47.02083333)
0.0,40,1,POINT (13.89583333 47.02083333)
0.0,40,1,POINT (13.9375 47.02083333)
0.0,40,1,POINT (13.97916667 47.02083333)
0.0,40,1,POINT (14.02083333 47.02083333)
0.0,40,1,POINT (14.0625 47.02083333)
0.0,40,1,POINT (14.10416667 47.02083333)
0.0,40,1,POINT (14.14583333 47.02083333)
0.0,40,1,POINT (14.1875 47.02083333)
0.0,40,1,POINT (14.22916667 47.02083333)
0.0,40,1,POINT (14.27083333 47.02083333)
0.0,40,1,POINT (14.3125 47.02083333)
0.022626363886920894,40,1,POINT (14.35416667 47.02083333)
23.24316195442926,40,1,POINT (14.39583333 47.02083333)
8.93789490227506,40,1,POINT (14.4375 47.02083333)
7.312637011075384e-05,40,1,POINT (14.47916667 47.02083333)
0.0,40,1,POINT (14.52083333 47.02083333)
0.0,40,1,POINT (14.5625 47.02083333)
0.0,40,1,POINT (14.60416667 47.02083333)
0.00013820147741627658,40,1,POINT (14.64583333 47.02083333)
6.1791374684532485,40,1,POINT (14.6875 47.02083333)
80532.95006239042,40,1,POINT (14.72916667 47.02083333)
27865.811738902154,40,1,POINT (14.77083333 47.02083333)
964.9733168135958,40,1,POINT (14.8125 47.02083333)
1.6670248928651528,40,1,POINT (14.85416667 47.02083333)
0.0,40,1,POINT (14.89583333 47.02083333)
0.0,40,1,POINT (14.9375 47.02083333)
0.0006092710599256689,40,1,POINT (14.97916667 47.02083333)
1094.4310140280295,40,1,POINT (15.02083333 47.02083333)
888231.2657636531,40,1,POINT (15.0625 47.02083333)
3888813.310609651,40,1,POINT (15.10416667 47.02083333)
37065174.433972225,40,1,POINT (15.14583333 47.02083333)
810424.1680876032,40,1,POINT (15.1875 47.02083333)
19990.62427607741,40,1,POINT (15.22916667 47.02083333)
13431.991566277908,40,1,POINT (15.27083333 47.02083333)
695816.6779459892,40,1,POINT (15.3125 47.02083333)
53382659.568448685,40,1,POINT (15.35416667 47.02083333)
6660216355.344918,40,1,POINT (15.39583333 47.02083333)
23558185391.76897,40,1,POINT (15.4375 47.02083333)
14326233267.614977,40,1,POINT (15.47916667 47.02083333)
615773366.0605277,40,1,POINT (15.52083333 47.02083333)
462688.02017113316,40,1,POINT (15.5625 47.02083333)
681.1005368662417,40,1,POINT (15.60416667 47.02083333)
16.83690282101633,40,1,POINT (15.64583333 47.02083333)
29515.858065969773,40,1,POINT (15.6875 47.02083333)
3994.4744602626547,40,1,POINT (15.72916667 47.02083333)
56327.04233961892,40,1,POINT (15.77083333 47.02083333)
104.77702985161521,40,1,POINT (15.8125 47.02083333)
278.5899460176963,40,1,POINT (15.85416667 47.02083333)
1969.3904800349267,40,1,POINT (15.89583333 47.02083333)
1222.9400198209694,40,1,POINT (15.9375 47.02083333)
308.8620193680323,40,1,POINT (15.97916667 47.02083333)
23674.941475348387,40,1,POINT (16.02083333 47.02083333)
26877485.3151545,40,1,POINT (16.0625 47.02083333)
32314996.47223844,40,1,POINT (16.10416667 47.02083333)
99703.0493364862,40,1,POINT (16.14583333 47.02083333)
43.13155195849947,40,1,POINT (16.1875 47.02083333)
7958.30349569031,40,1,POINT (16.22916667 47.02083333)
70507.76546054657,40,1,POINT (16.27083333 47.02083333)
110563.24092796937,40,1,POINT (16.3125 47.02083333)
7240.4858828689285,40,1,POINT (16.35416667 47.02083333)
0.36623075978947445,40,1,POINT (16.39583333 47.02083333)
0.0,40,1,POINT (16.4375 47.02083333)
0.0,40,1,POINT (9.89583333 46.97916667)
0.0,40,1,POINT (9.9375 46.97916667)
181.88818376822584,40,1,POINT (9.97916667 46.97916667)
1290.939774731977,40,1,POINT (10.02083333 46.97916667)
12591.140456565885,40,1,POINT (10.0625 46.97916667)
31.154072505245363,40,1,POINT (10.10416667 46.97916667)
3.786583436712045e-06,40,1,POINT (10.14583333 46.97916667)
0.0,40,1,POINT (10.1875 46.97916667)
6.543551977333262e-05,40,1,POINT (10.22916667 46.97916667)
12479.747760551703,40,1,POINT (10.27083333 46.97916667)
7086.224827587954,40,1,POINT (10.3125 46.97916667)
0.0,40,1,POINT (10.4375 46.97916667)
1.4834049535407487e-09,40,1,POINT (10.47916667 46.97916667)
26920.692638334214,40,1,POINT (10.52083333 46.97916667)
2117.751004516192,40,1,POINT (10.5625 46.97916667)
9.493791700795741e-08,40,1,POINT (10.60416667 46.97916667)
7.513891109503248e-05,40,1,POINT (10.64583333 46.97916667)
2.699247605495081e-07,40,1,POINT (10.6875 46.97916667)
0.0,40,1,POINT (10.72916667 46.97916667)
0.0,40,1,POINT (10.77083333 46.97916667)
0.0,40,1,POINT (10.8125 46.97916667)
0.0,40,1,POINT (10.85416667 46.97916667)
0.0,40,1,POINT (10.89583333 46.97916667)
13.626902226515895,40,1,POINT (10.9375 46.97916667)
861566.7300706925,40,1,POINT (10.97916667 46.97916667)
8923756.290996436,40,1,POINT (11.02083333 46.97916667)
565.9952119110566,40,1,POINT (11.0625 46.97916667)
1.440243363308301e-05,40,1,POINT (11.10416667 46.97916667)
0.0,40,1,POINT (11.14583333 46.97916667)
0.0,40,1,POINT (11.1875 46.97916667)
0.0,40,1,POINT (11.22916667 46.97916667)
0.0,40,1,POINT (11.39583333 46.97916667)
0.0,40,1,POINT (11.72916667 46.97916667)
0.0,40,1,POINT (12.14583333 46.97916667)
0.0,40,1,POINT (12.1875 46.97916667)
0.0,40,1,POINT (12.22916667 46.97916667)
0.0,40,1,POINT (12.27083333 46.97916667)
0.0,40,1,POINT (12.3125 46.97916667)
0.0,40,1,POINT (12.35416667 46.97916667)
0.0,40,1,POINT (12.39583333 46.97916667)
0.0,40,1,POINT (12.4375 46.97916667)
36.479000582063705,40,1,POINT (12.47916667 46.97916667)
1472720.5247317594,40,1,POINT (12.52083333 46.97916667)
877076.0789115507,40,1,POINT (12.5625 46.97916667)
20.36167775521203,40,1,POINT (12.60416667 46.97916667)
0.0,40,1,POINT (12.64583333 46.97916667)
0.0,40,1,POINT (12.6875 46.97916667)
0.0,40,1,POINT (12.72916667 46.97916667)
0.0,40,1,POINT (12.77083333 46.97916667)
0.0,40,1,POINT (12.8125 46.97916667)
0.0,40,1,POINT (12.85416667 46.97916667)
0.0,40,1,POINT (12.89583333 46.97916667)
0.0,40,1,POINT (12.9375 46.97916667)
0.0,40,1,POINT (12.97916667 46.97916667)
0.0,40,1,POINT (13.02083333 46.97916667)
0.0,40,1,POINT (13.0625 46.97916667)
0.0,40,1,POINT (13.10416667 46.97916667)
0.0,40,1,POINT (13.14583333 46.97916667)
0.0,40,1,POINT (13.1875 46.97916667)
0.0,40,1,POINT (13.22916667 46.97916667)
0.0,40,1,POINT (13.27083333 46.97916667)
0.0,40,1,POINT (13.3125 46.97916667)
0.0,40,1,POINT (13.35416667 46.97916667)
0.0,40,1,POINT (13.39583333 46.97916667)
0.0,40,1,POINT (13.4375 46.97916667)
0.0,40,1,POINT (13.47916667 46.97916667)
0.00033121509752537183,40,1,POINT (13.52083333 46.97916667)
1.0719633602559318e-05,40,1,POINT (13.5625 46.97916667)
0.0,40,1,POINT (13.60416667 46.97916667)
0.0,40,1,POINT (13.64583333 46.97916667)
0.0,40,1,POINT (13.6875 46.97916667)
0.0,40,1,POINT (13.72916667 46.97916667)
0.0,40,1,POINT (13.77083333 46.97916667)
0.0,40,1,POINT (13.8125 46.97916667)
0.0,40,1,POINT (13.85416667 46.97916667)
0.0,40,1,POINT (13.89583333 46.97916667)
0.0,40,1,POINT (13.9375 46.97916667)
0.0,40,1,POINT (13.97916667 46.97916667)
0.0,40,1,POINT (14.02083333 46.97916667)
0.0,40,1,POINT (14.0625 46.97916667)
0.0,40,1,POINT (14.10416667 46.97916667)
0.0,40,1,POINT (14.14583333 46.97916667)
0.0,40,1,POINT (14.1875 46.97916667)
0.0,40,1,POINT (14.22916667 46.97916667)
0.0,40,1,POINT (14.27083333 46.97916667)
6.076026689039778e-06,40,1,POINT (14.3125 46.97916667)
193.81915813091362,40,1,POINT (14.35416667 46.97916667)
1715624.4128410511,40,1,POINT (14.39583333 46.97916667)
141365.33734416016,40,1,POINT (14.4375 46.97916667)
5.410753467731686,40,1,POINT (14.47916667 46.97916667)
3.7683979909758073e-07,40,1,POINT (14.52083333 46.97916667)
0.0,40,1,POINT (14.5625 46.97916667)
0.0,40,1,POINT (14.60416667 46.97916667)
0.0,40,1,POINT (14.64583333 46.97916667)
0.00548845240420983,40,1,POINT (14.6875 46.97916667)
17992.147075217974,40,1,POINT (14.72916667 46.97916667)
10110388.687896626,40,1,POINT (14.77083333 46.97916667)
6206983.391282075,40,1,POINT (14.8125 46.97916667)
302.9593691767856,40,1,POINT (14.85416667 46.97916667)
0.0,40,1,POINT (14.89583333 46.97916667)
0.0,40,1,POINT (14.9375 46.97916667)
0.0,40,1,POINT (14.97916667 46.97916667)
0.4528455131252137,40,1,POINT (15.02083333 46.97916667)
4873.1849690338195,40,1,POINT (15.0625 46.97916667)
56750.40900986256,40,1,POINT (15.10416667 46.97916667)
4971.860202292312,40,1,POINT (15.14583333 46.97916667)
481.9640672834939,40,1,POINT (15.1875 46.97916667)
1.186783662851067,40,1,POINT (15.22916667 46.97916667)
7392.640767434223,40,1,POINT (15.27083333 46.97916667)
27275872.570116404,40,1,POINT (15.3125 46.97916667)
371612596.0764972,40,1,POINT (15.35416667 46.97916667)
1169130254.9196744,40,1,POINT (15.39583333 46.97916667)
4210299533.7054806,40,1,POINT (15.4375 46.97916667)
2867655406.0875983,40,1,POINT (15.47916667 46.97916667)
128321836.21470533,40,1,POINT (15.52083333 46.97916667)
75419.50749259899,40,1,POINT (15.5625 46.97916667)
0.9578632496699417,40,1,POINT (15.60416667 46.97916667)
0.0,40,1,POINT (15.64583333 46.97916667)
13.888825009772473,40,1,POINT (15.6875 46.97916667)
10.1853885169492,40,1,POINT (15.72916667 46.97916667)
106430.6897794652,40,1,POINT (15.77083333 46.97916667)
80520.1896720834,40,1,POINT (15.8125 46.97916667)
443315.9650924053,40,1,POINT (15.85416667 46.97916667)
20776487.350181732,40,1,POINT (15.89583333 46.97916667)
193903.20144241623,40,1,POINT (15.9375 46.97916667)
6523.685789376288,40,1,POINT (15.97916667 46.97916667)
47039.55407199785,40,1,POINT (16.02083333 46.97916667)
42027.40440872398,40,1,POINT (16.0625 46.97916667)
11674265.797798298,40,1,POINT (16.10416667 46.97916667)
426427.76008280163,40,1,POINT (16.14583333 46.97916667)
1503.8205492448615,40,1,POINT (16.1875 46.97916667)
90531.57852904734,40,1,POINT (16.22916667 46.97916667)
0.0,40,1,POINT (9.89583333 46.9375)
0.0,40,1,POINT (9.9375 46.9375)
0.002606283606353829,40,1,POINT (9.97916667 46.9375)
19661.46861111419,40,1,POINT (10.02083333 46.9375)
7134637.399415823,40,1,POINT (10.0625 46.9375)
35371.44558808484,40,1,POINT (10.10416667 46.9375)
0.0007130164466303536,40,1,POINT (10.14583333 46.9375)
0.0,40,1,POINT (10.1875 46.9375)
0.0,40,1,POINT (10.22916667 46.9375)
0.0,40,1,POINT (10.27083333 46.9375)
1.0293905399822822,40,1,POINT (10.47916667 46.9375)
3070.7550034238843,40,1,POINT (10.52083333 46.9375)
173.7387172844695,40,1,POINT (10.5625 46.9375)
0.0,40,1,POINT (10.60416667 46.9375)
0.0,40,1,POINT (10.64583333 46.9375)
0.0,40,1,POINT (10.6875 46.9375)
0.0,40,1,POINT (10.72916667 46.9375)
0.0,40,1,POINT (10.77083333 46.9375)
0.0,40,1,POINT (10.8125 46.9375)
0.0,40,1,POINT (10.85416667 46.9375)
0.0,40,1,POINT (10.89583333 46.9375)
2.0859384913064125,40,1,POINT (10.9375 46.9375)
119290.16884871795,40,1,POINT (10.97916667 46.9375)
1631096.8920377446,40,1,POINT (11.02083333 46.9375)
174.16518606012104,40,1,POINT (11.0625 46.9375)
2.2503802550832572e-07,40,1,POINT (11.10416667 46.9375)
0.0,40,1,POINT (12.14583333 46.9375)
0.0,40,1,POINT (12.1875 46.9375)
0.0,40,1,POINT (12.22916667 46.9375)
0.0,40,1,POINT (12.27083333 46.9375)
0.0,40,1,POINT (12.3125 46.9375)
0.0,40,1,POINT (12.35416667 46.9375)
0.0,40,1,POINT (12.39583333 46.9375)
0.0,40,1,POINT (12.4375 46.9375)
0.0265769372453324,40,1,POINT (12.47916667 46.9375)
44.707304881217524,40,1,POINT (12.52083333 46.9375)
32.158352886779774,40,1,POINT (12.5625 46.9375)
0.01682192337092417,40,1,POINT (12.60416667 46.9375)
0.0,40,1,POINT (12.64583333 46.9375)
0.0,40,1,POINT (12.6875 46.9375)
0.0006341927576581085,40,1,POINT (12.72916667 46.9375)
0.05250548231006673,40,1,POINT (12.77083333 46.9375)
0.0018860189136209293,40,1,POINT (12.8125 46.9375)
3.5162191490952586e-09,40,1,POINT (12.85416667 46.9375)
0.0,40,1,POINT (12.89583333 46.9375)
0.0,40,1,POINT (12.9375 46.9375)
0.0,40,1,POINT (12.97916667 46.9375)
0.0,40,1,POINT (13.02083333 46.9375)
0.0,40,1,POINT (13.0625 46.9375)
0.0,40,1,POINT (13.10416667 46.9375)
0.0,40,1,POINT (13.14583333 46.9375)
0.0,40,1,POINT (13.1875 46.9375)
0.0,40,1,POINT (13.22916667 46.9375)
0.0,40,1,POINT (13.27083333 46.9375)
0.0,40,1,POINT (13.3125 46.9375)
0.0,40,1,POINT (13.35416667 46.9375)
0.0,40,1,POINT (13.39583333 46.9375)
0.0,40,1,POINT (13.4375 46.9375)
0.04181270778531358,40,1,POINT (13.47916667 46.9375)
40240.472899446715,40,1,POINT (13.52083333 46.9375)
5225.214682030742,40,1,POINT (13.5625 46.9375)
3.516219148757549e-06,40,1,POINT (13.60416667 46.9375)
0.0,40,1,POINT (13.64583333 46.9375)
0.0,40,1,POINT (13.6875 46.9375)
0.0,40,1,POINT (13.72916667 46.9375)
0.0,40,1,POINT (13.77083333 46.9375)
0.0,40,1,POINT (13.8125 46.9375)
0.0,40,1,POINT (13.85416667 46.9375)
0.0,40,1,POINT (13.89583333 46.9375)
0.0,40,1,POINT (13.9375 46.9375)
0.0,40,1,POINT (13.97916667 46.9375)
0.0,40,1,POINT (14.02083333 46.9375)
0.0,40,1,POINT (14.0625 46.9375)
0.0,40,1,POINT (14.10416667 46.9375)
0.0,40,1,POINT (14.14583333 46.9375)
0.0,40,1,POINT (14.1875 46.9375)
0.0,40,1,POINT (14.22916667 46.9375)
0.0,40,1,POINT (14.27083333 46.9375)
0.018764089162564782,40,1,POINT (14.3125 46.9375)
882.4687833089719,40,1,POINT (14.35416667 46.9375)
5530075.432516742,40,1,POINT (14.39583333 46.9375)
882258.9464769933,40,1,POINT (14.4375 46.9375)
4668.609595265097,40,1,POINT (14.47916667 46.9375)
77.58154154469992,40,1,POINT (14.52083333 46.9375)
0.0022955374644595045,40,1,POINT (14.5625 46.9375)
0.0,40,1,POINT (14.60416667 46.9375)
0.0,40,1,POINT (14.64583333 46.9375)
2.699247605753288e-07,40,1,POINT (14.6875 46.9375)
162.04448993003183,40,1,POINT (14.72916667 46.9375)
806593.6842401973,40,1,POINT (14.77083333 46.9375)
1371652.88596813,40,1,POINT (14.8125 46.9375)
854.9542178988738,40,1,POINT (14.85416667 46.9375)
0.5962505742881736,40,1,POINT (14.89583333 46.9375)
9.493791702367246e-08,40,1,POINT (14.9375 46.9375)
0.0,40,1,POINT (14.97916667 46.9375)
0.0,40,1,POINT (15.02083333 46.9375)
79.31619459104697,40,1,POINT (15.0625 46.9375)
1036.3826028117726,40,1,POINT (15.10416667 46.9375)
0.0016052700764885624,40,1,POINT (15.14583333 46.9375)
0.03470226518803127,40,1,POINT (15.1875 46.9375)
549.7652994024036,40,1,POINT (15.22916667 46.9375)
49187.7239011541,40,1,POINT (15.27083333 46.9375)
18018549.923980974,40,1,POINT (15.3125 46.9375)
151562107.5818094,40,1,POINT (15.35416667 46.9375)
44922278.06920067,40,1,POINT (15.39583333 46.9375)
421366142.8791597,40,1,POINT (15.4375 46.9375)
847302910.28537,40,1,POINT (15.47916667 46.9375)
4107733.8856483987,40,1,POINT (15.52083333 46.9375)
2844.7496523593572,40,1,POINT (15.5625 46.9375)
3.0292667492325516e-05,40,1,POINT (15.60416667 46.9375)
0.0,40,1,POINT (15.64583333 46.9375)
11.602224325596545,40,1,POINT (15.6875 46.9375)
11.543872929792462,40,1,POINT (15.72916667 46.9375)
248.55568583549143,40,1,POINT (15.77083333 46.9375)
9265.507799098941,40,1,POINT (15.8125 46.9375)
977343.1860553934,40,1,POINT (15.85416667 46.9375)
77107023.66941291,40,1,POINT (15.89583333 46.9375)
872600.7128480766,40,1,POINT (15.9375 46.9375)
681471.407276422,40,1,POINT (15.97916667 46.9375)
8696426.729282647,40,1,POINT (16.02083333 46.9375)
3315.773203605481,40,1,POINT (16.0625 46.9375)
67923.94961400048,40,1,POINT (16.10416667 46.9375)
1360448.2102224445,40,1,POINT (16.14583333 46.9375)
636.6372531758049,40,1,POINT (16.1875 46.9375)
30.337019853754203,40,1,POINT (10.02083333 46.89583333)
13268.32948889031,40,1,POINT (10.0625 46.89583333)
22479.79262642946,40,1,POINT (10.10416667 46.89583333)
0.0001640527205983048,40,1,POINT (10.14583333 46.89583333)
0.0,40,1,POINT (10.1875 46.89583333)
230225.12166888622,40,1,POINT (10.47916667 46.89583333)
234583.51870284695,40,1,POINT (10.52083333 46.89583333)
0.010942952196443492,40,1,POINT (10.5625 46.89583333)
0.0,40,1,POINT (10.60416667 46.89583333)
0.0,40,1,POINT (10.64583333 46.89583333)
0.0,40,1,POINT (10.6875 46.89583333)
0.0,40,1,POINT (10.72916667 46.89583333)
0.0,40,1,POINT (10.77083333 46.89583333)
0.0,40,1,POINT (10.8125 46.89583333)
0.0,40,1,POINT (10.85416667 46.89583333)
0.0,40,1,POINT (10.89583333 46.89583333)
0.0001263623675419587,40,1,POINT (10.9375 46.89583333)
5.046650551256812,40,1,POINT (10.97916667 46.89583333)
18.93371615193409,40,1,POINT (11.02083333 46.89583333)
0.04937167946010965,40,1,POINT (11.0625 46.89583333)
0.0,40,1,POINT (12.1875 46.89583333)
0.0,40,1,POINT (12.22916667 46.89583333)
0.0,40,1,POINT (12.27083333 46.89583333)
0.0,40,1,POINT (12.3125 46.89583333)
0.0,40,1,POINT (12.35416667 46.89583333)
0.0,40,1,POINT (12.39583333 46.89583333)
0.0,40,1,POINT (12.4375 46.89583333)
0.0,40,1,POINT (12.47916667 46.89583333)
0.0,40,1,POINT (12.52083333 46.89583333)
0.0,40,1,POINT (12.5625 46.89583333)
0.0,40,1,POINT (12.60416667 46.89583333)
0.0,40,1,POINT (12.64583333 46.89583333)
0.5676355503229883,40,1,POINT (12.6875 46.89583333)
1501.8753089902864,40,1,POINT (12.72916667 46.89583333)
14440.273111689776,40,1,POINT (12.77083333 46.89583333)
4816.042203610637,40,1,POINT (12.8125 46.89583333)
33.47928677255453,40,1,POINT (12.85416667 46.89583333)
1.3093960582772218e-05,40,1,POINT (12.89583333 46.89583333)
0.0,40,1,POINT (12.9375 46.89583333)
0.0,40,1,POINT (12.97916667 46.89583333)
0.0,40,1,POINT (13.02083333 46.89583333)
0.0,40,1,POINT (13.0625 46.89583333)
0.0,40,1,POINT (13.10416667 46.89583333)
0.0,40,1,POINT (13.14583333 46.89583333)
0.0,40,1,POINT (13.1875 46.89583333)
0.0,40,1,POINT (13.22916667 46.89583333)
0.0,40,1,POINT (13.27083333 46.89583333)
0.0,40,1,POINT (13.3125 46.89583333)
0.0,40,1,POINT (13.35416667 46.89583333)
0.0,40,1,POINT (13.39583333 46.89583333)
0.00048028345023140947,40,1,POINT (13.4375 46.89583333)
14.722073151725132,40,1,POINT (13.47916667 46.89583333)
536999.5324669828,40,1,POINT (13.52083333 46.89583333)
66556.73649932363,40,1,POINT (13.5625 46.89583333)
0.0017336331728466023,40,1,POINT (13.60416667 46.89583333)
0.0,40,1,POINT (13.64583333 46.89583333)
0.0,40,1,POINT (13.6875 46.89583333)
0.0,40,1,POINT (13.72916667 46.89583333)
0.0,40,1,POINT (13.77083333 46.89583333)
0.0,40,1,POINT (13.8125 46.89583333)
0.0,40,1,POINT (13.85416667 46.89583333)
0.0,40,1,POINT (13.89583333 46.89583333)
0.0,40,1,POINT (13.9375 46.89583333)
0.0,40,1,POINT (13.97916667 46.89583333)
0.0,40,1,POINT (14.02083333 46.89583333)
0.0,40,1,POINT (14.0625 46.89583333)
0.0,40,1,POINT (14.10416667 46.89583333)
0.0,40,1,POINT (14.14583333 46.89583333)
0.0,40,1,POINT (14.1875 46.89583333)
0.0,40,1,POINT (14.22916667 46.89583333)
0.0,40,1,POINT (14.27083333 46.89583333)
145499.56761898493,40,1,POINT (14.3125 46.89583333)
68353.9390782302,40,1,POINT (14.35416667 46.89583333)
5681.224414997501,40,1,POINT (14.39583333 46.89583333)
1409517.5363426658,40,1,POINT (14.4375 46.89583333)
16742829.875756262,40,1,POINT (14.47916667 46.89583333)
94705.50902127777,40,1,POINT (14.52083333 46.89583333)
15.78811735119098,40,1,POINT (14.5625 46.89583333)
0.0,40,1,POINT (14.60416667 46.89583333)
0.0,40,1,POINT (14.64583333 46.89583333)
0.0,40,1,POINT (14.6875 46.89583333)
0.02770991310612892,40,1,POINT (14.72916667 46.89583333)
1045.6370104484674,40,1,POINT (14.77083333 46.89583333)
42841.85400195967,40,1,POINT (14.8125 46.89583333)
244818.9575890975,40,1,POINT (14.85416667 46.89583333)
23041.258031032063,40,1,POINT (14.89583333 46.89583333)
1.0970977945003468,40,1,POINT (14.9375 46.89583333)
0.0,40,1,POINT (14.97916667 46.89583333)
0.0,40,1,POINT (15.02083333 46.89583333)
0.0,40,1,POINT (15.0625 46.89583333)
0.0,40,1,POINT (15.10416667 46.89583333)
0.011398851106780595,40,1,POINT (15.14583333 46.89583333)
405.7527367055352,40,1,POINT (15.1875 46.89583333)
404316.7766664618,40,1,POINT (15.22916667 46.89583333)
29694197.841167618,40,1,POINT (15.27083333 46.89583333)
92635.55159021156,40,1,POINT (15.3125 46.89583333)
54736.797286147805,40,1,POINT (15.35416667 46.89583333)
105259.36560774887,40,1,POINT (15.39583333 46.89583333)
3946973.782506749,40,1,POINT (15.4375 46.89583333)
57934644.095588915,40,1,POINT (15.47916667 46.89583333)
856989.9691983265,40,1,POINT (15.52083333 46.89583333)
4556.112799866521,40,1,POINT (15.5625 46.89583333)
2.0915291514256134,40,1,POINT (15.60416667 46.89583333)
0.0,40,1,POINT (15.64583333 46.89583333)
146.4386047904164,40,1,POINT (15.6875 46.89583333)
145.4901029306954,40,1,POINT (15.72916667 46.89583333)
0.0,40,1,POINT (15.77083333 46.89583333)
0.598677642822051,40,1,POINT (15.8125 46.89583333)
2175.059676333414,40,1,POINT (15.85416667 46.89583333)
303190.93046812253,40,1,POINT (15.89583333 46.89583333)
40057.274235604295,40,1,POINT (15.9375 46.89583333)
1738.5754246783142,40,1,POINT (15.97916667 46.89583333)
3561.7736998087303,40,1,POINT (16.02083333 46.89583333)
7.473869899641248,40,1,POINT (16.0625 46.89583333)
52.138535569003764,40,1,POINT (16.10416667 46.89583333)
0.0001854256191550337,40,1,POINT (10.10416667 46.85416667)
0.0,40,1,POINT (10.14583333 46.85416667)
459.6722158273971,40,1,POINT (10.47916667 46.85416667)
504.3146067813557,40,1,POINT (10.52083333 46.85416667)
9.026969656531411e-05,40,1,POINT (10.5625 46.85416667)
0.0,40,1,POINT (10.6875 46.85416667)
0.0,40,1,POINT (10.72916667 46.85416667)
0.0,40,1,POINT (10.77083333 46.85416667)
0.0,40,1,POINT (10.8125 46.85416667)
0.0,40,1,POINT (10.85416667 46.85416667)
0.0,40,1,POINT (10.89583333 46.85416667)
0.0,40,1,POINT (10.9375 46.85416667)
0.0,40,1,POINT (10.97916667 46.85416667)
0.0,40,1,POINT (11.02083333 46.85416667)
0.0,40,1,POINT (11.0625 46.85416667)
0.0,40,1,POINT (12.3125 46.85416667)
0.0,40,1,POINT (12.35416667 46.85416667)
0.0,40,1,POINT (12.39583333 46.85416667)
0.0,40,1,POINT (12.4375 46.85416667)
0.0,40,1,POINT (12.47916667 46.85416667)
0.0,40,1,POINT (12.52083333 46.85416667)
0.0,40,1,POINT (12.5625 46.85416667)
0.0,40,1,POINT (12.60416667 46.85416667)
0.0,40,1,POINT (12.64583333 46.85416667)
241.58849841171786,40,1,POINT (12.6875 46.85416667)
1007915.1340361283,40,1,POINT (12.72916667 46.85416667)
119371163.35841785,40,1,POINT (12.77083333 46.85416667)
13724276.163206114,40,1,POINT (12.8125 46.85416667)
30753.81097479252,40,1,POINT (12.85416667 46.85416667)
0.1372889247672306,40,1,POINT (12.89583333 46.85416667)
0.0,40,1,POINT (12.9375 46.85416667)
0.0,40,1,POINT (12.97916667 46.85416667)
0.0,40,1,POINT (13.02083333 46.85416667)
0.0,40,1,POINT (13.0625 46.85416667)
0.0,40,1,POINT (13.10416667 46.85416667)
0.0,40,1,POINT (13.14583333 46.85416667)
0.0,40,1,POINT (13.1875 46.85416667)
0.0,40,1,POINT (13.22916667 46.85416667)
0.0,40,1,POINT (13.27083333 46.85416667)
0.0,40,1,POINT (13.3125 46.85416667)
0.0,40,1,POINT (13.35416667 46.85416667)
2.226338106776909e-05,40,1,POINT (13.39583333 46.85416667)
121.4868329044629,40,1,POINT (13.4375 46.85416667)
16969.858731793658,40,1,POINT (13.47916667 46.85416667)
64800.51466979727,40,1,POINT (13.52083333 46.85416667)
1144.0959523935094,40,1,POINT (13.5625 46.85416667)
0.041812707785346015,40,1,POINT (13.60416667 46.85416667)
0.0,40,1,POINT (13.64583333 46.85416667)
0.0,40,1,POINT (13.6875 46.85416667)
0.0,40,1,POINT (13.72916667 46.85416667)
0.0,40,1,POINT (13.77083333 46.85416667)
0.0,40,1,POINT (13.8125 46.85416667)
0.0,40,1,POINT (13.85416667 46.85416667)
0.0,40,1,POINT (13.89583333 46.85416667)
0.0,40,1,POINT (13.9375 46.85416667)
0.0,40,1,POINT (13.97916667 46.85416667)
0.0,40,1,POINT (14.02083333 46.85416667)
0.0,40,1,POINT (14.0625 46.85416667)
0.0,40,1,POINT (14.10416667 46.85416667)
0.0,40,1,POINT (14.14583333 46.85416667)
0.0,40,1,POINT (14.1875 46.85416667)
0.0,40,1,POINT (14.22916667 46.85416667)
6.076026689238721e-06,40,1,POINT (14.27083333 46.85416667)
382.34044190064486,40,1,POINT (14.3125 46.85416667)
742.7294108922846,40,1,POINT (14.35416667 46.85416667)
3878.7534649146583,40,1,POINT (14.39583333 46.85416667)
8085629.325112839,40,1,POINT (14.4375 46.85416667)
110232281.32251991,40,1,POINT (14.47916667 46.85416667)
827484.7199196551,40,1,POINT (14.52083333 46.85416667)
25898.2303800963,40,1,POINT (14.5625 46.85416667)
0.0,40,1,POINT (14.60416667 46.85416667)
0.0,40,1,POINT (14.64583333 46.85416667)
0.0,40,1,POINT (14.6875 46.85416667)
0.002140400556996056,40,1,POINT (14.72916667 46.85416667)
6157.273261685762,40,1,POINT (14.77083333 46.85416667)
22492512.751776982,40,1,POINT (14.8125 46.85416667)
302165752.97757924,40,1,POINT (14.85416667 46.85416667)
1067357.1672681277,40,1,POINT (14.89583333 46.85416667)
65.36146977837832,40,1,POINT (14.9375 46.85416667)
0.0,40,1,POINT (14.97916667 46.85416667)
0.0,40,1,POINT (15.02083333 46.85416667)
0.0,40,1,POINT (15.0625 46.85416667)
0.0,40,1,POINT (15.10416667 46.85416667)
95.86657331038232,40,1,POINT (15.14583333 46.85416667)
180704.5333765265,40,1,POINT (15.1875 46.85416667)
11997959.63511892,40,1,POINT (15.22916667 46.85416667)
2035685.4819033653,40,1,POINT (15.27083333 46.85416667)
75898.94081979341,40,1,POINT (15.3125 46.85416667)
2684.3753753016736,40,1,POINT (15.35416667 46.85416667)
525813.652617477,40,1,POINT (15.39583333 46.85416667)
21834.73363752474,40,1,POINT (15.4375 46.85416667)
45271.37520763932,40,1,POINT (15.47916667 46.85416667)
13263152.714478292,40,1,POINT (15.52083333 46.85416667)
2768326.600142092,40,1,POINT (15.5625 46.85416667)
5247.913037937809,40,1,POINT (15.60416667 46.85416667)
0.14755038990684224,40,1,POINT (15.64583333 46.85416667)
0.0,40,1,POINT (15.6875 46.85416667)
0.0,40,1,POINT (15.72916667 46.85416667)
0.0,40,1,POINT (15.77083333 46.85416667)
2.812975318662187e-08,40,1,POINT (15.8125 46.85416667)
1.613100648535339,40,1,POINT (15.85416667 46.85416667)
160022.45957940503,40,1,POINT (15.89583333 46.85416667)
7619.987806361562,40,1,POINT (15.9375 46.85416667)
0.004398734719398408,40,1,POINT (15.97916667 46.85416667)
0.00013219357746569396,40,1,POINT (16.02083333 46.85416667)
2.8129753185700812e-08,40,1,POINT (16.0625 46.85416667)
0.0,40,1,POINT (10.77083333 46.8125)
0.0,40,1,POINT (10.8125 46.8125)
0.0,40,1,POINT (10.85416667 46.8125)
0.0,40,1,POINT (10.89583333 46.8125)
0.0,40,1,POINT (10.9375 46.8125)
0.0,40,1,POINT (10.97916667 46.8125)
0.0,40,1,POINT (11.02083333 46.8125)
0.0002468014991200234,40,1,POINT (12.27083333 46.8125)
0.0005460235075450723,40,1,POINT (12.3125 46.8125)
0.0,40,1,POINT (12.35416667 46.8125)
0.0,40,1,POINT (12.39583333 46.8125)
1.440243363377564e-05,40,1,POINT (12.4375 46.8125)
2.250380255319656e-07,40,1,POINT (12.47916667 46.8125)
0.0,40,1,POINT (12.52083333 46.8125)
0.0,40,1,POINT (12.5625 46.8125)
0.0,40,1,POINT (12.60416667 46.8125)
0.0,40,1,POINT (12.64583333 46.8125)
314.0497876477977,40,1,POINT (12.6875 46.8125)
2573033.9028689545,40,1,POINT (12.72916667 46.8125)
294433368.0363428,40,1,POINT (12.77083333 46.8125)
40480002.889723375,40,1,POINT (12.8125 46.8125)
116574.9784124233,40,1,POINT (12.85416667 46.8125)
0.23444906783269814,40,1,POINT (12.89583333 46.8125)
0.0,40,1,POINT (12.9375 46.8125)
0.0,40,1,POINT (12.97916667 46.8125)
0.0,40,1,POINT (13.02083333 46.8125)
0.0,40,1,POINT (13.0625 46.8125)
0.0,40,1,POINT (13.10416667 46.8125)
0.0,40,1,POINT (13.14583333 46.8125)
0.0,40,1,POINT (13.1875 46.8125)
0.0,40,1,POINT (13.22916667 46.8125)
0.0,40,1,POINT (13.27083333 46.8125)
0.0,40,1,POINT (13.3125 46.8125)
0.0,40,1,POINT (13.35416667 46.8125)
0.019498254458546714,40,1,POINT (13.39583333 46.8125)
5583.386482941811,40,1,POINT (13.4375 46.8125)
38174128.74527523,40,1,POINT (13.47916667 46.8125)
55835448.838885516,40,1,POINT (13.52083333 46.8125)
159458.3820236144,40,1,POINT (13.5625 46.8125)
2701.5941782040286,40,1,POINT (13.60416667 46.8125)
0.0,40,1,POINT (13.64583333 46.8125)
28749.232521357415,40,1,POINT (13.6875 46.8125)
2259.4102172619355,40,1,POINT (13.72916667 46.8125)
0.0,40,1,POINT (13.77083333 46.8125)
0.0,40,1,POINT (13.8125 46.8125)
0.0,40,1,POINT (13.85416667 46.8125)
0.0,40,1,POINT (13.89583333 46.8125)
0.0,40,1,POINT (13.9375 46.8125)
0.0,40,1,POINT (13.97916667 46.8125)
5.494092420461332e-11,40,1,POINT (14.02083333 46.8125)
0.0028741588508736666,40,1,POINT (14.0625 46.8125)
0.0356820367994176,40,1,POINT (14.10416667 46.8125)
5.3309123810933525e-05,40,1,POINT (14.14583333 46.8125)
0.0,40,1,POINT (14.1875 46.8125)
0.0,40,1,POINT (14.22916667 46.8125)
2.319435292274297,40,1,POINT (14.27083333 46.8125)
10682.527424219326,40,1,POINT (14.3125 46.8125)
279788.39722908684,40,1,POINT (14.35416667 46.8125)
117631.41086339316,40,1,POINT (14.39583333 46.8125)
25139.06723592045,40,1,POINT (14.4375 46.8125)
21070.485831095422,40,1,POINT (14.47916667 46.8125)
8088.110556574429,40,1,POINT (14.52083333 46.8125)
69.55636727600972,40,1,POINT (14.5625 46.8125)
0.0,40,1,POINT (14.60416667 46.8125)
0.0,40,1,POINT (14.64583333 46.8125)
0.0,40,1,POINT (14.6875 46.8125)
0.012348286536009829,40,1,POINT (14.72916667 46.8125)
9514.22634899363,40,1,POINT (14.77083333 46.8125)
44851839.669174045,40,1,POINT (14.8125 46.8125)
346817709.6537423,40,1,POINT (14.85416667 46.8125)
170078.7814772695,40,1,POINT (14.89583333 46.8125)
48.988954974178526,40,1,POINT (14.9375 46.8125)
0.0,40,1,POINT (14.97916667 46.8125)
0.0,40,1,POINT (15.02083333 46.8125)
0.0,40,1,POINT (15.0625 46.8125)
3.768397990765831e-07,40,1,POINT (15.10416667 46.8125)
1213.8330572212444,40,1,POINT (15.14583333 46.8125)
10725955.731966252,40,1,POINT (15.1875 46.8125)
834209664.8575146,40,1,POINT (15.22916667 46.8125)
7116562.418909321,40,1,POINT (15.27083333 46.8125)
782604.2114844761,40,1,POINT (15.3125 46.8125)
1675.376598163778,40,1,POINT (15.35416667 46.8125)
692.0175844668163,40,1,POINT (15.39583333 46.8125)
22.70857505869721,40,1,POINT (15.4375 46.8125)
35978.28036013681,40,1,POINT (15.47916667 46.8125)
67816545.08993532,40,1,POINT (15.52083333 46.8125)
306202646.6606105,40,1,POINT (15.5625 46.8125)
271442.35007933027,40,1,POINT (15.60416667 46.8125)
181.01091109138025,40,1,POINT (15.64583333 46.8125)
0.00188601891357634,40,1,POINT (15.6875 46.8125)
0.0,40,1,POINT (15.72916667 46.8125)
0.0,40,1,POINT (15.77083333 46.8125)
0.0,40,1,POINT (15.8125 46.8125)
0.0,40,1,POINT (15.85416667 46.8125)
1.4402433631722368e-05,40,1,POINT (15.89583333 46.8125)
9.648505343255797e-06,40,1,POINT (15.9375 46.8125)
0.0,40,1,POINT (10.85416667 46.77083333)
0.0,40,1,POINT (10.89583333 46.77083333)
0.0,40,1,POINT (10.97916667 46.77083333)
0.0,40,1,POINT (12.35416667 46.77083333)
717.211723263448,40,1,POINT (12.39583333 46.77083333)
129927.78790166804,40,1,POINT (12.4375 46.77083333)
2186.951510785166,40,1,POINT (12.47916667 46.77083333)
0.0,40,1,POINT (12.52083333 46.77083333)
0.0,40,1,POINT (12.5625 46.77083333)
0.0,40,1,POINT (12.60416667 46.77083333)
0.0,40,1,POINT (12.64583333 46.77083333)
2.593345652904994,40,1,POINT (12.6875 46.77083333)
4949.965560108297,40,1,POINT (12.72916667 46.77083333)
50271.926131202315,40,1,POINT (12.77083333 46.77083333)
16265.854144080415,40,1,POINT (12.8125 46.77083333)
170.45716499174677,40,1,POINT (12.85416667 46.77083333)
0.00022084487923219293,40,1,POINT (12.89583333 46.77083333)
0.0,40,1,POINT (12.9375 46.77083333)
0.0,40,1,POINT (12.97916667 46.77083333)
0.0,40,1,POINT (13.02083333 46.77083333)
0.0,40,1,POINT (13.0625 46.77083333)
0.0,40,1,POINT (13.10416667 46.77083333)
0.0,40,1,POINT (13.14583333 46.77083333)
0.0,40,1,POINT (13.1875 46.77083333)
0.0,40,1,POINT (13.22916667 46.77083333)
0.0,40,1,POINT (13.27083333 46.77083333)
0.0,40,1,POINT (13.3125 46.77083333)
0.0,40,1,POINT (13.35416667 46.77083333)
0.004553605767841871,40,1,POINT (13.39583333 46.77083333)
2857.132069423783,40,1,POINT (13.4375 46.77083333)
10813555.51587383,40,1,POINT (13.47916667 46.77083333)
12546134.70834489,40,1,POINT (13.52083333 46.77083333)
40109.36894414271,40,1,POINT (13.5625 46.77083333)
285.2585643246678,40,1,POINT (13.60416667 46.77083333)
0.0,40,1,POINT (13.64583333 46.77083333)
2259.4102171973377,40,1,POINT (13.6875 46.77083333)
177.49400598237204,40,1,POINT (13.72916667 46.77083333)
0.0,40,1,POINT (13.77083333 46.77083333)
0.0,40,1,POINT (13.8125 46.77083333)
0.0,40,1,POINT (13.85416667 46.77083333)
0.0,40,1,POINT (13.89583333 46.77083333)
0.0,40,1,POINT (13.9375 46.77083333)
0.0,40,1,POINT (13.97916667 46.77083333)
0.5898104800168894,40,1,POINT (14.02083333 46.77083333)
1275.4524344321899,40,1,POINT (14.0625 46.77083333)
3725.406991803775,40,1,POINT (14.10416667 46.77083333)
51.91601595674722,40,1,POINT (14.14583333 46.77083333)
2.5633237595023824e-06,40,1,POINT (14.1875 46.77083333)
0.0,40,1,POINT (14.22916667 46.77083333)
131.95695418456458,40,1,POINT (14.27083333 46.77083333)
1100826.400785473,40,1,POINT (14.3125 46.77083333)
613158689.501404,40,1,POINT (14.35416667 46.77083333)
53954815.208678156,40,1,POINT (14.39583333 46.77083333)
53315.58578161261,40,1,POINT (14.4375 46.77083333)
4762.898363037119,40,1,POINT (14.47916667 46.77083333)
51881.106256128456,40,1,POINT (14.52083333 46.77083333)
1387.2127227310255,40,1,POINT (14.5625 46.77083333)
5.49409242046135e-08,40,1,POINT (14.60416667 46.77083333)
2.2263381069529125e-05,40,1,POINT (14.64583333 46.77083333)
0.15664792744719397,40,1,POINT (14.6875 46.77083333)
5.0567237033275845,40,1,POINT (14.72916667 46.77083333)
2030.395977281104,40,1,POINT (14.77083333 46.77083333)
2288994.4628619747,40,1,POINT (14.8125 46.77083333)
1147155.1977769432,40,1,POINT (14.85416667 46.77083333)
8284.521885839447,40,1,POINT (14.89583333 46.77083333)
0.40926319520769083,40,1,POINT (14.9375 46.77083333)
0.0,40,1,POINT (14.97916667 46.77083333)
0.0,40,1,POINT (15.02083333 46.77083333)
0.0,40,1,POINT (15.0625 46.77083333)
5.494092419142157e-11,40,1,POINT (15.10416667 46.77083333)
203.44691984122642,40,1,POINT (15.14583333 46.77083333)
863933.6229813078,40,1,POINT (15.1875 46.77083333)
5083448.6435878035,40,1,POINT (15.22916667 46.77083333)
79055.41540177117,40,1,POINT (15.27083333 46.77083333)
3237.777979542051,40,1,POINT (15.3125 46.77083333)
104450.39051035492,40,1,POINT (15.35416667 46.77083333)
10.233694337211166,40,1,POINT (15.39583333 46.77083333)
0.2675500696192202,40,1,POINT (15.4375 46.77083333)
26231.086134470075,40,1,POINT (15.47916667 46.77083333)
120028487.19717504,40,1,POINT (15.52083333 46.77083333)
743554694.1434776,40,1,POINT (15.5625 46.77083333)
1816929.1683510079,40,1,POINT (15.60416667 46.77083333)
173220.78644138394,40,1,POINT (15.64583333 46.77083333)
1715.1014463072063,40,1,POINT (15.6875 46.77083333)
78.18471974045355,40,1,POINT (15.72916667 46.77083333)
25.02375657129251,40,1,POINT (15.77083333 46.77083333)
0.15532601101033625,40,1,POINT (15.8125 46.77083333)
0.0,40,1,POINT (15.85416667 46.77083333)
1.5075789600711672e-07,40,1,POINT (15.89583333 46.77083333)
0.6233115550312283,40,1,POINT (15.9375 46.77083333)
710.3800248431783,40,1,POINT (12.39583333 46.72916667)
130863.30427572827,40,1,POINT (12.4375 46.72916667)
2151.7856424885645,40,1,POINT (12.47916667 46.72916667)
0.0,40,1,POINT (12.52083333 46.72916667)
0.0,40,1,POINT (12.5625 46.72916667)
0.0,40,1,POINT (12.60416667 46.72916667)
0.0,40,1,POINT (12.64583333 46.72916667)
6.867615523852744e-09,40,1,POINT (12.6875 46.72916667)
0.07432952228240725,40,1,POINT (12.72916667 46.72916667)
3.7699837276495565,40,1,POINT (12.77083333 46.72916667)
0.4111520992783719,40,1,POINT (12.8125 46.72916667)
0.00022084487922572,40,1,POINT (12.85416667 46.72916667)
0.0,40,1,POINT (12.89583333 46.72916667)
0.0,40,1,POINT (12.9375 46.72916667)
0.0,40,1,POINT (12.97916667 46.72916667)
0.0,40,1,POINT (13.02083333 46.72916667)
0.0,40,1,POINT (13.0625 46.72916667)
0.0,40,1,POINT (13.10416667 46.72916667)
0.0,40,1,POINT (13.14583333 46.72916667)
0.0,40,1,POINT (13.1875 46.72916667)
0.0,40,1,POINT (13.22916667 46.72916667)
0.0,40,1,POINT (13.27083333 46.72916667)
0.0,40,1,POINT (13.3125 46.72916667)
0.0,40,1,POINT (13.35416667 46.72916667)
5.850109608395948e-07,40,1,POINT (13.39583333 46.72916667)
7.60983488679361,40,1,POINT (13.4375 46.72916667)
1429.193114252659,40,1,POINT (13.47916667 46.72916667)
1658.8608022106093,40,1,POINT (13.52083333 46.72916667)
20.132928740728293,40,1,POINT (13.5625 46.72916667)
9.258419287602186e-05,40,1,POINT (13.60416667 46.72916667)
151.63182137785327,40,1,POINT (13.64583333 46.72916667)
188.25839294655384,40,1,POINT (13.6875 46.72916667)
0.0005614035599866415,40,1,POINT (13.72916667 46.72916667)
0.00020459313410947503,40,1,POINT (13.77083333 46.72916667)
0.7057593377776723,40,1,POINT (13.8125 46.72916667)
10.931713287560758,40,1,POINT (13.85416667 46.72916667)
16.799470859589455,40,1,POINT (13.89583333 46.72916667)
40.62875864222175,40,1,POINT (13.9375 46.72916667)
3.304374451745167,40,1,POINT (13.97916667 46.72916667)
42.781838382105754,40,1,POINT (14.02083333 46.72916667)
2335479.0440269415,40,1,POINT (14.0625 46.72916667)
30109177.51141964,40,1,POINT (14.10416667 46.72916667)
2671.180042389738,40,1,POINT (14.14583333 46.72916667)
0.1313076964477013,40,1,POINT (14.1875 46.72916667)
1.3413408378690637,40,1,POINT (14.22916667 46.72916667)
3344.5122323037,40,1,POINT (14.27083333 46.72916667)
768347.6849739099,40,1,POINT (14.3125 46.72916667)
72761016.01878746,40,1,POINT (14.35416667 46.72916667)
16310703.33780471,40,1,POINT (14.39583333 46.72916667)
9176.24179196104,40,1,POINT (14.4375 46.72916667)
9.643337424286921,40,1,POINT (14.47916667 46.72916667)
218490.67090741347,40,1,POINT (14.52083333 46.72916667)
2932.415503902147,40,1,POINT (14.5625 46.72916667)
154.60213724853642,40,1,POINT (14.60416667 46.72916667)
1083.0852646173591,40,1,POINT (14.64583333 46.72916667)
2627.2908604718727,40,1,POINT (14.6875 46.72916667)
811783.080045388,40,1,POINT (14.72916667 46.72916667)
13780.378962828438,40,1,POINT (14.77083333 46.72916667)
291210.2464536177,40,1,POINT (14.8125 46.72916667)
4350323.216141744,40,1,POINT (14.85416667 46.72916667)
14616.142974932647,40,1,POINT (14.89583333 46.72916667)
1.1283712070789492e-05,40,1,POINT (14.9375 46.72916667)
0.0,40,1,POINT (14.97916667 46.72916667)
0.0,40,1,POINT (15.02083333 46.72916667)
0.0,40,1,POINT (15.0625 46.72916667)
0.0,40,1,POINT (15.10416667 46.72916667)
0.36390056047819136,40,1,POINT (15.14583333 46.72916667)
18350.807641554944,40,1,POINT (15.1875 46.72916667)
265010.50248495745,40,1,POINT (15.22916667 46.72916667)
2208098.435536951,40,1,POINT (15.27083333 46.72916667)
1184.8670917233712,40,1,POINT (15.3125 46.72916667)
93232.2323160969,40,1,POINT (15.35416667 46.72916667)
9.382213639329148,40,1,POINT (15.39583333 46.72916667)
0.00028446855720781885,40,1,POINT (15.4375 46.72916667)
709.2909954844334,40,1,POINT (15.47916667 46.72916667)
110054.346182756,40,1,POINT (15.52083333 46.72916667)
1336782.4008996296,40,1,POINT (15.5625 46.72916667)
8484182.396231502,40,1,POINT (15.60416667 46.72916667)
12410355.081453351,40,1,POINT (15.64583333 46.72916667)
129679.266901736,40,1,POINT (15.6875 46.72916667)
19983.064796659022,40,1,POINT (15.72916667 46.72916667)
148962.4375387112,40,1,POINT (15.77083333 46.72916667)
327.4622446214612,40,1,POINT (15.8125 46.72916667)
0.0,40,1,POINT (15.85416667 46.72916667)
0.29344062946417526,40,1,POINT (15.89583333 46.72916667)
3731.988658412142,40,1,POINT (15.9375 46.72916667)
2.699247605524552e-07,40,1,POINT (12.4375 46.6875)
0.0,40,1,POINT (12.47916667 46.6875)
0.0,40,1,POINT (12.52083333 46.6875)
0.0,40,1,POINT (12.5625 46.6875)
0.0,40,1,POINT (12.60416667 46.6875)
0.0,40,1,POINT (12.64583333 46.6875)
0.0,40,1,POINT (12.6875 46.6875)
0.0,40,1,POINT (12.72916667 46.6875)
0.0,40,1,POINT (12.77083333 46.6875)
0.0,40,1,POINT (12.8125 46.6875)
0.0,40,1,POINT (12.85416667 46.6875)
0.0,40,1,POINT (12.89583333 46.6875)
0.0,40,1,POINT (12.9375 46.6875)
22568.934280648115,40,1,POINT (12.97916667 46.6875)
22592.623596231275,40,1,POINT (13.02083333 46.6875)
0.0,40,1,POINT (13.0625 46.6875)
0.0,40,1,POINT (13.10416667 46.6875)
0.0,40,1,POINT (13.14583333 46.6875)
0.0,40,1,POINT (13.1875 46.6875)
0.0,40,1,POINT (13.22916667 46.6875)
0.0,40,1,POINT (13.27083333 46.6875)
2.6072325460900496e-05,40,1,POINT (13.3125 46.6875)
0.5190520488028665,40,1,POINT (13.35416667 46.6875)
0.13013269050597695,40,1,POINT (13.39583333 46.6875)
1.8542561917572946e-07,40,1,POINT (13.4375 46.6875)
4.710497488076325e-05,40,1,POINT (13.47916667 46.6875)
0.00010730649256590529,40,1,POINT (13.52083333 46.6875)
0.0,40,1,POINT (13.5625 46.6875)
0.0,40,1,POINT (13.60416667 46.6875)
26888.948151641514,40,1,POINT (13.64583333 46.6875)
204082.73625965766,40,1,POINT (13.6875 46.6875)
99303.87190554728,40,1,POINT (13.72916667 46.6875)
1459.9436003168157,40,1,POINT (13.77083333 46.6875)
83734.96475619948,40,1,POINT (13.8125 46.6875)
452589.99493890465,40,1,POINT (13.85416667 46.6875)
159223.74148873438,40,1,POINT (13.89583333 46.6875)
1917072.0860238166,40,1,POINT (13.9375 46.6875)
86495.50618550504,40,1,POINT (13.97916667 46.6875)
1664.140397714639,40,1,POINT (14.02083333 46.6875)
61790.37203443674,40,1,POINT (14.0625 46.6875)
358929.9060440114,40,1,POINT (14.10416667 46.6875)
16585.684114517735,40,1,POINT (14.14583333 46.6875)
2418.7395910522405,40,1,POINT (14.1875 46.6875)
21203.881569173776,40,1,POINT (14.22916667 46.6875)
3122362.581829638,40,1,POINT (14.27083333 46.6875)
46066524.083562136,40,1,POINT (14.3125 46.6875)
23865017.945566352,40,1,POINT (14.35416667 46.6875)
243727.09178127453,40,1,POINT (14.39583333 46.6875)
5304.599413125168,40,1,POINT (14.4375 46.6875)
33.59789537782155,40,1,POINT (14.47916667 46.6875)
4.2781838382799175e-05,40,1,POINT (14.52083333 46.6875)
100.74887703949553,40,1,POINT (14.5625 46.6875)
666323.6133551665,40,1,POINT (14.60416667 46.6875)
10999995.60401986,40,1,POINT (14.64583333 46.6875)
1145930.846068455,40,1,POINT (14.6875 46.6875)
3745890.3966290546,40,1,POINT (14.72916667 46.6875)
25070.619963566005,40,1,POINT (14.77083333 46.6875)
157281.77948334327,40,1,POINT (14.8125 46.6875)
899576.2867413599,40,1,POINT (14.85416667 46.6875)
5130.664083666743,40,1,POINT (14.89583333 46.6875)
1.3093960582163716e-05,40,1,POINT (14.9375 46.6875)
0.0,40,1,POINT (14.97916667 46.6875)
0.0,40,1,POINT (15.02083333 46.6875)
0.0,40,1,POINT (15.0625 46.6875)
0.0,40,1,POINT (15.10416667 46.6875)
7.725133470169924e-06,40,1,POINT (15.14583333 46.6875)
2.0214485650152874,40,1,POINT (15.1875 46.6875)
91195.43008441853,40,1,POINT (15.22916667 46.6875)
553016.8577644769,40,1,POINT (15.27083333 46.6875)
24.57760716975292,40,1,POINT (15.3125 46.6875)
1.0719633601901716e-05,40,1,POINT (15.35416667 46.6875)
62432.5074252473,40,1,POINT (15.39583333 46.6875)
5924.6414781160875,40,1,POINT (15.4375 46.6875)
30103.54854140411,40,1,POINT (15.47916667 46.6875)
44.49215941422375,40,1,POINT (15.52083333 46.6875)
7356.776598363583,40,1,POINT (15.5625 46.6875)
762126.637099755,40,1,POINT (15.60416667 46.6875)
0.0,40,1,POINT (12.6875 46.64583333)
0.0,40,1,POINT (12.72916667 46.64583333)
0.0,40,1,POINT (12.77083333 46.64583333)
9.258419288219513e-05,40,1,POINT (12.8125 46.64583333)
5.088078990065671e-07,40,1,POINT (12.85416667 46.64583333)
0.0,40,1,POINT (12.89583333 46.64583333)
0.0,40,1,POINT (12.9375 46.64583333)
5432.928178305364,40,1,POINT (12.97916667 46.64583333)
5437.864105311002,40,1,POINT (13.02083333 46.64583333)
0.0,40,1,POINT (13.0625 46.64583333)
0.0,40,1,POINT (13.10416667 46.64583333)
0.0,40,1,POINT (13.14583333 46.64583333)
0.0,40,1,POINT (13.1875 46.64583333)
0.0,40,1,POINT (13.22916667 46.64583333)
0.0,40,1,POINT (13.27083333 46.64583333)
0.4823848332638131,40,1,POINT (13.3125 46.64583333)
236641.35895829194,40,1,POINT (13.35416667 46.64583333)
119766.15560292083,40,1,POINT (13.39583333 46.64583333)
0.04725388407359962,40,1,POINT (13.4375 46.64583333)
0.0,40,1,POINT (13.47916667 46.64583333)
0.0,40,1,POINT (13.52083333 46.64583333)
0.0,40,1,POINT (13.5625 46.64583333)
0.0,40,1,POINT (13.60416667 46.64583333)
7.963759993747437,40,1,POINT (13.64583333 46.64583333)
157.84404616711717,40,1,POINT (13.6875 46.64583333)
466.0185514376862,40,1,POINT (13.72916667 46.64583333)
397156.96373362694,40,1,POINT (13.77083333 46.64583333)
84218083.12913704,40,1,POINT (13.8125 46.64583333)
761911603.8804715,40,1,POINT (13.85416667 46.64583333)
91912449.12303415,40,1,POINT (13.89583333 46.64583333)
9757614.815414956,40,1,POINT (13.9375 46.64583333)
273008.81118565565,40,1,POINT (13.97916667 46.64583333)
1044180.789860529,40,1,POINT (14.02083333 46.64583333)
1887586.1939400071,40,1,POINT (14.0625 46.64583333)
803948.1351615562,40,1,POINT (14.10416667 46.64583333)
29255536.370817468,40,1,POINT (14.14583333 46.64583333)
1609197.8483762972,40,1,POINT (14.1875 46.64583333)
9059618.201098211,40,1,POINT (14.22916667 46.64583333)
520255095.7148698,40,1,POINT (14.27083333 46.64583333)
6188297406.683453,40,1,POINT (14.3125 46.64583333)
1020885555.121029,40,1,POINT (14.35416667 46.64583333)
7344402.415695353,40,1,POINT (14.39583333 46.64583333)
7762452.315614066,40,1,POINT (14.4375 46.64583333)
108661.64397745676,40,1,POINT (14.47916667 46.64583333)
0.021549103341879164,40,1,POINT (14.52083333 46.64583333)
441.30988372507306,40,1,POINT (14.5625 46.64583333)
6118772.6531447545,40,1,POINT (14.60416667 46.64583333)
34283168.43291642,40,1,POINT (14.64583333 46.64583333)
138543.19762419796,40,1,POINT (14.6875 46.64583333)
2358.4199663676804,40,1,POINT (14.72916667 46.64583333)
423.2502863386669,40,1,POINT (14.77083333 46.64583333)
45074.64195167774,40,1,POINT (14.8125 46.64583333)
4964.886736887,40,1,POINT (14.85416667 46.64583333)
0.49014233665151835,40,1,POINT (14.89583333 46.64583333)
268204.08693410724,40,1,POINT (14.9375 46.64583333)
865.786742589537,40,1,POINT (14.97916667 46.64583333)
0.3828212724356937,40,1,POINT (15.02083333 46.64583333)
0.10756423423991039,40,1,POINT (15.14583333 46.64583333)
36.743066783409276,40,1,POINT (15.1875 46.64583333)
168.3273481017001,40,1,POINT (15.22916667 46.64583333)
16.994724277219778,40,1,POINT (15.27083333 46.64583333)
0.0017501438545114813,40,1,POINT (15.3125 46.64583333)
0.0,40,1,POINT (15.35416667 46.64583333)
4922.522757086402,40,1,POINT (15.39583333 46.64583333)
3728.148411586753,40,1,POINT (15.4375 46.64583333)
30272.723041736288,40,1,POINT (15.47916667 46.64583333)
0.000827917038571731,40,1,POINT (12.97916667 46.60416667)
0.0001292560510833427,40,1,POINT (13.02083333 46.60416667)
0.0,40,1,POINT (13.0625 46.60416667)
0.0,40,1,POINT (13.10416667 46.60416667)
0.0,40,1,POINT (13.14583333 46.60416667)
0.0,40,1,POINT (13.1875 46.60416667)
0.0,40,1,POINT (13.22916667 46.60416667)
1.4834049535407487e-09,40,1,POINT (13.27083333 46.60416667)
0.39497343569244225,40,1,POINT (13.3125 46.60416667)
245681.37299059768,40,1,POINT (13.35416667 46.60416667)
128851.21302395359,40,1,POINT (13.39583333 46.60416667)
0.1593142184045371,40,1,POINT (13.4375 46.60416667)
7.927409470888658e-05,40,1,POINT (13.47916667 46.60416667)
0.004680087687207118,40,1,POINT (13.52083333 46.60416667)
0.22461634288894508,40,1,POINT (13.5625 46.60416667)
1.0040221005164127,40,1,POINT (13.60416667 46.60416667)
336.8703593640796,40,1,POINT (13.64583333 46.60416667)
2438.5213132358176,40,1,POINT (13.6875 46.60416667)
2973.7308549526956,40,1,POINT (13.72916667 46.60416667)
963470.6190335932,40,1,POINT (13.77083333 46.60416667)
875508486.359772,40,1,POINT (13.8125 46.60416667)
7891600246.110985,40,1,POINT (13.85416667 46.60416667)
306363290.28086627,40,1,POINT (13.89583333 46.60416667)
650836.5070432662,40,1,POINT (13.9375 46.60416667)
337450.45579225925,40,1,POINT (13.97916667 46.60416667)
28293150.79278398,40,1,POINT (14.02083333 46.60416667)
43929766.023113154,40,1,POINT (14.0625 46.60416667)
197942.6695070962,40,1,POINT (14.10416667 46.60416667)
3269330.004768283,40,1,POINT (14.14583333 46.60416667)
723700.9054657206,40,1,POINT (14.1875 46.60416667)
12092525.856761679,40,1,POINT (14.22916667 46.60416667)
880524870.8179741,40,1,POINT (14.27083333 46.60416667)
5668173064.654212,40,1,POINT (14.3125 46.60416667)
894844588.0051199,40,1,POINT (14.35416667 46.60416667)
2284441.549277669,40,1,POINT (14.39583333 46.60416667)
49895.376376804255,40,1,POINT (14.4375 46.60416667)
684.3723605833851,40,1,POINT (14.47916667 46.60416667)
0.001424856388276701,40,1,POINT (14.52083333 46.60416667)
18.57947304596717,40,1,POINT (14.5625 46.60416667)
90090.80547010081,40,1,POINT (14.60416667 46.60416667)
2397634.7340434976,40,1,POINT (14.64583333 46.60416667)
7737.173099773556,40,1,POINT (14.6875 46.60416667)
563727.3995275676,40,1,POINT (14.72916667 46.60416667)
200354.0169031509,40,1,POINT (14.77083333 46.60416667)
244163.44768429687,40,1,POINT (14.8125 46.60416667)
0.20026811966062863,40,1,POINT (14.85416667 46.60416667)
0.0,40,1,POINT (13.22916667 46.5625)
0.0596863889478954,40,1,POINT (13.27083333 46.5625)
11.713633067148212,40,1,POINT (13.3125 46.5625)
0.12294735573188875,40,1,POINT (13.4375 46.5625)
446.7529028086181,40,1,POINT (13.52083333 46.5625)
2799.200519296524,40,1,POINT (13.5625 46.5625)
6489.50199453834,40,1,POINT (13.60416667 46.5625)
636130.9810413226,40,1,POINT (13.64583333 46.5625)
24246402.237275817,40,1,POINT (13.6875 46.5625)
544250.2193577433,40,1,POINT (13.72916667 46.5625)
1865360.203220398,40,1,POINT (13.77083333 46.5625)
335474784.2151947,40,1,POINT (13.8125 46.5625)
65398302.66356343,40,1,POINT (13.85416667 46.5625)
1677807.020268147,40,1,POINT (13.89583333 46.5625)
10310.220383063806,40,1,POINT (13.9375 46.5625)
37804.366684763656,40,1,POINT (13.97916667 46.5625)
370232.5315085079,40,1,POINT (14.02083333 46.5625)
66306.06400060958,40,1,POINT (14.0625 46.5625)
1287.8323333686753,40,1,POINT (14.10416667 46.5625)
251.49776782407267,40,1,POINT (14.14583333 46.5625)
604.3663970364933,40,1,POINT (14.1875 46.5625)
44761.91828671581,40,1,POINT (14.22916667 46.5625)
4106885.6375737195,40,1,POINT (14.27083333 46.5625)
19289152.329860736,40,1,POINT (14.3125 46.5625)
2088434.4200141898,40,1,POINT (14.35416667 46.5625)
18747.987255824082,40,1,POINT (14.39583333 46.5625)
6.015468731074723,40,1,POINT (14.4375 46.5625)
0.00023793524263710232,40,1,POINT (14.47916667 46.5625)
0.0,40,1,POINT (14.52083333 46.5625)
0.00026050964427721423,40,1,POINT (14.5625 46.5625)
233.49637607246757,40,1,POINT (14.60416667 46.5625)
41958.511555201,40,1,POINT (14.64583333 46.5625)
532.9485286320155,40,1,POINT (14.6875 46.5625)
1404376.7138469673,40,1,POINT (14.72916667 46.5625)
103988.184057859,40,1,POINT (14.77083333 46.5625)
52160.822438030234,40,1,POINT (14.8125 46.5625)
3265939.6693520374,40,1,POINT (13.6875 46.52083333)
48066.43453816826,40,1,POINT (13.72916667 46.52083333)
18613.895775942656,40,1,POINT (13.77083333 46.52083333)
114344.04728060604,40,1,POINT (13.8125 46.52083333)
52943.26183232296,40,1,POINT (13.85416667 46.52083333)
1486.6708380275072,40,1,POINT (13.89583333 46.52083333)
2.2015876295370247,40,1,POINT (13.9375 46.52083333)
1475.55678853346,40,1,POINT (13.97916667 46.52083333)
2736698.6172231166,40,1,POINT (14.02083333 46.52083333)
354690.0332477082,40,1,POINT (14.0625 46.52083333)
127.13936012245541,40,1,POINT (14.10416667 46.52083333)
0.000879220049505967,40,1,POINT (14.14583333 46.52083333)
0.00014438870453240064,40,1,POINT (14.1875 46.52083333)
154.07709859683223,40,1,POINT (14.22916667 46.52083333)
1487874.4836770515,40,1,POINT (14.27083333 46.52083333)
21174713.296284627,40,1,POINT (14.3125 46.52083333)
5327.526923062649,40,1,POINT (14.35416667 46.52083333)
2.036070197940823,40,1,POINT (14.39583333 46.52083333)
1.8844736998304005e-08,40,1,POINT (14.4375 46.52083333)
0.0,40,1,POINT (14.47916667 46.52083333)
0.0,40,1,POINT (14.52083333 46.52083333)
0.0,40,1,POINT (14.5625 46.52083333)
1.8542561916088925e-07,40,1,POINT (14.60416667 46.52083333)
0.00012351219721320908,40,1,POINT (14.64583333 46.52083333)
0.02336412292203762,40,1,POINT (14.6875 46.52083333)
3.8032318011120325,40,1,POINT (14.72916667 46.52083333)
2.6870196456376787,40,1,POINT (14.77083333 46.52083333)
7169.013246259449,40,1,POINT (14.10416667 46.47916667)
347.47060441514355,40,1,POINT (14.14583333 46.47916667)
0.11739336452310127,40,1,POINT (14.1875 46.47916667)
0.14818821491252226,40,1,POINT (14.22916667 46.47916667)
522.5957259016442,40,1,POINT (14.27083333 46.47916667)
1617.4968713742114,40,1,POINT (14.3125 46.47916667)
14.900909661080426,40,1,POINT (14.35416667 46.47916667)
5.49409241951394e-08,40,1,POINT (14.39583333 46.47916667)
0.0,40,1,POINT (14.4375 46.47916667)
0.0,40,1,POINT (14.47916667 46.47916667)
0.0,40,1,POINT (14.52083333 46.47916667)
0.0,40,1,POINT (14.5625 46.47916667)
0.0,40,1,POINT (14.60416667 46.47916667)
0.0,40,1,POINT (14.64583333 46.47916667)
0.0,40,1,POINT (14.6875 46.47916667)
0.003842267601443744,40,1,POINT (14.3125 46.4375)
1.2070521045524168e-07,40,1,POINT (14.35416667 46.4375)
0.0,40,1,POINT (14.4375 46.4375)
0.0,40,1,POINT (14.47916667 46.4375)
0.0,40,1,POINT (14.52083333 46.4375)
0.0,40,1,POINT (14.5625 46.4375)
0.0,40,1,POINT (14.60416667 46.4375)
0.0,40,1,POINT (14.5625 46.39583333)
