latitude,longitude,max_wind_speed
19.3999999999999559,121.3999999999995225,10.8270025253295898
19.3999999999999559,121.4999999999995168,10.8804073333740234
18.8999999999999488,121.8999999999994941,10.8293037414550781
18.5999999999999446,120.7999999999995566,7.1374087333679199
18.5999999999999446,120.8999999999995509,7.5520572662353516
18.5999999999999446,121.0999999999995396,8.0598793029785156
18.5999999999999446,121.1999999999995339,8.2493047714233398
18.4999999999999432,120.6999999999995623,4.6598668098449707
18.4999999999999432,120.7999999999995566,5.1796755790710449
18.4999999999999432,120.8999999999995509,5.7859964370727539
18.4999999999999432,120.9999999999995453,6.1591963768005371
18.4999999999999432,121.0999999999995396,6.4157514572143555
18.4999999999999432,121.1999999999995339,6.7330956459045410
18.4999999999999432,121.2999999999995282,6.7701840400695801
18.4999999999999432,122.1999999999994770,10.4516267776489258
18.3999999999999417,120.5999999999995680,2.2013463973999023
18.3999999999999417,120.6999999999995623,2.8574934005737305
18.3999999999999417,120.7999999999995566,3.5157020092010498
18.3999999999999417,120.8999999999995509,4.2065215110778809
18.3999999999999417,120.9999999999995453,4.6779818534851074
18.3999999999999417,121.0999999999995396,5.0109004974365234
18.3999999999999417,121.1999999999995339,5.3704295158386230
18.3999999999999417,121.2999999999995282,5.4980411529541016
18.3999999999999417,121.3999999999995225,5.5195822715759277
18.3999999999999417,121.4999999999995168,5.4084725379943848
18.3999999999999417,121.5999999999995111,5.7927317619323730
18.3999999999999417,122.0999999999994827,9.6131963729858398
18.3999999999999417,122.1999999999994770,10.1234188079833984
18.3999999999999417,122.2999999999994714,10.5571079254150391
18.2999999999999403,120.6999999999995623,2.6125118732452393
18.2999999999999403,120.7999999999995566,3.3151750564575195
18.2999999999999403,120.8999999999995509,4.0325202941894531
18.2999999999999403,120.9999999999995453,4.4106135368347168
18.2999999999999403,121.0999999999995396,4.6319704055786133
18.2999999999999403,121.1999999999995339,4.9006614685058594
18.2999999999999403,121.2999999999995282,4.9924769401550293
18.2999999999999403,121.3999999999995225,5.0370016098022461
18.2999999999999403,121.4999999999995168,5.1125488281250000
18.2999999999999403,121.5999999999995111,5.2962779998779297
18.2999999999999403,121.6999999999995055,5.5717172622680664
18.2999999999999403,122.0999999999994827,8.3734617233276367
18.2999999999999403,122.1999999999994770,9.1732940673828125
18.2999999999999403,122.2999999999994714,9.7618732452392578
18.1999999999999389,120.4999999999995737,1.8424952030181885
18.1999999999999389,120.5999999999995680,1.9465504884719849
18.1999999999999389,120.6999999999995623,2.6210789680480957
18.1999999999999389,120.7999999999995566,3.3357880115509033
18.1999999999999389,120.8999999999995509,4.0200757980346680
18.1999999999999389,120.9999999999995453,4.3264942169189453
18.1999999999999389,121.0999999999995396,4.3965811729431152
18.1999999999999389,121.1999999999995339,4.5202779769897461
18.1999999999999389,121.2999999999995282,4.6059174537658691
18.1999999999999389,121.3999999999995225,4.6749072074890137
18.1999999999999389,121.4999999999995168,4.7586297988891602
18.1999999999999389,121.5999999999995111,4.6558470726013184
18.1999999999999389,121.6999999999995055,4.5708374977111816
18.1999999999999389,121.7999999999994998,4.7191886901855469
18.1999999999999389,121.8999999999994941,5.3729977607727051
18.1999999999999389,121.9999999999994884,6.0770354270935059
18.1999999999999389,122.0999999999994827,6.9476351737976074
18.1999999999999389,122.1999999999994770,8.0969686508178711
18.0999999999999375,120.4999999999995737,2.1182818412780762
18.0999999999999375,120.5999999999995680,2.2486913204193115
18.0999999999999375,120.6999999999995623,2.6590375900268555
18.0999999999999375,120.7999999999995566,3.3628294467926025
18.0999999999999375,120.8999999999995509,4.0666985511779785
18.0999999999999375,120.9999999999995453,4.2710981369018555
18.0999999999999375,121.0999999999995396,4.2341589927673340
18.0999999999999375,121.1999999999995339,4.2525801658630371
18.0999999999999375,121.2999999999995282,4.3258433341979980
18.0999999999999375,121.3999999999995225,4.4578399658203125
18.0999999999999375,121.4999999999995168,4.5192432403564453
18.0999999999999375,121.5999999999995111,4.2645378112792969
18.0999999999999375,121.6999999999995055,3.9091119766235352
18.0999999999999375,121.7999999999994998,3.8070454597473145
18.0999999999999375,121.8999999999994941,4.3123078346252441
18.0999999999999375,121.9999999999994884,4.8971214294433594
18.0999999999999375,122.0999999999994827,5.7602763175964355
18.0999999999999375,122.1999999999994770,6.6540946960449219
17.9999999999999361,120.5999999999995680,2.0325913429260254
17.9999999999999361,120.6999999999995623,2.6900200843811035
17.9999999999999361,120.7999999999995566,3.4203026294708252
17.9999999999999361,120.8999999999995509,4.1120200157165527
17.9999999999999361,120.9999999999995453,4.3170714378356934
17.9999999999999361,121.0999999999995396,4.2312273979187012
17.9999999999999361,121.1999999999995339,4.2154245376586914
17.9999999999999361,121.2999999999995282,4.3502373695373535
17.9999999999999361,121.3999999999995225,4.5966558456420898
17.9999999999999361,121.4999999999995168,4.8580188751220703
17.9999999999999361,121.5999999999995111,4.4621171951293945
17.9999999999999361,121.6999999999995055,3.9954986572265625
17.9999999999999361,121.7999999999994998,3.7064778804779053
17.9999999999999361,121.8999999999994941,4.0647997856140137
17.9999999999999361,121.9999999999994884,4.4777173995971680
17.9999999999999361,122.0999999999994827,5.3029036521911621
17.8999999999999346,120.4999999999995737,2.5510020256042480
17.8999999999999346,120.5999999999995680,2.2519776821136475
17.8999999999999346,120.6999999999995623,2.7895419597625732
17.8999999999999346,120.7999999999995566,3.5101912021636963
17.8999999999999346,120.8999999999995509,4.2311377525329590
17.8999999999999346,120.9999999999995453,4.3811869621276855
17.8999999999999346,121.0999999999995396,4.2560963630676270
17.8999999999999346,121.1999999999995339,4.1960406303405762
17.8999999999999346,121.2999999999995282,4.3731389045715332
17.8999999999999346,121.3999999999995225,4.7387871742248535
17.8999999999999346,121.4999999999995168,5.0032510757446289
17.8999999999999346,121.5999999999995111,4.6564068794250488
17.8999999999999346,121.6999999999995055,4.0943803787231445
17.8999999999999346,121.7999999999994998,3.6910483837127686
17.8999999999999346,121.8999999999994941,3.8497884273529053
17.8999999999999346,121.9999999999994884,4.0956621170043945
17.8999999999999346,122.0999999999994827,4.7832388877868652
17.7999999999999332,120.4999999999995737,2.6995365619659424
17.7999999999999332,120.5999999999995680,2.3691778182983398
17.7999999999999332,120.6999999999995623,2.6738548278808594
17.7999999999999332,120.7999999999995566,3.4213469028472900
17.7999999999999332,120.8999999999995509,4.1265711784362793
17.7999999999999332,120.9999999999995453,4.2871446609497070
17.7999999999999332,121.0999999999995396,4.1360936164855957
17.7999999999999332,121.1999999999995339,4.0660529136657715
17.7999999999999332,121.2999999999995282,4.2638850212097168
17.7999999999999332,121.3999999999995225,4.7128911018371582
17.7999999999999332,121.4999999999995168,5.2028245925903320
17.7999999999999332,121.5999999999995111,4.7352023124694824
17.7999999999999332,121.6999999999995055,4.1669554710388184
17.7999999999999332,121.7999999999994998,3.6919319629669189
17.7999999999999332,121.8999999999994941,3.6548426151275635
17.7999999999999332,121.9999999999994884,3.7435674667358398
17.7999999999999332,122.0999999999994827,4.4129300117492676
17.6999999999999318,120.3999999999995794,3.3109297752380371
17.6999999999999318,120.4999999999995737,2.6444468498229980
17.6999999999999318,120.5999999999995680,2.3003625869750977
17.6999999999999318,120.6999999999995623,2.3838708400726318
17.6999999999999318,120.7999999999995566,3.0928332805633545
17.6999999999999318,120.8999999999995509,3.8040733337402344
17.6999999999999318,120.9999999999995453,3.9572792053222656
17.6999999999999318,121.0999999999995396,3.8183660507202148
17.6999999999999318,121.1999999999995339,3.7409174442291260
17.6999999999999318,121.2999999999995282,3.9826142787933350
17.6999999999999318,121.3999999999995225,4.4979176521301270
17.6999999999999318,121.4999999999995168,4.9598751068115234
17.6999999999999318,121.5999999999995111,4.6841053962707520
17.6999999999999318,121.6999999999995055,4.1923217773437500
17.6999999999999318,121.7999999999994998,3.7472574710845947
17.6999999999999318,121.8999999999994941,3.5372231006622314
17.6999999999999318,121.9999999999994884,3.4846928119659424
17.6999999999999318,122.0999999999994827,3.9997079372406006
17.5999999999999304,120.3999999999995794,3.5560617446899414
17.5999999999999304,120.4999999999995737,2.7189755439758301
17.5999999999999304,120.5999999999995680,2.2487840652465820
17.5999999999999304,120.6999999999995623,2.0474793910980225
17.5999999999999304,120.7999999999995566,2.7692756652832031
17.5999999999999304,120.8999999999995509,3.4619781970977783
17.5999999999999304,120.9999999999995453,3.6342346668243408
17.5999999999999304,121.0999999999995396,3.5083780288696289
17.5999999999999304,121.1999999999995339,3.4607274532318115
17.5999999999999304,121.2999999999995282,3.7171854972839355
17.5999999999999304,121.3999999999995225,4.3007578849792480
17.5999999999999304,121.4999999999995168,4.9638333320617676
17.5999999999999304,121.5999999999995111,4.6415276527404785
17.5999999999999304,121.6999999999995055,4.2327613830566406
17.5999999999999304,121.7999999999994998,3.7979047298431396
17.5999999999999304,121.8999999999994941,3.4106802940368652
17.5999999999999304,121.9999999999994884,3.2251880168914795
17.5999999999999304,122.0999999999994827,3.7061276435852051
17.4999999999999289,120.4999999999995737,2.5824942588806152
17.4999999999999289,120.5999999999995680,2.1521990299224854
17.4999999999999289,120.6999999999995623,2.0226311683654785
17.4999999999999289,120.7999999999995566,2.3778245449066162
17.4999999999999289,120.8999999999995509,3.1341073513031006
17.4999999999999289,120.9999999999995453,3.3445858955383301
17.4999999999999289,121.0999999999995396,3.2674007415771484
17.4999999999999289,121.1999999999995339,3.2304060459136963
17.4999999999999289,121.2999999999995282,3.5371835231781006
17.4999999999999289,121.3999999999995225,4.1115641593933105
17.4999999999999289,121.4999999999995168,4.6784338951110840
17.4999999999999289,121.5999999999995111,4.5669274330139160
17.4999999999999289,121.6999999999995055,4.2784867286682129
17.4999999999999289,121.7999999999994998,3.9194574356079102
17.4999999999999289,121.8999999999994941,3.3733057975769043
17.4999999999999289,121.9999999999994884,3.0121536254882812
17.4999999999999289,122.0999999999994827,3.2451176643371582
17.3999999999999275,120.4999999999995737,2.3412046432495117
17.3999999999999275,120.5999999999995680,2.1467192173004150
17.3999999999999275,120.6999999999995623,1.8308367729187012
17.3999999999999275,120.7999999999995566,1.9876619577407837
17.3999999999999275,120.8999999999995509,2.7692103385925293
17.3999999999999275,120.9999999999995453,3.0860145092010498
17.3999999999999275,121.0999999999995396,3.0805947780609131
17.3999999999999275,121.1999999999995339,3.1350042819976807
17.3999999999999275,121.2999999999995282,3.4123246669769287
17.3999999999999275,121.3999999999995225,3.9243876934051514
17.3999999999999275,121.4999999999995168,4.5144200325012207
17.3999999999999275,121.5999999999995111,4.4295916557312012
17.3999999999999275,121.6999999999995055,4.3180212974548340
17.3999999999999275,121.7999999999994998,4.0176410675048828
17.3999999999999275,121.8999999999994941,3.3648438453674316
17.3999999999999275,121.9999999999994884,2.8302860260009766
17.3999999999999275,122.0999999999994827,2.8537325859069824
17.3999999999999275,122.1999999999994770,3.3343212604522705
17.2999999999999261,120.4999999999995737,2.3382332324981689
17.2999999999999261,120.5999999999995680,2.1422214508056641
17.2999999999999261,120.6999999999995623,1.7910988330841064
17.2999999999999261,120.7999999999995566,1.7803356647491455
17.2999999999999261,120.8999999999995509,2.6114220619201660
17.2999999999999261,120.9999999999995453,2.9517245292663574
17.2999999999999261,121.0999999999995396,2.9004442691802979
17.2999999999999261,121.1999999999995339,2.9578697681427002
17.2999999999999261,121.2999999999995282,3.2449622154235840
17.2999999999999261,121.3999999999995225,3.6806557178497314
17.2999999999999261,121.4999999999995168,4.1387281417846680
17.2999999999999261,121.5999999999995111,4.2725291252136230
17.2999999999999261,121.6999999999995055,4.3325824737548828
17.2999999999999261,121.7999999999994998,4.1830735206604004
17.2999999999999261,121.8999999999994941,3.3913252353668213
17.2999999999999261,121.9999999999994884,2.7204976081848145
17.2999999999999261,122.0999999999994827,2.4904954433441162
17.2999999999999261,122.1999999999994770,2.9661562442779541
17.2999999999999261,122.2999999999994714,3.4951424598693848
17.1999999999999247,120.4999999999995737,2.6096379756927490
17.1999999999999247,120.5999999999995680,2.1720623970031738
17.1999999999999247,120.6999999999995623,1.7102757692337036
17.1999999999999247,120.7999999999995566,1.7302225828170776
17.1999999999999247,120.8999999999995509,2.7358541488647461
17.1999999999999247,120.9999999999995453,2.9835810661315918
17.1999999999999247,121.0999999999995396,2.7186088562011719
17.1999999999999247,121.1999999999995339,2.6227383613586426
17.1999999999999247,121.2999999999995282,2.7940602302551270
17.1999999999999247,121.3999999999995225,3.1237463951110840
17.1999999999999247,121.4999999999995168,3.5054411888122559
17.1999999999999247,121.5999999999995111,3.7951629161834717
17.1999999999999247,121.6999999999995055,4.0994610786437988
17.1999999999999247,121.7999999999994998,4.1306357383728027
17.1999999999999247,121.8999999999994941,3.5708656311035156
17.1999999999999247,121.9999999999994884,3.0548057556152344
17.1999999999999247,122.0999999999994827,2.7949278354644775
17.1999999999999247,122.1999999999994770,2.8296163082122803
17.1999999999999247,122.2999999999994714,3.1870608329772949
17.1999999999999247,122.3999999999994657,3.5928814411163330
17.0999999999999233,120.4999999999995737,2.8867952823638916
17.0999999999999233,120.5999999999995680,2.2330050468444824
17.0999999999999233,120.6999999999995623,1.6394215822219849
17.0999999999999233,120.7999999999995566,1.8773168325424194
17.0999999999999233,120.8999999999995509,2.8628523349761963
17.0999999999999233,120.9999999999995453,3.0197036266326904
17.0999999999999233,121.0999999999995396,2.5328238010406494
17.0999999999999233,121.1999999999995339,2.4510908126831055
17.0999999999999233,121.2999999999995282,2.5006241798400879
17.0999999999999233,121.3999999999995225,2.4417631626129150
17.0999999999999233,121.4999999999995168,2.7282640933990479
17.0999999999999233,121.5999999999995111,3.2237884998321533
17.0999999999999233,121.6999999999995055,3.7882771492004395
17.0999999999999233,121.7999999999994998,4.1362986564636230
17.0999999999999233,121.8999999999994941,3.8203010559082031
17.0999999999999233,121.9999999999994884,3.5678427219390869
17.0999999999999233,122.0999999999994827,3.3385655879974365
17.0999999999999233,122.1999999999994770,3.0717267990112305
17.0999999999999233,122.2999999999994714,2.9718470573425293
17.0999999999999233,122.3999999999994657,3.5860581398010254
17.0999999999999233,122.4999999999994600,5.0996260643005371
16.9999999999999218,120.4999999999995737,3.1917445659637451
16.9999999999999218,120.5999999999995680,2.2068655490875244
16.9999999999999218,120.6999999999995623,1.5821694135665894
16.9999999999999218,120.7999999999995566,1.9891898632049561
16.9999999999999218,120.8999999999995509,3.0327479839324951
16.9999999999999218,120.9999999999995453,3.0281326770782471
16.9999999999999218,121.0999999999995396,2.3477289676666260
16.9999999999999218,121.1999999999995339,2.5099685192108154
16.9999999999999218,121.2999999999995282,2.5232980251312256
16.9999999999999218,121.3999999999995225,2.3810901641845703
16.9999999999999218,121.4999999999995168,2.2976605892181396
16.9999999999999218,121.5999999999995111,2.8361203670501709
16.9999999999999218,121.6999999999995055,3.4670271873474121
16.9999999999999218,121.7999999999994998,4.0412745475769043
16.9999999999999218,121.8999999999994941,3.9817779064178467
16.9999999999999218,121.9999999999994884,3.9105832576751709
16.9999999999999218,122.0999999999994827,3.7319126129150391
16.9999999999999218,122.1999999999994770,3.3297295570373535
16.9999999999999218,122.2999999999994714,2.9675090312957764
16.9999999999999218,122.3999999999994657,3.4798491001129150
16.8999999999999204,120.3999999999995794,3.7485613822937012
16.8999999999999204,120.4999999999995737,2.8593437671661377
16.8999999999999204,120.5999999999995680,1.9253647327423096
16.8999999999999204,120.6999999999995623,1.5243800878524780
16.8999999999999204,120.7999999999995566,1.9873045682907104
16.8999999999999204,120.8999999999995509,2.8726727962493896
16.8999999999999204,120.9999999999995453,2.8790893554687500
16.8999999999999204,121.0999999999995396,2.2139811515808105
16.8999999999999204,121.1999999999995339,2.5825273990631104
16.8999999999999204,121.2999999999995282,2.5618472099304199
16.8999999999999204,121.3999999999995225,2.4500923156738281
16.8999999999999204,121.4999999999995168,2.4472389221191406
16.8999999999999204,121.5999999999995111,2.7946484088897705
16.8999999999999204,121.6999999999995055,3.2646586894989014
16.8999999999999204,121.7999999999994998,3.6208178997039795
16.8999999999999204,121.8999999999994941,3.6078062057495117
16.8999999999999204,121.9999999999994884,3.5813634395599365
16.8999999999999204,122.0999999999994827,3.4647817611694336
16.8999999999999204,122.1999999999994770,3.1286470890045166
16.8999999999999204,122.2999999999994714,2.8220341205596924
16.8999999999999204,122.3999999999994657,3.3979136943817139
16.7999999999999190,120.3999999999995794,3.6429960727691650
16.7999999999999190,120.4999999999995737,2.4395587444305420
16.7999999999999190,120.5999999999995680,1.5902913808822632
16.7999999999999190,120.6999999999995623,1.4872575998306274
16.7999999999999190,120.7999999999995566,1.9797377586364746
16.7999999999999190,120.8999999999995509,2.8466360569000244
16.7999999999999190,120.9999999999995453,2.7490456104278564
16.7999999999999190,121.0999999999995396,2.2907400131225586
16.7999999999999190,121.1999999999995339,2.5650258064270020
16.7999999999999190,121.2999999999995282,2.6016116142272949
16.7999999999999190,121.3999999999995225,2.5426828861236572
16.7999999999999190,121.4999999999995168,2.5237274169921875
16.7999999999999190,121.5999999999995111,2.7641777992248535
16.7999999999999190,121.6999999999995055,3.0377485752105713
16.7999999999999190,121.7999999999994998,3.2112407684326172
16.7999999999999190,121.8999999999994941,3.1332383155822754
16.7999999999999190,121.9999999999994884,3.1265873908996582
16.7999999999999190,122.0999999999994827,3.0462892055511475
16.7999999999999190,122.1999999999994770,2.8458371162414551
16.7999999999999190,122.2999999999994714,2.8748614788055420
16.7999999999999190,122.3999999999994657,3.0844316482543945
16.6999999999999176,120.3999999999995794,3.1267576217651367
16.6999999999999176,120.4999999999995737,2.1294600963592529
16.6999999999999176,120.5999999999995680,1.4600822925567627
16.6999999999999176,120.6999999999995623,1.4604263305664062
16.6999999999999176,120.7999999999995566,1.9823797941207886
16.6999999999999176,120.8999999999995509,2.6953909397125244
16.6999999999999176,120.9999999999995453,2.6587469577789307
16.6999999999999176,121.0999999999995396,2.2741014957427979
16.6999999999999176,121.1999999999995339,2.4911415576934814
16.6999999999999176,121.2999999999995282,2.5232834815979004
16.6999999999999176,121.3999999999995225,2.5231599807739258
16.6999999999999176,121.4999999999995168,2.5550951957702637
16.6999999999999176,121.5999999999995111,2.6531729698181152
16.6999999999999176,121.6999999999995055,2.7825584411621094
16.6999999999999176,121.7999999999994998,2.8761813640594482
16.6999999999999176,121.8999999999994941,2.8784677982330322
16.6999999999999176,121.9999999999994884,2.8641588687896729
16.6999999999999176,122.0999999999994827,2.8350102901458740
16.6999999999999176,122.1999999999994770,2.8343396186828613
16.6999999999999176,122.2999999999994714,2.9494433403015137
16.5999999999999162,120.2999999999995850,3.2567028999328613
16.5999999999999162,120.3999999999995794,2.9982039928436279
16.5999999999999162,120.4999999999995737,1.9914076328277588
16.5999999999999162,120.5999999999995680,1.3955068588256836
16.5999999999999162,120.6999999999995623,1.5106748342514038
16.5999999999999162,120.7999999999995566,2.0469086170196533
16.5999999999999162,120.8999999999995509,2.6935620307922363
16.5999999999999162,120.9999999999995453,2.6255826950073242
16.5999999999999162,121.0999999999995396,2.2700028419494629
16.5999999999999162,121.1999999999995339,2.1163699626922607
16.5999999999999162,121.2999999999995282,2.1273777484893799
16.5999999999999162,121.3999999999995225,2.1751575469970703
16.5999999999999162,121.4999999999995168,2.2244169712066650
16.5999999999999162,121.5999999999995111,2.2956914901733398
16.5999999999999162,121.6999999999995055,2.3894190788269043
16.5999999999999162,121.7999999999994998,2.5205447673797607
16.5999999999999162,121.8999999999994941,2.7137529850006104
16.5999999999999162,121.9999999999994884,2.9205513000488281
16.5999999999999162,122.0999999999994827,3.1635000705718994
16.5999999999999162,122.1999999999994770,3.2135970592498779
16.5999999999999162,122.2999999999994714,3.3090572357177734
16.4999999999999147,120.2999999999995850,3.2618064880371094
16.4999999999999147,120.3999999999995794,2.8622751235961914
16.4999999999999147,120.4999999999995737,2.1012947559356689
16.4999999999999147,120.5999999999995680,1.5015072822570801
16.4999999999999147,120.6999999999995623,1.6614599227905273
16.4999999999999147,120.7999999999995566,2.2304749488830566
16.4999999999999147,120.8999999999995509,2.8951663970947266
16.4999999999999147,120.9999999999995453,2.9406306743621826
16.4999999999999147,121.0999999999995396,2.6496319770812988
16.4999999999999147,121.1999999999995339,2.5203366279602051
16.4999999999999147,121.2999999999995282,2.1520903110504150
16.4999999999999147,121.3999999999995225,1.8518419265747070
16.4999999999999147,121.4999999999995168,1.8917422294616699
16.4999999999999147,121.5999999999995111,1.9258480072021484
16.4999999999999147,121.6999999999995055,1.9898836612701416
16.4999999999999147,121.7999999999994998,2.3730878829956055
16.4999999999999147,121.8999999999994941,2.6699216365814209
16.4999999999999147,121.9999999999994884,3.0428104400634766
16.4999999999999147,122.0999999999994827,3.5756247043609619
16.4999999999999147,122.1999999999994770,3.8491404056549072
16.3999999999999133,120.3999999999995794,3.0366261005401611
16.3999999999999133,120.4999999999995737,2.0848519802093506
16.3999999999999133,120.5999999999995680,1.6415904760360718
16.3999999999999133,120.6999999999995623,1.7058914899826050
16.3999999999999133,120.7999999999995566,2.2109770774841309
16.3999999999999133,120.8999999999995509,2.9066588878631592
16.3999999999999133,120.9999999999995453,2.9836919307708740
16.3999999999999133,121.0999999999995396,2.7611634731292725
16.3999999999999133,121.1999999999995339,2.5962994098663330
16.3999999999999133,121.2999999999995282,2.2133786678314209
16.3999999999999133,121.3999999999995225,1.7507894039154053
16.3999999999999133,121.4999999999995168,1.7777677774429321
16.3999999999999133,121.5999999999995111,1.8019299507141113
16.3999999999999133,121.6999999999995055,1.9178596735000610
16.3999999999999133,121.7999999999994998,2.4444882869720459
16.3999999999999133,121.8999999999994941,2.9111227989196777
16.3999999999999133,121.9999999999994884,3.4602491855621338
16.3999999999999133,122.0999999999994827,4.0983014106750488
16.3999999999999133,122.1999999999994770,4.8046956062316895
16.2999999999999119,119.7999999999996135,2.9465935230255127
16.2999999999999119,120.3999999999995794,3.1140565872192383
16.2999999999999119,120.4999999999995737,2.1844191551208496
16.2999999999999119,120.5999999999995680,1.6232759952545166
16.2999999999999119,120.6999999999995623,1.7124638557434082
16.2999999999999119,120.7999999999995566,1.7732123136520386
16.2999999999999119,120.8999999999995509,2.3523633480072021
16.2999999999999119,120.9999999999995453,2.5103929042816162
16.2999999999999119,121.0999999999995396,2.3964855670928955
16.2999999999999119,121.1999999999995339,2.3281950950622559
16.2999999999999119,121.2999999999995282,2.0295753479003906
16.2999999999999119,121.3999999999995225,1.9279731512069702
16.2999999999999119,121.4999999999995168,1.9722751379013062
16.2999999999999119,121.5999999999995111,2.0402698516845703
16.2999999999999119,121.6999999999995055,2.3067877292633057
16.2999999999999119,121.7999999999994998,2.9037849903106689
16.2999999999999119,121.8999999999994941,3.5976309776306152
16.2999999999999119,121.9999999999994884,4.5192933082580566
16.2999999999999119,122.0999999999994827,5.6046290397644043
16.1999999999999105,119.7999999999996135,2.7200307846069336
16.1999999999999105,119.8999999999996078,3.1203324794769287
16.1999999999999105,119.9999999999996021,3.6387808322906494
16.1999999999999105,120.4999999999995737,2.7608590126037598
16.1999999999999105,120.5999999999995680,1.8736771345138550
16.1999999999999105,120.6999999999995623,1.7595846652984619
16.1999999999999105,120.7999999999995566,1.6158226728439331
16.1999999999999105,120.8999999999995509,1.9146426916122437
16.1999999999999105,120.9999999999995453,2.0835695266723633
16.1999999999999105,121.0999999999995396,2.0389337539672852
16.1999999999999105,121.1999999999995339,2.0850961208343506
16.1999999999999105,121.2999999999995282,2.1240451335906982
16.1999999999999105,121.3999999999995225,2.1270513534545898
16.1999999999999105,121.4999999999995168,2.1855993270874023
16.1999999999999105,121.5999999999995111,2.2858452796936035
16.1999999999999105,121.6999999999995055,2.8394472599029541
16.1999999999999105,121.7999999999994998,3.5092077255249023
16.1999999999999105,121.8999999999994941,4.6567902565002441
16.1999999999999105,121.9999999999994884,6.2145290374755859
16.0999999999999091,119.7999999999996135,2.9322602748870850
16.0999999999999091,119.8999999999996078,2.7435224056243896
16.0999999999999091,119.9999999999996021,3.2935028076171875
16.0999999999999091,120.4999999999995737,2.8053400516510010
16.0999999999999091,120.5999999999995680,2.0355658531188965
16.0999999999999091,120.6999999999995623,1.9563927650451660
16.0999999999999091,120.7999999999995566,1.8259569406509399
16.0999999999999091,120.8999999999995509,2.0072574615478516
16.0999999999999091,120.9999999999995453,2.1708488464355469
16.0999999999999091,121.0999999999995396,2.2174806594848633
16.0999999999999091,121.1999999999995339,2.3142797946929932
16.0999999999999091,121.2999999999995282,2.3043470382690430
16.0999999999999091,121.3999999999995225,2.3467226028442383
16.0999999999999091,121.4999999999995168,2.4323270320892334
16.0999999999999091,121.5999999999995111,3.0826184749603271
16.0999999999999091,121.6999999999995055,4.0902915000915527
15.9999999999999094,119.7999999999996135,3.3354928493499756
15.9999999999999094,119.8999999999996078,2.7780518531799316
15.9999999999999094,119.9999999999996021,2.5464878082275391
15.9999999999999094,120.0999999999995964,2.9237477779388428
15.9999999999999094,120.1999999999995907,3.0735697746276855
15.9999999999999094,120.2999999999995850,3.2457208633422852
15.9999999999999094,120.3999999999995794,3.2052786350250244
15.9999999999999094,120.4999999999995737,2.4381628036499023
15.9999999999999094,120.5999999999995680,2.2861042022705078
15.9999999999999094,120.6999999999995623,2.2319145202636719
15.9999999999999094,120.7999999999995566,2.1129000186920166
15.9999999999999094,120.8999999999995509,2.1992795467376709
15.9999999999999094,120.9999999999995453,2.3222804069519043
15.9999999999999094,121.0999999999995396,2.4237012863159180
15.9999999999999094,121.1999999999995339,2.5475113391876221
15.9999999999999094,121.2999999999995282,2.5670027732849121
15.9999999999999094,121.3999999999995225,2.5706527233123779
15.9999999999999094,121.4999999999995168,2.9888174533843994
15.9999999999999094,121.5999999999995111,4.1954317092895508
15.8999999999999098,119.9999999999996021,2.1451680660247803
15.8999999999999098,120.0999999999995964,1.9977560043334961
15.8999999999999098,120.1999999999995907,2.2368884086608887
15.8999999999999098,120.2999999999995850,2.6974017620086670
15.8999999999999098,120.3999999999995794,2.9395399093627930
15.8999999999999098,120.4999999999995737,2.7196149826049805
15.8999999999999098,120.5999999999995680,2.6358392238616943
15.8999999999999098,120.6999999999995623,2.8735399246215820
15.8999999999999098,120.7999999999995566,2.6367433071136475
15.8999999999999098,120.8999999999995509,2.5957660675048828
15.8999999999999098,120.9999999999995453,2.5588502883911133
15.8999999999999098,121.0999999999995396,2.6265206336975098
15.8999999999999098,121.1999999999995339,2.8232686519622803
15.8999999999999098,121.2999999999995282,2.8388855457305908
15.8999999999999098,121.3999999999995225,2.9280171394348145
15.8999999999999098,121.4999999999995168,3.8189146518707275
15.8999999999999098,121.5999999999995111,4.5906195640563965
15.7999999999999101,119.9999999999996021,2.0268201828002930
15.7999999999999101,120.0999999999995964,1.5746334791183472
15.7999999999999101,120.1999999999995907,2.0933346748352051
15.7999999999999101,120.2999999999995850,2.6305932998657227
15.7999999999999101,120.3999999999995794,2.9468162059783936
15.7999999999999101,120.4999999999995737,2.6773281097412109
15.7999999999999101,120.5999999999995680,2.9477787017822266
15.7999999999999101,120.6999999999995623,3.0524120330810547
15.7999999999999101,120.7999999999995566,2.8091621398925781
15.7999999999999101,120.8999999999995509,2.7644147872924805
15.7999999999999101,120.9999999999995453,2.7085912227630615
15.7999999999999101,121.0999999999995396,2.6504940986633301
15.7999999999999101,121.1999999999995339,2.7682347297668457
15.7999999999999101,121.2999999999995282,2.8451309204101562
15.7999999999999101,121.3999999999995225,2.9749522209167480
15.7999999999999101,121.4999999999995168,3.9214758872985840
15.6999999999999105,119.9999999999996021,1.9649586677551270
15.6999999999999105,120.0999999999995964,1.4601141214370728
15.6999999999999105,120.1999999999995907,1.9139866828918457
15.6999999999999105,120.2999999999995850,2.4376032352447510
15.6999999999999105,120.3999999999995794,2.7233541011810303
15.6999999999999105,120.4999999999995737,2.6180334091186523
15.6999999999999105,120.5999999999995680,2.8041677474975586
15.6999999999999105,120.6999999999995623,2.8387396335601807
15.6999999999999105,120.7999999999995566,2.6186883449554443
15.6999999999999105,120.8999999999995509,2.8025152683258057
15.6999999999999105,120.9999999999995453,2.8334155082702637
15.6999999999999105,121.0999999999995396,2.7241802215576172
15.6999999999999105,121.1999999999995339,2.7308273315429688
15.6999999999999105,121.2999999999995282,2.8020164966583252
15.6999999999999105,121.3999999999995225,3.0404682159423828
15.6999999999999105,121.4999999999995168,4.0033779144287109
15.5999999999999108,119.9999999999996021,1.8600178956985474
15.5999999999999108,120.0999999999995964,1.4343990087509155
15.5999999999999108,120.1999999999995907,1.8151206970214844
15.5999999999999108,120.2999999999995850,2.3210625648498535
15.5999999999999108,120.3999999999995794,2.6478404998779297
15.5999999999999108,120.4999999999995737,2.5291631221771240
15.5999999999999108,120.5999999999995680,2.6270766258239746
15.5999999999999108,120.6999999999995623,2.6738462448120117
15.5999999999999108,120.7999999999995566,2.8560688495635986
15.5999999999999108,120.8999999999995509,3.0592117309570312
15.5999999999999108,120.9999999999995453,3.0157816410064697
15.5999999999999108,121.0999999999995396,2.8413999080657959
15.5999999999999108,121.1999999999995339,2.8971152305603027
15.5999999999999108,121.2999999999995282,2.9712433815002441
15.5999999999999108,121.3999999999995225,3.3929672241210938
15.5999999999999108,121.4999999999995168,4.3733143806457520
15.4999999999999112,119.9999999999996021,1.6234304904937744
15.4999999999999112,120.0999999999995964,1.4372706413269043
15.4999999999999112,120.1999999999995907,1.7495132684707642
15.4999999999999112,120.2999999999995850,2.2593791484832764
15.4999999999999112,120.3999999999995794,2.5487818717956543
15.4999999999999112,120.4999999999995737,2.3288393020629883
15.4999999999999112,120.5999999999995680,2.7143409252166748
15.4999999999999112,120.6999999999995623,3.0335643291473389
15.4999999999999112,120.7999999999995566,3.1338536739349365
15.4999999999999112,120.8999999999995509,3.2170352935791016
15.4999999999999112,120.9999999999995453,3.1980490684509277
15.4999999999999112,121.0999999999995396,3.2093782424926758
15.4999999999999112,121.1999999999995339,3.5116446018218994
15.4999999999999112,121.2999999999995282,3.6563813686370850
15.4999999999999112,121.3999999999995225,4.4457707405090332
15.4999999999999112,121.4999999999995168,5.1749286651611328
15.3999999999999115,119.8999999999996078,2.1598649024963379
15.3999999999999115,119.9999999999996021,1.7450970411300659
15.3999999999999115,120.0999999999995964,1.5920906066894531
15.3999999999999115,120.1999999999995907,1.8704290390014648
15.3999999999999115,120.2999999999995850,2.2793350219726562
15.3999999999999115,120.3999999999995794,2.5942773818969727
15.3999999999999115,120.4999999999995737,2.4385597705841064
15.3999999999999115,120.5999999999995680,3.0917849540710449
15.3999999999999115,120.6999999999995623,3.4279909133911133
15.3999999999999115,120.7999999999995566,3.4088108539581299
15.3999999999999115,120.8999999999995509,3.3902945518493652
15.3999999999999115,120.9999999999995453,3.3856070041656494
15.3999999999999115,121.0999999999995396,3.7819519042968750
15.3999999999999115,121.1999999999995339,4.2223877906799316
15.3999999999999115,121.2999999999995282,4.5617852210998535
15.2999999999999119,119.9999999999996021,1.8526068925857544
15.2999999999999119,120.0999999999995964,1.7076337337493896
15.2999999999999119,120.1999999999995907,1.9834148883819580
15.2999999999999119,120.2999999999995850,2.2540414333343506
15.2999999999999119,120.3999999999995794,2.5884585380554199
15.2999999999999119,120.4999999999995737,2.5674607753753662
15.2999999999999119,120.5999999999995680,3.3101701736450195
15.2999999999999119,120.6999999999995623,3.6387610435485840
15.2999999999999119,120.7999999999995566,3.4714076519012451
15.2999999999999119,120.8999999999995509,3.3080711364746094
15.2999999999999119,120.9999999999995453,3.5934586524963379
15.2999999999999119,121.0999999999995396,4.0870509147644043
15.2999999999999119,121.1999999999995339,4.6435279846191406
15.2999999999999119,121.2999999999995282,5.1005501747131348
15.2999999999999119,121.3999999999995225,6.3115730285644531
15.1999999999999122,120.0999999999995964,1.6668719053268433
15.1999999999999122,120.1999999999995907,1.9017379283905029
15.1999999999999122,120.2999999999995850,2.1662437915802002
15.1999999999999122,120.3999999999995794,2.3633730411529541
15.1999999999999122,120.4999999999995737,2.3590629100799561
15.1999999999999122,120.5999999999995680,3.0202205181121826
15.1999999999999122,120.6999999999995623,3.2018039226531982
15.1999999999999122,120.7999999999995566,2.7887527942657471
15.1999999999999122,120.8999999999995509,2.6813955307006836
15.1999999999999122,120.9999999999995453,3.1235964298248291
15.1999999999999122,121.0999999999995396,3.5728473663330078
15.1999999999999122,121.1999999999995339,4.0226283073425293
15.1999999999999122,121.2999999999995282,4.2413620948791504
15.0999999999999126,120.0999999999995964,2.1185839176177979
15.0999999999999126,120.1999999999995907,1.8084956407546997
15.0999999999999126,120.2999999999995850,2.0583312511444092
15.0999999999999126,120.3999999999995794,2.2082221508026123
15.0999999999999126,120.4999999999995737,2.1426923274993896
15.0999999999999126,120.5999999999995680,2.7337715625762939
15.0999999999999126,120.6999999999995623,2.7657935619354248
15.0999999999999126,120.7999999999995566,2.1234576702117920
15.0999999999999126,120.8999999999995509,2.3930363655090332
15.0999999999999126,120.9999999999995453,2.7276747226715088
15.0999999999999126,121.0999999999995396,3.0842092037200928
15.0999999999999126,121.1999999999995339,3.4507255554199219
15.0999999999999126,121.2999999999995282,3.4876537322998047
15.0999999999999126,121.3999999999995225,4.5006785392761230
14.9999999999999130,120.0999999999995964,2.4851069450378418
14.9999999999999130,120.1999999999995907,1.9064015150070190
14.9999999999999130,120.2999999999995850,2.0216617584228516
14.9999999999999130,120.3999999999995794,2.0930662155151367
14.9999999999999130,120.4999999999995737,2.0438392162322998
14.9999999999999130,120.5999999999995680,2.4750416278839111
14.9999999999999130,120.6999999999995623,2.4563791751861572
14.9999999999999130,120.7999999999995566,2.4784147739410400
14.9999999999999130,120.8999999999995509,2.6967647075653076
14.9999999999999130,120.9999999999995453,2.6615118980407715
14.9999999999999130,121.0999999999995396,2.8242719173431396
14.9999999999999130,121.1999999999995339,3.0799710750579834
14.9999999999999130,121.2999999999995282,3.0956461429595947
14.9999999999999130,121.3999999999995225,3.7727222442626953
14.9999999999999130,121.4999999999995168,5.0084152221679688
14.9999999999999130,121.8999999999994941,10.8240041732788086
14.9999999999999130,121.9999999999994884,10.8641166687011719
14.8999999999999133,120.0999999999995964,2.9190070629119873
14.8999999999999133,120.1999999999995907,2.3017783164978027
14.8999999999999133,120.2999999999995850,2.1582562923431396
14.8999999999999133,120.3999999999995794,2.1754240989685059
14.8999999999999133,120.4999999999995737,2.1198704242706299
14.8999999999999133,120.7999999999995566,3.0505487918853760
14.8999999999999133,120.8999999999995509,3.0799372196197510
14.8999999999999133,120.9999999999995453,2.8466851711273193
14.8999999999999133,121.0999999999995396,2.7153618335723877
14.8999999999999133,121.1999999999995339,3.1269102096557617
14.8999999999999133,121.2999999999995282,2.9267327785491943
14.8999999999999133,121.3999999999995225,3.0933938026428223
14.8999999999999133,121.4999999999995168,4.1614737510681152
14.8999999999999133,121.8999999999994941,10.6469116210937500
14.8999999999999133,121.9999999999994884,10.6358137130737305
14.7999999999999137,120.1999999999995907,3.1497373580932617
14.7999999999999137,120.2999999999995850,2.3177340030670166
14.7999999999999137,120.3999999999995794,2.2638173103332520
14.7999999999999137,120.4999999999995737,2.8447115421295166
14.7999999999999137,120.8999999999995509,3.4867370128631592
14.7999999999999137,120.9999999999995453,3.0945234298706055
14.7999999999999137,121.0999999999995396,2.6288158893585205
14.7999999999999137,121.1999999999995339,3.0682706832885742
14.7999999999999137,121.2999999999995282,2.8732349872589111
14.7999999999999137,121.3999999999995225,2.7840278148651123
14.7999999999999137,121.4999999999995168,3.3071715831756592
14.7999999999999137,121.5999999999995111,5.3387579917907715
14.7999999999999137,121.8999999999994941,10.4235849380493164
14.7999999999999137,121.9999999999994884,10.3534126281738281
14.7999999999999137,122.1999999999994770,9.5812177658081055
14.6999999999999140,120.2999999999995850,2.6534574031829834
14.6999999999999140,120.3999999999995794,2.9305901527404785
14.6999999999999140,120.4999999999995737,3.4514727592468262
14.6999999999999140,120.9999999999995453,3.0109374523162842
14.6999999999999140,121.0999999999995396,3.0691828727722168
14.6999999999999140,121.1999999999995339,3.6277871131896973
14.6999999999999140,121.2999999999995282,3.2404429912567139
14.6999999999999140,121.3999999999995225,2.6122684478759766
14.6999999999999140,121.4999999999995168,2.9379930496215820
14.6999999999999140,121.5999999999995111,4.9883384704589844
14.6999999999999140,121.9999999999994884,10.1557378768920898
14.6999999999999140,122.3999999999994657,9.9579019546508789
14.5999999999999144,120.3999999999995794,3.9026062488555908
14.5999999999999144,120.4999999999995737,4.0777111053466797
14.5999999999999144,120.5999999999995680,4.3243598937988281
14.5999999999999144,120.9999999999995453,3.4621770381927490
14.5999999999999144,121.0999999999995396,3.9388959407806396
14.5999999999999144,121.1999999999995339,4.3614244461059570
14.5999999999999144,121.2999999999995282,3.9613866806030273
14.5999999999999144,121.3999999999995225,3.2214224338531494
14.5999999999999144,121.4999999999995168,2.8923051357269287
14.5999999999999144,121.5999999999995111,4.7872962951660156
14.4999999999999147,120.4999999999995737,4.6256771087646484
14.4999999999999147,120.5999999999995680,4.5352110862731934
14.4999999999999147,121.0999999999995396,4.4395241737365723
14.4999999999999147,121.1999999999995339,5.2540249824523926
14.4999999999999147,121.2999999999995282,4.5240116119384766
14.4999999999999147,121.3999999999995225,3.7795057296752930
14.4999999999999147,121.4999999999995168,3.3758919239044189
14.4999999999999147,121.5999999999995111,4.5641489028930664
14.3999999999999151,120.7999999999995566,3.3571827411651611
14.3999999999999151,120.8999999999995509,3.6085813045501709
14.3999999999999151,120.9999999999995453,4.1049318313598633
14.3999999999999151,121.2999999999995282,3.9324522018432617
14.3999999999999151,121.4999999999995168,3.1769039630889893
14.3999999999999151,121.5999999999995111,4.8099737167358398
14.3999999999999151,121.6999999999995055,6.4188475608825684
14.2999999999999154,120.6999999999995623,3.3471548557281494
14.2999999999999154,120.7999999999995566,3.0000734329223633
14.2999999999999154,120.8999999999995509,3.0728030204772949
14.2999999999999154,120.9999999999995453,3.5434646606445312
14.2999999999999154,121.0999999999995396,3.7952165603637695
14.2999999999999154,121.4999999999995168,3.0406203269958496
14.2999999999999154,121.5999999999995111,4.6218538284301758
14.2999999999999154,121.6999999999995055,7.2377791404724121
14.2999999999999154,122.4999999999994600,5.6932458877563477
14.2999999999999154,122.6999999999994486,5.5731244087219238
14.1999999999999158,120.5999999999995680,3.7413754463195801
14.1999999999999158,120.6999999999995623,3.3289959430694580
14.1999999999999158,120.7999999999995566,3.1654124259948730
14.1999999999999158,120.8999999999995509,3.0223388671875000
14.1999999999999158,120.9999999999995453,3.0593738555908203
14.1999999999999158,121.0999999999995396,3.2639784812927246
14.1999999999999158,121.3999999999995225,3.0364937782287598
14.1999999999999158,121.4999999999995168,2.8204081058502197
14.1999999999999158,121.5999999999995111,4.7146797180175781
14.1999999999999158,121.6999999999995055,7.0865049362182617
14.1999999999999158,121.9999999999994884,7.7083201408386230
14.1999999999999158,122.3999999999994657,4.1029386520385742
14.1999999999999158,122.4999999999994600,4.1382331848144531
14.1999999999999158,122.5999999999994543,4.3867068290710449
14.1999999999999158,122.6999999999994486,4.5543236732482910
14.1999999999999158,122.7999999999994429,4.7753443717956543
14.1999999999999158,122.8999999999994373,5.2520356178283691
14.0999999999999162,120.5999999999995680,3.7929081916809082
14.0999999999999162,120.6999999999995623,3.5642445087432861
14.0999999999999162,120.7999999999995566,3.3136477470397949
14.0999999999999162,120.8999999999995509,3.0843546390533447
14.0999999999999162,120.9999999999995453,2.8342199325561523
14.0999999999999162,121.0999999999995396,2.8632161617279053
14.0999999999999162,121.1999999999995339,3.2951362133026123
14.0999999999999162,121.2999999999995282,3.1968002319335938
14.0999999999999162,121.3999999999995225,2.9806571006774902
14.0999999999999162,121.4999999999995168,3.0098974704742432
14.0999999999999162,121.5999999999995111,4.6236081123352051
14.0999999999999162,121.6999999999995055,6.8386669158935547
14.0999999999999162,121.7999999999994998,8.4647922515869141
14.0999999999999162,122.0999999999994827,5.9867196083068848
14.0999999999999162,122.2999999999994714,4.1523833274841309
14.0999999999999162,122.3999999999994657,3.8172774314880371
14.0999999999999162,122.4999999999994600,3.8790185451507568
14.0999999999999162,122.5999999999994543,3.9349911212921143
14.0999999999999162,122.6999999999994486,3.9115271568298340
14.0999999999999162,122.7999999999994429,4.0469169616699219
14.0999999999999162,122.8999999999994373,4.6796875000000000
14.0999999999999162,122.9999999999994316,5.6217918395996094
13.9999999999999165,120.6999999999995623,4.2552242279052734
13.9999999999999165,120.7999999999995566,3.7184722423553467
13.9999999999999165,120.8999999999995509,3.2082357406616211
13.9999999999999165,120.9999999999995453,2.6936202049255371
13.9999999999999165,121.0999999999995396,2.6239149570465088
13.9999999999999165,121.1999999999995339,3.1508364677429199
13.9999999999999165,121.2999999999995282,3.2807362079620361
13.9999999999999165,121.3999999999995225,3.2384176254272461
13.9999999999999165,121.4999999999995168,3.3133533000946045
13.9999999999999165,121.5999999999995111,4.7136082649230957
13.9999999999999165,121.6999999999995055,6.6652112007141113
13.9999999999999165,121.7999999999994998,7.9271717071533203
13.9999999999999165,121.8999999999994941,7.3604483604431152
13.9999999999999165,122.3999999999994657,3.6845886707305908
13.9999999999999165,122.4999999999994600,4.0459709167480469
13.9999999999999165,122.5999999999994543,4.3910794258117676
13.9999999999999165,122.6999999999994486,4.1445069313049316
13.9999999999999165,122.7999999999994429,3.8943150043487549
13.9999999999999165,122.8999999999994373,4.5001487731933594
13.9999999999999165,122.9999999999994316,6.1105885505676270
13.9999999999999165,123.2999999999994145,7.6767563819885254
13.9999999999999165,124.1999999999993634,8.5947904586791992
13.9999999999999165,124.2999999999993577,7.7316536903381348
13.8999999999999169,120.5999999999995680,5.3829884529113770
13.8999999999999169,120.9999999999995453,2.7888107299804688
13.8999999999999169,121.0999999999995396,2.4750113487243652
13.8999999999999169,121.1999999999995339,3.1120815277099609
13.8999999999999169,121.2999999999995282,3.3444714546203613
13.8999999999999169,121.3999999999995225,3.4839806556701660
13.8999999999999169,121.4999999999995168,3.6949605941772461
13.8999999999999169,121.9999999999994884,5.8492126464843750
13.8999999999999169,122.0999999999994827,4.7473373413085938
13.8999999999999169,122.1999999999994770,4.1372108459472656
13.8999999999999169,122.2999999999994714,3.6391863822937012
13.8999999999999169,122.3999999999994657,3.6687340736389160
13.8999999999999169,122.6999999999994486,4.5912575721740723
13.8999999999999169,122.7999999999994429,4.1059284210205078
13.8999999999999169,122.8999999999994373,4.4603586196899414
13.8999999999999169,122.9999999999994316,5.8537511825561523
13.8999999999999169,123.3999999999994088,5.8377780914306641
13.8999999999999169,123.4999999999994031,6.0629391670227051
13.8999999999999169,123.5999999999993975,7.3569555282592773
13.8999999999999169,123.6999999999993918,9.4525880813598633
13.8999999999999169,124.1999999999993634,7.1169385910034180
13.8999999999999169,124.2999999999993577,6.3562235832214355
13.7999999999999172,120.0999999999995964,7.1645407676696777
13.7999999999999172,120.1999999999995907,6.6174721717834473
13.7999999999999172,120.8999999999995509,3.1601872444152832
13.7999999999999172,120.9999999999995453,2.7120728492736816
13.7999999999999172,121.0999999999995396,2.5530188083648682
13.7999999999999172,121.1999999999995339,3.0582387447357178
13.7999999999999172,121.2999999999995282,3.4402523040771484
13.7999999999999172,121.3999999999995225,3.7274680137634277
13.7999999999999172,121.9999999999994884,5.4379763603210449
13.7999999999999172,122.0999999999994827,4.6459493637084961
13.7999999999999172,122.1999999999994770,4.3636374473571777
13.7999999999999172,122.2999999999994714,4.0717816352844238
13.7999999999999172,122.3999999999994657,4.0971155166625977
13.7999999999999172,122.7999999999994429,4.5250029563903809
13.7999999999999172,122.8999999999994373,4.5181093215942383
13.7999999999999172,122.9999999999994316,5.6334304809570312
13.7999999999999172,123.2999999999994145,5.3710470199584961
13.7999999999999172,123.3999999999994088,4.3766107559204102
13.7999999999999172,123.4999999999994031,4.5490903854370117
13.7999999999999172,123.5999999999993975,6.2152447700500488
13.7999999999999172,123.6999999999993918,8.5706272125244141
13.7999999999999172,123.7999999999993861,9.9149646759033203
13.7999999999999172,124.1999999999993634,6.8608689308166504
13.7999999999999172,124.2999999999993577,5.8493208885192871
13.6999999999999176,121.0999999999995396,2.6407027244567871
13.6999999999999176,121.1999999999995339,3.0937750339508057
13.6999999999999176,121.2999999999995282,3.5281641483306885
13.6999999999999176,121.3999999999995225,3.8949713706970215
13.6999999999999176,122.1999999999994770,4.6345548629760742
13.6999999999999176,122.2999999999994714,4.5690655708312988
13.6999999999999176,122.3999999999994657,4.7222681045532227
13.6999999999999176,122.8999999999994373,4.8622074127197266
13.6999999999999176,122.9999999999994316,5.3777437210083008
13.6999999999999176,123.0999999999994259,6.1554460525512695
13.6999999999999176,123.1999999999994202,6.6818408966064453
13.6999999999999176,123.2999999999994145,5.0443177223205566
13.6999999999999176,123.3999999999994088,3.3778197765350342
13.6999999999999176,123.4999999999994031,3.5188424587249756
13.6999999999999176,124.0999999999993690,8.8311510086059570
13.6999999999999176,124.1999999999993634,6.7884416580200195
13.6999999999999176,124.2999999999993577,5.4262237548828125
13.5999999999999179,122.2999999999994714,4.9308347702026367
13.5999999999999179,122.3999999999994657,5.2774796485900879
13.5999999999999179,122.4999999999994600,5.7731647491455078
13.5999999999999179,122.8999999999994373,5.3996062278747559
13.5999999999999179,122.9999999999994316,5.6409125328063965
13.5999999999999179,123.0999999999994259,6.1911725997924805
13.5999999999999179,123.1999999999994202,6.1367492675781250
13.5999999999999179,123.2999999999994145,4.6295785903930664
13.5999999999999179,123.3999999999994088,2.8073494434356689
13.5999999999999179,123.4999999999994031,2.6205992698669434
13.5999999999999179,124.1999999999993634,7.0587081909179688
13.5999999999999179,124.2999999999993577,5.2153139114379883
13.4999999999999183,120.6999999999995623,2.7711079120635986
13.4999999999999183,120.7999999999995566,2.3248786926269531
13.4999999999999183,121.8999999999994941,6.4021558761596680
13.4999999999999183,121.9999999999994884,5.3829274177551270
13.4999999999999183,122.4999999999994600,5.6985588073730469
13.4999999999999183,122.5999999999994543,6.0378532409667969
13.4999999999999183,123.1999999999994202,7.4748787879943848
13.4999999999999183,123.2999999999994145,5.3028235435485840
13.4999999999999183,123.3999999999994088,3.2371883392333984
13.4999999999999183,123.4999999999994031,2.6478991508483887
13.4999999999999183,123.5999999999993975,3.3459651470184326
13.3999999999999186,120.4999999999995737,4.1656799316406250
13.3999999999999186,120.5999999999995680,2.9578199386596680
13.3999999999999186,120.6999999999995623,2.2299821376800537
13.3999999999999186,120.7999999999995566,1.7896124124526978
13.3999999999999186,120.8999999999995509,1.5471632480621338
13.3999999999999186,120.9999999999995453,1.6072666645050049
13.3999999999999186,121.0999999999995396,1.6824314594268799
13.3999999999999186,121.1999999999995339,2.1319258213043213
13.3999999999999186,121.7999999999994998,7.0625176429748535
13.3999999999999186,121.8999999999994941,6.5245757102966309
13.3999999999999186,121.9999999999994884,5.6622390747070312
13.3999999999999186,122.0999999999994827,5.2027359008789062
13.3999999999999186,122.4999999999994600,5.7498011589050293
13.3999999999999186,122.5999999999994543,6.2694988250732422
13.3999999999999186,123.1999999999994202,7.8599400520324707
13.3999999999999186,123.2999999999994145,6.1669187545776367
13.3999999999999186,123.3999999999994088,3.8605558872222900
13.3999999999999186,123.4999999999994031,2.7634282112121582
13.3999999999999186,123.5999999999993975,3.0301001071929932
13.2999999999999190,120.5999999999995680,3.4067239761352539
13.2999999999999190,120.6999999999995623,2.2106080055236816
13.2999999999999190,120.7999999999995566,1.4273949861526489
13.2999999999999190,120.8999999999995509,1.1352655887603760
13.2999999999999190,120.9999999999995453,1.1514724493026733
13.2999999999999190,121.0999999999995396,1.3987859487533569
13.2999999999999190,121.1999999999995339,2.1226081848144531
13.2999999999999190,121.2999999999995282,2.3964769840240479
13.2999999999999190,121.8999999999994941,6.6834077835083008
13.2999999999999190,121.9999999999994884,6.0929312705993652
13.2999999999999190,122.5999999999994543,6.4952011108398438
13.2999999999999190,123.2999999999994145,6.6758656501770020
13.2999999999999190,123.4999999999994031,3.2467167377471924
13.2999999999999190,123.5999999999993975,2.9777102470397949
13.2999999999999190,123.6999999999993918,3.0004618167877197
13.2999999999999190,123.8999999999993804,5.6527481079101562
13.1999999999999194,120.6999999999995623,3.3107228279113770
13.1999999999999194,120.7999999999995566,1.9749118089675903
13.1999999999999194,120.8999999999995509,1.2230125665664673
13.1999999999999194,120.9999999999995453,1.1113370656967163
13.1999999999999194,121.0999999999995396,1.2875812053680420
13.1999999999999194,121.1999999999995339,1.8410197496414185
13.1999999999999194,121.3999999999995225,3.2278077602386475
13.1999999999999194,123.2999999999994145,6.6711206436157227
13.1999999999999194,123.3999999999994088,5.0721154212951660
13.1999999999999194,123.4999999999994031,3.8733313083648682
13.1999999999999194,123.5999999999993975,3.5926256179809570
13.1999999999999194,123.6999999999993918,3.6598103046417236
13.0999999999999197,120.6999999999995623,3.7690045833587646
13.0999999999999197,120.7999999999995566,2.9787907600402832
13.0999999999999197,120.8999999999995509,1.6251846551895142
13.0999999999999197,120.9999999999995453,1.2056974172592163
13.0999999999999197,121.0999999999995396,1.2401651144027710
13.0999999999999197,121.1999999999995339,1.6751462221145630
13.0999999999999197,121.2999999999995282,1.8942261934280396
13.0999999999999197,121.3999999999995225,2.4852824211120605
13.0999999999999197,121.4999999999995168,3.4956021308898926
13.0999999999999197,122.9999999999994316,9.3323221206665039
13.0999999999999197,123.3999999999994088,5.6665287017822266
13.0999999999999197,123.4999999999994031,4.6688652038574219
13.0999999999999197,123.5999999999993975,4.3671169281005859
13.0999999999999197,123.6999999999993918,4.3667521476745605
13.0999999999999197,123.7999999999993861,5.0082058906555176
13.0999999999999197,123.8999999999993804,6.3615179061889648
12.9999999999999201,120.7999999999995566,3.0763602256774902
12.9999999999999201,120.8999999999995509,2.1862163543701172
12.9999999999999201,120.9999999999995453,1.3902316093444824
12.9999999999999201,121.0999999999995396,1.1571965217590332
12.9999999999999201,121.1999999999995339,1.4579845666885376
12.9999999999999201,121.2999999999995282,1.7909768819808960
12.9999999999999201,121.3999999999995225,2.3427641391754150
12.9999999999999201,122.9999999999994316,9.3401002883911133
12.9999999999999201,123.0999999999994259,8.9581184387207031
12.9999999999999201,123.4999999999994031,5.3997173309326172
12.9999999999999201,123.5999999999993975,5.3881363868713379
12.9999999999999201,123.6999999999993918,5.3243846893310547
12.9999999999999201,123.7999999999993861,5.6396074295043945
12.9999999999999201,123.8999999999993804,6.2293400764465332
12.9999999999999201,123.9999999999993747,6.8151502609252930
12.9999999999999201,124.0999999999993690,7.6495428085327148
12.8999999999999204,120.7999999999995566,3.6149215698242188
12.8999999999999204,120.8999999999995509,2.7776684761047363
12.8999999999999204,120.9999999999995453,2.0031301975250244
12.8999999999999204,121.0999999999995396,1.3687804937362671
12.8999999999999204,121.1999999999995339,1.1473022699356079
12.8999999999999204,121.2999999999995282,1.5477112531661987
12.8999999999999204,121.3999999999995225,2.6333856582641602
12.8999999999999204,121.4999999999995168,3.4246103763580322
12.8999999999999204,123.1999999999994202,8.0005855560302734
12.8999999999999204,123.7999999999993861,6.2914953231811523
12.8999999999999204,124.0999999999993690,6.3483262062072754
12.7999999999999208,120.7999999999995566,4.2659344673156738
12.7999999999999208,120.8999999999995509,3.4101128578186035
12.7999999999999208,120.9999999999995453,2.6326620578765869
12.7999999999999208,121.0999999999995396,1.9832239151000977
12.7999999999999208,121.1999999999995339,1.4300714731216431
12.7999999999999208,121.2999999999995282,2.0379688739776611
12.7999999999999208,121.3999999999995225,3.0528283119201660
12.7999999999999208,123.8999999999993804,5.9316983222961426
12.7999999999999208,123.9999999999993747,4.9616961479187012
12.7999999999999208,124.0999999999993690,5.4976949691772461
12.6999999999999211,120.8999999999995509,4.0192170143127441
12.6999999999999211,120.9999999999995453,3.2642109394073486
12.6999999999999211,121.0999999999995396,2.5712218284606934
12.6999999999999211,121.1999999999995339,1.9471651315689087
12.6999999999999211,121.2999999999995282,2.5752015113830566
12.6999999999999211,121.3999999999995225,3.5506596565246582
12.6999999999999211,121.4999999999995168,4.2637939453125000
12.6999999999999211,123.8999999999993804,6.3238892555236816
12.6999999999999211,123.9999999999993747,5.4838786125183105
12.6999999999999211,124.0999999999993690,5.7017745971679688
12.5999999999999215,120.9999999999995453,3.8949379920959473
12.5999999999999215,121.0999999999995396,3.1507165431976318
12.5999999999999215,121.1999999999995339,2.5204355716705322
12.5999999999999215,121.2999999999995282,3.1011731624603271
12.5999999999999215,121.3999999999995225,4.0679349899291992
12.5999999999999215,121.4999999999995168,4.8993501663208008
12.5999999999999215,122.0999999999994827,4.6521930694580078
12.5999999999999215,123.9999999999993747,6.5346312522888184
12.4999999999999218,120.9999999999995453,4.4479131698608398
12.4999999999999218,121.0999999999995396,3.6885912418365479
12.4999999999999218,121.1999999999995339,2.9925808906555176
12.4999999999999218,121.2999999999995282,3.6169085502624512
12.4999999999999218,121.3999999999995225,4.4752154350280762
12.4999999999999218,121.9999999999994884,4.2501044273376465
12.4999999999999218,122.4999999999994600,6.0433087348937988
12.4999999999999218,122.5999999999994543,6.6039605140686035
12.4999999999999218,123.2999999999994145,6.9573802947998047
12.4999999999999218,123.3999999999994088,6.8950586318969727
12.4999999999999218,123.4999999999994031,6.8400092124938965
12.4999999999999218,123.6999999999993918,7.1857380867004395
12.4999999999999218,124.2999999999993577,8.5307970046997070
12.4999999999999218,124.3999999999993520,7.0930480957031250
12.4999999999999218,124.4999999999993463,5.2729506492614746
12.4999999999999218,124.5999999999993406,3.7009558677673340
12.4999999999999218,124.6999999999993349,3.1128649711608887
12.4999999999999218,124.7999999999993292,3.2951929569244385
12.4999999999999218,124.8999999999993236,3.7641239166259766
12.4999999999999218,124.9999999999993179,3.9482173919677734
12.4999999999999218,125.0999999999993122,4.1529726982116699
12.4999999999999218,125.1999999999993065,5.1524910926818848
12.3999999999999222,120.9999999999995453,4.5174455642700195
12.3999999999999222,121.0999999999995396,4.0422754287719727
12.3999999999999222,121.1999999999995339,3.6229348182678223
12.3999999999999222,121.2999999999995282,4.0772409439086914
12.3999999999999222,121.9999999999994884,4.8128333091735840
12.3999999999999222,122.0999999999994827,4.3015995025634766
12.3999999999999222,122.4999999999994600,5.7717633247375488
12.3999999999999222,122.5999999999994543,6.2729406356811523
12.3999999999999222,123.2999999999994145,6.2684617042541504
12.3999999999999222,123.3999999999994088,6.1277251243591309
12.3999999999999222,123.4999999999994031,5.9810447692871094
12.3999999999999222,124.3999999999993520,6.8413958549499512
12.3999999999999222,124.4999999999993463,5.0518817901611328
12.3999999999999222,124.5999999999993406,3.3804750442504883
12.3999999999999222,124.6999999999993349,2.9429590702056885
12.3999999999999222,124.7999999999993292,3.0625283718109131
12.3999999999999222,124.8999999999993236,3.2303185462951660
12.3999999999999222,124.9999999999993179,3.3772599697113037
12.3999999999999222,125.0999999999993122,3.6443712711334229
12.3999999999999222,125.1999999999993065,4.7638964653015137
12.2999999999999226,119.8999999999996078,5.4376430511474609
12.2999999999999226,121.1999999999995339,4.2819275856018066
12.2999999999999226,121.9999999999994884,5.2646636962890625
12.2999999999999226,123.2999999999994145,5.5433945655822754
12.2999999999999226,123.3999999999994088,5.1878604888916016
12.2999999999999226,123.4999999999994031,4.9094309806823730
12.2999999999999226,123.5999999999993975,4.8623480796813965
12.2999999999999226,123.6999999999993918,5.0198926925659180
12.2999999999999226,124.3999999999993520,6.6024227142333984
12.2999999999999226,124.4999999999993463,4.8009147644042969
12.2999999999999226,124.5999999999993406,3.2236685752868652
12.2999999999999226,124.6999999999993349,2.8613872528076172
12.2999999999999226,124.7999999999993292,3.0010714530944824
12.2999999999999226,124.8999999999993236,3.1311461925506592
12.2999999999999226,124.9999999999993179,3.0857164859771729
12.2999999999999226,125.0999999999993122,3.2597010135650635
12.2999999999999226,125.1999999999993065,4.2302250862121582
12.2999999999999226,125.2999999999993008,6.0034761428833008
12.1999999999999229,119.8999999999996078,5.4300279617309570
12.1999999999999229,119.9999999999996021,5.5723323822021484
12.1999999999999229,121.9999999999994884,5.5781540870666504
12.1999999999999229,123.2999999999994145,5.1306381225585938
12.1999999999999229,123.3999999999994088,4.7601861953735352
12.1999999999999229,123.5999999999993975,4.4107832908630371
12.1999999999999229,123.6999999999993918,4.5591645240783691
12.1999999999999229,123.7999999999993861,5.2839136123657227
12.1999999999999229,123.8999999999993804,6.0894007682800293
12.1999999999999229,124.3999999999993520,6.0181756019592285
12.1999999999999229,124.4999999999993463,4.7502574920654297
12.1999999999999229,124.5999999999993406,3.1698093414306641
12.1999999999999229,124.6999999999993349,2.9337425231933594
12.1999999999999229,124.7999999999993292,3.1225416660308838
12.1999999999999229,124.8999999999993236,3.1563112735748291
12.1999999999999229,124.9999999999993179,2.9753241539001465
12.1999999999999229,125.0999999999993122,2.9228136539459229
12.1999999999999229,125.1999999999993065,3.6589341163635254
12.1999999999999229,125.2999999999993008,5.2858963012695312
12.1999999999999229,125.3999999999992951,6.9333815574645996
12.1999999999999229,125.4999999999992895,7.7282214164733887
12.0999999999999233,119.9999999999996021,5.6117200851440430
12.0999999999999233,120.0999999999995964,5.7196469306945801
12.0999999999999233,120.1999999999995907,5.6932396888732910
12.0999999999999233,120.2999999999995850,5.6691799163818359
12.0999999999999233,123.2999999999994145,5.2779626846313477
12.0999999999999233,123.6999999999993918,5.3442616462707520
12.0999999999999233,123.7999999999993861,5.8421649932861328
12.0999999999999233,123.8999999999993804,6.7131237983703613
12.0999999999999233,124.4999999999993463,5.4837145805358887
12.0999999999999233,124.5999999999993406,4.2485589981079102
12.0999999999999233,124.6999999999993349,3.4068818092346191
12.0999999999999233,124.7999999999993292,3.0573287010192871
12.0999999999999233,124.8999999999993236,2.9634289741516113
12.0999999999999233,124.9999999999993179,2.7826843261718750
12.0999999999999233,125.0999999999993122,2.7588038444519043
12.0999999999999233,125.1999999999993065,3.1186361312866211
12.0999999999999233,125.2999999999993008,4.3215556144714355
12.0999999999999233,125.3999999999992951,5.4672551155090332
11.9999999999999236,123.1999999999994202,5.8279480934143066
11.9999999999999236,123.7999999999993861,6.4163179397583008
11.9999999999999236,123.8999999999993804,6.8676238059997559
11.9999999999999236,123.9999999999993747,7.4383802413940430
11.9999999999999236,124.6999999999993349,3.9863073825836182
11.9999999999999236,124.7999999999993292,3.4019486904144287
11.9999999999999236,124.8999999999993236,3.1490058898925781
11.9999999999999236,124.9999999999993179,2.8882555961608887
11.9999999999999236,125.0999999999993122,2.6669812202453613
11.9999999999999236,125.1999999999993065,2.7261664867401123
11.9999999999999236,125.2999999999993008,3.3736639022827148
11.9999999999999236,125.3999999999992951,4.3743586540222168
11.8999999999999240,121.9999999999994884,6.0716943740844727
11.8999999999999240,123.7999999999993861,6.7597732543945312
11.8999999999999240,123.8999999999993804,7.0231785774230957
11.8999999999999240,123.9999999999993747,7.2940211296081543
11.8999999999999240,124.7999999999993292,3.9355065822601318
11.8999999999999240,124.8999999999993236,3.4264438152313232
11.8999999999999240,124.9999999999993179,3.0086841583251953
11.8999999999999240,125.0999999999993122,2.7860527038574219
11.8999999999999240,125.1999999999993065,2.5723721981048584
11.8999999999999240,125.2999999999993008,2.9896218776702881
11.7999999999999243,121.8999999999994941,6.0563378334045410
11.7999999999999243,121.9999999999994884,5.9991149902343750
11.7999999999999243,122.0999999999994827,5.4544987678527832
11.7999999999999243,122.1999999999994770,4.1561217308044434
11.7999999999999243,124.2999999999993577,7.5038785934448242
11.7999999999999243,124.8999999999993236,3.9909312725067139
11.7999999999999243,124.9999999999993179,3.1502311229705811
11.7999999999999243,125.0999999999993122,2.6328542232513428
11.7999999999999243,125.1999999999993065,2.5541574954986572
11.7999999999999243,125.2999999999993008,2.9547731876373291
11.7999999999999243,125.3999999999992951,3.3602988719940186
11.6999999999999247,119.9999999999996021,6.0330433845520020
11.6999999999999247,122.0999999999994827,4.9886069297790527
11.6999999999999247,122.1999999999994770,3.9153256416320801
11.6999999999999247,122.2999999999994714,2.6711091995239258
11.6999999999999247,122.3999999999994657,2.5246307849884033
11.6999999999999247,124.9999999999993179,3.6349360942840576
11.6999999999999247,125.0999999999993122,2.8100965023040771
11.6999999999999247,125.1999999999993065,2.6774053573608398
11.6999999999999247,125.2999999999993008,2.9617302417755127
11.6999999999999247,125.3999999999992951,3.3139500617980957
11.5999999999999250,122.1999999999994770,3.3176224231719971
11.5999999999999250,122.2999999999994714,2.1800439357757568
11.5999999999999250,122.6999999999994486,4.4755778312683105
11.5999999999999250,124.4999999999993463,6.5099210739135742
11.5999999999999250,125.0999999999993122,2.9852344989776611
11.5999999999999250,125.1999999999993065,2.8234491348266602
11.5999999999999250,125.2999999999993008,3.0641279220581055
11.5999999999999250,125.3999999999992951,3.3193798065185547
11.4999999999999254,122.0999999999994827,3.2084171772003174
11.4999999999999254,122.1999999999994770,2.5640931129455566
11.4999999999999254,122.2999999999994714,1.9248877763748169
11.4999999999999254,122.3999999999994657,2.1387994289398193
11.4999999999999254,122.4999999999994600,2.9339087009429932
11.4999999999999254,122.5999999999994543,3.6734614372253418
11.4999999999999254,122.6999999999994486,4.0330996513366699
11.4999999999999254,122.7999999999994429,4.1636738777160645
11.4999999999999254,123.0999999999994259,5.2118735313415527
11.4999999999999254,124.3999999999993520,6.5043034553527832
11.4999999999999254,124.4999999999993463,5.8610939979553223
11.4999999999999254,124.8999999999993236,3.9159498214721680
11.4999999999999254,124.9999999999993179,3.4774472713470459
11.4999999999999254,125.0999999999993122,2.8525509834289551
11.4999999999999254,125.1999999999993065,2.9846832752227783
11.4999999999999254,125.2999999999993008,3.2322988510131836
11.4999999999999254,125.3999999999992951,3.4819681644439697
11.4999999999999254,125.4999999999992895,4.2235441207885742
11.3999999999999257,122.0999999999994827,2.4996280670166016
11.3999999999999257,122.1999999999994770,2.0472531318664551
11.3999999999999257,122.2999999999994714,1.6628049612045288
11.3999999999999257,122.3999999999994657,1.8762108087539673
11.3999999999999257,122.4999999999994600,2.5157179832458496
11.3999999999999257,122.5999999999994543,3.1457719802856445
11.3999999999999257,122.6999999999994486,3.4180660247802734
11.3999999999999257,122.7999999999994429,3.5311555862426758
11.3999999999999257,122.8999999999994373,3.6737935543060303
11.3999999999999257,122.9999999999994316,4.1556529998779297
11.3999999999999257,123.0999999999994259,5.0536246299743652
11.3999999999999257,124.2999999999993577,6.7073154449462891
11.3999999999999257,124.3999999999993520,6.1728572845458984
11.3999999999999257,124.4999999999993463,5.4690551757812500
11.3999999999999257,124.8999999999993236,3.4342107772827148
11.3999999999999257,124.9999999999993179,3.1088421344757080
11.3999999999999257,125.0999999999993122,2.9115719795227051
11.3999999999999257,125.1999999999993065,3.2257211208343506
11.3999999999999257,125.2999999999993008,3.4786951541900635
11.3999999999999257,125.3999999999992951,3.7463376522064209
11.3999999999999257,125.4999999999992895,4.5260109901428223
11.2999999999999261,119.4999999999996305,4.3724088668823242
11.2999999999999261,122.0999999999994827,2.2730777263641357
11.2999999999999261,122.1999999999994770,1.9022926092147827
11.2999999999999261,122.2999999999994714,1.6484613418579102
11.2999999999999261,122.3999999999994657,1.8469262123107910
11.2999999999999261,122.4999999999994600,2.4053215980529785
11.2999999999999261,122.5999999999994543,2.9595773220062256
11.2999999999999261,122.6999999999994486,3.1562833786010742
11.2999999999999261,122.7999999999994429,3.2419564723968506
11.2999999999999261,122.8999999999994373,3.4478552341461182
11.2999999999999261,122.9999999999994316,3.9467248916625977
11.2999999999999261,123.0999999999994259,4.5600242614746094
11.2999999999999261,124.3999999999993520,5.6681776046752930
11.2999999999999261,124.4999999999993463,4.9065361022949219
11.2999999999999261,124.5999999999993406,4.3165168762207031
11.2999999999999261,124.6999999999993349,3.4646413326263428
11.2999999999999261,124.7999999999993292,3.0641791820526123
11.2999999999999261,124.8999999999993236,2.7670676708221436
11.2999999999999261,125.1999999999993065,3.8460898399353027
11.2999999999999261,125.2999999999993008,4.1719832420349121
11.2999999999999261,125.3999999999992951,4.4803543090820312
11.2999999999999261,125.4999999999992895,5.1070127487182617
11.1999999999999265,119.4999999999996305,4.0575737953186035
11.1999999999999265,122.0999999999994827,2.2448215484619141
11.1999999999999265,122.1999999999994770,1.9972993135452271
11.1999999999999265,122.2999999999994714,1.7584265470504761
11.1999999999999265,122.3999999999994657,1.9329304695129395
11.1999999999999265,122.4999999999994600,2.4208123683929443
11.1999999999999265,122.5999999999994543,2.8859786987304688
11.1999999999999265,122.6999999999994486,3.0623524188995361
11.1999999999999265,122.7999999999994429,3.1655316352844238
11.1999999999999265,122.8999999999994373,3.5222618579864502
11.1999999999999265,122.9999999999994316,3.9024248123168945
11.1999999999999265,123.7999999999993861,5.3544917106628418
11.1999999999999265,123.9999999999993747,5.7235999107360840
11.1999999999999265,124.3999999999993520,5.3096890449523926
11.1999999999999265,124.4999999999993463,4.2923350334167480
11.1999999999999265,124.5999999999993406,3.4644739627838135
11.1999999999999265,124.6999999999993349,2.8136513233184814
11.1999999999999265,124.7999999999993292,2.2628402709960938
11.1999999999999265,124.8999999999993236,2.2834587097167969
11.1999999999999265,124.9999999999993179,2.9299030303955078
11.1999999999999265,125.1999999999993065,5.1458840370178223
11.1999999999999265,125.2999999999993008,5.1434655189514160
11.1999999999999265,125.3999999999992951,5.4703950881958008
11.1999999999999265,125.4999999999992895,5.8877463340759277
11.0999999999999268,119.4999999999996305,4.0145654678344727
11.0999999999999268,122.0999999999994827,2.5295372009277344
11.0999999999999268,122.1999999999994770,2.0565066337585449
11.0999999999999268,122.2999999999994714,1.8514409065246582
11.0999999999999268,122.3999999999994657,2.0038173198699951
11.0999999999999268,122.4999999999994600,2.4446527957916260
11.0999999999999268,122.5999999999994543,2.8771579265594482
11.0999999999999268,122.6999999999994486,3.0291950702667236
11.0999999999999268,122.7999999999994429,3.4209268093109131
11.0999999999999268,122.8999999999994373,3.9680535793304443
11.0999999999999268,124.3999999999993520,4.6808409690856934
11.0999999999999268,124.4999999999993463,4.0074329376220703
11.0999999999999268,124.5999999999993406,3.4970896244049072
11.0999999999999268,124.6999999999993349,2.4366216659545898
11.0999999999999268,124.7999999999993292,1.7974052429199219
11.0999999999999268,124.8999999999993236,2.0095393657684326
11.0999999999999268,124.9999999999993179,3.5473589897155762
11.0999999999999268,125.4999999999992895,6.3098363876342773
10.9999999999999272,119.3999999999996362,4.8270821571350098
10.9999999999999272,122.0999999999994827,2.6386826038360596
10.9999999999999272,122.1999999999994770,2.2432088851928711
10.9999999999999272,122.2999999999994714,1.8701173067092896
10.9999999999999272,122.3999999999994657,2.0090527534484863
10.9999999999999272,122.4999999999994600,2.4844954013824463
10.9999999999999272,122.5999999999994543,2.9503195285797119
10.9999999999999272,122.6999999999994486,3.2813510894775391
10.9999999999999272,122.7999999999994429,3.8490102291107178
10.9999999999999272,123.9999999999993747,5.1438698768615723
10.9999999999999272,124.4999999999993463,4.3234529495239258
10.9999999999999272,124.5999999999993406,3.9129970073699951
10.9999999999999272,124.6999999999993349,2.7793450355529785
10.9999999999999272,124.7999999999993292,1.9416517019271851
10.9999999999999272,124.8999999999993236,2.1060318946838379
10.9999999999999272,124.9999999999993179,3.6082191467285156
10.8999999999999275,119.3999999999996362,4.8512415885925293
10.8999999999999275,119.4999999999996305,4.2044801712036133
10.8999999999999275,121.9999999999994884,3.0337095260620117
10.8999999999999275,122.0999999999994827,2.7266187667846680
10.8999999999999275,122.1999999999994770,2.4718229770660400
10.8999999999999275,122.2999999999994714,2.2499337196350098
10.8999999999999275,122.3999999999994657,2.3309919834136963
10.8999999999999275,122.4999999999994600,2.7964272499084473
10.8999999999999275,122.5999999999994543,3.2648651599884033
10.8999999999999275,122.6999999999994486,3.8398494720458984
10.8999999999999275,123.1999999999994202,2.5114097595214844
10.8999999999999275,123.2999999999994145,2.4688937664031982
10.8999999999999275,123.3999999999994088,2.7395277023315430
10.8999999999999275,123.9999999999993747,4.8994336128234863
10.8999999999999275,124.4999999999993463,4.8302192687988281
10.8999999999999275,124.7999999999993292,2.2622387409210205
10.8999999999999275,124.8999999999993236,2.1089923381805420
10.8999999999999275,124.9999999999993179,3.2028152942657471
10.7999999999999279,119.2999999999996419,6.3304901123046875
10.7999999999999279,119.3999999999996362,5.6714277267456055
10.7999999999999279,119.4999999999996305,4.1188836097717285
10.7999999999999279,121.9999999999994884,3.1604754924774170
10.7999999999999279,122.0999999999994827,2.8177881240844727
10.7999999999999279,122.1999999999994770,2.7257449626922607
10.7999999999999279,122.2999999999994714,2.6357119083404541
10.7999999999999279,122.3999999999994657,2.8130867481231689
10.7999999999999279,122.4999999999994600,3.3158562183380127
10.7999999999999279,122.9999999999994316,4.0423235893249512
10.7999999999999279,123.0999999999994259,2.9274785518646240
10.7999999999999279,123.1999999999994202,1.8839262723922729
10.7999999999999279,123.2999999999994145,1.8125728368759155
10.7999999999999279,123.3999999999994088,2.2199227809906006
10.7999999999999279,123.4999999999994031,3.0730018615722656
10.7999999999999279,123.8999999999993804,4.4638671875000000
10.7999999999999279,123.9999999999993747,4.9838752746582031
10.7999999999999279,124.8999999999993236,2.2046806812286377
10.6999999999999282,119.3999999999996362,5.3065772056579590
10.6999999999999282,119.4999999999996305,4.6954312324523926
10.6999999999999282,119.5999999999996248,5.1496801376342773
10.6999999999999282,121.9999999999994884,3.1501524448394775
10.6999999999999282,122.0999999999994827,2.9229059219360352
10.6999999999999282,122.1999999999994770,2.9845306873321533
10.6999999999999282,122.2999999999994714,2.9843466281890869
10.6999999999999282,122.3999999999994657,3.2443170547485352
10.6999999999999282,122.4999999999994600,3.6079900264739990
10.6999999999999282,122.5999999999994543,3.9520862102508545
10.6999999999999282,122.6999999999994486,4.1569995880126953
10.6999999999999282,122.9999999999994316,3.5131342411041260
10.6999999999999282,123.0999999999994259,2.4115345478057861
10.6999999999999282,123.1999999999994202,1.6396529674530029
10.6999999999999282,123.2999999999994145,1.7656828165054321
10.6999999999999282,123.3999999999994088,2.7081112861633301
10.6999999999999282,123.4999999999994031,3.3954365253448486
10.6999999999999282,123.8999999999993804,4.5406708717346191
10.6999999999999282,124.7999999999993292,2.3431987762451172
10.6999999999999282,124.8999999999993236,2.0370438098907471
10.6999999999999282,124.9999999999993179,2.4000396728515625
10.6999999999999282,125.7999999999992724,6.3879375457763672
10.5999999999999286,119.3999999999996362,5.4682307243347168
10.5999999999999286,119.4999999999996305,5.0648579597473145
10.5999999999999286,119.5999999999996248,5.6320037841796875
10.5999999999999286,119.7999999999996135,7.8889689445495605
10.5999999999999286,119.8999999999996078,7.8857254981994629
10.5999999999999286,121.9999999999994884,3.4847977161407471
10.5999999999999286,122.4999999999994600,4.4330120086669922
10.5999999999999286,122.5999999999994543,4.4440140724182129
10.5999999999999286,122.6999999999994486,4.2543282508850098
10.5999999999999286,122.8999999999994373,4.0847883224487305
10.5999999999999286,122.9999999999994316,3.3580310344696045
10.5999999999999286,123.0999999999994259,2.2521877288818359
10.5999999999999286,123.1999999999994202,1.8218811750411987
10.5999999999999286,123.2999999999994145,2.4224283695220947
10.5999999999999286,123.3999999999994088,3.3481831550598145
10.5999999999999286,123.6999999999993918,3.4389235973358154
10.5999999999999286,123.7999999999993861,3.9047279357910156
10.5999999999999286,123.8999999999993804,4.6401581764221191
10.5999999999999286,123.9999999999993747,5.3008189201354980
10.5999999999999286,124.7999999999993292,2.6048920154571533
10.5999999999999286,124.8999999999993236,2.1941170692443848
10.5999999999999286,124.9999999999993179,2.1937160491943359
10.5999999999999286,125.0999999999993122,2.4150373935699463
10.4999999999999289,119.2999999999996419,5.7180871963500977
10.4999999999999289,119.3999999999996362,5.6443672180175781
10.4999999999999289,119.4999999999996305,5.6015048027038574
10.4999999999999289,119.5999999999996248,6.0524482727050781
10.4999999999999289,119.7999999999996135,8.1047296524047852
10.4999999999999289,119.8999999999996078,8.0416154861450195
10.4999999999999289,121.9999999999994884,3.8357689380645752
10.4999999999999289,122.4999999999994600,4.7421832084655762
10.4999999999999289,122.5999999999994543,4.7712011337280273
10.4999999999999289,122.6999999999994486,4.5273642539978027
10.4999999999999289,122.7999999999994429,4.2731804847717285
10.4999999999999289,122.8999999999994373,4.3479137420654297
10.4999999999999289,122.9999999999994316,3.2163591384887695
10.4999999999999289,123.0999999999994259,2.2466046810150146
10.4999999999999289,123.1999999999994202,2.1384198665618896
10.4999999999999289,123.2999999999994145,2.7503705024719238
10.4999999999999289,123.3999999999994088,3.4983210563659668
10.4999999999999289,123.7999999999993861,3.8707933425903320
10.4999999999999289,123.8999999999993804,4.6855659484863281
10.4999999999999289,123.9999999999993747,5.5659985542297363
10.4999999999999289,124.7999999999993292,2.8295032978057861
10.4999999999999289,124.8999999999993236,2.4890987873077393
10.4999999999999289,124.9999999999993179,2.2864956855773926
10.4999999999999289,125.0999999999993122,2.3693776130676270
10.3999999999999293,119.0999999999996533,4.8636956214904785
10.3999999999999293,119.1999999999996476,5.2858676910400391
10.3999999999999293,119.2999999999996419,5.6155400276184082
10.3999999999999293,119.3999999999996362,5.9990935325622559
10.3999999999999293,119.4999999999996305,6.4370865821838379
10.3999999999999293,122.8999999999994373,3.9729838371276855
10.3999999999999293,122.9999999999994316,3.0635781288146973
10.3999999999999293,123.0999999999994259,2.3443787097930908
10.3999999999999293,123.1999999999994202,1.9585750102996826
10.3999999999999293,123.2999999999994145,2.4920504093170166
10.3999999999999293,123.6999999999993918,3.4151134490966797
10.3999999999999293,123.7999999999993861,3.8168630599975586
10.3999999999999293,123.8999999999993804,4.6343650817871094
10.3999999999999293,123.9999999999993747,5.3050355911254883
10.3999999999999293,124.7999999999993292,2.8876914978027344
10.3999999999999293,124.8999999999993236,2.6878283023834229
10.3999999999999293,124.9999999999993179,2.4863383769989014
10.3999999999999293,125.0999999999993122,2.5758643150329590
10.3999999999999293,125.1999999999993065,3.0495622158050537
10.3999999999999293,125.5999999999992838,5.5395979881286621
10.2999999999999297,118.9999999999996589,4.2619028091430664
10.2999999999999297,119.0999999999996533,4.5682468414306641
10.2999999999999297,119.1999999999996476,4.9775152206420898
10.2999999999999297,119.2999999999996419,5.3128833770751953
10.2999999999999297,122.8999999999994373,3.8865864276885986
10.2999999999999297,122.9999999999994316,2.9487738609313965
10.2999999999999297,123.0999999999994259,2.5247209072113037
10.2999999999999297,123.1999999999994202,2.1262381076812744
10.2999999999999297,123.2999999999994145,2.5608286857604980
10.2999999999999297,123.5999999999993975,3.5992238521575928
10.2999999999999297,123.6999999999993918,3.4536798000335693
10.2999999999999297,123.7999999999993861,3.7966616153717041
10.2999999999999297,124.7999999999993292,3.3200151920318604
10.2999999999999297,124.8999999999993236,2.9804015159606934
10.2999999999999297,125.0999999999993122,3.1899669170379639
10.2999999999999297,125.1999999999993065,3.4087140560150146
10.2999999999999297,125.5999999999992838,5.7234802246093750
10.1999999999999300,118.7999999999996703,5.4166154861450195
10.1999999999999300,118.9999999999996589,4.9089431762695312
10.1999999999999300,119.0999999999996533,5.3315410614013672
10.1999999999999300,119.1999999999996476,5.8263349533081055
10.1999999999999300,122.8999999999994373,3.3952033519744873
10.1999999999999300,122.9999999999994316,2.6842243671417236
10.1999999999999300,123.0999999999994259,2.4737787246704102
10.1999999999999300,123.1999999999994202,2.2797000408172607
10.1999999999999300,123.2999999999994145,2.3553535938262939
10.1999999999999300,123.5999999999993975,3.5202491283416748
10.1999999999999300,123.6999999999993918,3.5184583663940430
10.1999999999999300,124.8999999999993236,3.3897099494934082
10.1999999999999300,125.5999999999992838,5.7950105667114258
10.0999999999999304,118.8999999999996646,6.0375685691833496
10.0999999999999304,118.9999999999996589,6.4598245620727539
10.0999999999999304,119.0999999999996533,6.9060616493225098
10.0999999999999304,119.1999999999996476,7.3598608970642090
10.0999999999999304,122.8999999999994373,2.8388357162475586
10.0999999999999304,122.9999999999994316,2.4340026378631592
10.0999999999999304,123.0999999999994259,2.2854220867156982
10.0999999999999304,123.1999999999994202,2.2316362857818604
10.0999999999999304,123.4999999999994031,2.9032225608825684
10.0999999999999304,123.5999999999993975,3.2110912799835205
10.0999999999999304,124.1999999999993634,3.8269159793853760
10.0999999999999304,124.2999999999993577,3.7328491210937500
10.0999999999999304,124.3999999999993520,4.3138885498046875
10.0999999999999304,125.1999999999993065,4.4699330329895020
10.0999999999999304,125.5999999999992838,5.6046323776245117
9.9999999999999307,118.7999999999996703,5.8149142265319824
9.9999999999999307,118.8999999999996646,6.9100503921508789
9.9999999999999307,118.9999999999996589,7.7575674057006836
9.9999999999999307,119.0999999999996533,8.1211643218994141
9.9999999999999307,122.7999999999994429,2.8738670349121094
9.9999999999999307,122.8999999999994373,2.5890064239501953
9.9999999999999307,122.9999999999994316,2.4281828403472900
9.9999999999999307,123.0999999999994259,2.3314642906188965
9.9999999999999307,123.1999999999994202,2.3577899932861328
9.9999999999999307,123.3999999999994088,2.2075068950653076
9.9999999999999307,123.4999999999994031,2.6867215633392334
9.9999999999999307,123.5999999999993975,3.2509837150573730
9.9999999999999307,124.0999999999993690,3.0238168239593506
9.9999999999999307,124.1999999999993634,2.8504595756530762
9.9999999999999307,124.2999999999993577,2.7353272438049316
9.9999999999999307,124.3999999999993520,3.6381769180297852
9.9999999999999307,124.4999999999993463,4.8179364204406738
9.9999999999999307,125.1999999999993065,5.2556142807006836
9.9999999999999307,125.5999999999992838,5.5258531570434570
9.8999999999999311,118.5999999999996817,5.1906695365905762
9.8999999999999311,118.6999999999996760,5.0877084732055664
9.8999999999999311,122.3999999999994657,5.2244520187377930
9.8999999999999311,122.4999999999994600,4.4184575080871582
9.8999999999999311,122.5999999999994543,3.8841104507446289
9.8999999999999311,122.6999999999994486,3.4110262393951416
9.8999999999999311,122.7999999999994429,2.8503930568695068
9.8999999999999311,122.8999999999994373,2.6420848369598389
9.8999999999999311,122.9999999999994316,2.6124532222747803
9.8999999999999311,123.0999999999994259,2.8063547611236572
9.8999999999999311,123.3999999999994088,2.5419504642486572
9.8999999999999311,123.4999999999994031,2.9226903915405273
9.8999999999999311,123.5999999999993975,3.9615535736083984
9.8999999999999311,123.8999999999993804,4.4809617996215820
9.8999999999999311,123.9999999999993747,3.5051202774047852
9.8999999999999311,124.0999999999993690,2.8246529102325439
9.8999999999999311,124.1999999999993634,2.5056350231170654
9.8999999999999311,124.2999999999993577,2.2551712989807129
9.8999999999999311,124.3999999999993520,3.3953461647033691
9.8999999999999311,124.4999999999993463,4.8553643226623535
9.8999999999999311,125.5999999999992838,4.6781482696533203
9.8999999999999311,125.9999999999992610,6.0600352287292480
9.7999999999999314,118.5999999999996817,5.4499120712280273
9.7999999999999314,118.6999999999996760,4.9861907958984375
9.7999999999999314,122.4999999999994600,4.3902592658996582
9.7999999999999314,122.5999999999994543,3.9098038673400879
9.7999999999999314,122.6999999999994486,3.3997683525085449
9.7999999999999314,122.7999999999994429,3.0964286327362061
9.7999999999999314,122.8999999999994373,2.9063529968261719
9.7999999999999314,122.9999999999994316,3.1256985664367676
9.7999999999999314,123.0999999999994259,3.4245092868804932
9.7999999999999314,123.3999999999994088,3.0426540374755859
9.7999999999999314,123.4999999999994031,3.0984802246093750
9.7999999999999314,123.8999999999993804,4.8555541038513184
9.7999999999999314,123.9999999999993747,3.8817877769470215
9.7999999999999314,124.0999999999993690,3.2554664611816406
9.7999999999999314,124.1999999999993634,2.7289559841156006
9.7999999999999314,124.2999999999993577,2.7680318355560303
9.7999999999999314,124.3999999999993520,3.6360607147216797
9.7999999999999314,124.4999999999993463,4.9750390052795410
9.7999999999999314,125.9999999999992610,6.0699243545532227
9.7999999999999314,126.0999999999992554,6.1229505538940430
9.6999999999999318,118.3999999999996930,6.0465121269226074
9.6999999999999318,118.4999999999996874,5.9258923530578613
9.6999999999999318,118.5999999999996817,5.6585035324096680
9.6999999999999318,118.6999999999996760,5.7364783287048340
9.6999999999999318,122.4999999999994600,4.3808364868164062
9.6999999999999318,122.5999999999994543,4.0283775329589844
9.6999999999999318,122.6999999999994486,3.5841321945190430
9.6999999999999318,122.7999999999994429,3.3388013839721680
9.6999999999999318,122.8999999999994373,3.2622663974761963
9.6999999999999318,122.9999999999994316,3.5589072704315186
9.6999999999999318,123.0999999999994259,3.8827617168426514
9.6999999999999318,123.3999999999994088,3.7395272254943848
9.6999999999999318,123.8999999999993804,5.1728315353393555
9.6999999999999318,123.9999999999993747,4.1855878829956055
9.6999999999999318,124.0999999999993690,3.7670125961303711
9.6999999999999318,124.1999999999993634,3.4171183109283447
9.6999999999999318,124.2999999999993577,3.2868142127990723
9.6999999999999318,124.3999999999993520,4.0142159461975098
9.6999999999999318,125.4999999999992895,3.3697435855865479
9.5999999999999321,118.3999999999996930,5.7647695541381836
9.5999999999999321,118.4999999999996874,5.8937191963195801
9.5999999999999321,118.5999999999996817,6.2359118461608887
9.5999999999999321,118.6999999999996760,6.6184153556823730
9.5999999999999321,122.4999999999994600,4.6126332283020020
9.5999999999999321,122.5999999999994543,4.2824406623840332
9.5999999999999321,122.6999999999994486,3.9425377845764160
9.5999999999999321,122.7999999999994429,3.5596392154693604
9.5999999999999321,122.8999999999994373,3.5053658485412598
9.5999999999999321,122.9999999999994316,3.3369050025939941
9.5999999999999321,123.0999999999994259,3.4517390727996826
9.5999999999999321,123.2999999999994145,3.6522142887115479
9.5999999999999321,123.3999999999994088,3.7577505111694336
9.5999999999999321,123.7999999999993861,6.2692766189575195
9.5999999999999321,125.3999999999992951,3.0727384090423584
9.5999999999999321,125.4999999999992895,3.0288479328155518
9.5999999999999321,125.5999999999992838,2.9740824699401855
9.5999999999999321,125.6999999999992781,3.3037621974945068
9.4999999999999325,118.2999999999996987,5.5251917839050293
9.4999999999999325,118.3999999999996930,5.0779361724853516
9.4999999999999325,118.4999999999996874,5.8614263534545898
9.4999999999999325,118.5999999999996817,6.6966447830200195
9.4999999999999325,122.5999999999994543,5.1004176139831543
9.4999999999999325,122.6999999999994486,4.3624997138977051
9.4999999999999325,122.7999999999994429,4.0837969779968262
9.4999999999999325,122.8999999999994373,3.8013935089111328
9.4999999999999325,122.9999999999994316,3.3773257732391357
9.4999999999999325,123.0999999999994259,2.9371991157531738
9.4999999999999325,123.3999999999994088,3.5504479408264160
9.4999999999999325,125.4999999999992895,2.7572686672210693
9.4999999999999325,125.5999999999992838,2.4818027019500732
9.4999999999999325,125.6999999999992781,2.8169903755187988
9.4999999999999325,125.7999999999992724,3.8050749301910400
9.3999999999999329,118.1999999999997044,5.5977921485900879
9.3999999999999329,118.2999999999996987,5.1196398735046387
9.3999999999999329,118.3999999999996930,4.9403510093688965
9.3999999999999329,118.4999999999996874,6.1012258529663086
9.3999999999999329,122.7999999999994429,4.5418252944946289
9.3999999999999329,122.8999999999994373,4.3388066291809082
9.3999999999999329,122.9999999999994316,3.5961949825286865
9.3999999999999329,123.0999999999994259,2.9523994922637939
9.3999999999999329,123.1999999999994202,2.6227455139160156
9.3999999999999329,125.5999999999992838,2.2515406608581543
9.3999999999999329,125.6999999999992781,1.7263021469116211
9.3999999999999329,125.7999999999992724,3.0441162586212158
9.3999999999999329,125.8999999999992667,4.1332130432128906
9.2999999999999332,118.0999999999997101,5.9186530113220215
9.2999999999999332,118.1999999999997044,5.7373237609863281
9.2999999999999332,118.2999999999996987,5.8220968246459961
9.2999999999999332,118.3999999999996930,5.9112696647644043
9.2999999999999332,122.8999999999994373,4.6625199317932129
9.2999999999999332,122.9999999999994316,3.9846477508544922
9.2999999999999332,123.0999999999994259,3.2120878696441650
9.2999999999999332,123.1999999999994202,2.7917387485504150
9.2999999999999332,123.2999999999994145,3.3058085441589355
9.2999999999999332,125.5999999999992838,2.3244459629058838
9.2999999999999332,125.6999999999992781,1.3997397422790527
9.2999999999999332,125.7999999999992724,2.2012243270874023
9.2999999999999332,125.8999999999992667,3.3955218791961670
9.1999999999999336,117.8999999999997215,4.7389044761657715
9.1999999999999336,117.9999999999997158,5.3291940689086914
9.1999999999999336,118.0999999999997101,5.7554306983947754
9.1999999999999336,118.1999999999997044,6.1091947555541992
9.1999999999999336,122.8999999999994373,4.9855918884277344
9.1999999999999336,122.9999999999994316,4.3710546493530273
9.1999999999999336,123.0999999999994259,3.7342603206634521
9.1999999999999336,123.1999999999994202,3.2716195583343506
9.1999999999999336,123.4999999999994031,6.6949024200439453
9.1999999999999336,123.5999999999993975,6.9429721832275391
9.1999999999999336,124.6999999999993349,6.1647500991821289
9.1999999999999336,124.7999999999993292,6.0080132484436035
9.1999999999999336,125.5999999999992838,2.4745666980743408
9.1999999999999336,125.6999999999992781,1.3851501941680908
9.1999999999999336,125.7999999999992724,1.5331394672393799
9.1999999999999336,125.8999999999992667,2.4578032493591309
9.1999999999999336,125.9999999999992610,3.2652513980865479
9.1999999999999336,126.0999999999992554,3.7443721294403076
9.0999999999999339,117.7999999999997272,4.1750669479370117
9.0999999999999339,117.8999999999997215,4.2551040649414062
9.0999999999999339,117.9999999999997158,5.1403493881225586
9.0999999999999339,122.9999999999994316,4.8340153694152832
9.0999999999999339,123.0999999999994259,4.3208217620849609
9.0999999999999339,123.5999999999993975,7.0712594985961914
9.0999999999999339,125.5999999999992838,2.1525142192840576
9.0999999999999339,125.6999999999992781,1.5073888301849365
9.0999999999999339,125.7999999999992724,1.5577427148818970
9.0999999999999339,125.8999999999992667,2.0241765975952148
9.0999999999999339,125.9999999999992610,2.6502070426940918
9.0999999999999339,126.0999999999992554,3.0753865242004395
8.9999999999999343,117.5999999999997385,6.2917551994323730
8.9999999999999343,117.6999999999997328,5.6060328483581543
8.9999999999999343,117.7999999999997272,4.5446319580078125
8.9999999999999343,117.8999999999997215,4.7283086776733398
8.9999999999999343,117.9999999999997158,5.8822960853576660
8.9999999999999343,125.2999999999993008,1.8478933572769165
8.9999999999999343,125.3999999999992951,1.8494336605072021
8.9999999999999343,125.5999999999992838,1.3977514505386353
8.9999999999999343,125.6999999999992781,1.8434761762619019
8.9999999999999343,125.7999999999992724,1.9873914718627930
8.9999999999999343,125.8999999999992667,1.9673990011215210
8.9999999999999343,125.9999999999992610,2.1897385120391846
8.9999999999999343,126.0999999999992554,2.7583508491516113
8.9999999999999343,126.1999999999992497,3.3102028369903564
8.8999999999999346,117.4999999999997442,6.3464579582214355
8.8999999999999346,117.5999999999997385,5.5356717109680176
8.8999999999999346,117.6999999999997328,5.0447912216186523
8.8999999999999346,117.7999999999997272,4.5720672607421875
8.8999999999999346,117.8999999999997215,5.3714227676391602
8.8999999999999346,117.9999999999997158,6.8576774597167969
8.8999999999999346,124.7999999999993292,2.6141927242279053
8.8999999999999346,124.8999999999993236,2.2038521766662598
8.8999999999999346,124.9999999999993179,1.6835856437683105
8.8999999999999346,125.1999999999993065,1.8197121620178223
8.8999999999999346,125.2999999999993008,1.5749350786209106
8.8999999999999346,125.3999999999992951,1.6458703279495239
8.8999999999999346,125.4999999999992895,1.7440378665924072
8.8999999999999346,125.5999999999992838,2.0238666534423828
8.8999999999999346,125.6999999999992781,2.4825644493103027
8.8999999999999346,125.7999999999992724,2.3940782546997070
8.8999999999999346,125.8999999999992667,2.0500190258026123
8.8999999999999346,125.9999999999992610,1.9583978652954102
8.8999999999999346,126.0999999999992554,2.4589464664459229
8.8999999999999346,126.1999999999992497,3.0321278572082520
8.8999999999999346,126.2999999999992440,3.5919325351715088
8.7999999999999350,117.4999999999997442,6.4063320159912109
8.7999999999999350,117.5999999999997385,5.5133938789367676
8.7999999999999350,117.6999999999997328,5.5104641914367676
8.7999999999999350,117.7999999999997272,5.4554557800292969
8.7999999999999350,117.8999999999997215,5.8336997032165527
8.7999999999999350,124.8999999999993236,1.7112872600555420
8.7999999999999350,124.9999999999993179,1.3932670354843140
8.7999999999999350,125.0999999999993122,1.4055918455123901
8.7999999999999350,125.1999999999993065,1.6530063152313232
8.7999999999999350,125.2999999999993008,1.6165093183517456
8.7999999999999350,125.3999999999992951,2.0191655158996582
8.7999999999999350,125.4999999999992895,2.4133868217468262
8.7999999999999350,125.5999999999992838,2.5821576118469238
8.7999999999999350,125.6999999999992781,2.7820830345153809
8.7999999999999350,125.7999999999992724,2.4840159416198730
8.7999999999999350,125.8999999999992667,2.1177234649658203
8.7999999999999350,125.9999999999992610,1.9184952974319458
8.7999999999999350,126.0999999999992554,2.3934595584869385
8.7999999999999350,126.1999999999992497,3.0060188770294189
8.7999999999999350,126.2999999999992440,3.3554818630218506
8.6999999999999353,117.3999999999997499,7.4408144950866699
8.6999999999999353,117.4999999999997442,6.9058165550231934
8.6999999999999353,117.5999999999997385,6.7578263282775879
8.6999999999999353,123.4999999999994031,4.5716009140014648
8.6999999999999353,124.7999999999993292,2.9711740016937256
8.6999999999999353,124.8999999999993236,2.1818614006042480
8.6999999999999353,124.9999999999993179,1.4181468486785889
8.6999999999999353,125.0999999999993122,1.1563581228256226
8.6999999999999353,125.1999999999993065,1.4078676700592041
8.6999999999999353,125.2999999999993008,1.7895745038986206
8.6999999999999353,125.3999999999992951,2.3277497291564941
8.6999999999999353,125.4999999999992895,2.5503256320953369
8.6999999999999353,125.5999999999992838,2.4853808879852295
8.6999999999999353,125.6999999999992781,2.4412784576416016
8.6999999999999353,125.7999999999992724,2.3385384082794189
8.6999999999999353,125.8999999999992667,2.1601212024688721
8.6999999999999353,125.9999999999992610,2.1011252403259277
8.6999999999999353,126.0999999999992554,2.5381808280944824
8.5999999999999357,117.3999999999997499,7.3315906524658203
8.5999999999999357,117.4999999999997442,7.3884687423706055
8.5999999999999357,123.3999999999994088,3.8574399948120117
8.5999999999999357,123.4999999999994031,3.3919930458068848
8.5999999999999357,123.5999999999993975,3.4807999134063721
8.5999999999999357,123.6999999999993918,3.6446473598480225
8.5999999999999357,124.7999999999993292,3.4123404026031494
8.5999999999999357,124.8999999999993236,2.5560479164123535
8.5999999999999357,124.9999999999993179,1.6109820604324341
8.5999999999999357,125.0999999999993122,1.0224624872207642
8.5999999999999357,125.1999999999993065,1.4976044893264771
8.5999999999999357,125.2999999999993008,2.0343830585479736
8.5999999999999357,125.3999999999992951,2.6043291091918945
8.5999999999999357,125.4999999999992895,2.6675736904144287
8.5999999999999357,125.5999999999992838,2.3795127868652344
8.5999999999999357,125.6999999999992781,2.1410589218139648
8.5999999999999357,125.7999999999992724,2.1802937984466553
8.5999999999999357,125.8999999999992667,2.2733595371246338
8.5999999999999357,125.9999999999992610,2.4033873081207275
8.5999999999999357,126.0999999999992554,2.7573282718658447
8.4999999999999361,117.1999999999997613,9.1045980453491211
8.4999999999999361,117.2999999999997556,7.9112296104431152
8.4999999999999361,117.3999999999997499,7.5574073791503906
8.4999999999999361,123.0999999999994259,5.1259016990661621
8.4999999999999361,123.2999999999994145,3.2320904731750488
8.4999999999999361,123.3999999999994088,2.7398362159729004
8.4999999999999361,123.4999999999994031,2.2708587646484375
8.4999999999999361,123.5999999999993975,2.5722534656524658
8.4999999999999361,123.6999999999993918,2.8953695297241211
8.4999999999999361,123.7999999999993861,3.2570369243621826
8.4999999999999361,124.2999999999993577,4.2009515762329102
8.4999999999999361,124.3999999999993520,4.3991813659667969
8.4999999999999361,124.4999999999993463,4.3500866889953613
8.4999999999999361,124.6999999999993349,3.5208635330200195
8.4999999999999361,124.7999999999993292,3.2017512321472168
8.4999999999999361,124.8999999999993236,2.4907197952270508
8.4999999999999361,124.9999999999993179,1.3302543163299561
8.4999999999999361,125.0999999999993122,1.1369544267654419
8.4999999999999361,125.1999999999993065,1.5508968830108643
8.4999999999999361,125.2999999999993008,1.9915250539779663
8.4999999999999361,125.3999999999992951,2.4766819477081299
8.4999999999999361,125.4999999999992895,2.5130736827850342
8.4999999999999361,125.5999999999992838,2.2892599105834961
8.4999999999999361,125.6999999999992781,2.1036849021911621
8.4999999999999361,125.7999999999992724,2.1531097888946533
8.4999999999999361,125.8999999999992667,2.2742156982421875
8.4999999999999361,125.9999999999992610,2.3989095687866211
8.4999999999999361,126.0999999999992554,2.6169548034667969
8.4999999999999361,126.1999999999992497,2.9568245410919189
8.4999999999999361,126.2999999999992440,3.6765215396881104
8.3999999999999364,123.0999999999994259,4.2431297302246094
8.3999999999999364,123.1999999999994202,3.4444019794464111
8.3999999999999364,123.2999999999994145,2.6025259494781494
8.3999999999999364,123.3999999999994088,1.8195860385894775
8.3999999999999364,123.4999999999994031,1.7873600721359253
8.3999999999999364,123.5999999999993975,2.0520594120025635
8.3999999999999364,123.6999999999993918,2.3873312473297119
8.3999999999999364,123.7999999999993861,3.1040327548980713
8.3999999999999364,124.2999999999993577,3.6537365913391113
8.3999999999999364,124.3999999999993520,3.5000443458557129
8.3999999999999364,124.4999999999993463,3.5573356151580811
8.3999999999999364,124.5999999999993406,3.6187248229980469
8.3999999999999364,124.6999999999993349,3.2103173732757568
8.3999999999999364,124.7999999999993292,2.7596249580383301
8.3999999999999364,124.8999999999993236,2.0128853321075439
8.3999999999999364,124.9999999999993179,1.1479973793029785
8.3999999999999364,125.0999999999993122,1.3367178440093994
8.3999999999999364,125.1999999999993065,1.7416524887084961
8.3999999999999364,125.2999999999993008,1.9997756481170654
8.3999999999999364,125.3999999999992951,2.2212173938751221
8.3999999999999364,125.4999999999992895,2.2895512580871582
8.3999999999999364,125.5999999999992838,2.2385723590850830
8.3999999999999364,125.6999999999992781,2.2005486488342285
8.3999999999999364,125.7999999999992724,2.2053585052490234
8.3999999999999364,125.8999999999992667,2.2315213680267334
8.3999999999999364,125.9999999999992610,2.2643616199493408
8.3999999999999364,126.0999999999992554,2.2653005123138428
8.3999999999999364,126.1999999999992497,2.3585774898529053
8.3999999999999364,126.2999999999992440,2.9699718952178955
8.2999999999999368,117.2999999999997556,11.7530784606933594
8.2999999999999368,122.9999999999994316,4.0355048179626465
8.2999999999999368,123.0999999999994259,3.4045913219451904
8.2999999999999368,123.1999999999994202,2.6051015853881836
8.2999999999999368,123.2999999999994145,2.1609904766082764
8.2999999999999368,123.3999999999994088,2.1541574001312256
8.2999999999999368,123.4999999999994031,2.2019813060760498
8.2999999999999368,123.5999999999993975,2.1451792716979980
8.2999999999999368,123.6999999999993918,2.4029233455657959
8.2999999999999368,123.7999999999993861,2.8211731910705566
8.2999999999999368,124.2999999999993577,2.8408811092376709
8.2999999999999368,124.3999999999993520,2.7277836799621582
8.2999999999999368,124.4999999999993463,2.8744969367980957
8.2999999999999368,124.5999999999993406,3.0196564197540283
8.2999999999999368,124.6999999999993349,2.6525409221649170
8.2999999999999368,124.7999999999993292,2.2257716655731201
8.2999999999999368,124.8999999999993236,1.5974445343017578
8.2999999999999368,124.9999999999993179,1.1468870639801025
8.2999999999999368,125.0999999999993122,1.5240893363952637
8.2999999999999368,125.1999999999993065,2.1066231727600098
8.2999999999999368,125.2999999999993008,2.0973446369171143
8.2999999999999368,125.3999999999992951,2.1105828285217285
8.2999999999999368,125.4999999999992895,2.1593518257141113
8.2999999999999368,125.5999999999992838,2.2511751651763916
8.2999999999999368,125.6999999999992781,2.3240463733673096
8.2999999999999368,125.7999999999992724,2.2769536972045898
8.2999999999999368,125.8999999999992667,2.1962065696716309
8.2999999999999368,125.9999999999992610,2.1096661090850830
8.2999999999999368,126.0999999999992554,1.9885876178741455
8.2999999999999368,126.1999999999992497,1.9867076873779297
8.2999999999999368,126.2999999999992440,2.3954257965087891
8.1999999999999371,122.9999999999994316,3.6476411819458008
8.1999999999999371,123.0999999999994259,2.9168932437896729
8.1999999999999371,123.1999999999994202,2.2483236789703369
8.1999999999999371,123.2999999999994145,2.2128541469573975
8.1999999999999371,123.3999999999994088,2.2932255268096924
8.1999999999999371,123.4999999999994031,2.4102704524993896
8.1999999999999371,123.5999999999993975,2.3063185214996338
8.1999999999999371,123.6999999999993918,2.4262163639068604
8.1999999999999371,123.7999999999993861,2.7799742221832275
8.1999999999999371,124.0999999999993690,3.5310947895050049
8.1999999999999371,124.1999999999993634,2.9850933551788330
8.1999999999999371,124.2999999999993577,2.5463180541992188
8.1999999999999371,124.3999999999993520,2.2661352157592773
8.1999999999999371,124.4999999999993463,2.2083580493927002
8.1999999999999371,124.5999999999993406,2.1944589614868164
8.1999999999999371,124.6999999999993349,1.7630831003189087
8.1999999999999371,124.7999999999993292,1.3296843767166138
8.1999999999999371,124.8999999999993236,1.1266313791275024
8.1999999999999371,124.9999999999993179,1.3457907438278198
8.1999999999999371,125.0999999999993122,1.8746811151504517
8.1999999999999371,125.1999999999993065,2.3258509635925293
8.1999999999999371,125.2999999999993008,2.2272496223449707
8.1999999999999371,125.3999999999992951,2.2090682983398438
8.1999999999999371,125.4999999999992895,2.1891272068023682
8.1999999999999371,125.5999999999992838,2.3254010677337646
8.1999999999999371,125.6999999999992781,2.4738578796386719
8.1999999999999371,125.7999999999992724,2.3489396572113037
8.1999999999999371,125.8999999999992667,2.1502840518951416
8.1999999999999371,125.9999999999992610,2.0434126853942871
8.1999999999999371,126.0999999999992554,1.8978235721588135
8.1999999999999371,126.1999999999992497,1.7182623147964478
8.1999999999999371,126.2999999999992440,2.0102748870849609
8.1999999999999371,126.3999999999992383,3.1054017543792725
8.0999999999999375,116.9999999999997726,12.5893745422363281
8.0999999999999375,122.7999999999994429,3.7518198490142822
8.0999999999999375,122.8999999999994373,3.4999415874481201
8.0999999999999375,122.9999999999994316,3.0390806198120117
8.0999999999999375,123.0999999999994259,2.5204131603240967
8.0999999999999375,123.1999999999994202,2.1062953472137451
8.0999999999999375,123.2999999999994145,2.1288919448852539
8.0999999999999375,123.3999999999994088,2.3620345592498779
8.0999999999999375,123.4999999999994031,2.4662475585937500
8.0999999999999375,123.5999999999993975,2.4569625854492188
8.0999999999999375,123.6999999999993918,2.5818817615509033
8.0999999999999375,123.7999999999993861,2.7700567245483398
8.0999999999999375,123.9999999999993747,3.3120198249816895
8.0999999999999375,124.0999999999993690,3.1946671009063721
8.0999999999999375,124.1999999999993634,2.9206779003143311
8.0999999999999375,124.2999999999993577,2.5750796794891357
8.0999999999999375,124.3999999999993520,2.0665214061737061
8.0999999999999375,124.4999999999993463,1.8102856874465942
8.0999999999999375,124.5999999999993406,1.5367324352264404
8.0999999999999375,124.6999999999993349,1.3111239671707153
8.0999999999999375,124.7999999999993292,1.3154183626174927
8.0999999999999375,124.8999999999993236,1.3453366756439209
8.0999999999999375,124.9999999999993179,1.7100263833999634
8.0999999999999375,125.0999999999993122,2.3643875122070312
8.0999999999999375,125.1999999999993065,2.6245362758636475
8.0999999999999375,125.2999999999993008,2.4305889606475830
8.0999999999999375,125.3999999999992951,2.4334502220153809
8.0999999999999375,125.4999999999992895,2.3635094165802002
8.0999999999999375,125.5999999999992838,2.4412720203399658
8.0999999999999375,125.6999999999992781,2.7104771137237549
8.0999999999999375,125.7999999999992724,2.4423346519470215
8.0999999999999375,125.8999999999992667,2.1384613513946533
8.0999999999999375,125.9999999999992610,2.1403553485870361
8.0999999999999375,126.0999999999992554,1.8460754156112671
8.0999999999999375,126.1999999999992497,1.4699251651763916
8.0999999999999375,126.2999999999992440,1.8520566225051880
8.0999999999999375,126.3999999999992383,3.4915766716003418
7.9999999999999378,116.9999999999997726,12.5221128463745117
7.9999999999999378,122.2999999999994714,4.8889327049255371
7.9999999999999378,122.3999999999994657,4.2287383079528809
7.9999999999999378,122.4999999999994600,3.9194951057434082
7.9999999999999378,122.5999999999994543,4.0035924911499023
7.9999999999999378,122.6999999999994486,3.5161094665527344
7.9999999999999378,122.7999999999994429,3.2954514026641846
7.9999999999999378,122.8999999999994373,3.0795705318450928
7.9999999999999378,122.9999999999994316,2.6720781326293945
7.9999999999999378,123.0999999999994259,2.3139753341674805
7.9999999999999378,123.1999999999994202,2.1193611621856689
7.9999999999999378,123.2999999999994145,2.3836970329284668
7.9999999999999378,123.3999999999994088,2.7111673355102539
7.9999999999999378,123.4999999999994031,2.9206523895263672
7.9999999999999378,123.5999999999993975,2.9360933303833008
7.9999999999999378,123.6999999999993918,2.9670515060424805
7.9999999999999378,123.7999999999993861,2.9596233367919922
7.9999999999999378,123.8999999999993804,2.9698877334594727
7.9999999999999378,123.9999999999993747,2.9626443386077881
7.9999999999999378,124.0999999999993690,2.9057297706604004
7.9999999999999378,124.1999999999993634,2.8008773326873779
7.9999999999999378,124.2999999999993577,2.6656522750854492
7.9999999999999378,124.3999999999993520,2.2065246105194092
7.9999999999999378,124.4999999999993463,1.8810755014419556
7.9999999999999378,124.5999999999993406,1.8678424358367920
7.9999999999999378,124.6999999999993349,1.7475059032440186
7.9999999999999378,124.7999999999993292,1.6209307909011841
7.9999999999999378,124.8999999999993236,1.8396633863449097
7.9999999999999378,124.9999999999993179,2.2735269069671631
7.9999999999999378,125.0999999999993122,2.7415943145751953
7.9999999999999378,125.1999999999993065,2.8994050025939941
7.9999999999999378,125.2999999999993008,2.6652956008911133
7.9999999999999378,125.3999999999992951,2.6109325885772705
7.9999999999999378,125.4999999999992895,2.5949184894561768
7.9999999999999378,125.5999999999992838,2.7166082859039307
7.9999999999999378,125.6999999999992781,2.8525373935699463
7.9999999999999378,125.7999999999992724,2.5583198070526123
7.9999999999999378,125.8999999999992667,2.1756858825683594
7.9999999999999378,125.9999999999992610,2.1773321628570557
7.9999999999999378,126.0999999999992554,1.7140176296234131
7.9999999999999378,126.1999999999992497,1.2255084514617920
7.9999999999999378,126.2999999999992440,1.6359351873397827
7.8999999999999382,116.9999999999997726,12.2540235519409180
7.8999999999999382,122.2999999999994714,4.6003079414367676
7.8999999999999382,122.3999999999994657,3.8341794013977051
7.8999999999999382,122.4999999999994600,3.6455199718475342
7.8999999999999382,122.5999999999994543,4.0400261878967285
7.8999999999999382,122.6999999999994486,3.6809663772583008
7.8999999999999382,122.7999999999994429,3.4259471893310547
7.8999999999999382,122.8999999999994373,3.1647613048553467
7.8999999999999382,122.9999999999994316,2.8613219261169434
7.8999999999999382,123.0999999999994259,2.5463454723358154
7.8999999999999382,123.1999999999994202,2.3681652545928955
7.8999999999999382,123.2999999999994145,2.9182517528533936
7.8999999999999382,123.3999999999994088,3.5349781513214111
7.8999999999999382,123.4999999999994031,3.8857531547546387
7.8999999999999382,123.5999999999993975,3.9342722892761230
7.8999999999999382,123.6999999999993918,4.0898375511169434
7.8999999999999382,123.7999999999993861,3.8780477046966553
7.8999999999999382,123.8999999999993804,3.4417257308959961
7.8999999999999382,123.9999999999993747,3.0101244449615479
7.8999999999999382,124.0999999999993690,2.7471740245819092
7.8999999999999382,124.1999999999993634,2.5818581581115723
7.8999999999999382,124.2999999999993577,2.4217236042022705
7.8999999999999382,124.3999999999993520,2.2760951519012451
7.8999999999999382,124.4999999999993463,2.1679933071136475
7.8999999999999382,124.5999999999993406,2.0596065521240234
7.8999999999999382,124.6999999999993349,2.0001327991485596
7.8999999999999382,124.7999999999993292,2.0202813148498535
7.8999999999999382,124.8999999999993236,2.1608211994171143
7.8999999999999382,124.9999999999993179,2.4709570407867432
7.8999999999999382,125.0999999999993122,2.8530018329620361
7.8999999999999382,125.1999999999993065,2.9884538650512695
7.8999999999999382,125.2999999999993008,2.7164168357849121
7.8999999999999382,125.3999999999992951,2.6373109817504883
7.8999999999999382,125.4999999999992895,2.6417489051818848
7.8999999999999382,125.5999999999992838,2.7313678264617920
7.8999999999999382,125.6999999999992781,2.9058332443237305
7.8999999999999382,125.7999999999992724,2.5907490253448486
7.8999999999999382,125.8999999999992667,2.2557983398437500
7.8999999999999382,125.9999999999992610,2.1636512279510498
7.8999999999999382,126.0999999999992554,1.5262167453765869
7.8999999999999382,126.1999999999992497,1.2924256324768066
7.8999999999999382,126.2999999999992440,1.6864155530929565
7.7999999999999385,122.0999999999994827,7.5830531120300293
7.7999999999999385,122.1999999999994770,5.9777302742004395
7.7999999999999385,122.2999999999994714,4.4113082885742188
7.7999999999999385,122.3999999999994657,3.5897524356842041
7.7999999999999385,122.4999999999994600,3.6233861446380615
7.7999999999999385,122.5999999999994543,4.4166498184204102
7.7999999999999385,122.6999999999994486,4.0276885032653809
7.7999999999999385,122.7999999999994429,3.6413264274597168
7.7999999999999385,122.8999999999994373,3.3359684944152832
7.7999999999999385,122.9999999999994316,3.1378188133239746
7.7999999999999385,123.0999999999994259,2.9633791446685791
7.7999999999999385,123.1999999999994202,2.8774609565734863
7.7999999999999385,123.2999999999994145,3.5425744056701660
7.7999999999999385,123.3999999999994088,4.5447788238525391
7.7999999999999385,123.6999999999993918,4.8503637313842773
7.7999999999999385,123.7999999999993861,4.9443211555480957
7.7999999999999385,123.8999999999993804,4.1018757820129395
7.7999999999999385,123.9999999999993747,3.3441681861877441
7.7999999999999385,124.0999999999993690,3.0181920528411865
7.7999999999999385,124.1999999999993634,2.7370491027832031
7.7999999999999385,124.2999999999993577,2.4802277088165283
7.7999999999999385,124.3999999999993520,2.4648742675781250
7.7999999999999385,124.4999999999993463,2.5321702957153320
7.7999999999999385,124.5999999999993406,2.6081652641296387
7.7999999999999385,124.6999999999993349,2.5593137741088867
7.7999999999999385,124.7999999999993292,2.5848577022552490
7.7999999999999385,124.8999999999993236,2.6193461418151855
7.7999999999999385,124.9999999999993179,2.6703507900238037
7.7999999999999385,125.0999999999993122,2.9937441349029541
7.7999999999999385,125.1999999999993065,3.1749353408813477
7.7999999999999385,125.2999999999993008,2.9347026348114014
7.7999999999999385,125.3999999999992951,2.7132122516632080
7.7999999999999385,125.4999999999992895,2.6458432674407959
7.7999999999999385,125.5999999999992838,2.7011940479278564
7.7999999999999385,125.6999999999992781,2.8422675132751465
7.7999999999999385,125.7999999999992724,2.5870456695556641
7.7999999999999385,125.8999999999992667,2.3285694122314453
7.7999999999999385,125.9999999999992610,2.2451531887054443
7.7999999999999385,126.0999999999992554,1.6730383634567261
7.7999999999999385,126.1999999999992497,1.3899356126785278
7.7999999999999385,126.2999999999992440,1.6344497203826904
7.7999999999999385,126.3999999999992383,2.8302943706512451
7.6999999999999389,122.1999999999994770,6.2281899452209473
7.6999999999999389,122.2999999999994714,4.5481519699096680
7.6999999999999389,122.3999999999994657,3.7628388404846191
7.6999999999999389,122.4999999999994600,3.7101180553436279
7.6999999999999389,122.8999999999994373,3.5668532848358154
7.6999999999999389,122.9999999999994316,3.4896945953369141
7.6999999999999389,123.0999999999994259,3.4787478446960449
7.6999999999999389,123.1999999999994202,3.6159007549285889
7.6999999999999389,123.2999999999994145,4.1789312362670898
7.6999999999999389,123.3999999999994088,5.3145427703857422
7.6999999999999389,123.4999999999994031,6.1226339340209961
7.6999999999999389,123.8999999999993804,4.3665366172790527
7.6999999999999389,123.9999999999993747,3.9389693737030029
7.6999999999999389,124.0999999999993690,3.4515974521636963
7.6999999999999389,124.1999999999993634,3.0053384304046631
7.6999999999999389,124.2999999999993577,2.5725970268249512
7.6999999999999389,124.3999999999993520,2.5758223533630371
7.6999999999999389,124.4999999999993463,2.6799054145812988
7.6999999999999389,124.5999999999993406,2.7663879394531250
7.6999999999999389,124.6999999999993349,2.7384853363037109
7.6999999999999389,124.7999999999993292,2.7329330444335938
7.6999999999999389,124.8999999999993236,2.6731450557708740
7.6999999999999389,124.9999999999993179,2.7221169471740723
7.6999999999999389,125.0999999999993122,3.0010378360748291
7.6999999999999389,125.1999999999993065,3.2124300003051758
7.6999999999999389,125.2999999999993008,3.0212321281433105
7.6999999999999389,125.3999999999992951,2.8770241737365723
7.6999999999999389,125.4999999999992895,2.7944061756134033
7.6999999999999389,125.5999999999992838,2.8497557640075684
7.6999999999999389,125.6999999999992781,3.0202939510345459
7.6999999999999389,125.7999999999992724,2.6591808795928955
7.6999999999999389,125.8999999999992667,2.3994109630584717
7.6999999999999389,125.9999999999992610,2.3367619514465332
7.6999999999999389,126.0999999999992554,1.6967972517013550
7.6999999999999389,126.1999999999992497,1.3726637363433838
7.6999999999999389,126.2999999999992440,1.5639604330062866
7.6999999999999389,126.3999999999992383,2.6197893619537354
7.6999999999999389,126.4999999999992326,4.5788288116455078
7.5999999999999392,122.1999999999994770,6.2893795967102051
7.5999999999999392,122.2999999999994714,4.8440709114074707
7.5999999999999392,122.3999999999994657,4.2258954048156738
7.5999999999999392,122.8999999999994373,3.8472647666931152
7.5999999999999392,122.9999999999994316,3.8666923046112061
7.5999999999999392,123.1999999999994202,4.4548916816711426
7.5999999999999392,123.2999999999994145,4.8651461601257324
7.5999999999999392,123.3999999999994088,5.2515816688537598
7.5999999999999392,124.0999999999993690,4.0618100166320801
7.5999999999999392,124.1999999999993634,3.3964238166809082
7.5999999999999392,124.2999999999993577,2.7264323234558105
7.5999999999999392,124.3999999999993520,2.4015393257141113
7.5999999999999392,124.4999999999993463,2.1869764328002930
7.5999999999999392,124.5999999999993406,2.0953555107116699
7.5999999999999392,124.6999999999993349,2.1355681419372559
7.5999999999999392,124.7999999999993292,2.2013256549835205
7.5999999999999392,124.8999999999993236,2.2727212905883789
7.5999999999999392,124.9999999999993179,2.3271796703338623
7.5999999999999392,125.0999999999993122,2.5713813304901123
7.5999999999999392,125.1999999999993065,2.7500684261322021
7.5999999999999392,125.2999999999993008,2.7575240135192871
7.5999999999999392,125.3999999999992951,2.8478479385375977
7.5999999999999392,125.4999999999992895,3.0033118724822998
7.5999999999999392,125.5999999999992838,3.2396743297576904
7.5999999999999392,125.6999999999992781,3.4713463783264160
7.5999999999999392,125.7999999999992724,2.9930677413940430
7.5999999999999392,125.8999999999992667,2.4465823173522949
7.5999999999999392,125.9999999999992610,2.1578795909881592
7.5999999999999392,126.0999999999992554,1.6852850914001465
7.5999999999999392,126.1999999999992497,1.2438222169876099
7.5999999999999392,126.2999999999992440,1.2142295837402344
7.5999999999999392,126.3999999999992383,2.4418628215789795
7.5999999999999392,126.4999999999992326,4.1334671974182129
7.4999999999999396,122.0999999999994827,7.7595734596252441
7.4999999999999396,122.1999999999994770,6.3663892745971680
7.4999999999999396,122.2999999999994714,5.1442608833312988
7.4999999999999396,123.2999999999994145,5.6092000007629395
7.4999999999999396,123.3999999999994088,5.9800906181335449
7.4999999999999396,124.1999999999993634,3.7936174869537354
7.4999999999999396,124.2999999999993577,2.9008591175079346
7.4999999999999396,124.3999999999993520,2.4393582344055176
7.4999999999999396,124.4999999999993463,2.0770699977874756
7.4999999999999396,124.5999999999993406,1.7096487283706665
7.4999999999999396,124.6999999999993349,1.6936013698577881
7.4999999999999396,124.7999999999993292,1.9848016500473022
7.4999999999999396,124.8999999999993236,2.1797716617584229
7.4999999999999396,124.9999999999993179,2.1088433265686035
7.4999999999999396,125.0999999999993122,2.2028160095214844
7.4999999999999396,125.1999999999993065,2.2878518104553223
7.4999999999999396,125.2999999999993008,2.4635021686553955
7.4999999999999396,125.3999999999992951,2.8378338813781738
7.4999999999999396,125.4999999999992895,3.2479643821716309
7.4999999999999396,125.5999999999992838,3.6208462715148926
7.4999999999999396,125.6999999999992781,3.9098408222198486
7.4999999999999396,125.7999999999992724,3.3494699001312256
7.4999999999999396,125.8999999999992667,2.5903496742248535
7.4999999999999396,125.9999999999992610,2.1523518562316895
7.4999999999999396,126.0999999999992554,1.7485172748565674
7.4999999999999396,126.1999999999992497,1.4780589342117310
7.4999999999999396,126.2999999999992440,1.3313418626785278
7.4999999999999396,126.3999999999992383,2.4918649196624756
7.4999999999999396,126.4999999999992326,3.8602318763732910
7.4999999999999396,126.5999999999992269,5.2177581787109375
7.3999999999999400,122.0999999999994827,7.0754241943359375
7.3999999999999400,122.1999999999994770,6.1279993057250977
7.3999999999999400,122.2999999999994714,5.3831138610839844
7.3999999999999400,122.7999999999994429,5.4570879936218262
7.3999999999999400,123.3999999999994088,6.3420186042785645
7.3999999999999400,124.1999999999993634,3.8497512340545654
7.3999999999999400,124.2999999999993577,3.0827767848968506
7.3999999999999400,124.3999999999993520,2.6065535545349121
7.3999999999999400,124.4999999999993463,2.1781153678894043
7.3999999999999400,124.5999999999993406,1.7831053733825684
7.3999999999999400,124.6999999999993349,1.6736010313034058
7.3999999999999400,124.7999999999993292,1.7965825796127319
7.3999999999999400,124.8999999999993236,2.1347956657409668
7.3999999999999400,124.9999999999993179,1.9433034658432007
7.3999999999999400,125.0999999999993122,1.9680978059768677
7.3999999999999400,125.1999999999993065,1.8529603481292725
7.3999999999999400,125.2999999999993008,2.1658613681793213
7.3999999999999400,125.3999999999992951,2.7093806266784668
7.3999999999999400,125.4999999999992895,3.3195774555206299
7.3999999999999400,125.5999999999992838,3.9195885658264160
7.3999999999999400,125.6999999999992781,4.4568367004394531
7.3999999999999400,125.7999999999992724,3.6712269783020020
7.3999999999999400,125.8999999999992667,2.8124322891235352
7.3999999999999400,125.9999999999992610,2.0627188682556152
7.3999999999999400,126.0999999999992554,1.6890048980712891
7.3999999999999400,126.1999999999992497,1.6071542501449585
7.3999999999999400,126.2999999999992440,1.7961510419845581
7.3999999999999400,126.3999999999992383,2.8202261924743652
7.3999999999999400,126.4999999999992326,4.1442880630493164
7.2999999999999403,116.8999999999997783,11.3026208877563477
7.2999999999999403,117.0999999999997669,11.6001968383789062
7.2999999999999403,117.1999999999997613,11.4719085693359375
7.2999999999999403,122.0999999999994827,5.8232192993164062
7.2999999999999403,122.1999999999994770,5.5712056159973145
7.2999999999999403,124.1999999999993634,3.8430929183959961
7.2999999999999403,124.2999999999993577,3.1204724311828613
7.2999999999999403,124.3999999999993520,2.6549768447875977
7.2999999999999403,124.4999999999993463,2.2723064422607422
7.2999999999999403,124.5999999999993406,1.9147399663925171
7.2999999999999403,124.6999999999993349,1.7949936389923096
7.2999999999999403,124.7999999999993292,1.7616225481033325
7.2999999999999403,124.8999999999993236,1.9694966077804565
7.2999999999999403,124.9999999999993179,1.7739356756210327
7.2999999999999403,125.0999999999993122,1.7920980453491211
7.2999999999999403,125.1999999999993065,1.5301870107650757
7.2999999999999403,125.2999999999993008,1.8497797250747681
7.2999999999999403,125.3999999999992951,2.4046287536621094
7.2999999999999403,125.4999999999992895,3.2200284004211426
7.2999999999999403,125.5999999999992838,4.1055550575256348
7.2999999999999403,125.6999999999992781,4.7873001098632812
7.2999999999999403,125.8999999999992667,3.2535896301269531
7.2999999999999403,125.9999999999992610,2.3067741394042969
7.2999999999999403,126.0999999999992554,1.9293334484100342
7.2999999999999403,126.1999999999992497,1.6285500526428223
7.2999999999999403,126.2999999999992440,1.9940929412841797
7.2999999999999403,126.3999999999992383,3.4412097930908203
7.2999999999999403,126.4999999999992326,4.9277014732360840
7.2999999999999403,126.5999999999992269,6.3832221031188965
7.1999999999999407,117.0999999999997669,11.8755283355712891
7.1999999999999407,117.1999999999997613,11.7008047103881836
7.1999999999999407,121.9999999999994884,5.2944555282592773
7.1999999999999407,122.0999999999994827,4.7932753562927246
7.1999999999999407,122.1999999999994770,5.0251359939575195
7.1999999999999407,124.1999999999993634,4.1169800758361816
7.1999999999999407,124.2999999999993577,3.1951310634613037
7.1999999999999407,124.3999999999993520,2.6961524486541748
7.1999999999999407,124.4999999999993463,2.3811902999877930
7.1999999999999407,124.5999999999993406,2.1309711933135986
7.1999999999999407,124.6999999999993349,1.9161642789840698
7.1999999999999407,124.7999999999993292,1.9250079393386841
7.1999999999999407,124.8999999999993236,1.8803719282150269
7.1999999999999407,124.9999999999993179,1.6876755952835083
7.1999999999999407,125.0999999999993122,1.7358983755111694
7.1999999999999407,125.1999999999993065,1.3513822555541992
7.1999999999999407,125.2999999999993008,1.5547248125076294
7.1999999999999407,125.3999999999992951,2.1104917526245117
7.1999999999999407,125.4999999999992895,3.2043635845184326
7.1999999999999407,125.5999999999992838,4.6652975082397461
7.1999999999999407,125.9999999999992610,2.8422796726226807
7.1999999999999407,126.0999999999992554,2.4734163284301758
7.1999999999999407,126.1999999999992497,2.2876360416412354
7.1999999999999407,126.2999999999992440,2.7476584911346436
7.1999999999999407,126.3999999999992383,4.3025417327880859
7.1999999999999407,126.4999999999992326,6.0469541549682617
7.0999999999999410,121.9999999999994884,5.6416463851928711
7.0999999999999410,122.0999999999994827,5.2390570640563965
7.0999999999999410,122.1999999999994770,5.2508001327514648
7.0999999999999410,124.0999999999993690,4.7919287681579590
7.0999999999999410,124.1999999999993634,3.7373681068420410
7.0999999999999410,124.2999999999993577,2.7768867015838623
7.0999999999999410,124.3999999999993520,2.3549313545227051
7.0999999999999410,124.4999999999993463,2.0978934764862061
7.0999999999999410,124.5999999999993406,1.9534478187561035
7.0999999999999410,124.6999999999993349,1.8725708723068237
7.0999999999999410,124.7999999999993292,1.8919845819473267
7.0999999999999410,124.8999999999993236,1.8486630916595459
7.0999999999999410,124.9999999999993179,1.6489031314849854
7.0999999999999410,125.0999999999993122,1.7040289640426636
7.0999999999999410,125.1999999999993065,1.3106155395507812
7.0999999999999410,125.2999999999993008,1.2986856698989868
7.0999999999999410,125.3999999999992951,1.8250312805175781
7.0999999999999410,125.4999999999992895,3.2098393440246582
7.0999999999999410,125.5999999999992838,4.7525568008422852
7.0999999999999410,125.6999999999992781,6.5362825393676758
7.0999999999999410,125.8999999999992667,4.3735890388488770
7.0999999999999410,125.9999999999992610,3.6514558792114258
7.0999999999999410,126.0999999999992554,3.2933912277221680
7.0999999999999410,126.1999999999992497,3.1233153343200684
7.0999999999999410,126.2999999999992440,3.6517403125762939
7.0999999999999410,126.3999999999992383,5.2388787269592285
6.9999999999999414,117.0999999999997669,10.5835714340209961
6.9999999999999414,121.9999999999994884,6.8989467620849609
6.9999999999999414,122.0999999999994827,6.6947169303894043
6.9999999999999414,122.1999999999994770,7.2370691299438477
6.9999999999999414,123.9999999999993747,5.1658444404602051
6.9999999999999414,124.0999999999993690,4.3412456512451172
6.9999999999999414,124.1999999999993634,3.2203981876373291
6.9999999999999414,124.2999999999993577,2.2166955471038818
6.9999999999999414,124.3999999999993520,1.8301444053649902
6.9999999999999414,124.4999999999993463,1.7575581073760986
6.9999999999999414,124.5999999999993406,1.7670210599899292
6.9999999999999414,124.6999999999993349,1.7955560684204102
6.9999999999999414,124.7999999999993292,1.8238174915313721
6.9999999999999414,124.8999999999993236,1.7719767093658447
6.9999999999999414,124.9999999999993179,1.5574314594268799
6.9999999999999414,125.0999999999993122,1.5221449136734009
6.9999999999999414,125.1999999999993065,1.2839890718460083
6.9999999999999414,125.2999999999993008,1.3182376623153687
6.9999999999999414,125.3999999999992951,1.6270503997802734
6.9999999999999414,125.4999999999992895,2.5157432556152344
6.9999999999999414,125.7999999999992724,6.4903759956359863
6.9999999999999414,125.9999999999992610,4.5300416946411133
6.9999999999999414,126.0999999999992554,4.2376513481140137
6.9999999999999414,126.1999999999992497,4.1461334228515625
6.9999999999999414,126.2999999999992440,5.1147780418395996
6.8999999999999417,116.6999999999997897,7.1874499320983887
6.8999999999999417,116.7999999999997840,7.8268084526062012
6.8999999999999417,117.0999999999997669,9.6987571716308594
6.8999999999999417,117.1999999999997613,9.9980001449584961
6.8999999999999417,122.0999999999994827,7.7108473777770996
6.8999999999999417,123.9999999999993747,5.3620281219482422
6.8999999999999417,124.0999999999993690,4.2632160186767578
6.8999999999999417,124.1999999999993634,3.1401753425598145
6.8999999999999417,124.2999999999993577,2.0846557617187500
6.8999999999999417,124.3999999999993520,1.7127616405487061
6.8999999999999417,124.4999999999993463,1.6384570598602295
6.8999999999999417,124.5999999999993406,1.7100061178207397
6.8999999999999417,124.6999999999993349,1.7699818611145020
6.8999999999999417,124.7999999999993292,1.8252608776092529
6.8999999999999417,124.8999999999993236,1.7920339107513428
6.8999999999999417,124.9999999999993179,1.5375480651855469
6.8999999999999417,125.0999999999993122,1.5330075025558472
6.8999999999999417,125.1999999999993065,1.2670876979827881
6.8999999999999417,125.2999999999993008,1.3651767969131470
6.8999999999999417,125.3999999999992951,1.5397869348526001
6.8999999999999417,126.0999999999992554,5.1658487319946289
6.8999999999999417,126.2999999999992440,6.4837641716003418
6.7999999999999421,124.0999999999993690,4.8351373672485352
6.7999999999999421,124.1999999999993634,3.5342516899108887
6.7999999999999421,124.2999999999993577,2.2998137474060059
6.7999999999999421,124.3999999999993520,1.7842117547988892
6.7999999999999421,124.4999999999993463,1.5415533781051636
6.7999999999999421,124.5999999999993406,1.4997004270553589
6.7999999999999421,124.6999999999993349,1.5490492582321167
6.7999999999999421,124.7999999999993292,1.5987163782119751
6.7999999999999421,124.8999999999993236,1.6003744602203369
6.7999999999999421,124.9999999999993179,1.6474751234054565
6.7999999999999421,125.0999999999993122,1.7309725284576416
6.7999999999999421,125.1999999999993065,1.4050366878509521
6.7999999999999421,125.2999999999993008,1.4186859130859375
6.7999999999999421,125.3999999999992951,1.5997072458267212
6.7999999999999421,126.0999999999992554,6.2926626205444336
6.7999999999999421,126.1999999999992497,6.5302166938781738
6.6999999999999424,121.9999999999994884,6.2708315849304199
6.6999999999999424,122.0999999999994827,6.1759562492370605
6.6999999999999424,124.0999999999993690,5.6199932098388672
6.6999999999999424,124.1999999999993634,4.1134777069091797
6.6999999999999424,124.2999999999993577,2.6681165695190430
6.6999999999999424,124.3999999999993520,1.9576495885848999
6.6999999999999424,124.4999999999993463,1.5116844177246094
6.6999999999999424,124.5999999999993406,1.2481548786163330
6.6999999999999424,124.6999999999993349,1.2836414575576782
6.6999999999999424,124.7999999999993292,1.5147317647933960
6.6999999999999424,124.8999999999993236,1.7319418191909790
6.6999999999999424,124.9999999999993179,1.8395932912826538
6.6999999999999424,125.0999999999993122,1.9886268377304077
6.6999999999999424,125.1999999999993065,1.7904400825500488
6.6999999999999424,125.2999999999993008,1.5784118175506592
6.6999999999999424,126.0999999999992554,7.4977536201477051
6.6999999999999424,126.1999999999992497,7.8647060394287109
6.5999999999999428,121.8999999999994941,6.5115327835083008
6.5999999999999428,121.9999999999994884,5.6700773239135742
6.5999999999999428,122.0999999999994827,5.4223494529724121
6.5999999999999428,122.1999999999994770,6.1884889602661133
6.5999999999999428,124.0999999999993690,6.2227883338928223
6.5999999999999428,124.1999999999993634,4.5573544502258301
6.5999999999999428,124.2999999999993577,2.9527134895324707
6.5999999999999428,124.3999999999993520,2.1512639522552490
6.5999999999999428,124.4999999999993463,1.5445755720138550
6.5999999999999428,124.5999999999993406,1.1167763471603394
6.5999999999999428,124.6999999999993349,1.2873970270156860
6.5999999999999428,124.7999999999993292,1.6008688211441040
6.5999999999999428,124.8999999999993236,1.8695254325866699
6.5999999999999428,124.9999999999993179,2.0388405323028564
6.5999999999999428,125.0999999999993122,2.2466807365417480
6.5999999999999428,125.1999999999993065,2.1582822799682617
6.5999999999999428,125.2999999999993008,1.6795884370803833
6.5999999999999428,126.0999999999992554,8.9945049285888672
6.5999999999999428,126.1999999999992497,8.9794425964355469
6.4999999999999432,121.9999999999994884,6.0412254333496094
6.4999999999999432,122.0999999999994827,5.9037928581237793
6.4999999999999432,122.1999999999994770,6.3602628707885742
6.4999999999999432,124.0999999999993690,6.1256017684936523
6.4999999999999432,124.1999999999993634,4.5602469444274902
6.4999999999999432,124.2999999999993577,3.1265683174133301
6.4999999999999432,124.3999999999993520,2.3399837017059326
6.4999999999999432,124.4999999999993463,1.7852725982666016
6.4999999999999432,124.5999999999993406,1.3543330430984497
6.4999999999999432,124.6999999999993349,1.4997998476028442
6.4999999999999432,124.7999999999993292,1.7193611860275269
6.4999999999999432,124.8999999999993236,1.9248394966125488
6.4999999999999432,124.9999999999993179,2.1293656826019287
6.4999999999999432,125.0999999999993122,2.3761413097381592
6.4999999999999432,125.1999999999993065,2.4141662120819092
6.4999999999999432,125.2999999999993008,2.1617839336395264
6.4999999999999432,125.3999999999992951,2.0299165248870850
6.4999999999999432,125.4999999999992895,2.6932148933410645
6.4999999999999432,125.5999999999992838,3.3867492675781250
6.4999999999999432,126.1999999999992497,9.1972923278808594
6.3999999999999435,121.9999999999994884,6.5193080902099609
6.3999999999999435,124.0999999999993690,5.7626729011535645
6.3999999999999435,124.1999999999993634,4.4724030494689941
6.3999999999999435,124.2999999999993577,3.1058480739593506
6.3999999999999435,124.3999999999993520,2.5238025188446045
6.3999999999999435,124.4999999999993463,2.1253464221954346
6.3999999999999435,124.5999999999993406,1.7873736619949341
6.3999999999999435,124.6999999999993349,1.8082146644592285
6.3999999999999435,124.7999999999993292,1.8607944250106812
6.3999999999999435,124.8999999999993236,1.9801288843154907
6.3999999999999435,124.9999999999993179,2.2194833755493164
6.3999999999999435,125.0999999999993122,2.5093739032745361
6.3999999999999435,125.1999999999993065,2.6722280979156494
6.3999999999999435,125.2999999999993008,2.6399059295654297
6.3999999999999435,125.3999999999992951,2.6793746948242188
6.3999999999999435,125.4999999999992895,3.2384450435638428
6.2999999999999439,120.5999999999995680,8.3126707077026367
6.2999999999999439,124.1999999999993634,4.4923696517944336
6.2999999999999439,124.2999999999993577,3.3622930049896240
6.2999999999999439,124.3999999999993520,2.7752075195312500
6.2999999999999439,124.4999999999993463,2.4063479900360107
6.2999999999999439,124.5999999999993406,2.1168444156646729
6.2999999999999439,124.6999999999993349,2.0359678268432617
6.2999999999999439,124.7999999999993292,1.9979265928268433
6.2999999999999439,124.8999999999993236,2.0432701110839844
6.2999999999999439,124.9999999999993179,2.3507025241851807
6.2999999999999439,125.0999999999993122,2.7085187435150146
6.2999999999999439,125.1999999999993065,2.9600548744201660
6.2999999999999439,125.2999999999993008,3.0396163463592529
6.2999999999999439,125.3999999999992951,3.1181263923645020
6.2999999999999439,125.4999999999992895,3.8628239631652832
6.2999999999999439,125.5999999999992838,5.3560223579406738
6.1999999999999442,124.2999999999993577,3.6869916915893555
6.1999999999999442,124.3999999999993520,3.1985893249511719
6.1999999999999442,124.4999999999993463,2.5855967998504639
6.1999999999999442,124.5999999999993406,2.0653402805328369
6.1999999999999442,124.6999999999993349,2.0045154094696045
6.1999999999999442,124.7999999999993292,1.9820607900619507
6.1999999999999442,124.8999999999993236,2.0727386474609375
6.1999999999999442,124.9999999999993179,2.5162413120269775
6.1999999999999442,125.0999999999993122,3.0196354389190674
6.1999999999999442,125.1999999999993065,3.2795653343200684
6.1999999999999442,125.2999999999993008,3.2142391204833984
6.1999999999999442,125.3999999999992951,3.1775949001312256
6.1999999999999442,125.4999999999992895,4.0016279220581055
6.1999999999999442,125.5999999999992838,5.4676642417907715
6.1999999999999442,125.6999999999992781,6.5670857429504395
6.0999999999999446,120.9999999999995453,8.3113927841186523
6.0999999999999446,121.0999999999995396,8.2817640304565430
6.0999999999999446,124.4999999999993463,3.0389895439147949
6.0999999999999446,124.5999999999993406,2.3340909481048584
6.0999999999999446,124.6999999999993349,2.0252790451049805
6.0999999999999446,124.7999999999993292,1.9736633300781250
6.0999999999999446,124.8999999999993236,2.1249074935913086
6.0999999999999446,124.9999999999993179,2.6837420463562012
6.0999999999999446,125.0999999999993122,3.2649683952331543
6.0999999999999446,125.2999999999993008,3.3896231651306152
6.0999999999999446,125.3999999999992951,3.2444183826446533
6.0999999999999446,125.4999999999992895,4.1791181564331055
6.0999999999999446,125.5999999999992838,5.8738312721252441
6.0999999999999446,125.6999999999992781,7.4325966835021973
5.9999999999999449,120.8999999999995509,8.3145332336425781
5.9999999999999449,120.9999999999995453,8.2822027206420898
5.9999999999999449,121.0999999999995396,8.2246780395507812
5.9999999999999449,121.3999999999995225,7.5934572219848633
5.9999999999999449,124.5999999999993406,2.9709169864654541
5.9999999999999449,124.6999999999993349,2.7851088047027588
5.9999999999999449,124.7999999999993292,2.8102540969848633
5.9999999999999449,124.8999999999993236,2.8816237449645996
5.9999999999999449,124.9999999999993179,3.3534832000732422
5.9999999999999449,125.0999999999993122,3.9613342285156250
5.9999999999999449,125.3999999999992951,3.3262500762939453
5.9999999999999449,125.4999999999992895,4.3291163444519043
5.9999999999999449,125.5999999999992838,6.1880626678466797
5.8999999999999453,120.8999999999995509,8.2310657501220703
5.8999999999999453,124.7999999999993292,3.9292943477630615
5.8999999999999453,124.8999999999993236,4.8169322013854980
5.8999999999999453,124.9999999999993179,4.9749855995178223
5.8999999999999453,125.0999999999993122,5.0891423225402832
5.8999999999999453,125.1999999999993065,5.2721829414367676
5.8999999999999453,125.2999999999993008,4.3737249374389648
5.8999999999999453,125.3999999999992951,3.7407751083374023
5.8999999999999453,125.4999999999992895,4.5146012306213379
5.8999999999999453,125.5999999999992838,6.3087105751037598
5.7999999999999456,125.2999999999993008,5.4398880004882812
5.7999999999999456,125.3999999999992951,4.4681262969970703
5.7999999999999456,125.4999999999992895,4.9265766143798828
5.6999999999999460,125.2999999999993008,5.9263658523559570
5.6999999999999460,125.3999999999992951,5.3397645950317383
5.5999999999999464,125.2999999999993008,6.6415023803710938
5.5999999999999464,125.3999999999992951,6.2250957489013672
5.3999999999999471,118.8999999999996646,5.0835509300231934
5.3999999999999471,118.9999999999996589,5.9334745407104492
5.3999999999999471,119.0999999999996533,7.2203516960144043
5.3999999999999471,119.1999999999996476,8.2944049835205078
5.2999999999999474,118.8999999999996646,4.4494786262512207
5.2999999999999474,118.9999999999996589,5.4240250587463379
5.2999999999999474,119.0999999999996533,6.7073068618774414
5.2999999999999474,119.1999999999996476,7.8576602935791016
5.2999999999999474,120.1999999999995907,7.9244666099548340
5.1999999999999478,118.8999999999996646,4.1529211997985840
5.1999999999999478,118.9999999999996589,4.9975252151489258
5.1999999999999478,119.0999999999996533,6.3741865158081055
5.1999999999999478,119.1999999999996476,7.7616844177246094
5.1999999999999478,120.1999999999995907,7.9158825874328613
5.0999999999999481,118.8999999999996646,5.0367012023925781
5.0999999999999481,118.9999999999996589,5.6657171249389648
5.0999999999999481,119.7999999999996135,7.8662376403808594
5.0999999999999481,119.8999999999996078,7.7955527305603027
