latitude,longitude,max_wind_speed
19.3999999999999559,121.3999999999995225,5.0833754539489746
19.3999999999999559,121.4999999999995168,4.9700250625610352
18.8999999999999488,121.8999999999994941,4.1121087074279785
18.5999999999999446,120.7999999999995566,3.3126876354217529
18.5999999999999446,120.8999999999995509,3.2922122478485107
18.5999999999999446,121.0999999999995396,2.9242784976959229
18.5999999999999446,121.1999999999995339,2.7790379524230957
18.4999999999999432,120.6999999999995623,2.2501056194305420
18.4999999999999432,120.7999999999995566,2.1653242111206055
18.4999999999999432,120.8999999999995509,2.1814477443695068
18.4999999999999432,120.9999999999995453,2.0500056743621826
18.4999999999999432,121.0999999999995396,1.8402764797210693
18.4999999999999432,121.1999999999995339,1.7313327789306641
18.4999999999999432,121.2999999999995282,1.6900601387023926
18.4999999999999432,122.1999999999994770,3.2189037799835205
18.3999999999999417,120.5999999999995680,1.2905884981155396
18.3999999999999417,120.6999999999995623,1.2163935899734497
18.3999999999999417,120.7999999999995566,1.1869633197784424
18.3999999999999417,120.8999999999995509,1.2138172388076782
18.3999999999999417,120.9999999999995453,1.1015446186065674
18.3999999999999417,121.0999999999995396,0.9438573122024536
18.3999999999999417,121.1999999999995339,0.9626693725585938
18.3999999999999417,121.2999999999995282,1.0549823045730591
18.3999999999999417,121.3999999999995225,1.1288039684295654
18.3999999999999417,121.4999999999995168,1.1774787902832031
18.3999999999999417,121.5999999999995111,1.2196395397186279
18.3999999999999417,122.0999999999994827,2.6820333003997803
18.3999999999999417,122.1999999999994770,2.9142782688140869
18.3999999999999417,122.2999999999994714,3.0304245948791504
18.2999999999999403,120.6999999999995623,1.1032013893127441
18.2999999999999403,120.7999999999995566,1.0608879327774048
18.2999999999999403,120.8999999999995509,1.0272196531295776
18.2999999999999403,120.9999999999995453,0.7940281629562378
18.2999999999999403,121.0999999999995396,0.5962451696395874
18.2999999999999403,121.1999999999995339,0.7266763448715210
18.2999999999999403,121.2999999999995282,0.8444924354553223
18.2999999999999403,121.3999999999995225,0.9174233078956604
18.2999999999999403,121.4999999999995168,0.9636538624763489
18.2999999999999403,121.5999999999995111,0.9826370477676392
18.2999999999999403,121.6999999999995055,1.1203522682189941
18.2999999999999403,122.0999999999994827,2.0819845199584961
18.2999999999999403,122.1999999999994770,2.3324429988861084
18.2999999999999403,122.2999999999994714,2.5465559959411621
18.1999999999999389,120.4999999999995737,1.8117878437042236
18.1999999999999389,120.5999999999995680,1.3978689908981323
18.1999999999999389,120.6999999999995623,1.1963554620742798
18.1999999999999389,120.7999999999995566,1.0749461650848389
18.1999999999999389,120.8999999999995509,0.9434816241264343
18.1999999999999389,120.9999999999995453,0.6020653247833252
18.1999999999999389,121.0999999999995396,0.3100979924201965
18.1999999999999389,121.1999999999995339,0.6379976868629456
18.1999999999999389,121.2999999999995282,0.7717466354370117
18.1999999999999389,121.3999999999995225,0.8041409254074097
18.1999999999999389,121.4999999999995168,0.8259019851684570
18.1999999999999389,121.5999999999995111,0.7544450759887695
18.1999999999999389,121.6999999999995055,0.7748745083808899
18.1999999999999389,121.7999999999994998,0.8837155699729919
18.1999999999999389,121.8999999999994941,1.0223038196563721
18.1999999999999389,121.9999999999994884,1.1875168085098267
18.1999999999999389,122.0999999999994827,1.4238671064376831
18.1999999999999389,122.1999999999994770,1.7289215326309204
18.0999999999999375,120.4999999999995737,2.3337130546569824
18.0999999999999375,120.5999999999995680,1.6345690488815308
18.0999999999999375,120.6999999999995623,1.2670226097106934
18.0999999999999375,120.7999999999995566,1.0673854351043701
18.0999999999999375,120.8999999999995509,0.9133908748626709
18.0999999999999375,120.9999999999995453,0.5015842318534851
18.0999999999999375,121.0999999999995396,0.1362427324056625
18.0999999999999375,121.1999999999995339,0.6940445899963379
18.0999999999999375,121.2999999999995282,0.8004837036132812
18.0999999999999375,121.3999999999995225,0.7862524390220642
18.0999999999999375,121.4999999999995168,0.7522624135017395
18.0999999999999375,121.5999999999995111,0.6756843328475952
18.0999999999999375,121.6999999999995055,0.6287267208099365
18.0999999999999375,121.7999999999994998,0.6366646289825439
18.0999999999999375,121.8999999999994941,0.6709000468254089
18.0999999999999375,121.9999999999994884,0.7427426576614380
18.0999999999999375,122.0999999999994827,0.9139756560325623
18.0999999999999375,122.1999999999994770,1.1165651082992554
17.9999999999999361,120.5999999999995680,1.6104633808135986
17.9999999999999361,120.6999999999995623,1.2017593383789062
17.9999999999999361,120.7999999999995566,1.0317605733871460
17.9999999999999361,120.8999999999995509,0.9114828705787659
17.9999999999999361,120.9999999999995453,0.5405042767524719
17.9999999999999361,121.0999999999995396,0.0574426501989365
17.9999999999999361,121.1999999999995339,0.5937590599060059
17.9999999999999361,121.2999999999995282,0.7133302092552185
17.9999999999999361,121.3999999999995225,0.6864578723907471
17.9999999999999361,121.4999999999995168,0.6528788208961487
17.9999999999999361,121.5999999999995111,0.5964186787605286
17.9999999999999361,121.6999999999995055,0.5813084840774536
17.9999999999999361,121.7999999999994998,0.5902541875839233
17.9999999999999361,121.8999999999994941,0.5703037977218628
17.9999999999999361,121.9999999999994884,0.5714037418365479
17.9999999999999361,122.0999999999994827,0.6638512015342712
17.8999999999999346,120.4999999999995737,2.7246611118316650
17.8999999999999346,120.5999999999995680,1.6257606744766235
17.8999999999999346,120.6999999999995623,1.1470047235488892
17.8999999999999346,120.7999999999995566,1.0172142982482910
17.8999999999999346,120.8999999999995509,0.9572194814682007
17.8999999999999346,120.9999999999995453,0.5931659340858459
17.8999999999999346,121.0999999999995396,0.0249908398836851
17.8999999999999346,121.1999999999995339,0.5375738739967346
17.8999999999999346,121.2999999999995282,0.6278929114341736
17.8999999999999346,121.3999999999995225,0.5945473313331604
17.8999999999999346,121.4999999999995168,0.5627049803733826
17.8999999999999346,121.5999999999995111,0.5393947958946228
17.8999999999999346,121.6999999999995055,0.5544304251670837
17.8999999999999346,121.7999999999994998,0.5799142122268677
17.8999999999999346,121.8999999999994941,0.5302144289016724
17.8999999999999346,121.9999999999994884,0.4832759797573090
17.8999999999999346,122.0999999999994827,0.4640952050685883
17.7999999999999332,120.4999999999995737,2.7491617202758789
17.7999999999999332,120.5999999999995680,1.5871877670288086
17.7999999999999332,120.6999999999995623,1.1403994560241699
17.7999999999999332,120.7999999999995566,1.0444462299346924
17.7999999999999332,120.8999999999995509,0.9975723624229431
17.7999999999999332,120.9999999999995453,0.6559112071990967
17.7999999999999332,121.0999999999995396,0.0963635370135307
17.7999999999999332,121.1999999999995339,0.4306712448596954
17.7999999999999332,121.2999999999995282,0.5466488003730774
17.7999999999999332,121.3999999999995225,0.5132010579109192
17.7999999999999332,121.4999999999995168,0.4958738982677460
17.7999999999999332,121.5999999999995111,0.4838374555110931
17.7999999999999332,121.6999999999995055,0.5139931440353394
17.7999999999999332,121.7999999999994998,0.5573535561561584
17.7999999999999332,121.8999999999994941,0.5208796858787537
17.7999999999999332,121.9999999999994884,0.4778222441673279
17.7999999999999332,122.0999999999994827,0.4071081280708313
17.6999999999999318,120.3999999999995794,3.6130621433258057
17.6999999999999318,120.4999999999995737,2.5875113010406494
17.6999999999999318,120.5999999999995680,1.5679428577423096
17.6999999999999318,120.6999999999995623,1.1639590263366699
17.6999999999999318,120.7999999999995566,1.1069949865341187
17.6999999999999318,120.8999999999995509,1.0720976591110229
17.6999999999999318,120.9999999999995453,0.7272197008132935
17.6999999999999318,121.0999999999995396,0.2389383614063263
17.6999999999999318,121.1999999999995339,0.4401310980319977
17.6999999999999318,121.2999999999995282,0.4865587949752808
17.6999999999999318,121.3999999999995225,0.4438655078411102
17.6999999999999318,121.4999999999995168,0.4287957251071930
17.6999999999999318,121.5999999999995111,0.4144051074981689
17.6999999999999318,121.6999999999995055,0.4440930783748627
17.6999999999999318,121.7999999999994998,0.4928716123104095
17.6999999999999318,121.8999999999994941,0.4797266423702240
17.6999999999999318,121.9999999999994884,0.4649733603000641
17.6999999999999318,122.0999999999994827,0.3895536661148071
17.5999999999999304,120.3999999999995794,3.5210714340209961
17.5999999999999304,120.4999999999995737,2.4636404514312744
17.5999999999999304,120.5999999999995680,1.5404706001281738
17.5999999999999304,120.6999999999995623,1.2059171199798584
17.5999999999999304,120.7999999999995566,1.1671833992004395
17.5999999999999304,120.8999999999995509,1.1444168090820312
17.5999999999999304,120.9999999999995453,0.8256151676177979
17.5999999999999304,121.0999999999995396,0.3909094631671906
17.5999999999999304,121.1999999999995339,0.4103142619132996
17.5999999999999304,121.2999999999995282,0.4548497200012207
17.5999999999999304,121.3999999999995225,0.3866490721702576
17.5999999999999304,121.4999999999995168,0.3722526431083679
17.5999999999999304,121.5999999999995111,0.3499030172824860
17.5999999999999304,121.6999999999995055,0.3824586570262909
17.5999999999999304,121.7999999999994998,0.4379072189331055
17.5999999999999304,121.8999999999994941,0.4426194131374359
17.5999999999999304,121.9999999999994884,0.4534158110618591
17.5999999999999304,122.0999999999994827,0.3748459517955780
17.4999999999999289,120.4999999999995737,2.2729949951171875
17.4999999999999289,120.5999999999995680,1.4976991415023804
17.4999999999999289,120.6999999999995623,1.2179886102676392
17.4999999999999289,120.7999999999995566,1.2008221149444580
17.4999999999999289,120.8999999999995509,1.1833915710449219
17.4999999999999289,120.9999999999995453,0.8600789308547974
17.4999999999999289,121.0999999999995396,0.4535995423793793
17.4999999999999289,121.1999999999995339,0.5333916544914246
17.4999999999999289,121.2999999999995282,0.5222622156143188
17.4999999999999289,121.3999999999995225,0.4313445985317230
17.4999999999999289,121.4999999999995168,0.3658038079738617
17.4999999999999289,121.5999999999995111,0.3487284481525421
17.4999999999999289,121.6999999999995055,0.3750769197940826
17.4999999999999289,121.7999999999994998,0.4070315659046173
17.4999999999999289,121.8999999999994941,0.4126774668693542
17.4999999999999289,121.9999999999994884,0.4397257864475250
17.4999999999999289,122.0999999999994827,0.3955494165420532
17.3999999999999275,120.4999999999995737,2.0375320911407471
17.3999999999999275,120.5999999999995680,1.4316601753234863
17.3999999999999275,120.6999999999995623,1.2518128156661987
17.3999999999999275,120.7999999999995566,1.2160727977752686
17.3999999999999275,120.8999999999995509,1.1819204092025757
17.3999999999999275,120.9999999999995453,0.8545253276824951
17.3999999999999275,121.0999999999995396,0.4705675542354584
17.3999999999999275,121.1999999999995339,0.5695073008537292
17.3999999999999275,121.2999999999995282,0.6427453160285950
17.3999999999999275,121.3999999999995225,0.5629492998123169
17.3999999999999275,121.4999999999995168,0.4847484529018402
17.3999999999999275,121.5999999999995111,0.4457022845745087
17.3999999999999275,121.6999999999995055,0.4140703380107880
17.3999999999999275,121.7999999999994998,0.3908259868621826
17.3999999999999275,121.8999999999994941,0.3882172107696533
17.3999999999999275,121.9999999999994884,0.4251126945018768
17.3999999999999275,122.0999999999994827,0.4038819372653961
17.3999999999999275,122.1999999999994770,0.3625171780586243
17.2999999999999261,120.4999999999995737,1.7442415952682495
17.2999999999999261,120.5999999999995680,1.3571622371673584
17.2999999999999261,120.6999999999995623,1.2599047422409058
17.2999999999999261,120.7999999999995566,1.2167329788208008
17.2999999999999261,120.8999999999995509,1.1687358617782593
17.2999999999999261,120.9999999999995453,0.8354414701461792
17.2999999999999261,121.0999999999995396,0.4829800128936768
17.2999999999999261,121.1999999999995339,0.7069590687751770
17.2999999999999261,121.2999999999995282,0.7422013878822327
17.2999999999999261,121.3999999999995225,0.6935658454895020
17.2999999999999261,121.4999999999995168,0.6470193266868591
17.2999999999999261,121.5999999999995111,0.5609826445579529
17.2999999999999261,121.6999999999995055,0.4710907042026520
17.2999999999999261,121.7999999999994998,0.3942174017429352
17.2999999999999261,121.8999999999994941,0.3785740435123444
17.2999999999999261,121.9999999999994884,0.4151722490787506
17.2999999999999261,122.0999999999994827,0.4331434369087219
17.2999999999999261,122.1999999999994770,0.4332035779953003
17.2999999999999261,122.2999999999994714,0.5376762747764587
17.1999999999999247,120.4999999999995737,1.5644952058792114
17.1999999999999247,120.5999999999995680,1.2617864608764648
17.1999999999999247,120.6999999999995623,1.2101187705993652
17.1999999999999247,120.7999999999995566,1.1243005990982056
17.1999999999999247,120.8999999999995509,1.0401835441589355
17.1999999999999247,120.9999999999995453,0.6793407797813416
17.1999999999999247,121.0999999999995396,0.3543341755867004
17.1999999999999247,121.1999999999995339,0.6305902600288391
17.1999999999999247,121.2999999999995282,0.7228235602378845
17.1999999999999247,121.3999999999995225,0.7095432877540588
17.1999999999999247,121.4999999999995168,0.7540337443351746
17.1999999999999247,121.5999999999995111,0.6689217090606689
17.1999999999999247,121.6999999999995055,0.5801076889038086
17.1999999999999247,121.7999999999994998,0.4979716539382935
17.1999999999999247,121.8999999999994941,0.4523551464080811
17.1999999999999247,121.9999999999994884,0.4428279697895050
17.1999999999999247,122.0999999999994827,0.4321261346340179
17.1999999999999247,122.1999999999994770,0.4661888778209686
17.1999999999999247,122.2999999999994714,0.6209477186203003
17.1999999999999247,122.3999999999994657,0.7992606163024902
17.0999999999999233,120.4999999999995737,1.2937172651290894
17.0999999999999233,120.5999999999995680,1.1353701353073120
17.0999999999999233,120.6999999999995623,1.1524287462234497
17.0999999999999233,120.7999999999995566,0.9927727580070496
17.0999999999999233,120.8999999999995509,0.8270065188407898
17.0999999999999233,120.9999999999995453,0.4604852795600891
17.0999999999999233,121.0999999999995396,0.2496434301137924
17.0999999999999233,121.1999999999995339,0.7285140156745911
17.0999999999999233,121.2999999999995282,0.6855779886245728
17.0999999999999233,121.3999999999995225,0.6744018197059631
17.0999999999999233,121.4999999999995168,0.7897290587425232
17.0999999999999233,121.5999999999995111,0.7701613306999207
17.0999999999999233,121.6999999999995055,0.7100923657417297
17.0999999999999233,121.7999999999994998,0.6487182378768921
17.0999999999999233,121.8999999999994941,0.5687482357025146
17.0999999999999233,121.9999999999994884,0.4986483752727509
17.0999999999999233,122.0999999999994827,0.4439364075660706
17.0999999999999233,122.1999999999994770,0.5002319812774658
17.0999999999999233,122.2999999999994714,0.6936741471290588
17.0999999999999233,122.3999999999994657,1.0115399360656738
17.0999999999999233,122.4999999999994600,1.3966192007064819
16.9999999999999218,120.4999999999995737,1.1554530858993530
16.9999999999999218,120.5999999999995680,1.0267000198364258
16.9999999999999218,120.6999999999995623,1.0728033781051636
16.9999999999999218,120.7999999999995566,0.8494849801063538
16.9999999999999218,120.8999999999995509,0.6332143545150757
16.9999999999999218,120.9999999999995453,0.2383586615324020
16.9999999999999218,121.0999999999995396,0.3502637743949890
16.9999999999999218,121.1999999999995339,0.7913889884948730
16.9999999999999218,121.2999999999995282,0.7053786516189575
16.9999999999999218,121.3999999999995225,0.6512000560760498
16.9999999999999218,121.4999999999995168,0.8894215822219849
16.9999999999999218,121.5999999999995111,0.8676171302795410
16.9999999999999218,121.6999999999995055,0.8310486078262329
16.9999999999999218,121.7999999999994998,0.7786784768104553
16.9999999999999218,121.8999999999994941,0.6674155592918396
16.9999999999999218,121.9999999999994884,0.5562726855278015
16.9999999999999218,122.0999999999994827,0.4548530578613281
16.9999999999999218,122.1999999999994770,0.5359214544296265
16.9999999999999218,122.2999999999994714,0.7964588403701782
16.9999999999999218,122.3999999999994657,1.1459681987762451
16.8999999999999204,120.3999999999995794,1.3361381292343140
16.8999999999999204,120.4999999999995737,0.9746390581130981
16.8999999999999204,120.5999999999995680,0.8940858244895935
16.8999999999999204,120.6999999999995623,0.9639764428138733
16.8999999999999204,120.7999999999995566,0.6473231315612793
16.8999999999999204,120.8999999999995509,0.3381333649158478
16.8999999999999204,120.9999999999995453,0.1425246149301529
16.8999999999999204,121.0999999999995396,0.5836181640625000
16.8999999999999204,121.1999999999995339,1.0646737813949585
16.8999999999999204,121.2999999999995282,0.8154565095901489
16.8999999999999204,121.3999999999995225,0.6960643529891968
16.8999999999999204,121.4999999999995168,0.9116511940956116
16.8999999999999204,121.5999999999995111,0.9545529484748840
16.8999999999999204,121.6999999999995055,0.9218498468399048
16.8999999999999204,121.7999999999994998,0.8680741786956787
16.8999999999999204,121.8999999999994941,0.7199107408523560
16.8999999999999204,121.9999999999994884,0.5785434842109680
16.8999999999999204,122.0999999999994827,0.4498551189899445
16.8999999999999204,122.1999999999994770,0.6201803088188171
16.8999999999999204,122.2999999999994714,1.0130808353424072
16.8999999999999204,122.3999999999994657,1.4111397266387939
16.7999999999999190,120.3999999999995794,1.3395879268646240
16.7999999999999190,120.4999999999995737,0.7967385053634644
16.7999999999999190,120.5999999999995680,0.7802460789680481
16.7999999999999190,120.6999999999995623,0.8577026128768921
16.7999999999999190,120.7999999999995566,0.4489423334598541
16.7999999999999190,120.8999999999995509,0.0539374426007271
16.7999999999999190,120.9999999999995453,0.3921004235744476
16.7999999999999190,121.0999999999995396,0.8273590207099915
16.7999999999999190,121.1999999999995339,1.1987251043319702
16.7999999999999190,121.2999999999995282,0.9356210231781006
16.7999999999999190,121.3999999999995225,0.7584700584411621
16.7999999999999190,121.4999999999995168,1.0431582927703857
16.7999999999999190,121.5999999999995111,1.0483453273773193
16.7999999999999190,121.6999999999995055,1.0178152322769165
16.7999999999999190,121.7999999999994998,0.9518005847930908
16.7999999999999190,121.8999999999994941,0.7641177177429199
16.7999999999999190,121.9999999999994884,0.5944538712501526
16.7999999999999190,122.0999999999994827,0.4521721601486206
16.7999999999999190,122.1999999999994770,0.7450374960899353
16.7999999999999190,122.2999999999994714,1.2846475839614868
16.7999999999999190,122.3999999999994657,1.5829948186874390
16.6999999999999176,120.3999999999995794,1.2419420480728149
16.6999999999999176,120.4999999999995737,0.6656213402748108
16.6999999999999176,120.5999999999995680,0.7123064398765564
16.6999999999999176,120.6999999999995623,0.8157237172126770
16.6999999999999176,120.7999999999995566,0.3617687225341797
16.6999999999999176,120.8999999999995509,0.1930116713047028
16.6999999999999176,120.9999999999995453,0.5789189934730530
16.6999999999999176,121.0999999999995396,0.9730468392372131
16.6999999999999176,121.1999999999995339,1.3724837303161621
16.6999999999999176,121.2999999999995282,1.0242406129837036
16.6999999999999176,121.3999999999995225,0.8259803652763367
16.6999999999999176,121.4999999999995168,1.0476889610290527
16.6999999999999176,121.5999999999995111,1.1029734611511230
16.6999999999999176,121.6999999999995055,1.0618532896041870
16.6999999999999176,121.7999999999994998,0.9813998341560364
16.6999999999999176,121.8999999999994941,0.7444704174995422
16.6999999999999176,121.9999999999994884,0.5380338430404663
16.6999999999999176,122.0999999999994827,0.4406082332134247
16.6999999999999176,122.1999999999994770,0.9225267171859741
16.6999999999999176,122.2999999999994714,1.5893622636795044
16.5999999999999162,120.2999999999995850,1.9069284200668335
16.5999999999999162,120.3999999999995794,1.3114727735519409
16.5999999999999162,120.4999999999995737,0.6953617930412292
16.5999999999999162,120.5999999999995680,0.7408093214035034
16.5999999999999162,120.6999999999995623,0.9157211780548096
16.5999999999999162,120.7999999999995566,0.5827268958091736
16.5999999999999162,120.8999999999995509,0.4392178058624268
16.5999999999999162,120.9999999999995453,0.5307654738426208
16.5999999999999162,121.0999999999995396,0.8091505169868469
16.5999999999999162,121.1999999999995339,1.1288983821868896
16.5999999999999162,121.2999999999995282,0.9927892684936523
16.5999999999999162,121.3999999999995225,0.9011295437812805
16.5999999999999162,121.4999999999995168,1.0887956619262695
16.5999999999999162,121.5999999999995111,1.0313351154327393
16.5999999999999162,121.6999999999995055,0.9452196955680847
16.5999999999999162,121.7999999999994998,0.8213393092155457
16.5999999999999162,121.8999999999994941,0.5485916733741760
16.5999999999999162,121.9999999999994884,0.3991091549396515
16.5999999999999162,122.0999999999994827,0.6223723888397217
16.5999999999999162,122.1999999999994770,1.2659325599670410
16.5999999999999162,122.2999999999994714,1.8089127540588379
16.4999999999999147,120.2999999999995850,1.8825322389602661
16.4999999999999147,120.3999999999995794,1.4424012899398804
16.4999999999999147,120.4999999999995737,0.7720528244972229
16.4999999999999147,120.5999999999995680,0.8265594840049744
16.4999999999999147,120.6999999999995623,1.0721421241760254
16.4999999999999147,120.7999999999995566,0.8519664406776428
16.4999999999999147,120.8999999999995509,0.7413225173950195
16.4999999999999147,120.9999999999995453,0.5757700800895691
16.4999999999999147,121.0999999999995396,0.6360950469970703
16.4999999999999147,121.1999999999995339,0.9982873797416687
16.4999999999999147,121.2999999999995282,0.9740536808967590
16.4999999999999147,121.3999999999995225,0.9757971167564392
16.4999999999999147,121.4999999999995168,1.0667973756790161
16.4999999999999147,121.5999999999995111,0.9908409118652344
16.4999999999999147,121.6999999999995055,0.8835301995277405
16.4999999999999147,121.7999999999994998,0.7623818516731262
16.4999999999999147,121.8999999999994941,0.5204460024833679
16.4999999999999147,121.9999999999994884,0.5708872079849243
16.4999999999999147,122.0999999999994827,0.9850815534591675
16.4999999999999147,122.1999999999994770,1.6948943138122559
16.3999999999999133,120.3999999999995794,1.7715284824371338
16.3999999999999133,120.4999999999995737,1.0383738279342651
16.3999999999999133,120.5999999999995680,0.9298020005226135
16.3999999999999133,120.6999999999995623,1.1629303693771362
16.3999999999999133,120.7999999999995566,1.0086535215377808
16.3999999999999133,120.8999999999995509,0.9554867744445801
16.3999999999999133,120.9999999999995453,0.6959248781204224
16.3999999999999133,121.0999999999995396,0.4714870750904083
16.3999999999999133,121.1999999999995339,0.6777057647705078
16.3999999999999133,121.2999999999995282,0.7892566919326782
16.3999999999999133,121.3999999999995225,0.8371152877807617
16.3999999999999133,121.4999999999995168,0.9294944405555725
16.3999999999999133,121.5999999999995111,0.8344718813896179
16.3999999999999133,121.6999999999995055,0.7652763128280640
16.3999999999999133,121.7999999999994998,0.6696412563323975
16.3999999999999133,121.8999999999994941,0.5741576552391052
16.3999999999999133,121.9999999999994884,0.8498522043228149
16.3999999999999133,122.0999999999994827,1.3873221874237061
16.3999999999999133,122.1999999999994770,2.0455634593963623
16.2999999999999119,119.7999999999996135,2.3150384426116943
16.2999999999999119,120.3999999999995794,2.2454178333282471
16.2999999999999119,120.4999999999995737,1.5458244085311890
16.2999999999999119,120.5999999999995680,1.1506223678588867
16.2999999999999119,120.6999999999995623,1.1418403387069702
16.2999999999999119,120.7999999999995566,1.0135773420333862
16.2999999999999119,120.8999999999995509,1.0178369283676147
16.2999999999999119,120.9999999999995453,0.8474211692810059
16.2999999999999119,121.0999999999995396,0.5325585007667542
16.2999999999999119,121.1999999999995339,0.3824884891510010
16.2999999999999119,121.2999999999995282,0.3893705308437347
16.2999999999999119,121.3999999999995225,0.4609653055667877
16.2999999999999119,121.4999999999995168,0.5509526133537292
16.2999999999999119,121.5999999999995111,0.5715049505233765
16.2999999999999119,121.6999999999995055,0.6231527328491211
16.2999999999999119,121.7999999999994998,0.6598615050315857
16.2999999999999119,121.8999999999994941,0.8098337650299072
16.2999999999999119,121.9999999999994884,1.2956446409225464
16.2999999999999119,122.0999999999994827,1.8870754241943359
16.1999999999999105,119.7999999999996135,2.1296360492706299
16.1999999999999105,119.8999999999996078,2.1998744010925293
16.1999999999999105,119.9999999999996021,2.4275064468383789
16.1999999999999105,120.4999999999995737,2.0505437850952148
16.1999999999999105,120.5999999999995680,1.4347172975540161
16.1999999999999105,120.6999999999995623,1.1955666542053223
16.1999999999999105,120.7999999999995566,1.0550881624221802
16.1999999999999105,120.8999999999995509,1.0962365865707397
16.1999999999999105,120.9999999999995453,1.0239270925521851
16.1999999999999105,121.0999999999995396,0.8086721301078796
16.1999999999999105,121.1999999999995339,0.6124797463417053
16.1999999999999105,121.2999999999995282,0.4840939342975616
16.1999999999999105,121.3999999999995225,0.4778410792350769
16.1999999999999105,121.4999999999995168,0.5806306004524231
16.1999999999999105,121.5999999999995111,0.6750587224960327
16.1999999999999105,121.6999999999995055,0.7770547270774841
16.1999999999999105,121.7999999999994998,0.8688459992408752
16.1999999999999105,121.8999999999994941,1.2124922275543213
16.1999999999999105,121.9999999999994884,1.8422324657440186
16.0999999999999091,119.7999999999996135,1.9400840997695923
16.0999999999999091,119.8999999999996078,1.9135419130325317
16.0999999999999091,119.9999999999996021,2.1863956451416016
16.0999999999999091,120.4999999999995737,2.1599936485290527
16.0999999999999091,120.5999999999995680,1.5380527973175049
16.0999999999999091,120.6999999999995623,1.2002195119857788
16.0999999999999091,120.7999999999995566,1.0343178510665894
16.0999999999999091,120.8999999999995509,1.0712732076644897
16.0999999999999091,120.9999999999995453,1.0565394163131714
16.0999999999999091,121.0999999999995396,0.9296720623970032
16.0999999999999091,121.1999999999995339,0.8091191649436951
16.0999999999999091,121.2999999999995282,0.6589180231094360
16.0999999999999091,121.3999999999995225,0.5964214205741882
16.0999999999999091,121.4999999999995168,0.6632044315338135
16.0999999999999091,121.5999999999995111,0.7501223087310791
16.0999999999999091,121.6999999999995055,0.8448701500892639
15.9999999999999094,119.7999999999996135,1.7271209955215454
15.9999999999999094,119.8999999999996078,1.6472437381744385
15.9999999999999094,119.9999999999996021,1.7451804876327515
15.9999999999999094,120.0999999999995964,1.9683831930160522
15.9999999999999094,120.1999999999995907,2.1782879829406738
15.9999999999999094,120.2999999999995850,2.4276711940765381
15.9999999999999094,120.3999999999995794,2.4919464588165283
15.9999999999999094,120.4999999999995737,1.9584729671478271
15.9999999999999094,120.5999999999995680,1.5001004934310913
15.9999999999999094,120.6999999999995623,1.1795442104339600
15.9999999999999094,120.7999999999995566,0.9889413714408875
15.9999999999999094,120.8999999999995509,0.9856712818145752
15.9999999999999094,120.9999999999995453,0.9758291244506836
15.9999999999999094,121.0999999999995396,0.8981138467788696
15.9999999999999094,121.1999999999995339,0.8169018030166626
15.9999999999999094,121.2999999999995282,0.6741505861282349
15.9999999999999094,121.3999999999995225,0.5634009838104248
15.9999999999999094,121.4999999999995168,0.5839859843254089
15.9999999999999094,121.5999999999995111,0.6739473342895508
15.8999999999999098,119.9999999999996021,1.3374174833297729
15.8999999999999098,120.0999999999995964,1.4173640012741089
15.8999999999999098,120.1999999999995907,1.6810659170150757
15.8999999999999098,120.2999999999995850,1.9647465944290161
15.8999999999999098,120.3999999999995794,2.0810284614562988
15.8999999999999098,120.4999999999995737,1.7643879652023315
15.8999999999999098,120.5999999999995680,1.4610470533370972
15.8999999999999098,120.6999999999995623,1.1905324459075928
15.8999999999999098,120.7999999999995566,0.9940118789672852
15.8999999999999098,120.8999999999995509,0.9673041105270386
15.8999999999999098,120.9999999999995453,0.9443714022636414
15.8999999999999098,121.0999999999995396,0.8788847327232361
15.8999999999999098,121.1999999999995339,0.8466504812240601
15.8999999999999098,121.2999999999995282,0.6869621276855469
15.8999999999999098,121.3999999999995225,0.5483672022819519
15.8999999999999098,121.4999999999995168,0.5316931605339050
15.8999999999999098,121.5999999999995111,0.6028437018394470
15.7999999999999101,119.9999999999996021,1.1565147638320923
15.7999999999999101,120.0999999999995964,1.1192349195480347
15.7999999999999101,120.1999999999995907,1.3175131082534790
15.7999999999999101,120.2999999999995850,1.5601025819778442
15.7999999999999101,120.3999999999995794,1.6895648241043091
15.7999999999999101,120.4999999999995737,1.5178697109222412
15.7999999999999101,120.5999999999995680,1.3583090305328369
15.7999999999999101,120.6999999999995623,1.1563855409622192
15.7999999999999101,120.7999999999995566,0.9932069778442383
15.7999999999999101,120.8999999999995509,1.0116095542907715
15.7999999999999101,120.9999999999995453,0.9732556343078613
15.7999999999999101,121.0999999999995396,0.8388369679450989
15.7999999999999101,121.1999999999995339,0.7361420989036560
15.7999999999999101,121.2999999999995282,0.6443070769309998
15.7999999999999101,121.3999999999995225,0.5646539926528931
15.7999999999999101,121.4999999999995168,0.5283272862434387
15.6999999999999105,119.9999999999996021,1.0964494943618774
15.6999999999999105,120.0999999999995964,0.9099217057228088
15.6999999999999105,120.1999999999995907,1.0445506572723389
15.6999999999999105,120.2999999999995850,1.2433832883834839
15.6999999999999105,120.3999999999995794,1.3879899978637695
15.6999999999999105,120.4999999999995737,1.3522878885269165
15.6999999999999105,120.5999999999995680,1.3129286766052246
15.6999999999999105,120.6999999999995623,1.1560393571853638
15.6999999999999105,120.7999999999995566,1.0031508207321167
15.6999999999999105,120.8999999999995509,1.0913004875183105
15.6999999999999105,120.9999999999995453,1.0642856359481812
15.6999999999999105,121.0999999999995396,0.8522147536277771
15.6999999999999105,121.1999999999995339,0.6472636461257935
15.6999999999999105,121.2999999999995282,0.6211019754409790
15.6999999999999105,121.3999999999995225,0.6717740893363953
15.6999999999999105,121.4999999999995168,0.8138006925582886
15.5999999999999108,119.9999999999996021,1.0613238811492920
15.5999999999999108,120.0999999999995964,0.7670571804046631
15.5999999999999108,120.1999999999995907,0.7912560105323792
15.5999999999999108,120.2999999999995850,0.9985330700874329
15.5999999999999108,120.3999999999995794,1.2083165645599365
15.5999999999999108,120.4999999999995737,1.2784926891326904
15.5999999999999108,120.5999999999995680,1.3580473661422729
15.5999999999999108,120.6999999999995623,1.2230703830718994
15.5999999999999108,120.7999999999995566,1.0235823392868042
15.5999999999999108,120.8999999999995509,1.1799544095993042
15.5999999999999108,120.9999999999995453,1.1679133176803589
15.5999999999999108,121.0999999999995396,0.9309977293014526
15.5999999999999108,121.1999999999995339,0.7225294709205627
15.5999999999999108,121.2999999999995282,0.7342440485954285
15.5999999999999108,121.3999999999995225,0.8841096162796021
15.5999999999999108,121.4999999999995168,1.1025272607803345
15.4999999999999112,119.9999999999996021,1.0905984640121460
15.4999999999999112,120.0999999999995964,0.7888579368591309
15.4999999999999112,120.1999999999995907,0.6627159118652344
15.4999999999999112,120.2999999999995850,0.7563849687576294
15.4999999999999112,120.3999999999995794,0.9662505984306335
15.4999999999999112,120.4999999999995737,1.1115976572036743
15.4999999999999112,120.5999999999995680,1.2518618106842041
15.4999999999999112,120.6999999999995623,1.1179267168045044
15.4999999999999112,120.7999999999995566,0.8691672086715698
15.4999999999999112,120.8999999999995509,1.0178612470626831
15.4999999999999112,120.9999999999995453,1.1131130456924438
15.4999999999999112,121.0999999999995396,0.9633983969688416
15.4999999999999112,121.1999999999995339,0.8127172589302063
15.4999999999999112,121.2999999999995282,0.9574689269065857
15.4999999999999112,121.3999999999995225,1.2331091165542603
15.4999999999999112,121.4999999999995168,1.4323788881301880
15.3999999999999115,119.8999999999996078,1.5588624477386475
15.3999999999999115,119.9999999999996021,1.1663789749145508
15.3999999999999115,120.0999999999995964,0.9112185835838318
15.3999999999999115,120.1999999999995907,0.6451267600059509
15.3999999999999115,120.2999999999995850,0.5339244604110718
15.3999999999999115,120.3999999999995794,0.6825785040855408
15.3999999999999115,120.4999999999995737,0.8982549905776978
15.3999999999999115,120.5999999999995680,1.1197730302810669
15.3999999999999115,120.6999999999995623,1.0162248611450195
15.3999999999999115,120.7999999999995566,0.6820698976516724
15.3999999999999115,120.8999999999995509,0.8626587986946106
15.3999999999999115,120.9999999999995453,1.0046223402023315
15.3999999999999115,121.0999999999995396,0.9759039282798767
15.3999999999999115,121.1999999999995339,0.9732835888862610
15.3999999999999115,121.2999999999995282,1.2285897731781006
15.2999999999999119,119.9999999999996021,1.2107416391372681
15.2999999999999119,120.0999999999995964,1.0559759140014648
15.2999999999999119,120.1999999999995907,0.7237347364425659
15.2999999999999119,120.2999999999995850,0.4065835773944855
15.2999999999999119,120.3999999999995794,0.3838158547878265
15.2999999999999119,120.4999999999995737,0.6466386318206787
15.2999999999999119,120.5999999999995680,0.9384489059448242
15.2999999999999119,120.6999999999995623,0.8638508319854736
15.2999999999999119,120.7999999999995566,0.4837647080421448
15.2999999999999119,120.8999999999995509,0.6581176519393921
15.2999999999999119,120.9999999999995453,0.8989123106002808
15.2999999999999119,121.0999999999995396,0.9636552929878235
15.2999999999999119,121.1999999999995339,1.0296989679336548
15.2999999999999119,121.2999999999995282,1.3892185688018799
15.2999999999999119,121.3999999999995225,1.7696318626403809
15.1999999999999122,120.0999999999995964,1.1294846534729004
15.1999999999999122,120.1999999999995907,0.7898367643356323
15.1999999999999122,120.2999999999995850,0.4317647516727448
15.1999999999999122,120.3999999999995794,0.1147292330861092
15.1999999999999122,120.4999999999995737,0.2384026646614075
15.1999999999999122,120.5999999999995680,0.5416708588600159
15.1999999999999122,120.6999999999995623,0.5285989046096802
15.1999999999999122,120.7999999999995566,0.2007009834051132
15.1999999999999122,120.8999999999995509,0.5131291747093201
15.1999999999999122,120.9999999999995453,0.7464725375175476
15.1999999999999122,121.0999999999995396,0.8604881763458252
15.1999999999999122,121.1999999999995339,0.9843315482139587
15.1999999999999122,121.2999999999995282,1.2624555826187134
15.0999999999999126,120.0999999999995964,1.1908217668533325
15.0999999999999126,120.1999999999995907,0.8561403155326843
15.0999999999999126,120.2999999999995850,0.5788137912750244
15.0999999999999126,120.3999999999995794,0.4255915284156799
15.0999999999999126,120.4999999999995737,0.2538986206054688
15.0999999999999126,120.5999999999995680,0.3809412121772766
15.0999999999999126,120.6999999999995623,0.3640954494476318
15.0999999999999126,120.7999999999995566,0.1092962473630905
15.0999999999999126,120.8999999999995509,0.3773987591266632
15.0999999999999126,120.9999999999995453,0.6139234900474548
15.0999999999999126,121.0999999999995396,0.7667816281318665
15.0999999999999126,121.1999999999995339,0.9201595783233643
15.0999999999999126,121.2999999999995282,1.1338515281677246
15.0999999999999126,121.3999999999995225,1.3722907304763794
14.9999999999999130,120.0999999999995964,1.4015899896621704
14.9999999999999130,120.1999999999995907,1.0191106796264648
14.9999999999999130,120.2999999999995850,0.7626265287399292
14.9999999999999130,120.3999999999995794,0.6594251394271851
14.9999999999999130,120.4999999999995737,0.4968447685241699
14.9999999999999130,120.5999999999995680,0.5002026557922363
14.9999999999999130,120.6999999999995623,0.4791494607925415
14.9999999999999130,120.7999999999995566,0.2695092558860779
14.9999999999999130,120.8999999999995509,0.2952917814254761
14.9999999999999130,120.9999999999995453,0.4828404188156128
14.9999999999999130,121.0999999999995396,0.6672115921974182
14.9999999999999130,121.1999999999995339,0.8445696234703064
14.9999999999999130,121.2999999999995282,0.9923520088195801
14.9999999999999130,121.3999999999995225,1.1415513753890991
14.9999999999999130,121.4999999999995168,1.3038151264190674
14.9999999999999130,121.8999999999994941,2.3255670070648193
14.9999999999999130,121.9999999999994884,2.4583451747894287
14.8999999999999133,120.0999999999995964,1.8629748821258545
14.8999999999999133,120.1999999999995907,1.3940649032592773
14.8999999999999133,120.2999999999995850,0.9893098473548889
14.8999999999999133,120.3999999999995794,0.7535839676856995
14.8999999999999133,120.4999999999995737,0.5079843997955322
14.8999999999999133,120.7999999999995566,0.2041442096233368
14.8999999999999133,120.8999999999995509,0.1879072636365891
14.8999999999999133,120.9999999999995453,0.3494618833065033
14.8999999999999133,121.0999999999995396,0.5385729670524597
14.8999999999999133,121.1999999999995339,0.7309278845787048
14.8999999999999133,121.2999999999995282,0.8504895567893982
14.8999999999999133,121.3999999999995225,0.9646089673042297
14.8999999999999133,121.4999999999995168,1.1262538433074951
14.8999999999999133,121.8999999999994941,2.3466999530792236
14.8999999999999133,121.9999999999994884,2.4120576381683350
14.7999999999999137,120.1999999999995907,1.9652543067932129
14.7999999999999137,120.2999999999995850,1.1387194395065308
14.7999999999999137,120.3999999999995794,0.9134873151779175
14.7999999999999137,120.4999999999995737,0.6143526434898376
14.7999999999999137,120.8999999999995509,0.1831015795469284
14.7999999999999137,120.9999999999995453,0.2445620149374008
14.7999999999999137,121.0999999999995396,0.4087841510772705
14.7999999999999137,121.1999999999995339,0.5979824066162109
14.7999999999999137,121.2999999999995282,0.7117409110069275
14.7999999999999137,121.3999999999995225,0.8109707832336426
14.7999999999999137,121.4999999999995168,0.9611764550209045
14.7999999999999137,121.5999999999995111,1.3632271289825439
14.7999999999999137,121.8999999999994941,2.3590998649597168
14.7999999999999137,121.9999999999994884,2.3999369144439697
14.7999999999999137,122.1999999999994770,2.1849007606506348
14.6999999999999140,120.2999999999995850,1.4920473098754883
14.6999999999999140,120.3999999999995794,1.2179259061813354
14.6999999999999140,120.4999999999995737,0.8881129026412964
14.6999999999999140,120.9999999999995453,0.4642990529537201
14.6999999999999140,121.0999999999995396,0.5674442052841187
14.6999999999999140,121.1999999999995339,0.7284675836563110
14.6999999999999140,121.2999999999995282,0.7452425956726074
14.6999999999999140,121.3999999999995225,0.7714239954948425
14.6999999999999140,121.4999999999995168,0.9103918671607971
14.6999999999999140,121.5999999999995111,1.3218213319778442
14.6999999999999140,121.9999999999994884,2.3233506679534912
14.6999999999999140,122.3999999999994657,1.8531802892684937
14.5999999999999144,120.3999999999995794,1.6278140544891357
14.5999999999999144,120.4999999999995737,1.3230328559875488
14.5999999999999144,120.5999999999995680,1.1125009059906006
14.5999999999999144,120.9999999999995453,0.9460687041282654
14.5999999999999144,121.0999999999995396,1.0109046697616577
14.5999999999999144,121.1999999999995339,1.1050111055374146
14.5999999999999144,121.2999999999995282,1.0193001031875610
14.5999999999999144,121.3999999999995225,0.8996273875236511
14.5999999999999144,121.4999999999995168,0.8984816074371338
14.5999999999999144,121.5999999999995111,1.2703264951705933
14.4999999999999147,120.4999999999995737,1.8000332117080688
14.4999999999999147,120.5999999999995680,1.5759497880935669
14.4999999999999147,121.0999999999995396,1.3451123237609863
14.4999999999999147,121.1999999999995339,1.5206876993179321
14.4999999999999147,121.2999999999995282,1.2908101081848145
14.4999999999999147,121.3999999999995225,1.0901721715927124
14.4999999999999147,121.4999999999995168,0.9954351782798767
14.4999999999999147,121.5999999999995111,1.2266319990158081
14.3999999999999151,120.7999999999995566,1.2950503826141357
14.3999999999999151,120.8999999999995509,1.1943227052688599
14.3999999999999151,120.9999999999995453,1.2864024639129639
14.3999999999999151,121.2999999999995282,1.1697210073471069
14.3999999999999151,121.4999999999995168,0.9540981650352478
14.3999999999999151,121.5999999999995111,1.3152509927749634
14.3999999999999151,121.6999999999995055,1.6825139522552490
14.2999999999999154,120.6999999999995623,1.4282766580581665
14.2999999999999154,120.7999999999995566,1.2510980367660522
14.2999999999999154,120.8999999999995509,1.0435163974761963
14.2999999999999154,120.9999999999995453,1.0230222940444946
14.2999999999999154,121.0999999999995396,1.1375705003738403
14.2999999999999154,121.4999999999995168,0.9129130244255066
14.2999999999999154,121.5999999999995111,1.2960954904556274
14.2999999999999154,121.6999999999995055,1.8903417587280273
14.2999999999999154,122.4999999999994600,0.4952895343303680
14.2999999999999154,122.6999999999994486,0.6101931333541870
14.1999999999999158,120.5999999999995680,1.7812137603759766
14.1999999999999158,120.6999999999995623,1.5479848384857178
14.1999999999999158,120.7999999999995566,1.2118793725967407
14.1999999999999158,120.8999999999995509,0.8882213830947876
14.1999999999999158,120.9999999999995453,0.8323594927787781
14.1999999999999158,121.0999999999995396,0.9407002925872803
14.1999999999999158,121.3999999999995225,0.7950523495674133
14.1999999999999158,121.4999999999995168,0.8311278223991394
14.1999999999999158,121.5999999999995111,1.2770001888275146
14.1999999999999158,121.6999999999995055,1.8897756338119507
14.1999999999999158,121.9999999999994884,1.5405223369598389
14.1999999999999158,122.3999999999994657,0.3850179612636566
14.1999999999999158,122.4999999999994600,0.4072813689708710
14.1999999999999158,122.5999999999994543,0.5090124607086182
14.1999999999999158,122.6999999999994486,0.5855665802955627
14.1999999999999158,122.7999999999994429,0.6930702328681946
14.1999999999999158,122.8999999999994373,0.8222395777702332
14.0999999999999162,120.5999999999995680,2.0704443454742432
14.0999999999999162,120.6999999999995623,1.8138196468353271
14.0999999999999162,120.7999999999995566,1.4310058355331421
14.0999999999999162,120.8999999999995509,1.0639755725860596
14.0999999999999162,120.9999999999995453,0.8865389227867126
14.0999999999999162,121.0999999999995396,0.8603559732437134
14.0999999999999162,121.1999999999995339,0.8347617387771606
14.0999999999999162,121.2999999999995282,0.7237578630447388
14.0999999999999162,121.3999999999995225,0.7061976790428162
14.0999999999999162,121.4999999999995168,0.8546150326728821
14.0999999999999162,121.5999999999995111,1.2610375881195068
14.0999999999999162,121.6999999999995055,1.8030401468276978
14.0999999999999162,121.7999999999994998,2.1894600391387939
14.0999999999999162,122.0999999999994827,0.9073771238327026
14.0999999999999162,122.2999999999994714,0.2553431987762451
14.0999999999999162,122.3999999999994657,0.1363098770380020
14.0999999999999162,122.4999999999994600,0.2095558792352676
14.0999999999999162,122.5999999999994543,0.3536960780620575
14.0999999999999162,122.6999999999994486,0.4413978159427643
14.0999999999999162,122.7999999999994429,0.5922613739967346
14.0999999999999162,122.8999999999994373,0.8035539388656616
14.0999999999999162,122.9999999999994316,0.9465491771697998
13.9999999999999165,120.6999999999995623,2.1855843067169189
13.9999999999999165,120.7999999999995566,1.7521889209747314
13.9999999999999165,120.8999999999995509,1.3237984180450439
13.9999999999999165,120.9999999999995453,1.0295505523681641
13.9999999999999165,121.0999999999995396,0.8223304748535156
13.9999999999999165,121.1999999999995339,0.6234209537506104
13.9999999999999165,121.2999999999995282,0.5420048236846924
13.9999999999999165,121.3999999999995225,0.6431112289428711
13.9999999999999165,121.4999999999995168,0.8734754323959351
13.9999999999999165,121.5999999999995111,1.2551815509796143
13.9999999999999165,121.6999999999995055,1.7051457166671753
13.9999999999999165,121.7999999999994998,1.9710772037506104
13.9999999999999165,121.8999999999994941,1.6910809278488159
13.9999999999999165,122.3999999999994657,0.2149562239646912
13.9999999999999165,122.4999999999994600,0.2228934466838837
13.9999999999999165,122.5999999999994543,0.2511577010154724
13.9999999999999165,122.6999999999994486,0.2218895852565765
13.9999999999999165,122.7999999999994429,0.4532176554203033
13.9999999999999165,122.8999999999994373,0.7575117945671082
13.9999999999999165,122.9999999999994316,1.0326944589614868
13.9999999999999165,123.2999999999994145,1.5745564699172974
13.9999999999999165,124.1999999999993634,2.6840014457702637
13.9999999999999165,124.2999999999993577,2.3354203701019287
13.8999999999999169,120.5999999999995680,2.7447299957275391
13.8999999999999169,120.9999999999995453,1.1929173469543457
13.8999999999999169,121.0999999999995396,0.8138338327407837
13.8999999999999169,121.1999999999995339,0.4628508985042572
13.8999999999999169,121.2999999999995282,0.4066034257411957
13.8999999999999169,121.3999999999995225,0.6109455823898315
13.8999999999999169,121.4999999999995168,0.9030887484550476
13.8999999999999169,121.9999999999994884,1.0777442455291748
13.8999999999999169,122.0999999999994827,0.7316612005233765
13.8999999999999169,122.1999999999994770,0.5625158548355103
13.8999999999999169,122.2999999999994714,0.4509955346584320
13.8999999999999169,122.3999999999994657,0.3992078602313995
13.8999999999999169,122.6999999999994486,0.0525022000074387
13.8999999999999169,122.7999999999994429,0.3557029068470001
13.8999999999999169,122.8999999999994373,0.7192292213439941
13.8999999999999169,122.9999999999994316,1.0288527011871338
13.8999999999999169,123.3999999999994088,1.4819886684417725
13.8999999999999169,123.4999999999994031,1.7163891792297363
13.8999999999999169,123.5999999999993975,2.4236719608306885
13.8999999999999169,123.6999999999993918,3.0765023231506348
13.8999999999999169,124.1999999999993634,2.4946556091308594
13.8999999999999169,124.2999999999993577,2.0737419128417969
13.7999999999999172,120.0999999999995964,3.3454372882843018
13.7999999999999172,120.1999999999995907,3.2453238964080811
13.7999999999999172,120.8999999999995509,1.6825189590454102
13.7999999999999172,120.9999999999995453,1.3936160802841187
13.7999999999999172,121.0999999999995396,0.9856370091438293
13.7999999999999172,121.1999999999995339,0.5628447532653809
13.7999999999999172,121.2999999999995282,0.4858451187610626
13.7999999999999172,121.3999999999995225,0.6778618693351746
13.7999999999999172,121.9999999999994884,0.8223376274108887
13.7999999999999172,122.0999999999994827,0.5241671204566956
13.7999999999999172,122.1999999999994770,0.3188924193382263
13.7999999999999172,122.2999999999994714,0.1251851320266724
13.7999999999999172,122.3999999999994657,0.0497202910482883
13.7999999999999172,122.7999999999994429,0.5445395708084106
13.7999999999999172,122.8999999999994373,0.8251149058341980
13.7999999999999172,122.9999999999994316,1.0514984130859375
13.7999999999999172,123.2999999999994145,1.3548897504806519
13.7999999999999172,123.3999999999994088,1.2862778902053833
13.7999999999999172,123.4999999999994031,1.4048244953155518
13.7999999999999172,123.5999999999993975,2.0735189914703369
13.7999999999999172,123.6999999999993918,2.7859175205230713
13.7999999999999172,123.7999999999993861,3.1603863239288330
13.7999999999999172,124.1999999999993634,2.3481185436248779
13.7999999999999172,124.2999999999993577,1.8804695606231689
13.6999999999999176,121.0999999999995396,1.1483209133148193
13.6999999999999176,121.1999999999995339,0.6867315173149109
13.6999999999999176,121.2999999999995282,0.6111090779304504
13.6999999999999176,121.3999999999995225,0.7404547333717346
13.6999999999999176,122.1999999999994770,0.2009990811347961
13.6999999999999176,122.2999999999994714,0.2960681915283203
13.6999999999999176,122.3999999999994657,0.4384430646896362
13.6999999999999176,122.8999999999994373,1.0654735565185547
13.6999999999999176,122.9999999999994316,1.1535631418228149
13.6999999999999176,123.0999999999994259,1.2897809743881226
13.6999999999999176,123.1999999999994202,1.4368301630020142
13.6999999999999176,123.2999999999994145,1.2578237056732178
13.6999999999999176,123.3999999999994088,1.0791049003601074
13.6999999999999176,123.4999999999994031,1.1367732286453247
13.6999999999999176,124.0999999999993690,2.7252664566040039
13.6999999999999176,124.1999999999993634,2.2006533145904541
13.6999999999999176,124.2999999999993577,1.7171667814254761
13.5999999999999179,122.2999999999994714,0.7127936482429504
13.5999999999999179,122.3999999999994657,0.8678681254386902
13.5999999999999179,122.4999999999994600,1.0155421495437622
13.5999999999999179,122.8999999999994373,1.2562776803970337
13.5999999999999179,122.9999999999994316,1.2541300058364868
13.5999999999999179,123.0999999999994259,1.3055152893066406
13.5999999999999179,123.1999999999994202,1.3121026754379272
13.5999999999999179,123.2999999999994145,1.1145855188369751
13.5999999999999179,123.3999999999994088,0.8710272312164307
13.5999999999999179,123.4999999999994031,0.8112562894821167
13.5999999999999179,124.1999999999993634,2.1869909763336182
13.5999999999999179,124.2999999999993577,1.6708601713180542
13.4999999999999183,120.6999999999995623,1.2994656562805176
13.4999999999999183,120.7999999999995566,1.2248117923736572
13.4999999999999183,121.8999999999994941,0.3729792833328247
13.4999999999999183,121.9999999999994884,0.4779096245765686
13.4999999999999183,122.4999999999994600,1.3763558864593506
13.4999999999999183,122.5999999999994543,1.4459108114242554
13.4999999999999183,123.1999999999994202,1.2228387594223022
13.4999999999999183,123.2999999999994145,0.9596258401870728
13.4999999999999183,123.3999999999994088,0.6996175050735474
13.4999999999999183,123.4999999999994031,0.5562842488288879
13.4999999999999183,123.5999999999993975,0.7296968102455139
13.3999999999999186,120.4999999999995737,1.9781019687652588
13.3999999999999186,120.5999999999995680,1.5169496536254883
13.3999999999999186,120.6999999999995623,1.1435222625732422
13.3999999999999186,120.7999999999995566,0.9594332575798035
13.3999999999999186,120.8999999999995509,0.7841806411743164
13.3999999999999186,120.9999999999995453,0.6133031845092773
13.3999999999999186,121.0999999999995396,0.4441688358783722
13.3999999999999186,121.1999999999995339,0.3865143954753876
13.3999999999999186,121.7999999999994998,0.3720486164093018
13.3999999999999186,121.8999999999994941,0.5486335754394531
13.3999999999999186,121.9999999999994884,0.8756027221679688
13.3999999999999186,122.0999999999994827,1.1822710037231445
13.3999999999999186,122.4999999999994600,1.8434752225875854
13.3999999999999186,122.5999999999994543,1.7797977924346924
13.3999999999999186,123.1999999999994202,1.0406259298324585
13.3999999999999186,123.2999999999994145,0.8547314405441284
13.3999999999999186,123.3999999999994088,0.6640746593475342
13.3999999999999186,123.4999999999994031,0.4859120249748230
13.3999999999999186,123.5999999999993975,0.4410109519958496
13.2999999999999190,120.5999999999995680,1.8385409116744995
13.2999999999999190,120.6999999999995623,1.3553894758224487
13.2999999999999190,120.7999999999995566,1.0058703422546387
13.2999999999999190,120.8999999999995509,0.6560458540916443
13.2999999999999190,120.9999999999995453,0.4880681931972504
13.2999999999999190,121.0999999999995396,0.4850747287273407
13.2999999999999190,121.1999999999995339,0.5144829154014587
13.2999999999999190,121.2999999999995282,0.4208222329616547
13.2999999999999190,121.8999999999994941,0.9492254853248596
13.2999999999999190,121.9999999999994884,1.2459013462066650
13.2999999999999190,122.5999999999994543,2.0226833820343018
13.2999999999999190,123.2999999999994145,0.8153858780860901
13.2999999999999190,123.4999999999994031,0.5532258152961731
13.2999999999999190,123.5999999999993975,0.3693224787712097
13.2999999999999190,123.6999999999993918,0.6195532679557800
13.2999999999999190,123.8999999999993804,1.6522551774978638
13.1999999999999194,120.6999999999995623,1.9092191457748413
13.1999999999999194,120.7999999999995566,1.3496381044387817
13.1999999999999194,120.8999999999995509,0.8066651821136475
13.1999999999999194,120.9999999999995453,0.6116916537284851
13.1999999999999194,121.0999999999995396,0.6231989860534668
13.1999999999999194,121.1999999999995339,0.6556004285812378
13.1999999999999194,121.3999999999995225,0.4883026778697968
13.1999999999999194,123.2999999999994145,0.8159286379814148
13.1999999999999194,123.3999999999994088,0.7284701466560364
13.1999999999999194,123.4999999999994031,0.6534621715545654
13.1999999999999194,123.5999999999993975,0.6129886507987976
13.1999999999999194,123.6999999999993918,0.8036165833473206
13.0999999999999197,120.6999999999995623,2.1159341335296631
13.0999999999999197,120.7999999999995566,1.6883392333984375
13.0999999999999197,120.8999999999995509,0.9890572428703308
13.0999999999999197,120.9999999999995453,0.7460017800331116
13.0999999999999197,121.0999999999995396,0.7612773776054382
13.0999999999999197,121.1999999999995339,0.7978813052177429
13.0999999999999197,121.2999999999995282,0.7498821616172791
13.0999999999999197,121.3999999999995225,0.6773850321769714
13.0999999999999197,121.4999999999995168,0.5989828705787659
13.0999999999999197,122.9999999999994316,1.2688320875167847
13.0999999999999197,123.3999999999994088,0.8361232280731201
13.0999999999999197,123.4999999999994031,0.8295419812202454
13.0999999999999197,123.5999999999993975,0.8609973788261414
13.0999999999999197,123.6999999999993918,1.0098931789398193
13.0999999999999197,123.7999999999993861,1.3664717674255371
13.0999999999999197,123.8999999999993804,1.8831005096435547
12.9999999999999201,120.7999999999995566,1.7319774627685547
12.9999999999999201,120.8999999999995509,1.0867390632629395
12.9999999999999201,120.9999999999995453,0.8002390265464783
12.9999999999999201,121.0999999999995396,0.8038779497146606
12.9999999999999201,121.1999999999995339,0.8527241349220276
12.9999999999999201,121.2999999999995282,0.8653281331062317
12.9999999999999201,121.3999999999995225,0.8689737319946289
12.9999999999999201,122.9999999999994316,1.4751645326614380
12.9999999999999201,123.0999999999994259,1.3537880182266235
12.9999999999999201,123.4999999999994031,1.0036796331405640
12.9999999999999201,123.5999999999993975,1.0880622863769531
12.9999999999999201,123.6999999999993918,1.1892207860946655
12.9999999999999201,123.7999999999993861,1.4193063974380493
12.9999999999999201,123.8999999999993804,1.7247580289840698
12.9999999999999201,123.9999999999993747,2.0275139808654785
12.9999999999999201,124.0999999999993690,2.3581621646881104
12.8999999999999204,120.7999999999995566,1.7583914995193481
12.8999999999999204,120.8999999999995509,1.1651425361633301
12.8999999999999204,120.9999999999995453,0.8338729739189148
12.8999999999999204,121.0999999999995396,0.8014404773712158
12.8999999999999204,121.1999999999995339,0.8569338917732239
12.8999999999999204,121.2999999999995282,0.9419987797737122
12.8999999999999204,121.3999999999995225,1.0436978340148926
12.8999999999999204,121.4999999999995168,1.1289291381835938
12.8999999999999204,123.1999999999994202,1.5460674762725830
12.8999999999999204,123.7999999999993861,1.4076324701309204
12.8999999999999204,124.0999999999993690,1.8712034225463867
12.7999999999999208,120.7999999999995566,1.9100973606109619
12.7999999999999208,120.8999999999995509,1.3131918907165527
12.7999999999999208,120.9999999999995453,0.9373165965080261
12.7999999999999208,121.0999999999995396,0.8335348367691040
12.7999999999999208,121.1999999999995339,0.8645803928375244
12.7999999999999208,121.2999999999995282,1.0392836332321167
12.7999999999999208,121.3999999999995225,1.2454302310943604
12.7999999999999208,123.8999999999993804,1.3125693798065186
12.7999999999999208,123.9999999999993747,1.1892938613891602
12.7999999999999208,124.0999999999993690,1.5728124380111694
12.6999999999999211,120.8999999999995509,1.6297315359115601
12.6999999999999211,120.9999999999995453,1.2721443176269531
12.6999999999999211,121.0999999999995396,1.0296363830566406
12.6999999999999211,121.1999999999995339,0.8991007208824158
12.6999999999999211,121.2999999999995282,1.1607590913772583
12.6999999999999211,121.3999999999995225,1.4981222152709961
12.6999999999999211,121.4999999999995168,1.7717148065567017
12.6999999999999211,123.8999999999993804,1.5271422863006592
12.6999999999999211,123.9999999999993747,1.3821380138397217
12.6999999999999211,124.0999999999993690,1.5854012966156006
12.5999999999999215,120.9999999999995453,1.7039133310317993
12.5999999999999215,121.0999999999995396,1.3530222177505493
12.5999999999999215,121.1999999999995339,1.0758314132690430
12.5999999999999215,121.2999999999995282,1.3451342582702637
12.5999999999999215,121.3999999999995225,1.7910215854644775
12.5999999999999215,121.4999999999995168,2.1601080894470215
12.5999999999999215,122.0999999999994827,2.1839044094085693
12.5999999999999215,123.9999999999993747,1.7502661943435669
12.4999999999999218,120.9999999999995453,2.1147813796997070
12.4999999999999218,121.0999999999995396,1.6892448663711548
12.4999999999999218,121.1999999999995339,1.2885305881500244
12.4999999999999218,121.2999999999995282,1.5562649965286255
12.4999999999999218,121.3999999999995225,2.0107946395874023
12.4999999999999218,121.9999999999994884,2.2431061267852783
12.4999999999999218,122.4999999999994600,3.7285730838775635
12.4999999999999218,122.5999999999994543,3.9020609855651855
12.4999999999999218,123.2999999999994145,3.0767636299133301
12.4999999999999218,123.3999999999994088,2.9525067806243896
12.4999999999999218,123.4999999999994031,2.8080649375915527
12.4999999999999218,123.6999999999993918,2.3650383949279785
12.4999999999999218,124.2999999999993577,2.3931279182434082
12.4999999999999218,124.3999999999993520,2.1890058517456055
12.4999999999999218,124.4999999999993463,1.8149368762969971
12.4999999999999218,124.5999999999993406,1.6181347370147705
12.4999999999999218,124.6999999999993349,1.7468472719192505
12.4999999999999218,124.7999999999993292,1.8932249546051025
12.4999999999999218,124.8999999999993236,2.1888427734375000
12.4999999999999218,124.9999999999993179,2.3984627723693848
12.4999999999999218,125.0999999999993122,2.6171925067901611
12.4999999999999218,125.1999999999993065,2.7459745407104492
12.3999999999999222,120.9999999999995453,2.2610986232757568
12.3999999999999222,121.0999999999995396,1.9497116804122925
12.3999999999999222,121.1999999999995339,1.6018372774124146
12.3999999999999222,121.2999999999995282,1.7911276817321777
12.3999999999999222,121.9999999999994884,2.9466481208801270
12.3999999999999222,122.0999999999994827,2.7800688743591309
12.3999999999999222,122.4999999999994600,3.7686545848846436
12.3999999999999222,122.5999999999994543,3.8234436511993408
12.3999999999999222,123.2999999999994145,2.9843885898590088
12.3999999999999222,123.3999999999994088,2.7542803287506104
12.3999999999999222,123.4999999999994031,2.5574610233306885
12.3999999999999222,124.3999999999993520,1.9530419111251831
12.3999999999999222,124.4999999999993463,1.5707032680511475
12.3999999999999222,124.5999999999993406,1.2354675531387329
12.3999999999999222,124.6999999999993349,1.3876743316650391
12.3999999999999222,124.7999999999993292,1.5565088987350464
12.3999999999999222,124.8999999999993236,1.7500207424163818
12.3999999999999222,124.9999999999993179,2.0005962848663330
12.3999999999999222,125.0999999999993122,2.2769942283630371
12.3999999999999222,125.1999999999993065,2.5399041175842285
12.2999999999999226,119.8999999999996078,2.8522374629974365
12.2999999999999226,121.1999999999995339,1.8747782707214355
12.2999999999999226,121.9999999999994884,3.6870567798614502
12.2999999999999226,123.2999999999994145,2.7574608325958252
12.2999999999999226,123.3999999999994088,2.4718904495239258
12.2999999999999226,123.4999999999994031,2.2407515048980713
12.2999999999999226,123.5999999999993975,2.1247200965881348
12.2999999999999226,123.6999999999993918,2.0085749626159668
12.2999999999999226,124.3999999999993520,1.7541091442108154
12.2999999999999226,124.4999999999993463,1.2577881813049316
12.2999999999999226,124.5999999999993406,0.8718311190605164
12.2999999999999226,124.6999999999993349,0.9704626798629761
12.2999999999999226,124.7999999999993292,1.1297771930694580
12.2999999999999226,124.8999999999993236,1.3132205009460449
12.2999999999999226,124.9999999999993179,1.5850076675415039
12.2999999999999226,125.0999999999993122,1.8925435543060303
12.2999999999999226,125.1999999999993065,2.2622892856597900
12.2999999999999226,125.2999999999993008,2.7193598747253418
12.1999999999999229,119.8999999999996078,2.7854540348052979
12.1999999999999229,119.9999999999996021,2.7197318077087402
12.1999999999999229,121.9999999999994884,4.3519167900085449
12.1999999999999229,123.2999999999994145,2.5858564376831055
12.1999999999999229,123.3999999999994088,2.3536694049835205
12.1999999999999229,123.5999999999993975,1.9849377870559692
12.1999999999999229,123.6999999999993918,1.9287767410278320
12.1999999999999229,123.7999999999993861,2.0630478858947754
12.1999999999999229,123.8999999999993804,2.2688210010528564
12.1999999999999229,124.3999999999993520,1.6099340915679932
12.1999999999999229,124.4999999999993463,1.1944391727447510
12.1999999999999229,124.5999999999993406,0.6982535123825073
12.1999999999999229,124.6999999999993349,0.7787543535232544
12.1999999999999229,124.7999999999993292,0.8873823881149292
12.1999999999999229,124.8999999999993236,1.0296989679336548
12.1999999999999229,124.9999999999993179,1.2680295705795288
12.1999999999999229,125.0999999999993122,1.5631122589111328
12.1999999999999229,125.1999999999993065,1.9969446659088135
12.1999999999999229,125.2999999999993008,2.5831637382507324
12.1999999999999229,125.3999999999992951,3.1691005229949951
12.1999999999999229,125.4999999999992895,3.4231846332550049
12.0999999999999233,119.9999999999996021,2.5838632583618164
12.0999999999999233,120.0999999999995964,2.5678458213806152
12.0999999999999233,120.1999999999995907,2.5063807964324951
12.0999999999999233,120.2999999999995850,2.4452013969421387
12.0999999999999233,123.2999999999994145,2.5588846206665039
12.0999999999999233,123.6999999999993918,2.2904419898986816
12.0999999999999233,123.7999999999993861,2.4471204280853271
12.0999999999999233,123.8999999999993804,2.7432830333709717
12.0999999999999233,124.4999999999993463,1.7246814966201782
12.0999999999999233,124.5999999999993406,1.3774389028549194
12.0999999999999233,124.6999999999993349,1.2176121473312378
12.0999999999999233,124.7999999999993292,1.1103765964508057
12.0999999999999233,124.8999999999993236,1.0648155212402344
12.0999999999999233,124.9999999999993179,1.2124072313308716
12.0999999999999233,125.0999999999993122,1.3857098817825317
12.0999999999999233,125.1999999999993065,1.6998714208602905
12.0999999999999233,125.2999999999993008,2.1803593635559082
12.0999999999999233,125.3999999999992951,2.5969119071960449
11.9999999999999236,123.1999999999994202,2.4795339107513428
11.9999999999999236,123.7999999999993861,2.8737678527832031
11.9999999999999236,123.8999999999993804,3.1251146793365479
11.9999999999999236,123.9999999999993747,3.3764452934265137
11.9999999999999236,124.6999999999993349,1.5713406801223755
11.9999999999999236,124.7999999999993292,1.3756760358810425
11.9999999999999236,124.8999999999993236,1.1646251678466797
11.9999999999999236,124.9999999999993179,1.1834013462066650
11.9999999999999236,125.0999999999993122,1.2077292203903198
11.9999999999999236,125.1999999999993065,1.4024858474731445
11.9999999999999236,125.2999999999993008,1.7809931039810181
11.9999999999999236,125.3999999999992951,2.1562869548797607
11.8999999999999240,121.9999999999994884,5.2883167266845703
11.8999999999999240,123.7999999999993861,3.1886451244354248
11.8999999999999240,123.8999999999993804,3.3660371303558350
11.8999999999999240,123.9999999999993747,3.5694041252136230
11.8999999999999240,124.7999999999993292,1.8418167829513550
11.8999999999999240,124.8999999999993236,1.4666858911514282
11.8999999999999240,124.9999999999993179,1.3219116926193237
11.8999999999999240,125.0999999999993122,1.1904214620590210
11.8999999999999240,125.1999999999993065,1.2261416912078857
11.8999999999999240,125.2999999999993008,1.5067378282546997
11.7999999999999243,121.8999999999994941,4.7385153770446777
11.7999999999999243,121.9999999999994884,5.0784683227539062
11.7999999999999243,122.0999999999994827,4.8097209930419922
11.7999999999999243,122.1999999999994770,3.7534341812133789
11.7999999999999243,124.2999999999993577,4.1229848861694336
11.7999999999999243,124.8999999999993236,2.0369246006011963
11.7999999999999243,124.9999999999993179,1.6867558956146240
11.7999999999999243,125.0999999999993122,1.3381206989288330
11.7999999999999243,125.1999999999993065,1.2284067869186401
11.7999999999999243,125.2999999999993008,1.4073119163513184
11.7999999999999243,125.3999999999992951,1.5687310695648193
11.6999999999999247,119.9999999999996021,2.0225312709808350
11.6999999999999247,122.0999999999994827,4.2487759590148926
11.6999999999999247,122.1999999999994770,3.3804898262023926
11.6999999999999247,122.2999999999994714,2.4152967929840088
11.6999999999999247,122.3999999999994657,1.9709178209304810
11.6999999999999247,124.9999999999993179,1.9396746158599854
11.6999999999999247,125.0999999999993122,1.5040299892425537
11.6999999999999247,125.1999999999993065,1.2330749034881592
11.6999999999999247,125.2999999999993008,1.2988356351852417
11.6999999999999247,125.3999999999992951,1.3678865432739258
11.5999999999999250,122.1999999999994770,2.6913506984710693
11.5999999999999250,122.2999999999994714,1.8359124660491943
11.5999999999999250,122.6999999999994486,1.6842424869537354
11.5999999999999250,124.4999999999993463,4.4734301567077637
11.5999999999999250,125.0999999999993122,1.4218897819519043
11.5999999999999250,125.1999999999993065,1.1306868791580200
11.5999999999999250,125.2999999999993008,1.1861237287521362
11.5999999999999250,125.3999999999992951,1.2587741613388062
11.4999999999999254,122.0999999999994827,2.2907538414001465
11.4999999999999254,122.1999999999994770,1.8992466926574707
11.4999999999999254,122.2999999999994714,1.4293037652969360
11.4999999999999254,122.3999999999994657,1.1769940853118896
11.4999999999999254,122.4999999999994600,1.1546878814697266
11.4999999999999254,122.5999999999994543,1.2238682508468628
11.4999999999999254,122.6999999999994486,1.5707111358642578
11.4999999999999254,122.7999999999994429,1.9987760782241821
11.4999999999999254,123.0999999999994259,3.8042609691619873
11.4999999999999254,124.3999999999993520,3.7568972110748291
11.4999999999999254,124.4999999999993463,4.0761661529541016
11.4999999999999254,124.8999999999993236,2.1037697792053223
11.4999999999999254,124.9999999999993179,1.7118116617202759
11.4999999999999254,125.0999999999993122,1.1870291233062744
11.4999999999999254,125.1999999999993065,0.9513193368911743
11.4999999999999254,125.2999999999993008,1.0782425403594971
11.4999999999999254,125.3999999999992951,1.2060463428497314
11.4999999999999254,125.4999999999992895,1.4603328704833984
11.3999999999999257,122.0999999999994827,1.4768235683441162
11.3999999999999257,122.1999999999994770,1.2367340326309204
11.3999999999999257,122.2999999999994714,1.0497592687606812
11.3999999999999257,122.3999999999994657,0.9865924119949341
11.3999999999999257,122.4999999999994600,1.0366590023040771
11.3999999999999257,122.5999999999994543,1.1728504896163940
11.3999999999999257,122.6999999999994486,1.4798364639282227
11.3999999999999257,122.7999999999994429,1.8806749582290649
11.3999999999999257,122.8999999999994373,2.3647682666778564
11.3999999999999257,122.9999999999994316,3.3283097743988037
11.3999999999999257,123.0999999999994259,4.4050707817077637
11.3999999999999257,124.2999999999993577,3.3775782585144043
11.3999999999999257,124.3999999999993520,3.3886172771453857
11.3999999999999257,124.4999999999993463,3.5768060684204102
11.3999999999999257,124.8999999999993236,1.9128822088241577
11.3999999999999257,124.9999999999993179,1.4330546855926514
11.3999999999999257,125.0999999999993122,0.9815516471862793
11.3999999999999257,125.1999999999993065,0.8494074344635010
11.3999999999999257,125.2999999999993008,1.0192649364471436
11.3999999999999257,125.3999999999992951,1.1996592283248901
11.3999999999999257,125.4999999999992895,1.5544521808624268
11.2999999999999261,119.4999999999996305,2.6970956325531006
11.2999999999999261,122.0999999999994827,0.9763723015785217
11.2999999999999261,122.1999999999994770,0.8344542980194092
11.2999999999999261,122.2999999999994714,0.8779861927032471
11.2999999999999261,122.3999999999994657,0.9684131145477295
11.2999999999999261,122.4999999999994600,1.0727084875106812
11.2999999999999261,122.5999999999994543,1.2453294992446899
11.2999999999999261,122.6999999999994486,1.6643933057785034
11.2999999999999261,122.7999999999994429,2.2011518478393555
11.2999999999999261,122.8999999999994373,2.7679283618927002
11.2999999999999261,122.9999999999994316,3.6884589195251465
11.2999999999999261,123.0999999999994259,4.4585719108581543
11.2999999999999261,124.3999999999993520,2.8637392520904541
11.2999999999999261,124.4999999999993463,2.9396893978118896
11.2999999999999261,124.5999999999993406,2.9121980667114258
11.2999999999999261,124.6999999999993349,2.3626220226287842
11.2999999999999261,124.7999999999993292,1.9398499727249146
11.2999999999999261,124.8999999999993236,1.4834240674972534
11.2999999999999261,125.1999999999993065,1.0488194227218628
11.2999999999999261,125.2999999999993008,1.2169307470321655
11.2999999999999261,125.3999999999992951,1.3936413526535034
11.2999999999999261,125.4999999999992895,1.7308022975921631
11.1999999999999265,119.4999999999996305,2.2767956256866455
11.1999999999999265,122.0999999999994827,0.8262206912040710
11.1999999999999265,122.1999999999994770,0.5896885395050049
11.1999999999999265,122.2999999999994714,0.7843891382217407
11.1999999999999265,122.3999999999994657,1.0158532857894897
11.1999999999999265,122.4999999999994600,1.1792303323745728
11.1999999999999265,122.5999999999994543,1.4241883754730225
11.1999999999999265,122.6999999999994486,1.9830371141433716
11.1999999999999265,122.7999999999994429,2.7063858509063721
11.1999999999999265,122.8999999999994373,3.4313220977783203
11.1999999999999265,122.9999999999994316,4.1271529197692871
11.1999999999999265,123.7999999999993861,2.5643389225006104
11.1999999999999265,123.9999999999993747,1.8323464393615723
11.1999999999999265,124.3999999999993520,2.2884428501129150
11.1999999999999265,124.4999999999993463,2.2501440048217773
11.1999999999999265,124.5999999999993406,2.1666190624237061
11.1999999999999265,124.6999999999993349,1.7708834409713745
11.1999999999999265,124.7999999999993292,1.3143213987350464
11.1999999999999265,124.8999999999993236,1.0019814968109131
11.1999999999999265,124.9999999999993179,1.0443334579467773
11.1999999999999265,125.1999999999993065,1.3674517869949341
11.1999999999999265,125.2999999999993008,1.5373393297195435
11.1999999999999265,125.3999999999992951,1.6951038837432861
11.1999999999999265,125.4999999999992895,1.9876362085342407
11.0999999999999268,119.4999999999996305,1.9873619079589844
11.0999999999999268,122.0999999999994827,0.9215647578239441
11.0999999999999268,122.1999999999994770,0.4365805685520172
11.0999999999999268,122.2999999999994714,0.7248352169990540
11.0999999999999268,122.3999999999994657,1.0937106609344482
11.0999999999999268,122.4999999999994600,1.3262391090393066
11.0999999999999268,122.5999999999994543,1.6403111219406128
11.0999999999999268,122.6999999999994486,2.3678135871887207
11.0999999999999268,122.7999999999994429,3.2592585086822510
11.0999999999999268,122.8999999999994373,4.1196255683898926
11.0999999999999268,124.3999999999993520,1.7532519102096558
11.0999999999999268,124.4999999999993463,1.7145401239395142
11.0999999999999268,124.5999999999993406,1.5676360130310059
11.0999999999999268,124.6999999999993349,1.1994140148162842
11.0999999999999268,124.7999999999993292,0.8383135199546814
11.0999999999999268,124.8999999999993236,0.7009611725807190
11.0999999999999268,124.9999999999993179,1.0036108493804932
11.0999999999999268,125.4999999999992895,2.1014401912689209
10.9999999999999272,119.3999999999996362,2.6439254283905029
10.9999999999999272,122.0999999999994827,0.8756889104843140
10.9999999999999272,122.1999999999994770,0.3983683884143829
10.9999999999999272,122.2999999999994714,0.7543313503265381
10.9999999999999272,122.3999999999994657,1.2027163505554199
10.9999999999999272,122.4999999999994600,1.6085736751556396
10.9999999999999272,122.5999999999994543,2.1032431125640869
10.9999999999999272,122.6999999999994486,2.9246337413787842
10.9999999999999272,122.7999999999994429,3.8016707897186279
10.9999999999999272,123.9999999999993747,1.8177028894424438
10.9999999999999272,124.4999999999993463,1.5882443189620972
10.9999999999999272,124.5999999999993406,1.3891732692718506
10.9999999999999272,124.6999999999993349,1.1152123212814331
10.9999999999999272,124.7999999999993292,0.8757411241531372
10.9999999999999272,124.8999999999993236,0.8665723204612732
10.9999999999999272,124.9999999999993179,1.2531605958938599
10.8999999999999275,119.3999999999996362,2.4730784893035889
10.8999999999999275,119.4999999999996305,1.7473238706588745
10.8999999999999275,121.9999999999994884,1.0422455072402954
10.8999999999999275,122.0999999999994827,0.7541019916534424
10.8999999999999275,122.1999999999994770,0.4100731909275055
10.8999999999999275,122.2999999999994714,0.8113860487937927
10.8999999999999275,122.3999999999994657,1.3392732143402100
10.8999999999999275,122.4999999999994600,1.9197473526000977
10.8999999999999275,122.5999999999994543,2.5975141525268555
10.8999999999999275,122.6999999999994486,3.5312945842742920
10.8999999999999275,123.1999999999994202,3.1513223648071289
10.8999999999999275,123.2999999999994145,2.5597982406616211
10.8999999999999275,123.3999999999994088,1.9893738031387329
10.8999999999999275,123.9999999999993747,1.9907424449920654
10.8999999999999275,124.4999999999993463,1.5453462600708008
10.8999999999999275,124.7999999999993292,1.0518393516540527
10.8999999999999275,124.8999999999993236,1.1212501525878906
10.8999999999999275,124.9999999999993179,1.4259709119796753
10.7999999999999279,119.2999999999996419,3.6542990207672119
10.7999999999999279,119.3999999999996362,2.9641070365905762
10.7999999999999279,119.4999999999996305,1.3836835622787476
10.7999999999999279,121.9999999999994884,1.1301299333572388
10.7999999999999279,122.0999999999994827,0.6577765941619873
10.7999999999999279,122.1999999999994770,0.5518655180931091
10.7999999999999279,122.2999999999994714,0.9782786965370178
10.7999999999999279,122.3999999999994657,1.5192086696624756
10.7999999999999279,122.4999999999994600,2.2052190303802490
10.7999999999999279,122.9999999999994316,4.4350013732910156
10.7999999999999279,123.0999999999994259,3.3573315143585205
10.7999999999999279,123.1999999999994202,2.2610383033752441
10.7999999999999279,123.2999999999994145,1.8557492494583130
10.7999999999999279,123.3999999999994088,1.5125299692153931
10.7999999999999279,123.4999999999994031,1.4564064741134644
10.7999999999999279,123.8999999999993804,2.3776292800903320
10.7999999999999279,123.9999999999993747,2.2540621757507324
10.7999999999999279,124.8999999999993236,1.3007776737213135
10.6999999999999282,119.3999999999996362,2.3944246768951416
10.6999999999999282,119.4999999999996305,1.6268583536148071
10.6999999999999282,119.5999999999996248,1.7259457111358643
10.6999999999999282,121.9999999999994884,1.1856648921966553
10.6999999999999282,122.0999999999994827,0.7893190383911133
10.6999999999999282,122.1999999999994770,1.0209523439407349
10.6999999999999282,122.2999999999994714,1.2855534553527832
10.6999999999999282,122.3999999999994657,1.7875069379806519
10.6999999999999282,122.4999999999994600,2.3893227577209473
10.6999999999999282,122.5999999999994543,2.9760022163391113
10.6999999999999282,122.6999999999994486,3.4752719402313232
10.6999999999999282,122.9999999999994316,3.6789987087249756
10.6999999999999282,123.0999999999994259,2.6612985134124756
10.6999999999999282,123.1999999999994202,1.9214687347412109
10.6999999999999282,123.2999999999994145,1.8907299041748047
10.6999999999999282,123.3999999999994088,2.0391356945037842
10.6999999999999282,123.4999999999994031,1.9268170595169067
10.6999999999999282,123.8999999999993804,2.7453706264495850
10.6999999999999282,124.7999999999993292,1.2155376672744751
10.6999999999999282,124.8999999999993236,1.1965717077255249
10.6999999999999282,124.9999999999993179,1.2958325147628784
10.6999999999999282,125.7999999999992724,3.6871848106384277
10.5999999999999286,119.3999999999996362,2.3797287940979004
10.5999999999999286,119.4999999999996305,1.6715719699859619
10.5999999999999286,119.5999999999996248,1.8597258329391479
10.5999999999999286,119.7999999999996135,3.2040586471557617
10.5999999999999286,119.8999999999996078,3.3215610980987549
10.5999999999999286,121.9999999999994884,1.3984516859054565
10.5999999999999286,122.4999999999994600,2.7587585449218750
10.5999999999999286,122.5999999999994543,2.9604072570800781
10.5999999999999286,122.6999999999994486,3.0901839733123779
10.5999999999999286,122.8999999999994373,2.9242544174194336
10.5999999999999286,122.9999999999994316,2.6785457134246826
10.5999999999999286,123.0999999999994259,1.9104808568954468
10.5999999999999286,123.1999999999994202,1.5117683410644531
10.5999999999999286,123.2999999999994145,2.0437119007110596
10.5999999999999286,123.3999999999994088,2.6636028289794922
10.5999999999999286,123.6999999999993918,2.9925932884216309
10.5999999999999286,123.7999999999993861,3.0676054954528809
10.5999999999999286,123.8999999999993804,3.1634345054626465
10.5999999999999286,123.9999999999993747,3.2583482265472412
10.5999999999999286,124.7999999999993292,1.1849305629730225
10.5999999999999286,124.8999999999993236,1.0671020746231079
10.5999999999999286,124.9999999999993179,0.9818825721740723
10.5999999999999286,125.0999999999993122,1.0097007751464844
10.4999999999999289,119.2999999999996419,2.7735705375671387
10.4999999999999289,119.3999999999996362,2.2833015918731689
10.4999999999999289,119.4999999999996305,1.8197207450866699
10.4999999999999289,119.5999999999996248,1.9794259071350098
10.4999999999999289,119.7999999999996135,3.2031655311584473
10.4999999999999289,119.8999999999996078,3.3328611850738525
10.4999999999999289,121.9999999999994884,1.7342603206634521
10.4999999999999289,122.4999999999994600,2.8238210678100586
10.4999999999999289,122.5999999999994543,2.9914348125457764
10.4999999999999289,122.6999999999994486,2.9694838523864746
10.4999999999999289,122.7999999999994429,2.6233534812927246
10.4999999999999289,122.8999999999994373,2.4243781566619873
10.4999999999999289,122.9999999999994316,1.9014540910720825
10.4999999999999289,123.0999999999994259,1.4397261142730713
10.4999999999999289,123.1999999999994202,1.4263677597045898
10.4999999999999289,123.2999999999994145,2.1895914077758789
10.4999999999999289,123.3999999999994088,2.9229538440704346
10.4999999999999289,123.7999999999993861,3.1906220912933350
10.4999999999999289,123.8999999999993804,3.5006971359252930
10.4999999999999289,123.9999999999993747,3.8286736011505127
10.4999999999999289,124.7999999999993292,1.3350226879119873
10.4999999999999289,124.8999999999993236,1.0339293479919434
10.4999999999999289,124.9999999999993179,0.8599536418914795
10.4999999999999289,125.0999999999993122,0.7880806326866150
10.3999999999999293,119.0999999999996533,2.8435456752777100
10.3999999999999293,119.1999999999996476,2.5301506519317627
10.3999999999999293,119.2999999999996419,2.3563203811645508
10.3999999999999293,119.3999999999996362,2.2191860675811768
10.3999999999999293,119.4999999999996305,2.0816948413848877
10.3999999999999293,122.8999999999994373,1.8016771078109741
10.3999999999999293,122.9999999999994316,1.4929659366607666
10.3999999999999293,123.0999999999994259,1.3601912260055542
10.3999999999999293,123.1999999999994202,1.6179254055023193
10.3999999999999293,123.2999999999994145,2.4571902751922607
10.3999999999999293,123.6999999999993918,3.1348118782043457
10.3999999999999293,123.7999999999993861,3.2274420261383057
10.3999999999999293,123.8999999999993804,3.6324462890625000
10.3999999999999293,123.9999999999993747,3.9175415039062500
10.3999999999999293,124.7999999999993292,1.4311853647232056
10.3999999999999293,124.8999999999993236,1.1127655506134033
10.3999999999999293,124.9999999999993179,1.0638425350189209
10.3999999999999293,125.0999999999993122,1.0825005769729614
10.3999999999999293,125.1999999999993065,1.5258018970489502
10.3999999999999293,125.5999999999992838,5.0510797500610352
10.2999999999999297,118.9999999999996589,2.7171244621276855
10.2999999999999297,119.0999999999996533,2.4457933902740479
10.2999999999999297,119.1999999999996476,2.0860099792480469
10.2999999999999297,119.2999999999996419,1.9111639261245728
10.2999999999999297,122.8999999999994373,1.1747850179672241
10.2999999999999297,122.9999999999994316,1.0920774936676025
10.2999999999999297,123.0999999999994259,1.3672729730606079
10.2999999999999297,123.1999999999994202,1.9081010818481445
10.2999999999999297,123.2999999999994145,2.7177515029907227
10.2999999999999297,123.5999999999993975,3.6768431663513184
10.2999999999999297,123.6999999999993918,3.3007645606994629
10.2999999999999297,123.7999999999993861,3.2995326519012451
10.2999999999999297,124.7999999999993292,1.6054761409759521
10.2999999999999297,124.8999999999993236,1.1767544746398926
10.2999999999999297,125.0999999999993122,1.4128730297088623
10.2999999999999297,125.1999999999993065,1.9009422063827515
10.2999999999999297,125.5999999999992838,5.5215177536010742
10.1999999999999300,118.7999999999996703,3.6122696399688721
10.1999999999999300,118.9999999999996589,2.6507029533386230
10.1999999999999300,119.0999999999996533,2.4984564781188965
10.1999999999999300,119.1999999999996476,2.3046500682830811
10.1999999999999300,122.8999999999994373,0.9458377361297607
10.1999999999999300,122.9999999999994316,0.8965939283370972
10.1999999999999300,123.0999999999994259,1.3045203685760498
10.1999999999999300,123.1999999999994202,1.8558852672576904
10.1999999999999300,123.2999999999994145,2.4753603935241699
10.1999999999999300,123.5999999999993975,3.6683268547058105
10.1999999999999300,123.6999999999993918,3.3923883438110352
10.1999999999999300,124.8999999999993236,2.2268795967102051
10.1999999999999300,125.5999999999992838,6.1892004013061523
10.0999999999999304,118.8999999999996646,3.0965859889984131
10.0999999999999304,118.9999999999996589,2.9761872291564941
10.0999999999999304,119.0999999999996533,3.0564730167388916
10.0999999999999304,119.1999999999996476,3.1078538894653320
10.0999999999999304,122.8999999999994373,0.7995568513870239
10.0999999999999304,122.9999999999994316,0.8311107158660889
10.0999999999999304,123.0999999999994259,1.1783906221389771
10.0999999999999304,123.1999999999994202,1.6421970129013062
10.0999999999999304,123.4999999999994031,3.1396543979644775
10.0999999999999304,123.5999999999993975,3.3241498470306396
10.0999999999999304,124.1999999999993634,3.0151555538177490
10.0999999999999304,124.2999999999993577,2.8535661697387695
10.0999999999999304,124.3999999999993520,3.2179248332977295
10.0999999999999304,125.1999999999993065,5.0260915756225586
10.0999999999999304,125.5999999999992838,6.5905723571777344
9.9999999999999307,118.7999999999996703,2.8724586963653564
9.9999999999999307,118.8999999999996646,3.0200557708740234
9.9999999999999307,118.9999999999996589,3.2201116085052490
9.9999999999999307,119.0999999999996533,3.4650044441223145
9.9999999999999307,122.7999999999994429,1.0517235994338989
9.9999999999999307,122.8999999999994373,0.7525129318237305
9.9999999999999307,122.9999999999994316,0.7935332655906677
9.9999999999999307,123.0999999999994259,1.1068915128707886
9.9999999999999307,123.1999999999994202,1.3964300155639648
9.9999999999999307,123.3999999999994088,2.2588992118835449
9.9999999999999307,123.4999999999994031,2.5364289283752441
9.9999999999999307,123.5999999999993975,2.9283597469329834
9.9999999999999307,124.0999999999993690,2.4918060302734375
9.9999999999999307,124.1999999999993634,2.3059518337249756
9.9999999999999307,124.2999999999993577,2.1769397258758545
9.9999999999999307,124.3999999999993520,2.8818686008453369
9.9999999999999307,124.4999999999993463,3.8173460960388184
9.9999999999999307,125.1999999999993065,6.3724184036254883
9.9999999999999307,125.5999999999992838,6.9780287742614746
9.8999999999999311,118.5999999999996817,2.4572331905364990
9.8999999999999311,118.6999999999996760,2.1800181865692139
9.8999999999999311,122.3999999999994657,2.9741392135620117
9.8999999999999311,122.4999999999994600,2.2612764835357666
9.8999999999999311,122.5999999999994543,1.4921190738677979
9.8999999999999311,122.6999999999994486,1.1268492937088013
9.8999999999999311,122.7999999999994429,0.9211953282356262
9.8999999999999311,122.8999999999994373,0.7396106123924255
9.8999999999999311,122.9999999999994316,0.9554608464241028
9.8999999999999311,123.0999999999994259,1.3519670963287354
9.8999999999999311,123.3999999999994088,2.1567714214324951
9.8999999999999311,123.4999999999994031,2.3880581855773926
9.8999999999999311,123.5999999999993975,3.0159647464752197
9.8999999999999311,123.8999999999993804,3.2380225658416748
9.8999999999999311,123.9999999999993747,2.7038686275482178
9.8999999999999311,124.0999999999993690,2.3812220096588135
9.8999999999999311,124.1999999999993634,2.1882290840148926
9.8999999999999311,124.2999999999993577,2.0494942665100098
9.8999999999999311,124.3999999999993520,3.0089502334594727
9.8999999999999311,124.4999999999993463,4.1906437873840332
9.8999999999999311,125.5999999999992838,6.1107463836669922
9.8999999999999311,125.9999999999992610,5.7540683746337891
9.7999999999999314,118.5999999999996817,2.4421226978302002
9.7999999999999314,118.6999999999996760,1.6943662166595459
9.7999999999999314,122.4999999999994600,2.0248391628265381
9.7999999999999314,122.5999999999994543,1.2017601728439331
9.7999999999999314,122.6999999999994486,0.9455207586288452
9.7999999999999314,122.7999999999994429,0.8673883676528931
9.7999999999999314,122.8999999999994373,0.9000294804573059
9.7999999999999314,122.9999999999994316,1.2475062608718872
9.7999999999999314,123.0999999999994259,1.7347941398620605
9.7999999999999314,123.3999999999994088,2.2600917816162109
9.7999999999999314,123.4999999999994031,2.3728301525115967
9.7999999999999314,123.8999999999993804,3.3857986927032471
9.7999999999999314,123.9999999999993747,2.7671756744384766
9.7999999999999314,124.0999999999993690,2.4939541816711426
9.7999999999999314,124.1999999999993634,2.4137349128723145
9.7999999999999314,124.2999999999993577,2.5048334598541260
9.7999999999999314,124.3999999999993520,3.4323968887329102
9.7999999999999314,124.4999999999993463,4.6852645874023438
9.7999999999999314,125.9999999999992610,5.2766251564025879
9.7999999999999314,126.0999999999992554,4.9278998374938965
9.6999999999999318,118.3999999999996930,3.7515234947204590
9.6999999999999318,118.4999999999996874,3.0970139503479004
9.6999999999999318,118.5999999999996817,2.1957335472106934
9.6999999999999318,118.6999999999996760,1.6015453338623047
9.6999999999999318,122.4999999999994600,1.8867294788360596
9.6999999999999318,122.5999999999994543,1.1144191026687622
9.6999999999999318,122.6999999999994486,0.8804069757461548
9.6999999999999318,122.7999999999994429,0.9180737137794495
9.6999999999999318,122.8999999999994373,1.0827533006668091
9.6999999999999318,122.9999999999994316,1.5314121246337891
9.6999999999999318,123.0999999999994259,2.0718951225280762
9.6999999999999318,123.3999999999994088,2.4578089714050293
9.6999999999999318,123.8999999999993804,3.6528680324554443
9.6999999999999318,123.9999999999993747,3.0245180130004883
9.6999999999999318,124.0999999999993690,2.8190164566040039
9.6999999999999318,124.1999999999993634,2.8415846824645996
9.6999999999999318,124.2999999999993577,2.9080963134765625
9.6999999999999318,124.3999999999993520,3.7367494106292725
9.6999999999999318,125.4999999999992895,3.9109032154083252
9.5999999999999321,118.3999999999996930,3.1265263557434082
9.5999999999999321,118.4999999999996874,2.5698409080505371
9.5999999999999321,118.5999999999996817,2.0004050731658936
9.5999999999999321,118.6999999999996760,1.5472131967544556
9.5999999999999321,122.4999999999994600,1.9984140396118164
9.5999999999999321,122.5999999999994543,1.5400441884994507
9.5999999999999321,122.6999999999994486,1.3680236339569092
9.5999999999999321,122.7999999999994429,1.3874067068099976
9.5999999999999321,122.8999999999994373,1.4641045331954956
9.5999999999999321,122.9999999999994316,1.7046339511871338
9.5999999999999321,123.0999999999994259,2.0043373107910156
9.5999999999999321,123.2999999999994145,2.5791304111480713
9.5999999999999321,123.3999999999994088,2.6944882869720459
9.5999999999999321,123.7999999999993861,4.9783854484558105
9.5999999999999321,125.3999999999992951,3.4927000999450684
9.5999999999999321,125.4999999999992895,3.4900248050689697
9.5999999999999321,125.5999999999992838,3.4972858428955078
9.5999999999999321,125.6999999999992781,3.5095231533050537
9.4999999999999325,118.2999999999996987,2.6389501094818115
9.4999999999999325,118.3999999999996930,2.2144651412963867
9.4999999999999325,118.4999999999996874,1.9992591142654419
9.4999999999999325,118.5999999999996817,1.8887633085250854
9.4999999999999325,122.5999999999994543,2.3231644630432129
9.4999999999999325,122.6999999999994486,2.1140987873077393
9.4999999999999325,122.7999999999994429,1.9936884641647339
9.4999999999999325,122.8999999999994373,1.8681753873825073
9.4999999999999325,122.9999999999994316,1.8412899971008301
9.4999999999999325,123.0999999999994259,1.9225702285766602
9.4999999999999325,123.3999999999994088,2.7771408557891846
9.4999999999999325,125.4999999999992895,3.2123255729675293
9.4999999999999325,125.5999999999992838,2.9376735687255859
9.4999999999999325,125.6999999999992781,2.6687052249908447
9.4999999999999325,125.7999999999992724,2.4018445014953613
9.3999999999999329,118.1999999999997044,2.1227464675903320
9.3999999999999329,118.2999999999996987,1.8938832283020020
9.3999999999999329,118.3999999999996930,1.5962502956390381
9.3999999999999329,118.4999999999996874,1.7084959745407104
9.3999999999999329,122.7999999999994429,2.4824633598327637
9.3999999999999329,122.8999999999994373,2.2027420997619629
9.3999999999999329,122.9999999999994316,1.9956912994384766
9.3999999999999329,123.0999999999994259,1.8495717048645020
9.3999999999999329,123.1999999999994202,1.9611796140670776
9.3999999999999329,125.5999999999992838,2.3312511444091797
9.3999999999999329,125.6999999999992781,1.8492276668548584
9.3999999999999329,125.7999999999992724,1.5522506237030029
9.3999999999999329,125.8999999999992667,1.3117958307266235
9.2999999999999332,118.0999999999997101,1.8943737745285034
9.2999999999999332,118.1999999999997044,1.8252849578857422
9.2999999999999332,118.2999999999996987,1.7920948266983032
9.2999999999999332,118.3999999999996930,1.7659488916397095
9.2999999999999332,122.8999999999994373,2.3089177608489990
9.2999999999999332,122.9999999999994316,2.0698971748352051
9.2999999999999332,123.0999999999994259,1.8961857557296753
9.2999999999999332,123.1999999999994202,1.9495847225189209
9.2999999999999332,123.2999999999994145,2.6873793601989746
9.2999999999999332,125.5999999999992838,1.6327375173568726
9.2999999999999332,125.6999999999992781,1.1888132095336914
9.2999999999999332,125.7999999999992724,1.0460112094879150
9.2999999999999332,125.8999999999992667,1.0337543487548828
9.1999999999999336,117.8999999999997215,2.0421378612518311
9.1999999999999336,117.9999999999997158,1.8967405557632446
9.1999999999999336,118.0999999999997101,1.4969888925552368
9.1999999999999336,118.1999999999997044,1.5711207389831543
9.1999999999999336,122.8999999999994373,2.3522272109985352
9.1999999999999336,122.9999999999994316,2.1437947750091553
9.1999999999999336,123.0999999999994259,1.9619866609573364
9.1999999999999336,123.1999999999994202,2.1352794170379639
9.1999999999999336,123.4999999999994031,6.0682601928710938
9.1999999999999336,123.5999999999993975,6.5442290306091309
9.1999999999999336,124.6999999999993349,6.3088741302490234
9.1999999999999336,124.7999999999993292,6.0302062034606934
9.1999999999999336,125.5999999999992838,1.0711174011230469
9.1999999999999336,125.6999999999992781,0.6719969511032104
9.1999999999999336,125.7999999999992724,0.5992423892021179
9.1999999999999336,125.8999999999992667,0.7343291640281677
9.1999999999999336,125.9999999999992610,0.9304536581039429
9.1999999999999336,126.0999999999992554,1.0309303998947144
9.0999999999999339,117.7999999999997272,2.1958181858062744
9.0999999999999339,117.8999999999997215,1.8081159591674805
9.0999999999999339,117.9999999999997158,1.5783711671829224
9.0999999999999339,122.9999999999994316,2.4037544727325439
9.0999999999999339,123.0999999999994259,2.2765347957611084
9.0999999999999339,123.5999999999993975,6.6089091300964355
9.0999999999999339,125.5999999999992838,0.8620491027832031
9.0999999999999339,125.6999999999992781,0.5908843874931335
9.0999999999999339,125.7999999999992724,0.4094019830226898
9.0999999999999339,125.8999999999992667,0.5410606265068054
9.0999999999999339,125.9999999999992610,0.8413212299346924
9.0999999999999339,126.0999999999992554,0.9418083429336548
8.9999999999999343,117.5999999999997385,3.0890824794769287
8.9999999999999343,117.6999999999997328,2.7622108459472656
8.9999999999999343,117.7999999999997272,2.2165081501007080
8.9999999999999343,117.8999999999997215,2.0413379669189453
8.9999999999999343,117.9999999999997158,2.0988988876342773
8.9999999999999343,125.2999999999993008,0.8011170029640198
8.9999999999999343,125.3999999999992951,0.9189093708992004
8.9999999999999343,125.5999999999992838,0.9025531411170959
8.9999999999999343,125.6999999999992781,0.7549468278884888
8.9999999999999343,125.7999999999992724,0.5173190236091614
8.9999999999999343,125.8999999999992667,0.5092288851737976
8.9999999999999343,125.9999999999992610,0.7487631440162659
8.9999999999999343,126.0999999999992554,0.8742485642433167
8.9999999999999343,126.1999999999992497,0.9725722074508667
8.8999999999999346,117.4999999999997442,2.9087150096893311
8.8999999999999346,117.5999999999997385,2.4832336902618408
8.8999999999999346,117.6999999999997328,2.2627491950988770
8.8999999999999346,117.7999999999997272,2.0839498043060303
8.8999999999999346,117.8999999999997215,2.2338047027587891
8.8999999999999346,117.9999999999997158,2.5346007347106934
8.8999999999999346,124.7999999999993292,2.5259752273559570
8.8999999999999346,124.8999999999993236,2.2044918537139893
8.8999999999999346,124.9999999999993179,1.7520278692245483
8.8999999999999346,125.1999999999993065,0.6316048502922058
8.8999999999999346,125.2999999999993008,0.4938190579414368
8.8999999999999346,125.3999999999992951,0.8687179684638977
8.8999999999999346,125.4999999999992895,1.0642260313034058
8.8999999999999346,125.5999999999992838,1.0337466001510620
8.8999999999999346,125.6999999999992781,0.9731752872467041
8.8999999999999346,125.7999999999992724,0.7320634126663208
8.8999999999999346,125.8999999999992667,0.6056880354881287
8.8999999999999346,125.9999999999992610,0.7770569324493408
8.8999999999999346,126.0999999999992554,0.8865301012992859
8.8999999999999346,126.1999999999992497,0.9729424715042114
8.8999999999999346,126.2999999999992440,1.0860736370086670
8.7999999999999350,117.4999999999997442,2.7121107578277588
8.7999999999999350,117.5999999999997385,2.3841238021850586
8.7999999999999350,117.6999999999997328,2.5506777763366699
8.7999999999999350,117.7999999999997272,2.6590530872344971
8.7999999999999350,117.8999999999997215,2.6659877300262451
8.7999999999999350,124.8999999999993236,1.3901854753494263
8.7999999999999350,124.9999999999993179,1.1117171049118042
8.7999999999999350,125.0999999999993122,0.8937541246414185
8.7999999999999350,125.1999999999993065,0.5982875823974609
8.7999999999999350,125.2999999999993008,0.3358061015605927
8.7999999999999350,125.3999999999992951,0.6540763378143311
8.7999999999999350,125.4999999999992895,0.8449095487594604
8.7999999999999350,125.5999999999992838,0.8776617050170898
8.7999999999999350,125.6999999999992781,0.9048651456832886
8.7999999999999350,125.7999999999992724,0.7128219604492188
8.7999999999999350,125.8999999999992667,0.6552494764328003
8.7999999999999350,125.9999999999992610,0.8249711990356445
8.7999999999999350,126.0999999999992554,0.9773827791213989
8.7999999999999350,126.1999999999992497,1.1292876005172729
8.7999999999999350,126.2999999999992440,1.1424547433853149
8.6999999999999353,117.3999999999997499,3.1511294841766357
8.6999999999999353,117.4999999999997442,2.9477727413177490
8.6999999999999353,117.5999999999997385,3.0400941371917725
8.6999999999999353,123.4999999999994031,3.5480484962463379
8.6999999999999353,124.7999999999993292,1.2533563375473022
8.6999999999999353,124.8999999999993236,0.9335462450981140
8.6999999999999353,124.9999999999993179,0.8760299682617188
8.6999999999999353,125.0999999999993122,0.9765650629997253
8.6999999999999353,125.1999999999993065,0.9304633736610413
8.6999999999999353,125.2999999999993008,0.7000361680984497
8.6999999999999353,125.3999999999992951,0.5923902988433838
8.6999999999999353,125.4999999999992895,0.5609650611877441
8.6999999999999353,125.5999999999992838,0.5292761325836182
8.6999999999999353,125.6999999999992781,0.5313853025436401
8.6999999999999353,125.7999999999992724,0.5328589081764221
8.6999999999999353,125.8999999999992667,0.6454836726188660
8.6999999999999353,125.9999999999992610,0.8542892336845398
8.6999999999999353,126.0999999999992554,1.1063294410705566
8.5999999999999357,117.3999999999997499,3.0980842113494873
8.5999999999999357,117.4999999999997442,3.2474057674407959
8.5999999999999357,123.3999999999994088,2.5427129268646240
8.5999999999999357,123.4999999999994031,2.3431475162506104
8.5999999999999357,123.5999999999993975,2.5127365589141846
8.5999999999999357,123.6999999999993918,2.7259874343872070
8.5999999999999357,124.7999999999993292,1.1951763629913330
8.5999999999999357,124.8999999999993236,0.8443993330001831
8.5999999999999357,124.9999999999993179,0.6616449952125549
8.5999999999999357,125.0999999999993122,1.0060095787048340
8.5999999999999357,125.1999999999993065,1.2545695304870605
8.5999999999999357,125.2999999999993008,1.1462601423263550
8.5999999999999357,125.3999999999992951,1.0690784454345703
8.5999999999999357,125.4999999999992895,0.8953824043273926
8.5999999999999357,125.5999999999992838,0.6647002696990967
8.5999999999999357,125.6999999999992781,0.4552810192108154
8.5999999999999357,125.7999999999992724,0.5325403213500977
8.5999999999999357,125.8999999999992667,0.6833025217056274
8.5999999999999357,125.9999999999992610,0.8603997826576233
8.5999999999999357,126.0999999999992554,1.2112876176834106
8.4999999999999361,117.1999999999997613,4.6860117912292480
8.4999999999999361,117.2999999999997556,3.7916545867919922
8.4999999999999361,117.3999999999997499,3.4175343513488770
8.4999999999999361,123.0999999999994259,2.5854053497314453
8.4999999999999361,123.2999999999994145,1.8119459152221680
8.4999999999999361,123.3999999999994088,1.6615084409713745
8.4999999999999361,123.4999999999994031,1.4375313520431519
8.4999999999999361,123.5999999999993975,1.7065602540969849
8.4999999999999361,123.6999999999993918,2.0008375644683838
8.4999999999999361,123.7999999999993861,2.1489753723144531
8.4999999999999361,124.2999999999993577,1.6710982322692871
8.4999999999999361,124.3999999999993520,1.3892915248870850
8.4999999999999361,124.4999999999993463,1.2609450817108154
8.4999999999999361,124.6999999999993349,1.2832995653152466
8.4999999999999361,124.7999999999993292,1.1163456439971924
8.4999999999999361,124.8999999999993236,0.8006789088249207
8.4999999999999361,124.9999999999993179,0.4374311864376068
8.4999999999999361,125.0999999999993122,0.8482728004455566
8.4999999999999361,125.1999999999993065,1.1993365287780762
8.4999999999999361,125.2999999999993008,1.1998672485351562
8.4999999999999361,125.3999999999992951,1.2001181840896606
8.4999999999999361,125.4999999999992895,1.0458987951278687
8.4999999999999361,125.5999999999992838,0.8055036067962646
8.4999999999999361,125.6999999999992781,0.5709571242332458
8.4999999999999361,125.7999999999992724,0.5817110538482666
8.4999999999999361,125.8999999999992667,0.6629835367202759
8.4999999999999361,125.9999999999992610,0.7856686711311340
8.4999999999999361,126.0999999999992554,1.1491494178771973
8.4999999999999361,126.1999999999992497,1.5576243400573730
8.4999999999999361,126.2999999999992440,1.8917346000671387
8.3999999999999364,123.0999999999994259,1.9889907836914062
8.3999999999999364,123.1999999999994202,1.6768298149108887
8.3999999999999364,123.2999999999994145,1.4028486013412476
8.3999999999999364,123.3999999999994088,1.1709096431732178
8.3999999999999364,123.4999999999994031,1.1161246299743652
8.3999999999999364,123.5999999999993975,1.3277105093002319
8.3999999999999364,123.6999999999993918,1.6542825698852539
8.3999999999999364,123.7999999999993861,1.9844126701354980
8.3999999999999364,124.2999999999993577,1.5918096303939819
8.3999999999999364,124.3999999999993520,1.1987731456756592
8.3999999999999364,124.4999999999993463,1.1426193714141846
8.3999999999999364,124.5999999999993406,1.3825736045837402
8.3999999999999364,124.6999999999993349,1.1881952285766602
8.3999999999999364,124.7999999999993292,0.9473033547401428
8.3999999999999364,124.8999999999993236,0.5974352359771729
8.3999999999999364,124.9999999999993179,0.2153136283159256
8.3999999999999364,125.0999999999993122,0.6919221878051758
8.3999999999999364,125.1999999999993065,1.0279358625411987
8.3999999999999364,125.2999999999993008,1.0669385194778442
8.3999999999999364,125.3999999999992951,1.0858089923858643
8.3999999999999364,125.4999999999992895,0.9924032092094421
8.3999999999999364,125.5999999999992838,0.8120116591453552
8.3999999999999364,125.6999999999992781,0.6611773967742920
8.3999999999999364,125.7999999999992724,0.6363495588302612
8.3999999999999364,125.8999999999992667,0.6518445014953613
8.3999999999999364,125.9999999999992610,0.6670228242874146
8.3999999999999364,126.0999999999992554,1.0210297107696533
8.3999999999999364,126.1999999999992497,1.4101222753524780
8.3999999999999364,126.2999999999992440,1.7205984592437744
8.2999999999999368,117.2999999999997556,6.9400768280029297
8.2999999999999368,122.9999999999994316,1.5430665016174316
8.2999999999999368,123.0999999999994259,1.3443990945816040
8.2999999999999368,123.1999999999994202,1.0614424943923950
8.2999999999999368,123.2999999999994145,1.0205390453338623
8.2999999999999368,123.3999999999994088,1.0411570072174072
8.2999999999999368,123.4999999999994031,1.0693553686141968
8.2999999999999368,123.5999999999993975,1.1636520624160767
8.2999999999999368,123.6999999999993918,1.4398683309555054
8.2999999999999368,123.7999999999993861,1.7770884037017822
8.2999999999999368,124.2999999999993577,1.3419173955917358
8.2999999999999368,124.3999999999993520,1.0577721595764160
8.2999999999999368,124.4999999999993463,1.0457336902618408
8.2999999999999368,124.5999999999993406,1.1982737779617310
8.2999999999999368,124.6999999999993349,0.9882056117057800
8.2999999999999368,124.7999999999993292,0.7326171994209290
8.2999999999999368,124.8999999999993236,0.4032880067825317
8.2999999999999368,124.9999999999993179,0.1717719882726669
8.2999999999999368,125.0999999999993122,0.7392354607582092
8.2999999999999368,125.1999999999993065,1.0364291667938232
8.2999999999999368,125.2999999999993008,1.0164713859558105
8.2999999999999368,125.3999999999992951,1.0305564403533936
8.2999999999999368,125.4999999999992895,0.9498133063316345
8.2999999999999368,125.5999999999992838,0.8277376890182495
8.2999999999999368,125.6999999999992781,0.7510901093482971
8.2999999999999368,125.7999999999992724,0.7178922295570374
8.2999999999999368,125.8999999999992667,0.6889535188674927
8.2999999999999368,125.9999999999992610,0.6912083029747009
8.2999999999999368,126.0999999999992554,0.9134594202041626
8.2999999999999368,126.1999999999992497,1.2569322586059570
8.2999999999999368,126.2999999999992440,1.5496083498001099
8.1999999999999371,122.9999999999994316,1.1044552326202393
8.1999999999999371,123.0999999999994259,0.7995249629020691
8.1999999999999371,123.1999999999994202,0.5677080154418945
8.1999999999999371,123.2999999999994145,0.6367477774620056
8.1999999999999371,123.3999999999994088,0.7531673908233643
8.1999999999999371,123.4999999999994031,0.8269674181938171
8.1999999999999371,123.5999999999993975,0.9326517581939697
8.1999999999999371,123.6999999999993918,1.1925846338272095
8.1999999999999371,123.7999999999993861,1.5087877511978149
8.1999999999999371,124.0999999999993690,1.9797405004501343
8.1999999999999371,124.1999999999993634,1.6624635457992554
8.1999999999999371,124.2999999999993577,1.3680247068405151
8.1999999999999371,124.3999999999993520,1.1434608697891235
8.1999999999999371,124.4999999999993463,1.0562281608581543
8.1999999999999371,124.5999999999993406,1.1013306379318237
8.1999999999999371,124.6999999999993349,0.7409092783927917
8.1999999999999371,124.7999999999993292,0.3725500404834747
8.1999999999999371,124.8999999999993236,0.0444577857851982
8.1999999999999371,124.9999999999993179,0.4464355409145355
8.1999999999999371,125.0999999999993122,0.8733480572700500
8.1999999999999371,125.1999999999993065,1.0855084657669067
8.1999999999999371,125.2999999999993008,1.0613131523132324
8.1999999999999371,125.3999999999992951,1.0544469356536865
8.1999999999999371,125.4999999999992895,0.9769168496131897
8.1999999999999371,125.5999999999992838,0.8448014259338379
8.1999999999999371,125.6999999999992781,0.7311536669731140
8.1999999999999371,125.7999999999992724,0.6547799110412598
8.1999999999999371,125.8999999999992667,0.6189492344856262
8.1999999999999371,125.9999999999992610,0.6200370788574219
8.1999999999999371,126.0999999999992554,0.7388241291046143
8.1999999999999371,126.1999999999992497,1.0220588445663452
8.1999999999999371,126.2999999999992440,1.3065575361251831
8.1999999999999371,126.3999999999992383,1.3137387037277222
8.0999999999999375,116.9999999999997726,7.6822409629821777
8.0999999999999375,122.7999999999994429,1.1118915081024170
8.0999999999999375,122.8999999999994373,0.9015754461288452
8.0999999999999375,122.9999999999994316,0.6074533462524414
8.0999999999999375,123.0999999999994259,0.2885296046733856
8.0999999999999375,123.1999999999994202,0.0732873678207397
8.0999999999999375,123.2999999999994145,0.1695603728294373
8.0999999999999375,123.3999999999994088,0.3119173347949982
8.0999999999999375,123.4999999999994031,0.4477178156375885
8.0999999999999375,123.5999999999993975,0.6395992636680603
8.0999999999999375,123.6999999999993918,0.9029614925384521
8.0999999999999375,123.7999999999993861,1.1896433830261230
8.0999999999999375,123.9999999999993747,1.7904356718063354
8.0999999999999375,124.0999999999993690,1.7795672416687012
8.0999999999999375,124.1999999999993634,1.6561089754104614
8.0999999999999375,124.2999999999993577,1.5136085748672485
8.0999999999999375,124.3999999999993520,1.3093154430389404
8.0999999999999375,124.4999999999993463,1.1353574991226196
8.0999999999999375,124.5999999999993406,0.9693717360496521
8.0999999999999375,124.6999999999993349,0.5591715574264526
8.0999999999999375,124.7999999999993292,0.2302508950233459
8.0999999999999375,124.8999999999993236,0.4755969643592834
8.0999999999999375,124.9999999999993179,0.7569192051887512
8.0999999999999375,125.0999999999993122,1.0432785749435425
8.0999999999999375,125.1999999999993065,1.1748778820037842
8.0999999999999375,125.2999999999993008,1.1403443813323975
8.0999999999999375,125.3999999999992951,1.1249331235885620
8.0999999999999375,125.4999999999992895,1.0280627012252808
8.0999999999999375,125.5999999999992838,0.8802180290222168
8.0999999999999375,125.6999999999992781,0.7307440638542175
8.0999999999999375,125.7999999999992724,0.5678365826606750
8.0999999999999375,125.8999999999992667,0.4966449141502380
8.0999999999999375,125.9999999999992610,0.5358814597129822
8.0999999999999375,126.0999999999992554,0.5401061177253723
8.0999999999999375,126.1999999999992497,0.7586971521377563
8.0999999999999375,126.2999999999992440,1.0295441150665283
8.0999999999999375,126.3999999999992383,1.2113589048385620
7.9999999999999378,116.9999999999997726,7.8291659355163574
7.9999999999999378,122.2999999999994714,1.5857671499252319
7.9999999999999378,122.3999999999994657,1.2370070219039917
7.9999999999999378,122.4999999999994600,1.0737903118133545
7.9999999999999378,122.5999999999994543,0.9412326216697693
7.9999999999999378,122.6999999999994486,0.8136946558952332
7.9999999999999378,122.7999999999994429,0.7524403929710388
7.9999999999999378,122.8999999999994373,0.7742555737495422
7.9999999999999378,122.9999999999994316,0.5141565203666687
7.9999999999999378,123.0999999999994259,0.3796671032905579
7.9999999999999378,123.1999999999994202,0.4775898456573486
7.9999999999999378,123.2999999999994145,0.2779395878314972
7.9999999999999378,123.3999999999994088,0.0496158860623837
7.9999999999999378,123.4999999999994031,0.1718852370977402
7.9999999999999378,123.5999999999993975,0.4049118459224701
7.9999999999999378,123.6999999999993918,0.6342487335205078
7.9999999999999378,123.7999999999993861,0.8730375170707703
7.9999999999999378,123.8999999999993804,1.1372859477996826
7.9999999999999378,123.9999999999993747,1.3852229118347168
7.9999999999999378,124.0999999999993690,1.4926254749298096
7.9999999999999378,124.1999999999993634,1.5064057111740112
7.9999999999999378,124.2999999999993577,1.5075002908706665
7.9999999999999378,124.3999999999993520,1.3258690834045410
7.9999999999999378,124.4999999999993463,1.1005837917327881
7.9999999999999378,124.5999999999993406,0.8674995899200439
7.9999999999999378,124.6999999999993349,0.4960736930370331
7.9999999999999378,124.7999999999993292,0.5407106280326843
7.9999999999999378,124.8999999999993236,0.8687167167663574
7.9999999999999378,124.9999999999993179,0.9893862009048462
7.9999999999999378,125.0999999999993122,1.1420496702194214
7.9999999999999378,125.1999999999993065,1.2278896570205688
7.9999999999999378,125.2999999999993008,1.1922127008438110
7.9999999999999378,125.3999999999992951,1.1613687276840210
7.9999999999999378,125.4999999999992895,1.0483667850494385
7.9999999999999378,125.5999999999992838,0.8952875733375549
7.9999999999999378,125.6999999999992781,0.7480105161666870
7.9999999999999378,125.7999999999992724,0.5102815032005310
7.9999999999999378,125.8999999999992667,0.3981718122959137
7.9999999999999378,125.9999999999992610,0.5141558051109314
7.9999999999999378,126.0999999999992554,0.4225399196147919
7.9999999999999378,126.1999999999992497,0.5822194218635559
7.9999999999999378,126.2999999999992440,0.8707463741302490
7.8999999999999382,116.9999999999997726,8.0576591491699219
7.8999999999999382,122.2999999999994714,1.1769765615463257
7.8999999999999382,122.3999999999994657,0.7021490335464478
7.8999999999999382,122.4999999999994600,0.5420562624931335
7.8999999999999382,122.5999999999994543,0.4825085401535034
7.8999999999999382,122.6999999999994486,0.5158423185348511
7.8999999999999382,122.7999999999994429,0.6054897904396057
7.8999999999999382,122.8999999999994373,0.6858237981796265
7.8999999999999382,122.9999999999994316,0.5798928141593933
7.8999999999999382,123.0999999999994259,0.5876306891441345
7.8999999999999382,123.1999999999994202,0.6765113472938538
7.8999999999999382,123.2999999999994145,0.4232583045959473
7.8999999999999382,123.3999999999994088,0.1342285275459290
7.8999999999999382,123.4999999999994031,0.1461438238620758
7.8999999999999382,123.5999999999993975,0.3229307830333710
7.8999999999999382,123.6999999999993918,0.4957229495048523
7.8999999999999382,123.7999999999993861,0.6340063810348511
7.8999999999999382,123.8999999999993804,0.7494722008705139
7.8999999999999382,123.9999999999993747,0.8652536869049072
7.8999999999999382,124.0999999999993690,0.9431517124176025
7.8999999999999382,124.1999999999993634,1.0143685340881348
7.8999999999999382,124.2999999999993577,1.0669889450073242
7.8999999999999382,124.3999999999993520,0.9154243469238281
7.8999999999999382,124.4999999999993463,0.7173417210578918
7.8999999999999382,124.5999999999993406,0.5470110774040222
7.8999999999999382,124.6999999999993349,0.5602092146873474
7.8999999999999382,124.7999999999993292,0.7603777647018433
7.8999999999999382,124.8999999999993236,0.9448553919792175
7.8999999999999382,124.9999999999993179,0.9740175008773804
7.8999999999999382,125.0999999999993122,1.0689730644226074
7.8999999999999382,125.1999999999993065,1.1482527256011963
7.8999999999999382,125.2999999999993008,1.1250760555267334
7.8999999999999382,125.3999999999992951,1.1061571836471558
7.8999999999999382,125.4999999999992895,0.9795683026313782
7.8999999999999382,125.5999999999992838,0.8148679137229919
7.8999999999999382,125.6999999999992781,0.7026160359382629
7.8999999999999382,125.7999999999992724,0.4333509802818298
7.8999999999999382,125.8999999999992667,0.3922154605388641
7.8999999999999382,125.9999999999992610,0.6267600059509277
7.8999999999999382,126.0999999999992554,0.5519227981567383
7.8999999999999382,126.1999999999992497,0.6575887799263000
7.8999999999999382,126.2999999999992440,0.8583753705024719
7.7999999999999385,122.0999999999994827,2.4218018054962158
7.7999999999999385,122.1999999999994770,1.6300114393234253
7.7999999999999385,122.2999999999994714,0.7362524867057800
7.7999999999999385,122.3999999999994657,0.1796397417783737
7.7999999999999385,122.4999999999994600,0.2425046563148499
7.7999999999999385,122.5999999999994543,0.4778948426246643
7.7999999999999385,122.6999999999994486,0.5290482640266418
7.7999999999999385,122.7999999999994429,0.7675954699516296
7.7999999999999385,122.8999999999994373,0.8800641298294067
7.7999999999999385,122.9999999999994316,0.7866123318672180
7.7999999999999385,123.0999999999994259,0.8236825466156006
7.7999999999999385,123.1999999999994202,0.9128487706184387
7.7999999999999385,123.2999999999994145,0.5496915578842163
7.7999999999999385,123.3999999999994088,0.1738648265600204
7.7999999999999385,123.6999999999993918,0.4607462584972382
7.7999999999999385,123.7999999999993861,0.6021229624748230
7.7999999999999385,123.8999999999993804,0.5875149369239807
7.7999999999999385,123.9999999999993747,0.5600449442863464
7.7999999999999385,124.0999999999993690,0.4648313820362091
7.7999999999999385,124.1999999999993634,0.4609445333480835
7.7999999999999385,124.2999999999993577,0.5769479274749756
7.7999999999999385,124.3999999999993520,0.5996659398078918
7.7999999999999385,124.4999999999993463,0.6636353135108948
7.7999999999999385,124.5999999999993406,0.8088080286979675
7.7999999999999385,124.6999999999993349,0.8885676860809326
7.7999999999999385,124.7999999999993292,0.9846231937408447
7.7999999999999385,124.8999999999993236,1.0131484270095825
7.7999999999999385,124.9999999999993179,0.9191601276397705
7.7999999999999385,125.0999999999993122,1.0228883028030396
7.7999999999999385,125.1999999999993065,1.1101744174957275
7.7999999999999385,125.2999999999993008,1.0488708019256592
7.7999999999999385,125.3999999999992951,1.0363101959228516
7.7999999999999385,125.4999999999992895,0.9138832092285156
7.7999999999999385,125.5999999999992838,0.7552451491355896
7.7999999999999385,125.6999999999992781,0.6853504180908203
7.7999999999999385,125.7999999999992724,0.3720908164978027
7.7999999999999385,125.8999999999992667,0.3926755785942078
7.7999999999999385,125.9999999999992610,0.7434139251708984
7.7999999999999385,126.0999999999992554,0.7208525538444519
7.7999999999999385,126.1999999999992497,0.8026812672615051
7.7999999999999385,126.2999999999992440,0.9247113466262817
7.7999999999999385,126.3999999999992383,0.9390164613723755
7.6999999999999389,122.1999999999994770,1.4492433071136475
7.6999999999999389,122.2999999999994714,0.4661120772361755
7.6999999999999389,122.3999999999994657,0.1934348940849304
7.6999999999999389,122.4999999999994600,0.4015063047409058
7.6999999999999389,122.8999999999994373,1.0337144136428833
7.6999999999999389,122.9999999999994316,0.9809514284133911
7.6999999999999389,123.0999999999994259,1.0056819915771484
7.6999999999999389,123.1999999999994202,1.0013270378112793
7.6999999999999389,123.2999999999994145,0.6436825394630432
7.6999999999999389,123.3999999999994088,0.2343227416276932
7.6999999999999389,123.4999999999994031,0.1490792036056519
7.6999999999999389,123.8999999999993804,0.6507655382156372
7.6999999999999389,123.9999999999993747,0.6920593380928040
7.6999999999999389,124.0999999999993690,0.4481113255023956
7.6999999999999389,124.1999999999993634,0.0582458749413490
7.6999999999999389,124.2999999999993577,0.3317873775959015
7.6999999999999389,124.3999999999993520,0.6254838109016418
7.6999999999999389,124.4999999999993463,0.9286866188049316
7.6999999999999389,124.5999999999993406,1.1573141813278198
7.6999999999999389,124.6999999999993349,1.1097067594528198
7.6999999999999389,124.7999999999993292,1.0028233528137207
7.6999999999999389,124.8999999999993236,0.8645400404930115
7.6999999999999389,124.9999999999993179,0.8056407570838928
7.6999999999999389,125.0999999999993122,0.9850753545761108
7.6999999999999389,125.1999999999993065,1.0890839099884033
7.6999999999999389,125.2999999999993008,0.9987400770187378
7.6999999999999389,125.3999999999992951,1.0057207345962524
7.6999999999999389,125.4999999999992895,0.8864808082580566
7.6999999999999389,125.5999999999992838,0.6901889443397522
7.6999999999999389,125.6999999999992781,0.6506220102310181
7.6999999999999389,125.7999999999992724,0.2715210318565369
7.6999999999999389,125.8999999999992667,0.3336420059204102
7.6999999999999389,125.9999999999992610,0.8569359779357910
7.6999999999999389,126.0999999999992554,0.7807309627532959
7.6999999999999389,126.1999999999992497,0.8706120848655701
7.6999999999999389,126.2999999999992440,0.9600953459739685
7.6999999999999389,126.3999999999992383,0.8421418666839600
7.6999999999999389,126.4999999999992326,1.0490175485610962
7.5999999999999392,122.1999999999994770,1.3461492061614990
7.5999999999999392,122.2999999999994714,0.5684007406234741
7.5999999999999392,122.3999999999994657,0.2866657078266144
7.5999999999999392,122.8999999999994373,1.0013953447341919
7.5999999999999392,122.9999999999994316,0.9657716751098633
7.5999999999999392,123.1999999999994202,0.9843530058860779
7.5999999999999392,123.2999999999994145,0.6439966559410095
7.5999999999999392,123.3999999999994088,0.3914392888545990
7.5999999999999392,124.0999999999993690,0.4759740531444550
7.5999999999999392,124.1999999999993634,0.3503694534301758
7.5999999999999392,124.2999999999993577,0.5173987150192261
7.5999999999999392,124.3999999999993520,0.7249346971511841
7.5999999999999392,124.4999999999993463,0.9325644373893738
7.5999999999999392,124.5999999999993406,1.0650990009307861
7.5999999999999392,124.6999999999993349,0.7926896810531616
7.5999999999999392,124.7999999999993292,0.5122391581535339
7.5999999999999392,124.8999999999993236,0.3362864851951599
7.5999999999999392,124.9999999999993179,0.5502758026123047
7.5999999999999392,125.0999999999993122,0.8259931206703186
7.5999999999999392,125.1999999999993065,0.9591178894042969
7.5999999999999392,125.2999999999993008,0.9980797171592712
7.5999999999999392,125.3999999999992951,1.1491549015045166
7.5999999999999392,125.4999999999992895,0.9319802522659302
7.5999999999999392,125.5999999999992838,0.5382899641990662
7.5999999999999392,125.6999999999992781,0.5908185839653015
7.5999999999999392,125.7999999999992724,0.3731122314929962
7.5999999999999392,125.8999999999992667,0.3297514915466309
7.5999999999999392,125.9999999999992610,0.6325688958168030
7.5999999999999392,126.0999999999992554,0.6017584204673767
7.5999999999999392,126.1999999999992497,0.7271295189857483
7.5999999999999392,126.2999999999992440,0.8565652966499329
7.5999999999999392,126.3999999999992383,0.6604324579238892
7.5999999999999392,126.4999999999992326,0.8388638496398926
7.4999999999999396,122.0999999999994827,1.9174801111221313
7.4999999999999396,122.1999999999994770,1.2734527587890625
7.4999999999999396,122.2999999999994714,0.7016283869743347
7.4999999999999396,123.2999999999994145,0.6355362534523010
7.4999999999999396,123.3999999999994088,0.3935215175151825
7.4999999999999396,124.1999999999993634,0.6925737261772156
7.4999999999999396,124.2999999999993577,0.8735960125923157
7.4999999999999396,124.3999999999993520,0.9168537855148315
7.4999999999999396,124.4999999999993463,0.9532423019409180
7.4999999999999396,124.5999999999993406,0.9412938356399536
7.4999999999999396,124.6999999999993349,0.4919337332248688
7.4999999999999396,124.7999999999993292,0.0622956156730652
7.4999999999999396,124.8999999999993236,0.3404827117919922
7.4999999999999396,124.9999999999993179,0.4431747496128082
7.4999999999999396,125.0999999999993122,0.6683726906776428
7.4999999999999396,125.1999999999993065,0.8409016132354736
7.4999999999999396,125.2999999999993008,1.0107222795486450
7.4999999999999396,125.3999999999992951,1.2544028759002686
7.4999999999999396,125.4999999999992895,0.9571460485458374
7.4999999999999396,125.5999999999992838,0.4788926541805267
7.4999999999999396,125.6999999999992781,0.8059735894203186
7.4999999999999396,125.7999999999992724,0.7670831084251404
7.4999999999999396,125.8999999999992667,0.6038800477981567
7.4999999999999396,125.9999999999992610,0.6461985707283020
7.4999999999999396,126.0999999999992554,0.4662474989891052
7.4999999999999396,126.1999999999992497,0.5865641236305237
7.4999999999999396,126.2999999999992440,0.7759635448455811
7.4999999999999396,126.3999999999992383,0.4762988984584808
7.4999999999999396,126.4999999999992326,0.6542205214500427
7.4999999999999396,126.5999999999992269,1.1496633291244507
7.3999999999999400,122.0999999999994827,1.6681963205337524
7.3999999999999400,122.1999999999994770,1.1673544645309448
7.3999999999999400,122.2999999999994714,0.7967740297317505
7.3999999999999400,122.7999999999994429,0.7429498434066772
7.3999999999999400,123.3999999999994088,0.4524650275707245
7.3999999999999400,124.1999999999993634,0.8538708090782166
7.3999999999999400,124.2999999999993577,1.0076658725738525
7.3999999999999400,124.3999999999993520,0.9987062215805054
7.3999999999999400,124.4999999999993463,0.9468859434127808
7.3999999999999400,124.5999999999993406,0.8427342176437378
7.3999999999999400,124.6999999999993349,0.3294282257556915
7.3999999999999400,124.7999999999993292,0.2387836426496506
7.3999999999999400,124.8999999999993236,0.5788666605949402
7.3999999999999400,124.9999999999993179,0.3998804390430450
7.3999999999999400,125.0999999999993122,0.5492967367172241
7.3999999999999400,125.1999999999993065,0.7928962707519531
7.3999999999999400,125.2999999999993008,1.0554823875427246
7.3999999999999400,125.3999999999992951,1.3889275789260864
7.3999999999999400,125.4999999999992895,1.0338746309280396
7.3999999999999400,125.5999999999992838,0.6948914527893066
7.3999999999999400,125.6999999999992781,1.2284280061721802
7.3999999999999400,125.7999999999992724,1.0543172359466553
7.3999999999999400,125.8999999999992667,0.7447261810302734
7.3999999999999400,125.9999999999992610,0.4369069039821625
7.3999999999999400,126.0999999999992554,0.1141772046685219
7.3999999999999400,126.1999999999992497,0.4005079269409180
7.3999999999999400,126.2999999999992440,0.5783887505531311
7.3999999999999400,126.3999999999992383,0.3978162705898285
7.3999999999999400,126.4999999999992326,0.7280105948448181
7.2999999999999403,116.8999999999997783,8.2845621109008789
7.2999999999999403,117.0999999999997669,8.2964868545532227
7.2999999999999403,117.1999999999997613,8.2646942138671875
7.2999999999999403,122.0999999999994827,1.3960987329483032
7.2999999999999403,122.1999999999994770,1.0323612689971924
7.2999999999999403,124.1999999999993634,0.9074595570564270
7.2999999999999403,124.2999999999993577,0.9973777532577515
7.2999999999999403,124.3999999999993520,0.9451078176498413
7.2999999999999403,124.4999999999993463,0.8813250064849854
7.2999999999999403,124.5999999999993406,0.7983649969100952
7.2999999999999403,124.6999999999993349,0.3441629409790039
7.2999999999999403,124.7999999999993292,0.1506359577178955
7.2999999999999403,124.8999999999993236,0.3916806280612946
7.2999999999999403,124.9999999999993179,0.2553422749042511
7.2999999999999403,125.0999999999993122,0.5482015013694763
7.2999999999999403,125.1999999999993065,0.8650974631309509
7.2999999999999403,125.2999999999993008,1.1354715824127197
7.2999999999999403,125.3999999999992951,1.4254168272018433
7.2999999999999403,125.4999999999992895,1.1593463420867920
7.2999999999999403,125.5999999999992838,1.1073863506317139
7.2999999999999403,125.6999999999992781,1.5408697128295898
7.2999999999999403,125.8999999999992667,1.1256229877471924
7.2999999999999403,125.9999999999992610,0.7308614850044250
7.2999999999999403,126.0999999999992554,0.5203466415405273
7.2999999999999403,126.1999999999992497,0.5523933768272400
7.2999999999999403,126.2999999999992440,0.6267136335372925
7.2999999999999403,126.3999999999992383,0.6213317513465881
7.2999999999999403,126.4999999999992326,1.1146277189254761
7.2999999999999403,126.5999999999992269,1.6334203481674194
7.1999999999999407,117.0999999999997669,8.0863828659057617
7.1999999999999407,117.1999999999997613,7.9621415138244629
7.1999999999999407,121.9999999999994884,1.5137680768966675
7.1999999999999407,122.0999999999994827,1.1685091257095337
7.1999999999999407,122.1999999999994770,0.9144570231437683
7.1999999999999407,124.1999999999993634,0.9715266823768616
7.1999999999999407,124.2999999999993577,0.9835512042045593
7.1999999999999407,124.3999999999993520,0.9220961332321167
7.1999999999999407,124.4999999999993463,0.8511771559715271
7.1999999999999407,124.5999999999993406,0.7300547957420349
7.1999999999999407,124.6999999999993349,0.3766077160835266
7.1999999999999407,124.7999999999993292,0.0798791721463203
7.1999999999999407,124.8999999999993236,0.2418860793113708
7.1999999999999407,124.9999999999993179,0.2361346036195755
7.1999999999999407,125.0999999999993122,0.6556664705276489
7.1999999999999407,125.1999999999993065,0.9973244071006775
7.1999999999999407,125.2999999999993008,1.2336157560348511
7.1999999999999407,125.3999999999992951,1.4796918630599976
7.1999999999999407,125.4999999999992895,1.3098747730255127
7.1999999999999407,125.5999999999992838,1.5323259830474854
7.1999999999999407,125.9999999999992610,1.4405717849731445
7.1999999999999407,126.0999999999992554,1.1655594110488892
7.1999999999999407,126.1999999999992497,0.9581745266914368
7.1999999999999407,126.2999999999992440,0.8151205182075500
7.1999999999999407,126.3999999999992383,0.9310212135314941
7.1999999999999407,126.4999999999992326,1.5056138038635254
7.0999999999999410,121.9999999999994884,1.6079093217849731
7.0999999999999410,122.0999999999994827,1.3531805276870728
7.0999999999999410,122.1999999999994770,1.0761801004409790
7.0999999999999410,124.0999999999993690,0.9572167396545410
7.0999999999999410,124.1999999999993634,0.8938640356063843
7.0999999999999410,124.2999999999993577,0.8327369093894958
7.0999999999999410,124.3999999999993520,0.7945469021797180
7.0999999999999410,124.4999999999993463,0.7662461400032043
7.0999999999999410,124.5999999999993406,0.7075756192207336
7.0999999999999410,124.6999999999993349,0.4343573153018951
7.0999999999999410,124.7999999999993292,0.2002905756235123
7.0999999999999410,124.8999999999993236,0.1828903406858444
7.0999999999999410,124.9999999999993179,0.3810202181339264
7.0999999999999410,125.0999999999993122,0.7530285716056824
7.0999999999999410,125.1999999999993065,1.0731338262557983
7.0999999999999410,125.2999999999993008,1.3018580675125122
7.0999999999999410,125.3999999999992951,1.5287557840347290
7.0999999999999410,125.4999999999992895,1.4355152845382690
7.0999999999999410,125.5999999999992838,1.6237784624099731
7.0999999999999410,125.6999999999992781,2.3250274658203125
7.0999999999999410,125.8999999999992667,1.9365304708480835
7.0999999999999410,125.9999999999992610,1.9100614786148071
7.0999999999999410,126.0999999999992554,1.6888018846511841
7.0999999999999410,126.1999999999992497,1.5138978958129883
7.0999999999999410,126.2999999999992440,1.3264003992080688
7.0999999999999410,126.3999999999992383,0.9678403139114380
6.9999999999999414,117.0999999999997669,5.7837290763854980
6.9999999999999414,121.9999999999994884,1.9390466213226318
6.9999999999999414,122.0999999999994827,1.7740446329116821
6.9999999999999414,122.1999999999994770,1.5712019205093384
6.9999999999999414,123.9999999999993747,0.9198994636535645
6.9999999999999414,124.0999999999993690,0.8208406567573547
6.9999999999999414,124.1999999999993634,0.6849135160446167
6.9999999999999414,124.2999999999993577,0.5694765448570251
6.9999999999999414,124.3999999999993520,0.5818912386894226
6.9999999999999414,124.4999999999993463,0.6345841288566589
6.9999999999999414,124.5999999999993406,0.6543780565261841
6.9999999999999414,124.6999999999993349,0.5944429636001587
6.9999999999999414,124.7999999999993292,0.5890837311744690
6.9999999999999414,124.8999999999993236,0.6057344079017639
6.9999999999999414,124.9999999999993179,0.6332998871803284
6.9999999999999414,125.0999999999993122,0.8443673253059387
6.9999999999999414,125.1999999999993065,1.1065320968627930
6.9999999999999414,125.2999999999993008,1.3446172475814819
6.9999999999999414,125.3999999999992951,1.5713367462158203
6.9999999999999414,125.4999999999992895,1.5920195579528809
6.9999999999999414,125.7999999999992724,2.3650674819946289
6.9999999999999414,125.9999999999992610,2.6343984603881836
6.9999999999999414,126.0999999999992554,2.4633722305297852
6.9999999999999414,126.1999999999992497,2.3801295757293701
6.9999999999999414,126.2999999999992440,2.2487092018127441
6.8999999999999417,116.6999999999997897,4.0516905784606934
6.8999999999999417,116.7999999999997840,4.1551260948181152
6.8999999999999417,117.0999999999997669,4.5761108398437500
6.8999999999999417,117.1999999999997613,4.7606501579284668
6.8999999999999417,122.0999999999994827,2.0996870994567871
6.8999999999999417,123.9999999999993747,0.8846374750137329
6.8999999999999417,124.0999999999993690,0.6938155293464661
6.8999999999999417,124.1999999999993634,0.5031371712684631
6.8999999999999417,124.2999999999993577,0.3445292115211487
6.8999999999999417,124.3999999999993520,0.3941589593887329
6.8999999999999417,124.4999999999993463,0.5217481851577759
6.8999999999999417,124.5999999999993406,0.6628884077072144
6.8999999999999417,124.6999999999993349,0.7804022431373596
6.8999999999999417,124.7999999999993292,0.9339859485626221
6.8999999999999417,124.8999999999993236,1.0225958824157715
6.8999999999999417,124.9999999999993179,0.8774143457412720
6.8999999999999417,125.0999999999993122,0.9273673295974731
6.8999999999999417,125.1999999999993065,1.1352411508560181
6.8999999999999417,125.2999999999993008,1.3859245777130127
6.8999999999999417,125.3999999999992951,1.6372160911560059
6.8999999999999417,126.0999999999992554,3.3300487995147705
6.8999999999999417,126.2999999999992440,3.2678296566009521
6.7999999999999421,124.0999999999993690,0.6599395871162415
6.7999999999999421,124.1999999999993634,0.4215317368507385
6.7999999999999421,124.2999999999993577,0.2978084385395050
6.7999999999999421,124.3999999999993520,0.3320043981075287
6.7999999999999421,124.4999999999993463,0.4524419307708740
6.7999999999999421,124.5999999999993406,0.5997728705406189
6.7999999999999421,124.6999999999993349,0.7586355209350586
6.7999999999999421,124.7999999999993292,0.9708936810493469
6.7999999999999421,124.8999999999993236,1.0671631097793579
6.7999999999999421,124.9999999999993179,0.9427477121353149
6.7999999999999421,125.0999999999993122,0.9694873094558716
6.7999999999999421,125.1999999999993065,1.1659896373748779
6.7999999999999421,125.2999999999993008,1.4139168262481689
6.7999999999999421,125.3999999999992951,1.6323823928833008
6.7999999999999421,126.0999999999992554,3.8470222949981689
6.7999999999999421,126.1999999999992497,3.9185636043548584
6.6999999999999424,121.9999999999994884,1.7461180686950684
6.6999999999999424,122.0999999999994827,1.6558454036712646
6.6999999999999424,124.0999999999993690,0.7114640474319458
6.6999999999999424,124.1999999999993634,0.3901062309741974
6.6999999999999424,124.2999999999993577,0.3062282502651215
6.6999999999999424,124.3999999999993520,0.3598423302173615
6.6999999999999424,124.4999999999993463,0.4478242397308350
6.6999999999999424,124.5999999999993406,0.5662596821784973
6.6999999999999424,124.6999999999993349,0.6993024349212646
6.6999999999999424,124.7999999999993292,0.9132956266403198
6.6999999999999424,124.8999999999993236,1.0507284402847290
6.6999999999999424,124.9999999999993179,0.9502887129783630
6.6999999999999424,125.0999999999993122,1.0126464366912842
6.6999999999999424,125.1999999999993065,1.2160103321075439
6.6999999999999424,125.2999999999993008,1.4572103023529053
6.6999999999999424,126.0999999999992554,4.2273130416870117
6.6999999999999424,126.1999999999992497,4.4073586463928223
6.5999999999999428,121.8999999999994941,1.8245315551757812
6.5999999999999428,121.9999999999994884,1.5847382545471191
6.5999999999999428,122.0999999999994827,1.4548854827880859
6.5999999999999428,122.1999999999994770,1.4352174997329712
6.5999999999999428,124.0999999999993690,0.9072479605674744
6.5999999999999428,124.1999999999993634,0.4651048779487610
6.5999999999999428,124.2999999999993577,0.3095082938671112
6.5999999999999428,124.3999999999993520,0.3961799740791321
6.5999999999999428,124.4999999999993463,0.4803637862205505
6.5999999999999428,124.5999999999993406,0.5602677464485168
6.5999999999999428,124.6999999999993349,0.6504803895950317
6.5999999999999428,124.7999999999993292,0.8541635274887085
6.5999999999999428,124.8999999999993236,0.9984917640686035
6.5999999999999428,124.9999999999993179,0.9528709053993225
6.5999999999999428,125.0999999999993122,1.0372308492660522
6.5999999999999428,125.1999999999993065,1.2415674924850464
6.5999999999999428,125.2999999999993008,1.4818917512893677
6.5999999999999428,126.0999999999992554,4.5615987777709961
6.5999999999999428,126.1999999999992497,4.7151412963867188
6.4999999999999432,121.9999999999994884,1.8011330366134644
6.4999999999999432,122.0999999999994827,1.6646939516067505
6.4999999999999432,122.1999999999994770,1.6462744474411011
6.4999999999999432,124.0999999999993690,1.4140248298645020
6.4999999999999432,124.1999999999993634,0.8941043615341187
6.4999999999999432,124.2999999999993577,0.4902718067169189
6.4999999999999432,124.3999999999993520,0.4276927113533020
6.4999999999999432,124.4999999999993463,0.4719773232936859
6.4999999999999432,124.5999999999993406,0.5189785957336426
6.4999999999999432,124.6999999999993349,0.5282164812088013
6.4999999999999432,124.7999999999993292,0.6684265136718750
6.4999999999999432,124.8999999999993236,0.8165187835693359
6.4999999999999432,124.9999999999993179,0.8286789655685425
6.4999999999999432,125.0999999999993122,0.9288109540939331
6.4999999999999432,125.1999999999993065,1.1220967769622803
6.4999999999999432,125.2999999999993008,1.3707631826400757
6.4999999999999432,125.3999999999992951,1.6234169006347656
6.4999999999999432,125.4999999999992895,1.9067709445953369
6.4999999999999432,125.5999999999992838,2.1264023780822754
6.4999999999999432,126.1999999999992497,4.3313474655151367
6.3999999999999435,121.9999999999994884,2.0502033233642578
6.3999999999999435,124.0999999999993690,1.8431836366653442
6.3999999999999435,124.1999999999993634,1.3970234394073486
6.3999999999999435,124.2999999999993577,0.8540114164352417
6.3999999999999435,124.3999999999993520,0.5598445534706116
6.3999999999999435,124.4999999999993463,0.4452893435955048
6.3999999999999435,124.5999999999993406,0.5182318091392517
6.3999999999999435,124.6999999999993349,0.4411852657794952
6.3999999999999435,124.7999999999993292,0.4798316657543182
6.3999999999999435,124.8999999999993236,0.5955762863159180
6.3999999999999435,124.9999999999993179,0.6777294278144836
6.3999999999999435,125.0999999999993122,0.7856130003929138
6.3999999999999435,125.1999999999993065,0.9694245457649231
6.3999999999999435,125.2999999999993008,1.2280747890472412
6.3999999999999435,125.3999999999992951,1.4927990436553955
6.3999999999999435,125.4999999999992895,1.7936815023422241
6.2999999999999439,120.5999999999995680,3.8286325931549072
6.2999999999999439,124.1999999999993634,1.9020087718963623
6.2999999999999439,124.2999999999993577,1.3147329092025757
6.2999999999999439,124.3999999999993520,0.8465375900268555
6.2999999999999439,124.4999999999993463,0.5427786111831665
6.2999999999999439,124.5999999999993406,0.5371691584587097
6.2999999999999439,124.6999999999993349,0.4679342210292816
6.2999999999999439,124.7999999999993292,0.4490458965301514
6.2999999999999439,124.8999999999993236,0.5119724869728088
6.2999999999999439,124.9999999999993179,0.5693423151969910
6.2999999999999439,125.0999999999993122,0.6311094164848328
6.2999999999999439,125.1999999999993065,0.7699092030525208
6.2999999999999439,125.2999999999993008,1.0372328758239746
6.2999999999999439,125.3999999999992951,1.3190630674362183
6.2999999999999439,125.4999999999992895,1.6565681695938110
6.2999999999999439,125.5999999999992838,2.0565555095672607
6.1999999999999442,124.2999999999993577,1.7145421504974365
6.1999999999999442,124.3999999999993520,1.3965656757354736
6.1999999999999442,124.4999999999993463,0.9926155805587769
6.1999999999999442,124.5999999999993406,0.7702040076255798
6.1999999999999442,124.6999999999993349,0.6946489214897156
6.1999999999999442,124.7999999999993292,0.6774302124977112
6.1999999999999442,124.8999999999993236,0.6854916810989380
6.1999999999999442,124.9999999999993179,0.6497997641563416
6.1999999999999442,125.0999999999993122,0.6421470046043396
6.1999999999999442,125.1999999999993065,0.6481666564941406
6.1999999999999442,125.2999999999993008,0.7950818538665771
6.1999999999999442,125.3999999999992951,1.0716398954391479
6.1999999999999442,125.4999999999992895,1.4566496610641479
6.1999999999999442,125.5999999999992838,1.8947346210479736
6.1999999999999442,125.6999999999992781,2.2287895679473877
6.0999999999999446,120.9999999999995453,3.4087338447570801
6.0999999999999446,121.0999999999995396,3.4547665119171143
6.0999999999999446,124.4999999999993463,1.5082640647888184
6.0999999999999446,124.5999999999993406,1.1712532043457031
6.0999999999999446,124.6999999999993349,1.0393826961517334
6.0999999999999446,124.7999999999993292,0.9679361581802368
6.0999999999999446,124.8999999999993236,0.8979194760322571
6.0999999999999446,124.9999999999993179,0.8640198707580566
6.0999999999999446,125.0999999999993122,0.9188984036445618
6.0999999999999446,125.2999999999993008,0.7407662868499756
6.0999999999999446,125.3999999999992951,0.8748781681060791
6.0999999999999446,125.4999999999992895,1.2643941640853882
6.0999999999999446,125.5999999999992838,1.7315540313720703
6.0999999999999446,125.6999999999992781,2.1014747619628906
5.9999999999999449,120.8999999999995509,3.2589693069458008
5.9999999999999449,120.9999999999995453,3.2936012744903564
5.9999999999999449,121.0999999999995396,3.3610110282897949
5.9999999999999449,121.3999999999995225,3.2757146358489990
5.9999999999999449,124.5999999999993406,1.7660356760025024
5.9999999999999449,124.6999999999993349,1.6179255247116089
5.9999999999999449,124.7999999999993292,1.5688548088073730
5.9999999999999449,124.8999999999993236,1.3762911558151245
5.9999999999999449,124.9999999999993179,1.1348913908004761
5.9999999999999449,125.0999999999993122,1.1147221326828003
5.9999999999999449,125.3999999999992951,0.9085863828659058
5.9999999999999449,125.4999999999992895,1.2648179531097412
5.9999999999999449,125.5999999999992838,1.7599977254867554
5.8999999999999453,120.8999999999995509,3.2221539020538330
5.8999999999999453,124.7999999999993292,2.2279908657073975
5.8999999999999453,124.8999999999993236,2.3631920814514160
5.8999999999999453,124.9999999999993179,1.7986992597579956
5.8999999999999453,125.0999999999993122,1.3422319889068604
5.8999999999999453,125.1999999999993065,1.1898102760314941
5.8999999999999453,125.2999999999993008,1.1180568933486938
5.8999999999999453,125.3999999999992951,1.1866192817687988
5.8999999999999453,125.4999999999992895,1.5344755649566650
5.8999999999999453,125.5999999999992838,2.0910384654998779
5.7999999999999456,125.2999999999993008,1.4320471286773682
5.7999999999999456,125.3999999999992951,1.4710229635238647
5.7999999999999456,125.4999999999992895,1.7640845775604248
5.6999999999999460,125.2999999999993008,1.9651809930801392
5.6999999999999460,125.3999999999992951,2.3810985088348389
5.5999999999999464,125.2999999999993008,3.6870994567871094
5.5999999999999464,125.3999999999992951,3.6762187480926514
5.3999999999999471,118.8999999999996646,1.6316976547241211
5.3999999999999471,118.9999999999996589,1.8984752893447876
5.3999999999999471,119.0999999999996533,2.1111295223236084
5.3999999999999471,119.1999999999996476,2.3016324043273926
5.2999999999999474,118.8999999999996646,1.3612695932388306
5.2999999999999474,118.9999999999996589,1.6500912904739380
5.2999999999999474,119.0999999999996533,1.9080865383148193
5.2999999999999474,119.1999999999996476,2.1371765136718750
5.2999999999999474,120.1999999999995907,3.8139479160308838
5.1999999999999478,118.8999999999996646,1.2073885202407837
5.1999999999999478,118.9999999999996589,1.4605925083160400
5.1999999999999478,119.0999999999996533,1.7770538330078125
5.1999999999999478,119.1999999999996476,2.0951471328735352
5.1999999999999478,120.1999999999995907,3.7727777957916260
5.0999999999999481,118.8999999999996646,1.5713931322097778
5.0999999999999481,118.9999999999996589,1.7625155448913574
5.0999999999999481,119.7999999999996135,3.6082034111022949
5.0999999999999481,119.8999999999996078,3.6757948398590088
