latitude,longitude,max_wind_speed
19.3999999999999559,121.3999999999995225,16.1450214385986328
19.3999999999999559,121.4999999999995168,16.1490459442138672
18.8999999999999488,121.8999999999994941,16.1010456085205078
18.5999999999999446,120.7999999999995566,13.9628791809082031
18.5999999999999446,120.8999999999995509,13.3343296051025391
18.5999999999999446,121.0999999999995396,12.5921258926391602
18.5999999999999446,121.1999999999995339,12.4670305252075195
18.4999999999999432,120.6999999999995623,12.1895198822021484
18.4999999999999432,120.7999999999995566,11.1249809265136719
18.4999999999999432,120.8999999999995509,10.1102495193481445
18.4999999999999432,120.9999999999995453,9.7234706878662109
18.4999999999999432,121.0999999999995396,9.7044515609741211
18.4999999999999432,121.1999999999995339,9.7256507873535156
18.4999999999999432,121.2999999999995282,10.3278551101684570
18.4999999999999432,122.1999999999994770,16.9222202301025391
18.3999999999999417,120.5999999999995680,11.1734466552734375
18.3999999999999417,120.6999999999995623,9.9017467498779297
18.3999999999999417,120.7999999999995566,8.5818319320678711
18.3999999999999417,120.8999999999995509,7.3852682113647461
18.3999999999999417,120.9999999999995453,6.9856705665588379
18.3999999999999417,121.0999999999995396,7.1801266670227051
18.3999999999999417,121.1999999999995339,7.4284367561340332
18.3999999999999417,121.2999999999995282,8.1662111282348633
18.3999999999999417,121.3999999999995225,9.1031694412231445
18.3999999999999417,121.4999999999995168,9.8731575012207031
18.3999999999999417,121.5999999999995111,11.5838823318481445
18.3999999999999417,122.0999999999994827,16.7946796417236328
18.3999999999999417,122.1999999999994770,16.9920063018798828
18.3999999999999417,122.2999999999994714,17.1393089294433594
18.2999999999999403,120.6999999999995623,8.7106628417968750
18.2999999999999403,120.7999999999995566,7.5257439613342285
18.2999999999999403,120.8999999999995509,6.4154677391052246
18.2999999999999403,120.9999999999995453,6.2605166435241699
18.2999999999999403,121.0999999999995396,6.6359977722167969
18.2999999999999403,121.1999999999995339,7.0160508155822754
18.2999999999999403,121.2999999999995282,7.5663857460021973
18.2999999999999403,121.3999999999995225,8.1937122344970703
18.2999999999999403,121.4999999999995168,9.1492748260498047
18.2999999999999403,121.5999999999995111,10.5474853515625000
18.2999999999999403,121.6999999999995055,12.2209672927856445
18.2999999999999403,122.0999999999994827,14.6924734115600586
18.2999999999999403,122.1999999999994770,15.6630516052246094
18.2999999999999403,122.2999999999994714,16.3657207489013672
18.1999999999999389,120.4999999999995737,12.1768960952758789
18.1999999999999389,120.5999999999995680,10.0279445648193359
18.1999999999999389,120.6999999999995623,7.8073635101318359
18.1999999999999389,120.7999999999995566,6.7030210494995117
18.1999999999999389,120.8999999999995509,5.8487133979797363
18.1999999999999389,120.9999999999995453,5.8601679801940918
18.1999999999999389,121.0999999999995396,6.4371280670166016
18.1999999999999389,121.1999999999995339,6.9894719123840332
18.1999999999999389,121.2999999999995282,7.2666659355163574
18.1999999999999389,121.3999999999995225,7.5603852272033691
18.1999999999999389,121.4999999999995168,8.2076826095581055
18.1999999999999389,121.5999999999995111,8.9376249313354492
18.1999999999999389,121.6999999999995055,9.8293457031250000
18.1999999999999389,121.7999999999994998,10.6283168792724609
18.1999999999999389,121.8999999999994941,10.8607606887817383
18.1999999999999389,121.9999999999994884,11.1540098190307617
18.1999999999999389,122.0999999999994827,12.1562280654907227
18.1999999999999389,122.1999999999994770,14.0187978744506836
18.0999999999999375,120.4999999999995737,12.7032070159912109
18.0999999999999375,120.5999999999995680,9.4623756408691406
18.0999999999999375,120.6999999999995623,7.0986661911010742
18.0999999999999375,120.7999999999995566,6.1158981323242188
18.0999999999999375,120.8999999999995509,5.3841190338134766
18.0999999999999375,120.9999999999995453,5.5775322914123535
18.0999999999999375,121.0999999999995396,6.2283987998962402
18.0999999999999375,121.1999999999995339,6.8785943984985352
18.0999999999999375,121.2999999999995282,7.0108728408813477
18.0999999999999375,121.3999999999995225,7.1714625358581543
18.0999999999999375,121.4999999999995168,7.5555729866027832
18.0999999999999375,121.5999999999995111,7.7848072052001953
18.0999999999999375,121.6999999999995055,8.0218906402587891
18.0999999999999375,121.7999999999994998,8.2751579284667969
18.0999999999999375,121.8999999999994941,8.4301166534423828
18.0999999999999375,121.9999999999994884,8.8019714355468750
18.0999999999999375,122.0999999999994827,10.2841262817382812
18.0999999999999375,122.1999999999994770,12.0752315521240234
17.9999999999999361,120.5999999999995680,8.9605655670166016
17.9999999999999361,120.6999999999995623,6.8414769172668457
17.9999999999999361,120.7999999999995566,6.0253715515136719
17.9999999999999361,120.8999999999995509,5.6320538520812988
17.9999999999999361,120.9999999999995453,5.5724492073059082
17.9999999999999361,121.0999999999995396,6.0068788528442383
17.9999999999999361,121.1999999999995339,6.5261912345886230
17.9999999999999361,121.2999999999995282,6.9980421066284180
17.9999999999999361,121.3999999999995225,7.4313011169433594
17.9999999999999361,121.4999999999995168,7.8711776733398438
17.9999999999999361,121.5999999999995111,7.8812289237976074
17.9999999999999361,121.6999999999995055,7.8710947036743164
17.9999999999999361,121.7999999999994998,7.9201231002807617
17.9999999999999361,121.8999999999994941,7.8162789344787598
17.9999999999999361,121.9999999999994884,8.2038125991821289
17.9999999999999361,122.0999999999994827,10.0529708862304688
17.8999999999999346,120.4999999999995737,11.8311185836791992
17.8999999999999346,120.5999999999995680,8.7424240112304688
17.8999999999999346,120.6999999999995623,6.5950002670288086
17.8999999999999346,120.7999999999995566,5.9625654220581055
17.8999999999999346,120.8999999999995509,6.2685256004333496
17.8999999999999346,120.9999999999995453,6.1172780990600586
17.8999999999999346,121.0999999999995396,6.2152495384216309
17.8999999999999346,121.1999999999995339,6.8068194389343262
17.8999999999999346,121.2999999999995282,7.2904996871948242
17.8999999999999346,121.3999999999995225,7.7452254295349121
17.8999999999999346,121.4999999999995168,8.4501876831054688
17.8999999999999346,121.5999999999995111,8.5136947631835938
17.8999999999999346,121.6999999999995055,8.2388715744018555
17.8999999999999346,121.7999999999994998,7.8352484703063965
17.8999999999999346,121.8999999999994941,7.3561196327209473
17.8999999999999346,121.9999999999994884,7.6977667808532715
17.8999999999999346,122.0999999999994827,9.6697711944580078
17.7999999999999332,120.4999999999995737,11.7495489120483398
17.7999999999999332,120.5999999999995680,8.5612392425537109
17.7999999999999332,120.6999999999995623,6.5578088760375977
17.7999999999999332,120.7999999999995566,6.1471257209777832
17.7999999999999332,120.8999999999995509,6.5522775650024414
17.7999999999999332,120.9999999999995453,6.4129452705383301
17.7999999999999332,121.0999999999995396,6.3413939476013184
17.7999999999999332,121.1999999999995339,6.6401901245117188
17.7999999999999332,121.2999999999995282,7.2572398185729980
17.7999999999999332,121.3999999999995225,7.9169650077819824
17.7999999999999332,121.4999999999995168,9.5210094451904297
17.7999999999999332,121.5999999999995111,9.3248662948608398
17.7999999999999332,121.6999999999995055,8.9399471282958984
17.7999999999999332,121.7999999999994998,8.3494882583618164
17.7999999999999332,121.8999999999994941,7.5039057731628418
17.7999999999999332,121.9999999999994884,7.4458155632019043
17.7999999999999332,122.0999999999994827,9.6258955001831055
17.6999999999999318,120.3999999999995794,14.9639825820922852
17.6999999999999318,120.4999999999995737,12.0412454605102539
17.6999999999999318,120.5999999999995680,8.8851099014282227
17.6999999999999318,120.6999999999995623,6.8633856773376465
17.6999999999999318,120.7999999999995566,6.5709424018859863
17.6999999999999318,120.8999999999995509,6.6161975860595703
17.6999999999999318,120.9999999999995453,6.6024570465087891
17.6999999999999318,121.0999999999995396,6.4901194572448730
17.6999999999999318,121.1999999999995339,6.3776450157165527
17.6999999999999318,121.2999999999995282,6.8269734382629395
17.6999999999999318,121.3999999999995225,8.2737302780151367
17.6999999999999318,121.4999999999995168,10.0346260070800781
17.6999999999999318,121.5999999999995111,10.1800956726074219
17.6999999999999318,121.6999999999995055,9.8848676681518555
17.6999999999999318,121.7999999999994998,9.3026561737060547
17.6999999999999318,121.8999999999994941,8.1159801483154297
17.6999999999999318,121.9999999999994884,7.7405133247375488
17.6999999999999318,122.0999999999994827,9.6550378799438477
17.5999999999999304,120.3999999999995794,15.6732921600341797
17.5999999999999304,120.4999999999995737,12.4267702102661133
17.5999999999999304,120.5999999999995680,9.2337999343872070
17.5999999999999304,120.6999999999995623,7.3524961471557617
17.5999999999999304,120.7999999999995566,6.9680480957031250
17.5999999999999304,120.8999999999995509,7.0896015167236328
17.5999999999999304,120.9999999999995453,7.0009794235229492
17.5999999999999304,121.0999999999995396,6.6109137535095215
17.5999999999999304,121.1999999999995339,6.2526159286499023
17.5999999999999304,121.2999999999995282,6.4681544303894043
17.5999999999999304,121.3999999999995225,8.6890382766723633
17.5999999999999304,121.4999999999995168,11.0895481109619141
17.5999999999999304,121.5999999999995111,11.1293792724609375
17.5999999999999304,121.6999999999995055,11.0920104980468750
17.5999999999999304,121.7999999999994998,10.4225425720214844
17.5999999999999304,121.8999999999994941,8.7739000320434570
17.5999999999999304,121.9999999999994884,8.1425113677978516
17.5999999999999304,122.0999999999994827,10.2309322357177734
17.4999999999999289,120.4999999999995737,12.6956300735473633
17.4999999999999289,120.5999999999995680,9.2677507400512695
17.4999999999999289,120.6999999999995623,7.0246214866638184
17.4999999999999289,120.7999999999995566,6.5756640434265137
17.4999999999999289,120.8999999999995509,6.5986423492431641
17.4999999999999289,120.9999999999995453,6.6157417297363281
17.4999999999999289,121.0999999999995396,6.3501324653625488
17.4999999999999289,121.1999999999995339,6.0878252983093262
17.4999999999999289,121.2999999999995282,6.4648079872131348
17.4999999999999289,121.3999999999995225,9.1029701232910156
17.4999999999999289,121.4999999999995168,11.5403308868408203
17.4999999999999289,121.5999999999995111,12.0493936538696289
17.4999999999999289,121.6999999999995055,12.1307067871093750
17.4999999999999289,121.7999999999994998,11.5382051467895508
17.4999999999999289,121.8999999999994941,9.3050880432128906
17.4999999999999289,121.9999999999994884,8.0988559722900391
17.4999999999999289,122.0999999999994827,9.4400243759155273
17.3999999999999275,120.4999999999995737,12.8870487213134766
17.3999999999999275,120.5999999999995680,9.0225286483764648
17.3999999999999275,120.6999999999995623,6.5743103027343750
17.3999999999999275,120.7999999999995566,5.6908788681030273
17.3999999999999275,120.8999999999995509,5.4664025306701660
17.3999999999999275,120.9999999999995453,5.6438336372375488
17.3999999999999275,121.0999999999995396,5.8274407386779785
17.3999999999999275,121.1999999999995339,6.0018830299377441
17.3999999999999275,121.2999999999995282,6.7186346054077148
17.3999999999999275,121.3999999999995225,9.4130115509033203
17.3999999999999275,121.4999999999995168,12.4181804656982422
17.3999999999999275,121.5999999999995111,12.7518301010131836
17.3999999999999275,121.6999999999995055,12.9936809539794922
17.3999999999999275,121.7999999999994998,12.2528867721557617
17.3999999999999275,121.8999999999994941,9.7620286941528320
17.3999999999999275,121.9999999999994884,7.8524122238159180
17.3999999999999275,122.0999999999994827,8.5025415420532227
17.3999999999999275,122.1999999999994770,11.6376361846923828
17.2999999999999261,120.4999999999995737,12.8195695877075195
17.2999999999999261,120.5999999999995680,8.8778190612792969
17.2999999999999261,120.6999999999995623,5.9186444282531738
17.2999999999999261,120.7999999999995566,4.8459310531616211
17.2999999999999261,120.8999999999995509,4.5333852767944336
17.2999999999999261,120.9999999999995453,4.7303032875061035
17.2999999999999261,121.0999999999995396,5.3410372734069824
17.2999999999999261,121.1999999999995339,5.9525542259216309
17.2999999999999261,121.2999999999995282,6.9933118820190430
17.2999999999999261,121.3999999999995225,9.7474784851074219
17.2999999999999261,121.4999999999995168,12.6674098968505859
17.2999999999999261,121.5999999999995111,13.4452095031738281
17.2999999999999261,121.6999999999995055,13.8211212158203125
17.2999999999999261,121.7999999999994998,13.3184700012207031
17.2999999999999261,121.8999999999994941,10.3132801055908203
17.2999999999999261,121.9999999999994884,7.9003105163574219
17.2999999999999261,122.0999999999994827,7.5082802772521973
17.2999999999999261,122.1999999999994770,9.9367837905883789
17.2999999999999261,122.2999999999994714,12.8001136779785156
17.1999999999999247,120.4999999999995737,12.9529399871826172
17.1999999999999247,120.5999999999995680,8.5284538269042969
17.1999999999999247,120.6999999999995623,5.4968328475952148
17.1999999999999247,120.7999999999995566,4.1073646545410156
17.1999999999999247,120.8999999999995509,4.2304935455322266
17.1999999999999247,120.9999999999995453,4.1534495353698730
17.1999999999999247,121.0999999999995396,5.1192231178283691
17.1999999999999247,121.1999999999995339,6.2589583396911621
17.1999999999999247,121.2999999999995282,7.4586925506591797
17.1999999999999247,121.3999999999995225,10.5025672912597656
17.1999999999999247,121.4999999999995168,13.4348201751708984
17.1999999999999247,121.5999999999995111,13.7877264022827148
17.1999999999999247,121.6999999999995055,14.2574806213378906
17.1999999999999247,121.7999999999994998,13.7168817520141602
17.1999999999999247,121.8999999999994941,10.9927577972412109
17.1999999999999247,121.9999999999994884,8.5448198318481445
17.1999999999999247,122.0999999999994827,7.7864537239074707
17.1999999999999247,122.1999999999994770,8.8130302429199219
17.1999999999999247,122.2999999999994714,11.0804157257080078
17.1999999999999247,122.3999999999994657,12.7765455245971680
17.0999999999999233,120.4999999999995737,12.2296257019042969
17.0999999999999233,120.5999999999995680,8.1924371719360352
17.0999999999999233,120.6999999999995623,5.1689090728759766
17.0999999999999233,120.7999999999995566,3.8262095451354980
17.0999999999999233,120.8999999999995509,4.0569229125976562
17.0999999999999233,120.9999999999995453,4.2190880775451660
17.0999999999999233,121.0999999999995396,5.0266461372375488
17.0999999999999233,121.1999999999995339,6.8645396232604980
17.0999999999999233,121.2999999999995282,8.0189008712768555
17.0999999999999233,121.3999999999995225,11.3641757965087891
17.0999999999999233,121.4999999999995168,14.0845813751220703
17.0999999999999233,121.5999999999995111,14.4895467758178711
17.0999999999999233,121.6999999999995055,14.5296583175659180
17.0999999999999233,121.7999999999994998,14.2886381149291992
17.0999999999999233,121.8999999999994941,11.7885894775390625
17.0999999999999233,121.9999999999994884,9.6412019729614258
17.0999999999999233,122.0999999999994827,8.4365119934082031
17.0999999999999233,122.1999999999994770,8.2889909744262695
17.0999999999999233,122.2999999999994714,9.7068309783935547
17.0999999999999233,122.3999999999994657,11.7634992599487305
17.0999999999999233,122.4999999999994600,16.4177093505859375
16.9999999999999218,120.4999999999995737,12.2848043441772461
16.9999999999999218,120.5999999999995680,7.8007998466491699
16.9999999999999218,120.6999999999995623,4.9255337715148926
16.9999999999999218,120.7999999999995566,3.6653769016265869
16.9999999999999218,120.8999999999995509,3.9959619045257568
16.9999999999999218,120.9999999999995453,4.2584023475646973
16.9999999999999218,121.0999999999995396,4.9696369171142578
16.9999999999999218,121.1999999999995339,7.1567196846008301
16.9999999999999218,121.2999999999995282,8.3264780044555664
16.9999999999999218,121.3999999999995225,11.7817087173461914
16.9999999999999218,121.4999999999995168,14.9884948730468750
16.9999999999999218,121.5999999999995111,15.0440549850463867
16.9999999999999218,121.6999999999995055,14.9148683547973633
16.9999999999999218,121.7999999999994998,14.2718009948730469
16.9999999999999218,121.8999999999994941,12.2239475250244141
16.9999999999999218,121.9999999999994884,10.3453769683837891
16.9999999999999218,122.0999999999994827,8.9129695892333984
16.9999999999999218,122.1999999999994770,8.0886487960815430
16.9999999999999218,122.2999999999994714,8.5941181182861328
16.9999999999999218,122.3999999999994657,10.9403209686279297
16.8999999999999204,120.3999999999995794,14.2644968032836914
16.8999999999999204,120.4999999999995737,10.9863262176513672
16.8999999999999204,120.5999999999995680,6.8623261451721191
16.8999999999999204,120.6999999999995623,4.4023437500000000
16.8999999999999204,120.7999999999995566,3.5655906200408936
16.8999999999999204,120.8999999999995509,3.8077158927917480
16.8999999999999204,120.9999999999995453,4.1974840164184570
16.8999999999999204,121.0999999999995396,5.6061224937438965
16.8999999999999204,121.1999999999995339,7.4849309921264648
16.8999999999999204,121.2999999999995282,7.9604511260986328
16.8999999999999204,121.3999999999995225,10.6358680725097656
16.8999999999999204,121.4999999999995168,12.9428939819335938
16.8999999999999204,121.5999999999995111,13.4637269973754883
16.8999999999999204,121.6999999999995055,13.4297018051147461
16.8999999999999204,121.7999999999994998,12.8439569473266602
16.8999999999999204,121.8999999999994941,11.2814445495605469
16.8999999999999204,121.9999999999994884,9.7995843887329102
16.8999999999999204,122.0999999999994827,8.8116521835327148
16.8999999999999204,122.1999999999994770,8.2221031188964844
16.8999999999999204,122.2999999999994714,8.6192750930786133
16.8999999999999204,122.3999999999994657,10.5285949707031250
16.7999999999999190,120.3999999999995794,14.1593494415283203
16.7999999999999190,120.4999999999995737,9.6111497879028320
16.7999999999999190,120.5999999999995680,5.8918271064758301
16.7999999999999190,120.6999999999995623,3.9256126880645752
16.7999999999999190,120.7999999999995566,3.6725976467132568
16.7999999999999190,120.8999999999995509,3.7206201553344727
16.7999999999999190,120.9999999999995453,4.6538782119750977
16.7999999999999190,121.0999999999995396,6.6772060394287109
16.7999999999999190,121.1999999999995339,8.5350275039672852
16.7999999999999190,121.2999999999995282,8.7075481414794922
16.7999999999999190,121.3999999999995225,9.7145919799804688
16.7999999999999190,121.4999999999995168,11.7268457412719727
16.7999999999999190,121.5999999999995111,11.6675224304199219
16.7999999999999190,121.6999999999995055,11.7626218795776367
16.7999999999999190,121.7999999999994998,11.7540950775146484
16.7999999999999190,121.8999999999994941,10.7777566909790039
16.7999999999999190,121.9999999999994884,9.6947984695434570
16.7999999999999190,122.0999999999994827,8.5990362167358398
16.7999999999999190,122.1999999999994770,8.4331493377685547
16.7999999999999190,122.2999999999994714,9.1162614822387695
16.7999999999999190,122.3999999999994657,9.9847841262817383
16.6999999999999176,120.3999999999995794,12.7685708999633789
16.6999999999999176,120.4999999999995737,8.7835369110107422
16.6999999999999176,120.5999999999995680,5.2101149559020996
16.6999999999999176,120.6999999999995623,3.6996283531188965
16.6999999999999176,120.7999999999995566,3.7529871463775635
16.6999999999999176,120.8999999999995509,3.9806663990020752
16.6999999999999176,120.9999999999995453,5.2229514122009277
16.6999999999999176,121.0999999999995396,7.2620334625244141
16.6999999999999176,121.1999999999995339,9.3008823394775391
16.6999999999999176,121.2999999999995282,8.9656095504760742
16.6999999999999176,121.3999999999995225,8.3877534866333008
16.6999999999999176,121.4999999999995168,9.5184764862060547
16.6999999999999176,121.5999999999995111,9.9450597763061523
16.6999999999999176,121.6999999999995055,10.2563724517822266
16.6999999999999176,121.7999999999994998,11.1427764892578125
16.6999999999999176,121.8999999999994941,10.3957757949829102
16.6999999999999176,121.9999999999994884,9.6236000061035156
16.6999999999999176,122.0999999999994827,8.5675029754638672
16.6999999999999176,122.1999999999994770,8.8677625656127930
16.6999999999999176,122.2999999999994714,9.8610401153564453
16.5999999999999162,120.2999999999995850,14.9510183334350586
16.5999999999999162,120.3999999999995794,12.8170194625854492
16.5999999999999162,120.4999999999995737,8.6305780410766602
16.5999999999999162,120.5999999999995680,5.3349261283874512
16.5999999999999162,120.6999999999995623,3.7195153236389160
16.5999999999999162,120.7999999999995566,3.5647952556610107
16.5999999999999162,120.8999999999995509,3.7051193714141846
16.5999999999999162,120.9999999999995453,4.5609502792358398
16.5999999999999162,121.0999999999995396,6.2252511978149414
16.5999999999999162,121.1999999999995339,7.7225732803344727
16.5999999999999162,121.2999999999995282,7.4406366348266602
16.5999999999999162,121.3999999999995225,6.5864529609680176
16.5999999999999162,121.4999999999995168,7.2792148590087891
16.5999999999999162,121.5999999999995111,7.8761849403381348
16.5999999999999162,121.6999999999995055,8.9015226364135742
16.5999999999999162,121.7999999999994998,9.7075214385986328
16.5999999999999162,121.8999999999994941,9.2210607528686523
16.5999999999999162,121.9999999999994884,8.6699953079223633
16.5999999999999162,122.0999999999994827,8.4221458435058594
16.5999999999999162,122.1999999999994770,9.5133695602416992
16.5999999999999162,122.2999999999994714,10.5711030960083008
16.4999999999999147,120.2999999999995850,14.4145374298095703
16.4999999999999147,120.3999999999995794,12.5968809127807617
16.4999999999999147,120.4999999999995737,8.8348417282104492
16.4999999999999147,120.5999999999995680,5.6469068527221680
16.4999999999999147,120.6999999999995623,3.9529895782470703
16.4999999999999147,120.7999999999995566,3.5680630207061768
16.4999999999999147,120.8999999999995509,3.5436472892761230
16.4999999999999147,120.9999999999995453,3.9383881092071533
16.4999999999999147,121.0999999999995396,5.2222099304199219
16.4999999999999147,121.1999999999995339,6.5113325119018555
16.4999999999999147,121.2999999999995282,5.8754444122314453
16.4999999999999147,121.3999999999995225,5.8069877624511719
16.4999999999999147,121.4999999999995168,6.4062852859497070
16.4999999999999147,121.5999999999995111,6.8560328483581543
16.4999999999999147,121.6999999999995055,7.6375508308410645
16.4999999999999147,121.7999999999994998,8.2782754898071289
16.4999999999999147,121.8999999999994941,8.1136083602905273
16.4999999999999147,121.9999999999994884,7.9311656951904297
16.4999999999999147,122.0999999999994827,8.6243886947631836
16.4999999999999147,122.1999999999994770,10.6127262115478516
16.3999999999999133,120.3999999999995794,13.1756544113159180
16.3999999999999133,120.4999999999995737,9.5256414413452148
16.3999999999999133,120.5999999999995680,6.3911414146423340
16.3999999999999133,120.6999999999995623,4.6255478858947754
16.3999999999999133,120.7999999999995566,3.8651456832885742
16.3999999999999133,120.8999999999995509,3.5666851997375488
16.3999999999999133,120.9999999999995453,3.5478355884552002
16.3999999999999133,121.0999999999995396,3.9763855934143066
16.3999999999999133,121.1999999999995339,4.6822514533996582
16.3999999999999133,121.2999999999995282,4.9995589256286621
16.3999999999999133,121.3999999999995225,5.5210347175598145
16.3999999999999133,121.4999999999995168,6.0140647888183594
16.3999999999999133,121.5999999999995111,6.1262559890747070
16.3999999999999133,121.6999999999995055,6.8032383918762207
16.3999999999999133,121.7999999999994998,7.3975501060485840
16.3999999999999133,121.8999999999994941,7.7637400627136230
16.3999999999999133,121.9999999999994884,8.7340736389160156
16.3999999999999133,122.0999999999994827,10.2711467742919922
16.3999999999999133,122.1999999999994770,12.9791555404663086
16.2999999999999119,119.7999999999996135,15.2889299392700195
16.2999999999999119,120.3999999999995794,14.2103986740112305
16.2999999999999119,120.4999999999995737,10.9421424865722656
16.2999999999999119,120.5999999999995680,7.9831342697143555
16.2999999999999119,120.6999999999995623,5.9633893966674805
16.2999999999999119,120.7999999999995566,4.8226346969604492
16.2999999999999119,120.8999999999995509,3.8953065872192383
16.2999999999999119,120.9999999999995453,3.6598825454711914
16.2999999999999119,121.0999999999995396,3.7998728752136230
16.2999999999999119,121.1999999999995339,4.0563073158264160
16.2999999999999119,121.2999999999995282,4.5357251167297363
16.2999999999999119,121.3999999999995225,4.9991378784179688
16.2999999999999119,121.4999999999995168,5.4711742401123047
16.2999999999999119,121.5999999999995111,5.8036475181579590
16.2999999999999119,121.6999999999995055,6.4687967300415039
16.2999999999999119,121.7999999999994998,7.3231377601623535
16.2999999999999119,121.8999999999994941,9.0185050964355469
16.2999999999999119,121.9999999999994884,10.7867965698242188
16.2999999999999119,122.0999999999994827,12.4238824844360352
16.1999999999999105,119.7999999999996135,14.3357419967651367
16.1999999999999105,119.8999999999996078,15.1586990356445312
16.1999999999999105,119.9999999999996021,15.9518070220947266
16.1999999999999105,120.4999999999995737,12.5190238952636719
16.1999999999999105,120.5999999999995680,9.8465938568115234
16.1999999999999105,120.6999999999995623,7.7636947631835938
16.1999999999999105,120.7999999999995566,6.1842832565307617
16.1999999999999105,120.8999999999995509,4.7943439483642578
16.1999999999999105,120.9999999999995453,4.3960647583007812
16.1999999999999105,121.0999999999995396,4.3073658943176270
16.1999999999999105,121.1999999999995339,4.4491782188415527
16.1999999999999105,121.2999999999995282,4.6334357261657715
16.1999999999999105,121.3999999999995225,4.8301887512207031
16.1999999999999105,121.4999999999995168,5.1298098564147949
16.1999999999999105,121.5999999999995111,5.6554598808288574
16.1999999999999105,121.6999999999995055,6.4140725135803223
16.1999999999999105,121.7999999999994998,8.1265001296997070
16.1999999999999105,121.8999999999994941,10.4614677429199219
16.1999999999999105,121.9999999999994884,12.9633674621582031
16.0999999999999091,119.7999999999996135,13.9359931945800781
16.0999999999999091,119.8999999999996078,14.1719446182250977
16.0999999999999091,119.9999999999996021,14.8384170532226562
16.0999999999999091,120.4999999999995737,12.2607393264770508
16.0999999999999091,120.5999999999995680,10.1726694107055664
16.0999999999999091,120.6999999999995623,8.4616575241088867
16.0999999999999091,120.7999999999995566,7.1293506622314453
16.0999999999999091,120.8999999999995509,5.9569578170776367
16.0999999999999091,120.9999999999995453,5.3003025054931641
16.0999999999999091,121.0999999999995396,5.0476422309875488
16.0999999999999091,121.1999999999995339,4.9768638610839844
16.0999999999999091,121.2999999999995282,5.1173081398010254
16.0999999999999091,121.3999999999995225,5.2665414810180664
16.0999999999999091,121.4999999999995168,5.6291828155517578
16.0999999999999091,121.5999999999995111,6.6600484848022461
16.0999999999999091,121.6999999999995055,8.0035724639892578
15.9999999999999094,119.7999999999996135,14.1427564620971680
15.9999999999999094,119.8999999999996078,13.4939928054809570
15.9999999999999094,119.9999999999996021,13.0551185607910156
15.9999999999999094,120.0999999999995964,12.9815721511840820
15.9999999999999094,120.1999999999995907,13.0754842758178711
15.9999999999999094,120.2999999999995850,13.4567756652832031
15.9999999999999094,120.3999999999995794,13.2849435806274414
15.9999999999999094,120.4999999999995737,11.0302762985229492
15.9999999999999094,120.5999999999995680,9.3577976226806641
15.9999999999999094,120.6999999999995623,8.4206275939941406
15.9999999999999094,120.7999999999995566,7.6819467544555664
15.9999999999999094,120.8999999999995509,7.0573816299438477
15.9999999999999094,120.9999999999995453,6.4305047988891602
15.9999999999999094,121.0999999999995396,5.8321561813354492
15.9999999999999094,121.1999999999995339,5.4834322929382324
15.9999999999999094,121.2999999999995282,5.5595235824584961
15.9999999999999094,121.3999999999995225,5.6453733444213867
15.9999999999999094,121.4999999999995168,5.8056697845458984
15.9999999999999094,121.5999999999995111,7.4152212142944336
15.8999999999999098,119.9999999999996021,11.3995523452758789
15.8999999999999098,120.0999999999995964,10.4267492294311523
15.8999999999999098,120.1999999999995907,10.8121566772460938
15.8999999999999098,120.2999999999995850,11.3026914596557617
15.8999999999999098,120.3999999999995794,11.3321561813354492
15.8999999999999098,120.4999999999995737,10.1321802139282227
15.8999999999999098,120.5999999999995680,8.9327373504638672
15.8999999999999098,120.6999999999995623,8.2106885910034180
15.8999999999999098,120.7999999999995566,8.0881681442260742
15.8999999999999098,120.8999999999995509,8.0355510711669922
15.8999999999999098,120.9999999999995453,7.4349880218505859
15.8999999999999098,121.0999999999995396,6.5707511901855469
15.8999999999999098,121.1999999999995339,5.9130959510803223
15.8999999999999098,121.2999999999995282,5.9254865646362305
15.8999999999999098,121.3999999999995225,6.0062603950500488
15.8999999999999098,121.4999999999995168,6.4288158416748047
15.8999999999999098,121.5999999999995111,7.3880338668823242
15.7999999999999101,119.9999999999996021,10.2262105941772461
15.7999999999999101,120.0999999999995964,8.7122144699096680
15.7999999999999101,120.1999999999995907,8.7119684219360352
15.7999999999999101,120.2999999999995850,9.0293855667114258
15.7999999999999101,120.3999999999995794,9.0844850540161133
15.7999999999999101,120.4999999999995737,8.4353179931640625
15.7999999999999101,120.5999999999995680,7.8514475822448730
15.7999999999999101,120.6999999999995623,7.3545465469360352
15.7999999999999101,120.7999999999995566,7.3606562614440918
15.7999999999999101,120.8999999999995509,7.5487627983093262
15.7999999999999101,120.9999999999995453,7.0876679420471191
15.7999999999999101,121.0999999999995396,6.2385802268981934
15.7999999999999101,121.1999999999995339,5.6331219673156738
15.7999999999999101,121.2999999999995282,5.6561074256896973
15.7999999999999101,121.3999999999995225,5.8528141975402832
15.7999999999999101,121.4999999999995168,6.1245613098144531
15.6999999999999105,119.9999999999996021,9.3687410354614258
15.6999999999999105,120.0999999999995964,6.9680953025817871
15.6999999999999105,120.1999999999995907,6.7817339897155762
15.6999999999999105,120.2999999999995850,6.8074536323547363
15.6999999999999105,120.3999999999995794,6.7676587104797363
15.6999999999999105,120.4999999999995737,6.5243487358093262
15.6999999999999105,120.5999999999995680,6.3761901855468750
15.6999999999999105,120.6999999999995623,6.3743295669555664
15.6999999999999105,120.7999999999995566,6.6432847976684570
15.6999999999999105,120.8999999999995509,7.0887699127197266
15.6999999999999105,120.9999999999995453,6.8460183143615723
15.6999999999999105,121.0999999999995396,5.9602007865905762
15.6999999999999105,121.1999999999995339,5.1026234626770020
15.6999999999999105,121.2999999999995282,5.1766414642333984
15.6999999999999105,121.3999999999995225,5.5285453796386719
15.6999999999999105,121.4999999999995168,6.2114472389221191
15.5999999999999108,119.9999999999996021,8.6904611587524414
15.5999999999999108,120.0999999999995964,5.7809495925903320
15.5999999999999108,120.1999999999995907,5.2485723495483398
15.5999999999999108,120.2999999999995850,5.1417479515075684
15.5999999999999108,120.3999999999995794,5.1270604133605957
15.5999999999999108,120.4999999999995737,5.2715163230895996
15.5999999999999108,120.5999999999995680,5.7237067222595215
15.5999999999999108,120.6999999999995623,6.2120494842529297
15.5999999999999108,120.7999999999995566,6.8099780082702637
15.5999999999999108,120.8999999999995509,7.6404008865356445
15.5999999999999108,120.9999999999995453,7.3939275741577148
15.5999999999999108,121.0999999999995396,6.4330964088439941
15.5999999999999108,121.1999999999995339,5.5574831962585449
15.5999999999999108,121.2999999999995282,5.3764176368713379
15.5999999999999108,121.3999999999995225,5.7676424980163574
15.5999999999999108,121.4999999999995168,6.3742904663085938
15.4999999999999112,119.9999999999996021,8.7092046737670898
15.4999999999999112,120.0999999999995964,5.9871106147766113
15.4999999999999112,120.1999999999995907,5.5702090263366699
15.4999999999999112,120.2999999999995850,5.5429825782775879
15.4999999999999112,120.3999999999995794,5.6417646408081055
15.4999999999999112,120.4999999999995737,5.9123868942260742
15.4999999999999112,120.5999999999995680,6.3654389381408691
15.4999999999999112,120.6999999999995623,6.8179645538330078
15.4999999999999112,120.7999999999995566,7.3525762557983398
15.4999999999999112,120.8999999999995509,8.0756101608276367
15.4999999999999112,120.9999999999995453,7.9498653411865234
15.4999999999999112,121.0999999999995396,6.9434432983398438
15.4999999999999112,121.1999999999995339,6.0682749748229980
15.4999999999999112,121.2999999999995282,6.3504323959350586
15.4999999999999112,121.3999999999995225,7.1966280937194824
15.4999999999999112,121.4999999999995168,7.8799319267272949
15.3999999999999115,119.8999999999996078,11.4740972518920898
15.3999999999999115,119.9999999999996021,8.9915246963500977
15.3999999999999115,120.0999999999995964,6.6705574989318848
15.3999999999999115,120.1999999999995907,6.4979758262634277
15.3999999999999115,120.2999999999995850,6.6542830467224121
15.3999999999999115,120.3999999999995794,6.8284077644348145
15.3999999999999115,120.4999999999995737,6.9804434776306152
15.3999999999999115,120.5999999999995680,7.3930411338806152
15.3999999999999115,120.6999999999995623,7.6831164360046387
15.3999999999999115,120.7999999999995566,7.9670019149780273
15.3999999999999115,120.8999999999995509,8.5354404449462891
15.3999999999999115,120.9999999999995453,8.3232116699218750
15.3999999999999115,121.0999999999995396,7.6179475784301758
15.3999999999999115,121.1999999999995339,7.0063333511352539
15.3999999999999115,121.2999999999995282,7.6969437599182129
15.2999999999999119,119.9999999999996021,8.8748788833618164
15.2999999999999119,120.0999999999995964,7.2849841117858887
15.2999999999999119,120.1999999999995907,7.1830201148986816
15.2999999999999119,120.2999999999995850,7.3768606185913086
15.2999999999999119,120.3999999999995794,7.5414857864379883
15.2999999999999119,120.4999999999995737,7.7542905807495117
15.2999999999999119,120.5999999999995680,8.1333990097045898
15.2999999999999119,120.6999999999995623,8.3365278244018555
15.2999999999999119,120.7999999999995566,8.3893346786499023
15.2999999999999119,120.8999999999995509,8.6265945434570312
15.2999999999999119,120.9999999999995453,8.5047292709350586
15.2999999999999119,121.0999999999995396,8.0307407379150391
15.2999999999999119,121.1999999999995339,7.6389169692993164
15.2999999999999119,121.2999999999995282,8.6164674758911133
15.2999999999999119,121.3999999999995225,10.1189661026000977
15.1999999999999122,120.0999999999995964,7.4821500778198242
15.1999999999999122,120.1999999999995907,7.0398163795471191
15.1999999999999122,120.2999999999995850,6.8631401062011719
15.1999999999999122,120.3999999999995794,6.9213962554931641
15.1999999999999122,120.4999999999995737,7.3125419616699219
15.1999999999999122,120.5999999999995680,7.8810696601867676
15.1999999999999122,120.6999999999995623,8.1508283615112305
15.1999999999999122,120.7999999999995566,8.0817689895629883
15.1999999999999122,120.8999999999995509,8.1909322738647461
15.1999999999999122,120.9999999999995453,7.9641737937927246
15.1999999999999122,121.0999999999995396,7.5281195640563965
15.1999999999999122,121.1999999999995339,7.2045559883117676
15.1999999999999122,121.2999999999995282,7.7811064720153809
15.0999999999999126,120.0999999999995964,7.7866692543029785
15.0999999999999126,120.1999999999995907,6.9989404678344727
15.0999999999999126,120.2999999999995850,6.4333691596984863
15.0999999999999126,120.3999999999995794,6.2198662757873535
15.0999999999999126,120.4999999999995737,6.7826676368713379
15.0999999999999126,120.5999999999995680,7.5372128486633301
15.0999999999999126,120.6999999999995623,7.8778157234191895
15.0999999999999126,120.7999999999995566,7.7328562736511230
15.0999999999999126,120.8999999999995509,7.6644849777221680
15.0999999999999126,120.9999999999995453,7.4003062248229980
15.0999999999999126,121.0999999999995396,6.9804263114929199
15.0999999999999126,121.1999999999995339,6.6455845832824707
15.0999999999999126,121.2999999999995282,6.8359956741333008
15.0999999999999126,121.3999999999995225,7.9319534301757812
14.9999999999999130,120.0999999999995964,8.6016359329223633
14.9999999999999130,120.1999999999995907,7.4958004951477051
14.9999999999999130,120.2999999999995850,6.5630726814270020
14.9999999999999130,120.3999999999995794,6.1716532707214355
14.9999999999999130,120.4999999999995737,6.7764215469360352
14.9999999999999130,120.5999999999995680,7.5510220527648926
14.9999999999999130,120.6999999999995623,8.0985116958618164
14.9999999999999130,120.7999999999995566,7.7022104263305664
14.9999999999999130,120.8999999999995509,7.4127960205078125
14.9999999999999130,120.9999999999995453,7.0501070022583008
14.9999999999999130,121.0999999999995396,6.6250848770141602
14.9999999999999130,121.1999999999995339,6.2987098693847656
14.9999999999999130,121.2999999999995282,6.1822848320007324
14.9999999999999130,121.3999999999995225,6.9264178276062012
14.9999999999999130,121.4999999999995168,7.7762207984924316
14.9999999999999130,121.8999999999994941,12.5309753417968750
14.9999999999999130,121.9999999999994884,13.1393318176269531
14.8999999999999133,120.0999999999995964,10.1391553878784180
14.8999999999999133,120.1999999999995907,8.9320306777954102
14.8999999999999133,120.2999999999995850,7.8290209770202637
14.8999999999999133,120.3999999999995794,7.2388386726379395
14.8999999999999133,120.4999999999995737,7.9357085227966309
14.8999999999999133,120.7999999999995566,8.4821186065673828
14.8999999999999133,120.8999999999995509,7.8313612937927246
14.8999999999999133,120.9999999999995453,7.2192859649658203
14.8999999999999133,121.0999999999995396,6.6135921478271484
14.8999999999999133,121.1999999999995339,6.0639600753784180
14.8999999999999133,121.2999999999995282,5.8693509101867676
14.8999999999999133,121.3999999999995225,6.2476358413696289
14.8999999999999133,121.4999999999995168,6.9858288764953613
14.8999999999999133,121.8999999999994941,12.4670066833496094
14.8999999999999133,121.9999999999994884,12.8781013488769531
14.7999999999999137,120.1999999999995907,10.8060712814331055
14.7999999999999137,120.2999999999995850,8.7345571517944336
14.7999999999999137,120.3999999999995794,8.5161104202270508
14.7999999999999137,120.4999999999995737,9.1765041351318359
14.7999999999999137,120.8999999999995509,8.2822904586791992
14.7999999999999137,120.9999999999995453,7.4805922508239746
14.7999999999999137,121.0999999999995396,6.6554203033447266
14.7999999999999137,121.1999999999995339,5.9845371246337891
14.7999999999999137,121.2999999999995282,5.6917185783386230
14.7999999999999137,121.3999999999995225,5.9654250144958496
14.7999999999999137,121.4999999999995168,6.3077392578125000
14.7999999999999137,121.5999999999995111,7.4004511833190918
14.7999999999999137,121.8999999999994941,12.3961372375488281
14.7999999999999137,121.9999999999994884,12.9844007492065430
14.7999999999999137,122.1999999999994770,12.7705078125000000
14.6999999999999140,120.2999999999995850,10.0638008117675781
14.6999999999999140,120.3999999999995794,9.7941560745239258
14.6999999999999140,120.4999999999995737,10.3492136001586914
14.6999999999999140,120.9999999999995453,8.2223434448242188
14.6999999999999140,121.0999999999995396,7.5453214645385742
14.6999999999999140,121.1999999999995339,6.9137601852416992
14.6999999999999140,121.2999999999995282,6.7576904296875000
14.6999999999999140,121.3999999999995225,6.6482744216918945
14.6999999999999140,121.4999999999995168,6.7247338294982910
14.6999999999999140,121.5999999999995111,7.4971075057983398
14.6999999999999140,121.9999999999994884,12.6847324371337891
14.6999999999999140,122.3999999999994657,12.4829378128051758
14.5999999999999144,120.3999999999995794,11.7606735229492188
14.5999999999999144,120.4999999999995737,11.7504940032958984
14.5999999999999144,120.5999999999995680,12.0801248550415039
14.5999999999999144,120.9999999999995453,9.3825864791870117
14.5999999999999144,121.0999999999995396,9.0119438171386719
14.5999999999999144,121.1999999999995339,8.6943292617797852
14.5999999999999144,121.2999999999995282,8.3870868682861328
14.5999999999999144,121.3999999999995225,7.9909839630126953
14.5999999999999144,121.4999999999995168,7.6931433677673340
14.5999999999999144,121.5999999999995111,8.7965736389160156
14.4999999999999147,120.4999999999995737,13.3610210418701172
14.4999999999999147,120.5999999999995680,13.0978126525878906
14.4999999999999147,121.0999999999995396,10.2897272109985352
14.4999999999999147,121.1999999999995339,10.2642393112182617
14.4999999999999147,121.2999999999995282,9.7431507110595703
14.4999999999999147,121.3999999999995225,9.2019443511962891
14.4999999999999147,121.4999999999995168,8.8407564163208008
14.4999999999999147,121.5999999999995111,9.5628356933593750
14.3999999999999151,120.7999999999995566,9.7115173339843750
14.3999999999999151,120.8999999999995509,8.9390230178833008
14.3999999999999151,120.9999999999995453,9.3161649703979492
14.3999999999999151,121.2999999999995282,8.7235345840454102
14.3999999999999151,121.4999999999995168,8.3147649765014648
14.3999999999999151,121.5999999999995111,9.7318792343139648
14.3999999999999151,121.6999999999995055,10.6902046203613281
14.2999999999999154,120.6999999999995623,10.1389312744140625
14.2999999999999154,120.7999999999995566,9.0222282409667969
14.2999999999999154,120.8999999999995509,7.6965370178222656
14.2999999999999154,120.9999999999995453,7.2671322822570801
14.2999999999999154,121.0999999999995396,7.5515813827514648
14.2999999999999154,121.4999999999995168,7.4359412193298340
14.2999999999999154,121.5999999999995111,8.8696374893188477
14.2999999999999154,121.6999999999995055,10.7571048736572266
14.2999999999999154,122.4999999999994600,9.7598724365234375
14.2999999999999154,122.6999999999994486,9.3250131607055664
14.1999999999999158,120.5999999999995680,10.5970001220703125
14.1999999999999158,120.6999999999995623,9.3471717834472656
14.1999999999999158,120.7999999999995566,8.0088424682617188
14.1999999999999158,120.8999999999995509,6.7078170776367188
14.1999999999999158,120.9999999999995453,6.1799707412719727
14.1999999999999158,121.0999999999995396,6.2251868247985840
14.1999999999999158,121.3999999999995225,6.5540323257446289
14.1999999999999158,121.4999999999995168,6.5262675285339355
14.1999999999999158,121.5999999999995111,8.2334728240966797
14.1999999999999158,121.6999999999995055,10.2633123397827148
14.1999999999999158,121.9999999999994884,11.5532388687133789
14.1999999999999158,122.3999999999994657,8.2184638977050781
14.1999999999999158,122.4999999999994600,8.2544679641723633
14.1999999999999158,122.5999999999994543,8.0949039459228516
14.1999999999999158,122.6999999999994486,7.8705806732177734
14.1999999999999158,122.7999999999994429,7.6328864097595215
14.1999999999999158,122.8999999999994373,7.3570990562438965
14.0999999999999162,120.5999999999995680,10.4644365310668945
14.0999999999999162,120.6999999999995623,9.6433935165405273
14.0999999999999162,120.7999999999995566,8.3620853424072266
14.0999999999999162,120.8999999999995509,7.1355047225952148
14.0999999999999162,120.9999999999995453,6.3778891563415527
14.0999999999999162,121.0999999999995396,6.1504616737365723
14.0999999999999162,121.1999999999995339,6.2519493103027344
14.0999999999999162,121.2999999999995282,6.4676074981689453
14.0999999999999162,121.3999999999995225,6.6928172111511230
14.0999999999999162,121.4999999999995168,7.2430124282836914
14.0999999999999162,121.5999999999995111,8.7728471755981445
14.0999999999999162,121.6999999999995055,10.6359577178955078
14.0999999999999162,121.7999999999994998,12.1161270141601562
14.0999999999999162,122.0999999999994827,10.2253885269165039
14.0999999999999162,122.2999999999994714,8.3235244750976562
14.0999999999999162,122.3999999999994657,7.7858753204345703
14.0999999999999162,122.4999999999994600,7.7229871749877930
14.0999999999999162,122.5999999999994543,7.6549472808837891
14.0999999999999162,122.6999999999994486,7.4535527229309082
14.0999999999999162,122.7999999999994429,7.2131218910217285
14.0999999999999162,122.8999999999994373,7.1658010482788086
14.0999999999999162,122.9999999999994316,7.6198563575744629
13.9999999999999165,120.6999999999995623,10.4189815521240234
13.9999999999999165,120.7999999999995566,9.1775493621826172
13.9999999999999165,120.8999999999995509,7.9580278396606445
13.9999999999999165,120.9999999999995453,7.0612807273864746
13.9999999999999165,121.0999999999995396,6.5292563438415527
13.9999999999999165,121.1999999999995339,6.0463051795959473
13.9999999999999165,121.2999999999995282,6.4808988571166992
13.9999999999999165,121.3999999999995225,7.2268056869506836
13.9999999999999165,121.4999999999995168,8.3119869232177734
13.9999999999999165,121.5999999999995111,9.8099899291992188
13.9999999999999165,121.6999999999995055,11.4087524414062500
13.9999999999999165,121.7999999999994998,12.4093885421752930
13.9999999999999165,121.8999999999994941,11.8339672088623047
13.9999999999999165,122.3999999999994657,7.4208388328552246
13.9999999999999165,122.4999999999994600,7.5098094940185547
13.9999999999999165,122.5999999999994543,7.5962276458740234
13.9999999999999165,122.6999999999994486,7.4121332168579102
13.9999999999999165,122.7999999999994429,7.1257858276367188
13.9999999999999165,122.8999999999994373,7.0678744316101074
13.9999999999999165,122.9999999999994316,7.8528656959533691
13.9999999999999165,123.2999999999994145,9.2744989395141602
13.9999999999999165,124.1999999999993634,6.6846752166748047
13.9999999999999165,124.2999999999993577,5.8804855346679688
13.8999999999999169,120.5999999999995680,11.6905145645141602
13.8999999999999169,120.9999999999995453,8.0695686340332031
13.8999999999999169,121.0999999999995396,6.9992885589599609
13.8999999999999169,121.1999999999995339,5.9292216300964355
13.8999999999999169,121.2999999999995282,6.6253228187561035
13.8999999999999169,121.3999999999995225,7.9725155830383301
13.8999999999999169,121.4999999999995168,9.3512830734252930
13.8999999999999169,121.9999999999994884,10.4757823944091797
13.8999999999999169,122.0999999999994827,9.2381162643432617
13.8999999999999169,122.1999999999994770,8.3359794616699219
13.8999999999999169,122.2999999999994714,7.5420413017272949
13.8999999999999169,122.3999999999994657,7.2527551651000977
13.8999999999999169,122.6999999999994486,7.4403805732727051
13.8999999999999169,122.7999999999994429,7.1907744407653809
13.8999999999999169,122.8999999999994373,7.0554594993591309
13.8999999999999169,122.9999999999994316,7.6004881858825684
13.8999999999999169,123.3999999999994088,7.6832432746887207
13.8999999999999169,123.4999999999994031,7.1155371665954590
13.8999999999999169,123.5999999999993975,7.1359400749206543
13.8999999999999169,123.6999999999993918,7.4080791473388672
13.8999999999999169,124.1999999999993634,6.0989031791687012
13.8999999999999169,124.2999999999993577,5.3009099960327148
13.7999999999999172,120.0999999999995964,12.5111055374145508
13.7999999999999172,120.1999999999995907,12.4282636642456055
13.7999999999999172,120.8999999999995509,9.7702226638793945
13.7999999999999172,120.9999999999995453,8.9578914642333984
13.7999999999999172,121.0999999999995396,7.9849348068237305
13.7999999999999172,121.1999999999995339,6.9808702468872070
13.7999999999999172,121.2999999999995282,7.5666823387145996
13.7999999999999172,121.3999999999995225,8.8502435684204102
13.7999999999999172,121.9999999999994884,10.3788995742797852
13.7999999999999172,122.0999999999994827,9.4966049194335938
13.7999999999999172,122.1999999999994770,8.7639427185058594
13.7999999999999172,122.2999999999994714,7.9999117851257324
13.7999999999999172,122.3999999999994657,7.7357387542724609
13.7999999999999172,122.7999999999994429,7.2902159690856934
13.7999999999999172,122.8999999999994373,6.9670419692993164
13.7999999999999172,122.9999999999994316,7.3057928085327148
13.7999999999999172,123.2999999999994145,7.1204595565795898
13.7999999999999172,123.3999999999994088,6.6557416915893555
13.7999999999999172,123.4999999999994031,6.2399468421936035
13.7999999999999172,123.5999999999993975,6.4355635643005371
13.7999999999999172,123.6999999999993918,6.6397290229797363
13.7999999999999172,123.7999999999993861,7.2120046615600586
13.7999999999999172,124.1999999999993634,5.8429985046386719
13.7999999999999172,124.2999999999993577,5.1106190681457520
13.6999999999999176,121.0999999999995396,8.9259920120239258
13.6999999999999176,121.1999999999995339,7.9897847175598145
13.6999999999999176,121.2999999999995282,8.6788072586059570
13.6999999999999176,121.3999999999995225,9.6831178665161133
13.6999999999999176,122.1999999999994770,9.3372449874877930
13.6999999999999176,122.2999999999994714,8.7385129928588867
13.6999999999999176,122.3999999999994657,8.4659929275512695
13.6999999999999176,122.8999999999994373,6.9076657295227051
13.6999999999999176,122.9999999999994316,6.9664082527160645
13.6999999999999176,123.0999999999994259,7.1845598220825195
13.6999999999999176,123.1999999999994202,7.2717547416687012
13.6999999999999176,123.2999999999994145,6.5657072067260742
13.6999999999999176,123.3999999999994088,5.7248563766479492
13.6999999999999176,123.4999999999994031,5.3085203170776367
13.6999999999999176,124.0999999999993690,6.7732038497924805
13.6999999999999176,124.1999999999993634,5.7733578681945801
13.6999999999999176,124.2999999999993577,5.0646996498107910
13.5999999999999179,122.2999999999994714,8.8619613647460938
13.5999999999999179,122.3999999999994657,8.6261615753173828
13.5999999999999179,122.4999999999994600,8.5144567489624023
13.5999999999999179,122.8999999999994373,6.7743935585021973
13.5999999999999179,122.9999999999994316,6.8364362716674805
13.5999999999999179,123.0999999999994259,6.9469718933105469
13.5999999999999179,123.1999999999994202,6.8057107925415039
13.5999999999999179,123.2999999999994145,5.9898896217346191
13.5999999999999179,123.3999999999994088,5.0556149482727051
13.5999999999999179,123.4999999999994031,4.5461382865905762
13.5999999999999179,124.1999999999993634,6.1221094131469727
13.5999999999999179,124.2999999999993577,5.3708605766296387
13.4999999999999183,120.6999999999995623,6.7860054969787598
13.4999999999999183,120.7999999999995566,6.5140109062194824
13.4999999999999183,121.8999999999994941,9.3375911712646484
13.4999999999999183,121.9999999999994884,8.5108184814453125
13.4999999999999183,122.4999999999994600,7.3627848625183105
13.4999999999999183,122.5999999999994543,7.3703622817993164
13.4999999999999183,123.1999999999994202,8.5627012252807617
13.4999999999999183,123.2999999999994145,6.4479212760925293
13.4999999999999183,123.3999999999994088,4.7737846374511719
13.4999999999999183,123.4999999999994031,4.1179389953613281
13.4999999999999183,123.5999999999993975,4.2601337432861328
13.3999999999999186,120.4999999999995737,7.4295148849487305
13.3999999999999186,120.5999999999995680,6.0710206031799316
13.3999999999999186,120.6999999999995623,5.0777235031127930
13.3999999999999186,120.7999999999995566,4.7285013198852539
13.3999999999999186,120.8999999999995509,4.4625067710876465
13.3999999999999186,120.9999999999995453,4.2936868667602539
13.3999999999999186,121.0999999999995396,4.0768251419067383
13.3999999999999186,121.1999999999995339,4.1759071350097656
13.3999999999999186,121.7999999999994998,8.1659679412841797
13.3999999999999186,121.8999999999994941,7.8337888717651367
13.3999999999999186,121.9999999999994884,7.1038589477539062
13.3999999999999186,122.0999999999994827,6.4920783042907715
13.3999999999999186,122.4999999999994600,7.4168715476989746
13.3999999999999186,122.5999999999994543,7.5903968811035156
13.3999999999999186,123.1999999999994202,9.5652303695678711
13.3999999999999186,123.2999999999994145,7.5555872917175293
13.3999999999999186,123.3999999999994088,4.8038268089294434
13.3999999999999186,123.4999999999994031,3.6669228076934814
13.3999999999999186,123.5999999999993975,3.8859202861785889
13.2999999999999190,120.5999999999995680,5.2927541732788086
13.2999999999999190,120.6999999999995623,4.1562395095825195
13.2999999999999190,120.7999999999995566,3.5411286354064941
13.2999999999999190,120.8999999999995509,3.0951070785522461
13.2999999999999190,120.9999999999995453,2.9459364414215088
13.2999999999999190,121.0999999999995396,3.1166729927062988
13.2999999999999190,121.1999999999995339,3.3824169635772705
13.2999999999999190,121.2999999999995282,3.7653386592864990
13.2999999999999190,121.8999999999994941,6.6119608879089355
13.2999999999999190,121.9999999999994884,6.1744775772094727
13.2999999999999190,122.5999999999994543,8.3427543640136719
13.2999999999999190,123.2999999999994145,8.4050397872924805
13.2999999999999190,123.4999999999994031,3.8735730648040771
13.2999999999999190,123.5999999999993975,3.9505374431610107
13.2999999999999190,123.6999999999993918,4.1319913864135742
13.2999999999999190,123.8999999999993804,5.8232121467590332
13.1999999999999194,120.6999999999995623,4.9352173805236816
13.1999999999999194,120.7999999999995566,4.1484436988830566
13.1999999999999194,120.8999999999995509,3.4479253292083740
13.1999999999999194,120.9999999999995453,3.1177480220794678
13.1999999999999194,121.0999999999995396,3.2502620220184326
13.1999999999999194,121.1999999999995339,3.3677766323089600
13.1999999999999194,121.3999999999995225,3.2087860107421875
13.1999999999999194,123.2999999999994145,8.7265415191650391
13.1999999999999194,123.3999999999994088,6.2955317497253418
13.1999999999999194,123.4999999999994031,4.6219196319580078
13.1999999999999194,123.5999999999993975,4.6608057022094727
13.1999999999999194,123.6999999999993918,4.9018306732177734
13.0999999999999197,120.6999999999995623,5.4242572784423828
13.0999999999999197,120.7999999999995566,4.8110122680664062
13.0999999999999197,120.8999999999995509,3.8335373401641846
13.0999999999999197,120.9999999999995453,3.3490917682647705
13.0999999999999197,121.0999999999995396,3.3969073295593262
13.0999999999999197,121.1999999999995339,3.4122848510742188
13.0999999999999197,121.2999999999995282,3.0613355636596680
13.0999999999999197,121.3999999999995225,2.6151573657989502
13.0999999999999197,121.4999999999995168,2.4105851650238037
13.0999999999999197,122.9999999999994316,12.0823335647583008
13.0999999999999197,123.3999999999994088,7.1749649047851562
13.0999999999999197,123.4999999999994031,5.8855400085449219
13.0999999999999197,123.5999999999993975,5.7986493110656738
13.0999999999999197,123.6999999999993918,5.8675222396850586
13.0999999999999197,123.7999999999993861,6.5489969253540039
13.0999999999999197,123.8999999999993804,7.8495798110961914
12.9999999999999201,120.7999999999995566,5.0195198059082031
12.9999999999999201,120.8999999999995509,4.0895094871520996
12.9999999999999201,120.9999999999995453,3.5511379241943359
12.9999999999999201,121.0999999999995396,3.5170884132385254
12.9999999999999201,121.1999999999995339,3.4490549564361572
12.9999999999999201,121.2999999999995282,3.0363185405731201
12.9999999999999201,121.3999999999995225,2.5193903446197510
12.9999999999999201,122.9999999999994316,12.3339748382568359
12.9999999999999201,123.0999999999994259,12.1584224700927734
12.9999999999999201,123.4999999999994031,7.2368488311767578
12.9999999999999201,123.5999999999993975,7.4338917732238770
12.9999999999999201,123.6999999999993918,7.3827576637268066
12.9999999999999201,123.7999999999993861,7.7517385482788086
12.9999999999999201,123.8999999999993804,8.2863502502441406
12.9999999999999201,123.9999999999993747,8.8037405014038086
12.9999999999999201,124.0999999999993690,9.2616376876831055
12.8999999999999204,120.7999999999995566,5.3587093353271484
12.8999999999999204,120.8999999999995509,4.3990006446838379
12.8999999999999204,120.9999999999995453,3.8637299537658691
12.8999999999999204,121.0999999999995396,3.6902360916137695
12.8999999999999204,121.1999999999995339,3.5217461585998535
12.8999999999999204,121.2999999999995282,3.1835327148437500
12.8999999999999204,121.3999999999995225,2.7888629436492920
12.8999999999999204,121.4999999999995168,2.5195145606994629
12.8999999999999204,123.1999999999994202,12.0016431808471680
12.8999999999999204,123.7999999999993861,8.9691429138183594
12.8999999999999204,124.0999999999993690,8.3542690277099609
12.7999999999999208,120.7999999999995566,5.9769220352172852
12.7999999999999208,120.8999999999995509,4.9575710296630859
12.7999999999999208,120.9999999999995453,4.4204688072204590
12.7999999999999208,121.0999999999995396,4.0953555107116699
12.7999999999999208,121.1999999999995339,3.8007977008819580
12.7999999999999208,121.2999999999995282,3.5377328395843506
12.7999999999999208,121.3999999999995225,3.5282671451568604
12.7999999999999208,123.8999999999993804,8.7463054656982422
12.7999999999999208,123.9999999999993747,7.5172915458679199
12.7999999999999208,124.0999999999993690,7.7883815765380859
12.6999999999999211,120.8999999999995509,6.1514616012573242
12.6999999999999211,120.9999999999995453,5.6754708290100098
12.6999999999999211,121.0999999999995396,5.2630529403686523
12.6999999999999211,121.1999999999995339,4.9120297431945801
12.6999999999999211,121.2999999999995282,4.7952694892883301
12.6999999999999211,121.3999999999995225,4.9853229522705078
12.6999999999999211,121.4999999999995168,5.4195790290832520
12.6999999999999211,123.8999999999993804,9.1569185256958008
12.6999999999999211,123.9999999999993747,7.9626383781433105
12.6999999999999211,124.0999999999993690,7.9802079200744629
12.5999999999999215,120.9999999999995453,7.1970028877258301
12.5999999999999215,121.0999999999995396,6.7271537780761719
12.5999999999999215,121.1999999999995339,6.3639960289001465
12.5999999999999215,121.2999999999995282,6.4254341125488281
12.5999999999999215,121.3999999999995225,6.8251233100891113
12.5999999999999215,121.4999999999995168,7.0573678016662598
12.5999999999999215,122.0999999999994827,8.7209167480468750
12.5999999999999215,123.9999999999993747,8.7575540542602539
12.4999999999999218,120.9999999999995453,8.6259632110595703
12.4999999999999218,121.0999999999995396,8.1787977218627930
12.4999999999999218,121.1999999999995339,7.8313803672790527
12.4999999999999218,121.2999999999995282,8.0264101028442383
12.4999999999999218,121.3999999999995225,8.4803390502929688
12.4999999999999218,121.9999999999994884,8.5242338180541992
12.4999999999999218,122.4999999999994600,12.3280982971191406
12.4999999999999218,122.5999999999994543,12.8472127914428711
12.4999999999999218,123.2999999999994145,12.3992757797241211
12.4999999999999218,123.3999999999994088,12.2641735076904297
12.4999999999999218,123.4999999999994031,12.0361080169677734
12.4999999999999218,123.6999999999993918,11.2164402008056641
12.4999999999999218,124.2999999999993577,10.7240762710571289
12.4999999999999218,124.3999999999993520,9.6543130874633789
12.4999999999999218,124.4999999999993463,8.2331066131591797
12.4999999999999218,124.5999999999993406,7.0232896804809570
12.4999999999999218,124.6999999999993349,6.5040640830993652
12.4999999999999218,124.7999999999993292,6.2159762382507324
12.4999999999999218,124.8999999999993236,6.2025370597839355
12.4999999999999218,124.9999999999993179,6.2800989151000977
12.4999999999999218,125.0999999999993122,6.4369845390319824
12.4999999999999218,125.1999999999993065,6.6510705947875977
12.3999999999999222,120.9999999999995453,9.5589160919189453
12.3999999999999222,121.0999999999995396,9.4317436218261719
12.3999999999999222,121.1999999999995339,9.4598369598388672
12.3999999999999222,121.2999999999995282,9.6295261383056641
12.3999999999999222,121.9999999999994884,9.6803960800170898
12.3999999999999222,122.0999999999994827,9.3092308044433594
12.3999999999999222,122.4999999999994600,12.2919788360595703
12.3999999999999222,122.5999999999994543,12.8201780319213867
12.3999999999999222,123.2999999999994145,11.9684429168701172
12.3999999999999222,123.3999999999994088,11.3893136978149414
12.3999999999999222,123.4999999999994031,10.8762292861938477
12.3999999999999222,124.3999999999993520,9.2277879714965820
12.3999999999999222,124.4999999999993463,7.7310156822204590
12.3999999999999222,124.5999999999993406,6.3373074531555176
12.3999999999999222,124.6999999999993349,5.9910740852355957
12.3999999999999222,124.7999999999993292,5.6721243858337402
12.3999999999999222,124.8999999999993236,5.5176715850830078
12.3999999999999222,124.9999999999993179,5.6550178527832031
12.3999999999999222,125.0999999999993122,5.9874672889709473
12.3999999999999222,125.1999999999993065,6.4007010459899902
12.2999999999999226,119.8999999999996078,10.6720104217529297
12.2999999999999226,121.1999999999995339,11.1183166503906250
12.2999999999999226,121.9999999999994884,10.9864082336425781
12.2999999999999226,123.2999999999994145,11.2855281829833984
12.2999999999999226,123.3999999999994088,10.2680692672729492
12.2999999999999226,123.4999999999994031,9.4285211563110352
12.2999999999999226,123.5999999999993975,8.8357076644897461
12.2999999999999226,123.6999999999993918,8.2912063598632812
12.2999999999999226,124.3999999999993520,8.7774915695190430
12.2999999999999226,124.4999999999993463,7.1023159027099609
12.2999999999999226,124.5999999999993406,5.6665749549865723
12.2999999999999226,124.6999999999993349,5.2623219490051270
12.2999999999999226,124.7999999999993292,4.9883236885070801
12.2999999999999226,124.8999999999993236,4.8662037849426270
12.2999999999999226,124.9999999999993179,5.1281642913818359
12.2999999999999226,125.0999999999993122,5.6267323493957520
12.2999999999999226,125.1999999999993065,6.1567029953002930
12.2999999999999226,125.2999999999993008,6.6028728485107422
12.1999999999999229,119.8999999999996078,10.6586570739746094
12.1999999999999229,119.9999999999996021,10.6605768203735352
12.1999999999999229,121.9999999999994884,12.0702171325683594
12.1999999999999229,123.2999999999994145,10.8106889724731445
12.1999999999999229,123.3999999999994088,9.8109292984008789
12.1999999999999229,123.5999999999993975,7.8510217666625977
12.1999999999999229,123.6999999999993918,7.3694567680358887
12.1999999999999229,123.7999999999993861,7.5292134284973145
12.1999999999999229,123.8999999999993804,8.1036376953125000
12.1999999999999229,124.3999999999993520,8.0670328140258789
12.1999999999999229,124.4999999999993463,6.8155498504638672
12.1999999999999229,124.5999999999993406,5.3127770423889160
12.1999999999999229,124.6999999999993349,5.0297832489013672
12.1999999999999229,124.7999999999993292,4.7754435539245605
12.1999999999999229,124.8999999999993236,4.5351157188415527
12.1999999999999229,124.9999999999993179,4.7455663681030273
12.1999999999999229,125.0999999999993122,5.3168396949768066
12.1999999999999229,125.1999999999993065,5.9029555320739746
12.1999999999999229,125.2999999999993008,6.3646993637084961
12.1999999999999229,125.3999999999992951,6.8846077919006348
12.1999999999999229,125.4999999999992895,7.3518962860107422
12.0999999999999233,119.9999999999996021,10.5000734329223633
12.0999999999999233,120.0999999999995964,10.5145549774169922
12.0999999999999233,120.1999999999995907,10.4203214645385742
12.0999999999999233,120.2999999999995850,10.3258705139160156
12.0999999999999233,123.2999999999994145,10.7614469528198242
12.0999999999999233,123.6999999999993918,8.3064155578613281
12.0999999999999233,123.7999999999993861,8.3900175094604492
12.0999999999999233,123.8999999999993804,8.9750699996948242
12.0999999999999233,124.4999999999993463,7.4726095199584961
12.0999999999999233,124.5999999999993406,6.3081412315368652
12.0999999999999233,124.6999999999993349,5.7488231658935547
12.0999999999999233,124.7999999999993292,5.3148083686828613
12.0999999999999233,124.8999999999993236,4.8740792274475098
12.0999999999999233,124.9999999999993179,4.7908892631530762
12.0999999999999233,125.0999999999993122,5.1502327919006348
12.0999999999999233,125.1999999999993065,5.5716190338134766
12.0999999999999233,125.2999999999993008,5.9215373992919922
12.0999999999999233,125.3999999999992951,6.2185468673706055
11.9999999999999236,123.1999999999994202,11.5375089645385742
11.9999999999999236,123.7999999999993861,9.3915185928344727
11.9999999999999236,123.8999999999993804,9.5159626007080078
11.9999999999999236,123.9999999999993747,9.6452550888061523
11.9999999999999236,124.6999999999993349,6.2613348960876465
11.9999999999999236,124.7999999999993292,5.8605389595031738
11.9999999999999236,124.8999999999993236,5.2579283714294434
11.9999999999999236,124.9999999999993179,4.8655767440795898
11.9999999999999236,125.0999999999993122,4.9776797294616699
11.9999999999999236,125.1999999999993065,5.2278070449829102
11.9999999999999236,125.2999999999993008,5.4865145683288574
11.9999999999999236,125.3999999999992951,5.7418308258056641
11.8999999999999240,121.9999999999994884,12.2080984115600586
11.8999999999999240,123.7999999999993861,9.8249826431274414
11.8999999999999240,123.8999999999993804,9.7250080108642578
11.8999999999999240,123.9999999999993747,9.5130014419555664
11.8999999999999240,124.7999999999993292,6.3392038345336914
11.8999999999999240,124.8999999999993236,5.6153883934020996
11.8999999999999240,124.9999999999993179,4.9156470298767090
11.8999999999999240,125.0999999999993122,4.8499450683593750
11.8999999999999240,125.1999999999993065,4.9432716369628906
11.8999999999999240,125.2999999999993008,5.1096148490905762
11.7999999999999243,121.8999999999994941,10.8900451660156250
11.7999999999999243,121.9999999999994884,11.3829326629638672
11.7999999999999243,122.0999999999994827,11.1007843017578125
11.7999999999999243,122.1999999999994770,10.5584154129028320
11.7999999999999243,124.2999999999993577,8.8183946609497070
11.7999999999999243,124.8999999999993236,5.9636311531066895
11.7999999999999243,124.9999999999993179,5.1597118377685547
11.7999999999999243,125.0999999999993122,4.7448449134826660
11.7999999999999243,125.1999999999993065,4.7289104461669922
11.7999999999999243,125.2999999999993008,4.8190054893493652
11.7999999999999243,125.3999999999992951,4.9200768470764160
11.6999999999999247,119.9999999999996021,10.5429191589355469
11.6999999999999247,122.0999999999994827,10.0929708480834961
11.6999999999999247,122.1999999999994770,9.4759788513183594
11.6999999999999247,122.2999999999994714,9.0130443572998047
11.6999999999999247,122.3999999999994657,8.8916244506835938
11.6999999999999247,124.9999999999993179,5.2771673202514648
11.6999999999999247,125.0999999999993122,4.7116785049438477
11.6999999999999247,125.1999999999993065,4.5827512741088867
11.6999999999999247,125.2999999999993008,4.6956195831298828
11.6999999999999247,125.3999999999992951,4.8076820373535156
11.5999999999999250,122.1999999999994770,7.7998147010803223
11.5999999999999250,122.2999999999994714,7.2683663368225098
11.5999999999999250,122.6999999999994486,6.8307156562805176
11.5999999999999250,124.4999999999993463,8.4019966125488281
11.5999999999999250,125.0999999999993122,4.4328455924987793
11.5999999999999250,125.1999999999993065,4.2704157829284668
11.5999999999999250,125.2999999999993008,4.4281272888183594
11.5999999999999250,125.3999999999992951,4.6000180244445801
11.4999999999999254,122.0999999999994827,6.3113818168640137
11.4999999999999254,122.1999999999994770,5.9913587570190430
11.4999999999999254,122.2999999999994714,5.5262632369995117
11.4999999999999254,122.3999999999994657,5.3022284507751465
11.4999999999999254,122.4999999999994600,5.4110059738159180
11.4999999999999254,122.5999999999994543,5.4551005363464355
11.4999999999999254,122.6999999999994486,5.6373176574707031
11.4999999999999254,122.7999999999994429,5.6572856903076172
11.4999999999999254,123.0999999999994259,6.8440074920654297
11.4999999999999254,124.3999999999993520,8.0828590393066406
11.4999999999999254,124.4999999999993463,7.6880640983581543
11.4999999999999254,124.8999999999993236,4.8480463027954102
11.4999999999999254,124.9999999999993179,4.4443764686584473
11.4999999999999254,125.0999999999993122,3.9421918392181396
11.4999999999999254,125.1999999999993065,3.7587213516235352
11.4999999999999254,125.2999999999993008,3.8993480205535889
11.4999999999999254,125.3999999999992951,4.1855115890502930
11.4999999999999254,125.4999999999992895,4.6437840461730957
11.3999999999999257,122.0999999999994827,4.7982225418090820
11.3999999999999257,122.1999999999994770,4.3514328002929688
11.3999999999999257,122.2999999999994714,3.9232721328735352
11.3999999999999257,122.3999999999994657,3.6985805034637451
11.3999999999999257,122.4999999999994600,3.7407999038696289
11.3999999999999257,122.5999999999994543,3.8301551342010498
11.3999999999999257,122.6999999999994486,3.9578275680541992
11.3999999999999257,122.7999999999994429,4.0949192047119141
11.3999999999999257,122.8999999999994373,4.3279838562011719
11.3999999999999257,122.9999999999994316,5.5511150360107422
11.3999999999999257,123.0999999999994259,7.5280060768127441
11.3999999999999257,124.2999999999993577,7.9714384078979492
11.3999999999999257,124.3999999999993520,7.5602111816406250
11.3999999999999257,124.4999999999993463,7.0436906814575195
11.3999999999999257,124.8999999999993236,4.3868346214294434
11.3999999999999257,124.9999999999993179,4.0381331443786621
11.3999999999999257,125.0999999999993122,3.6873064041137695
11.3999999999999257,125.1999999999993065,3.4562473297119141
11.3999999999999257,125.2999999999993008,3.6650879383087158
11.3999999999999257,125.3999999999992951,3.9883592128753662
11.3999999999999257,125.4999999999992895,4.5074262619018555
11.2999999999999261,119.4999999999996305,9.1238574981689453
11.2999999999999261,122.0999999999994827,4.0993237495422363
11.2999999999999261,122.1999999999994770,3.7435629367828369
11.2999999999999261,122.2999999999994714,3.4154233932495117
11.2999999999999261,122.3999999999994657,3.2842659950256348
11.2999999999999261,122.4999999999994600,3.2297294139862061
11.2999999999999261,122.5999999999994543,3.2460491657257080
11.2999999999999261,122.6999999999994486,3.5136029720306396
11.2999999999999261,122.7999999999994429,3.9164533615112305
11.2999999999999261,122.8999999999994373,4.3779997825622559
11.2999999999999261,122.9999999999994316,5.8833742141723633
11.2999999999999261,123.0999999999994259,7.3409461975097656
11.2999999999999261,124.3999999999993520,6.9209547042846680
11.2999999999999261,124.4999999999993463,6.2827939987182617
11.2999999999999261,124.5999999999993406,5.9033446311950684
11.2999999999999261,124.6999999999993349,5.1300759315490723
11.2999999999999261,124.7999999999993292,4.5162334442138672
11.2999999999999261,124.8999999999993236,4.0363235473632812
11.2999999999999261,125.1999999999993065,3.8731043338775635
11.2999999999999261,125.2999999999993008,4.0650982856750488
11.2999999999999261,125.3999999999992951,4.5172996520996094
11.2999999999999261,125.4999999999992895,5.0853056907653809
11.1999999999999265,119.4999999999996305,8.2816371917724609
11.1999999999999265,122.0999999999994827,3.9046790599822998
11.1999999999999265,122.1999999999994770,3.6263458728790283
11.1999999999999265,122.2999999999994714,3.4885790348052979
11.1999999999999265,122.3999999999994657,3.4130961894989014
11.1999999999999265,122.4999999999994600,3.2986478805541992
11.1999999999999265,122.5999999999994543,3.2260696887969971
11.1999999999999265,122.6999999999994486,3.6803197860717773
11.1999999999999265,122.7999999999994429,4.4583735466003418
11.1999999999999265,122.8999999999994373,5.3700752258300781
11.1999999999999265,122.9999999999994316,6.3851084709167480
11.1999999999999265,123.7999999999993861,6.7750711441040039
11.1999999999999265,123.9999999999993747,7.0172400474548340
11.1999999999999265,124.3999999999993520,6.4361681938171387
11.1999999999999265,124.4999999999993463,5.6201353073120117
11.1999999999999265,124.5999999999993406,5.2602052688598633
11.1999999999999265,124.6999999999993349,4.6547660827636719
11.1999999999999265,124.7999999999993292,3.9985001087188721
11.1999999999999265,124.8999999999993236,3.6348083019256592
11.1999999999999265,124.9999999999993179,3.8697781562805176
11.1999999999999265,125.1999999999993065,4.6205587387084961
11.1999999999999265,125.2999999999993008,5.0900559425354004
11.1999999999999265,125.3999999999992951,5.5303187370300293
11.1999999999999265,125.4999999999992895,6.0184559822082520
11.0999999999999268,119.4999999999996305,7.6432561874389648
11.0999999999999268,122.0999999999994827,3.9405839443206787
11.0999999999999268,122.1999999999994770,3.6113004684448242
11.0999999999999268,122.2999999999994714,3.6603651046752930
11.0999999999999268,122.3999999999994657,3.5895006656646729
11.0999999999999268,122.4999999999994600,3.4365406036376953
11.0999999999999268,122.5999999999994543,3.3567204475402832
11.0999999999999268,122.6999999999994486,4.3136901855468750
11.0999999999999268,122.7999999999994429,5.5524268150329590
11.0999999999999268,122.8999999999994373,6.7362985610961914
11.0999999999999268,124.3999999999993520,5.8551306724548340
11.0999999999999268,124.4999999999993463,5.3516697883605957
11.0999999999999268,124.5999999999993406,4.8647198677062988
11.0999999999999268,124.6999999999993349,4.2420101165771484
11.0999999999999268,124.7999999999993292,3.6314156055450439
11.0999999999999268,124.8999999999993236,3.4008121490478516
11.0999999999999268,124.9999999999993179,3.9485270977020264
11.0999999999999268,125.4999999999992895,6.6636834144592285
10.9999999999999272,119.3999999999996362,8.2667846679687500
10.9999999999999272,122.0999999999994827,3.8753705024719238
10.9999999999999272,122.1999999999994770,3.7693514823913574
10.9999999999999272,122.2999999999994714,3.9086103439331055
10.9999999999999272,122.3999999999994657,3.9117450714111328
10.9999999999999272,122.4999999999994600,3.8406364917755127
10.9999999999999272,122.5999999999994543,4.1365175247192383
10.9999999999999272,122.6999999999994486,5.1190667152404785
10.9999999999999272,122.7999999999994429,6.2383351325988770
10.9999999999999272,123.9999999999993747,6.7487330436706543
10.9999999999999272,124.4999999999993463,5.7704958915710449
10.9999999999999272,124.5999999999993406,5.0498509407043457
10.9999999999999272,124.6999999999993349,4.3613648414611816
10.9999999999999272,124.7999999999993292,3.7758419513702393
10.9999999999999272,124.8999999999993236,3.6053996086120605
10.9999999999999272,124.9999999999993179,4.2151303291320801
10.8999999999999275,119.3999999999996362,8.0590286254882812
10.8999999999999275,119.4999999999996305,7.1881656646728516
10.8999999999999275,121.9999999999994884,4.6889009475708008
10.8999999999999275,122.0999999999994827,4.0242719650268555
10.8999999999999275,122.1999999999994770,3.9456765651702881
10.8999999999999275,122.2999999999994714,4.1858415603637695
10.8999999999999275,122.3999999999994657,4.2696490287780762
10.8999999999999275,122.4999999999994600,4.4537224769592285
10.8999999999999275,122.5999999999994543,4.9510307312011719
10.8999999999999275,122.6999999999994486,5.9943675994873047
10.8999999999999275,123.1999999999994202,6.9662094116210938
10.8999999999999275,123.2999999999994145,6.3242287635803223
10.8999999999999275,123.3999999999994088,5.7167806625366211
10.8999999999999275,123.9999999999993747,6.7432985305786133
10.8999999999999275,124.4999999999993463,6.1248602867126465
10.8999999999999275,124.7999999999993292,4.0664262771606445
10.8999999999999275,124.8999999999993236,3.8660364151000977
10.8999999999999275,124.9999999999993179,4.3341560363769531
10.7999999999999279,119.2999999999996419,9.5420045852661133
10.7999999999999279,119.3999999999996362,8.6496906280517578
10.7999999999999279,119.4999999999996305,6.6264805793762207
10.7999999999999279,121.9999999999994884,5.0937600135803223
10.7999999999999279,122.0999999999994827,4.2738413810729980
10.7999999999999279,122.1999999999994770,4.3374094963073730
10.7999999999999279,122.2999999999994714,4.7533984184265137
10.7999999999999279,122.3999999999994657,4.9731626510620117
10.7999999999999279,122.4999999999994600,5.2756328582763672
10.7999999999999279,122.9999999999994316,7.5319862365722656
10.7999999999999279,123.0999999999994259,6.8390197753906250
10.7999999999999279,123.1999999999994202,6.2070488929748535
10.7999999999999279,123.2999999999994145,5.4470658302307129
10.7999999999999279,123.3999999999994088,4.8579254150390625
10.7999999999999279,123.4999999999994031,4.4430060386657715
10.7999999999999279,123.8999999999993804,6.2637748718261719
10.7999999999999279,123.9999999999993747,6.5874118804931641
10.7999999999999279,124.8999999999993236,4.2936730384826660
10.6999999999999282,119.3999999999996362,7.8019900321960449
10.6999999999999282,119.4999999999996305,6.7574014663696289
10.6999999999999282,119.5999999999996248,6.7673439979553223
10.6999999999999282,121.9999999999994884,5.4609603881835938
10.6999999999999282,122.0999999999994827,4.9117369651794434
10.6999999999999282,122.1999999999994770,5.2597308158874512
10.6999999999999282,122.2999999999994714,5.6016049385070801
10.6999999999999282,122.3999999999994657,6.0049462318420410
10.6999999999999282,122.4999999999994600,6.2020149230957031
10.6999999999999282,122.5999999999994543,6.8010792732238770
10.6999999999999282,122.6999999999994486,6.8492617607116699
10.6999999999999282,122.9999999999994316,6.6084594726562500
10.6999999999999282,123.0999999999994259,5.7933812141418457
10.6999999999999282,123.1999999999994202,5.1700010299682617
10.6999999999999282,123.2999999999994145,4.7662692070007324
10.6999999999999282,123.3999999999994088,4.7146725654602051
10.6999999999999282,123.4999999999994031,4.5748834609985352
10.6999999999999282,123.8999999999993804,6.4167881011962891
10.6999999999999282,124.7999999999993292,4.1639823913574219
10.6999999999999282,124.8999999999993236,3.9454033374786377
10.6999999999999282,124.9999999999993179,4.1059226989746094
10.6999999999999282,125.7999999999992724,8.5109786987304688
10.5999999999999286,119.3999999999996362,7.6874494552612305
10.5999999999999286,119.4999999999996305,6.6729526519775391
10.5999999999999286,119.5999999999996248,6.7300786972045898
10.5999999999999286,119.7999999999996135,8.0090246200561523
10.5999999999999286,119.8999999999996078,8.1423797607421875
10.5999999999999286,121.9999999999994884,5.8414392471313477
10.5999999999999286,122.4999999999994600,7.9407901763916016
10.5999999999999286,122.5999999999994543,7.8658404350280762
10.5999999999999286,122.6999999999994486,7.5186333656311035
10.5999999999999286,122.8999999999994373,5.8649415969848633
10.5999999999999286,122.9999999999994316,5.5252065658569336
10.5999999999999286,123.0999999999994259,4.7215800285339355
10.5999999999999286,123.1999999999994202,4.2824783325195312
10.5999999999999286,123.2999999999994145,4.2416934967041016
10.5999999999999286,123.3999999999994088,4.7277832031250000
10.5999999999999286,123.6999999999993918,5.2935075759887695
10.5999999999999286,123.7999999999993861,5.8346557617187500
10.5999999999999286,123.8999999999993804,6.5522322654724121
10.5999999999999286,123.9999999999993747,7.1749467849731445
10.5999999999999286,124.7999999999993292,4.2400817871093750
10.5999999999999286,124.8999999999993236,3.9150784015655518
10.5999999999999286,124.9999999999993179,3.7450873851776123
10.5999999999999286,125.0999999999993122,3.6794209480285645
10.4999999999999289,119.2999999999996419,8.0559587478637695
10.4999999999999289,119.3999999999996362,7.3071398735046387
10.4999999999999289,119.4999999999996305,6.5911288261413574
10.4999999999999289,119.5999999999996248,6.6596393585205078
10.4999999999999289,119.7999999999996135,7.8153810501098633
10.4999999999999289,119.8999999999996078,7.9563627243041992
10.4999999999999289,121.9999999999994884,6.1745452880859375
10.4999999999999289,122.4999999999994600,8.4121780395507812
10.4999999999999289,122.5999999999994543,8.4339294433593750
10.4999999999999289,122.6999999999994486,7.9976005554199219
10.4999999999999289,122.7999999999994429,6.3076448440551758
10.4999999999999289,122.8999999999994373,5.5458288192749023
10.4999999999999289,122.9999999999994316,4.8387908935546875
10.4999999999999289,123.0999999999994259,4.3357229232788086
10.4999999999999289,123.1999999999994202,4.1144576072692871
10.4999999999999289,123.2999999999994145,4.2589612007141113
10.4999999999999289,123.3999999999994088,4.8032913208007812
10.4999999999999289,123.7999999999993861,5.7501196861267090
10.4999999999999289,123.8999999999993804,6.6196126937866211
10.4999999999999289,123.9999999999993747,7.6123428344726562
10.4999999999999289,124.7999999999993292,4.6446409225463867
10.4999999999999289,124.8999999999993236,4.0511069297790527
10.4999999999999289,124.9999999999993179,3.7418594360351562
10.4999999999999289,125.0999999999993122,3.4490873813629150
10.3999999999999293,119.0999999999996533,6.8107161521911621
10.3999999999999293,119.1999999999996476,6.9761791229248047
10.3999999999999293,119.2999999999996419,6.9591412544250488
10.3999999999999293,119.3999999999996362,6.6959505081176758
10.3999999999999293,119.4999999999996305,6.4345569610595703
10.3999999999999293,122.8999999999994373,5.1621341705322266
10.3999999999999293,122.9999999999994316,4.8186364173889160
10.3999999999999293,123.0999999999994259,4.7730908393859863
10.3999999999999293,123.1999999999994202,4.8011054992675781
10.3999999999999293,123.2999999999994145,4.9188303947448730
10.3999999999999293,123.6999999999993918,5.7614550590515137
10.3999999999999293,123.7999999999993861,5.9318633079528809
10.3999999999999293,123.8999999999993804,6.7142558097839355
10.3999999999999293,123.9999999999993747,7.3422436714172363
10.3999999999999293,124.7999999999993292,4.7000713348388672
10.3999999999999293,124.8999999999993236,4.1854901313781738
10.3999999999999293,124.9999999999993179,4.0546884536743164
10.3999999999999293,125.0999999999993122,3.9986903667449951
10.3999999999999293,125.1999999999993065,4.7365422248840332
10.3999999999999293,125.5999999999992838,9.8803091049194336
10.2999999999999297,118.9999999999996589,5.9979748725891113
10.2999999999999297,119.0999999999996533,5.9339284896850586
10.2999999999999297,119.1999999999996476,5.8640375137329102
10.2999999999999297,119.2999999999996419,5.8594083786010742
10.2999999999999297,122.8999999999994373,4.9388265609741211
10.2999999999999297,122.9999999999994316,5.0540208816528320
10.2999999999999297,123.0999999999994259,5.2897324562072754
10.2999999999999297,123.1999999999994202,5.5073180198669434
10.2999999999999297,123.2999999999994145,5.7129406929016113
10.2999999999999297,123.5999999999993975,6.4502992630004883
10.2999999999999297,123.6999999999993918,6.2092370986938477
10.2999999999999297,123.7999999999993861,6.2071466445922852
10.2999999999999297,124.7999999999993292,4.7780508995056152
10.2999999999999297,124.8999999999993236,4.2746596336364746
10.2999999999999297,125.0999999999993122,4.7600317001342773
10.2999999999999297,125.1999999999993065,5.4719638824462891
10.2999999999999297,125.5999999999992838,10.2275505065917969
10.1999999999999300,118.7999999999996703,6.8932027816772461
10.1999999999999300,118.9999999999996589,5.9500780105590820
10.1999999999999300,119.0999999999996533,5.8855142593383789
10.1999999999999300,119.1999999999996476,5.8419055938720703
10.1999999999999300,122.8999999999994373,4.8358044624328613
10.1999999999999300,122.9999999999994316,4.9656305313110352
10.1999999999999300,123.0999999999994259,5.2966837882995605
10.1999999999999300,123.1999999999994202,5.5839004516601562
10.1999999999999300,123.2999999999994145,5.8327450752258301
10.1999999999999300,123.5999999999993975,6.3008227348327637
10.1999999999999300,123.6999999999993918,6.0651149749755859
10.1999999999999300,124.8999999999993236,5.2004022598266602
10.1999999999999300,125.5999999999992838,10.5645370483398438
10.0999999999999304,118.8999999999996646,6.7202873229980469
10.0999999999999304,118.9999999999996589,6.6360607147216797
10.0999999999999304,119.0999999999996533,6.6544942855834961
10.0999999999999304,119.1999999999996476,6.7406210899353027
10.0999999999999304,122.8999999999994373,4.3260579109191895
10.0999999999999304,122.9999999999994316,4.5735850334167480
10.0999999999999304,123.0999999999994259,4.9225082397460938
10.0999999999999304,123.1999999999994202,5.1996788978576660
10.0999999999999304,123.4999999999994031,5.3875207901000977
10.0999999999999304,123.5999999999993975,5.4427189826965332
10.0999999999999304,124.1999999999993634,5.6641225814819336
10.0999999999999304,124.2999999999993577,5.3132891654968262
10.0999999999999304,124.3999999999993520,5.6056814193725586
10.0999999999999304,125.1999999999993065,8.4115438461303711
10.0999999999999304,125.5999999999992838,10.5395889282226562
9.9999999999999307,118.7999999999996703,7.0091943740844727
9.9999999999999307,118.8999999999996646,7.0552239418029785
9.9999999999999307,118.9999999999996589,7.1883463859558105
9.9999999999999307,119.0999999999996533,7.2700862884521484
9.9999999999999307,122.7999999999994429,4.3869633674621582
9.9999999999999307,122.8999999999994373,4.1033821105957031
9.9999999999999307,122.9999999999994316,4.3591198921203613
9.9999999999999307,123.0999999999994259,4.7714781761169434
9.9999999999999307,123.1999999999994202,5.0688571929931641
9.9999999999999307,123.3999999999994088,4.9072332382202148
9.9999999999999307,123.4999999999994031,4.7727394104003906
9.9999999999999307,123.5999999999993975,4.8346266746520996
9.9999999999999307,124.0999999999993690,5.2518820762634277
9.9999999999999307,124.1999999999993634,4.8748736381530762
9.9999999999999307,124.2999999999993577,4.5072927474975586
9.9999999999999307,124.3999999999993520,4.9541573524475098
9.9999999999999307,124.4999999999993463,5.7476992607116699
9.9999999999999307,125.1999999999993065,9.7064437866210938
9.9999999999999307,125.5999999999992838,10.5588035583496094
9.8999999999999311,118.5999999999996817,6.5971269607543945
9.8999999999999311,118.6999999999996760,6.4220328330993652
9.8999999999999311,122.3999999999994657,6.0701303482055664
9.8999999999999311,122.4999999999994600,5.5924310684204102
9.8999999999999311,122.5999999999994543,5.0589237213134766
9.8999999999999311,122.6999999999994486,4.6217970848083496
9.8999999999999311,122.7999999999994429,4.2811598777770996
9.8999999999999311,122.8999999999994373,4.1370220184326172
9.8999999999999311,122.9999999999994316,4.5493202209472656
9.8999999999999311,123.0999999999994259,5.0523276329040527
9.8999999999999311,123.3999999999994088,4.7032423019409180
9.8999999999999311,123.4999999999994031,4.4976215362548828
9.8999999999999311,123.5999999999993975,4.6010327339172363
9.8999999999999311,123.8999999999993804,5.3588395118713379
9.8999999999999311,123.9999999999993747,5.2498693466186523
9.8999999999999311,124.0999999999993690,4.9382314682006836
9.8999999999999311,124.1999999999993634,4.5752773284912109
9.8999999999999311,124.2999999999993577,4.2452883720397949
9.8999999999999311,124.3999999999993520,5.0809636116027832
9.8999999999999311,124.4999999999993463,6.2757973670959473
9.8999999999999311,125.5999999999992838,9.5287733078002930
9.8999999999999311,125.9999999999992610,9.0344152450561523
9.7999999999999314,118.5999999999996817,6.3392057418823242
9.7999999999999314,118.6999999999996760,5.6952767372131348
9.7999999999999314,122.4999999999994600,5.5523777008056641
9.7999999999999314,122.5999999999994543,5.0622701644897461
9.7999999999999314,122.6999999999994486,4.7634358406066895
9.7999999999999314,122.7999999999994429,4.5205416679382324
9.7999999999999314,122.8999999999994373,4.6027894020080566
9.7999999999999314,122.9999999999994316,4.9716558456420898
9.7999999999999314,123.0999999999994259,5.5073008537292480
9.7999999999999314,123.3999999999994088,5.1559019088745117
9.7999999999999314,123.4999999999994031,4.8239374160766602
9.7999999999999314,123.8999999999993804,5.2645268440246582
9.7999999999999314,123.9999999999993747,4.9526948928833008
9.7999999999999314,124.0999999999993690,4.7514348030090332
9.7999999999999314,124.1999999999993634,4.5642352104187012
9.7999999999999314,124.2999999999993577,4.5933604240417480
9.7999999999999314,124.3999999999993520,5.5685901641845703
9.7999999999999314,124.4999999999993463,7.0215525627136230
9.7999999999999314,125.9999999999992610,8.3654718399047852
9.7999999999999314,126.0999999999992554,8.0074691772460938
9.6999999999999318,118.3999999999996930,7.5439686775207520
9.6999999999999318,118.4999999999996874,6.8366289138793945
9.6999999999999318,118.5999999999996817,5.8662285804748535
9.6999999999999318,118.6999999999996760,5.1590485572814941
9.6999999999999318,122.4999999999994600,5.5445728302001953
9.6999999999999318,122.5999999999994543,5.1587829589843750
9.6999999999999318,122.6999999999994486,4.9475617408752441
9.6999999999999318,122.7999999999994429,4.8083257675170898
9.6999999999999318,122.8999999999994373,4.9196243286132812
9.6999999999999318,122.9999999999994316,5.3353219032287598
9.6999999999999318,123.0999999999994259,5.9805831909179688
9.6999999999999318,123.3999999999994088,5.5243163108825684
9.6999999999999318,123.8999999999993804,5.3061566352844238
9.6999999999999318,123.9999999999993747,4.9609999656677246
9.6999999999999318,124.0999999999993690,4.9025630950927734
9.6999999999999318,124.1999999999993634,4.9190287590026855
9.6999999999999318,124.2999999999993577,4.9615249633789062
9.6999999999999318,124.3999999999993520,5.8871760368347168
9.6999999999999318,125.4999999999992895,7.1892876625061035
9.5999999999999321,118.3999999999996930,6.6768178939819336
9.5999999999999321,118.4999999999996874,5.8519783020019531
9.5999999999999321,118.5999999999996817,5.0466451644897461
9.5999999999999321,118.6999999999996760,4.6106677055358887
9.5999999999999321,122.4999999999994600,5.6583981513977051
9.5999999999999321,122.5999999999994543,5.5043735504150391
9.5999999999999321,122.6999999999994486,5.2836947441101074
9.5999999999999321,122.7999999999994429,5.0665907859802246
9.5999999999999321,122.8999999999994373,4.9524836540222168
9.5999999999999321,122.9999999999994316,5.1404294967651367
9.5999999999999321,123.0999999999994259,5.3593568801879883
9.5999999999999321,123.2999999999994145,5.4635739326477051
9.5999999999999321,123.3999999999994088,5.2979187965393066
9.5999999999999321,123.7999999999993861,6.3851971626281738
9.5999999999999321,125.3999999999992951,6.4528441429138184
9.5999999999999321,125.4999999999992895,6.3847837448120117
9.5999999999999321,125.5999999999992838,6.4334444999694824
9.5999999999999321,125.6999999999992781,6.5559020042419434
9.4999999999999325,118.2999999999996987,6.1764254570007324
9.4999999999999325,118.3999999999996930,5.5108094215393066
9.4999999999999325,118.4999999999996874,4.7063207626342773
9.4999999999999325,118.5999999999996817,4.5648865699768066
9.4999999999999325,122.5999999999994543,5.9347877502441406
9.4999999999999325,122.6999999999994486,5.6668920516967773
9.4999999999999325,122.7999999999994429,5.3214359283447266
9.4999999999999325,122.8999999999994373,4.9650421142578125
9.4999999999999325,122.9999999999994316,4.7741270065307617
9.4999999999999325,123.0999999999994259,4.7375936508178711
9.4999999999999325,123.3999999999994088,4.9895181655883789
9.4999999999999325,125.4999999999992895,5.7113103866577148
9.4999999999999325,125.5999999999992838,5.5132322311401367
9.4999999999999325,125.6999999999992781,5.5454344749450684
9.4999999999999325,125.7999999999992724,4.5134916305541992
9.3999999999999329,118.1999999999997044,6.1943283081054688
9.3999999999999329,118.2999999999996987,5.5402836799621582
9.3999999999999329,118.3999999999996930,4.7620096206665039
9.3999999999999329,118.4999999999996874,4.2231783866882324
9.3999999999999329,122.7999999999994429,5.5696167945861816
9.3999999999999329,122.8999999999994373,5.1087775230407715
9.3999999999999329,122.9999999999994316,4.6207408905029297
9.3999999999999329,123.0999999999994259,4.3297619819641113
9.3999999999999329,123.1999999999994202,4.1628055572509766
9.3999999999999329,125.5999999999992838,4.5437827110290527
9.3999999999999329,125.6999999999992781,4.3712964057922363
9.3999999999999329,125.7999999999992724,3.2440876960754395
9.3999999999999329,125.8999999999992667,2.3201320171356201
9.2999999999999332,118.0999999999997101,6.2557911872863770
9.2999999999999332,118.1999999999997044,5.9431018829345703
9.2999999999999332,118.2999999999996987,5.5237965583801270
9.2999999999999332,118.3999999999996930,5.0020351409912109
9.2999999999999332,122.8999999999994373,5.3792753219604492
9.2999999999999332,122.9999999999994316,4.9320149421691895
9.2999999999999332,123.0999999999994259,4.5762119293212891
9.2999999999999332,123.1999999999994202,4.3182549476623535
9.2999999999999332,123.2999999999994145,4.5083937644958496
9.2999999999999332,125.5999999999992838,3.5859255790710449
9.2999999999999332,125.6999999999992781,3.6663982868194580
9.2999999999999332,125.7999999999992724,2.6900622844696045
9.2999999999999332,125.8999999999992667,1.8507858514785767
9.1999999999999336,117.8999999999997215,5.4490900039672852
9.1999999999999336,117.9999999999997158,5.6489763259887695
9.1999999999999336,118.0999999999997101,5.6512622833251953
9.1999999999999336,118.1999999999997044,5.6271085739135742
9.1999999999999336,122.8999999999994373,5.7820000648498535
9.1999999999999336,122.9999999999994316,5.3363728523254395
9.1999999999999336,123.0999999999994259,4.9081482887268066
9.1999999999999336,123.1999999999994202,4.6761813163757324
9.1999999999999336,123.4999999999994031,7.9162688255310059
9.1999999999999336,123.5999999999993975,8.4552087783813477
9.1999999999999336,124.6999999999993349,9.3579978942871094
9.1999999999999336,124.7999999999993292,9.3845710754394531
9.1999999999999336,125.5999999999992838,3.0659608840942383
9.1999999999999336,125.6999999999992781,3.1391887664794922
9.1999999999999336,125.7999999999992724,2.3432755470275879
9.1999999999999336,125.8999999999992667,1.6061508655548096
9.1999999999999336,125.9999999999992610,1.6150780916213989
9.1999999999999336,126.0999999999992554,2.2475421428680420
9.0999999999999339,117.7999999999997272,4.9389820098876953
9.0999999999999339,117.8999999999997215,4.7982964515686035
9.0999999999999339,117.9999999999997158,4.8029470443725586
9.0999999999999339,122.9999999999994316,5.7876839637756348
9.0999999999999339,123.0999999999994259,5.4136543273925781
9.0999999999999339,123.5999999999993975,8.7099294662475586
9.0999999999999339,125.5999999999992838,3.0070569515228271
9.0999999999999339,125.6999999999992781,2.9082562923431396
9.0999999999999339,125.7999999999992724,2.2883269786834717
9.0999999999999339,125.8999999999992667,1.5629390478134155
9.0999999999999339,125.9999999999992610,1.3047269582748413
9.0999999999999339,126.0999999999992554,1.8879194259643555
8.9999999999999343,117.5999999999997385,5.2286233901977539
8.9999999999999343,117.6999999999997328,4.7882766723632812
8.9999999999999343,117.7999999999997272,4.1864199638366699
8.9999999999999343,117.8999999999997215,3.8834729194641113
8.9999999999999343,117.9999999999997158,3.9098896980285645
8.9999999999999343,125.2999999999993008,2.9432659149169922
8.9999999999999343,125.3999999999992951,3.0640430450439453
8.9999999999999343,125.5999999999992838,2.9818222522735596
8.9999999999999343,125.6999999999992781,2.9909625053405762
8.9999999999999343,125.7999999999992724,2.4808831214904785
8.9999999999999343,125.8999999999992667,1.7892390489578247
8.9999999999999343,125.9999999999992610,1.4059537649154663
8.9999999999999343,126.0999999999992554,1.5253515243530273
8.9999999999999343,126.1999999999992497,1.7618451118469238
8.8999999999999346,117.4999999999997442,5.0030193328857422
8.8999999999999346,117.5999999999997385,4.5346198081970215
8.8999999999999346,117.6999999999997328,3.8908631801605225
8.8999999999999346,117.7999999999997272,3.3291103839874268
8.8999999999999346,117.8999999999997215,3.1184155941009521
8.8999999999999346,117.9999999999997158,3.3713850975036621
8.8999999999999346,124.7999999999993292,4.2926340103149414
8.8999999999999346,124.8999999999993236,4.0232281684875488
8.8999999999999346,124.9999999999993179,3.2997946739196777
8.8999999999999346,125.1999999999993065,2.3855791091918945
8.8999999999999346,125.2999999999993008,2.4662141799926758
8.8999999999999346,125.3999999999992951,2.8778986930847168
8.8999999999999346,125.4999999999992895,2.9613780975341797
8.8999999999999346,125.5999999999992838,2.9233098030090332
8.8999999999999346,125.6999999999992781,3.0102686882019043
8.8999999999999346,125.7999999999992724,2.7046377658843994
8.8999999999999346,125.8999999999992667,2.2504360675811768
8.8999999999999346,125.9999999999992610,2.1652898788452148
8.8999999999999346,126.0999999999992554,2.1723318099975586
8.8999999999999346,126.1999999999992497,2.3843748569488525
8.8999999999999346,126.2999999999992440,2.7940330505371094
8.7999999999999350,117.4999999999997442,4.8573889732360840
8.7999999999999350,117.5999999999997385,4.4274187088012695
8.7999999999999350,117.6999999999997328,4.0656409263610840
8.7999999999999350,117.7999999999997272,3.6549148559570312
8.7999999999999350,117.8999999999997215,3.2863748073577881
8.7999999999999350,124.8999999999993236,2.8999121189117432
8.7999999999999350,124.9999999999993179,2.5332221984863281
8.7999999999999350,125.0999999999993122,2.3270409107208252
8.7999999999999350,125.1999999999993065,2.1411910057067871
8.7999999999999350,125.2999999999993008,2.0998342037200928
8.7999999999999350,125.3999999999992951,2.4657359123229980
8.7999999999999350,125.4999999999992895,2.6060991287231445
8.7999999999999350,125.5999999999992838,2.6066756248474121
8.7999999999999350,125.6999999999992781,2.7466394901275635
8.7999999999999350,125.7999999999992724,2.5661468505859375
8.7999999999999350,125.8999999999992667,2.3588166236877441
8.7999999999999350,125.9999999999992610,2.5631270408630371
8.7999999999999350,126.0999999999992554,2.6108860969543457
8.7999999999999350,126.1999999999992497,2.9876198768615723
8.7999999999999350,126.2999999999992440,3.0770504474639893
8.6999999999999353,117.3999999999997499,5.3483757972717285
8.6999999999999353,117.4999999999997442,5.1646151542663574
8.6999999999999353,117.5999999999997385,5.0758676528930664
8.6999999999999353,123.4999999999994031,6.7297515869140625
8.6999999999999353,124.7999999999993292,2.6120636463165283
8.6999999999999353,124.8999999999993236,2.6851365566253662
8.6999999999999353,124.9999999999993179,2.4963779449462891
8.6999999999999353,125.0999999999993122,2.4797441959381104
8.6999999999999353,125.1999999999993065,2.3107528686523438
8.6999999999999353,125.2999999999993008,1.9536300897598267
8.6999999999999353,125.3999999999992951,1.9900552034378052
8.6999999999999353,125.4999999999992895,2.0840368270874023
8.6999999999999353,125.5999999999992838,2.2139596939086914
8.6999999999999353,125.6999999999992781,2.5328013896942139
8.6999999999999353,125.7999999999992724,2.3749203681945801
8.6999999999999353,125.8999999999992667,2.0861639976501465
8.6999999999999353,125.9999999999992610,2.4442465305328369
8.6999999999999353,126.0999999999992554,2.8506047725677490
8.5999999999999357,117.3999999999997499,5.4851489067077637
8.5999999999999357,117.4999999999997442,5.6551198959350586
8.5999999999999357,123.3999999999994088,5.8221926689147949
8.5999999999999357,123.4999999999994031,5.5669536590576172
8.5999999999999357,123.5999999999993975,5.4978966712951660
8.5999999999999357,123.6999999999993918,5.5949687957763672
8.5999999999999357,124.7999999999993292,2.3832135200500488
8.5999999999999357,124.8999999999993236,2.5530314445495605
8.5999999999999357,124.9999999999993179,2.6386237144470215
8.5999999999999357,125.0999999999993122,2.7268600463867188
8.5999999999999357,125.1999999999993065,2.4880733489990234
8.5999999999999357,125.2999999999993008,1.8894640207290649
8.5999999999999357,125.3999999999992951,1.5893005132675171
8.5999999999999357,125.4999999999992895,1.6756997108459473
8.5999999999999357,125.5999999999992838,2.0379974842071533
8.5999999999999357,125.6999999999992781,2.4058227539062500
8.5999999999999357,125.7999999999992724,2.1584620475769043
8.5999999999999357,125.8999999999992667,1.9019381999969482
8.5999999999999357,125.9999999999992610,2.3522601127624512
8.5999999999999357,126.0999999999992554,3.0385131835937500
8.4999999999999361,117.1999999999997613,6.6296882629394531
8.4999999999999361,117.2999999999997556,5.8890352249145508
8.4999999999999361,117.3999999999997499,5.7860536575317383
8.4999999999999361,123.0999999999994259,5.9453444480895996
8.4999999999999361,123.2999999999994145,4.8644437789916992
8.4999999999999361,123.3999999999994088,4.8146376609802246
8.4999999999999361,123.4999999999994031,4.4788184165954590
8.4999999999999361,123.5999999999993975,4.2232937812805176
8.4999999999999361,123.6999999999993918,4.3045654296875000
8.4999999999999361,123.7999999999993861,4.1912121772766113
8.4999999999999361,124.2999999999993577,3.8038561344146729
8.4999999999999361,124.3999999999993520,3.3205950260162354
8.4999999999999361,124.4999999999993463,2.5417962074279785
8.4999999999999361,124.6999999999993349,2.3197135925292969
8.4999999999999361,124.7999999999993292,2.4737887382507324
8.4999999999999361,124.8999999999993236,2.8445329666137695
8.4999999999999361,124.9999999999993179,2.8199479579925537
8.4999999999999361,125.0999999999993122,2.9017705917358398
8.4999999999999361,125.1999999999993065,2.5229153633117676
8.4999999999999361,125.2999999999993008,1.8549090623855591
8.4999999999999361,125.3999999999992951,1.4338233470916748
8.4999999999999361,125.4999999999992895,1.4198254346847534
8.4999999999999361,125.5999999999992838,1.5389666557312012
8.4999999999999361,125.6999999999992781,1.6486113071441650
8.4999999999999361,125.7999999999992724,1.5615140199661255
8.4999999999999361,125.8999999999992667,1.6423838138580322
8.4999999999999361,125.9999999999992610,2.2270812988281250
8.4999999999999361,126.0999999999992554,2.9297881126403809
8.4999999999999361,126.1999999999992497,3.7606511116027832
8.4999999999999361,126.2999999999992440,4.4188470840454102
8.3999999999999364,123.0999999999994259,5.3097658157348633
8.3999999999999364,123.1999999999994202,4.7575073242187500
8.3999999999999364,123.2999999999994145,4.2844481468200684
8.3999999999999364,123.3999999999994088,3.8991992473602295
8.3999999999999364,123.4999999999994031,3.5232472419738770
8.3999999999999364,123.5999999999993975,3.1622929573059082
8.3999999999999364,123.6999999999993918,3.2544145584106445
8.3999999999999364,123.7999999999993861,3.3531825542449951
8.3999999999999364,124.2999999999993577,3.4825568199157715
8.3999999999999364,124.3999999999993520,3.0531141757965088
8.3999999999999364,124.4999999999993463,2.5580935478210449
8.3999999999999364,124.5999999999993406,2.2792921066284180
8.3999999999999364,124.6999999999993349,2.4502229690551758
8.3999999999999364,124.7999999999993292,2.7952103614807129
8.3999999999999364,124.8999999999993236,3.2004950046539307
8.3999999999999364,124.9999999999993179,3.0928356647491455
8.3999999999999364,125.0999999999993122,2.9482700824737549
8.3999999999999364,125.1999999999993065,2.4841296672821045
8.3999999999999364,125.2999999999993008,1.8334867954254150
8.3999999999999364,125.3999999999992951,1.3570648431777954
8.3999999999999364,125.4999999999992895,1.2746343612670898
8.3999999999999364,125.5999999999992838,1.2819645404815674
8.3999999999999364,125.6999999999992781,1.3154293298721313
8.3999999999999364,125.7999999999992724,1.3301788568496704
8.3999999999999364,125.8999999999992667,1.7774534225463867
8.3999999999999364,125.9999999999992610,2.2578604221343994
8.3999999999999364,126.0999999999992554,2.6756575107574463
8.3999999999999364,126.1999999999992497,3.3204672336578369
8.3999999999999364,126.2999999999992440,3.8097875118255615
8.2999999999999368,117.2999999999997556,8.5311813354492188
8.2999999999999368,122.9999999999994316,4.8338346481323242
8.2999999999999368,123.0999999999994259,4.4601988792419434
8.2999999999999368,123.1999999999994202,3.8498008251190186
8.2999999999999368,123.2999999999994145,3.4206223487854004
8.2999999999999368,123.3999999999994088,3.0296640396118164
8.2999999999999368,123.4999999999994031,2.6711270809173584
8.2999999999999368,123.5999999999993975,2.3816373348236084
8.2999999999999368,123.6999999999993918,2.5332777500152588
8.2999999999999368,123.7999999999993861,2.9810032844543457
8.2999999999999368,124.2999999999993577,2.9872043132781982
8.2999999999999368,124.3999999999993520,2.8978140354156494
8.2999999999999368,124.4999999999993463,2.7810134887695312
8.2999999999999368,124.5999999999993406,2.7183332443237305
8.2999999999999368,124.6999999999993349,2.8642129898071289
8.2999999999999368,124.7999999999993292,3.2477428913116455
8.2999999999999368,124.8999999999993236,3.5727849006652832
8.2999999999999368,124.9999999999993179,3.3022274971008301
8.2999999999999368,125.0999999999993122,3.0212512016296387
8.2999999999999368,125.1999999999993065,2.5237467288970947
8.2999999999999368,125.2999999999993008,1.7790685892105103
8.2999999999999368,125.3999999999992951,1.3687117099761963
8.2999999999999368,125.4999999999992895,1.2258358001708984
8.2999999999999368,125.5999999999992838,1.3374325037002563
8.2999999999999368,125.6999999999992781,1.5614440441131592
8.2999999999999368,125.7999999999992724,1.7518218755722046
8.2999999999999368,125.8999999999992667,2.0423173904418945
8.2999999999999368,125.9999999999992610,2.3417115211486816
8.2999999999999368,126.0999999999992554,2.4925374984741211
8.2999999999999368,126.1999999999992497,2.9046964645385742
8.2999999999999368,126.2999999999992440,3.2238874435424805
8.1999999999999371,122.9999999999994316,4.1528482437133789
8.1999999999999371,123.0999999999994259,3.6296348571777344
8.1999999999999371,123.1999999999994202,3.1728169918060303
8.1999999999999371,123.2999999999994145,2.7398881912231445
8.1999999999999371,123.3999999999994088,2.4359335899353027
8.1999999999999371,123.4999999999994031,2.2538199424743652
8.1999999999999371,123.5999999999993975,2.1610095500946045
8.1999999999999371,123.6999999999993918,2.3002836704254150
8.1999999999999371,123.7999999999993861,2.6717746257781982
8.1999999999999371,124.0999999999993690,3.3347041606903076
8.1999999999999371,124.1999999999993634,2.9292564392089844
8.1999999999999371,124.2999999999993577,3.0221514701843262
8.1999999999999371,124.3999999999993520,3.0234704017639160
8.1999999999999371,124.4999999999993463,3.0065650939941406
8.1999999999999371,124.5999999999993406,3.0365612506866455
8.1999999999999371,124.6999999999993349,2.9129471778869629
8.1999999999999371,124.7999999999993292,3.0878756046295166
8.1999999999999371,124.8999999999993236,3.2352228164672852
8.1999999999999371,124.9999999999993179,3.0144779682159424
8.1999999999999371,125.0999999999993122,2.7998559474945068
8.1999999999999371,125.1999999999993065,2.4647469520568848
8.1999999999999371,125.2999999999993008,1.9653122425079346
8.1999999999999371,125.3999999999992951,1.5444505214691162
8.1999999999999371,125.4999999999992895,1.5929374694824219
8.1999999999999371,125.5999999999992838,1.7144578695297241
8.1999999999999371,125.6999999999992781,1.8502362966537476
8.1999999999999371,125.7999999999992724,1.9896758794784546
8.1999999999999371,125.8999999999992667,2.2333090305328369
8.1999999999999371,125.9999999999992610,2.4932973384857178
8.1999999999999371,126.0999999999992554,2.4174914360046387
8.1999999999999371,126.1999999999992497,2.6375136375427246
8.1999999999999371,126.2999999999992440,2.7288880348205566
8.1999999999999371,126.3999999999992383,2.4304823875427246
8.0999999999999375,116.9999999999997726,9.2327747344970703
8.0999999999999375,122.7999999999994429,4.0724043846130371
8.0999999999999375,122.8999999999994373,3.9464552402496338
8.0999999999999375,122.9999999999994316,3.5187606811523438
8.0999999999999375,123.0999999999994259,3.3144762516021729
8.0999999999999375,123.1999999999994202,3.0160899162292480
8.0999999999999375,123.2999999999994145,2.1654610633850098
8.0999999999999375,123.3999999999994088,2.0853829383850098
8.0999999999999375,123.4999999999994031,2.1991577148437500
8.0999999999999375,123.5999999999993975,2.2530581951141357
8.0999999999999375,123.6999999999993918,2.3262608051300049
8.0999999999999375,123.7999999999993861,2.3495595455169678
8.0999999999999375,123.9999999999993747,2.9898934364318848
8.0999999999999375,124.0999999999993690,2.9835228919982910
8.0999999999999375,124.1999999999993634,2.8763310909271240
8.0999999999999375,124.2999999999993577,3.2193851470947266
8.0999999999999375,124.3999999999993520,3.2343122959136963
8.0999999999999375,124.4999999999993463,3.2253036499023438
8.0999999999999375,124.5999999999993406,3.1951978206634521
8.0999999999999375,124.6999999999993349,2.8694694042205811
8.0999999999999375,124.7999999999993292,2.7281434535980225
8.0999999999999375,124.8999999999993236,2.6846580505371094
8.0999999999999375,124.9999999999993179,2.5834167003631592
8.0999999999999375,125.0999999999993122,2.5365724563598633
8.0999999999999375,125.1999999999993065,2.4751327037811279
8.0999999999999375,125.2999999999993008,2.2873094081878662
8.0999999999999375,125.3999999999992951,2.1232528686523438
8.0999999999999375,125.4999999999992895,2.1029632091522217
8.0999999999999375,125.5999999999992838,2.0452177524566650
8.0999999999999375,125.6999999999992781,2.1763668060302734
8.0999999999999375,125.7999999999992724,2.2179348468780518
8.0999999999999375,125.8999999999992667,2.4021096229553223
8.0999999999999375,125.9999999999992610,2.6223082542419434
8.0999999999999375,126.0999999999992554,2.4078519344329834
8.0999999999999375,126.1999999999992497,2.3932299613952637
8.0999999999999375,126.2999999999992440,2.2323651313781738
8.0999999999999375,126.3999999999992383,2.6769022941589355
7.9999999999999378,116.9999999999997726,9.3047065734863281
7.9999999999999378,122.2999999999994714,4.9764809608459473
7.9999999999999378,122.3999999999994657,4.4886131286621094
7.9999999999999378,122.4999999999994600,4.0577054023742676
7.9999999999999378,122.5999999999994543,3.6381528377532959
7.9999999999999378,122.6999999999994486,3.5033097267150879
7.9999999999999378,122.7999999999994429,3.4876239299774170
7.9999999999999378,122.8999999999994373,3.4528048038482666
7.9999999999999378,122.9999999999994316,3.3154749870300293
7.9999999999999378,123.0999999999994259,3.1839661598205566
7.9999999999999378,123.1999999999994202,2.9060103893280029
7.9999999999999378,123.2999999999994145,2.0521566867828369
7.9999999999999378,123.3999999999994088,2.2140278816223145
7.9999999999999378,123.4999999999994031,2.5467822551727295
7.9999999999999378,123.5999999999993975,2.5979290008544922
7.9999999999999378,123.6999999999993918,2.6300957202911377
7.9999999999999378,123.7999999999993861,2.5916459560394287
7.9999999999999378,123.8999999999993804,2.5037748813629150
7.9999999999999378,123.9999999999993747,2.7042272090911865
7.9999999999999378,124.0999999999993690,2.8291583061218262
7.9999999999999378,124.1999999999993634,2.9360244274139404
7.9999999999999378,124.2999999999993577,3.3537356853485107
7.9999999999999378,124.3999999999993520,3.3675270080566406
7.9999999999999378,124.4999999999993463,3.3541836738586426
7.9999999999999378,124.5999999999993406,3.4653723239898682
7.9999999999999378,124.6999999999993349,2.8637669086456299
7.9999999999999378,124.7999999999993292,2.3036305904388428
7.9999999999999378,124.8999999999993236,2.1224646568298340
7.9999999999999378,124.9999999999993179,2.2333226203918457
7.9999999999999378,125.0999999999993122,2.4904890060424805
7.9999999999999378,125.1999999999993065,2.6913723945617676
7.9999999999999378,125.2999999999993008,2.5956759452819824
7.9999999999999378,125.3999999999992951,2.5504167079925537
7.9999999999999378,125.4999999999992895,2.4791665077209473
7.9999999999999378,125.5999999999992838,2.3299443721771240
7.9999999999999378,125.6999999999992781,2.5848102569580078
7.9999999999999378,125.7999999999992724,2.6878066062927246
7.9999999999999378,125.8999999999992667,2.8661644458770752
7.9999999999999378,125.9999999999992610,3.0601389408111572
7.9999999999999378,126.0999999999992554,2.5134625434875488
7.9999999999999378,126.1999999999992497,2.1806044578552246
7.9999999999999378,126.2999999999992440,1.8363194465637207
7.8999999999999382,116.9999999999997726,9.3259000778198242
7.8999999999999382,122.2999999999994714,4.5996437072753906
7.8999999999999382,122.3999999999994657,3.9804699420928955
7.8999999999999382,122.4999999999994600,3.6362862586975098
7.8999999999999382,122.5999999999994543,3.3457260131835938
7.8999999999999382,122.6999999999994486,3.2788031101226807
7.8999999999999382,122.7999999999994429,3.3291330337524414
7.8999999999999382,122.8999999999994373,3.4013631343841553
7.8999999999999382,122.9999999999994316,3.3777205944061279
7.8999999999999382,123.0999999999994259,3.3015356063842773
7.8999999999999382,123.1999999999994202,3.0827217102050781
7.8999999999999382,123.2999999999994145,2.7085809707641602
7.8999999999999382,123.3999999999994088,3.0864300727844238
7.8999999999999382,123.4999999999994031,3.3397576808929443
7.8999999999999382,123.5999999999993975,3.1910669803619385
7.8999999999999382,123.6999999999993918,3.0975360870361328
7.8999999999999382,123.7999999999993861,2.9611103534698486
7.8999999999999382,123.8999999999993804,2.8881015777587891
7.8999999999999382,123.9999999999993747,2.8222217559814453
7.8999999999999382,124.0999999999993690,2.7834262847900391
7.8999999999999382,124.1999999999993634,2.8848872184753418
7.8999999999999382,124.2999999999993577,3.2283430099487305
7.8999999999999382,124.3999999999993520,3.2506372928619385
7.8999999999999382,124.4999999999993463,3.2248380184173584
7.8999999999999382,124.5999999999993406,3.1810340881347656
7.8999999999999382,124.6999999999993349,2.6649432182312012
7.8999999999999382,124.7999999999993292,2.1623835563659668
7.8999999999999382,124.8999999999993236,2.1518046855926514
7.8999999999999382,124.9999999999993179,2.4750273227691650
7.8999999999999382,125.0999999999993122,2.8520805835723877
7.8999999999999382,125.1999999999993065,2.9763939380645752
7.8999999999999382,125.2999999999993008,2.7460844516754150
7.8999999999999382,125.3999999999992951,2.5133547782897949
7.8999999999999382,125.4999999999992895,2.3734462261199951
7.8999999999999382,125.5999999999992838,2.2037177085876465
7.8999999999999382,125.6999999999992781,2.3406858444213867
7.8999999999999382,125.7999999999992724,2.5227458477020264
7.8999999999999382,125.8999999999992667,2.8493406772613525
7.8999999999999382,125.9999999999992610,3.1775722503662109
7.8999999999999382,126.0999999999992554,2.5628674030303955
7.8999999999999382,126.1999999999992497,2.1144664287567139
7.8999999999999382,126.2999999999992440,1.6584079265594482
7.7999999999999385,122.0999999999994827,6.2535586357116699
7.7999999999999385,122.1999999999994770,5.2417702674865723
7.7999999999999385,122.2999999999994714,4.1836657524108887
7.7999999999999385,122.3999999999994657,3.5179040431976318
7.7999999999999385,122.4999999999994600,3.3198015689849854
7.7999999999999385,122.5999999999994543,3.3748435974121094
7.7999999999999385,122.6999999999994486,3.2865564823150635
7.7999999999999385,122.7999999999994429,3.3667609691619873
7.7999999999999385,122.8999999999994373,3.5004191398620605
7.7999999999999385,122.9999999999994316,3.5567882061004639
7.7999999999999385,123.0999999999994259,3.6050760746002197
7.7999999999999385,123.1999999999994202,3.5726470947265625
7.7999999999999385,123.2999999999994145,3.6314868927001953
7.7999999999999385,123.3999999999994088,4.0911850929260254
7.7999999999999385,123.6999999999993918,3.5426561832427979
7.7999999999999385,123.7999999999993861,3.7037999629974365
7.7999999999999385,123.8999999999993804,3.4928638935089111
7.7999999999999385,123.9999999999993747,3.2711920738220215
7.7999999999999385,124.0999999999993690,3.0767598152160645
7.7999999999999385,124.1999999999993634,2.9171271324157715
7.7999999999999385,124.2999999999993577,3.1814789772033691
7.7999999999999385,124.3999999999993520,3.2532777786254883
7.7999999999999385,124.4999999999993463,3.2659680843353271
7.7999999999999385,124.5999999999993406,3.2166028022766113
7.7999999999999385,124.6999999999993349,2.8308463096618652
7.7999999999999385,124.7999999999993292,2.5784742832183838
7.7999999999999385,124.8999999999993236,2.6496393680572510
7.7999999999999385,124.9999999999993179,2.9290065765380859
7.7999999999999385,125.0999999999993122,3.2193920612335205
7.7999999999999385,125.1999999999993065,3.2125458717346191
7.7999999999999385,125.2999999999993008,2.8001496791839600
7.7999999999999385,125.3999999999992951,2.4170601367950439
7.7999999999999385,125.4999999999992895,2.1844491958618164
7.7999999999999385,125.5999999999992838,2.0600728988647461
7.7999999999999385,125.6999999999992781,2.1719222068786621
7.7999999999999385,125.7999999999992724,2.3887307643890381
7.7999999999999385,125.8999999999992667,2.7256088256835938
7.7999999999999385,125.9999999999992610,3.1652271747589111
7.7999999999999385,126.0999999999992554,2.6661095619201660
7.7999999999999385,126.1999999999992497,2.0368084907531738
7.7999999999999385,126.2999999999992440,1.5445595979690552
7.7999999999999385,126.3999999999992383,2.1258447170257568
7.6999999999999389,122.1999999999994770,5.1108031272888184
7.6999999999999389,122.2999999999994714,3.8839704990386963
7.6999999999999389,122.3999999999994657,3.3588776588439941
7.6999999999999389,122.4999999999994600,3.3355634212493896
7.6999999999999389,122.8999999999994373,3.6536874771118164
7.6999999999999389,122.9999999999994316,3.8084557056427002
7.6999999999999389,123.0999999999994259,3.9800324440002441
7.6999999999999389,123.1999999999994202,4.0924444198608398
7.6999999999999389,123.2999999999994145,4.3813843727111816
7.6999999999999389,123.3999999999994088,4.8433656692504883
7.6999999999999389,123.4999999999994031,5.2545585632324219
7.6999999999999389,123.8999999999993804,3.9014582633972168
7.6999999999999389,123.9999999999993747,3.7024605274200439
7.6999999999999389,124.0999999999993690,3.4059829711914062
7.6999999999999389,124.1999999999993634,3.1177742481231689
7.6999999999999389,124.2999999999993577,3.2685031890869141
7.6999999999999389,124.3999999999993520,3.3182818889617920
7.6999999999999389,124.4999999999993463,3.3426446914672852
7.6999999999999389,124.5999999999993406,3.2931351661682129
7.6999999999999389,124.6999999999993349,3.0876889228820801
7.6999999999999389,124.7999999999993292,3.0806252956390381
7.6999999999999389,124.8999999999993236,3.1683542728424072
7.6999999999999389,124.9999999999993179,3.2524123191833496
7.6999999999999389,125.0999999999993122,3.4170985221862793
7.6999999999999389,125.1999999999993065,3.2967073917388916
7.6999999999999389,125.2999999999993008,2.8250422477722168
7.6999999999999389,125.3999999999992951,2.4178569316864014
7.6999999999999389,125.4999999999992895,2.1217625141143799
7.6999999999999389,125.5999999999992838,2.0263109207153320
7.6999999999999389,125.6999999999992781,2.1538233757019043
7.6999999999999389,125.7999999999992724,2.3668868541717529
7.6999999999999389,125.8999999999992667,2.6437287330627441
7.6999999999999389,125.9999999999992610,3.1901643276214600
7.6999999999999389,126.0999999999992554,2.5912423133850098
7.6999999999999389,126.1999999999992497,2.0106141567230225
7.6999999999999389,126.2999999999992440,1.5495640039443970
7.6999999999999389,126.3999999999992383,1.9377974271774292
7.6999999999999389,126.4999999999992326,2.9507875442504883
7.5999999999999392,122.1999999999994770,4.9266133308410645
7.5999999999999392,122.2999999999994714,3.9253125190734863
7.5999999999999392,122.3999999999994657,3.4908051490783691
7.5999999999999392,122.8999999999994373,3.9205152988433838
7.5999999999999392,122.9999999999994316,4.0148568153381348
7.5999999999999392,123.1999999999994202,4.5161690711975098
7.5999999999999392,123.2999999999994145,4.7468571662902832
7.5999999999999392,123.3999999999994088,4.8934507369995117
7.5999999999999392,124.0999999999993690,3.7617952823638916
7.5999999999999392,124.1999999999993634,3.4788985252380371
7.5999999999999392,124.2999999999993577,3.3888142108917236
7.5999999999999392,124.3999999999993520,3.3877902030944824
7.5999999999999392,124.4999999999993463,3.3792002201080322
7.5999999999999392,124.5999999999993406,3.3415880203247070
7.5999999999999392,124.6999999999993349,3.1686751842498779
7.5999999999999392,124.7999999999993292,3.1820425987243652
7.5999999999999392,124.8999999999993236,3.2908246517181396
7.5999999999999392,124.9999999999993179,3.1902194023132324
7.5999999999999392,125.0999999999993122,3.1983048915863037
7.5999999999999392,125.1999999999993065,3.1131100654602051
7.5999999999999392,125.2999999999993008,2.8122186660766602
7.5999999999999392,125.3999999999992951,2.6927158832550049
7.5999999999999392,125.4999999999992895,2.3152711391448975
7.5999999999999392,125.5999999999992838,2.1357982158660889
7.5999999999999392,125.6999999999992781,2.3611843585968018
7.5999999999999392,125.7999999999992724,2.3551406860351562
7.5999999999999392,125.8999999999992667,2.3735740184783936
7.5999999999999392,125.9999999999992610,2.6400778293609619
7.5999999999999392,126.0999999999992554,2.1159901618957520
7.5999999999999392,126.1999999999992497,1.5080403089523315
7.5999999999999392,126.2999999999992440,1.0710622072219849
7.5999999999999392,126.3999999999992383,1.4796984195709229
7.5999999999999392,126.4999999999992326,2.2202003002166748
7.4999999999999396,122.0999999999994827,5.7515597343444824
7.4999999999999396,122.1999999999994770,4.8313899040222168
7.4999999999999396,122.2999999999994714,3.9898700714111328
7.4999999999999396,123.2999999999994145,5.1535959243774414
7.4999999999999396,123.3999999999994088,5.4677209854125977
7.4999999999999396,124.1999999999993634,3.8547899723052979
7.4999999999999396,124.2999999999993577,3.6591231822967529
7.4999999999999396,124.3999999999993520,3.4616506099700928
7.4999999999999396,124.4999999999993463,3.4127912521362305
7.4999999999999396,124.5999999999993406,3.3491265773773193
7.4999999999999396,124.6999999999993349,3.2421298027038574
7.4999999999999396,124.7999999999993292,3.2921543121337891
7.4999999999999396,124.8999999999993236,3.4006183147430420
7.4999999999999396,124.9999999999993179,3.3671150207519531
7.4999999999999396,125.0999999999993122,3.3782496452331543
7.4999999999999396,125.1999999999993065,3.3374457359313965
7.4999999999999396,125.2999999999993008,3.1924324035644531
7.4999999999999396,125.3999999999992951,3.0220963954925537
7.4999999999999396,125.4999999999992895,2.6023569107055664
7.4999999999999396,125.5999999999992838,2.3077712059020996
7.4999999999999396,125.6999999999992781,2.5496551990509033
7.4999999999999396,125.7999999999992724,2.4194083213806152
7.4999999999999396,125.8999999999992667,2.1962885856628418
7.4999999999999396,125.9999999999992610,2.4477372169494629
7.4999999999999396,126.0999999999992554,1.9121693372726440
7.4999999999999396,126.1999999999992497,1.3564462661743164
7.4999999999999396,126.2999999999992440,0.9495448470115662
7.4999999999999396,126.3999999999992383,1.0716247558593750
7.4999999999999396,126.4999999999992326,1.5859822034835815
7.4999999999999396,126.5999999999992269,2.2808034420013428
7.3999999999999400,122.0999999999994827,5.2937865257263184
7.3999999999999400,122.1999999999994770,4.6331644058227539
7.3999999999999400,122.2999999999994714,4.0732412338256836
7.3999999999999400,122.7999999999994429,4.3373436927795410
7.3999999999999400,123.3999999999994088,5.5349712371826172
7.3999999999999400,124.1999999999993634,4.0156679153442383
7.3999999999999400,124.2999999999993577,3.8040556907653809
7.3999999999999400,124.3999999999993520,3.5384902954101562
7.3999999999999400,124.4999999999993463,3.3864386081695557
7.3999999999999400,124.5999999999993406,3.3000414371490479
7.3999999999999400,124.6999999999993349,3.1620972156524658
7.3999999999999400,124.7999999999993292,3.1507289409637451
7.3999999999999400,124.8999999999993236,3.2464206218719482
7.3999999999999400,124.9999999999993179,3.3163068294525146
7.3999999999999400,125.0999999999993122,3.4386508464813232
7.3999999999999400,125.1999999999993065,3.4101924896240234
7.3999999999999400,125.2999999999993008,3.1722745895385742
7.3999999999999400,125.3999999999992951,2.9488976001739502
7.3999999999999400,125.4999999999992895,2.5001151561737061
7.3999999999999400,125.5999999999992838,2.2618393898010254
7.3999999999999400,125.6999999999992781,2.7844071388244629
7.3999999999999400,125.7999999999992724,2.4276027679443359
7.3999999999999400,125.8999999999992667,1.9958951473236084
7.3999999999999400,125.9999999999992610,2.1960465908050537
7.3999999999999400,126.0999999999992554,1.8363859653472900
7.3999999999999400,126.1999999999992497,1.3607965707778931
7.3999999999999400,126.2999999999992440,0.8665999174118042
7.3999999999999400,126.3999999999992383,1.1627724170684814
7.3999999999999400,126.4999999999992326,1.8249149322509766
7.2999999999999403,116.8999999999997783,9.7376537322998047
7.2999999999999403,117.0999999999997669,9.7997570037841797
7.2999999999999403,117.1999999999997613,9.7186365127563477
7.2999999999999403,122.0999999999994827,4.6446537971496582
7.2999999999999403,122.1999999999994770,4.3200960159301758
7.2999999999999403,124.1999999999993634,3.9344198703765869
7.2999999999999403,124.2999999999993577,3.7184395790100098
7.2999999999999403,124.3999999999993520,3.5112421512603760
7.2999999999999403,124.4999999999993463,3.4220745563507080
7.2999999999999403,124.5999999999993406,3.3618016242980957
7.2999999999999403,124.6999999999993349,3.0938761234283447
7.2999999999999403,124.7999999999993292,2.9201321601867676
7.2999999999999403,124.8999999999993236,2.9167761802673340
7.2999999999999403,124.9999999999993179,3.0900988578796387
7.2999999999999403,125.0999999999993122,3.2864453792572021
7.2999999999999403,125.1999999999993065,3.1766417026519775
7.2999999999999403,125.2999999999993008,2.7162353992462158
7.2999999999999403,125.3999999999992951,2.4939842224121094
7.2999999999999403,125.4999999999992895,1.9620718955993652
7.2999999999999403,125.5999999999992838,2.0804924964904785
7.2999999999999403,125.6999999999992781,2.9613776206970215
7.2999999999999403,125.8999999999992667,1.8844625949859619
7.2999999999999403,125.9999999999992610,1.9053033590316772
7.2999999999999403,126.0999999999992554,1.8284735679626465
7.2999999999999403,126.1999999999992497,1.5984865427017212
7.2999999999999403,126.2999999999992440,1.4686021804809570
7.2999999999999403,126.3999999999992383,2.1737582683563232
7.2999999999999403,126.4999999999992326,3.1151995658874512
7.2999999999999403,126.5999999999992269,4.3027372360229492
7.1999999999999407,117.0999999999997669,9.8801174163818359
7.1999999999999407,117.1999999999997613,9.7904825210571289
7.1999999999999407,121.9999999999994884,4.2815561294555664
7.1999999999999407,122.0999999999994827,4.0601863861083984
7.1999999999999407,122.1999999999994770,4.0306191444396973
7.1999999999999407,124.1999999999993634,3.9834294319152832
7.1999999999999407,124.2999999999993577,3.6587550640106201
7.1999999999999407,124.3999999999993520,3.5403268337249756
7.1999999999999407,124.4999999999993463,3.5994126796722412
7.1999999999999407,124.5999999999993406,3.5735390186309814
7.1999999999999407,124.6999999999993349,3.2725894451141357
7.1999999999999407,124.7999999999993292,2.9707236289978027
7.1999999999999407,124.8999999999993236,2.8570396900177002
7.1999999999999407,124.9999999999993179,3.0557768344879150
7.1999999999999407,125.0999999999993122,3.2595887184143066
7.1999999999999407,125.1999999999993065,3.0258147716522217
7.1999999999999407,125.2999999999993008,2.3131856918334961
7.1999999999999407,125.3999999999992951,2.1109118461608887
7.1999999999999407,125.4999999999992895,1.4430737495422363
7.1999999999999407,125.5999999999992838,2.3559706211090088
7.1999999999999407,125.9999999999992610,1.5868700742721558
7.1999999999999407,126.0999999999992554,1.8331652879714966
7.1999999999999407,126.1999999999992497,2.0582251548767090
7.1999999999999407,126.2999999999992440,2.4297187328338623
7.1999999999999407,126.3999999999992383,3.2799620628356934
7.1999999999999407,126.4999999999992326,4.3755602836608887
7.0999999999999410,121.9999999999994884,4.3986072540283203
7.0999999999999410,122.0999999999994827,4.3167304992675781
7.0999999999999410,122.1999999999994770,4.2101340293884277
7.0999999999999410,124.0999999999993690,4.0873146057128906
7.0999999999999410,124.1999999999993634,3.6415374279022217
7.0999999999999410,124.2999999999993577,3.2723610401153564
7.0999999999999410,124.3999999999993520,3.3132679462432861
7.0999999999999410,124.4999999999993463,3.4134440422058105
7.0999999999999410,124.5999999999993406,3.4837687015533447
7.0999999999999410,124.6999999999993349,3.0626082420349121
7.0999999999999410,124.7999999999993292,2.6446790695190430
7.0999999999999410,124.8999999999993236,2.4404585361480713
7.0999999999999410,124.9999999999993179,2.7252974510192871
7.0999999999999410,125.0999999999993122,3.0266344547271729
7.0999999999999410,125.1999999999993065,2.8148193359375000
7.0999999999999410,125.2999999999993008,2.2111377716064453
7.0999999999999410,125.3999999999992951,2.0024321079254150
7.0999999999999410,125.4999999999992895,1.2381011247634888
7.0999999999999410,125.5999999999992838,2.2023048400878906
7.0999999999999410,125.6999999999992781,4.1445140838623047
7.0999999999999410,125.8999999999992667,1.9098271131515503
7.0999999999999410,125.9999999999992610,1.6938925981521606
7.0999999999999410,126.0999999999992554,2.2396762371063232
7.0999999999999410,126.1999999999992497,2.7755227088928223
7.0999999999999410,126.2999999999992440,3.4018678665161133
7.0999999999999410,126.3999999999992383,4.2862901687622070
6.9999999999999414,117.0999999999997669,9.1484994888305664
6.9999999999999414,121.9999999999994884,5.0339007377624512
6.9999999999999414,122.0999999999994827,5.1345467567443848
6.9999999999999414,122.1999999999994770,5.3828682899475098
6.9999999999999414,123.9999999999993747,3.8271093368530273
6.9999999999999414,124.0999999999993690,3.5302171707153320
6.9999999999999414,124.1999999999993634,3.0989294052124023
6.9999999999999414,124.2999999999993577,2.8551704883575439
6.9999999999999414,124.3999999999993520,2.8667223453521729
6.9999999999999414,124.4999999999993463,2.9553582668304443
6.9999999999999414,124.5999999999993406,2.9789500236511230
6.9999999999999414,124.6999999999993349,2.5693738460540771
6.9999999999999414,124.7999999999993292,2.0571541786193848
6.9999999999999414,124.8999999999993236,1.8159441947937012
6.9999999999999414,124.9999999999993179,2.1587581634521484
6.9999999999999414,125.0999999999993122,2.5820281505584717
6.9999999999999414,125.1999999999993065,2.5743927955627441
6.9999999999999414,125.2999999999993008,2.1856749057769775
6.9999999999999414,125.3999999999992951,2.0296604633331299
6.9999999999999414,125.4999999999992895,1.6681836843490601
6.9999999999999414,125.7999999999992724,3.7200348377227783
6.9999999999999414,125.9999999999992610,2.0929934978485107
6.9999999999999414,126.0999999999992554,2.8661847114562988
6.9999999999999414,126.1999999999992497,3.6434662342071533
6.9999999999999414,126.2999999999992440,4.4176716804504395
6.8999999999999417,116.6999999999997897,5.3363394737243652
6.8999999999999417,116.7999999999997840,6.0355515480041504
6.8999999999999417,117.0999999999997669,8.4753980636596680
6.8999999999999417,117.1999999999997613,8.8716802597045898
6.8999999999999417,122.0999999999994827,5.7460646629333496
6.8999999999999417,123.9999999999993747,3.3463807106018066
6.8999999999999417,124.0999999999993690,3.0352065563201904
6.8999999999999417,124.1999999999993634,2.6306669712066650
6.8999999999999417,124.2999999999993577,2.5469477176666260
6.8999999999999417,124.3999999999993520,2.4702556133270264
6.8999999999999417,124.4999999999993463,2.5177700519561768
6.8999999999999417,124.5999999999993406,2.6421437263488770
6.8999999999999417,124.6999999999993349,2.3406021595001221
6.8999999999999417,124.7999999999993292,2.0691437721252441
6.8999999999999417,124.8999999999993236,1.9353777170181274
6.8999999999999417,124.9999999999993179,2.1185746192932129
6.8999999999999417,125.0999999999993122,2.4804916381835938
6.8999999999999417,125.1999999999993065,2.5920796394348145
6.8999999999999417,125.2999999999993008,2.2781960964202881
6.8999999999999417,125.3999999999992951,2.2655005455017090
6.8999999999999417,126.0999999999992554,3.5839598178863525
6.8999999999999417,126.2999999999992440,5.4708995819091797
6.7999999999999421,124.0999999999993690,2.8484261035919189
6.7999999999999421,124.1999999999993634,2.5405516624450684
6.7999999999999421,124.2999999999993577,2.4614620208740234
6.7999999999999421,124.3999999999993520,2.2836959362030029
6.7999999999999421,124.4999999999993463,2.1974830627441406
6.7999999999999421,124.5999999999993406,2.3645422458648682
6.7999999999999421,124.6999999999993349,2.2680604457855225
6.7999999999999421,124.7999999999993292,2.2210319042205811
6.7999999999999421,124.8999999999993236,2.2363078594207764
6.7999999999999421,124.9999999999993179,2.3412432670593262
6.7999999999999421,125.0999999999993122,2.6885321140289307
6.7999999999999421,125.1999999999993065,2.8058667182922363
6.7999999999999421,125.2999999999993008,2.5027229785919189
6.7999999999999421,125.3999999999992951,2.5378797054290771
6.7999999999999421,126.0999999999992554,4.2126722335815430
6.7999999999999421,126.1999999999992497,5.0519452095031738
6.6999999999999424,121.9999999999994884,4.5045847892761230
6.6999999999999424,122.0999999999994827,4.3905200958251953
6.6999999999999424,124.0999999999993690,2.9851591587066650
6.6999999999999424,124.1999999999993634,2.7380383014678955
6.6999999999999424,124.2999999999993577,2.4923589229583740
6.6999999999999424,124.3999999999993520,2.1563129425048828
6.6999999999999424,124.4999999999993463,2.0793640613555908
6.6999999999999424,124.5999999999993406,2.2050285339355469
6.6999999999999424,124.6999999999993349,2.1615502834320068
6.6999999999999424,124.7999999999993292,2.2947733402252197
6.6999999999999424,124.8999999999993236,2.4707314968109131
6.6999999999999424,124.9999999999993179,2.5475230216979980
6.6999999999999424,125.0999999999993122,2.9178738594055176
6.6999999999999424,125.1999999999993065,3.0650510787963867
6.6999999999999424,125.2999999999993008,2.8194427490234375
6.6999999999999424,126.0999999999992554,4.3601231575012207
6.6999999999999424,126.1999999999992497,5.2697329521179199
6.5999999999999428,121.8999999999994941,4.7003335952758789
6.5999999999999428,121.9999999999994884,4.2510867118835449
6.5999999999999428,122.0999999999994827,4.0461502075195312
6.5999999999999428,122.1999999999994770,4.3188734054565430
6.5999999999999428,124.0999999999993690,3.0037820339202881
6.5999999999999428,124.1999999999993634,2.8560991287231445
6.5999999999999428,124.2999999999993577,2.6974096298217773
6.5999999999999428,124.3999999999993520,2.2175016403198242
6.5999999999999428,124.4999999999993463,2.0448045730590820
6.5999999999999428,124.5999999999993406,1.9989589452743530
6.5999999999999428,124.6999999999993349,2.0014567375183105
6.5999999999999428,124.7999999999993292,2.2742903232574463
6.5999999999999428,124.8999999999993236,2.5484569072723389
6.5999999999999428,124.9999999999993179,2.6192164421081543
6.5999999999999428,125.0999999999993122,2.9867227077484131
6.5999999999999428,125.1999999999993065,3.1382851600646973
6.5999999999999428,125.2999999999993008,2.9912552833557129
6.5999999999999428,126.0999999999992554,5.1396994590759277
6.5999999999999428,126.1999999999992497,5.7269101142883301
6.4999999999999432,121.9999999999994884,4.6517729759216309
6.4999999999999432,122.0999999999994827,4.5002956390380859
6.4999999999999432,122.1999999999994770,4.6819176673889160
6.4999999999999432,124.0999999999993690,2.6673450469970703
6.4999999999999432,124.1999999999993634,2.6572315692901611
6.4999999999999432,124.2999999999993577,2.5855345726013184
6.4999999999999432,124.3999999999993520,2.1717340946197510
6.4999999999999432,124.4999999999993463,2.0650551319122314
6.4999999999999432,124.5999999999993406,1.9414930343627930
6.4999999999999432,124.6999999999993349,1.7827184200286865
6.4999999999999432,124.7999999999993292,1.9352258443832397
6.4999999999999432,124.8999999999993236,2.1966636180877686
6.4999999999999432,124.9999999999993179,2.2307279109954834
6.4999999999999432,125.0999999999993122,2.5401892662048340
6.4999999999999432,125.1999999999993065,2.7575755119323730
6.4999999999999432,125.2999999999993008,2.6892940998077393
6.4999999999999432,125.3999999999992951,2.8379392623901367
6.4999999999999432,125.4999999999992895,2.5531606674194336
6.4999999999999432,125.5999999999992838,2.2910895347595215
6.4999999999999432,126.1999999999992497,6.0920839309692383
6.3999999999999435,121.9999999999994884,5.0672669410705566
6.3999999999999435,124.0999999999993690,2.5464732646942139
6.3999999999999435,124.1999999999993634,2.6433372497558594
6.3999999999999435,124.2999999999993577,2.6978354454040527
6.3999999999999435,124.3999999999993520,2.3014113903045654
6.3999999999999435,124.4999999999993463,2.1270086765289307
6.3999999999999435,124.5999999999993406,2.0702450275421143
6.3999999999999435,124.6999999999993349,1.7242132425308228
6.3999999999999435,124.7999999999993292,1.6586643457412720
6.3999999999999435,124.8999999999993236,1.7899932861328125
6.3999999999999435,124.9999999999993179,1.9767017364501953
6.3999999999999435,125.0999999999993122,2.5272347927093506
6.3999999999999435,125.1999999999993065,2.7057075500488281
6.3999999999999435,125.2999999999993008,2.3845729827880859
6.3999999999999435,125.3999999999992951,2.6209030151367188
6.3999999999999435,125.4999999999992895,2.5578048229217529
6.2999999999999439,120.5999999999995680,6.2159357070922852
6.2999999999999439,124.1999999999993634,2.9000835418701172
6.2999999999999439,124.2999999999993577,2.9065732955932617
6.2999999999999439,124.3999999999993520,2.5482258796691895
6.2999999999999439,124.4999999999993463,2.1641571521759033
6.2999999999999439,124.5999999999993406,2.1916549205780029
6.2999999999999439,124.6999999999993349,1.8559495210647583
6.2999999999999439,124.7999999999993292,1.6438058614730835
6.2999999999999439,124.8999999999993236,1.8739538192749023
6.2999999999999439,124.9999999999993179,2.1516287326812744
6.2999999999999439,125.0999999999993122,2.5635159015655518
6.2999999999999439,125.1999999999993065,2.6254086494445801
6.2999999999999439,125.2999999999993008,2.2855968475341797
6.2999999999999439,125.3999999999992951,2.5764329433441162
6.2999999999999439,125.4999999999992895,2.5964951515197754
6.2999999999999439,125.5999999999992838,3.1006288528442383
6.1999999999999442,124.2999999999993577,3.2488582134246826
6.1999999999999442,124.3999999999993520,2.8688769340515137
6.1999999999999442,124.4999999999993463,2.4107012748718262
6.1999999999999442,124.5999999999993406,2.1693472862243652
6.1999999999999442,124.6999999999993349,1.9858323335647583
6.1999999999999442,124.7999999999993292,1.9449620246887207
6.1999999999999442,124.8999999999993236,2.0051162242889404
6.1999999999999442,124.9999999999993179,2.0655303001403809
6.1999999999999442,125.0999999999993122,2.2678511142730713
6.1999999999999442,125.1999999999993065,2.3530912399291992
6.1999999999999442,125.2999999999993008,2.5542707443237305
6.1999999999999442,125.3999999999992951,2.7601165771484375
6.1999999999999442,125.4999999999992895,2.8992116451263428
6.1999999999999442,125.5999999999992838,3.6193387508392334
6.1999999999999442,125.6999999999992781,4.1262731552124023
6.0999999999999446,120.9999999999995453,6.2929725646972656
6.0999999999999446,121.0999999999995396,6.2787098884582520
6.0999999999999446,124.4999999999993463,2.7142109870910645
6.0999999999999446,124.5999999999993406,2.3798155784606934
6.0999999999999446,124.6999999999993349,2.2699601650238037
6.0999999999999446,124.7999999999993292,2.2565274238586426
6.0999999999999446,124.8999999999993236,2.1743755340576172
6.0999999999999446,124.9999999999993179,2.2162287235260010
6.0999999999999446,125.0999999999993122,2.5511405467987061
6.0999999999999446,125.2999999999993008,2.9393820762634277
6.0999999999999446,125.3999999999992951,3.0362536907196045
6.0999999999999446,125.4999999999992895,3.4731335639953613
6.0999999999999446,125.5999999999992838,4.1946325302124023
6.0999999999999446,125.6999999999992781,5.3682508468627930
5.9999999999999449,120.8999999999995509,6.1931571960449219
5.9999999999999449,120.9999999999995453,6.2047152519226074
5.9999999999999449,121.0999999999995396,6.1977295875549316
5.9999999999999449,121.3999999999995225,6.0859389305114746
5.9999999999999449,124.5999999999993406,2.9458868503570557
5.9999999999999449,124.6999999999993349,2.9356882572174072
5.9999999999999449,124.7999999999993292,3.1412701606750488
5.9999999999999449,124.8999999999993236,3.1996443271636963
5.9999999999999449,124.9999999999993179,3.1712639331817627
5.9999999999999449,125.0999999999993122,3.4370107650756836
5.9999999999999449,125.3999999999992951,3.4091777801513672
5.9999999999999449,125.4999999999992895,4.0290608406066895
5.9999999999999449,125.5999999999992838,5.1572432518005371
5.8999999999999453,120.8999999999995509,6.0910797119140625
5.8999999999999453,124.7999999999993292,4.1699247360229492
5.8999999999999453,124.8999999999993236,5.0084657669067383
5.8999999999999453,124.9999999999993179,4.7888817787170410
5.8999999999999453,125.0999999999993122,4.6905446052551270
5.8999999999999453,125.1999999999993065,5.0452919006347656
5.8999999999999453,125.2999999999993008,4.4364633560180664
5.8999999999999453,125.3999999999992951,4.0778021812438965
5.8999999999999453,125.4999999999992895,4.6845974922180176
5.8999999999999453,125.5999999999992838,5.8832521438598633
5.7999999999999456,125.2999999999993008,5.4344067573547363
5.7999999999999456,125.3999999999992951,4.7753181457519531
5.7999999999999456,125.4999999999992895,5.2386097908020020
5.6999999999999460,125.2999999999993008,5.9737195968627930
5.6999999999999460,125.3999999999992951,5.6872124671936035
5.5999999999999464,125.2999999999993008,7.0793080329895020
5.5999999999999464,125.3999999999992951,6.8217296600341797
5.3999999999999471,118.8999999999996646,3.1026639938354492
5.3999999999999471,118.9999999999996589,3.6178002357482910
5.3999999999999471,119.0999999999996533,4.1683921813964844
5.3999999999999471,119.1999999999996476,4.6714577674865723
5.2999999999999474,118.8999999999996646,2.5184252262115479
5.2999999999999474,118.9999999999996589,3.0195937156677246
5.2999999999999474,119.0999999999996533,3.6920773983001709
5.2999999999999474,119.1999999999996476,4.3706917762756348
5.2999999999999474,120.1999999999995907,5.5745444297790527
5.1999999999999478,118.8999999999996646,2.6668574810028076
5.1999999999999478,118.9999999999996589,3.0805442333221436
5.1999999999999478,119.0999999999996533,3.7361073493957520
5.1999999999999478,119.1999999999996476,4.4946308135986328
5.1999999999999478,120.1999999999995907,5.5859165191650391
5.0999999999999481,118.8999999999996646,3.1603107452392578
5.0999999999999481,118.9999999999996589,3.5253546237945557
5.0999999999999481,119.7999999999996135,5.6565976142883301
5.0999999999999481,119.8999999999996078,5.6049876213073730
