latitude,longitude,max_wind_speed
19.3999999999999559,121.3999999999995225,14.1603012084960938
19.3999999999999559,121.4999999999995168,14.0734987258911133
18.8999999999999488,121.8999999999994941,15.2574748992919922
18.5999999999999446,120.7999999999995566,14.5878801345825195
18.5999999999999446,120.8999999999995509,14.5272245407104492
18.5999999999999446,121.0999999999995396,14.2916183471679688
18.5999999999999446,121.1999999999995339,14.2166099548339844
18.4999999999999432,120.6999999999995623,11.4121074676513672
18.4999999999999432,120.7999999999995566,10.9118843078613281
18.4999999999999432,120.8999999999995509,10.5852470397949219
18.4999999999999432,120.9999999999995453,10.5018091201782227
18.4999999999999432,121.0999999999995396,10.5110530853271484
18.4999999999999432,121.1999999999995339,10.5843591690063477
18.4999999999999432,121.2999999999995282,11.1306333541870117
18.4999999999999432,122.1999999999994770,16.9139728546142578
18.3999999999999417,120.5999999999995680,9.5588579177856445
18.3999999999999417,120.6999999999995623,8.5292091369628906
18.3999999999999417,120.7999999999995566,7.6962037086486816
18.3999999999999417,120.8999999999995509,7.1262950897216797
18.3999999999999417,120.9999999999995453,7.0056991577148438
18.3999999999999417,121.0999999999995396,7.1195039749145508
18.3999999999999417,121.1999999999995339,7.3290991783142090
18.3999999999999417,121.2999999999995282,8.1722784042358398
18.3999999999999417,121.3999999999995225,9.2392034530639648
18.3999999999999417,121.4999999999995168,9.9564580917358398
18.3999999999999417,121.5999999999995111,11.3574810028076172
18.3999999999999417,122.0999999999994827,16.4047374725341797
18.3999999999999417,122.1999999999994770,16.9503879547119141
18.3999999999999417,122.2999999999994714,17.4625492095947266
18.2999999999999403,120.6999999999995623,7.2965784072875977
18.2999999999999403,120.7999999999995566,6.6202907562255859
18.2999999999999403,120.8999999999995509,6.1887688636779785
18.2999999999999403,120.9999999999995453,6.0897831916809082
18.2999999999999403,121.0999999999995396,6.0814070701599121
18.2999999999999403,121.1999999999995339,6.0961232185363770
18.2999999999999403,121.2999999999995282,6.7759733200073242
18.2999999999999403,121.3999999999995225,7.6903076171875000
18.2999999999999403,121.4999999999995168,8.6851396560668945
18.2999999999999403,121.5999999999995111,9.8796510696411133
18.2999999999999403,121.6999999999995055,11.1623220443725586
18.2999999999999403,122.0999999999994827,14.5015449523925781
18.2999999999999403,122.1999999999994770,15.4900360107421875
18.2999999999999403,122.2999999999994714,16.4265880584716797
18.1999999999999389,120.4999999999995737,9.7730140686035156
18.1999999999999389,120.5999999999995680,8.0362691879272461
18.1999999999999389,120.6999999999995623,6.3398075103759766
18.1999999999999389,120.7999999999995566,5.8476228713989258
18.1999999999999389,120.8999999999995509,5.6595134735107422
18.1999999999999389,120.9999999999995453,5.5744490623474121
18.1999999999999389,121.0999999999995396,5.4134058952331543
18.1999999999999389,121.1999999999995339,5.2835092544555664
18.1999999999999389,121.2999999999995282,5.6666421890258789
18.1999999999999389,121.3999999999995225,6.3302149772644043
18.1999999999999389,121.4999999999995168,7.0794520378112793
18.1999999999999389,121.5999999999995111,7.8165464401245117
18.1999999999999389,121.6999999999995055,8.5549879074096680
18.1999999999999389,121.7999999999994998,9.2403173446655273
18.1999999999999389,121.8999999999994941,9.9202909469604492
18.1999999999999389,121.9999999999994884,10.9100580215454102
18.1999999999999389,122.0999999999994827,12.1920547485351562
18.1999999999999389,122.1999999999994770,13.8016576766967773
18.0999999999999375,120.4999999999995737,9.9599790573120117
18.0999999999999375,120.5999999999995680,7.2589955329895020
18.0999999999999375,120.6999999999995623,5.5657944679260254
18.0999999999999375,120.7999999999995566,5.3528523445129395
18.0999999999999375,120.8999999999995509,5.4047026634216309
18.0999999999999375,120.9999999999995453,5.3019595146179199
18.0999999999999375,121.0999999999995396,5.0989847183227539
18.0999999999999375,121.1999999999995339,5.0982804298400879
18.0999999999999375,121.2999999999995282,5.1358323097229004
18.0999999999999375,121.3999999999995225,5.3470802307128906
18.0999999999999375,121.4999999999995168,5.8900661468505859
18.0999999999999375,121.5999999999995111,6.2808790206909180
18.0999999999999375,121.6999999999995055,6.6046662330627441
18.0999999999999375,121.7999999999994998,6.9456553459167480
18.0999999999999375,121.8999999999994941,7.6311354637145996
18.0999999999999375,121.9999999999994884,8.7550439834594727
18.0999999999999375,122.0999999999994827,10.3607378005981445
18.0999999999999375,122.1999999999994770,11.8385725021362305
17.9999999999999361,120.5999999999995680,6.8269181251525879
17.9999999999999361,120.6999999999995623,5.5508685111999512
17.9999999999999361,120.7999999999995566,5.5383892059326172
17.9999999999999361,120.8999999999995509,5.8029236793518066
17.9999999999999361,120.9999999999995453,5.7015495300292969
17.9999999999999361,121.0999999999995396,5.5425100326538086
17.9999999999999361,121.1999999999995339,5.4736952781677246
17.9999999999999361,121.2999999999995282,5.4300704002380371
17.9999999999999361,121.3999999999995225,5.5414609909057617
17.9999999999999361,121.4999999999995168,6.1296253204345703
17.9999999999999361,121.5999999999995111,6.2838926315307617
17.9999999999999361,121.6999999999995055,6.3647880554199219
17.9999999999999361,121.7999999999994998,6.4929361343383789
17.9999999999999361,121.8999999999994941,7.1204071044921875
17.9999999999999361,121.9999999999994884,8.1771936416625977
17.9999999999999361,122.0999999999994827,9.9484529495239258
17.8999999999999346,120.4999999999995737,8.7743320465087891
17.8999999999999346,120.5999999999995680,6.4630775451660156
17.8999999999999346,120.6999999999995623,5.4554538726806641
17.8999999999999346,120.7999999999995566,5.7544622421264648
17.8999999999999346,120.8999999999995509,6.2633876800537109
17.8999999999999346,120.9999999999995453,6.1230401992797852
17.8999999999999346,121.0999999999995396,5.9946107864379883
17.8999999999999346,121.1999999999995339,5.8656716346740723
17.8999999999999346,121.2999999999995282,5.7500944137573242
17.8999999999999346,121.3999999999995225,5.8475484848022461
17.8999999999999346,121.4999999999995168,6.2698478698730469
17.8999999999999346,121.5999999999995111,6.3296246528625488
17.8999999999999346,121.6999999999995055,6.1653528213500977
17.8999999999999346,121.7999999999994998,6.0733213424682617
17.8999999999999346,121.8999999999994941,6.6257457733154297
17.8999999999999346,121.9999999999994884,7.6469082832336426
17.8999999999999346,122.0999999999994827,9.4404983520507812
17.7999999999999332,120.4999999999995737,8.5941419601440430
17.7999999999999332,120.5999999999995680,5.8866677284240723
17.7999999999999332,120.6999999999995623,5.1048121452331543
17.7999999999999332,120.7999999999995566,5.4821629524230957
17.7999999999999332,120.8999999999995509,6.0797972679138184
17.7999999999999332,120.9999999999995453,5.9980320930480957
17.7999999999999332,121.0999999999995396,5.8168821334838867
17.7999999999999332,121.1999999999995339,5.6812124252319336
17.7999999999999332,121.2999999999995282,5.6279411315917969
17.7999999999999332,121.3999999999995225,5.8731136322021484
17.7999999999999332,121.4999999999995168,6.7860455513000488
17.7999999999999332,121.5999999999995111,6.6426930427551270
17.7999999999999332,121.6999999999995055,6.3747229576110840
17.7999999999999332,121.7999999999994998,6.1214151382446289
17.7999999999999332,121.8999999999994941,6.3970189094543457
17.7999999999999332,121.9999999999994884,7.3257651329040527
17.7999999999999332,122.0999999999994827,9.2439336776733398
17.6999999999999318,120.3999999999995794,11.1285066604614258
17.6999999999999318,120.4999999999995737,8.4708719253540039
17.6999999999999318,120.5999999999995680,5.6042289733886719
17.6999999999999318,120.6999999999995623,4.2396044731140137
17.6999999999999318,120.7999999999995566,4.6310749053955078
17.6999999999999318,120.8999999999995509,5.2309575080871582
17.6999999999999318,120.9999999999995453,5.2549815177917480
17.6999999999999318,121.0999999999995396,4.8610100746154785
17.6999999999999318,121.1999999999995339,4.8056607246398926
17.6999999999999318,121.2999999999995282,4.9688763618469238
17.6999999999999318,121.3999999999995225,6.0532736778259277
17.6999999999999318,121.4999999999995168,7.1538271903991699
17.6999999999999318,121.5999999999995111,7.2577795982360840
17.6999999999999318,121.6999999999995055,7.0669608116149902
17.6999999999999318,121.7999999999994998,6.8226962089538574
17.6999999999999318,121.8999999999994941,6.7937798500061035
17.6999999999999318,121.9999999999994884,7.3191118240356445
17.6999999999999318,122.0999999999994827,9.0579051971435547
17.5999999999999304,120.3999999999995794,11.5381383895874023
17.5999999999999304,120.4999999999995737,8.3973455429077148
17.5999999999999304,120.5999999999995680,5.4988002777099609
17.5999999999999304,120.6999999999995623,3.7407360076904297
17.5999999999999304,120.7999999999995566,3.7810935974121094
17.5999999999999304,120.8999999999995509,4.3587546348571777
17.5999999999999304,120.9999999999995453,4.5024728775024414
17.5999999999999304,121.0999999999995396,4.3039860725402832
17.5999999999999304,121.1999999999995339,4.2205195426940918
17.5999999999999304,121.2999999999995282,4.9050621986389160
17.5999999999999304,121.3999999999995225,6.3309049606323242
17.5999999999999304,121.4999999999995168,7.8660669326782227
17.5999999999999304,121.5999999999995111,7.9017047882080078
17.5999999999999304,121.6999999999995055,7.8042764663696289
17.5999999999999304,121.7999999999994998,7.5165543556213379
17.5999999999999304,121.8999999999994941,7.1630754470825195
17.5999999999999304,121.9999999999994884,7.3031148910522461
17.5999999999999304,122.0999999999994827,9.0428428649902344
17.4999999999999289,120.4999999999995737,8.5067071914672852
17.4999999999999289,120.5999999999995680,5.4130620956420898
17.4999999999999289,120.6999999999995623,3.3021857738494873
17.4999999999999289,120.7999999999995566,2.9732596874237061
17.4999999999999289,120.8999999999995509,3.5405664443969727
17.4999999999999289,120.9999999999995453,3.7891631126403809
17.4999999999999289,121.0999999999995396,3.7543070316314697
17.4999999999999289,121.1999999999995339,3.8835158348083496
17.4999999999999289,121.2999999999995282,4.7379455566406250
17.4999999999999289,121.3999999999995225,6.3292145729064941
17.4999999999999289,121.4999999999995168,7.8486537933349609
17.4999999999999289,121.5999999999995111,8.2244787216186523
17.4999999999999289,121.6999999999995055,8.3085803985595703
17.4999999999999289,121.7999999999994998,8.1340456008911133
17.4999999999999289,121.8999999999994941,7.2979507446289062
17.4999999999999289,121.9999999999994884,7.1501064300537109
17.4999999999999289,122.0999999999994827,8.4611167907714844
17.3999999999999275,120.4999999999995737,8.5998439788818359
17.3999999999999275,120.5999999999995680,5.1959619522094727
17.3999999999999275,120.6999999999995623,2.9690539836883545
17.3999999999999275,120.7999999999995566,2.2629616260528564
17.3999999999999275,120.8999999999995509,2.8245596885681152
17.3999999999999275,120.9999999999995453,3.1538872718811035
17.3999999999999275,121.0999999999995396,3.2374844551086426
17.3999999999999275,121.1999999999995339,3.7589263916015625
17.3999999999999275,121.2999999999995282,4.5085940361022949
17.3999999999999275,121.3999999999995225,6.1158671379089355
17.3999999999999275,121.4999999999995168,7.8289914131164551
17.3999999999999275,121.5999999999995111,8.2536153793334961
17.3999999999999275,121.6999999999995055,8.8019485473632812
17.3999999999999275,121.7999999999994998,8.8242855072021484
17.3999999999999275,121.8999999999994941,7.6139698028564453
17.3999999999999275,121.9999999999994884,6.9036760330200195
17.3999999999999275,122.0999999999994827,7.7955231666564941
17.3999999999999275,122.1999999999994770,9.4475221633911133
17.2999999999999261,120.4999999999995737,8.4817991256713867
17.2999999999999261,120.5999999999995680,5.1055326461791992
17.2999999999999261,120.6999999999995623,2.5381760597229004
17.2999999999999261,120.7999999999995566,1.7031662464141846
17.2999999999999261,120.8999999999995509,2.3199045658111572
17.2999999999999261,120.9999999999995453,2.6879022121429443
17.2999999999999261,121.0999999999995396,3.0814614295959473
17.2999999999999261,121.1999999999995339,3.9778265953063965
17.2999999999999261,121.2999999999995282,4.7873358726501465
17.2999999999999261,121.3999999999995225,6.4263887405395508
17.2999999999999261,121.4999999999995168,8.0044765472412109
17.2999999999999261,121.5999999999995111,8.8465213775634766
17.2999999999999261,121.6999999999995055,9.5560588836669922
17.2999999999999261,121.7999999999994998,9.7198324203491211
17.2999999999999261,121.8999999999994941,8.0494089126586914
17.2999999999999261,121.9999999999994884,6.7372736930847168
17.2999999999999261,122.0999999999994827,7.1275134086608887
17.2999999999999261,122.1999999999994770,8.4262647628784180
17.2999999999999261,122.2999999999994714,9.8615131378173828
17.1999999999999247,120.4999999999995737,8.5684633255004883
17.1999999999999247,120.5999999999995680,4.8951716423034668
17.1999999999999247,120.6999999999995623,2.4061758518218994
17.1999999999999247,120.7999999999995566,1.4729750156402588
17.1999999999999247,120.8999999999995509,2.1979613304138184
17.1999999999999247,120.9999999999995453,2.5521445274353027
17.1999999999999247,121.0999999999995396,3.0872874259948730
17.1999999999999247,121.1999999999995339,4.2241187095642090
17.1999999999999247,121.2999999999995282,5.1110534667968750
17.1999999999999247,121.3999999999995225,6.2232570648193359
17.1999999999999247,121.4999999999995168,7.7787137031555176
17.1999999999999247,121.5999999999995111,8.7196559906005859
17.1999999999999247,121.6999999999995055,9.6667413711547852
17.1999999999999247,121.7999999999994998,9.8834667205810547
17.1999999999999247,121.8999999999994941,8.4072551727294922
17.1999999999999247,121.9999999999994884,7.1064276695251465
17.1999999999999247,122.0999999999994827,7.3631830215454102
17.1999999999999247,122.1999999999994770,8.1281375885009766
17.1999999999999247,122.2999999999994714,9.0808830261230469
17.1999999999999247,122.3999999999994657,10.6002788543701172
17.0999999999999233,120.4999999999995737,7.9125432968139648
17.0999999999999233,120.5999999999995680,4.6625800132751465
17.0999999999999233,120.6999999999995623,2.1568295955657959
17.0999999999999233,120.7999999999995566,1.4853166341781616
17.0999999999999233,120.8999999999995509,2.1684329509735107
17.0999999999999233,120.9999999999995453,2.5328865051269531
17.0999999999999233,121.0999999999995396,3.1956343650817871
17.0999999999999233,121.1999999999995339,4.6486668586730957
17.0999999999999233,121.2999999999995282,5.7619447708129883
17.0999999999999233,121.3999999999995225,6.9144444465637207
17.0999999999999233,121.4999999999995168,7.7206830978393555
17.0999999999999233,121.5999999999995111,8.3284769058227539
17.0999999999999233,121.6999999999995055,9.5172128677368164
17.0999999999999233,121.7999999999994998,10.0795202255249023
17.0999999999999233,121.8999999999994941,8.7200098037719727
17.0999999999999233,121.9999999999994884,7.7032494544982910
17.0999999999999233,122.0999999999994827,7.7416892051696777
17.0999999999999233,122.1999999999994770,7.9873304367065430
17.0999999999999233,122.2999999999994714,8.7544651031494141
17.0999999999999233,122.3999999999994657,11.2642564773559570
17.0999999999999233,122.4999999999994600,14.6457033157348633
16.9999999999999218,120.4999999999995737,7.8008995056152344
16.9999999999999218,120.5999999999995680,4.2845005989074707
16.9999999999999218,120.6999999999995623,1.9307641983032227
16.9999999999999218,120.7999999999995566,1.6652339696884155
16.9999999999999218,120.8999999999995509,2.2170901298522949
16.9999999999999218,120.9999999999995453,2.5602200031280518
16.9999999999999218,121.0999999999995396,3.3914172649383545
16.9999999999999218,121.1999999999995339,5.0300717353820801
16.9999999999999218,121.2999999999995282,6.3559484481811523
16.9999999999999218,121.3999999999995225,7.6119785308837891
16.9999999999999218,121.4999999999995168,8.7330131530761719
16.9999999999999218,121.5999999999995111,8.0370149612426758
16.9999999999999218,121.6999999999995055,9.2995090484619141
16.9999999999999218,121.7999999999994998,9.9911842346191406
16.9999999999999218,121.8999999999994941,9.1089277267456055
16.9999999999999218,121.9999999999994884,8.0903797149658203
16.9999999999999218,122.0999999999994827,7.9519977569580078
16.9999999999999218,122.1999999999994770,7.8765478134155273
16.9999999999999218,122.2999999999994714,8.7791509628295898
16.9999999999999218,122.3999999999994657,11.2091655731201172
16.8999999999999204,120.3999999999995794,8.5234079360961914
16.8999999999999204,120.4999999999995737,6.3175549507141113
16.8999999999999204,120.5999999999995680,3.2426550388336182
16.8999999999999204,120.6999999999995623,2.2513840198516846
16.8999999999999204,120.7999999999995566,2.0881218910217285
16.8999999999999204,120.8999999999995509,2.3724822998046875
16.8999999999999204,120.9999999999995453,2.7265200614929199
16.8999999999999204,121.0999999999995396,3.6914772987365723
16.8999999999999204,121.1999999999995339,5.4455051422119141
16.8999999999999204,121.2999999999995282,6.6600995063781738
16.8999999999999204,121.3999999999995225,7.7773370742797852
16.8999999999999204,121.4999999999995168,8.5982599258422852
16.8999999999999204,121.5999999999995111,8.3466444015502930
16.8999999999999204,121.6999999999995055,8.7944927215576172
16.8999999999999204,121.7999999999994998,9.6300401687622070
16.8999999999999204,121.8999999999994941,8.7830848693847656
16.8999999999999204,121.9999999999994884,7.7764391899108887
16.8999999999999204,122.0999999999994827,7.7057709693908691
16.8999999999999204,122.1999999999994770,7.8210611343383789
16.8999999999999204,122.2999999999994714,9.1747236251831055
16.8999999999999204,122.3999999999994657,11.8159265518188477
16.7999999999999190,120.3999999999995794,7.3155069351196289
16.7999999999999190,120.4999999999995737,4.8327584266662598
16.7999999999999190,120.5999999999995680,3.2421524524688721
16.7999999999999190,120.6999999999995623,2.8541009426116943
16.7999999999999190,120.7999999999995566,2.5882203578948975
16.7999999999999190,120.8999999999995509,2.6656615734100342
16.7999999999999190,120.9999999999995453,2.9959690570831299
16.7999999999999190,121.0999999999995396,4.1612539291381836
16.7999999999999190,121.1999999999995339,5.7946324348449707
16.7999999999999190,121.2999999999995282,6.9167652130126953
16.7999999999999190,121.3999999999995225,7.9557037353515625
16.7999999999999190,121.4999999999995168,8.9978609085083008
16.7999999999999190,121.5999999999995111,8.6328430175781250
16.7999999999999190,121.6999999999995055,8.4484558105468750
16.7999999999999190,121.7999999999994998,9.4111661911010742
16.7999999999999190,121.8999999999994941,8.4919481277465820
16.7999999999999190,121.9999999999994884,7.4586973190307617
16.7999999999999190,122.0999999999994827,7.5807085037231445
16.7999999999999190,122.1999999999994770,8.0885581970214844
16.7999999999999190,122.2999999999994714,9.9242095947265625
16.7999999999999190,122.3999999999994657,11.6899929046630859
16.6999999999999176,120.3999999999995794,6.4166970252990723
16.6999999999999176,120.4999999999995737,5.1844868659973145
16.6999999999999176,120.5999999999995680,4.0759754180908203
16.6999999999999176,120.6999999999995623,3.4171905517578125
16.6999999999999176,120.7999999999995566,3.0927598476409912
16.6999999999999176,120.8999999999995509,3.0044140815734863
16.6999999999999176,120.9999999999995453,3.3171501159667969
16.6999999999999176,121.0999999999995396,4.5581474304199219
16.6999999999999176,121.1999999999995339,5.9561705589294434
16.6999999999999176,121.2999999999995282,7.0086536407470703
16.6999999999999176,121.3999999999995225,7.9700207710266113
16.6999999999999176,121.4999999999995168,8.6502466201782227
16.6999999999999176,121.5999999999995111,8.6995687484741211
16.6999999999999176,121.6999999999995055,8.5623540878295898
16.6999999999999176,121.7999999999994998,9.3097028732299805
16.6999999999999176,121.8999999999994941,8.3919486999511719
16.6999999999999176,121.9999999999994884,7.3976526260375977
16.6999999999999176,122.0999999999994827,7.9275078773498535
16.6999999999999176,122.1999999999994770,8.9771928787231445
16.6999999999999176,122.2999999999994714,11.0612411499023438
16.5999999999999162,120.2999999999995850,7.9464015960693359
16.5999999999999162,120.3999999999995794,7.3683028221130371
16.5999999999999162,120.4999999999995737,5.9200625419616699
16.5999999999999162,120.5999999999995680,4.5945653915405273
16.5999999999999162,120.6999999999995623,3.8500840663909912
16.5999999999999162,120.7999999999995566,3.5914845466613770
16.5999999999999162,120.8999999999995509,3.4070847034454346
16.5999999999999162,120.9999999999995453,3.6747968196868896
16.5999999999999162,121.0999999999995396,4.1716022491455078
16.5999999999999162,121.1999999999995339,5.2378869056701660
16.5999999999999162,121.2999999999995282,6.1069102287292480
16.5999999999999162,121.3999999999995225,6.8539652824401855
16.5999999999999162,121.4999999999995168,7.6966552734375000
16.5999999999999162,121.5999999999995111,7.7703876495361328
16.5999999999999162,121.6999999999995055,7.8176503181457520
16.5999999999999162,121.7999999999994998,8.5847816467285156
16.5999999999999162,121.8999999999994941,8.2095823287963867
16.5999999999999162,121.9999999999994884,8.0490980148315430
16.5999999999999162,122.0999999999994827,9.3543462753295898
16.5999999999999162,122.1999999999994770,11.0367860794067383
16.5999999999999162,122.2999999999994714,12.4714174270629883
16.4999999999999147,120.2999999999995850,9.1845321655273438
16.4999999999999147,120.3999999999995794,8.2965822219848633
16.4999999999999147,120.4999999999995737,6.7174038887023926
16.4999999999999147,120.5999999999995680,5.1575016975402832
16.4999999999999147,120.6999999999995623,4.2656717300415039
16.4999999999999147,120.7999999999995566,4.1378211975097656
16.4999999999999147,120.8999999999995509,4.0345306396484375
16.4999999999999147,120.9999999999995453,4.2765989303588867
16.4999999999999147,121.0999999999995396,4.7579307556152344
16.4999999999999147,121.1999999999995339,5.2357692718505859
16.4999999999999147,121.2999999999995282,5.5372762680053711
16.4999999999999147,121.3999999999995225,6.0818748474121094
16.4999999999999147,121.4999999999995168,6.5855822563171387
16.4999999999999147,121.5999999999995111,6.8400521278381348
16.4999999999999147,121.6999999999995055,7.0634021759033203
16.4999999999999147,121.7999999999994998,7.7790842056274414
16.4999999999999147,121.8999999999994941,7.9980583190917969
16.4999999999999147,121.9999999999994884,9.2986278533935547
16.4999999999999147,122.0999999999994827,11.1396331787109375
16.4999999999999147,122.1999999999994770,13.3741149902343750
16.3999999999999133,120.3999999999995794,9.1580619812011719
16.3999999999999133,120.4999999999995737,7.2691273689270020
16.3999999999999133,120.5999999999995680,5.4504122734069824
16.3999999999999133,120.6999999999995623,4.4652557373046875
16.3999999999999133,120.7999999999995566,4.3937911987304688
16.3999999999999133,120.8999999999995509,4.3303112983703613
16.3999999999999133,120.9999999999995453,4.5639524459838867
16.3999999999999133,121.0999999999995396,4.9741973876953125
16.3999999999999133,121.1999999999995339,5.3318014144897461
16.3999999999999133,121.2999999999995282,5.3276672363281250
16.3999999999999133,121.3999999999995225,5.5621309280395508
16.3999999999999133,121.4999999999995168,5.7865638732910156
16.3999999999999133,121.5999999999995111,5.9781041145324707
16.3999999999999133,121.6999999999995055,6.6531291007995605
16.3999999999999133,121.7999999999994998,7.4992594718933105
16.3999999999999133,121.8999999999994941,9.0411653518676758
16.3999999999999133,121.9999999999994884,11.0250902175903320
16.3999999999999133,122.0999999999994827,13.1591701507568359
16.3999999999999133,122.1999999999994770,15.4094333648681641
16.2999999999999119,119.7999999999996135,11.1310987472534180
16.2999999999999119,120.3999999999995794,9.7752933502197266
16.2999999999999119,120.4999999999995737,7.9475746154785156
16.2999999999999119,120.5999999999995680,6.0609741210937500
16.2999999999999119,120.6999999999995623,4.9331784248352051
16.2999999999999119,120.7999999999995566,4.7377257347106934
16.2999999999999119,120.8999999999995509,4.6318626403808594
16.2999999999999119,120.9999999999995453,4.7773413658142090
16.2999999999999119,121.0999999999995396,5.0636243820190430
16.2999999999999119,121.1999999999995339,5.3574171066284180
16.2999999999999119,121.2999999999995282,5.2441463470458984
16.2999999999999119,121.3999999999995225,5.0074982643127441
16.2999999999999119,121.4999999999995168,4.9061880111694336
16.2999999999999119,121.5999999999995111,5.6866173744201660
16.2999999999999119,121.6999999999995055,6.6961545944213867
16.2999999999999119,121.7999999999994998,8.3251962661743164
16.2999999999999119,121.8999999999994941,10.7570142745971680
16.2999999999999119,121.9999999999994884,13.2277011871337891
16.2999999999999119,122.0999999999994827,15.6973552703857422
16.1999999999999105,119.7999999999996135,10.3088312149047852
16.1999999999999105,119.8999999999996078,11.0460119247436523
16.1999999999999105,119.9999999999996021,11.8547058105468750
16.1999999999999105,120.4999999999995737,9.4805564880371094
16.1999999999999105,120.5999999999995680,7.0017185211181641
16.1999999999999105,120.6999999999995623,5.4097924232482910
16.1999999999999105,120.7999999999995566,5.1964721679687500
16.1999999999999105,120.8999999999995509,5.0888810157775879
16.1999999999999105,120.9999999999995453,5.1986789703369141
16.1999999999999105,121.0999999999995396,5.4078464508056641
16.1999999999999105,121.1999999999995339,5.5159425735473633
16.1999999999999105,121.2999999999995282,5.1333999633789062
16.1999999999999105,121.3999999999995225,4.4892549514770508
16.1999999999999105,121.4999999999995168,4.3723483085632324
16.1999999999999105,121.5999999999995111,5.5284028053283691
16.1999999999999105,121.6999999999995055,7.4090657234191895
16.1999999999999105,121.7999999999994998,9.7686443328857422
16.1999999999999105,121.8999999999994941,12.5118770599365234
16.1999999999999105,121.9999999999994884,15.9232416152954102
16.0999999999999091,119.7999999999996135,10.4155178070068359
16.0999999999999091,119.8999999999996078,10.7031736373901367
16.0999999999999091,119.9999999999996021,11.4744224548339844
16.0999999999999091,120.4999999999995737,8.9937572479248047
16.0999999999999091,120.5999999999995680,6.7112736701965332
16.0999999999999091,120.6999999999995623,5.2904925346374512
16.0999999999999091,120.7999999999995566,5.1663088798522949
16.0999999999999091,120.8999999999995509,5.2844591140747070
16.0999999999999091,120.9999999999995453,5.2818336486816406
16.0999999999999091,121.0999999999995396,5.2818946838378906
16.0999999999999091,121.1999999999995339,5.2684607505798340
16.0999999999999091,121.2999999999995282,4.8477683067321777
16.0999999999999091,121.3999999999995225,4.4744648933410645
16.0999999999999091,121.4999999999995168,4.4660792350769043
16.0999999999999091,121.5999999999995111,6.3237743377685547
16.0999999999999091,121.6999999999995055,8.8671703338623047
15.9999999999999094,119.7999999999996135,11.2590579986572266
15.9999999999999094,119.8999999999996078,10.7945480346679688
15.9999999999999094,119.9999999999996021,10.3403186798095703
15.9999999999999094,120.0999999999995964,10.0803518295288086
15.9999999999999094,120.1999999999995907,9.7258281707763672
15.9999999999999094,120.2999999999995850,9.4603834152221680
15.9999999999999094,120.3999999999995794,8.9932966232299805
15.9999999999999094,120.4999999999995737,7.2265381813049316
15.9999999999999094,120.5999999999995680,5.5976781845092773
15.9999999999999094,120.6999999999995623,4.6915888786315918
15.9999999999999094,120.7999999999995566,4.8677473068237305
15.9999999999999094,120.8999999999995509,5.2681264877319336
15.9999999999999094,120.9999999999995453,5.1874318122863770
15.9999999999999094,121.0999999999995396,4.9404258728027344
15.9999999999999094,121.1999999999995339,4.8700609207153320
15.9999999999999094,121.2999999999995282,4.6665663719177246
15.9999999999999094,121.3999999999995225,4.4118185043334961
15.9999999999999094,121.4999999999995168,4.4007420539855957
15.9999999999999094,121.5999999999995111,7.1179919242858887
15.8999999999999098,119.9999999999996021,9.3856124877929688
15.8999999999999098,120.0999999999995964,8.1745872497558594
15.8999999999999098,120.1999999999995907,7.7447514533996582
15.8999999999999098,120.2999999999995850,7.3400526046752930
15.8999999999999098,120.3999999999995794,6.7759470939636230
15.8999999999999098,120.4999999999995737,5.9381351470947266
15.8999999999999098,120.5999999999995680,5.1586771011352539
15.8999999999999098,120.6999999999995623,4.7579369544982910
15.8999999999999098,120.7999999999995566,5.1054472923278809
15.8999999999999098,120.8999999999995509,5.5293459892272949
15.8999999999999098,120.9999999999995453,5.5042729377746582
15.8999999999999098,121.0999999999995396,5.2437572479248047
15.8999999999999098,121.1999999999995339,5.0148291587829590
15.8999999999999098,121.2999999999995282,4.7614054679870605
15.8999999999999098,121.3999999999995225,4.5516262054443359
15.8999999999999098,121.4999999999995168,5.1691098213195801
15.8999999999999098,121.5999999999995111,6.7309546470642090
15.7999999999999101,119.9999999999996021,8.4073600769042969
15.7999999999999101,120.0999999999995964,6.7336359024047852
15.7999999999999101,120.1999999999995907,6.0616044998168945
15.7999999999999101,120.2999999999995850,5.5355658531188965
15.7999999999999101,120.3999999999995794,5.1425848007202148
15.7999999999999101,120.4999999999995737,4.8087854385375977
15.7999999999999101,120.5999999999995680,4.5051302909851074
15.7999999999999101,120.6999999999995623,4.3452196121215820
15.7999999999999101,120.7999999999995566,4.8193421363830566
15.7999999999999101,120.8999999999995509,5.4135289192199707
15.7999999999999101,120.9999999999995453,5.3001813888549805
15.7999999999999101,121.0999999999995396,5.0681505203247070
15.7999999999999101,121.1999999999995339,4.8638105392456055
15.7999999999999101,121.2999999999995282,4.7366337776184082
15.7999999999999101,121.3999999999995225,4.6729464530944824
15.7999999999999101,121.4999999999995168,5.0596160888671875
15.6999999999999105,119.9999999999996021,7.4173202514648438
15.6999999999999105,120.0999999999995964,5.4021043777465820
15.6999999999999105,120.1999999999995907,4.6182971000671387
15.6999999999999105,120.2999999999995850,4.0159316062927246
15.6999999999999105,120.3999999999995794,3.6943619251251221
15.6999999999999105,120.4999999999995737,3.6170547008514404
15.6999999999999105,120.5999999999995680,3.6782472133636475
15.6999999999999105,120.6999999999995623,4.3653597831726074
15.6999999999999105,120.7999999999995566,4.9495539665222168
15.6999999999999105,120.8999999999995509,5.4834947586059570
15.6999999999999105,120.9999999999995453,5.2343130111694336
15.6999999999999105,121.0999999999995396,4.7272105216979980
15.6999999999999105,121.1999999999995339,4.2706599235534668
15.6999999999999105,121.2999999999995282,4.3127479553222656
15.6999999999999105,121.3999999999995225,4.4650387763977051
15.6999999999999105,121.4999999999995168,5.3804440498352051
15.5999999999999108,119.9999999999996021,6.5733551979064941
15.5999999999999108,120.0999999999995964,4.3929915428161621
15.5999999999999108,120.1999999999995907,3.4838099479675293
15.5999999999999108,120.2999999999995850,2.9796299934387207
15.5999999999999108,120.3999999999995794,2.7062785625457764
15.5999999999999108,120.4999999999995737,2.7826399803161621
15.5999999999999108,120.5999999999995680,3.6451935768127441
15.5999999999999108,120.6999999999995623,4.4311122894287109
15.5999999999999108,120.7999999999995566,5.0259399414062500
15.5999999999999108,120.8999999999995509,5.6260094642639160
15.5999999999999108,120.9999999999995453,5.2809724807739258
15.5999999999999108,121.0999999999995396,4.6962280273437500
15.5999999999999108,121.1999999999995339,4.2800388336181641
15.5999999999999108,121.2999999999995282,4.2702355384826660
15.5999999999999108,121.3999999999995225,4.5367093086242676
15.5999999999999108,121.4999999999995168,5.7956161499023438
15.4999999999999112,119.9999999999996021,6.1906490325927734
15.4999999999999112,120.0999999999995964,4.1624393463134766
15.4999999999999112,120.1999999999995907,3.7085018157958984
15.4999999999999112,120.2999999999995850,3.5151960849761963
15.4999999999999112,120.3999999999995794,3.3025286197662354
15.4999999999999112,120.4999999999995737,3.2301321029663086
15.4999999999999112,120.5999999999995680,3.7150566577911377
15.4999999999999112,120.6999999999995623,4.3982777595520020
15.4999999999999112,120.7999999999995566,4.9096670150756836
15.4999999999999112,120.8999999999995509,5.3328514099121094
15.4999999999999112,120.9999999999995453,5.3999447822570801
15.4999999999999112,121.0999999999995396,5.0502629280090332
15.4999999999999112,121.1999999999995339,4.8908872604370117
15.4999999999999112,121.2999999999995282,5.2380232810974121
15.4999999999999112,121.3999999999995225,6.4588379859924316
15.4999999999999112,121.4999999999995168,7.5791749954223633
15.3999999999999115,119.8999999999996078,8.0755681991577148
15.3999999999999115,119.9999999999996021,5.9156346321105957
15.3999999999999115,120.0999999999995964,4.3052425384521484
15.3999999999999115,120.1999999999995907,4.3075175285339355
15.3999999999999115,120.2999999999995850,4.4822454452514648
15.3999999999999115,120.3999999999995794,4.5094890594482422
15.3999999999999115,120.4999999999995737,4.1702527999877930
15.3999999999999115,120.5999999999995680,4.0013589859008789
15.3999999999999115,120.6999999999995623,4.4620780944824219
15.3999999999999115,120.7999999999995566,4.8484058380126953
15.3999999999999115,120.8999999999995509,5.4479751586914062
15.3999999999999115,120.9999999999995453,5.6553783416748047
15.3999999999999115,121.0999999999995396,5.7947492599487305
15.3999999999999115,121.1999999999995339,6.0971360206604004
15.3999999999999115,121.2999999999995282,7.4536604881286621
15.2999999999999119,119.9999999999996021,5.6343469619750977
15.2999999999999119,120.0999999999995964,4.4748644828796387
15.2999999999999119,120.1999999999995907,4.6953639984130859
15.2999999999999119,120.2999999999995850,5.1150326728820801
15.2999999999999119,120.3999999999995794,5.3141016960144043
15.2999999999999119,120.4999999999995737,5.0364809036254883
15.2999999999999119,120.5999999999995680,4.8088340759277344
15.2999999999999119,120.6999999999995623,4.8710837364196777
15.2999999999999119,120.7999999999995566,5.2131748199462891
15.2999999999999119,120.8999999999995509,5.6665487289428711
15.2999999999999119,120.9999999999995453,5.9994869232177734
15.2999999999999119,121.0999999999995396,6.3537917137145996
15.2999999999999119,121.1999999999995339,7.1247963905334473
15.2999999999999119,121.2999999999995282,8.8784227371215820
15.2999999999999119,121.3999999999995225,10.4734535217285156
15.1999999999999122,120.0999999999995964,4.8183703422546387
15.1999999999999122,120.1999999999995907,4.7758121490478516
15.1999999999999122,120.2999999999995850,4.8790807723999023
15.1999999999999122,120.3999999999995794,4.9322748184204102
15.1999999999999122,120.4999999999995737,4.9951410293579102
15.1999999999999122,120.5999999999995680,5.2262988090515137
15.1999999999999122,120.6999999999995623,5.3798766136169434
15.1999999999999122,120.7999999999995566,5.4990091323852539
15.1999999999999122,120.8999999999995509,5.7122507095336914
15.1999999999999122,120.9999999999995453,5.8429179191589355
15.1999999999999122,121.0999999999995396,5.9864120483398438
15.1999999999999122,121.1999999999995339,6.6691236495971680
15.1999999999999122,121.2999999999995282,8.0246934890747070
15.0999999999999126,120.0999999999995964,5.4207415580749512
15.0999999999999126,120.1999999999995907,5.0308670997619629
15.0999999999999126,120.2999999999995850,4.7742815017700195
15.0999999999999126,120.3999999999995794,4.6915097236633301
15.0999999999999126,120.4999999999995737,5.0832557678222656
15.0999999999999126,120.5999999999995680,5.6695251464843750
15.0999999999999126,120.6999999999995623,5.9296216964721680
15.0999999999999126,120.7999999999995566,5.8119482994079590
15.0999999999999126,120.8999999999995509,5.7412409782409668
15.0999999999999126,120.9999999999995453,5.6325526237487793
15.0999999999999126,121.0999999999995396,5.5461716651916504
15.0999999999999126,121.1999999999995339,6.0660829544067383
15.0999999999999126,121.2999999999995282,7.0303125381469727
15.0999999999999126,121.3999999999995225,8.0680332183837891
14.9999999999999130,120.0999999999995964,6.4064555168151855
14.9999999999999130,120.1999999999995907,5.4693918228149414
14.9999999999999130,120.2999999999995850,4.9610857963562012
14.9999999999999130,120.3999999999995794,4.8157615661621094
14.9999999999999130,120.4999999999995737,5.4564218521118164
14.9999999999999130,120.5999999999995680,6.1778922080993652
14.9999999999999130,120.6999999999995623,6.7283091545104980
14.9999999999999130,120.7999999999995566,6.3447413444519043
14.9999999999999130,120.8999999999995509,6.0419273376464844
14.9999999999999130,120.9999999999995453,5.8080143928527832
14.9999999999999130,121.0999999999995396,5.5942783355712891
14.9999999999999130,121.1999999999995339,5.7990589141845703
14.9999999999999130,121.2999999999995282,6.3098230361938477
14.9999999999999130,121.3999999999995225,6.9626541137695312
14.9999999999999130,121.4999999999995168,7.8998718261718750
14.9999999999999130,121.8999999999994941,15.1601505279541016
14.9999999999999130,121.9999999999994884,16.2695178985595703
14.8999999999999133,120.0999999999995964,7.6267132759094238
14.8999999999999133,120.1999999999995907,6.4367141723632812
14.8999999999999133,120.2999999999995850,5.7229723930358887
14.8999999999999133,120.3999999999995794,5.6290035247802734
14.8999999999999133,120.4999999999995737,6.5897212028503418
14.8999999999999133,120.7999999999995566,7.4681162834167480
14.8999999999999133,120.8999999999995509,6.8902716636657715
14.8999999999999133,120.9999999999995453,6.3959426879882812
14.8999999999999133,121.0999999999995396,6.0344548225402832
14.8999999999999133,121.1999999999995339,5.9724268913269043
14.8999999999999133,121.2999999999995282,6.2205810546875000
14.8999999999999133,121.3999999999995225,6.5357198715209961
14.8999999999999133,121.4999999999995168,7.0316028594970703
14.8999999999999133,121.8999999999994941,14.8235883712768555
14.8999999999999133,121.9999999999994884,15.5259809494018555
14.7999999999999137,120.1999999999995907,8.2663631439208984
14.7999999999999137,120.2999999999995850,6.7369613647460938
14.7999999999999137,120.3999999999995794,6.9024395942687988
14.7999999999999137,120.4999999999995737,7.8774809837341309
14.7999999999999137,120.8999999999995509,7.6164951324462891
14.7999999999999137,120.9999999999995453,7.0655388832092285
14.7999999999999137,121.0999999999995396,6.5051832199096680
14.7999999999999137,121.1999999999995339,6.2008895874023438
14.7999999999999137,121.2999999999995282,6.1014699935913086
14.7999999999999137,121.3999999999995225,6.1181139945983887
14.7999999999999137,121.4999999999995168,6.2683329582214355
14.7999999999999137,121.5999999999995111,7.8656873703002930
14.7999999999999137,121.8999999999994941,14.1344547271728516
14.7999999999999137,121.9999999999994884,15.1364374160766602
14.7999999999999137,122.1999999999994770,16.4449806213378906
14.6999999999999140,120.2999999999995850,7.8918585777282715
14.6999999999999140,120.3999999999995794,8.0577554702758789
14.6999999999999140,120.4999999999995737,8.9605798721313477
14.6999999999999140,120.9999999999995453,7.4889898300170898
14.6999999999999140,121.0999999999995396,7.0702090263366699
14.6999999999999140,121.1999999999995339,6.7887697219848633
14.6999999999999140,121.2999999999995282,6.5279054641723633
14.6999999999999140,121.3999999999995225,6.2488064765930176
14.6999999999999140,121.4999999999995168,6.2354445457458496
14.6999999999999140,121.5999999999995111,7.6314511299133301
14.6999999999999140,121.9999999999994884,14.4993047714233398
14.6999999999999140,122.3999999999994657,16.0222911834716797
14.5999999999999144,120.3999999999995794,9.4958982467651367
14.5999999999999144,120.4999999999995737,10.0422878265380859
14.5999999999999144,120.5999999999995680,10.6596641540527344
14.5999999999999144,120.9999999999995453,7.6530976295471191
14.5999999999999144,121.0999999999995396,7.7171597480773926
14.5999999999999144,121.1999999999995339,7.8484702110290527
14.5999999999999144,121.2999999999995282,7.4709973335266113
14.5999999999999144,121.3999999999995225,6.8424854278564453
14.5999999999999144,121.4999999999995168,6.4958810806274414
14.5999999999999144,121.5999999999995111,8.1510686874389648
14.4999999999999147,120.4999999999995737,11.2576436996459961
14.4999999999999147,120.5999999999995680,11.3185300827026367
14.4999999999999147,121.0999999999995396,8.3103389739990234
14.4999999999999147,121.1999999999995339,9.2273349761962891
14.4999999999999147,121.2999999999995282,8.4729433059692383
14.4999999999999147,121.3999999999995225,7.6185464859008789
14.4999999999999147,121.4999999999995168,7.2875857353210449
14.4999999999999147,121.5999999999995111,8.3140764236450195
14.3999999999999151,120.7999999999995566,7.7930345535278320
14.3999999999999151,120.8999999999995509,6.7574005126953125
14.3999999999999151,120.9999999999995453,7.2185249328613281
14.3999999999999151,121.2999999999995282,7.5075945854187012
14.3999999999999151,121.4999999999995168,6.3586492538452148
14.3999999999999151,121.5999999999995111,8.1156196594238281
14.3999999999999151,121.6999999999995055,9.2065410614013672
14.2999999999999154,120.6999999999995623,8.4749393463134766
14.2999999999999154,120.7999999999995566,7.3276672363281250
14.2999999999999154,120.8999999999995509,6.0644288063049316
14.2999999999999154,120.9999999999995453,5.8867259025573730
14.2999999999999154,121.0999999999995396,6.7473840713500977
14.2999999999999154,121.4999999999995168,5.3207616806030273
14.2999999999999154,121.5999999999995111,6.9799976348876953
14.2999999999999154,121.6999999999995055,9.2325592041015625
14.2999999999999154,122.4999999999994600,8.5669631958007812
14.2999999999999154,122.6999999999994486,8.8284749984741211
14.1999999999999158,120.5999999999995680,8.7520914077758789
14.1999999999999158,120.6999999999995623,7.6704111099243164
14.1999999999999158,120.7999999999995566,6.3535823822021484
14.1999999999999158,120.8999999999995509,5.0775127410888672
14.1999999999999158,120.9999999999995453,4.9787268638610840
14.1999999999999158,121.0999999999995396,5.6052255630493164
14.1999999999999158,121.3999999999995225,4.7239298820495605
14.1999999999999158,121.4999999999995168,3.9922425746917725
14.1999999999999158,121.5999999999995111,5.9815268516540527
14.1999999999999158,121.6999999999995055,8.4564619064331055
14.1999999999999158,121.9999999999994884,10.5405979156494141
14.1999999999999158,122.3999999999994657,5.9444589614868164
14.1999999999999158,122.4999999999994600,6.0745253562927246
14.1999999999999158,122.5999999999994543,5.9364647865295410
14.1999999999999158,122.6999999999994486,6.1575365066528320
14.1999999999999158,122.7999999999994429,6.5452151298522949
14.1999999999999158,122.8999999999994373,6.7508001327514648
14.0999999999999162,120.5999999999995680,8.5484075546264648
14.0999999999999162,120.6999999999995623,7.7748346328735352
14.0999999999999162,120.7999999999995566,6.5795378684997559
14.0999999999999162,120.8999999999995509,5.4149236679077148
14.0999999999999162,120.9999999999995453,5.0099983215332031
14.0999999999999162,121.0999999999995396,5.0228352546691895
14.0999999999999162,121.1999999999995339,5.2598772048950195
14.0999999999999162,121.2999999999995282,4.7185573577880859
14.0999999999999162,121.3999999999995225,3.9821820259094238
14.0999999999999162,121.4999999999995168,3.8673641681671143
14.0999999999999162,121.5999999999995111,5.5985569953918457
14.0999999999999162,121.6999999999995055,7.9894385337829590
14.0999999999999162,121.7999999999994998,9.8720607757568359
14.0999999999999162,122.0999999999994827,8.2879476547241211
14.0999999999999162,122.2999999999994714,5.9063086509704590
14.0999999999999162,122.3999999999994657,5.2884225845336914
14.0999999999999162,122.4999999999994600,5.2480363845825195
14.0999999999999162,122.5999999999994543,5.2195415496826172
14.0999999999999162,122.6999999999994486,5.2719011306762695
14.0999999999999162,122.7999999999994429,5.6656002998352051
14.0999999999999162,122.8999999999994373,6.2934179306030273
14.0999999999999162,122.9999999999994316,7.2685313224792480
13.9999999999999165,120.6999999999995623,8.4932498931884766
13.9999999999999165,120.7999999999995566,7.2412486076354980
13.9999999999999165,120.8999999999995509,6.1296987533569336
13.9999999999999165,120.9999999999995453,5.3280076980590820
13.9999999999999165,121.0999999999995396,4.8071131706237793
13.9999999999999165,121.1999999999995339,4.2875499725341797
13.9999999999999165,121.2999999999995282,4.0246033668518066
13.9999999999999165,121.3999999999995225,3.7992451190948486
13.9999999999999165,121.4999999999995168,3.7963068485260010
13.9999999999999165,121.5999999999995111,5.4215002059936523
13.9999999999999165,121.6999999999995055,7.6238651275634766
13.9999999999999165,121.7999999999994998,9.1203460693359375
13.9999999999999165,121.8999999999994941,8.5616168975830078
13.9999999999999165,122.3999999999994657,4.7326774597167969
13.9999999999999165,122.4999999999994600,5.1174035072326660
13.9999999999999165,122.5999999999994543,5.5111427307128906
13.9999999999999165,122.6999999999994486,5.5433111190795898
13.9999999999999165,122.7999999999994429,5.4337058067321777
13.9999999999999165,122.8999999999994373,5.8430619239807129
13.9999999999999165,122.9999999999994316,7.5803861618041992
13.9999999999999165,123.2999999999994145,10.1591367721557617
13.9999999999999165,124.1999999999993634,8.8074874877929688
13.9999999999999165,124.2999999999993577,7.5465245246887207
13.8999999999999169,120.5999999999995680,9.8598327636718750
13.8999999999999169,120.9999999999995453,5.7216157913208008
13.8999999999999169,121.0999999999995396,4.6451158523559570
13.8999999999999169,121.1999999999995339,3.5695767402648926
13.8999999999999169,121.2999999999995282,3.4836938381195068
13.8999999999999169,121.3999999999995225,3.5883934497833252
13.8999999999999169,121.4999999999995168,4.0480265617370605
13.8999999999999169,121.9999999999994884,7.1478662490844727
13.8999999999999169,122.0999999999994827,6.1427354812622070
13.8999999999999169,122.1999999999994770,5.2359380722045898
13.8999999999999169,122.2999999999994714,4.4653172492980957
13.8999999999999169,122.3999999999994657,4.7559928894042969
13.8999999999999169,122.6999999999994486,5.9646730422973633
13.8999999999999169,122.7999999999994429,5.7688179016113281
13.8999999999999169,122.8999999999994373,5.9578137397766113
13.8999999999999169,122.9999999999994316,7.2359418869018555
13.8999999999999169,123.3999999999994088,7.5883979797363281
13.8999999999999169,123.4999999999994031,6.8269338607788086
13.8999999999999169,123.5999999999993975,7.5070056915283203
13.8999999999999169,123.6999999999993918,8.3833265304565430
13.8999999999999169,124.1999999999993634,8.3607034683227539
13.8999999999999169,124.2999999999993577,7.0260858535766602
13.7999999999999172,120.0999999999995964,9.7479476928710938
13.7999999999999172,120.1999999999995907,10.0012149810791016
13.7999999999999172,120.8999999999995509,6.8044204711914062
13.7999999999999172,120.9999999999995453,5.8427820205688477
13.7999999999999172,121.0999999999995396,4.4765925407409668
13.7999999999999172,121.1999999999995339,3.1962649822235107
13.7999999999999172,121.2999999999995282,3.2082192897796631
13.7999999999999172,121.3999999999995225,3.6306560039520264
13.7999999999999172,121.9999999999994884,6.7133288383483887
13.7999999999999172,122.0999999999994827,6.0557003021240234
13.7999999999999172,122.1999999999994770,5.5202083587646484
13.7999999999999172,122.2999999999994714,5.3020777702331543
13.7999999999999172,122.3999999999994657,5.6545310020446777
13.7999999999999172,122.7999999999994429,6.2176661491394043
13.7999999999999172,122.8999999999994373,6.0765795707702637
13.7999999999999172,122.9999999999994316,6.9695739746093750
13.7999999999999172,123.2999999999994145,7.2910242080688477
13.7999999999999172,123.3999999999994088,6.3734402656555176
13.7999999999999172,123.4999999999994031,5.7177858352661133
13.7999999999999172,123.5999999999993975,6.6022496223449707
13.7999999999999172,123.6999999999993918,7.8076958656311035
13.7999999999999172,123.7999999999993861,8.9431629180908203
13.7999999999999172,124.1999999999993634,8.1909666061401367
13.7999999999999172,124.2999999999993577,6.8764920234680176
13.6999999999999176,121.0999999999995396,4.4714884757995605
13.6999999999999176,121.1999999999995339,3.1601321697235107
13.6999999999999176,121.2999999999995282,3.1300594806671143
13.6999999999999176,121.3999999999995225,3.6398365497589111
13.6999999999999176,122.1999999999994770,5.7778859138488770
13.6999999999999176,122.2999999999994714,6.3164877891540527
13.6999999999999176,122.3999999999994657,6.8396825790405273
13.6999999999999176,122.8999999999994373,6.2593517303466797
13.6999999999999176,122.9999999999994316,6.7085809707641602
13.6999999999999176,123.0999999999994259,7.3888583183288574
13.6999999999999176,123.1999999999994202,7.9627580642700195
13.6999999999999176,123.2999999999994145,6.6091251373291016
13.6999999999999176,123.3999999999994088,5.1946096420288086
13.6999999999999176,123.4999999999994031,4.7417440414428711
13.6999999999999176,124.0999999999993690,9.3932981491088867
13.6999999999999176,124.1999999999993634,8.0317764282226562
13.6999999999999176,124.2999999999993577,6.9058051109313965
13.5999999999999179,122.2999999999994714,7.3122529983520508
13.5999999999999179,122.3999999999994657,7.9186425209045410
13.5999999999999179,122.4999999999994600,8.3263483047485352
13.5999999999999179,122.8999999999994373,6.9321980476379395
13.5999999999999179,122.9999999999994316,7.1682457923889160
13.5999999999999179,123.0999999999994259,7.5495710372924805
13.5999999999999179,123.1999999999994202,7.5182976722717285
13.5999999999999179,123.2999999999994145,6.1185417175292969
13.5999999999999179,123.3999999999994088,4.5025982856750488
13.5999999999999179,123.4999999999994031,3.8273289203643799
13.5999999999999179,124.1999999999993634,8.1967706680297852
13.5999999999999179,124.2999999999993577,7.1210684776306152
13.4999999999999183,120.6999999999995623,6.1721343994140625
13.4999999999999183,120.7999999999995566,5.5005578994750977
13.4999999999999183,121.8999999999994941,6.4896817207336426
13.4999999999999183,121.9999999999994884,6.0734658241271973
13.4999999999999183,122.4999999999994600,8.7217454910278320
13.4999999999999183,122.5999999999994543,9.0578384399414062
13.4999999999999183,123.1999999999994202,9.4144945144653320
13.4999999999999183,123.2999999999994145,7.1571044921875000
13.4999999999999183,123.3999999999994088,4.8757452964782715
13.4999999999999183,123.4999999999994031,3.5971665382385254
13.4999999999999183,123.5999999999993975,4.0105719566345215
13.3999999999999186,120.4999999999995737,7.4355440139770508
13.3999999999999186,120.5999999999995680,6.2544245719909668
13.3999999999999186,120.6999999999995623,5.0717015266418457
13.3999999999999186,120.7999999999995566,4.2214250564575195
13.3999999999999186,120.8999999999995509,3.6112058162689209
13.3999999999999186,120.9999999999995453,2.9964597225189209
13.3999999999999186,121.0999999999995396,2.2888698577880859
13.3999999999999186,121.1999999999995339,1.9332354068756104
13.3999999999999186,121.7999999999994998,6.9277634620666504
13.3999999999999186,121.8999999999994941,6.7716822624206543
13.3999999999999186,121.9999999999994884,6.5309348106384277
13.3999999999999186,122.0999999999994827,6.7427363395690918
13.3999999999999186,122.4999999999994600,9.3345851898193359
13.3999999999999186,122.5999999999994543,9.4008111953735352
13.3999999999999186,123.1999999999994202,10.2075195312500000
13.3999999999999186,123.2999999999994145,8.2370176315307617
13.3999999999999186,123.3999999999994088,5.5019631385803223
13.3999999999999186,123.4999999999994031,3.6103608608245850
13.3999999999999186,123.5999999999993975,3.6378169059753418
13.2999999999999190,120.5999999999995680,5.9047107696533203
13.2999999999999190,120.6999999999995623,4.6259765625000000
13.2999999999999190,120.7999999999995566,3.6729748249053955
13.2999999999999190,120.8999999999995509,2.8430304527282715
13.2999999999999190,120.9999999999995453,2.3687734603881836
13.2999999999999190,121.0999999999995396,2.0006768703460693
13.2999999999999190,121.1999999999995339,1.9513572454452515
13.2999999999999190,121.2999999999995282,2.4161474704742432
13.2999999999999190,121.8999999999994941,7.3540029525756836
13.2999999999999190,121.9999999999994884,7.4961905479431152
13.2999999999999190,122.5999999999994543,10.0122089385986328
13.2999999999999190,123.2999999999994145,8.9737749099731445
13.2999999999999190,123.4999999999994031,4.1114063262939453
13.2999999999999190,123.5999999999993975,3.6897664070129395
13.2999999999999190,123.6999999999993918,3.8579459190368652
13.2999999999999190,123.8999999999993804,6.2395434379577637
13.1999999999999194,120.6999999999995623,5.4674668312072754
13.1999999999999194,120.7999999999995566,4.3357214927673340
13.1999999999999194,120.8999999999995509,3.2233920097351074
13.1999999999999194,120.9999999999995453,2.5454781055450439
13.1999999999999194,121.0999999999995396,2.1047663688659668
13.1999999999999194,121.1999999999995339,1.8363953828811646
13.1999999999999194,121.3999999999995225,2.3265244960784912
13.1999999999999194,123.2999999999994145,9.1678495407104492
13.1999999999999194,123.3999999999994088,6.7460684776306152
13.1999999999999194,123.4999999999994031,4.9069952964782715
13.1999999999999194,123.5999999999993975,4.8040304183959961
13.1999999999999194,123.6999999999993918,4.7006726264953613
13.0999999999999197,120.6999999999995623,5.7270231246948242
13.0999999999999197,120.7999999999995566,4.9993715286254883
13.0999999999999197,120.8999999999995509,3.7285065650939941
13.0999999999999197,120.9999999999995453,2.8808190822601318
13.0999999999999197,121.0999999999995396,2.3539395332336426
13.0999999999999197,121.1999999999995339,1.9285612106323242
13.0999999999999197,121.2999999999995282,1.7219864130020142
13.0999999999999197,121.3999999999995225,1.6830359697341919
13.0999999999999197,121.4999999999995168,1.9847317934036255
13.0999999999999197,122.9999999999994316,12.6206750869750977
13.0999999999999197,123.3999999999994088,7.5273690223693848
13.0999999999999197,123.4999999999994031,6.1700677871704102
13.0999999999999197,123.5999999999993975,5.9622459411621094
13.0999999999999197,123.6999999999993918,5.9060678482055664
13.0999999999999197,123.7999999999993861,6.4803824424743652
13.0999999999999197,123.8999999999993804,7.7658514976501465
12.9999999999999201,120.7999999999995566,5.3188877105712891
12.9999999999999201,120.8999999999995509,4.2206420898437500
12.9999999999999201,120.9999999999995453,3.3283607959747314
12.9999999999999201,121.0999999999995396,2.7668859958648682
12.9999999999999201,121.1999999999995339,2.3409252166748047
12.9999999999999201,121.2999999999995282,1.9977060556411743
12.9999999999999201,121.3999999999995225,1.8811624050140381
12.9999999999999201,122.9999999999994316,12.9197015762329102
12.9999999999999201,123.0999999999994259,12.3132333755493164
12.9999999999999201,123.4999999999994031,7.5174012184143066
12.9999999999999201,123.5999999999993975,7.6212391853332520
12.9999999999999201,123.6999999999993918,7.4355282783508301
12.9999999999999201,123.7999999999993861,7.5932531356811523
12.9999999999999201,123.8999999999993804,7.9638967514038086
12.9999999999999201,123.9999999999993747,8.3295412063598633
12.9999999999999201,124.0999999999993690,8.9918565750122070
12.8999999999999204,120.7999999999995566,5.8425421714782715
12.8999999999999204,120.8999999999995509,4.7270526885986328
12.8999999999999204,120.9999999999995453,3.8284370899200439
12.8999999999999204,121.0999999999995396,3.2556979656219482
12.8999999999999204,121.1999999999995339,2.8062341213226318
12.8999999999999204,121.2999999999995282,2.8225715160369873
12.8999999999999204,121.3999999999995225,3.1535367965698242
12.8999999999999204,121.4999999999995168,3.4910678863525391
12.8999999999999204,123.1999999999994202,11.8070259094238281
12.8999999999999204,123.7999999999993861,8.6406497955322266
12.8999999999999204,124.0999999999993690,7.6665115356445312
12.7999999999999208,120.7999999999995566,6.4860873222351074
12.7999999999999208,120.8999999999995509,5.2850346565246582
12.7999999999999208,120.9999999999995453,4.3934044837951660
12.7999999999999208,121.0999999999995396,3.8240065574645996
12.7999999999999208,121.1999999999995339,3.3960983753204346
12.7999999999999208,121.2999999999995282,3.7951040267944336
12.7999999999999208,121.3999999999995225,4.5519447326660156
12.7999999999999208,123.8999999999993804,7.9712510108947754
12.7999999999999208,123.9999999999993747,6.4997859001159668
12.7999999999999208,124.0999999999993690,7.0594730377197266
12.6999999999999211,120.8999999999995509,6.0594372749328613
12.6999999999999211,120.9999999999995453,5.3083190917968750
12.6999999999999211,121.0999999999995396,4.8269829750061035
12.6999999999999211,121.1999999999995339,4.4237623214721680
12.6999999999999211,121.2999999999995282,5.1652917861938477
12.6999999999999211,121.3999999999995225,6.2894601821899414
12.6999999999999211,121.4999999999995168,7.3309340476989746
12.6999999999999211,123.8999999999993804,8.3431444168090820
12.6999999999999211,123.9999999999993747,7.1153616905212402
12.6999999999999211,124.0999999999993690,7.3725652694702148
12.5999999999999215,120.9999999999995453,6.3697509765625000
12.5999999999999215,121.0999999999995396,5.9907789230346680
12.5999999999999215,121.1999999999995339,5.7227592468261719
12.5999999999999215,121.2999999999995282,6.7491989135742188
12.5999999999999215,121.3999999999995225,8.2187166213989258
12.5999999999999215,121.4999999999995168,9.3123340606689453
12.5999999999999215,122.0999999999994827,10.0929822921752930
12.5999999999999215,123.9999999999993747,8.1397571563720703
12.4999999999999218,120.9999999999995453,7.3884115219116211
12.4999999999999218,121.0999999999995396,7.1112556457519531
12.4999999999999218,121.1999999999995339,6.8505368232727051
12.4999999999999218,121.2999999999995282,8.1406488418579102
12.4999999999999218,121.3999999999995225,9.6669168472290039
12.4999999999999218,121.9999999999994884,9.6188354492187500
12.4999999999999218,122.4999999999994600,12.5433597564697266
12.4999999999999218,122.5999999999994543,13.0475263595581055
12.4999999999999218,123.2999999999994145,10.9848270416259766
12.4999999999999218,123.3999999999994088,10.5390291213989258
12.4999999999999218,123.4999999999994031,10.2920427322387695
12.4999999999999218,123.6999999999993918,9.4470005035400391
12.4999999999999218,124.2999999999993577,10.6441774368286133
12.4999999999999218,124.3999999999993520,9.2917079925537109
12.4999999999999218,124.4999999999993463,7.6678643226623535
12.4999999999999218,124.5999999999993406,6.3358554840087891
12.4999999999999218,124.6999999999993349,5.8810009956359863
12.4999999999999218,124.7999999999993292,5.6706867218017578
12.4999999999999218,124.8999999999993236,5.5663008689880371
12.4999999999999218,124.9999999999993179,5.4708509445190430
12.4999999999999218,125.0999999999993122,5.4000630378723145
12.4999999999999218,125.1999999999993065,5.5679411888122559
12.3999999999999222,120.9999999999995453,8.1236047744750977
12.3999999999999222,121.0999999999995396,7.9643173217773438
12.3999999999999222,121.1999999999995339,7.9799437522888184
12.3999999999999222,121.2999999999995282,9.0109968185424805
12.3999999999999222,121.9999999999994884,10.5687170028686523
12.3999999999999222,122.0999999999994827,10.0450220108032227
12.3999999999999222,122.4999999999994600,12.5674962997436523
12.3999999999999222,122.5999999999994543,12.8027219772338867
12.3999999999999222,123.2999999999994145,10.2616176605224609
12.3999999999999222,123.3999999999994088,9.7775764465332031
12.3999999999999222,123.4999999999994031,9.2787437438964844
12.3999999999999222,124.3999999999993520,8.8118581771850586
12.3999999999999222,124.4999999999993463,7.2102308273315430
12.3999999999999222,124.5999999999993406,5.7786502838134766
12.3999999999999222,124.6999999999993349,5.5933251380920410
12.3999999999999222,124.7999999999993292,5.4352092742919922
12.3999999999999222,124.8999999999993236,5.2823710441589355
12.3999999999999222,124.9999999999993179,5.1373434066772461
12.3999999999999222,125.0999999999993122,4.9986538887023926
12.3999999999999222,125.1999999999993065,5.1926288604736328
12.2999999999999226,119.8999999999996078,10.6822195053100586
12.2999999999999226,121.1999999999995339,9.2961502075195312
12.2999999999999226,121.9999999999994884,11.2712039947509766
12.2999999999999226,123.2999999999994145,9.6410846710205078
12.2999999999999226,123.3999999999994088,8.7936248779296875
12.2999999999999226,123.4999999999994031,8.0168848037719727
12.2999999999999226,123.5999999999993975,7.4468030929565430
12.2999999999999226,123.6999999999993918,7.1955699920654297
12.2999999999999226,124.3999999999993520,8.5303850173950195
12.2999999999999226,124.4999999999993463,6.7111783027648926
12.2999999999999226,124.5999999999993406,5.3508558273315430
12.2999999999999226,124.6999999999993349,5.1671361923217773
12.2999999999999226,124.7999999999993292,5.1359658241271973
12.2999999999999226,124.8999999999993236,5.0609035491943359
12.2999999999999226,124.9999999999993179,4.8401045799255371
12.2999999999999226,125.0999999999993122,4.6227869987487793
12.2999999999999226,125.1999999999993065,4.7669181823730469
12.2999999999999226,125.2999999999993008,5.3629765510559082
12.1999999999999229,119.8999999999996078,10.7837162017822266
12.1999999999999229,119.9999999999996021,10.8102350234985352
12.1999999999999229,121.9999999999994884,11.9296960830688477
12.1999999999999229,123.2999999999994145,9.4354648590087891
12.1999999999999229,123.3999999999994088,8.6086616516113281
12.1999999999999229,123.5999999999993975,7.0832076072692871
12.1999999999999229,123.6999999999993918,6.8606133460998535
12.1999999999999229,123.7999999999993861,7.2469563484191895
12.1999999999999229,123.8999999999993804,7.9025835990905762
12.1999999999999229,124.3999999999993520,7.9782886505126953
12.1999999999999229,124.4999999999993463,6.7477140426635742
12.1999999999999229,124.5999999999993406,5.2347755432128906
12.1999999999999229,124.6999999999993349,5.0998167991638184
12.1999999999999229,124.7999999999993292,5.0346322059631348
12.1999999999999229,124.8999999999993236,4.8967494964599609
12.1999999999999229,124.9999999999993179,4.6042160987854004
12.1999999999999229,125.0999999999993122,4.2969136238098145
12.1999999999999229,125.1999999999993065,4.4253215789794922
12.1999999999999229,125.2999999999993008,4.9508752822875977
12.1999999999999229,125.3999999999992951,5.5919957160949707
12.1999999999999229,125.4999999999992895,6.1650705337524414
12.0999999999999233,119.9999999999996021,10.9008464813232422
12.0999999999999233,120.0999999999995964,10.9466438293457031
12.0999999999999233,120.1999999999995907,10.8094167709350586
12.0999999999999233,120.2999999999995850,10.6788768768310547
12.0999999999999233,123.2999999999994145,9.9779548645019531
12.0999999999999233,123.6999999999993918,7.8662834167480469
12.0999999999999233,123.7999999999993861,8.1843051910400391
12.0999999999999233,123.8999999999993804,9.0048875808715820
12.0999999999999233,124.4999999999993463,7.4866557121276855
12.0999999999999233,124.5999999999993406,6.6230602264404297
12.0999999999999233,124.6999999999993349,6.0032167434692383
12.0999999999999233,124.7999999999993292,5.4316115379333496
12.0999999999999233,124.8999999999993236,4.8939976692199707
12.0999999999999233,124.9999999999993179,4.4766178131103516
12.0999999999999233,125.0999999999993122,4.0632915496826172
12.0999999999999233,125.1999999999993065,4.0114760398864746
12.0999999999999233,125.2999999999993008,4.4859614372253418
12.0999999999999233,125.3999999999992951,4.9727768898010254
11.9999999999999236,123.1999999999994202,11.0577325820922852
11.9999999999999236,123.7999999999993861,9.4762258529663086
11.9999999999999236,123.8999999999993804,9.6071643829345703
11.9999999999999236,123.9999999999993747,9.7406892776489258
11.9999999999999236,124.6999999999993349,6.5441279411315918
11.9999999999999236,124.7999999999993292,5.8138160705566406
11.9999999999999236,124.8999999999993236,4.9026508331298828
11.9999999999999236,124.9999999999993179,4.3630380630493164
11.9999999999999236,125.0999999999993122,3.8316345214843750
11.9999999999999236,125.1999999999993065,3.7022879123687744
11.9999999999999236,125.2999999999993008,4.0419812202453613
11.9999999999999236,125.3999999999992951,4.4997239112854004
11.8999999999999240,121.9999999999994884,12.9982452392578125
11.8999999999999240,123.7999999999993861,10.1603956222534180
11.8999999999999240,123.8999999999993804,9.9637393951416016
11.8999999999999240,123.9999999999993747,9.6959180831909180
11.8999999999999240,124.7999999999993292,6.0962080955505371
11.8999999999999240,124.8999999999993236,4.9118170738220215
11.8999999999999240,124.9999999999993179,4.2886800765991211
11.8999999999999240,125.0999999999993122,3.7029061317443848
11.8999999999999240,125.1999999999993065,3.5268843173980713
11.8999999999999240,125.2999999999993008,3.8779728412628174
11.7999999999999243,121.8999999999994941,12.0664997100830078
11.7999999999999243,121.9999999999994884,12.3446416854858398
11.7999999999999243,122.0999999999994827,11.4099779129028320
11.7999999999999243,122.1999999999994770,9.3902254104614258
11.7999999999999243,124.2999999999993577,10.1466436386108398
11.7999999999999243,124.8999999999993236,4.8912811279296875
11.7999999999999243,124.9999999999993179,4.2929115295410156
11.7999999999999243,125.0999999999993122,3.7130377292633057
11.7999999999999243,125.1999999999993065,3.5257835388183594
11.7999999999999243,125.2999999999993008,3.8350794315338135
11.7999999999999243,125.3999999999992951,4.1128206253051758
11.6999999999999247,119.9999999999996021,11.4171466827392578
11.6999999999999247,122.0999999999994827,10.1262207031250000
11.6999999999999247,122.1999999999994770,8.5698099136352539
11.6999999999999247,122.2999999999994714,6.7662568092346191
11.6999999999999247,122.3999999999994657,5.8889198303222656
11.6999999999999247,124.9999999999993179,4.3258962631225586
11.6999999999999247,125.0999999999993122,3.7678902149200439
11.6999999999999247,125.1999999999993065,3.5306730270385742
11.6999999999999247,125.2999999999993008,3.7855637073516846
11.6999999999999247,125.3999999999992951,4.0398740768432617
11.5999999999999250,122.1999999999994770,7.1655006408691406
11.5999999999999250,122.2999999999994714,5.5263743400573730
11.5999999999999250,122.6999999999994486,5.5527114868164062
11.5999999999999250,124.4999999999993463,9.9352359771728516
11.5999999999999250,125.0999999999993122,3.6637735366821289
11.5999999999999250,125.1999999999993065,3.4549946784973145
11.5999999999999250,125.2999999999993008,3.6964325904846191
11.5999999999999250,125.3999999999992951,3.9527902603149414
11.4999999999999254,122.0999999999994827,6.4439468383789062
11.4999999999999254,122.1999999999994770,5.4895524978637695
11.4999999999999254,122.2999999999994714,4.4271407127380371
11.4999999999999254,122.3999999999994657,3.9500932693481445
11.4999999999999254,122.4999999999994600,4.1133971214294434
11.4999999999999254,122.5999999999994543,4.3513674736022949
11.4999999999999254,122.6999999999994486,5.2290678024291992
11.4999999999999254,122.7999999999994429,6.2997083663940430
11.4999999999999254,123.0999999999994259,9.2983493804931641
11.4999999999999254,124.3999999999993520,10.1484880447387695
11.4999999999999254,124.4999999999993463,9.3345012664794922
11.4999999999999254,124.8999999999993236,4.1989626884460449
11.4999999999999254,124.9999999999993179,3.8723025321960449
11.4999999999999254,125.0999999999993122,3.3998825550079346
11.4999999999999254,125.1999999999993065,3.3049304485321045
11.4999999999999254,125.2999999999993008,3.5845508575439453
11.4999999999999254,125.3999999999992951,3.8811302185058594
11.4999999999999254,125.4999999999992895,4.5790600776672363
11.3999999999999257,122.0999999999994827,5.0823826789855957
11.3999999999999257,122.1999999999994770,4.0262846946716309
11.3999999999999257,122.2999999999994714,3.3706164360046387
11.3999999999999257,122.3999999999994657,3.2300920486450195
11.3999999999999257,122.4999999999994600,3.6034862995147705
11.3999999999999257,122.5999999999994543,4.0830769538879395
11.3999999999999257,122.6999999999994486,4.8913741111755371
11.3999999999999257,122.7999999999994429,5.8972392082214355
11.3999999999999257,122.8999999999994373,6.8806715011596680
11.3999999999999257,122.9999999999994316,7.7929663658142090
11.3999999999999257,123.0999999999994259,9.4820241928100586
11.3999999999999257,124.2999999999993577,10.3625888824462891
11.3999999999999257,124.3999999999993520,9.7884578704833984
11.3999999999999257,124.4999999999993463,8.9529447555541992
11.3999999999999257,124.8999999999993236,3.8168885707855225
11.3999999999999257,124.9999999999993179,3.4973237514495850
11.3999999999999257,125.0999999999993122,3.2120008468627930
11.3999999999999257,125.1999999999993065,3.2496442794799805
11.3999999999999257,125.2999999999993008,3.5496094226837158
11.3999999999999257,125.3999999999992951,3.9398050308227539
11.3999999999999257,125.4999999999992895,4.8047943115234375
11.2999999999999261,119.4999999999996305,9.9331045150756836
11.2999999999999261,122.0999999999994827,4.1281738281250000
11.2999999999999261,122.1999999999994770,3.4705188274383545
11.2999999999999261,122.2999999999994714,3.0489618778228760
11.2999999999999261,122.3999999999994657,3.0563938617706299
11.2999999999999261,122.4999999999994600,3.5406980514526367
11.2999999999999261,122.5999999999994543,4.1321296691894531
11.2999999999999261,122.6999999999994486,5.0244555473327637
11.2999999999999261,122.7999999999994429,6.0649971961975098
11.2999999999999261,122.8999999999994373,7.0889811515808105
11.2999999999999261,122.9999999999994316,7.9324636459350586
11.2999999999999261,123.0999999999994259,8.8901243209838867
11.2999999999999261,124.3999999999993520,9.1925554275512695
11.2999999999999261,124.4999999999993463,8.2638015747070312
11.2999999999999261,124.5999999999993406,7.1770324707031250
11.2999999999999261,124.6999999999993349,5.6358647346496582
11.2999999999999261,124.7999999999993292,4.3286437988281250
11.2999999999999261,124.8999999999993236,3.3034923076629639
11.2999999999999261,125.1999999999993065,3.6646664142608643
11.2999999999999261,125.2999999999993008,4.0142555236816406
11.2999999999999261,125.3999999999992951,4.3815689086914062
11.2999999999999261,125.4999999999992895,5.1862072944641113
11.1999999999999265,119.4999999999996305,8.6757650375366211
11.1999999999999265,122.0999999999994827,3.7166113853454590
11.1999999999999265,122.1999999999994770,3.3559989929199219
11.1999999999999265,122.2999999999994714,3.0273959636688232
11.1999999999999265,122.3999999999994657,3.1342914104461670
11.1999999999999265,122.4999999999994600,3.6873893737792969
11.1999999999999265,122.5999999999994543,4.3879594802856445
11.1999999999999265,122.6999999999994486,5.3674144744873047
11.1999999999999265,122.7999999999994429,6.4884376525878906
11.1999999999999265,122.8999999999994373,7.5328130722045898
11.1999999999999265,122.9999999999994316,8.1797666549682617
11.1999999999999265,123.7999999999993861,7.7727179527282715
11.1999999999999265,123.9999999999993747,9.1536970138549805
11.1999999999999265,124.3999999999993520,8.8048124313354492
11.1999999999999265,124.4999999999993463,7.6391415596008301
11.1999999999999265,124.5999999999993406,6.3732109069824219
11.1999999999999265,124.6999999999993349,4.8996119499206543
11.1999999999999265,124.7999999999993292,3.5832364559173584
11.1999999999999265,124.8999999999993236,2.7127127647399902
11.1999999999999265,124.9999999999993179,3.0228164196014404
11.1999999999999265,125.1999999999993065,4.2584242820739746
11.1999999999999265,125.2999999999993008,4.6945104598999023
11.1999999999999265,125.3999999999992951,5.1230864524841309
11.1999999999999265,125.4999999999992895,5.9422974586486816
11.0999999999999268,119.4999999999996305,7.6414923667907715
11.0999999999999268,122.0999999999994827,3.6283466815948486
11.0999999999999268,122.1999999999994770,3.3318555355072021
11.0999999999999268,122.2999999999994714,3.1524348258972168
11.0999999999999268,122.3999999999994657,3.4181540012359619
11.0999999999999268,122.4999999999994600,3.9219548702239990
11.0999999999999268,122.5999999999994543,4.6738829612731934
11.0999999999999268,122.6999999999994486,5.7497563362121582
11.0999999999999268,122.7999999999994429,7.0584650039672852
11.0999999999999268,122.8999999999994373,8.3005151748657227
11.0999999999999268,124.3999999999993520,8.1701545715332031
11.0999999999999268,124.4999999999993463,7.2075915336608887
11.0999999999999268,124.5999999999993406,5.9112486839294434
11.0999999999999268,124.6999999999993349,4.3921871185302734
11.0999999999999268,124.7999999999993292,3.0786342620849609
11.0999999999999268,124.8999999999993236,2.4048345088958740
11.0999999999999268,124.9999999999993179,2.9893193244934082
11.0999999999999268,125.4999999999992895,6.5053262710571289
10.9999999999999272,119.3999999999996362,8.4570503234863281
10.9999999999999272,122.0999999999994827,3.8637034893035889
10.9999999999999272,122.1999999999994770,3.6774706840515137
10.9999999999999272,122.2999999999994714,3.4984900951385498
10.9999999999999272,122.3999999999994657,3.8222804069519043
10.9999999999999272,122.4999999999994600,4.3660659790039062
10.9999999999999272,122.5999999999994543,5.1402010917663574
10.9999999999999272,122.6999999999994486,6.3124337196350098
10.9999999999999272,122.7999999999994429,7.5102448463439941
10.9999999999999272,123.9999999999993747,9.0659008026123047
10.9999999999999272,124.4999999999993463,7.4729895591735840
10.9999999999999272,124.5999999999993406,6.2580118179321289
10.9999999999999272,124.6999999999993349,4.7525882720947266
10.9999999999999272,124.7999999999993292,3.4400250911712646
10.9999999999999272,124.8999999999993236,2.7763757705688477
10.9999999999999272,124.9999999999993179,3.2986285686492920
10.8999999999999275,119.3999999999996362,7.9444699287414551
10.8999999999999275,119.4999999999996305,6.6359176635742188
10.8999999999999275,121.9999999999994884,4.9311800003051758
10.8999999999999275,122.0999999999994827,4.2681107521057129
10.8999999999999275,122.1999999999994770,4.1743884086608887
10.8999999999999275,122.2999999999994714,4.1832771301269531
10.8999999999999275,122.3999999999994657,4.4964184761047363
10.8999999999999275,122.4999999999994600,5.0953440666198730
10.8999999999999275,122.5999999999994543,5.9295368194580078
10.8999999999999275,122.6999999999994486,7.0489563941955566
10.8999999999999275,123.1999999999994202,6.0798568725585938
10.8999999999999275,123.2999999999994145,5.3948216438293457
10.8999999999999275,123.3999999999994088,5.0330429077148438
10.8999999999999275,123.9999999999993747,9.0333013534545898
10.8999999999999275,124.4999999999993463,7.6730775833129883
10.8999999999999275,124.7999999999993292,4.0247445106506348
10.8999999999999275,124.8999999999993236,3.2536163330078125
10.8999999999999275,124.9999999999993179,3.5417764186859131
10.7999999999999279,119.2999999999996419,9.9155988693237305
10.7999999999999279,119.3999999999996362,8.2862234115600586
10.7999999999999279,119.4999999999996305,5.6786541938781738
10.7999999999999279,121.9999999999994884,5.5367345809936523
10.7999999999999279,122.0999999999994827,4.7451763153076172
10.7999999999999279,122.1999999999994770,4.8656539916992188
10.7999999999999279,122.2999999999994714,5.0281033515930176
10.7999999999999279,122.3999999999994657,5.4167871475219727
10.7999999999999279,122.4999999999994600,6.0438456535339355
10.7999999999999279,122.9999999999994316,8.0681066513061523
10.7999999999999279,123.0999999999994259,6.4450063705444336
10.7999999999999279,123.1999999999994202,5.0999388694763184
10.7999999999999279,123.2999999999994145,4.6659440994262695
10.7999999999999279,123.3999999999994088,4.5943694114685059
10.7999999999999279,123.4999999999994031,4.9141225814819336
10.7999999999999279,123.8999999999993804,8.3850593566894531
10.7999999999999279,123.9999999999993747,8.8360662460327148
10.7999999999999279,124.8999999999993236,3.6486706733703613
10.6999999999999282,119.3999999999996362,7.0333752632141113
10.6999999999999282,119.4999999999996305,5.8307862281799316
10.6999999999999282,119.5999999999996248,6.0240583419799805
10.6999999999999282,121.9999999999994884,5.9653391838073730
10.6999999999999282,122.0999999999994827,5.3659238815307617
10.6999999999999282,122.1999999999994770,5.6972832679748535
10.6999999999999282,122.2999999999994714,5.8218975067138672
10.6999999999999282,122.3999999999994657,6.1934609413146973
10.6999999999999282,122.4999999999994600,6.6060442924499512
10.6999999999999282,122.5999999999994543,7.2845635414123535
10.6999999999999282,122.6999999999994486,7.5889348983764648
10.6999999999999282,122.9999999999994316,7.0387544631958008
10.6999999999999282,123.0999999999994259,5.5050659179687500
10.6999999999999282,123.1999999999994202,4.5516409873962402
10.6999999999999282,123.2999999999994145,4.4016556739807129
10.6999999999999282,123.3999999999994088,4.8770499229431152
10.6999999999999282,123.4999999999994031,5.1002197265625000
10.6999999999999282,123.8999999999993804,7.9494500160217285
10.6999999999999282,124.7999999999993292,3.9349315166473389
10.6999999999999282,124.8999999999993236,3.2666261196136475
10.6999999999999282,124.9999999999993179,3.3989577293395996
10.6999999999999282,125.7999999999992724,8.4371910095214844
10.5999999999999286,119.3999999999996362,6.6807689666748047
10.5999999999999286,119.4999999999996305,5.6634917259216309
10.5999999999999286,119.5999999999996248,6.1028232574462891
10.5999999999999286,119.7999999999996135,8.7011547088623047
10.5999999999999286,119.8999999999996078,9.0172138214111328
10.5999999999999286,121.9999999999994884,6.5257472991943359
10.5999999999999286,122.4999999999994600,8.0020618438720703
10.5999999999999286,122.5999999999994543,7.9278502464294434
10.5999999999999286,122.6999999999994486,7.5558462142944336
10.5999999999999286,122.8999999999994373,6.1570630073547363
10.5999999999999286,122.9999999999994316,5.5576686859130859
10.5999999999999286,123.0999999999994259,4.5015573501586914
10.5999999999999286,123.1999999999994202,3.9276030063629150
10.5999999999999286,123.2999999999994145,4.3496642112731934
10.5999999999999286,123.3999999999994088,5.3837203979492188
10.5999999999999286,123.6999999999993918,6.3402442932128906
10.5999999999999286,123.7999999999993861,6.8293695449829102
10.5999999999999286,123.8999999999993804,7.6086549758911133
10.5999999999999286,123.9999999999993747,8.2934694290161133
10.5999999999999286,124.7999999999993292,3.3027315139770508
10.5999999999999286,124.8999999999993236,2.9903466701507568
10.5999999999999286,124.9999999999993179,3.0126605033874512
10.5999999999999286,125.0999999999993122,3.0796918869018555
10.4999999999999289,119.2999999999996419,7.2881379127502441
10.4999999999999289,119.3999999999996362,6.4386854171752930
10.4999999999999289,119.4999999999996305,5.9325375556945801
10.4999999999999289,119.5999999999996248,6.3402013778686523
10.4999999999999289,119.7999999999996135,8.7724075317382812
10.4999999999999289,119.8999999999996078,9.0886516571044922
10.4999999999999289,121.9999999999994884,7.0869603157043457
10.4999999999999289,122.4999999999994600,8.4882736206054688
10.4999999999999289,122.5999999999994543,8.3868236541748047
10.4999999999999289,122.6999999999994486,7.7825288772583008
10.4999999999999289,122.7999999999994429,6.2114009857177734
10.4999999999999289,122.8999999999994373,5.5184392929077148
10.4999999999999289,122.9999999999994316,4.5243468284606934
10.4999999999999289,123.0999999999994259,3.9260761737823486
10.4999999999999289,123.1999999999994202,3.7245292663574219
10.4999999999999289,123.2999999999994145,4.5333013534545898
10.4999999999999289,123.3999999999994088,5.7678384780883789
10.4999999999999289,123.7999999999993861,6.4421391487121582
10.4999999999999289,123.8999999999993804,7.2703762054443359
10.4999999999999289,123.9999999999993747,8.1472787857055664
10.4999999999999289,124.7999999999993292,3.6442744731903076
10.4999999999999289,124.8999999999993236,2.8948874473571777
10.4999999999999289,124.9999999999993179,3.0151031017303467
10.4999999999999289,125.0999999999993122,3.1385011672973633
10.3999999999999293,119.0999999999996533,6.4769978523254395
10.3999999999999293,119.1999999999996476,6.4493055343627930
10.3999999999999293,119.2999999999996419,6.5116629600524902
10.3999999999999293,119.3999999999996362,6.6800551414489746
10.3999999999999293,119.4999999999996305,6.8541836738586426
10.3999999999999293,122.8999999999994373,5.0722670555114746
10.3999999999999293,122.9999999999994316,4.4133906364440918
10.3999999999999293,123.0999999999994259,3.9412353038787842
10.3999999999999293,123.1999999999994202,3.9297575950622559
10.3999999999999293,123.2999999999994145,4.6175360679626465
10.3999999999999293,123.6999999999993918,5.9230818748474121
10.3999999999999293,123.7999999999993861,6.2177152633666992
10.3999999999999293,123.8999999999993804,6.8890280723571777
10.3999999999999293,123.9999999999993747,7.6428804397583008
10.3999999999999293,124.7999999999993292,3.6143062114715576
10.3999999999999293,124.8999999999993236,3.1384429931640625
10.3999999999999293,124.9999999999993179,3.3619256019592285
10.3999999999999293,125.0999999999993122,3.6612806320190430
10.3999999999999293,125.1999999999993065,4.2364501953125000
10.3999999999999293,125.5999999999992838,8.7096376419067383
10.2999999999999297,118.9999999999996589,5.5766954421997070
10.2999999999999297,119.0999999999996533,5.6299967765808105
10.2999999999999297,119.1999999999996476,5.7048530578613281
10.2999999999999297,119.2999999999996419,5.8265328407287598
10.2999999999999297,122.8999999999994373,4.7279787063598633
10.2999999999999297,122.9999999999994316,4.3053607940673828
10.2999999999999297,123.0999999999994259,4.0050840377807617
10.2999999999999297,123.1999999999994202,4.2299065589904785
10.2999999999999297,123.2999999999994145,4.9938163757324219
10.2999999999999297,123.5999999999993975,6.1830034255981445
10.2999999999999297,123.6999999999993918,5.9022798538208008
10.2999999999999297,123.7999999999993861,6.0174331665039062
10.2999999999999297,124.7999999999993292,3.6654429435729980
10.2999999999999297,124.8999999999993236,3.2873947620391846
10.2999999999999297,125.0999999999993122,4.2390050888061523
10.2999999999999297,125.1999999999993065,4.7485170364379883
10.2999999999999297,125.5999999999992838,8.8196210861206055
10.1999999999999300,118.7999999999996703,6.8100624084472656
10.1999999999999300,118.9999999999996589,5.3249440193176270
10.1999999999999300,119.0999999999996533,5.7305736541748047
10.1999999999999300,119.1999999999996476,6.1100001335144043
10.1999999999999300,122.8999999999994373,4.6476826667785645
10.1999999999999300,122.9999999999994316,4.2524652481079102
10.1999999999999300,123.0999999999994259,4.0582075119018555
10.1999999999999300,123.1999999999994202,4.1350898742675781
10.1999999999999300,123.2999999999994145,4.6136636734008789
10.1999999999999300,123.5999999999993975,5.9922719001770020
10.1999999999999300,123.6999999999993918,5.8210687637329102
10.1999999999999300,124.8999999999993236,4.2250905036926270
10.1999999999999300,125.5999999999992838,8.6399202346801758
10.0999999999999304,118.8999999999996646,6.1572222709655762
10.0999999999999304,118.9999999999996589,6.1246342658996582
10.0999999999999304,119.0999999999996533,6.7822618484497070
10.0999999999999304,119.1999999999996476,7.3855123519897461
10.0999999999999304,122.8999999999994373,4.4301443099975586
10.0999999999999304,122.9999999999994316,4.2279415130615234
10.0999999999999304,123.0999999999994259,4.1148138046264648
10.0999999999999304,123.1999999999994202,4.0633940696716309
10.0999999999999304,123.4999999999994031,5.3841605186462402
10.0999999999999304,123.5999999999993975,5.6757183074951172
10.0999999999999304,124.1999999999993634,5.0697875022888184
10.0999999999999304,124.2999999999993577,4.6401157379150391
10.0999999999999304,124.3999999999993520,5.2281575202941895
10.0999999999999304,125.1999999999993065,6.4423475265502930
10.0999999999999304,125.5999999999992838,8.1452589035034180
9.9999999999999307,118.7999999999996703,6.0989165306091309
9.9999999999999307,118.8999999999996646,6.2636218070983887
9.9999999999999307,118.9999999999996589,6.6954040527343750
9.9999999999999307,119.0999999999996533,7.4638543128967285
9.9999999999999307,122.7999999999994429,4.9128003120422363
9.9999999999999307,122.8999999999994373,4.3724288940429688
9.9999999999999307,122.9999999999994316,4.2198314666748047
9.9999999999999307,123.0999999999994259,4.1837172508239746
9.9999999999999307,123.1999999999994202,4.1213250160217285
9.9999999999999307,123.3999999999994088,4.4792404174804688
9.9999999999999307,123.4999999999994031,4.7057209014892578
9.9999999999999307,123.5999999999993975,5.2497582435607910
9.9999999999999307,124.0999999999993690,4.8079328536987305
9.9999999999999307,124.1999999999993634,4.2652883529663086
9.9999999999999307,124.2999999999993577,3.8163502216339111
9.9999999999999307,124.3999999999993520,4.5423612594604492
9.9999999999999307,124.4999999999993463,5.8644790649414062
9.9999999999999307,125.1999999999993065,7.2734460830688477
9.9999999999999307,125.5999999999992838,7.8091549873352051
9.8999999999999311,118.5999999999996817,5.6108469963073730
9.8999999999999311,118.6999999999996760,5.2529110908508301
9.8999999999999311,122.3999999999994657,7.9725594520568848
9.8999999999999311,122.4999999999994600,6.9376597404479980
9.8999999999999311,122.5999999999994543,5.7940306663513184
9.8999999999999311,122.6999999999994486,5.1766281127929688
9.8999999999999311,122.7999999999994429,4.7599029541015625
9.8999999999999311,122.8999999999994373,4.3728408813476562
9.8999999999999311,122.9999999999994316,4.3613433837890625
9.8999999999999311,123.0999999999994259,4.4062538146972656
9.8999999999999311,123.3999999999994088,4.3698530197143555
9.8999999999999311,123.4999999999994031,4.5662851333618164
9.8999999999999311,123.5999999999993975,5.4013190269470215
9.8999999999999311,123.8999999999993804,5.7328824996948242
9.8999999999999311,123.9999999999993747,5.3285145759582520
9.8999999999999311,124.0999999999993690,4.8049354553222656
9.8999999999999311,124.1999999999993634,4.2230162620544434
9.8999999999999311,124.2999999999993577,3.6939091682434082
9.8999999999999311,124.3999999999993520,4.6908860206604004
9.8999999999999311,124.4999999999993463,6.0141305923461914
9.8999999999999311,125.5999999999992838,6.1942720413208008
9.8999999999999311,125.9999999999992610,4.8723726272583008
9.7999999999999314,118.5999999999996817,5.5147700309753418
9.7999999999999314,118.6999999999996760,4.5151982307434082
9.7999999999999314,122.4999999999994600,6.8353161811828613
9.7999999999999314,122.5999999999994543,5.6214156150817871
9.7999999999999314,122.6999999999994486,5.0238280296325684
9.7999999999999314,122.7999999999994429,4.7527098655700684
9.7999999999999314,122.8999999999994373,4.5357789993286133
9.7999999999999314,122.9999999999994316,4.5712780952453613
9.7999999999999314,123.0999999999994259,4.8103399276733398
9.7999999999999314,123.3999999999994088,4.6268544197082520
9.7999999999999314,123.4999999999994031,4.5482630729675293
9.7999999999999314,123.8999999999993804,5.9022979736328125
9.7999999999999314,123.9999999999993747,5.4435243606567383
9.7999999999999314,124.0999999999993690,5.0192842483520508
9.7999999999999314,124.1999999999993634,4.6123428344726562
9.7999999999999314,124.2999999999993577,4.4027462005615234
9.7999999999999314,124.3999999999993520,5.2473006248474121
9.7999999999999314,124.4999999999993463,6.5167565345764160
9.7999999999999314,125.9999999999992610,4.1752696037292480
9.7999999999999314,126.0999999999992554,3.6850023269653320
9.6999999999999318,118.3999999999996930,8.0635747909545898
9.6999999999999318,118.4999999999996874,6.5539703369140625
9.6999999999999318,118.5999999999996817,5.1717219352722168
9.6999999999999318,118.6999999999996760,4.5920128822326660
9.6999999999999318,122.4999999999994600,6.7746801376342773
9.6999999999999318,122.5999999999994543,5.6328549385070801
9.6999999999999318,122.6999999999994486,4.9556007385253906
9.6999999999999318,122.7999999999994429,4.7608933448791504
9.6999999999999318,122.8999999999994373,4.5838036537170410
9.6999999999999318,122.9999999999994316,4.6793556213378906
9.6999999999999318,123.0999999999994259,5.1567630767822266
9.6999999999999318,123.3999999999994088,4.8426618576049805
9.6999999999999318,123.8999999999993804,6.1010365486145020
9.6999999999999318,123.9999999999993747,5.6340184211730957
9.6999999999999318,124.0999999999993690,5.3348221778869629
9.6999999999999318,124.1999999999993634,5.1023826599121094
9.6999999999999318,124.2999999999993577,4.9058523178100586
9.6999999999999318,124.3999999999993520,5.6410284042358398
9.6999999999999318,125.4999999999992895,3.6604025363922119
9.5999999999999321,118.3999999999996930,6.8264727592468262
9.5999999999999321,118.4999999999996874,5.8430833816528320
9.5999999999999321,118.5999999999996817,5.4114856719970703
9.5999999999999321,118.6999999999996760,5.1848697662353516
9.5999999999999321,122.4999999999994600,6.6622056961059570
9.5999999999999321,122.5999999999994543,6.0102281570434570
9.5999999999999321,122.6999999999994486,5.2503166198730469
9.5999999999999321,122.7999999999994429,4.8427739143371582
9.5999999999999321,122.8999999999994373,4.4873070716857910
9.5999999999999321,122.9999999999994316,4.3684840202331543
9.5999999999999321,123.0999999999994259,4.6651024818420410
9.5999999999999321,123.2999999999994145,4.8562073707580566
9.5999999999999321,123.3999999999994088,4.8042163848876953
9.5999999999999321,123.7999999999993861,7.1267113685607910
9.5999999999999321,125.3999999999992951,3.2468223571777344
9.5999999999999321,125.4999999999992895,3.1204643249511719
9.5999999999999321,125.5999999999992838,3.0252075195312500
9.5999999999999321,125.6999999999992781,2.9677243232727051
9.4999999999999325,118.2999999999996987,6.0373711585998535
9.4999999999999325,118.3999999999996930,5.2323894500732422
9.4999999999999325,118.4999999999996874,5.3715496063232422
9.4999999999999325,118.5999999999996817,5.7423043251037598
9.4999999999999325,122.5999999999994543,6.5302462577819824
9.4999999999999325,122.6999999999994486,5.6902971267700195
9.4999999999999325,122.7999999999994429,4.9604959487915039
9.4999999999999325,122.8999999999994373,4.2897539138793945
9.4999999999999325,122.9999999999994316,4.0043616294860840
9.4999999999999325,123.0999999999994259,3.9956572055816650
9.4999999999999325,123.3999999999994088,4.6676063537597656
9.4999999999999325,125.4999999999992895,2.8313937187194824
9.4999999999999325,125.5999999999992838,2.4949159622192383
9.4999999999999325,125.6999999999992781,2.1998388767242432
9.4999999999999325,125.7999999999992724,1.9428683519363403
9.3999999999999329,118.1999999999997044,5.4212040901184082
9.3999999999999329,118.2999999999996987,5.0014224052429199
9.3999999999999329,118.3999999999996930,4.5000486373901367
9.3999999999999329,118.4999999999996874,5.3748269081115723
9.3999999999999329,122.7999999999994429,5.5023541450500488
9.3999999999999329,122.8999999999994373,4.4949865341186523
9.3999999999999329,122.9999999999994316,3.8594264984130859
9.3999999999999329,123.0999999999994259,3.5625946521759033
9.3999999999999329,123.1999999999994202,3.6126949787139893
9.3999999999999329,125.5999999999992838,2.0275177955627441
9.3999999999999329,125.6999999999992781,1.5699456930160522
9.3999999999999329,125.7999999999992724,1.3892387151718140
9.3999999999999329,125.8999999999992667,1.4045524597167969
9.2999999999999332,118.0999999999997101,5.2832665443420410
9.2999999999999332,118.1999999999997044,5.2414889335632324
9.2999999999999332,118.2999999999996987,5.2075223922729492
9.2999999999999332,118.3999999999996930,5.1551094055175781
9.2999999999999332,122.8999999999994373,5.1757092475891113
9.2999999999999332,122.9999999999994316,4.2896208763122559
9.2999999999999332,123.0999999999994259,3.6967225074768066
9.2999999999999332,123.1999999999994202,3.5223493576049805
9.2999999999999332,123.2999999999994145,4.2319498062133789
9.2999999999999332,125.5999999999992838,1.5194191932678223
9.2999999999999332,125.6999999999992781,1.2015515565872192
9.2999999999999332,125.7999999999992724,1.1353343725204468
9.2999999999999332,125.8999999999992667,1.2620660066604614
9.1999999999999336,117.8999999999997215,4.3568105697631836
9.1999999999999336,117.9999999999997158,4.5774960517883301
9.1999999999999336,118.0999999999997101,4.6312527656555176
9.1999999999999336,118.1999999999997044,5.0361905097961426
9.1999999999999336,122.8999999999994373,5.9315671920776367
9.1999999999999336,122.9999999999994316,4.9003281593322754
9.1999999999999336,123.0999999999994259,3.9590802192687988
9.1999999999999336,123.1999999999994202,3.7404108047485352
9.1999999999999336,123.4999999999994031,7.4559793472290039
9.1999999999999336,123.5999999999993975,7.7125363349914551
9.1999999999999336,124.6999999999993349,6.8668079376220703
9.1999999999999336,124.7999999999993292,6.4853610992431641
9.1999999999999336,125.5999999999992838,1.2429238557815552
9.1999999999999336,125.6999999999992781,1.0103302001953125
9.1999999999999336,125.7999999999992724,0.9368692040443420
9.1999999999999336,125.8999999999992667,1.0983607769012451
9.1999999999999336,125.9999999999992610,1.5528351068496704
9.1999999999999336,126.0999999999992554,1.6900162696838379
9.0999999999999339,117.7999999999997272,4.0480966567993164
9.0999999999999339,117.8999999999997215,3.7873089313507080
9.0999999999999339,117.9999999999997158,4.0574097633361816
9.0999999999999339,122.9999999999994316,5.4954385757446289
9.0999999999999339,123.0999999999994259,4.4395923614501953
9.0999999999999339,123.5999999999993975,7.7071123123168945
9.0999999999999339,125.5999999999992838,0.9932407140731812
9.0999999999999339,125.6999999999992781,0.8309125304222107
9.0999999999999339,125.7999999999992724,0.7193287014961243
9.0999999999999339,125.8999999999992667,0.9343826174736023
9.0999999999999339,125.9999999999992610,1.2584378719329834
9.0999999999999339,126.0999999999992554,1.6242642402648926
8.9999999999999343,117.5999999999997385,5.9906549453735352
8.9999999999999343,117.6999999999997328,5.2001419067382812
8.9999999999999343,117.7999999999997272,4.2765741348266602
8.9999999999999343,117.8999999999997215,4.3243799209594727
8.9999999999999343,117.9999999999997158,5.0940408706665039
8.9999999999999343,125.2999999999993008,1.0250170230865479
8.9999999999999343,125.3999999999992951,1.2204229831695557
8.9999999999999343,125.5999999999992838,0.8912822008132935
8.9999999999999343,125.6999999999992781,0.7043578624725342
8.9999999999999343,125.7999999999992724,0.5136014223098755
8.9999999999999343,125.8999999999992667,0.7356095314025879
8.9999999999999343,125.9999999999992610,1.1949974298477173
8.9999999999999343,126.0999999999992554,1.6453599929809570
8.9999999999999343,126.1999999999992497,2.1566011905670166
8.8999999999999346,117.4999999999997442,5.9286303520202637
8.8999999999999346,117.5999999999997385,5.0685734748840332
8.8999999999999346,117.6999999999997328,4.5526123046875000
8.8999999999999346,117.7999999999997272,4.1967921257019043
8.8999999999999346,117.8999999999997215,4.7836728096008301
8.8999999999999346,117.9999999999997158,5.8572611808776855
8.8999999999999346,124.7999999999993292,2.7980968952178955
8.8999999999999346,124.8999999999993236,2.2204365730285645
8.8999999999999346,124.9999999999993179,1.6324124336242676
8.8999999999999346,125.1999999999993065,1.0253554582595825
8.8999999999999346,125.2999999999993008,0.9540986418724060
8.8999999999999346,125.3999999999992951,1.1404639482498169
8.8999999999999346,125.4999999999992895,1.0935844182968140
8.8999999999999346,125.5999999999992838,0.8997551798820496
8.8999999999999346,125.6999999999992781,0.7757298350334167
8.8999999999999346,125.7999999999992724,0.6364440917968750
8.8999999999999346,125.8999999999992667,0.6237298846244812
8.8999999999999346,125.9999999999992610,1.1381702423095703
8.8999999999999346,126.0999999999992554,1.6671599149703979
8.8999999999999346,126.1999999999992497,2.2196867465972900
8.8999999999999346,126.2999999999992440,2.8244807720184326
8.7999999999999350,117.4999999999997442,5.7002487182617188
8.7999999999999350,117.5999999999997385,4.9541440010070801
8.7999999999999350,117.6999999999997328,5.0361490249633789
8.7999999999999350,117.7999999999997272,5.0447883605957031
8.7999999999999350,117.8999999999997215,5.2389693260192871
8.7999999999999350,124.8999999999993236,1.4178811311721802
8.7999999999999350,124.9999999999993179,1.0486707687377930
8.7999999999999350,125.0999999999993122,0.7563059329986572
8.7999999999999350,125.1999999999993065,0.9332805871963501
8.7999999999999350,125.2999999999993008,0.8173950314521790
8.7999999999999350,125.3999999999992951,0.9029740095138550
8.7999999999999350,125.4999999999992895,0.8694276213645935
8.7999999999999350,125.5999999999992838,0.8654518723487854
8.7999999999999350,125.6999999999992781,1.0370092391967773
8.7999999999999350,125.7999999999992724,0.7135816812515259
8.7999999999999350,125.8999999999992667,0.8646147847175598
8.7999999999999350,125.9999999999992610,1.1915320158004761
8.7999999999999350,126.0999999999992554,1.8446807861328125
8.7999999999999350,126.1999999999992497,2.5251138210296631
8.7999999999999350,126.2999999999992440,2.8014359474182129
8.6999999999999353,117.3999999999997499,6.4247550964355469
8.6999999999999353,117.4999999999997442,6.1342415809631348
8.6999999999999353,117.5999999999997385,6.0484461784362793
8.6999999999999353,123.4999999999994031,4.6201496124267578
8.6999999999999353,124.7999999999993292,1.4290583133697510
8.6999999999999353,124.8999999999993236,1.1657764911651611
8.6999999999999353,124.9999999999993179,1.0111964941024780
8.6999999999999353,125.0999999999993122,0.9408991336822510
8.6999999999999353,125.1999999999993065,0.8314780592918396
8.6999999999999353,125.2999999999993008,0.7611377835273743
8.6999999999999353,125.3999999999992951,0.9292635917663574
8.6999999999999353,125.4999999999992895,0.8880493044853210
8.6999999999999353,125.5999999999992838,0.6645446419715881
8.6999999999999353,125.6999999999992781,0.8965106606483459
8.6999999999999353,125.7999999999992724,0.8349122405052185
8.6999999999999353,125.8999999999992667,0.9570862650871277
8.6999999999999353,125.9999999999992610,1.3745695352554321
8.6999999999999353,126.0999999999992554,2.2174379825592041
8.5999999999999357,117.3999999999997499,6.3235192298889160
8.5999999999999357,117.4999999999997442,6.5348925590515137
8.5999999999999357,123.3999999999994088,3.8528881072998047
8.5999999999999357,123.4999999999994031,3.8114893436431885
8.5999999999999357,123.5999999999993975,3.7247776985168457
8.5999999999999357,123.6999999999993918,3.9431285858154297
8.5999999999999357,124.7999999999993292,1.4386618137359619
8.5999999999999357,124.8999999999993236,1.2916717529296875
8.5999999999999357,124.9999999999993179,1.0150883197784424
8.5999999999999357,125.0999999999993122,1.1164573431015015
8.5999999999999357,125.1999999999993065,1.2148964405059814
8.5999999999999357,125.2999999999993008,1.1309785842895508
8.5999999999999357,125.3999999999992951,1.1869213581085205
8.5999999999999357,125.4999999999992895,1.0942014455795288
8.5999999999999357,125.5999999999992838,0.8598796129226685
8.5999999999999357,125.6999999999992781,0.9736598730087280
8.5999999999999357,125.7999999999992724,0.9578008055686951
8.5999999999999357,125.8999999999992667,1.0815123319625854
8.5999999999999357,125.9999999999992610,1.6535969972610474
8.5999999999999357,126.0999999999992554,2.5848338603973389
8.4999999999999361,117.1999999999997613,7.8749456405639648
8.4999999999999361,117.2999999999997556,6.8404259681701660
8.4999999999999361,117.3999999999997499,6.6155276298522949
8.4999999999999361,123.0999999999994259,4.3440523147583008
8.4999999999999361,123.2999999999994145,3.1570775508880615
8.4999999999999361,123.3999999999994088,3.2904479503631592
8.4999999999999361,123.4999999999994031,3.3327231407165527
8.4999999999999361,123.5999999999993975,3.4190678596496582
8.4999999999999361,123.6999999999993918,3.6213016510009766
8.4999999999999361,123.7999999999993861,4.0621666908264160
8.4999999999999361,124.2999999999993577,2.8879318237304688
8.4999999999999361,124.3999999999993520,2.6136593818664551
8.4999999999999361,124.4999999999993463,1.9394272565841675
8.4999999999999361,124.6999999999993349,1.5525125265121460
8.4999999999999361,124.7999999999993292,1.5255979299545288
8.4999999999999361,124.8999999999993236,1.3807375431060791
8.4999999999999361,124.9999999999993179,0.9306898117065430
8.4999999999999361,125.0999999999993122,1.0323718786239624
8.4999999999999361,125.1999999999993065,1.1980693340301514
8.4999999999999361,125.2999999999993008,1.1992359161376953
8.4999999999999361,125.3999999999992951,1.2390676736831665
8.4999999999999361,125.4999999999992895,1.0232303142547607
8.4999999999999361,125.5999999999992838,0.7012116312980652
8.4999999999999361,125.6999999999992781,0.8535339832305908
8.4999999999999361,125.7999999999992724,0.7964728474617004
8.4999999999999361,125.8999999999992667,1.2062411308288574
8.4999999999999361,125.9999999999992610,1.7687848806381226
8.4999999999999361,126.0999999999992554,2.5373063087463379
8.4999999999999361,126.1999999999992497,3.5163595676422119
8.4999999999999361,126.2999999999992440,4.3084263801574707
8.3999999999999364,123.0999999999994259,3.7490155696868896
8.3999999999999364,123.1999999999994202,3.0059773921966553
8.3999999999999364,123.2999999999994145,2.8598625659942627
8.3999999999999364,123.3999999999994088,2.9434857368469238
8.3999999999999364,123.4999999999994031,3.0713138580322266
8.3999999999999364,123.5999999999993975,3.2538321018218994
8.3999999999999364,123.6999999999993918,3.5486395359039307
8.3999999999999364,123.7999999999993861,4.0715494155883789
8.3999999999999364,124.2999999999993577,2.6696152687072754
8.3999999999999364,124.3999999999993520,2.0175795555114746
8.3999999999999364,124.4999999999993463,1.6945469379425049
8.3999999999999364,124.5999999999993406,1.6817737817764282
8.3999999999999364,124.6999999999993349,1.6225752830505371
8.3999999999999364,124.7999999999993292,1.5472983121871948
8.3999999999999364,124.8999999999993236,1.3027778863906860
8.3999999999999364,124.9999999999993179,0.8217179179191589
8.3999999999999364,125.0999999999993122,0.9513202309608459
8.3999999999999364,125.1999999999993065,1.0004712343215942
8.3999999999999364,125.2999999999993008,1.0650591850280762
8.3999999999999364,125.3999999999992951,1.1117390394210815
8.3999999999999364,125.4999999999992895,1.0004311800003052
8.3999999999999364,125.5999999999992838,0.7362691760063171
8.3999999999999364,125.6999999999992781,0.9550564289093018
8.3999999999999364,125.7999999999992724,1.0508162975311279
8.3999999999999364,125.8999999999992667,1.3584036827087402
8.3999999999999364,125.9999999999992610,1.8386334180831909
8.3999999999999364,126.0999999999992554,2.3060882091522217
8.3999999999999364,126.1999999999992497,2.9536499977111816
8.3999999999999364,126.2999999999992440,3.5152156352996826
8.2999999999999368,117.2999999999997556,10.2003946304321289
8.2999999999999368,122.9999999999994316,4.3865818977355957
8.2999999999999368,123.0999999999994259,3.5324749946594238
8.2999999999999368,123.1999999999994202,2.9704220294952393
8.2999999999999368,123.2999999999994145,2.9775228500366211
8.2999999999999368,123.3999999999994088,3.0265731811523438
8.2999999999999368,123.4999999999994031,3.1137294769287109
8.2999999999999368,123.5999999999993975,3.2931668758392334
8.2999999999999368,123.6999999999993918,3.5352995395660400
8.2999999999999368,123.7999999999993861,3.8917393684387207
8.2999999999999368,124.2999999999993577,2.6104595661163330
8.2999999999999368,124.3999999999993520,1.8393108844757080
8.2999999999999368,124.4999999999993463,1.7152371406555176
8.2999999999999368,124.5999999999993406,1.7908825874328613
8.2999999999999368,124.6999999999993349,1.6767115592956543
8.2999999999999368,124.7999999999993292,1.5353260040283203
8.2999999999999368,124.8999999999993236,1.2579753398895264
8.2999999999999368,124.9999999999993179,0.8272128105163574
8.2999999999999368,125.0999999999993122,0.9593770503997803
8.2999999999999368,125.1999999999993065,0.9360467791557312
8.2999999999999368,125.2999999999993008,0.9946911931037903
8.2999999999999368,125.3999999999992951,1.1038768291473389
8.2999999999999368,125.4999999999992895,1.0671684741973877
8.2999999999999368,125.5999999999992838,1.0760734081268311
8.2999999999999368,125.6999999999992781,1.3043079376220703
8.2999999999999368,125.7999999999992724,1.4270312786102295
8.2999999999999368,125.8999999999992667,1.5763733386993408
8.2999999999999368,125.9999999999992610,1.8868408203125000
8.2999999999999368,126.0999999999992554,2.1141977310180664
8.2999999999999368,126.1999999999992497,2.4407854080200195
8.2999999999999368,126.2999999999992440,2.7604763507843018
8.1999999999999371,122.9999999999994316,3.8989176750183105
8.1999999999999371,123.0999999999994259,3.2045462131500244
8.1999999999999371,123.1999999999994202,2.8429572582244873
8.1999999999999371,123.2999999999994145,2.8714869022369385
8.1999999999999371,123.3999999999994088,2.9456155300140381
8.1999999999999371,123.4999999999994031,3.0034129619598389
8.1999999999999371,123.5999999999993975,3.0756990909576416
8.1999999999999371,123.6999999999993918,3.1891837120056152
8.1999999999999371,123.7999999999993861,3.3869037628173828
8.1999999999999371,124.0999999999993690,3.6556613445281982
8.1999999999999371,124.1999999999993634,3.1111223697662354
8.1999999999999371,124.2999999999993577,2.7059757709503174
8.1999999999999371,124.3999999999993520,2.0320861339569092
8.1999999999999371,124.4999999999993463,1.8215546607971191
8.1999999999999371,124.5999999999993406,1.8842406272888184
8.1999999999999371,124.6999999999993349,1.5794763565063477
8.1999999999999371,124.7999999999993292,1.2816544771194458
8.1999999999999371,124.8999999999993236,1.0442599058151245
8.1999999999999371,124.9999999999993179,0.8053173422813416
8.1999999999999371,125.0999999999993122,1.0187774896621704
8.1999999999999371,125.1999999999993065,1.0548303127288818
8.1999999999999371,125.2999999999993008,1.0827491283416748
8.1999999999999371,125.3999999999992951,1.1713800430297852
8.1999999999999371,125.4999999999992895,1.2385618686676025
8.1999999999999371,125.5999999999992838,1.3660104274749756
8.1999999999999371,125.6999999999992781,1.5614694356918335
8.1999999999999371,125.7999999999992724,1.6749318838119507
8.1999999999999371,125.8999999999992667,1.7392916679382324
8.1999999999999371,125.9999999999992610,1.9833694696426392
8.1999999999999371,126.0999999999992554,2.0168945789337158
8.1999999999999371,126.1999999999992497,2.0320661067962646
8.1999999999999371,126.2999999999992440,2.2062709331512451
8.1999999999999371,126.3999999999992383,2.3301315307617188
8.0999999999999375,116.9999999999997726,11.3668928146362305
8.0999999999999375,122.7999999999994429,3.8618555068969727
8.0999999999999375,122.8999999999994373,3.7107458114624023
8.0999999999999375,122.9999999999994316,3.2071189880371094
8.0999999999999375,123.0999999999994259,2.8082091808319092
8.0999999999999375,123.1999999999994202,2.5483040809631348
8.0999999999999375,123.2999999999994145,2.6351897716522217
8.0999999999999375,123.3999999999994088,2.7424898147583008
8.0999999999999375,123.4999999999994031,2.7895717620849609
8.0999999999999375,123.5999999999993975,2.7364873886108398
8.0999999999999375,123.6999999999993918,2.7236542701721191
8.0999999999999375,123.7999999999993861,2.8204741477966309
8.0999999999999375,123.9999999999993747,3.3143928050994873
8.0999999999999375,124.0999999999993690,3.0624494552612305
8.0999999999999375,124.1999999999993634,2.9505443572998047
8.0999999999999375,124.2999999999993577,2.8431785106658936
8.0999999999999375,124.3999999999993520,2.4380385875701904
8.0999999999999375,124.4999999999993463,2.0647594928741455
8.0999999999999375,124.5999999999993406,1.8866691589355469
8.0999999999999375,124.6999999999993349,1.5016551017761230
8.0999999999999375,124.7999999999993292,1.1259913444519043
8.0999999999999375,124.8999999999993236,0.8646550774574280
8.0999999999999375,124.9999999999993179,0.9164782762527466
8.0999999999999375,125.0999999999993122,1.2154614925384521
8.0999999999999375,125.1999999999993065,1.4114257097244263
8.0999999999999375,125.2999999999993008,1.3758672475814819
8.0999999999999375,125.3999999999992951,1.4004051685333252
8.0999999999999375,125.4999999999992895,1.4670855998992920
8.0999999999999375,125.5999999999992838,1.6361160278320312
8.0999999999999375,125.6999999999992781,1.8899048566818237
8.0999999999999375,125.7999999999992724,1.9010686874389648
8.0999999999999375,125.8999999999992667,1.9333726167678833
8.0999999999999375,125.9999999999992610,2.0640525817871094
8.0999999999999375,126.0999999999992554,1.9377360343933105
8.0999999999999375,126.1999999999992497,1.7438321113586426
8.0999999999999375,126.2999999999992440,1.7177101373672485
8.0999999999999375,126.3999999999992383,1.9584101438522339
7.9999999999999378,116.9999999999997726,11.5128583908081055
7.9999999999999378,122.2999999999994714,3.7898886203765869
7.9999999999999378,122.3999999999994657,3.2852394580841064
7.9999999999999378,122.4999999999994600,3.4146907329559326
7.9999999999999378,122.5999999999994543,3.6422469615936279
7.9999999999999378,122.6999999999994486,3.5261502265930176
7.9999999999999378,122.7999999999994429,3.2475187778472900
7.9999999999999378,122.8999999999994373,3.1670975685119629
7.9999999999999378,122.9999999999994316,2.7462663650512695
7.9999999999999378,123.0999999999994259,2.5172533988952637
7.9999999999999378,123.1999999999994202,2.3545236587524414
7.9999999999999378,123.2999999999994145,2.5039782524108887
7.9999999999999378,123.3999999999994088,2.6817827224731445
7.9999999999999378,123.4999999999994031,2.7434997558593750
7.9999999999999378,123.5999999999993975,2.6117184162139893
7.9999999999999378,123.6999999999993918,2.5847256183624268
7.9999999999999378,123.7999999999993861,2.5519673824310303
7.9999999999999378,123.8999999999993804,2.5269556045532227
7.9999999999999378,123.9999999999993747,2.4941558837890625
7.9999999999999378,124.0999999999993690,2.4547750949859619
7.9999999999999378,124.1999999999993634,2.6487786769866943
7.9999999999999378,124.2999999999993577,2.8472571372985840
7.9999999999999378,124.3999999999993520,2.7116959095001221
7.9999999999999378,124.4999999999993463,2.5097801685333252
7.9999999999999378,124.5999999999993406,2.2900578975677490
7.9999999999999378,124.6999999999993349,1.6948673725128174
7.9999999999999378,124.7999999999993292,1.1758371591567993
7.9999999999999378,124.8999999999993236,1.0449492931365967
7.9999999999999378,124.9999999999993179,1.3701106309890747
7.9999999999999378,125.0999999999993122,1.7113276720046997
7.9999999999999378,125.1999999999993065,1.8153512477874756
7.9999999999999378,125.2999999999993008,1.7670230865478516
7.9999999999999378,125.3999999999992951,1.8379944562911987
7.9999999999999378,125.4999999999992895,1.8758839368820190
7.9999999999999378,125.5999999999992838,1.8797863721847534
7.9999999999999378,125.6999999999992781,2.0946636199951172
7.9999999999999378,125.7999999999992724,2.0639383792877197
7.9999999999999378,125.8999999999992667,2.0870883464813232
7.9999999999999378,125.9999999999992610,2.1288385391235352
7.9999999999999378,126.0999999999992554,1.8316725492477417
7.9999999999999378,126.1999999999992497,1.5107593536376953
7.9999999999999378,126.2999999999992440,1.3582683801651001
7.8999999999999382,116.9999999999997726,11.5638694763183594
7.8999999999999382,122.2999999999994714,3.3605201244354248
7.8999999999999382,122.3999999999994657,2.9705166816711426
7.8999999999999382,122.4999999999994600,3.2786345481872559
7.8999999999999382,122.5999999999994543,3.6251654624938965
7.8999999999999382,122.6999999999994486,3.5018320083618164
7.8999999999999382,122.7999999999994429,3.1434366703033447
7.8999999999999382,122.8999999999994373,2.8209784030914307
7.8999999999999382,122.9999999999994316,2.6327810287475586
7.8999999999999382,123.0999999999994259,2.5025436878204346
7.8999999999999382,123.1999999999994202,2.4818971157073975
7.8999999999999382,123.2999999999994145,2.7648680210113525
7.8999999999999382,123.3999999999994088,3.0869967937469482
7.8999999999999382,123.4999999999994031,3.2809374332427979
7.8999999999999382,123.5999999999993975,3.3523955345153809
7.8999999999999382,123.6999999999993918,3.5879812240600586
7.8999999999999382,123.7999999999993861,3.4091975688934326
7.8999999999999382,123.8999999999993804,2.9639711380004883
7.8999999999999382,123.9999999999993747,2.5231080055236816
7.8999999999999382,124.0999999999993690,2.1738986968994141
7.8999999999999382,124.1999999999993634,2.1915402412414551
7.8999999999999382,124.2999999999993577,2.4408309459686279
7.8999999999999382,124.3999999999993520,2.4527432918548584
7.8999999999999382,124.4999999999993463,2.4157271385192871
7.8999999999999382,124.5999999999993406,2.3090000152587891
7.8999999999999382,124.6999999999993349,2.0033659934997559
7.8999999999999382,124.7999999999993292,1.7734497785568237
7.8999999999999382,124.8999999999993236,1.7330634593963623
7.8999999999999382,124.9999999999993179,1.8550785779953003
7.8999999999999382,125.0999999999993122,1.9761590957641602
7.8999999999999382,125.1999999999993065,1.9596083164215088
7.8999999999999382,125.2999999999993008,1.8768327236175537
7.8999999999999382,125.3999999999992951,1.8323366641998291
7.8999999999999382,125.4999999999992895,1.7573527097702026
7.8999999999999382,125.5999999999992838,1.7928125858306885
7.8999999999999382,125.6999999999992781,2.0445713996887207
7.8999999999999382,125.7999999999992724,2.0123333930969238
7.8999999999999382,125.8999999999992667,2.0708181858062744
7.8999999999999382,125.9999999999992610,2.2290563583374023
7.8999999999999382,126.0999999999992554,1.7546505928039551
7.8999999999999382,126.1999999999992497,1.3853926658630371
7.8999999999999382,126.2999999999992440,1.2948181629180908
7.7999999999999385,122.0999999999994827,4.9005746841430664
7.7999999999999385,122.1999999999994770,3.9045305252075195
7.7999999999999385,122.2999999999994714,2.9384794235229492
7.7999999999999385,122.3999999999994657,2.7109024524688721
7.7999999999999385,122.4999999999994600,3.1930406093597412
7.7999999999999385,122.5999999999994543,3.6903159618377686
7.7999999999999385,122.6999999999994486,3.5795552730560303
7.7999999999999385,122.7999999999994429,3.0965702533721924
7.7999999999999385,122.8999999999994373,2.6894216537475586
7.7999999999999385,122.9999999999994316,2.6049895286560059
7.7999999999999385,123.0999999999994259,2.6089680194854736
7.7999999999999385,123.1999999999994202,2.7094371318817139
7.7999999999999385,123.2999999999994145,3.2174973487854004
7.7999999999999385,123.3999999999994088,4.0840172767639160
7.7999999999999385,123.6999999999993918,4.3426542282104492
7.7999999999999385,123.7999999999993861,4.4213995933532715
7.7999999999999385,123.8999999999993804,3.5901031494140625
7.7999999999999385,123.9999999999993747,2.7130565643310547
7.7999999999999385,124.0999999999993690,2.2266960144042969
7.7999999999999385,124.1999999999993634,1.9260991811752319
7.7999999999999385,124.2999999999993577,1.9746643304824829
7.7999999999999385,124.3999999999993520,2.1427602767944336
7.7999999999999385,124.4999999999993463,2.2535741329193115
7.7999999999999385,124.5999999999993406,2.3555624485015869
7.7999999999999385,124.6999999999993349,2.3389718532562256
7.7999999999999385,124.7999999999993292,2.3576278686523438
7.7999999999999385,124.8999999999993236,2.4182701110839844
7.7999999999999385,124.9999999999993179,2.3591043949127197
7.7999999999999385,125.0999999999993122,2.3177063465118408
7.7999999999999385,125.1999999999993065,2.1787269115447998
7.7999999999999385,125.2999999999993008,1.9504208564758301
7.7999999999999385,125.3999999999992951,1.7879468202590942
7.7999999999999385,125.4999999999992895,1.6633033752441406
7.7999999999999385,125.5999999999992838,1.6675957441329956
7.7999999999999385,125.6999999999992781,2.0127069950103760
7.7999999999999385,125.7999999999992724,1.9168131351470947
7.7999999999999385,125.8999999999992667,2.0430150032043457
7.7999999999999385,125.9999999999992610,2.3441107273101807
7.7999999999999385,126.0999999999992554,1.7118723392486572
7.7999999999999385,126.1999999999992497,1.4262115955352783
7.7999999999999385,126.2999999999992440,1.3048765659332275
7.7999999999999385,126.3999999999992383,1.6921643018722534
7.6999999999999389,122.1999999999994770,3.6795461177825928
7.6999999999999389,122.2999999999994714,2.6519389152526855
7.6999999999999389,122.3999999999994657,2.5753219127655029
7.6999999999999389,122.4999999999994600,3.0462026596069336
7.6999999999999389,122.8999999999994373,2.8315689563751221
7.6999999999999389,122.9999999999994316,2.7941067218780518
7.6999999999999389,123.0999999999994259,2.9105651378631592
7.6999999999999389,123.1999999999994202,3.1535851955413818
7.6999999999999389,123.2999999999994145,3.8334908485412598
7.6999999999999389,123.3999999999994088,4.9593281745910645
7.6999999999999389,123.4999999999994031,5.7699484825134277
7.6999999999999389,123.8999999999993804,3.7282469272613525
7.6999999999999389,123.9999999999993747,2.9468488693237305
7.6999999999999389,124.0999999999993690,2.3113493919372559
7.6999999999999389,124.1999999999993634,1.8922150135040283
7.6999999999999389,124.2999999999993577,1.5857828855514526
7.6999999999999389,124.3999999999993520,1.8551899194717407
7.6999999999999389,124.4999999999993463,2.1313345432281494
7.6999999999999389,124.5999999999993406,2.3192658424377441
7.6999999999999389,124.6999999999993349,2.4428911209106445
7.6999999999999389,124.7999999999993292,2.6468696594238281
7.6999999999999389,124.8999999999993236,2.7520334720611572
7.6999999999999389,124.9999999999993179,2.6378870010375977
7.6999999999999389,125.0999999999993122,2.5148928165435791
7.6999999999999389,125.1999999999993065,2.2910013198852539
7.6999999999999389,125.2999999999993008,1.9669293165206909
7.6999999999999389,125.3999999999992951,1.7342796325683594
7.6999999999999389,125.4999999999992895,1.6765549182891846
7.6999999999999389,125.5999999999992838,1.6827187538146973
7.6999999999999389,125.6999999999992781,2.1203539371490479
7.6999999999999389,125.7999999999992724,1.9249837398529053
7.6999999999999389,125.8999999999992667,2.0259096622467041
7.6999999999999389,125.9999999999992610,2.6787395477294922
7.6999999999999389,126.0999999999992554,1.6684601306915283
7.6999999999999389,126.1999999999992497,1.4186582565307617
7.6999999999999389,126.2999999999992440,1.2965551614761353
7.6999999999999389,126.3999999999992383,1.8753690719604492
7.6999999999999389,126.4999999999992326,2.9886770248413086
7.5999999999999392,122.1999999999994770,3.6056993007659912
7.5999999999999392,122.2999999999994714,2.7718305587768555
7.5999999999999392,122.3999999999994657,2.7933042049407959
7.5999999999999392,122.8999999999994373,3.3850553035736084
7.5999999999999392,122.9999999999994316,3.2893016338348389
7.5999999999999392,123.1999999999994202,4.2159991264343262
7.5999999999999392,123.2999999999994145,4.5464448928833008
7.5999999999999392,123.3999999999994088,4.7675027847290039
7.5999999999999392,124.0999999999993690,2.4324624538421631
7.5999999999999392,124.1999999999993634,1.7896430492401123
7.5999999999999392,124.2999999999993577,1.2206823825836182
7.5999999999999392,124.3999999999993520,1.5120501518249512
7.5999999999999392,124.4999999999993463,1.7883949279785156
7.5999999999999392,124.5999999999993406,2.0219364166259766
7.5999999999999392,124.6999999999993349,2.0413060188293457
7.5999999999999392,124.7999999999993292,2.2606346607208252
7.5999999999999392,124.8999999999993236,2.4216713905334473
7.5999999999999392,124.9999999999993179,2.3083829879760742
7.5999999999999392,125.0999999999993122,2.2211716175079346
7.5999999999999392,125.1999999999993065,2.0481104850769043
7.5999999999999392,125.2999999999993008,1.8049412965774536
7.5999999999999392,125.3999999999992951,1.5721632242202759
7.5999999999999392,125.4999999999992895,1.4627397060394287
7.5999999999999392,125.5999999999992838,1.8353648185729980
7.5999999999999392,125.6999999999992781,2.3899831771850586
7.5999999999999392,125.7999999999992724,2.0735399723052979
7.5999999999999392,125.8999999999992667,1.9862847328186035
7.5999999999999392,125.9999999999992610,2.3132863044738770
7.5999999999999392,126.0999999999992554,1.5363287925720215
7.5999999999999392,126.1999999999992497,1.2323719263076782
7.5999999999999392,126.2999999999992440,1.1960688829421997
7.5999999999999392,126.3999999999992383,1.3723475933074951
7.5999999999999392,126.4999999999992326,2.2224688529968262
7.4999999999999396,122.0999999999994827,4.1874337196350098
7.4999999999999396,122.1999999999994770,3.5514931678771973
7.4999999999999396,122.2999999999994714,2.8972997665405273
7.4999999999999396,123.2999999999994145,5.3948822021484375
7.4999999999999396,123.3999999999994088,5.6432499885559082
7.4999999999999396,124.1999999999993634,1.7028448581695557
7.4999999999999396,124.2999999999993577,1.0387210845947266
7.4999999999999396,124.3999999999993520,1.3028563261032104
7.4999999999999396,124.4999999999993463,1.5382707118988037
7.4999999999999396,124.5999999999993406,1.7383141517639160
7.4999999999999396,124.6999999999993349,1.6955685615539551
7.4999999999999396,124.7999999999993292,1.9130262136459351
7.4999999999999396,124.8999999999993236,2.0804748535156250
7.4999999999999396,124.9999999999993179,2.0211734771728516
7.4999999999999396,125.0999999999993122,1.9869273900985718
7.4999999999999396,125.1999999999993065,1.8666995763778687
7.4999999999999396,125.2999999999993008,1.6411237716674805
7.4999999999999396,125.3999999999992951,1.4188212156295776
7.4999999999999396,125.4999999999992895,1.4705556631088257
7.4999999999999396,125.5999999999992838,2.0648610591888428
7.4999999999999396,125.6999999999992781,2.6372263431549072
7.4999999999999396,125.7999999999992724,2.2359383106231689
7.4999999999999396,125.8999999999992667,2.0155673027038574
7.4999999999999396,125.9999999999992610,2.2596881389617920
7.4999999999999396,126.0999999999992554,1.5462018251419067
7.4999999999999396,126.1999999999992497,1.1419306993484497
7.4999999999999396,126.2999999999992440,1.1208957433700562
7.4999999999999396,126.3999999999992383,1.4109710454940796
7.4999999999999396,126.4999999999992326,1.9456610679626465
7.4999999999999396,126.5999999999992269,3.1402137279510498
7.3999999999999400,122.0999999999994827,3.8372948169708252
7.3999999999999400,122.1999999999994770,3.4896223545074463
7.3999999999999400,122.2999999999994714,3.1587176322937012
7.3999999999999400,122.7999999999994429,5.1236362457275391
7.3999999999999400,123.3999999999994088,5.8594670295715332
7.3999999999999400,124.1999999999993634,1.6429215669631958
7.3999999999999400,124.2999999999993577,1.1041648387908936
7.3999999999999400,124.3999999999993520,1.2336087226867676
7.3999999999999400,124.4999999999993463,1.3606832027435303
7.3999999999999400,124.5999999999993406,1.4662700891494751
7.3999999999999400,124.6999999999993349,1.4836032390594482
7.3999999999999400,124.7999999999993292,1.6679093837738037
7.3999999999999400,124.8999999999993236,1.8373010158538818
7.3999999999999400,124.9999999999993179,1.7843204736709595
7.3999999999999400,125.0999999999993122,1.7769577503204346
7.3999999999999400,125.1999999999993065,1.6554303169250488
7.3999999999999400,125.2999999999993008,1.4232828617095947
7.3999999999999400,125.3999999999992951,1.2691243886947632
7.3999999999999400,125.4999999999992895,1.5912926197052002
7.3999999999999400,125.5999999999992838,2.3068046569824219
7.3999999999999400,125.6999999999992781,3.0059676170349121
7.3999999999999400,125.7999999999992724,2.3932263851165771
7.3999999999999400,125.8999999999992667,2.0343670845031738
7.3999999999999400,125.9999999999992610,2.0088846683502197
7.3999999999999400,126.0999999999992554,1.5386148691177368
7.3999999999999400,126.1999999999992497,1.1398346424102783
7.3999999999999400,126.2999999999992440,1.3277934789657593
7.3999999999999400,126.3999999999992383,1.8703354597091675
7.3999999999999400,126.4999999999992326,2.6397359371185303
7.2999999999999403,116.8999999999997783,10.3322162628173828
7.2999999999999403,117.0999999999997669,9.8558988571166992
7.2999999999999403,117.1999999999997613,9.7924766540527344
7.2999999999999403,122.0999999999994827,3.4240062236785889
7.2999999999999403,122.1999999999994770,3.4839315414428711
7.2999999999999403,124.1999999999993634,1.5049833059310913
7.2999999999999403,124.2999999999993577,1.1565561294555664
7.2999999999999403,124.3999999999993520,1.2493553161621094
7.2999999999999403,124.4999999999993463,1.3438354730606079
7.2999999999999403,124.5999999999993406,1.3694905042648315
7.2999999999999403,124.6999999999993349,1.3222928047180176
7.2999999999999403,124.7999999999993292,1.4795385599136353
7.2999999999999403,124.8999999999993236,1.6065363883972168
7.2999999999999403,124.9999999999993179,1.5482447147369385
7.2999999999999403,125.0999999999993122,1.5188196897506714
7.2999999999999403,125.1999999999993065,1.3732695579528809
7.2999999999999403,125.2999999999993008,1.1546833515167236
7.2999999999999403,125.3999999999992951,1.1599707603454590
7.2999999999999403,125.4999999999992895,1.7421119213104248
7.2999999999999403,125.5999999999992838,2.5519633293151855
7.2999999999999403,125.6999999999992781,3.1816360950469971
7.2999999999999403,125.8999999999992667,2.4247443675994873
7.2999999999999403,125.9999999999992610,1.8657042980194092
7.2999999999999403,126.0999999999992554,1.7066049575805664
7.2999999999999403,126.1999999999992497,1.4736163616180420
7.2999999999999403,126.2999999999992440,1.8070539236068726
7.2999999999999403,126.3999999999992383,2.8784103393554688
7.2999999999999403,126.4999999999992326,4.0833649635314941
7.2999999999999403,126.5999999999992269,5.5402312278747559
7.1999999999999407,117.0999999999997669,9.5170774459838867
7.1999999999999407,117.1999999999997613,9.3462133407592773
7.1999999999999407,121.9999999999994884,3.6072661876678467
7.1999999999999407,122.0999999999994827,3.1013944149017334
7.1999999999999407,122.1999999999994770,3.5132637023925781
7.1999999999999407,124.1999999999993634,1.6786402463912964
7.1999999999999407,124.2999999999993577,1.2820063829421997
7.1999999999999407,124.3999999999993520,1.3315558433532715
7.1999999999999407,124.4999999999993463,1.3934539556503296
7.1999999999999407,124.5999999999993406,1.3297313451766968
7.1999999999999407,124.6999999999993349,1.1541985273361206
7.1999999999999407,124.7999999999993292,1.2921615839004517
7.1999999999999407,124.8999999999993236,1.3981245756149292
7.1999999999999407,124.9999999999993179,1.3218462467193604
7.1999999999999407,125.0999999999993122,1.2837394475936890
7.1999999999999407,125.1999999999993065,1.2811925411224365
7.1999999999999407,125.2999999999993008,1.0980221033096313
7.1999999999999407,125.3999999999992951,1.1814147233963013
7.1999999999999407,125.4999999999992895,1.9166874885559082
7.1999999999999407,125.5999999999992838,2.8085033893585205
7.1999999999999407,125.9999999999992610,2.2490086555480957
7.1999999999999407,126.0999999999992554,1.9568488597869873
7.1999999999999407,126.1999999999992497,2.1294991970062256
7.1999999999999407,126.2999999999992440,2.5890889167785645
7.1999999999999407,126.3999999999992383,3.9150173664093018
7.1999999999999407,126.4999999999992326,5.4902019500732422
7.0999999999999410,121.9999999999994884,3.5925724506378174
7.0999999999999410,122.0999999999994827,3.1700067520141602
7.0999999999999410,122.1999999999994770,3.5738863945007324
7.0999999999999410,124.0999999999993690,2.7266931533813477
7.0999999999999410,124.1999999999993634,1.6003596782684326
7.0999999999999410,124.2999999999993577,1.2572618722915649
7.0999999999999410,124.3999999999993520,1.2866727113723755
7.0999999999999410,124.4999999999993463,1.3885135650634766
7.0999999999999410,124.5999999999993406,1.4512587785720825
7.0999999999999410,124.6999999999993349,1.2776372432708740
7.0999999999999410,124.7999999999993292,1.3258564472198486
7.0999999999999410,124.8999999999993236,1.2988673448562622
7.0999999999999410,124.9999999999993179,1.0777330398559570
7.0999999999999410,125.0999999999993122,1.1701498031616211
7.0999999999999410,125.1999999999993065,1.1985049247741699
7.0999999999999410,125.2999999999993008,1.0704762935638428
7.0999999999999410,125.3999999999992951,1.1648514270782471
7.0999999999999410,125.4999999999992895,1.9494849443435669
7.0999999999999410,125.5999999999992838,2.8020858764648438
7.0999999999999410,125.6999999999992781,4.4338364601135254
7.0999999999999410,125.8999999999992667,3.2744562625885010
7.0999999999999410,125.9999999999992610,2.7846672534942627
7.0999999999999410,126.0999999999992554,2.4976732730865479
7.0999999999999410,126.1999999999992497,2.8224039077758789
7.0999999999999410,126.2999999999992440,3.3620133399963379
7.0999999999999410,126.3999999999992383,4.7420415878295898
6.9999999999999414,117.0999999999997669,6.8496427536010742
6.9999999999999414,121.9999999999994884,3.8630907535552979
6.9999999999999414,122.0999999999994827,3.5421102046966553
6.9999999999999414,122.1999999999994770,4.1061892509460449
6.9999999999999414,123.9999999999993747,3.0423295497894287
6.9999999999999414,124.0999999999993690,2.3139698505401611
6.9999999999999414,124.1999999999993634,1.4322986602783203
6.9999999999999414,124.2999999999993577,1.0662424564361572
6.9999999999999414,124.3999999999993520,1.1592477560043335
6.9999999999999414,124.4999999999993463,1.3884474039077759
6.9999999999999414,124.5999999999993406,1.5597840547561646
6.9999999999999414,124.6999999999993349,1.4824037551879883
6.9999999999999414,124.7999999999993292,1.3457198143005371
6.9999999999999414,124.8999999999993236,1.2385287284851074
6.9999999999999414,124.9999999999993179,1.1497758626937866
6.9999999999999414,125.0999999999993122,1.0818009376525879
6.9999999999999414,125.1999999999993065,1.1261364221572876
6.9999999999999414,125.2999999999993008,1.0732961893081665
6.9999999999999414,125.3999999999992951,1.1163977384567261
6.9999999999999414,125.4999999999992895,1.6289204359054565
6.9999999999999414,125.7999999999992724,4.3493652343750000
6.9999999999999414,125.9999999999992610,3.4203999042510986
6.9999999999999414,126.0999999999992554,3.4014003276824951
6.9999999999999414,126.1999999999992497,3.5529026985168457
6.9999999999999414,126.2999999999992440,4.1105837821960449
6.8999999999999417,116.6999999999997897,5.3895649909973145
6.8999999999999417,116.7999999999997840,5.3379220962524414
6.8999999999999417,117.0999999999997669,5.5097932815551758
6.8999999999999417,117.1999999999997613,5.4595184326171875
6.8999999999999417,122.0999999999994827,3.8010215759277344
6.8999999999999417,123.9999999999993747,2.8894600868225098
6.8999999999999417,124.0999999999993690,2.1145806312561035
6.8999999999999417,124.1999999999993634,1.4989802837371826
6.8999999999999417,124.2999999999993577,1.0763949155807495
6.8999999999999417,124.3999999999993520,1.1062302589416504
6.8999999999999417,124.4999999999993463,1.4217591285705566
6.8999999999999417,124.5999999999993406,1.7048965692520142
6.8999999999999417,124.6999999999993349,1.6826525926589966
6.8999999999999417,124.7999999999993292,1.6380925178527832
6.8999999999999417,124.8999999999993236,1.5577530860900879
6.8999999999999417,124.9999999999993179,1.3226119279861450
6.8999999999999417,125.0999999999993122,1.1187266111373901
6.8999999999999417,125.1999999999993065,1.0940216779708862
6.8999999999999417,125.2999999999993008,1.1195379495620728
6.8999999999999417,125.3999999999992951,1.2296067476272583
6.8999999999999417,126.0999999999992554,4.4027786254882812
6.8999999999999417,126.2999999999992440,5.0189118385314941
6.7999999999999421,124.0999999999993690,2.3244075775146484
6.7999999999999421,124.1999999999993634,1.6965659856796265
6.7999999999999421,124.2999999999993577,1.2299599647521973
6.7999999999999421,124.3999999999993520,0.9762814044952393
6.7999999999999421,124.4999999999993463,1.2256252765655518
6.7999999999999421,124.5999999999993406,1.4767737388610840
6.7999999999999421,124.6999999999993349,1.5252335071563721
6.7999999999999421,124.7999999999993292,1.5522658824920654
6.7999999999999421,124.8999999999993236,1.4911378622055054
6.7999999999999421,124.9999999999993179,1.2436037063598633
6.7999999999999421,125.0999999999993122,1.0447101593017578
6.7999999999999421,125.1999999999993065,1.0698571205139160
6.7999999999999421,125.2999999999993008,1.1619243621826172
6.7999999999999421,125.3999999999992951,1.2444964647293091
6.7999999999999421,126.0999999999992554,5.2232265472412109
6.7999999999999421,126.1999999999992497,5.4957809448242188
6.6999999999999424,121.9999999999994884,3.2458822727203369
6.6999999999999424,122.0999999999994827,3.1124277114868164
6.6999999999999424,124.0999999999993690,2.6312870979309082
6.6999999999999424,124.1999999999993634,1.8784396648406982
6.6999999999999424,124.2999999999993577,1.4233275651931763
6.6999999999999424,124.3999999999993520,0.9405287504196167
6.6999999999999424,124.4999999999993463,1.0073844194412231
6.6999999999999424,124.5999999999993406,1.1679725646972656
6.6999999999999424,124.6999999999993349,1.2311574220657349
6.6999999999999424,124.7999999999993292,1.3025423288345337
6.6999999999999424,124.8999999999993236,1.2934181690216064
6.6999999999999424,124.9999999999993179,1.0758160352706909
6.6999999999999424,125.0999999999993122,1.0210911035537720
6.6999999999999424,125.1999999999993065,1.1659584045410156
6.6999999999999424,125.2999999999993008,1.2625442743301392
6.6999999999999424,126.0999999999992554,6.0340337753295898
6.6999999999999424,126.1999999999992497,6.5848369598388672
6.5999999999999428,121.8999999999994941,4.1574902534484863
6.5999999999999428,121.9999999999994884,3.0977714061737061
6.5999999999999428,122.0999999999994827,2.9268286228179932
6.5999999999999428,122.1999999999994770,4.0178728103637695
6.5999999999999428,124.0999999999993690,2.8650765419006348
6.5999999999999428,124.1999999999993634,2.0799615383148193
6.5999999999999428,124.2999999999993577,1.6086595058441162
6.5999999999999428,124.3999999999993520,0.9470549821853638
6.5999999999999428,124.4999999999993463,0.8882516026496887
6.5999999999999428,124.5999999999993406,0.9418992400169373
6.5999999999999428,124.6999999999993349,0.9552964568138123
6.5999999999999428,124.7999999999993292,1.0304256677627563
6.5999999999999428,124.8999999999993236,1.1185779571533203
6.5999999999999428,124.9999999999993179,0.9680983424186707
6.5999999999999428,125.0999999999993122,1.0212914943695068
6.5999999999999428,125.1999999999993065,1.2311972379684448
6.5999999999999428,125.2999999999993008,1.3240494728088379
6.5999999999999428,126.0999999999992554,7.3773980140686035
6.5999999999999428,126.1999999999992497,7.5753226280212402
6.4999999999999432,121.9999999999994884,3.6048047542572021
6.4999999999999432,122.0999999999994827,3.5211133956909180
6.4999999999999432,122.1999999999994770,4.1767244338989258
6.4999999999999432,124.0999999999993690,3.0603482723236084
6.4999999999999432,124.1999999999993634,2.0937538146972656
6.4999999999999432,124.2999999999993577,1.6183193922042847
6.4999999999999432,124.3999999999993520,1.1001621484756470
6.4999999999999432,124.4999999999993463,0.8330110311508179
6.4999999999999432,124.5999999999993406,0.8444698452949524
6.4999999999999432,124.6999999999993349,0.7206982374191284
6.4999999999999432,124.7999999999993292,0.7721683979034424
6.4999999999999432,124.8999999999993236,0.9452849626541138
6.4999999999999432,124.9999999999993179,0.7890017628669739
6.4999999999999432,125.0999999999993122,0.8446642160415649
6.4999999999999432,125.1999999999993065,1.0622080564498901
6.4999999999999432,125.2999999999993008,1.2440154552459717
6.4999999999999432,125.3999999999992951,1.4491777420043945
6.4999999999999432,125.4999999999992895,1.7455831766128540
6.4999999999999432,125.5999999999992838,2.1809699535369873
6.4999999999999432,126.1999999999992497,7.8108201026916504
6.3999999999999435,121.9999999999994884,4.1790037155151367
6.3999999999999435,124.0999999999993690,3.1741533279418945
6.3999999999999435,124.1999999999993634,2.3530766963958740
6.3999999999999435,124.2999999999993577,1.6660078763961792
6.3999999999999435,124.3999999999993520,1.3436853885650635
6.3999999999999435,124.4999999999993463,1.0126936435699463
6.3999999999999435,124.5999999999993406,0.9139936566352844
6.3999999999999435,124.6999999999993349,0.7602158784866333
6.3999999999999435,124.7999999999993292,0.6474002003669739
6.3999999999999435,124.8999999999993236,0.7304766774177551
6.3999999999999435,124.9999999999993179,0.8542734384536743
6.3999999999999435,125.0999999999993122,0.9857412576675415
6.3999999999999435,125.1999999999993065,1.0635443925857544
6.3999999999999435,125.2999999999993008,1.1693753004074097
6.3999999999999435,125.3999999999992951,1.4940254688262939
6.3999999999999435,125.4999999999992895,2.1041855812072754
6.2999999999999439,120.5999999999995680,7.4221558570861816
6.2999999999999439,124.1999999999993634,2.5606558322906494
6.2999999999999439,124.2999999999993577,1.7646405696868896
6.2999999999999439,124.3999999999993520,1.5084800720214844
6.2999999999999439,124.4999999999993463,1.3510382175445557
6.2999999999999439,124.5999999999993406,1.1431026458740234
6.2999999999999439,124.6999999999993349,0.9515927433967590
6.2999999999999439,124.7999999999993292,0.9486951828002930
6.2999999999999439,124.8999999999993236,1.0404690504074097
6.2999999999999439,124.9999999999993179,1.1125712394714355
6.2999999999999439,125.0999999999993122,1.1856203079223633
6.2999999999999439,125.1999999999993065,1.1772149801254272
6.2999999999999439,125.2999999999993008,1.2669066190719604
6.2999999999999439,125.3999999999992951,1.5754977464675903
6.2999999999999439,125.4999999999992895,2.4463491439819336
6.2999999999999439,125.5999999999992838,3.7249412536621094
6.1999999999999442,124.2999999999993577,1.7618247270584106
6.1999999999999442,124.3999999999993520,1.4656283855438232
6.1999999999999442,124.4999999999993463,1.4125752449035645
6.1999999999999442,124.5999999999993406,1.3239121437072754
6.1999999999999442,124.6999999999993349,1.0272499322891235
6.1999999999999442,124.7999999999993292,0.9615840911865234
6.1999999999999442,124.8999999999993236,0.9581943154335022
6.1999999999999442,124.9999999999993179,1.0686751604080200
6.1999999999999442,125.0999999999993122,1.4138424396514893
6.1999999999999442,125.1999999999993065,1.6864980459213257
6.1999999999999442,125.2999999999993008,1.7474122047424316
6.1999999999999442,125.3999999999992951,1.8280489444732666
6.1999999999999442,125.4999999999992895,2.4902386665344238
6.1999999999999442,125.5999999999992838,3.8686785697937012
6.1999999999999442,125.6999999999992781,4.7909469604492188
6.0999999999999446,120.9999999999995453,6.7769770622253418
6.0999999999999446,121.0999999999995396,6.7385206222534180
6.0999999999999446,124.4999999999993463,1.4553073644638062
6.0999999999999446,124.5999999999993406,1.4782646894454956
6.0999999999999446,124.6999999999993349,1.4210772514343262
6.0999999999999446,124.7999999999993292,1.3709952831268311
6.0999999999999446,124.8999999999993236,1.4830718040466309
6.0999999999999446,124.9999999999993179,1.8439638614654541
6.0999999999999446,125.0999999999993122,2.1761827468872070
6.0999999999999446,125.2999999999993008,2.3094651699066162
6.0999999999999446,125.3999999999992951,2.3159620761871338
6.0999999999999446,125.4999999999992895,2.8276097774505615
6.0999999999999446,125.5999999999992838,4.0050101280212402
6.0999999999999446,125.6999999999992781,5.3136973381042480
5.9999999999999449,120.8999999999995509,6.7982749938964844
5.9999999999999449,120.9999999999995453,6.7303280830383301
5.9999999999999449,121.0999999999995396,6.6686382293701172
5.9999999999999449,121.3999999999995225,5.9575033187866211
5.9999999999999449,124.5999999999993406,1.5660588741302490
5.9999999999999449,124.6999999999993349,1.7219597101211548
5.9999999999999449,124.7999999999993292,1.9544992446899414
5.9999999999999449,124.8999999999993236,2.1923120021820068
5.9999999999999449,124.9999999999993179,2.4472579956054688
5.9999999999999449,125.0999999999993122,2.7199425697326660
5.9999999999999449,125.3999999999992951,2.4808456897735596
5.9999999999999449,125.4999999999992895,3.0736906528472900
5.9999999999999449,125.5999999999992838,4.0728526115417480
5.8999999999999453,120.8999999999995509,6.7300376892089844
5.8999999999999453,124.7999999999993292,2.1445798873901367
5.8999999999999453,124.8999999999993236,2.5988225936889648
5.8999999999999453,124.9999999999993179,2.7077124118804932
5.8999999999999453,125.0999999999993122,2.7849707603454590
5.8999999999999453,125.1999999999993065,2.6564531326293945
5.8999999999999453,125.2999999999993008,2.4608383178710938
5.8999999999999453,125.3999999999992951,2.3196537494659424
5.8999999999999453,125.4999999999992895,2.9344072341918945
5.8999999999999453,125.5999999999992838,4.1083283424377441
5.7999999999999456,125.2999999999993008,2.4327759742736816
5.7999999999999456,125.3999999999992951,2.2601540088653564
5.7999999999999456,125.4999999999992895,2.7617325782775879
5.6999999999999460,125.2999999999993008,2.6130096912384033
5.6999999999999460,125.3999999999992951,2.6360390186309814
5.5999999999999464,125.2999999999993008,3.3857920169830322
5.5999999999999464,125.3999999999992951,3.3017392158508301
5.3999999999999471,118.8999999999996646,4.3789391517639160
5.3999999999999471,118.9999999999996589,5.0121083259582520
5.3999999999999471,119.0999999999996533,6.0766124725341797
5.3999999999999471,119.1999999999996476,7.0090670585632324
5.2999999999999474,118.8999999999996646,3.7734944820404053
5.2999999999999474,118.9999999999996589,4.4957098960876465
5.2999999999999474,119.0999999999996533,5.6551880836486816
5.2999999999999474,119.1999999999996476,6.7036027908325195
5.2999999999999474,120.1999999999995907,6.7544903755187988
5.1999999999999478,118.8999999999996646,3.4710450172424316
5.1999999999999478,118.9999999999996589,4.1817979812622070
5.1999999999999478,119.0999999999996533,5.4545869827270508
5.1999999999999478,119.1999999999996476,6.7345075607299805
5.1999999999999478,120.1999999999995907,6.7258639335632324
5.0999999999999481,118.8999999999996646,4.3707947731018066
5.0999999999999481,118.9999999999996589,4.9688129425048828
5.0999999999999481,119.7999999999996135,7.1518764495849609
5.0999999999999481,119.8999999999996078,7.0113835334777832
