latitude,longitude,max_wind_speed
19.3999999999999559,121.3999999999995225,28.8823490142822266
19.3999999999999559,121.4999999999995168,29.3678207397460938
18.8999999999999488,121.8999999999994941,31.1207408905029297
18.5999999999999446,120.7999999999995566,22.8945980072021484
18.5999999999999446,120.8999999999995509,22.3892822265625000
18.5999999999999446,121.0999999999995396,22.9387645721435547
18.5999999999999446,121.1999999999995339,23.5500602722167969
18.4999999999999432,120.6999999999995623,20.7968215942382812
18.4999999999999432,120.7999999999995566,19.3465518951416016
18.4999999999999432,120.8999999999995509,17.9303054809570312
18.4999999999999432,120.9999999999995453,17.9235000610351562
18.4999999999999432,121.0999999999995396,18.7722167968750000
18.4999999999999432,121.1999999999995339,19.6812839508056641
18.4999999999999432,121.2999999999995282,21.5563888549804688
18.4999999999999432,122.1999999999994770,31.6751537322998047
18.3999999999999417,120.5999999999995680,19.8920459747314453
18.3999999999999417,120.6999999999995623,18.2841339111328125
18.3999999999999417,120.7999999999995566,16.0821170806884766
18.3999999999999417,120.8999999999995509,13.9942808151245117
18.3999999999999417,120.9999999999995453,13.7101182937622070
18.3999999999999417,121.0999999999995396,14.8751935958862305
18.3999999999999417,121.1999999999995339,16.1739826202392578
18.3999999999999417,121.2999999999995282,18.5614566802978516
18.3999999999999417,121.3999999999995225,21.3879871368408203
18.3999999999999417,121.4999999999995168,23.8015708923339844
18.3999999999999417,121.5999999999995111,24.9325370788574219
18.3999999999999417,122.0999999999994827,30.3141403198242188
18.3999999999999417,122.1999999999994770,31.2180233001708984
18.3999999999999417,122.2999999999994714,31.8858146667480469
18.2999999999999403,120.6999999999995623,16.6034297943115234
18.2999999999999403,120.7999999999995566,14.1665372848510742
18.2999999999999403,120.8999999999995509,11.7304353713989258
18.2999999999999403,120.9999999999995453,11.5844326019287109
18.2999999999999403,121.0999999999995396,12.8184452056884766
18.2999999999999403,121.1999999999995339,14.0838079452514648
18.2999999999999403,121.2999999999995282,16.3956203460693359
18.2999999999999403,121.3999999999995225,19.0552692413330078
18.2999999999999403,121.4999999999995168,21.3404312133789062
18.2999999999999403,121.5999999999995111,22.7051067352294922
18.2999999999999403,121.6999999999995055,24.7116813659667969
18.2999999999999403,122.0999999999994827,26.9802341461181641
18.2999999999999403,122.1999999999994770,28.7911605834960938
18.2999999999999403,122.2999999999994714,30.1307868957519531
18.1999999999999389,120.4999999999995737,20.9310474395751953
18.1999999999999389,120.5999999999995680,18.2203121185302734
18.1999999999999389,120.6999999999995623,15.2446041107177734
18.1999999999999389,120.7999999999995566,13.0043869018554688
18.1999999999999389,120.8999999999995509,10.9052009582519531
18.1999999999999389,120.9999999999995453,10.6421270370483398
18.1999999999999389,121.0999999999995396,11.7205190658569336
18.1999999999999389,121.1999999999995339,12.8485431671142578
18.1999999999999389,121.2999999999995282,14.6853637695312500
18.1999999999999389,121.3999999999995225,16.8517684936523438
18.1999999999999389,121.4999999999995168,19.0619773864746094
18.1999999999999389,121.5999999999995111,19.8682498931884766
18.1999999999999389,121.6999999999995055,21.3618545532226562
18.1999999999999389,121.7999999999994998,22.2228164672851562
18.1999999999999389,121.8999999999994941,21.1670227050781250
18.1999999999999389,121.9999999999994884,21.6252689361572266
18.1999999999999389,122.0999999999994827,23.1907653808593750
18.1999999999999389,122.1999999999994770,26.1582984924316406
18.0999999999999375,120.4999999999995737,21.6914806365966797
18.0999999999999375,120.5999999999995680,17.6392879486083984
18.0999999999999375,120.6999999999995623,14.3523254394531250
18.0999999999999375,120.7999999999995566,12.2036647796630859
18.0999999999999375,120.8999999999995509,10.0888032913208008
18.0999999999999375,120.9999999999995453,9.9791088104248047
18.0999999999999375,121.0999999999995396,10.9966220855712891
18.0999999999999375,121.1999999999995339,12.0519695281982422
18.0999999999999375,121.2999999999995282,13.7606630325317383
18.0999999999999375,121.3999999999995225,15.6674575805664062
18.0999999999999375,121.4999999999995168,16.9603919982910156
18.0999999999999375,121.5999999999995111,17.5097579956054688
18.0999999999999375,121.6999999999995055,18.6201477050781250
18.0999999999999375,121.7999999999994998,19.1589546203613281
18.0999999999999375,121.8999999999994941,18.1477680206298828
18.0999999999999375,121.9999999999994884,17.9054756164550781
18.0999999999999375,122.0999999999994827,19.7759628295898438
18.0999999999999375,122.1999999999994770,22.3409481048583984
17.9999999999999361,120.5999999999995680,16.1694316864013672
17.9999999999999361,120.6999999999995623,12.8673563003540039
17.9999999999999361,120.7999999999995566,10.8429317474365234
17.9999999999999361,120.8999999999995509,9.0197954177856445
17.9999999999999361,120.9999999999995453,8.9326610565185547
17.9999999999999361,121.0999999999995396,10.0061311721801758
17.9999999999999361,121.1999999999995339,11.1319017410278320
17.9999999999999361,121.2999999999995282,12.9857378005981445
17.9999999999999361,121.3999999999995225,15.0825586318969727
17.9999999999999361,121.4999999999995168,16.9331340789794922
17.9999999999999361,121.5999999999995111,16.5711593627929688
17.9999999999999361,121.6999999999995055,17.5069675445556641
17.9999999999999361,121.7999999999994998,17.9178009033203125
17.9999999999999361,121.8999999999994941,16.5024051666259766
17.9999999999999361,121.9999999999994884,15.5797863006591797
17.9999999999999361,122.0999999999994827,17.5054302215576172
17.8999999999999346,120.4999999999995737,19.6758327484130859
17.8999999999999346,120.5999999999995680,14.8798456192016602
17.8999999999999346,120.6999999999995623,11.5482749938964844
17.8999999999999346,120.7999999999995566,9.7396993637084961
17.8999999999999346,120.8999999999995509,8.2171049118041992
17.8999999999999346,120.9999999999995453,8.1681232452392578
17.8999999999999346,121.0999999999995396,9.1238031387329102
17.8999999999999346,121.1999999999995339,10.2479906082153320
17.8999999999999346,121.2999999999995282,12.3417892456054688
17.8999999999999346,121.3999999999995225,14.7117948532104492
17.8999999999999346,121.4999999999995168,16.5194225311279297
17.8999999999999346,121.5999999999995111,16.6177043914794922
17.8999999999999346,121.6999999999995055,16.6798038482666016
17.8999999999999346,121.7999999999994998,16.8738460540771484
17.8999999999999346,121.8999999999994941,15.2120943069458008
17.8999999999999346,121.9999999999994884,14.2016725540161133
17.8999999999999346,122.0999999999994827,15.3599042892456055
17.7999999999999332,120.4999999999995737,19.0925598144531250
17.7999999999999332,120.5999999999995680,14.0915937423706055
17.7999999999999332,120.6999999999995623,10.9173460006713867
17.7999999999999332,120.7999999999995566,9.1560621261596680
17.7999999999999332,120.8999999999995509,8.1321382522583008
17.7999999999999332,120.9999999999995453,8.1533737182617188
17.7999999999999332,121.0999999999995396,8.6373786926269531
17.7999999999999332,121.1999999999995339,9.3318262100219727
17.7999999999999332,121.2999999999995282,11.5473299026489258
17.7999999999999332,121.3999999999995225,14.1665315628051758
17.7999999999999332,121.4999999999995168,16.5486946105957031
17.7999999999999332,121.5999999999995111,16.6821537017822266
17.7999999999999332,121.6999999999995055,16.6023521423339844
17.7999999999999332,121.7999999999994998,16.3046627044677734
17.7999999999999332,121.8999999999994941,14.5350542068481445
17.7999999999999332,121.9999999999994884,13.6671142578125000
17.7999999999999332,122.0999999999994827,15.0680570602416992
17.6999999999999318,120.3999999999995794,23.8695716857910156
17.6999999999999318,120.4999999999995737,19.1036853790283203
17.6999999999999318,120.5999999999995680,14.1337699890136719
17.6999999999999318,120.6999999999995623,10.4497900009155273
17.6999999999999318,120.7999999999995566,9.0112562179565430
17.6999999999999318,120.8999999999995509,8.0967130661010742
17.6999999999999318,120.9999999999995453,7.9667596817016602
17.6999999999999318,121.0999999999995396,8.1874341964721680
17.6999999999999318,121.1999999999995339,8.4426555633544922
17.6999999999999318,121.2999999999995282,10.4745111465454102
17.6999999999999318,121.3999999999995225,13.3575038909912109
17.6999999999999318,121.4999999999995168,15.8043527603149414
17.6999999999999318,121.5999999999995111,16.5410804748535156
17.6999999999999318,121.6999999999995055,16.8396110534667969
17.6999999999999318,121.7999999999994998,16.4055366516113281
17.6999999999999318,121.8999999999994941,14.4063882827758789
17.6999999999999318,121.9999999999994884,13.2868976593017578
17.6999999999999318,122.0999999999994827,14.1583642959594727
17.5999999999999304,120.3999999999995794,24.5790710449218750
17.5999999999999304,120.4999999999995737,19.1593074798583984
17.5999999999999304,120.5999999999995680,14.1668729782104492
17.5999999999999304,120.6999999999995623,10.4890785217285156
17.5999999999999304,120.7999999999995566,9.0135040283203125
17.5999999999999304,120.8999999999995509,8.1225423812866211
17.5999999999999304,120.9999999999995453,7.8284196853637695
17.5999999999999304,121.0999999999995396,7.7693419456481934
17.5999999999999304,121.1999999999995339,7.9632248878479004
17.5999999999999304,121.2999999999995282,9.6593408584594727
17.5999999999999304,121.3999999999995225,12.8267679214477539
17.5999999999999304,121.4999999999995168,15.9640026092529297
17.5999999999999304,121.5999999999995111,16.8139247894287109
17.5999999999999304,121.6999999999995055,17.4720420837402344
17.5999999999999304,121.7999999999994998,17.1060314178466797
17.5999999999999304,121.8999999999994941,14.4430341720581055
17.5999999999999304,121.9999999999994884,13.0578184127807617
17.5999999999999304,122.0999999999994827,14.0026493072509766
17.4999999999999289,120.4999999999995737,18.8807029724121094
17.4999999999999289,120.5999999999995680,13.9799156188964844
17.4999999999999289,120.6999999999995623,10.1670732498168945
17.4999999999999289,120.7999999999995566,8.4607172012329102
17.4999999999999289,120.8999999999995509,7.5027952194213867
17.4999999999999289,120.9999999999995453,7.2692198753356934
17.4999999999999289,121.0999999999995396,7.2766380310058594
17.4999999999999289,121.1999999999995339,7.2927455902099609
17.4999999999999289,121.2999999999995282,9.1753511428833008
17.4999999999999289,121.3999999999995225,11.9810581207275391
17.4999999999999289,121.4999999999995168,14.6889677047729492
17.4999999999999289,121.5999999999995111,15.8569030761718750
17.4999999999999289,121.6999999999995055,16.6659851074218750
17.4999999999999289,121.7999999999994998,16.5642089843750000
17.4999999999999289,121.8999999999994941,14.1766681671142578
17.4999999999999289,121.9999999999994884,12.7570915222167969
17.4999999999999289,122.0999999999994827,13.1696300506591797
17.3999999999999275,120.4999999999995737,18.5461483001708984
17.3999999999999275,120.5999999999995680,13.4446783065795898
17.3999999999999275,120.6999999999995623,9.7513618469238281
17.3999999999999275,120.7999999999995566,7.7376837730407715
17.3999999999999275,120.8999999999995509,6.4857916831970215
17.3999999999999275,120.9999999999995453,6.3646612167358398
17.3999999999999275,121.0999999999995396,6.7115273475646973
17.3999999999999275,121.1999999999995339,7.3358030319213867
17.3999999999999275,121.2999999999995282,8.7575483322143555
17.3999999999999275,121.3999999999995225,11.0078430175781250
17.3999999999999275,121.4999999999995168,13.3299722671508789
17.3999999999999275,121.5999999999995111,14.1592235565185547
17.3999999999999275,121.6999999999995055,15.0172891616821289
17.3999999999999275,121.7999999999994998,14.9171295166015625
17.3999999999999275,121.8999999999994941,13.5361700057983398
17.3999999999999275,121.9999999999994884,12.2806529998779297
17.3999999999999275,122.0999999999994827,12.4568843841552734
17.3999999999999275,122.1999999999994770,14.6187076568603516
17.2999999999999261,120.4999999999995737,17.7373771667480469
17.2999999999999261,120.5999999999995680,12.8843822479248047
17.2999999999999261,120.6999999999995623,9.0303564071655273
17.2999999999999261,120.7999999999995566,7.3890261650085449
17.2999999999999261,120.8999999999995509,6.0917401313781738
17.2999999999999261,120.9999999999995453,6.0336203575134277
17.2999999999999261,121.0999999999995396,6.6793174743652344
17.2999999999999261,121.1999999999995339,7.3265051841735840
17.2999999999999261,121.2999999999995282,8.5935192108154297
17.2999999999999261,121.3999999999995225,10.1081142425537109
17.2999999999999261,121.4999999999995168,11.9487352371215820
17.2999999999999261,121.5999999999995111,13.0128507614135742
17.2999999999999261,121.6999999999995055,13.9053916931152344
17.2999999999999261,121.7999999999994998,14.1391754150390625
17.2999999999999261,121.8999999999994941,12.8062572479248047
17.2999999999999261,121.9999999999994884,11.7977342605590820
17.2999999999999261,122.0999999999994827,11.4810466766357422
17.2999999999999261,122.1999999999994770,12.9290847778320312
17.2999999999999261,122.2999999999994714,14.5389089584350586
17.1999999999999247,120.4999999999995737,17.3053665161132812
17.1999999999999247,120.5999999999995680,11.7763347625732422
17.1999999999999247,120.6999999999995623,8.2560539245605469
17.1999999999999247,120.7999999999995566,6.9654545783996582
17.1999999999999247,120.8999999999995509,5.8744044303894043
17.1999999999999247,120.9999999999995453,6.0159115791320801
17.1999999999999247,121.0999999999995396,6.8038129806518555
17.1999999999999247,121.1999999999995339,7.5794901847839355
17.1999999999999247,121.2999999999995282,8.3416585922241211
17.1999999999999247,121.3999999999995225,9.2188711166381836
17.1999999999999247,121.4999999999995168,10.5807857513427734
17.1999999999999247,121.5999999999995111,11.5240077972412109
17.1999999999999247,121.6999999999995055,12.5015830993652344
17.1999999999999247,121.7999999999994998,12.9264106750488281
17.1999999999999247,121.8999999999994941,12.0412607192993164
17.1999999999999247,121.9999999999994884,11.1797904968261719
17.1999999999999247,122.0999999999994827,11.2299900054931641
17.1999999999999247,122.1999999999994770,12.0347452163696289
17.1999999999999247,122.2999999999994714,12.9693279266357422
17.1999999999999247,122.3999999999994657,14.2928581237792969
17.0999999999999233,120.4999999999995737,15.6780176162719727
17.0999999999999233,120.5999999999995680,10.6711978912353516
17.0999999999999233,120.6999999999995623,7.3830184936523438
17.0999999999999233,120.7999999999995566,6.5258445739746094
17.0999999999999233,120.8999999999995509,5.8401899337768555
17.0999999999999233,120.9999999999995453,6.1112904548645020
17.0999999999999233,121.0999999999995396,7.0053529739379883
17.0999999999999233,121.1999999999995339,8.0654268264770508
17.0999999999999233,121.2999999999995282,8.3260021209716797
17.0999999999999233,121.3999999999995225,8.3615531921386719
17.0999999999999233,121.4999999999995168,9.0394105911254883
17.0999999999999233,121.5999999999995111,10.0509748458862305
17.0999999999999233,121.6999999999995055,11.2837238311767578
17.0999999999999233,121.7999999999994998,12.2259483337402344
17.0999999999999233,121.8999999999994941,11.8827028274536133
17.0999999999999233,121.9999999999994884,11.5499553680419922
17.0999999999999233,122.0999999999994827,11.1825952529907227
17.0999999999999233,122.1999999999994770,11.3362846374511719
17.0999999999999233,122.2999999999994714,11.7088308334350586
17.0999999999999233,122.3999999999994657,13.8023500442504883
17.0999999999999233,122.4999999999994600,18.5355243682861328
16.9999999999999218,120.4999999999995737,15.4512710571289062
16.9999999999999218,120.5999999999995680,10.0813941955566406
16.9999999999999218,120.6999999999995623,6.7131438255310059
16.9999999999999218,120.7999999999995566,6.1699547767639160
16.9999999999999218,120.8999999999995509,5.7553176879882812
16.9999999999999218,120.9999999999995453,6.2266573905944824
16.9999999999999218,121.0999999999995396,7.1814312934875488
16.9999999999999218,121.1999999999995339,8.2686214447021484
16.9999999999999218,121.2999999999995282,8.1543064117431641
16.9999999999999218,121.3999999999995225,7.8408126831054688
16.9999999999999218,121.4999999999995168,7.9753022193908691
16.9999999999999218,121.5999999999995111,9.3214426040649414
16.9999999999999218,121.6999999999995055,11.2013854980468750
16.9999999999999218,121.7999999999994998,12.2096490859985352
16.9999999999999218,121.8999999999994941,12.1291942596435547
16.9999999999999218,121.9999999999994884,11.9554042816162109
16.9999999999999218,122.0999999999994827,11.6194972991943359
16.9999999999999218,122.1999999999994770,11.0656805038452148
16.9999999999999218,122.2999999999994714,10.8845434188842773
16.9999999999999218,122.3999999999994657,13.0733461380004883
16.8999999999999204,120.3999999999995794,17.7951374053955078
16.8999999999999204,120.4999999999995737,14.1958703994750977
16.8999999999999204,120.5999999999995680,9.2307672500610352
16.8999999999999204,120.6999999999995623,6.3892769813537598
16.8999999999999204,120.7999999999995566,6.1739907264709473
16.8999999999999204,120.8999999999995509,6.0967082977294922
16.8999999999999204,120.9999999999995453,6.3893017768859863
16.8999999999999204,121.0999999999995396,7.0727591514587402
16.8999999999999204,121.1999999999995339,8.0723066329956055
16.8999999999999204,121.2999999999995282,7.9314627647399902
16.8999999999999204,121.3999999999995225,7.8254151344299316
16.8999999999999204,121.4999999999995168,8.3819065093994141
16.8999999999999204,121.5999999999995111,9.6746816635131836
16.8999999999999204,121.6999999999995055,11.2917070388793945
16.8999999999999204,121.7999999999994998,12.4027194976806641
16.8999999999999204,121.8999999999994941,11.7261981964111328
16.8999999999999204,121.9999999999994884,11.2566871643066406
16.8999999999999204,122.0999999999994827,10.8693313598632812
16.8999999999999204,122.1999999999994770,10.6616840362548828
16.8999999999999204,122.2999999999994714,10.5868034362792969
16.8999999999999204,122.3999999999994657,13.2326402664184570
16.7999999999999190,120.3999999999995794,17.3088569641113281
16.7999999999999190,120.4999999999995737,12.8289747238159180
16.7999999999999190,120.5999999999995680,8.6463384628295898
16.7999999999999190,120.6999999999995623,6.2813377380371094
16.7999999999999190,120.7999999999995566,6.2504506111145020
16.7999999999999190,120.8999999999995509,6.4985280036926270
16.7999999999999190,120.9999999999995453,6.7073230743408203
16.7999999999999190,121.0999999999995396,7.0366215705871582
16.7999999999999190,121.1999999999995339,7.8657388687133789
16.7999999999999190,121.2999999999995282,7.8111019134521484
16.7999999999999190,121.3999999999995225,8.0020265579223633
16.7999999999999190,121.4999999999995168,8.8543653488159180
16.7999999999999190,121.5999999999995111,10.1915807723999023
16.7999999999999190,121.6999999999995055,11.6031723022460938
16.7999999999999190,121.7999999999994998,12.4276771545410156
16.7999999999999190,121.8999999999994941,11.3233594894409180
16.7999999999999190,121.9999999999994884,10.3105688095092773
16.7999999999999190,122.0999999999994827,9.9164886474609375
16.7999999999999190,122.1999999999994770,10.1778297424316406
16.7999999999999190,122.2999999999994714,10.6359434127807617
16.7999999999999190,122.3999999999994657,12.1958150863647461
16.6999999999999176,120.3999999999995794,15.6621618270874023
16.6999999999999176,120.4999999999995737,11.6849880218505859
16.6999999999999176,120.5999999999995680,8.0293712615966797
16.6999999999999176,120.6999999999995623,6.0502624511718750
16.6999999999999176,120.7999999999995566,6.3470826148986816
16.6999999999999176,120.8999999999995509,6.8255376815795898
16.6999999999999176,120.9999999999995453,6.7949271202087402
16.6999999999999176,121.0999999999995396,7.1209044456481934
16.6999999999999176,121.1999999999995339,7.7161555290222168
16.6999999999999176,121.2999999999995282,7.7292528152465820
16.6999999999999176,121.3999999999995225,8.1673440933227539
16.6999999999999176,121.4999999999995168,9.2534666061401367
16.6999999999999176,121.5999999999995111,10.3996572494506836
16.6999999999999176,121.6999999999995055,11.5288906097412109
16.6999999999999176,121.7999999999994998,12.1016664505004883
16.6999999999999176,121.8999999999994941,10.7860450744628906
16.6999999999999176,121.9999999999994884,9.5642347335815430
16.6999999999999176,122.0999999999994827,9.2793064117431641
16.6999999999999176,122.1999999999994770,10.1978025436401367
16.6999999999999176,122.2999999999994714,11.2075223922729492
16.5999999999999162,120.2999999999995850,18.0843391418457031
16.5999999999999162,120.3999999999995794,15.5301675796508789
16.5999999999999162,120.4999999999995737,11.3463344573974609
16.5999999999999162,120.5999999999995680,7.4591774940490723
16.5999999999999162,120.6999999999995623,5.7725529670715332
16.5999999999999162,120.7999999999995566,5.9546532630920410
16.5999999999999162,120.8999999999995509,6.2165913581848145
16.5999999999999162,120.9999999999995453,6.1360292434692383
16.5999999999999162,121.0999999999995396,6.4782495498657227
16.5999999999999162,121.1999999999995339,6.9472327232360840
16.5999999999999162,121.2999999999995282,7.3400993347167969
16.5999999999999162,121.3999999999995225,7.7938899993896484
16.5999999999999162,121.4999999999995168,8.6939487457275391
16.5999999999999162,121.5999999999995111,9.3053569793701172
16.5999999999999162,121.6999999999995055,9.8556470870971680
16.5999999999999162,121.7999999999994998,10.2441082000732422
16.5999999999999162,121.8999999999994941,9.6543579101562500
16.5999999999999162,121.9999999999994884,9.1111116409301758
16.5999999999999162,122.0999999999994827,9.5859470367431641
16.5999999999999162,122.1999999999994770,11.5547542572021484
16.5999999999999162,122.2999999999994714,12.9967546463012695
16.4999999999999147,120.2999999999995850,17.1454811096191406
16.4999999999999147,120.3999999999995794,15.1999998092651367
16.4999999999999147,120.4999999999995737,11.2577600479125977
16.4999999999999147,120.5999999999995680,7.5012817382812500
16.4999999999999147,120.6999999999995623,5.7301254272460938
16.4999999999999147,120.7999999999995566,5.6076288223266602
16.4999999999999147,120.8999999999995509,5.6216311454772949
16.4999999999999147,120.9999999999995453,5.7080421447753906
16.4999999999999147,121.0999999999995396,6.0133919715881348
16.4999999999999147,121.1999999999995339,6.5594487190246582
16.4999999999999147,121.2999999999995282,7.0600023269653320
16.4999999999999147,121.3999999999995225,7.5181703567504883
16.4999999999999147,121.4999999999995168,7.9767179489135742
16.4999999999999147,121.5999999999995111,8.1231527328491211
16.4999999999999147,121.6999999999995055,8.1638765335083008
16.4999999999999147,121.7999999999994998,8.2672376632690430
16.4999999999999147,121.8999999999994941,8.4216003417968750
16.4999999999999147,121.9999999999994884,8.6793327331542969
16.4999999999999147,122.0999999999994827,10.0067605972290039
16.4999999999999147,122.1999999999994770,13.1764221191406250
16.3999999999999133,120.3999999999995794,16.2490844726562500
16.3999999999999133,120.4999999999995737,12.0992097854614258
16.3999999999999133,120.5999999999995680,8.2341222763061523
16.3999999999999133,120.6999999999995623,6.2761712074279785
16.3999999999999133,120.7999999999995566,5.8008060455322266
16.3999999999999133,120.8999999999995509,5.5358309745788574
16.3999999999999133,120.9999999999995453,5.5307064056396484
16.3999999999999133,121.0999999999995396,5.8584427833557129
16.3999999999999133,121.1999999999995339,6.4484744071960449
16.3999999999999133,121.2999999999995282,6.8920311927795410
16.3999999999999133,121.3999999999995225,7.2296519279479980
16.3999999999999133,121.4999999999995168,7.5155472755432129
16.3999999999999133,121.5999999999995111,7.4044165611267090
16.3999999999999133,121.6999999999995055,7.3089294433593750
16.3999999999999133,121.7999999999994998,7.4759111404418945
16.3999999999999133,121.8999999999994941,8.3431596755981445
16.3999999999999133,121.9999999999994884,9.3459663391113281
16.3999999999999133,122.0999999999994827,11.4993600845336914
16.3999999999999133,122.1999999999994770,15.0855770111083984
16.2999999999999119,119.7999999999996135,16.9928779602050781
16.2999999999999119,120.3999999999995794,17.9662818908691406
16.2999999999999119,120.4999999999995737,14.0975961685180664
16.2999999999999119,120.5999999999995680,10.0289249420166016
16.2999999999999119,120.6999999999995623,7.7793059349060059
16.2999999999999119,120.7999999999995566,6.5832486152648926
16.2999999999999119,120.8999999999995509,5.6782736778259277
16.2999999999999119,120.9999999999995453,5.5278005599975586
16.2999999999999119,121.0999999999995396,5.8939538002014160
16.2999999999999119,121.1999999999995339,6.5402202606201172
16.2999999999999119,121.2999999999995282,6.7881064414978027
16.2999999999999119,121.3999999999995225,6.9055256843566895
16.2999999999999119,121.4999999999995168,7.0537915229797363
16.2999999999999119,121.5999999999995111,7.2374463081359863
16.2999999999999119,121.6999999999995055,7.4341664314270020
16.2999999999999119,121.7999999999994998,7.9693117141723633
16.2999999999999119,121.8999999999994941,9.7736234664916992
16.2999999999999119,121.9999999999994884,11.7917098999023438
16.2999999999999119,122.0999999999994827,14.1749238967895508
16.1999999999999105,119.7999999999996135,15.5894680023193359
16.1999999999999105,119.8999999999996078,17.0435905456542969
16.1999999999999105,119.9999999999996021,18.3988094329833984
16.1999999999999105,120.4999999999995737,16.1147632598876953
16.1999999999999105,120.5999999999995680,11.9653558731079102
16.1999999999999105,120.6999999999995623,9.2105531692504883
16.1999999999999105,120.7999999999995566,7.3673987388610840
16.1999999999999105,120.8999999999995509,5.8766436576843262
16.1999999999999105,120.9999999999995453,5.5348243713378906
16.1999999999999105,121.0999999999995396,6.0235347747802734
16.1999999999999105,121.1999999999995339,6.5594964027404785
16.1999999999999105,121.2999999999995282,6.7254557609558105
16.1999999999999105,121.3999999999995225,6.6819763183593750
16.1999999999999105,121.4999999999995168,6.6748476028442383
16.1999999999999105,121.5999999999995111,7.0883579254150391
16.1999999999999105,121.6999999999995055,7.6000723838806152
16.1999999999999105,121.7999999999994998,8.7674131393432617
16.1999999999999105,121.8999999999994941,11.2851610183715820
16.1999999999999105,121.9999999999994884,14.1757802963256836
16.0999999999999091,119.7999999999996135,15.0890207290649414
16.0999999999999091,119.8999999999996078,15.7577629089355469
16.0999999999999091,119.9999999999996021,16.9863224029541016
16.0999999999999091,120.4999999999995737,15.9440259933471680
16.0999999999999091,120.5999999999995680,12.4422016143798828
16.0999999999999091,120.6999999999995623,9.7961959838867188
16.0999999999999091,120.7999999999995566,7.9856305122375488
16.0999999999999091,120.8999999999995509,6.4983901977539062
16.0999999999999091,120.9999999999995453,6.0633344650268555
16.0999999999999091,121.0999999999995396,6.4745783805847168
16.0999999999999091,121.1999999999995339,6.9405570030212402
16.0999999999999091,121.2999999999995282,6.9865593910217285
16.0999999999999091,121.3999999999995225,6.9307537078857422
16.0999999999999091,121.4999999999995168,7.0395874977111816
16.0999999999999091,121.5999999999995111,7.8413624763488770
16.0999999999999091,121.6999999999995055,8.8838596343994141
15.9999999999999094,119.7999999999996135,15.1409940719604492
15.9999999999999094,119.8999999999996078,14.7984724044799805
15.9999999999999094,119.9999999999996021,14.5719661712646484
15.9999999999999094,120.0999999999995964,14.6258783340454102
15.9999999999999094,120.1999999999995907,15.0613079071044922
15.9999999999999094,120.2999999999995850,15.9320735931396484
15.9999999999999094,120.3999999999995794,16.2082290649414062
15.9999999999999094,120.4999999999995737,14.0380210876464844
15.9999999999999094,120.5999999999995680,11.9115247726440430
15.9999999999999094,120.6999999999995623,10.0168256759643555
15.9999999999999094,120.7999999999995566,8.4933185577392578
15.9999999999999094,120.8999999999995509,7.3899230957031250
15.9999999999999094,120.9999999999995453,7.0190286636352539
15.9999999999999094,121.0999999999995396,7.1814599037170410
15.9999999999999094,121.1999999999995339,7.3804135322570801
15.9999999999999094,121.2999999999995282,7.4691796302795410
15.9999999999999094,121.3999999999995225,7.4838070869445801
15.9999999999999094,121.4999999999995168,7.5633559226989746
15.9999999999999094,121.5999999999995111,8.9812698364257812
15.8999999999999098,119.9999999999996021,12.7776393890380859
15.8999999999999098,120.0999999999995964,11.7130193710327148
15.8999999999999098,120.1999999999995907,12.0751314163208008
15.8999999999999098,120.2999999999995850,12.7509822845458984
15.8999999999999098,120.3999999999995794,13.2003641128540039
15.8999999999999098,120.4999999999995737,12.2940835952758789
15.8999999999999098,120.5999999999995680,11.3445873260498047
15.8999999999999098,120.6999999999995623,10.3256807327270508
15.8999999999999098,120.7999999999995566,9.3202447891235352
15.8999999999999098,120.8999999999995509,8.5676870346069336
15.8999999999999098,120.9999999999995453,8.0673894882202148
15.8999999999999098,121.0999999999995396,7.8661336898803711
15.8999999999999098,121.1999999999995339,7.7845292091369629
15.8999999999999098,121.2999999999995282,7.8523006439208984
15.8999999999999098,121.3999999999995225,7.9477062225341797
15.8999999999999098,121.4999999999995168,8.3628282546997070
15.8999999999999098,121.5999999999995111,9.2571392059326172
15.7999999999999101,119.9999999999996021,11.6322755813598633
15.7999999999999101,120.0999999999995964,9.9557638168334961
15.7999999999999101,120.1999999999995907,9.8646383285522461
15.7999999999999101,120.2999999999995850,10.1431150436401367
15.7999999999999101,120.3999999999995794,10.5387639999389648
15.7999999999999101,120.4999999999995737,10.4777250289916992
15.7999999999999101,120.5999999999995680,10.4277353286743164
15.7999999999999101,120.6999999999995623,10.0537977218627930
15.7999999999999101,120.7999999999995566,9.4244184494018555
15.7999999999999101,120.8999999999995509,8.9675340652465820
15.7999999999999101,120.9999999999995453,8.4555702209472656
15.7999999999999101,121.0999999999995396,7.8712844848632812
15.7999999999999101,121.1999999999995339,7.4995665550231934
15.7999999999999101,121.2999999999995282,7.5361528396606445
15.7999999999999101,121.3999999999995225,7.7479920387268066
15.7999999999999101,121.4999999999995168,8.1122922897338867
15.6999999999999105,119.9999999999996021,10.7499618530273438
15.6999999999999105,120.0999999999995964,8.2207155227661133
15.6999999999999105,120.1999999999995907,7.9330368041992188
15.6999999999999105,120.2999999999995850,7.9093580245971680
15.6999999999999105,120.3999999999995794,8.1167392730712891
15.6999999999999105,120.4999999999995737,8.7017593383789062
15.6999999999999105,120.5999999999995680,9.2915802001953125
15.6999999999999105,120.6999999999995623,9.4399385452270508
15.6999999999999105,120.7999999999995566,9.1527643203735352
15.6999999999999105,120.8999999999995509,8.9437065124511719
15.6999999999999105,120.9999999999995453,8.3866109848022461
15.6999999999999105,121.0999999999995396,7.6038918495178223
15.6999999999999105,121.1999999999995339,7.0973777770996094
15.6999999999999105,121.2999999999995282,6.9523839950561523
15.6999999999999105,121.3999999999995225,7.3176140785217285
15.6999999999999105,121.4999999999995168,8.1752719879150391
15.5999999999999108,119.9999999999996021,9.9943284988403320
15.5999999999999108,120.0999999999995964,6.9679579734802246
15.5999999999999108,120.1999999999995907,6.2838640213012695
15.5999999999999108,120.2999999999995850,6.0472660064697266
15.5999999999999108,120.3999999999995794,6.4482498168945312
15.5999999999999108,120.4999999999995737,7.5254077911376953
15.5999999999999108,120.5999999999995680,8.6387023925781250
15.5999999999999108,120.6999999999995623,9.1160497665405273
15.5999999999999108,120.7999999999995566,8.8625020980834961
15.5999999999999108,120.8999999999995509,8.7831220626831055
15.5999999999999108,120.9999999999995453,8.2712764739990234
15.5999999999999108,121.0999999999995396,7.5133018493652344
15.5999999999999108,121.1999999999995339,7.0550894737243652
15.5999999999999108,121.2999999999995282,6.9158153533935547
15.5999999999999108,121.3999999999995225,7.2869739532470703
15.5999999999999108,121.4999999999995168,8.0876045227050781
15.4999999999999112,119.9999999999996021,9.7723722457885742
15.4999999999999112,120.0999999999995964,6.6601638793945312
15.4999999999999112,120.1999999999995907,6.1284961700439453
15.4999999999999112,120.2999999999995850,6.1759433746337891
15.4999999999999112,120.3999999999995794,6.4993524551391602
15.4999999999999112,120.4999999999995737,7.3595762252807617
15.4999999999999112,120.5999999999995680,8.2637920379638672
15.4999999999999112,120.6999999999995623,8.5807781219482422
15.4999999999999112,120.7999999999995566,8.2402448654174805
15.4999999999999112,120.8999999999995509,7.9081463813781738
15.4999999999999112,120.9999999999995453,7.6789178848266602
15.4999999999999112,121.0999999999995396,7.4330301284790039
15.4999999999999112,121.1999999999995339,7.5004296302795410
15.4999999999999112,121.2999999999995282,7.9694886207580566
15.4999999999999112,121.3999999999995225,8.9209051132202148
15.4999999999999112,121.4999999999995168,9.6029834747314453
15.3999999999999115,119.8999999999996078,12.8759174346923828
15.3999999999999115,119.9999999999996021,9.8614292144775391
15.3999999999999115,120.0999999999995964,7.0907745361328125
15.3999999999999115,120.1999999999995907,6.7987174987792969
15.3999999999999115,120.2999999999995850,6.7994375228881836
15.3999999999999115,120.3999999999995794,6.9700226783752441
15.3999999999999115,120.4999999999995737,7.4383001327514648
15.3999999999999115,120.5999999999995680,7.9345412254333496
15.3999999999999115,120.6999999999995623,7.9902133941650391
15.3999999999999115,120.7999999999995566,7.4840960502624512
15.3999999999999115,120.8999999999995509,7.0102343559265137
15.3999999999999115,120.9999999999995453,7.1321506500244141
15.3999999999999115,121.0999999999995396,7.7007617950439453
15.3999999999999115,121.1999999999995339,8.3396205902099609
15.3999999999999115,121.2999999999995282,9.6768198013305664
15.2999999999999119,119.9999999999996021,9.7140550613403320
15.2999999999999119,120.0999999999995964,7.9746594429016113
15.2999999999999119,120.1999999999995907,7.7004113197326660
15.2999999999999119,120.2999999999995850,7.6914086341857910
15.2999999999999119,120.3999999999995794,7.6992373466491699
15.2999999999999119,120.4999999999995737,7.6674547195434570
15.2999999999999119,120.5999999999995680,7.7504448890686035
15.2999999999999119,120.6999999999995623,7.6271567344665527
15.2999999999999119,120.7999999999995566,6.9906115531921387
15.2999999999999119,120.8999999999995509,6.4798693656921387
15.2999999999999119,120.9999999999995453,6.8480067253112793
15.2999999999999119,121.0999999999995396,7.9067120552062988
15.2999999999999119,121.1999999999995339,8.9684925079345703
15.2999999999999119,121.2999999999995282,10.6385297775268555
15.2999999999999119,121.3999999999995225,12.4394598007202148
15.1999999999999122,120.0999999999995964,8.6193552017211914
15.1999999999999122,120.1999999999995907,7.9253611564636230
15.1999999999999122,120.2999999999995850,7.5127182006835938
15.1999999999999122,120.3999999999995794,7.2701225280761719
15.1999999999999122,120.4999999999995737,7.4464917182922363
15.1999999999999122,120.5999999999995680,7.9079794883728027
15.1999999999999122,120.6999999999995623,7.8454227447509766
15.1999999999999122,120.7999999999995566,7.1683344841003418
15.1999999999999122,120.8999999999995509,6.5501136779785156
15.1999999999999122,120.9999999999995453,6.7999410629272461
15.1999999999999122,121.0999999999995396,7.4712123870849609
15.1999999999999122,121.1999999999995339,8.2200241088867188
15.1999999999999122,121.2999999999995282,9.5981845855712891
15.0999999999999126,120.0999999999995964,9.4441432952880859
15.0999999999999126,120.1999999999995907,8.4076852798461914
15.0999999999999126,120.2999999999995850,7.5116667747497559
15.0999999999999126,120.3999999999995794,6.9944891929626465
15.0999999999999126,120.4999999999995737,7.4939484596252441
15.0999999999999126,120.5999999999995680,8.0822792053222656
15.0999999999999126,120.6999999999995623,8.1128482818603516
15.0999999999999126,120.7999999999995566,7.4170484542846680
15.0999999999999126,120.8999999999995509,6.8144907951354980
15.0999999999999126,120.9999999999995453,6.7339792251586914
15.0999999999999126,121.0999999999995396,6.9984207153320312
15.0999999999999126,121.1999999999995339,7.3148159980773926
15.0999999999999126,121.2999999999995282,8.4621267318725586
15.0999999999999126,121.3999999999995225,9.8007726669311523
14.9999999999999130,120.0999999999995964,10.4640722274780273
14.9999999999999130,120.1999999999995907,9.2469129562377930
14.9999999999999130,120.2999999999995850,8.1067705154418945
14.9999999999999130,120.3999999999995794,7.4191088676452637
14.9999999999999130,120.4999999999995737,7.8347740173339844
14.9999999999999130,120.5999999999995680,8.3997764587402344
14.9999999999999130,120.6999999999995623,8.6665506362915039
14.9999999999999130,120.7999999999995566,7.9382100105285645
14.9999999999999130,120.8999999999995509,7.3386187553405762
14.9999999999999130,120.9999999999995453,7.0870037078857422
14.9999999999999130,121.0999999999995396,6.9790158271789551
14.9999999999999130,121.1999999999995339,7.0034375190734863
14.9999999999999130,121.2999999999995282,7.7027621269226074
14.9999999999999130,121.3999999999995225,8.7240705490112305
14.9999999999999130,121.4999999999995168,9.7962970733642578
14.9999999999999130,121.8999999999994941,14.7483692169189453
14.9999999999999130,121.9999999999994884,15.1054544448852539
14.8999999999999133,120.0999999999995964,12.1852960586547852
14.8999999999999133,120.1999999999995907,10.6800308227539062
14.8999999999999133,120.2999999999995850,9.3991756439208984
14.8999999999999133,120.3999999999995794,8.5614814758300781
14.8999999999999133,120.4999999999995737,9.0114765167236328
14.8999999999999133,120.7999999999995566,9.0426445007324219
14.8999999999999133,120.8999999999995509,8.4907951354980469
14.8999999999999133,120.9999999999995453,8.0426406860351562
14.8999999999999133,121.0999999999995396,7.6784677505493164
14.8999999999999133,121.1999999999995339,7.3658976554870605
14.8999999999999133,121.2999999999995282,7.7202534675598145
14.8999999999999133,121.3999999999995225,8.2235479354858398
14.8999999999999133,121.4999999999995168,8.9650688171386719
14.8999999999999133,121.8999999999994941,14.8376016616821289
14.8999999999999133,121.9999999999994884,15.1171970367431641
14.7999999999999137,120.1999999999995907,12.7882041931152344
14.7999999999999137,120.2999999999995850,10.3143148422241211
14.7999999999999137,120.3999999999995794,9.9763975143432617
14.7999999999999137,120.4999999999995737,10.2634391784667969
14.7999999999999137,120.8999999999995509,9.5318651199340820
14.7999999999999137,120.9999999999995453,9.0457983016967773
14.7999999999999137,121.0999999999995396,8.4133996963500977
14.7999999999999137,121.1999999999995339,7.8553767204284668
14.7999999999999137,121.2999999999995282,7.6853318214416504
14.7999999999999137,121.3999999999995225,7.7237429618835449
14.7999999999999137,121.4999999999995168,7.9259009361267090
14.7999999999999137,121.5999999999995111,9.7768726348876953
14.7999999999999137,121.8999999999994941,14.9273824691772461
14.7999999999999137,121.9999999999994884,15.4240474700927734
14.7999999999999137,122.1999999999994770,17.0376453399658203
14.6999999999999140,120.2999999999995850,11.8477993011474609
14.6999999999999140,120.3999999999995794,11.5089063644409180
14.6999999999999140,120.4999999999995737,11.8443803787231445
14.6999999999999140,120.9999999999995453,10.1449785232543945
14.6999999999999140,121.0999999999995396,9.6265859603881836
14.6999999999999140,121.1999999999995339,9.1217288970947266
14.6999999999999140,121.2999999999995282,8.7164745330810547
14.6999999999999140,121.3999999999995225,8.3036947250366211
14.6999999999999140,121.4999999999995168,8.2311201095581055
14.6999999999999140,121.5999999999995111,9.6200904846191406
14.6999999999999140,121.9999999999994884,15.3982009887695312
14.6999999999999140,122.3999999999994657,17.6296367645263672
14.5999999999999144,120.3999999999995794,13.5296459197998047
14.5999999999999144,120.4999999999995737,13.6037654876708984
14.5999999999999144,120.5999999999995680,13.9205036163330078
14.5999999999999144,120.9999999999995453,11.2803239822387695
14.5999999999999144,121.0999999999995396,11.2331295013427734
14.5999999999999144,121.1999999999995339,11.1528320312500000
14.5999999999999144,121.2999999999995282,10.5785684585571289
14.5999999999999144,121.3999999999995225,9.8120088577270508
14.5999999999999144,121.4999999999995168,9.2136363983154297
14.5999999999999144,121.5999999999995111,10.8782520294189453
14.4999999999999147,120.4999999999995737,15.1596975326538086
14.4999999999999147,120.5999999999995680,14.9896335601806641
14.4999999999999147,121.0999999999995396,12.4563760757446289
14.4999999999999147,121.1999999999995339,13.1179027557373047
14.4999999999999147,121.2999999999995282,12.0963258743286133
14.4999999999999147,121.3999999999995225,11.1352920532226562
14.4999999999999147,121.4999999999995168,10.4731731414794922
14.4999999999999147,121.5999999999995111,11.3710927963256836
14.3999999999999151,120.7999999999995566,11.5147056579589844
14.3999999999999151,120.8999999999995509,10.5425739288330078
14.3999999999999151,120.9999999999995453,11.2015333175659180
14.3999999999999151,121.2999999999995282,10.9517984390258789
14.3999999999999151,121.4999999999995168,9.6002197265625000
14.3999999999999151,121.5999999999995111,11.0799350738525391
14.3999999999999151,121.6999999999995055,12.0288944244384766
14.2999999999999154,120.6999999999995623,11.6233234405517578
14.2999999999999154,120.7999999999995566,10.5357465744018555
14.2999999999999154,120.8999999999995509,9.3497638702392578
14.2999999999999154,120.9999999999995453,9.2581205368041992
14.2999999999999154,121.0999999999995396,9.8971204757690430
14.2999999999999154,121.4999999999995168,8.6555757522583008
14.2999999999999154,121.5999999999995111,9.8250179290771484
14.2999999999999154,121.6999999999995055,11.8126497268676758
14.2999999999999154,122.4999999999994600,10.9045734405517578
14.2999999999999154,122.6999999999994486,10.6069021224975586
14.1999999999999158,120.5999999999995680,11.9859676361083984
14.1999999999999158,120.6999999999995623,10.6233043670654297
14.1999999999999158,120.7999999999995566,9.2408847808837891
14.1999999999999158,120.8999999999995509,8.1255741119384766
14.1999999999999158,120.9999999999995453,7.9621171951293945
14.1999999999999158,121.0999999999995396,8.3859272003173828
14.1999999999999158,121.3999999999995225,7.8731498718261719
14.1999999999999158,121.4999999999995168,7.5013365745544434
14.1999999999999158,121.5999999999995111,9.0137157440185547
14.1999999999999158,121.6999999999995055,10.9191732406616211
14.1999999999999158,121.9999999999994884,13.1408386230468750
14.1999999999999158,122.3999999999994657,8.4236869812011719
14.1999999999999158,122.4999999999994600,8.4883384704589844
14.1999999999999158,122.5999999999994543,8.3533544540405273
14.1999999999999158,122.6999999999994486,8.3398771286010742
14.1999999999999158,122.7999999999994429,8.3744726181030273
14.1999999999999158,122.8999999999994373,8.4873914718627930
14.0999999999999162,120.5999999999995680,12.1664218902587891
14.0999999999999162,120.6999999999995623,11.2344284057617188
14.0999999999999162,120.7999999999995566,9.7448606491088867
14.0999999999999162,120.8999999999995509,8.5609989166259766
14.0999999999999162,120.9999999999995453,8.0364198684692383
14.0999999999999162,121.0999999999995396,7.9408812522888184
14.0999999999999162,121.1999999999995339,8.0289106369018555
14.0999999999999162,121.2999999999995282,7.7452945709228516
14.0999999999999162,121.3999999999995225,7.6779375076293945
14.0999999999999162,121.4999999999995168,7.9294347763061523
14.0999999999999162,121.5999999999995111,9.3137845993041992
14.0999999999999162,121.6999999999995055,11.1332960128784180
14.0999999999999162,121.7999999999994998,12.9884624481201172
14.0999999999999162,122.0999999999994827,11.1382513046264648
14.0999999999999162,122.2999999999994714,8.5335750579833984
14.0999999999999162,122.3999999999994657,7.7409667968750000
14.0999999999999162,122.4999999999994600,7.5628895759582520
14.0999999999999162,122.5999999999994543,7.5246872901916504
14.0999999999999162,122.6999999999994486,7.5579671859741211
14.0999999999999162,122.7999999999994429,7.5936689376831055
14.0999999999999162,122.8999999999994373,7.9463257789611816
14.0999999999999162,122.9999999999994316,8.8239650726318359
13.9999999999999165,120.6999999999995623,12.5136280059814453
13.9999999999999165,120.7999999999995566,11.2137851715087891
13.9999999999999165,120.8999999999995509,9.9411239624023438
13.9999999999999165,120.9999999999995453,9.0658950805664062
13.9999999999999165,121.0999999999995396,8.2516069412231445
13.9999999999999165,121.1999999999995339,7.8525047302246094
13.9999999999999165,121.2999999999995282,7.7080035209655762
13.9999999999999165,121.3999999999995225,7.8500967025756836
13.9999999999999165,121.4999999999995168,8.4912977218627930
13.9999999999999165,121.5999999999995111,9.9829807281494141
13.9999999999999165,121.6999999999995055,11.6845083236694336
13.9999999999999165,121.7999999999994998,13.0229234695434570
13.9999999999999165,121.8999999999994941,12.4715824127197266
13.9999999999999165,122.3999999999994657,7.2016315460205078
13.9999999999999165,122.4999999999994600,7.1551308631896973
13.9999999999999165,122.5999999999994543,7.2008118629455566
13.9999999999999165,122.6999999999994486,7.2505888938903809
13.9999999999999165,122.7999999999994429,7.2702198028564453
13.9999999999999165,122.8999999999994373,7.4676423072814941
13.9999999999999165,122.9999999999994316,8.8429174423217773
13.9999999999999165,123.2999999999994145,11.4605979919433594
13.9999999999999165,124.1999999999993634,10.9944028854370117
13.9999999999999165,124.2999999999993577,9.2919530868530273
13.8999999999999169,120.5999999999995680,14.0835371017456055
13.8999999999999169,120.9999999999995453,10.1368837356567383
13.8999999999999169,121.0999999999995396,8.8039779663085938
13.8999999999999169,121.1999999999995339,7.6367692947387695
13.8999999999999169,121.2999999999995282,7.6885628700256348
13.8999999999999169,121.3999999999995225,8.1246776580810547
13.8999999999999169,121.4999999999995168,9.0573911666870117
13.8999999999999169,121.9999999999994884,10.7986888885498047
13.8999999999999169,122.0999999999994827,9.3209171295166016
13.8999999999999169,122.1999999999994770,8.2544717788696289
13.8999999999999169,122.2999999999994714,7.3366265296936035
13.8999999999999169,122.3999999999994657,6.8375582695007324
13.8999999999999169,122.6999999999994486,7.1315379142761230
13.8999999999999169,122.7999999999994429,7.0583429336547852
13.8999999999999169,122.8999999999994373,7.3354864120483398
13.8999999999999169,122.9999999999994316,8.4754047393798828
13.8999999999999169,123.3999999999994088,8.9718055725097656
13.8999999999999169,123.4999999999994031,8.4777793884277344
13.8999999999999169,123.5999999999993975,9.3418664932250977
13.8999999999999169,123.6999999999993918,10.5877285003662109
13.8999999999999169,124.1999999999993634,10.0908060073852539
13.8999999999999169,124.2999999999993577,8.4576873779296875
13.7999999999999172,120.0999999999995964,13.9308576583862305
13.7999999999999172,120.1999999999995907,13.9231376647949219
13.7999999999999172,120.8999999999995509,12.0709733963012695
13.7999999999999172,120.9999999999995453,10.9325532913208008
13.7999999999999172,121.0999999999995396,9.3203239440917969
13.7999999999999172,121.1999999999995339,7.8890604972839355
13.7999999999999172,121.2999999999995282,8.0766725540161133
13.7999999999999172,121.3999999999995225,8.9477834701538086
13.7999999999999172,121.9999999999994884,10.3796806335449219
13.7999999999999172,122.0999999999994827,9.2298431396484375
13.7999999999999172,122.1999999999994770,8.1742372512817383
13.7999999999999172,122.2999999999994714,7.3354029655456543
13.7999999999999172,122.3999999999994657,6.9820857048034668
13.7999999999999172,122.7999999999994429,7.2179918289184570
13.7999999999999172,122.8999999999994373,7.3493299484252930
13.7999999999999172,122.9999999999994316,8.3380336761474609
13.7999999999999172,123.2999999999994145,9.0438499450683594
13.7999999999999172,123.3999999999994088,8.2082290649414062
13.7999999999999172,123.4999999999994031,7.6793022155761719
13.7999999999999172,123.5999999999993975,8.5232944488525391
13.7999999999999172,123.6999999999993918,10.0381612777709961
13.7999999999999172,123.7999999999993861,11.2201347351074219
13.7999999999999172,124.1999999999993634,9.6564207077026367
13.7999999999999172,124.2999999999993577,8.2138900756835938
13.6999999999999176,121.0999999999995396,9.9160327911376953
13.6999999999999176,121.1999999999995339,8.6695632934570312
13.6999999999999176,121.2999999999995282,8.9337272644042969
13.6999999999999176,121.3999999999995225,9.6365480422973633
13.6999999999999176,122.1999999999994770,8.4269371032714844
13.6999999999999176,122.2999999999994714,7.6484150886535645
13.6999999999999176,122.3999999999994657,7.5403985977172852
13.6999999999999176,122.8999999999994373,7.4834046363830566
13.6999999999999176,122.9999999999994316,8.2138862609863281
13.6999999999999176,123.0999999999994259,9.1338424682617188
13.6999999999999176,123.1999999999994202,9.9774417877197266
13.6999999999999176,123.2999999999994145,8.8127651214599609
13.6999999999999176,123.3999999999994088,7.5975389480590820
13.6999999999999176,123.4999999999994031,7.0245656967163086
13.6999999999999176,124.0999999999993690,11.0387392044067383
13.6999999999999176,124.1999999999993634,9.4848089218139648
13.6999999999999176,124.2999999999993577,8.1154756546020508
13.5999999999999179,122.2999999999994714,8.0259704589843750
13.5999999999999179,122.3999999999994657,7.9144978523254395
13.5999999999999179,122.4999999999994600,8.0784845352172852
13.5999999999999179,122.8999999999994373,8.0967512130737305
13.5999999999999179,122.9999999999994316,8.7576465606689453
13.5999999999999179,123.0999999999994259,9.5144090652465820
13.5999999999999179,123.1999999999994202,9.6786556243896484
13.5999999999999179,123.2999999999994145,8.5956945419311523
13.5999999999999179,123.3999999999994088,7.2310743331909180
13.5999999999999179,123.4999999999994031,6.4500679969787598
13.5999999999999179,124.1999999999993634,9.6247501373291016
13.5999999999999179,124.2999999999993577,8.4538984298706055
13.4999999999999183,120.6999999999995623,8.1606054306030273
13.4999999999999183,120.7999999999995566,7.9470400810241699
13.4999999999999183,121.8999999999994941,8.5925922393798828
13.4999999999999183,121.9999999999994884,8.0135860443115234
13.4999999999999183,122.4999999999994600,8.1899118423461914
13.4999999999999183,122.5999999999994543,8.6509323120117188
13.4999999999999183,123.1999999999994202,11.4497566223144531
13.4999999999999183,123.2999999999994145,9.3039245605468750
13.4999999999999183,123.3999999999994088,7.3782825469970703
13.4999999999999183,123.4999999999994031,6.2760853767395020
13.4999999999999183,123.5999999999993975,6.6007986068725586
13.3999999999999186,120.4999999999995737,8.6527986526489258
13.3999999999999186,120.5999999999995680,7.0933132171630859
13.3999999999999186,120.6999999999995623,6.0784077644348145
13.3999999999999186,120.7999999999995566,5.6851511001586914
13.3999999999999186,120.8999999999995509,5.5813064575195312
13.3999999999999186,120.9999999999995453,5.1559991836547852
13.3999999999999186,121.0999999999995396,4.2774930000305176
13.3999999999999186,121.1999999999995339,3.7759323120117188
13.3999999999999186,121.7999999999994998,6.3841676712036133
13.3999999999999186,121.8999999999994941,6.2924790382385254
13.3999999999999186,121.9999999999994884,6.0787329673767090
13.3999999999999186,122.0999999999994827,5.9694876670837402
13.3999999999999186,122.4999999999994600,8.5882749557495117
13.3999999999999186,122.5999999999994543,9.1173133850097656
13.3999999999999186,123.1999999999994202,12.5921392440795898
13.3999999999999186,123.2999999999994145,10.5920143127441406
13.3999999999999186,123.3999999999994088,7.7144064903259277
13.3999999999999186,123.4999999999994031,5.9865274429321289
13.3999999999999186,123.5999999999993975,6.3138370513916016
13.2999999999999190,120.5999999999995680,6.5386791229248047
13.2999999999999190,120.6999999999995623,5.2000017166137695
13.2999999999999190,120.7999999999995566,4.5023994445800781
13.2999999999999190,120.8999999999995509,4.0551376342773438
13.2999999999999190,120.9999999999995453,3.6809980869293213
13.2999999999999190,121.0999999999995396,3.2711613178253174
13.2999999999999190,121.1999999999995339,2.8534443378448486
13.2999999999999190,121.2999999999995282,2.8378651142120361
13.2999999999999190,121.8999999999994941,5.4304404258728027
13.2999999999999190,121.9999999999994884,5.7791728973388672
13.2999999999999190,122.5999999999994543,9.8569831848144531
13.2999999999999190,123.2999999999994145,11.4135532379150391
13.2999999999999190,123.4999999999994031,6.3281345367431641
13.2999999999999190,123.5999999999993975,6.2880334854125977
13.2999999999999190,123.6999999999993918,6.4389853477478027
13.2999999999999190,123.8999999999993804,8.6253051757812500
13.1999999999999194,120.6999999999995623,6.4770741462707520
13.1999999999999194,120.7999999999995566,5.3513708114624023
13.1999999999999194,120.8999999999995509,4.5780687332153320
13.1999999999999194,120.9999999999995453,4.0885152816772461
13.1999999999999194,121.0999999999995396,3.6542396545410156
13.1999999999999194,121.1999999999995339,3.1805791854858398
13.1999999999999194,121.3999999999995225,2.4677124023437500
13.1999999999999194,123.2999999999994145,11.3534364700317383
13.1999999999999194,123.3999999999994088,8.8487234115600586
13.1999999999999194,123.4999999999994031,6.9283895492553711
13.1999999999999194,123.5999999999993975,6.8463101387023926
13.1999999999999194,123.6999999999993918,6.9722566604614258
13.0999999999999197,120.6999999999995623,7.0468564033508301
13.0999999999999197,120.7999999999995566,6.2381854057312012
13.0999999999999197,120.8999999999995509,5.1365275382995605
13.0999999999999197,120.9999999999995453,4.4931192398071289
13.0999999999999197,121.0999999999995396,4.0363678932189941
13.0999999999999197,121.1999999999995339,3.5441248416900635
13.0999999999999197,121.2999999999995282,2.6381485462188721
13.0999999999999197,121.3999999999995225,2.2554171085357666
13.0999999999999197,121.4999999999995168,2.3381009101867676
13.0999999999999197,122.9999999999994316,14.5178594589233398
13.0999999999999197,123.3999999999994088,9.3601913452148438
13.0999999999999197,123.4999999999994031,7.8155841827392578
13.0999999999999197,123.5999999999993975,8.0130615234375000
13.0999999999999197,123.6999999999993918,8.5051612854003906
13.0999999999999197,123.7999999999993861,9.5917978286743164
13.0999999999999197,123.8999999999993804,11.3567771911621094
12.9999999999999201,120.7999999999995566,6.6495294570922852
12.9999999999999201,120.8999999999995509,5.5791730880737305
12.9999999999999201,120.9999999999995453,4.8113784790039062
12.9999999999999201,121.0999999999995396,4.3085165023803711
12.9999999999999201,121.1999999999995339,3.7920598983764648
12.9999999999999201,121.2999999999995282,3.1027486324310303
12.9999999999999201,121.3999999999995225,2.6190912723541260
12.9999999999999201,122.9999999999994316,14.6839714050292969
12.9999999999999201,123.0999999999994259,14.5285682678222656
12.9999999999999201,123.4999999999994031,9.1913356781005859
12.9999999999999201,123.5999999999993975,9.7823295593261719
12.9999999999999201,123.6999999999993918,10.1556406021118164
12.9999999999999201,123.7999999999993861,10.8320331573486328
12.9999999999999201,123.8999999999993804,11.6750249862670898
12.9999999999999201,123.9999999999993747,12.4891214370727539
12.9999999999999201,124.0999999999993690,12.8325891494750977
12.8999999999999204,120.7999999999995566,7.2442202568054199
12.8999999999999204,120.8999999999995509,6.0885324478149414
12.8999999999999204,120.9999999999995453,5.1857638359069824
12.8999999999999204,121.0999999999995396,4.5680274963378906
12.8999999999999204,121.1999999999995339,3.9755938053131104
12.8999999999999204,121.2999999999995282,3.6372268199920654
12.8999999999999204,121.3999999999995225,3.3806262016296387
12.8999999999999204,121.4999999999995168,3.2269988059997559
12.8999999999999204,123.1999999999994202,14.2477865219116211
12.8999999999999204,123.7999999999993861,11.8137588500976562
12.8999999999999204,124.0999999999993690,11.5258378982543945
12.7999999999999208,120.7999999999995566,8.0536804199218750
12.7999999999999208,120.8999999999995509,6.9343066215515137
12.7999999999999208,120.9999999999995453,5.9408555030822754
12.7999999999999208,121.0999999999995396,5.1525082588195801
12.7999999999999208,121.1999999999995339,4.4231843948364258
12.7999999999999208,121.2999999999995282,4.3496055603027344
12.7999999999999208,121.3999999999995225,4.5451850891113281
12.7999999999999208,123.8999999999993804,11.3856649398803711
12.7999999999999208,123.9999999999993747,10.1033830642700195
12.7999999999999208,124.0999999999993690,10.3729820251464844
12.6999999999999211,120.8999999999995509,8.1952962875366211
12.6999999999999211,120.9999999999995453,7.2873182296752930
12.6999999999999211,121.0999999999995396,6.4177060127258301
12.6999999999999211,121.1999999999995339,5.6145801544189453
12.6999999999999211,121.2999999999995282,5.6575531959533691
12.6999999999999211,121.3999999999995225,6.2203679084777832
12.6999999999999211,121.4999999999995168,6.8965096473693848
12.6999999999999211,123.8999999999993804,11.3841123580932617
12.6999999999999211,123.9999999999993747,10.1589078903198242
12.6999999999999211,124.0999999999993690,10.2323436737060547
12.5999999999999215,120.9999999999995453,8.8637685775756836
12.5999999999999215,121.0999999999995396,7.9309740066528320
12.5999999999999215,121.1999999999995339,7.1260519027709961
12.5999999999999215,121.2999999999995282,7.3119473457336426
12.5999999999999215,121.3999999999995225,8.1528491973876953
12.5999999999999215,121.4999999999995168,8.7452907562255859
12.5999999999999215,122.0999999999994827,10.5432100296020508
12.5999999999999215,123.9999999999993747,10.7079181671142578
12.4999999999999218,120.9999999999995453,10.3165035247802734
12.4999999999999218,121.0999999999995396,9.4082345962524414
12.4999999999999218,121.1999999999995339,8.5998592376708984
12.4999999999999218,121.2999999999995282,8.9536056518554688
12.4999999999999218,121.3999999999995225,9.7929964065551758
12.4999999999999218,121.9999999999994884,10.1397724151611328
12.4999999999999218,122.4999999999994600,14.1844482421875000
12.4999999999999218,122.5999999999994543,14.9526500701904297
12.4999999999999218,123.2999999999994145,14.0918722152709961
12.4999999999999218,123.3999999999994088,13.7243938446044922
12.4999999999999218,123.4999999999994031,13.4080638885498047
12.4999999999999218,123.6999999999993918,12.3699407577514648
12.4999999999999218,124.2999999999993577,13.2143192291259766
12.4999999999999218,124.3999999999993520,11.6120233535766602
12.4999999999999218,124.4999999999993463,10.0499229431152344
12.4999999999999218,124.5999999999993406,8.7078247070312500
12.4999999999999218,124.6999999999993349,8.0054464340209961
12.4999999999999218,124.7999999999993292,7.5722627639770508
12.4999999999999218,124.8999999999993236,7.3577322959899902
12.4999999999999218,124.9999999999993179,7.2414903640747070
12.4999999999999218,125.0999999999993122,7.1263298988342285
12.4999999999999218,125.1999999999993065,7.2190914154052734
12.3999999999999222,120.9999999999995453,11.0327835083007812
12.3999999999999222,121.0999999999995396,10.6036043167114258
12.3999999999999222,121.1999999999995339,10.2657403945922852
12.3999999999999222,121.2999999999995282,10.5747938156127930
12.3999999999999222,121.9999999999994884,11.1044282913208008
12.3999999999999222,122.0999999999994827,10.7162637710571289
12.3999999999999222,122.4999999999994600,14.1991624832153320
12.3999999999999222,122.5999999999994543,14.7799434661865234
12.3999999999999222,123.2999999999994145,13.2068824768066406
12.3999999999999222,123.3999999999994088,12.5865449905395508
12.3999999999999222,123.4999999999994031,11.9868659973144531
12.3999999999999222,124.3999999999993520,11.0654659271240234
12.3999999999999222,124.4999999999993463,9.6073246002197266
12.3999999999999222,124.5999999999993406,8.2358207702636719
12.3999999999999222,124.6999999999993349,7.7644624710083008
12.3999999999999222,124.7999999999993292,7.3126053810119629
12.3999999999999222,124.8999999999993236,6.9537277221679688
12.3999999999999222,124.9999999999993179,6.7527809143066406
12.3999999999999222,125.0999999999993122,6.5795130729675293
12.3999999999999222,125.1999999999993065,6.7698631286621094
12.2999999999999226,119.8999999999996078,11.3433885574340820
12.2999999999999226,121.1999999999995339,11.9142589569091797
12.2999999999999226,121.9999999999994884,12.2562294006347656
12.2999999999999226,123.2999999999994145,12.1158647537231445
12.2999999999999226,123.3999999999994088,11.1575450897216797
12.2999999999999226,123.4999999999994031,10.3128271102905273
12.2999999999999226,123.5999999999993975,9.7359600067138672
12.2999999999999226,123.6999999999993918,9.1626319885253906
12.2999999999999226,124.3999999999993520,10.5166645050048828
12.2999999999999226,124.4999999999993463,9.0732307434082031
12.2999999999999226,124.5999999999993406,7.8091769218444824
12.2999999999999226,124.6999999999993349,7.3469319343566895
12.2999999999999226,124.7999999999993292,6.9931077957153320
12.2999999999999226,124.8999999999993236,6.6698164939880371
12.2999999999999226,124.9999999999993179,6.3911724090576172
12.2999999999999226,125.0999999999993122,6.1420121192932129
12.2999999999999226,125.1999999999993065,6.3029446601867676
12.2999999999999226,125.2999999999993008,7.1682443618774414
12.1999999999999229,119.8999999999996078,11.2805023193359375
12.1999999999999229,119.9999999999996021,11.3626041412353516
12.1999999999999229,121.9999999999994884,13.2898273468017578
12.1999999999999229,123.2999999999994145,11.3017587661743164
12.1999999999999229,123.3999999999994088,10.3918085098266602
12.1999999999999229,123.5999999999993975,8.4955654144287109
12.1999999999999229,123.6999999999993918,8.0346288681030273
12.1999999999999229,123.7999999999993861,8.1606721878051758
12.1999999999999229,123.8999999999993804,8.7938156127929688
12.1999999999999229,124.3999999999993520,9.8412189483642578
12.1999999999999229,124.4999999999993463,8.8504543304443359
12.1999999999999229,124.5999999999993406,7.6216158866882324
12.1999999999999229,124.6999999999993349,7.2435979843139648
12.1999999999999229,124.7999999999993292,6.9010529518127441
12.1999999999999229,124.8999999999993236,6.5492258071899414
12.1999999999999229,124.9999999999993179,6.1708021163940430
12.1999999999999229,125.0999999999993122,5.8261880874633789
12.1999999999999229,125.1999999999993065,5.9491262435913086
12.1999999999999229,125.2999999999993008,6.7745518684387207
12.1999999999999229,125.3999999999992951,8.0102682113647461
12.1999999999999229,125.4999999999992895,9.0797157287597656
12.0999999999999233,119.9999999999996021,11.2396516799926758
12.0999999999999233,120.0999999999995964,11.3438272476196289
12.0999999999999233,120.1999999999995907,11.4404649734497070
12.0999999999999233,120.2999999999995850,11.5281190872192383
12.0999999999999233,123.2999999999994145,11.0362157821655273
12.0999999999999233,123.6999999999993918,8.4484710693359375
12.0999999999999233,123.7999999999993861,8.8240242004394531
12.0999999999999233,123.8999999999993804,9.9632329940795898
12.0999999999999233,124.4999999999993463,9.4442625045776367
12.0999999999999233,124.5999999999993406,8.6362342834472656
12.0999999999999233,124.6999999999993349,7.9902925491333008
12.0999999999999233,124.7999999999993292,7.3875641822814941
12.0999999999999233,124.8999999999993236,6.7922019958496094
12.0999999999999233,124.9999999999993179,6.2579312324523926
12.0999999999999233,125.0999999999993122,5.7303547859191895
12.0999999999999233,125.1999999999993065,5.7018232345581055
12.0999999999999233,125.2999999999993008,6.3680272102355957
12.0999999999999233,125.3999999999992951,7.1777935028076172
11.9999999999999236,123.1999999999994202,11.0863094329833984
11.9999999999999236,123.7999999999993861,10.2390375137329102
11.9999999999999236,123.8999999999993804,10.6763134002685547
11.9999999999999236,123.9999999999993747,11.1195335388183594
11.9999999999999236,124.6999999999993349,8.4666528701782227
11.9999999999999236,124.7999999999993292,7.8790593147277832
11.9999999999999236,124.8999999999993236,7.0690150260925293
11.9999999999999236,124.9999999999993179,6.3669629096984863
11.9999999999999236,125.0999999999993122,5.6799860000610352
11.9999999999999236,125.1999999999993065,5.5449399948120117
11.9999999999999236,125.2999999999993008,6.0585198402404785
11.9999999999999236,125.3999999999992951,6.6298952102661133
11.8999999999999240,121.9999999999994884,13.6614131927490234
11.8999999999999240,123.7999999999993861,11.0892515182495117
11.8999999999999240,123.8999999999993804,11.1210298538208008
11.8999999999999240,123.9999999999993747,11.1338148117065430
11.8999999999999240,124.7999999999993292,8.2780084609985352
11.8999999999999240,124.8999999999993236,7.3081312179565430
11.8999999999999240,124.9999999999993179,6.4914145469665527
11.8999999999999240,125.0999999999993122,5.7146534919738770
11.8999999999999240,125.1999999999993065,5.4432687759399414
11.8999999999999240,125.2999999999993008,5.8374004364013672
11.7999999999999243,121.8999999999994941,12.9298963546752930
11.7999999999999243,121.9999999999994884,13.2215957641601562
11.7999999999999243,122.0999999999994827,12.7289848327636719
11.7999999999999243,122.1999999999994770,11.7686185836791992
11.7999999999999243,124.2999999999993577,11.5273942947387695
11.7999999999999243,124.8999999999993236,7.5009412765502930
11.7999999999999243,124.9999999999993179,6.6520066261291504
11.7999999999999243,125.0999999999993122,5.8478765487670898
11.7999999999999243,125.1999999999993065,5.4983386993408203
11.7999999999999243,125.2999999999993008,5.7593483924865723
11.7999999999999243,125.3999999999992951,6.0888719558715820
11.6999999999999247,119.9999999999996021,10.9153938293457031
11.6999999999999247,122.0999999999994827,11.7804851531982422
11.6999999999999247,122.1999999999994770,10.9652185440063477
11.6999999999999247,122.2999999999994714,10.0638160705566406
11.6999999999999247,122.3999999999994657,9.6882581710815430
11.6999999999999247,124.9999999999993179,6.6528434753417969
11.6999999999999247,125.0999999999993122,5.9687089920043945
11.6999999999999247,125.1999999999993065,5.5643668174743652
11.6999999999999247,125.2999999999993008,5.7261767387390137
11.6999999999999247,125.3999999999992951,6.0738325119018555
11.5999999999999250,122.1999999999994770,9.1427297592163086
11.5999999999999250,122.2999999999994714,8.1850080490112305
11.5999999999999250,122.6999999999994486,6.3935146331787109
11.5999999999999250,124.4999999999993463,11.0714511871337891
11.5999999999999250,125.0999999999993122,5.6784248352050781
11.5999999999999250,125.1999999999993065,5.4072160720825195
11.5999999999999250,125.2999999999993008,5.5993065834045410
11.5999999999999250,125.3999999999992951,5.9844679832458496
11.4999999999999254,122.0999999999994827,7.9356942176818848
11.4999999999999254,122.1999999999994770,7.0291509628295898
11.4999999999999254,122.2999999999994714,6.0719299316406250
11.4999999999999254,122.3999999999994657,5.5515522956848145
11.4999999999999254,122.4999999999994600,5.2969713211059570
11.4999999999999254,122.5999999999994543,4.9433746337890625
11.4999999999999254,122.6999999999994486,5.0489039421081543
11.4999999999999254,122.7999999999994429,5.2076873779296875
11.4999999999999254,123.0999999999994259,8.9813604354858398
11.4999999999999254,124.3999999999993520,11.0893764495849609
11.4999999999999254,124.4999999999993463,10.1954650878906250
11.4999999999999254,124.8999999999993236,6.1659379005432129
11.4999999999999254,124.9999999999993179,5.7919321060180664
11.4999999999999254,125.0999999999993122,5.2517838478088379
11.4999999999999254,125.1999999999993065,5.0939435958862305
11.4999999999999254,125.2999999999993008,5.4842023849487305
11.4999999999999254,125.3999999999992951,5.8927493095397949
11.4999999999999254,125.4999999999992895,6.8296618461608887
11.3999999999999257,122.0999999999994827,6.3135304450988770
11.3999999999999257,122.1999999999994770,5.3473577499389648
11.3999999999999257,122.2999999999994714,4.3805046081542969
11.3999999999999257,122.3999999999994657,3.9436054229736328
11.3999999999999257,122.4999999999994600,4.0215668678283691
11.3999999999999257,122.5999999999994543,4.1129369735717773
11.3999999999999257,122.6999999999994486,4.4218463897705078
11.3999999999999257,122.7999999999994429,4.9280433654785156
11.3999999999999257,122.8999999999994373,5.8006172180175781
11.3999999999999257,122.9999999999994316,7.2049674987792969
11.3999999999999257,123.0999999999994259,9.4074039459228516
11.3999999999999257,124.2999999999993577,11.3499011993408203
11.3999999999999257,124.3999999999993520,10.6477384567260742
11.3999999999999257,124.4999999999993463,9.6652278900146484
11.3999999999999257,124.8999999999993236,5.7065854072570801
11.3999999999999257,124.9999999999993179,5.3106598854064941
11.3999999999999257,125.0999999999993122,4.9188046455383301
11.3999999999999257,125.1999999999993065,5.0123229026794434
11.3999999999999257,125.2999999999993008,5.4537243843078613
11.3999999999999257,125.3999999999992951,5.9335756301879883
11.3999999999999257,125.4999999999992895,7.2383241653442383
11.2999999999999261,119.4999999999996305,9.0950632095336914
11.2999999999999261,122.0999999999994827,5.5078220367431641
11.2999999999999261,122.1999999999994770,4.7467303276062012
11.2999999999999261,122.2999999999994714,4.1118998527526855
11.2999999999999261,122.3999999999994657,3.8774230480194092
11.2999999999999261,122.4999999999994600,4.0023279190063477
11.2999999999999261,122.5999999999994543,4.2056245803833008
11.2999999999999261,122.6999999999994486,4.7424492835998535
11.2999999999999261,122.7999999999994429,5.3941960334777832
11.2999999999999261,122.8999999999994373,6.0727343559265137
11.2999999999999261,122.9999999999994316,7.2680711746215820
11.2999999999999261,123.0999999999994259,8.7968463897705078
11.2999999999999261,124.3999999999993520,10.0826444625854492
11.2999999999999261,124.4999999999993463,9.0941104888916016
11.2999999999999261,124.5999999999993406,8.4974756240844727
11.2999999999999261,124.6999999999993349,7.1085577011108398
11.2999999999999261,124.7999999999993292,6.0574116706848145
11.2999999999999261,124.8999999999993236,5.2400126457214355
11.2999999999999261,125.1999999999993065,5.5056462287902832
11.2999999999999261,125.2999999999993008,6.0596728324890137
11.2999999999999261,125.3999999999992951,6.6525373458862305
11.2999999999999261,125.4999999999992895,7.8781266212463379
11.1999999999999265,119.4999999999996305,7.9581413269042969
11.1999999999999265,122.0999999999994827,5.2766666412353516
11.1999999999999265,122.1999999999994770,4.7524681091308594
11.1999999999999265,122.2999999999994714,4.3035230636596680
11.1999999999999265,122.3999999999994657,4.1666188240051270
11.1999999999999265,122.4999999999994600,4.3923630714416504
11.1999999999999265,122.5999999999994543,4.7351441383361816
11.1999999999999265,122.6999999999994486,5.3698091506958008
11.1999999999999265,122.7999999999994429,6.1531414985656738
11.1999999999999265,122.8999999999994373,6.9525084495544434
11.1999999999999265,122.9999999999994316,7.8116888999938965
11.1999999999999265,123.7999999999993861,9.3536672592163086
11.1999999999999265,123.9999999999993747,10.0606708526611328
11.1999999999999265,124.3999999999993520,9.6981611251831055
11.1999999999999265,124.4999999999993463,8.5191764831542969
11.1999999999999265,124.5999999999993406,7.6381454467773438
11.1999999999999265,124.6999999999993349,6.5964479446411133
11.1999999999999265,124.7999999999993292,5.4885797500610352
11.1999999999999265,124.8999999999993236,4.7756514549255371
11.1999999999999265,124.9999999999993179,5.0884375572204590
11.1999999999999265,125.1999999999993065,6.3079323768615723
11.1999999999999265,125.2999999999993008,7.0358920097351074
11.1999999999999265,125.3999999999992951,7.7317442893981934
11.1999999999999265,125.4999999999992895,8.7443752288818359
11.0999999999999268,119.4999999999996305,7.0183763504028320
11.0999999999999268,122.0999999999994827,5.2358884811401367
11.0999999999999268,122.1999999999994770,4.8387198448181152
11.0999999999999268,122.2999999999994714,4.5469832420349121
11.0999999999999268,122.3999999999994657,4.5034270286560059
11.0999999999999268,122.4999999999994600,4.8307056427001953
11.0999999999999268,122.5999999999994543,5.2325587272644043
11.0999999999999268,122.6999999999994486,5.9882998466491699
11.0999999999999268,122.7999999999994429,6.8878273963928223
11.0999999999999268,122.8999999999994373,7.7767467498779297
11.0999999999999268,124.3999999999993520,9.0283756256103516
11.0999999999999268,124.4999999999993463,8.1673297882080078
11.0999999999999268,124.5999999999993406,7.2815423011779785
11.0999999999999268,124.6999999999993349,6.2011795043945312
11.0999999999999268,124.7999999999993292,5.1099271774291992
11.0999999999999268,124.8999999999993236,4.5345449447631836
11.0999999999999268,124.9999999999993179,5.1725106239318848
11.0999999999999268,125.4999999999992895,9.1282358169555664
10.9999999999999272,119.3999999999996362,7.4135551452636719
10.9999999999999272,122.0999999999994827,5.3034911155700684
10.9999999999999272,122.1999999999994770,5.0698180198669434
10.9999999999999272,122.2999999999994714,4.9001646041870117
10.9999999999999272,122.3999999999994657,4.9445199966430664
10.9999999999999272,122.4999999999994600,5.2841577529907227
10.9999999999999272,122.5999999999994543,5.7623357772827148
10.9999999999999272,122.6999999999994486,6.5471944808959961
10.9999999999999272,122.7999999999994429,7.3911767005920410
10.9999999999999272,123.9999999999993747,9.6897945404052734
10.9999999999999272,124.4999999999993463,8.5209512710571289
10.9999999999999272,124.5999999999993406,7.7345323562622070
10.9999999999999272,124.6999999999993349,6.6183047294616699
10.9999999999999272,124.7999999999993292,5.4546480178833008
10.9999999999999272,124.8999999999993236,4.8910660743713379
10.9999999999999272,124.9999999999993179,5.5001239776611328
10.8999999999999275,119.3999999999996362,7.2576975822448730
10.8999999999999275,119.4999999999996305,6.4742956161499023
10.8999999999999275,121.9999999999994884,6.0599975585937500
10.8999999999999275,122.0999999999994827,5.4691329002380371
10.8999999999999275,122.1999999999994770,5.3192253112792969
10.8999999999999275,122.2999999999994714,5.3409690856933594
10.8999999999999275,122.3999999999994657,5.4971604347229004
10.8999999999999275,122.4999999999994600,5.8268146514892578
10.8999999999999275,122.5999999999994543,6.2872705459594727
10.8999999999999275,122.6999999999994486,7.1117720603942871
10.8999999999999275,123.1999999999994202,7.5816411972045898
10.8999999999999275,123.2999999999994145,6.9499588012695312
10.8999999999999275,123.3999999999994088,6.2868432998657227
10.8999999999999275,123.9999999999993747,9.6187896728515625
10.8999999999999275,124.4999999999993463,8.8444099426269531
10.8999999999999275,124.7999999999993292,6.0220227241516113
10.8999999999999275,124.8999999999993236,5.3738679885864258
10.8999999999999275,124.9999999999993179,5.7506194114685059
10.7999999999999279,119.2999999999996419,8.6658515930175781
10.7999999999999279,119.3999999999996362,7.7720909118652344
10.7999999999999279,119.4999999999996305,5.9316434860229492
10.7999999999999279,121.9999999999994884,6.6114869117736816
10.7999999999999279,122.0999999999994827,5.7807960510253906
10.7999999999999279,122.1999999999994770,5.8159613609313965
10.7999999999999279,122.2999999999994714,5.9232583045959473
10.7999999999999279,122.3999999999994657,6.1370573043823242
10.7999999999999279,122.4999999999994600,6.4830222129821777
10.7999999999999279,122.9999999999994316,8.7523727416992188
10.7999999999999279,123.0999999999994259,7.7008090019226074
10.7999999999999279,123.1999999999994202,6.6265845298767090
10.7999999999999279,123.2999999999994145,6.0001883506774902
10.7999999999999279,123.3999999999994088,5.6305060386657715
10.7999999999999279,123.4999999999994031,5.9540138244628906
10.7999999999999279,123.8999999999993804,9.0910587310791016
10.7999999999999279,123.9999999999993747,9.4358205795288086
10.7999999999999279,124.8999999999993236,5.7870359420776367
10.6999999999999282,119.3999999999996362,7.0819334983825684
10.6999999999999282,119.4999999999996305,5.9953432083129883
10.6999999999999282,119.5999999999996248,6.1011300086975098
10.6999999999999282,121.9999999999994884,7.3351793289184570
10.6999999999999282,122.0999999999994827,6.7942047119140625
10.6999999999999282,122.1999999999994770,6.9656229019165039
10.6999999999999282,122.2999999999994714,6.8732948303222656
10.6999999999999282,122.3999999999994657,7.0626368522644043
10.6999999999999282,122.4999999999994600,7.3832707405090332
10.6999999999999282,122.5999999999994543,8.0150766372680664
10.6999999999999282,122.6999999999994486,8.2299423217773438
10.6999999999999282,122.9999999999994316,8.1652736663818359
10.6999999999999282,123.0999999999994259,6.8723411560058594
10.6999999999999282,123.1999999999994202,5.8528504371643066
10.6999999999999282,123.2999999999994145,5.5252375602722168
10.6999999999999282,123.3999999999994088,5.9636139869689941
10.6999999999999282,123.4999999999994031,6.2066226005554199
10.6999999999999282,123.8999999999993804,8.7990713119506836
10.6999999999999282,124.7999999999993292,6.0699520111083984
10.6999999999999282,124.8999999999993236,5.4687728881835938
10.6999999999999282,124.9999999999993179,5.6492271423339844
10.6999999999999282,125.7999999999992724,10.1426219940185547
10.5999999999999286,119.3999999999996362,7.3020405769348145
10.5999999999999286,119.4999999999996305,6.1038179397583008
10.5999999999999286,119.5999999999996248,6.2586450576782227
10.5999999999999286,119.7999999999996135,8.0493755340576172
10.5999999999999286,119.8999999999996078,8.3399171829223633
10.5999999999999286,121.9999999999994884,8.1194171905517578
10.5999999999999286,122.4999999999994600,9.1547441482543945
10.5999999999999286,122.5999999999994543,9.0479192733764648
10.5999999999999286,122.6999999999994486,9.0255250930786133
10.5999999999999286,122.8999999999994373,8.0220060348510742
10.5999999999999286,122.9999999999994316,7.3346815109252930
10.5999999999999286,123.0999999999994259,6.0399260520935059
10.5999999999999286,123.1999999999994202,5.1144723892211914
10.5999999999999286,123.2999999999994145,5.2919025421142578
10.5999999999999286,123.3999999999994088,6.3610334396362305
10.5999999999999286,123.6999999999993918,7.5248179435729980
10.5999999999999286,123.7999999999993861,7.9744787216186523
10.5999999999999286,123.8999999999993804,8.5739326477050781
10.5999999999999286,123.9999999999993747,9.0979299545288086
10.5999999999999286,124.7999999999993292,5.5905375480651855
10.5999999999999286,124.8999999999993236,5.2282328605651855
10.5999999999999286,124.9999999999993179,5.2434988021850586
10.5999999999999286,125.0999999999993122,5.3114352226257324
10.4999999999999289,119.2999999999996419,8.2413806915283203
10.4999999999999289,119.3999999999996362,7.2301282882690430
10.4999999999999289,119.4999999999996305,6.4099602699279785
10.4999999999999289,119.5999999999996248,6.4840197563171387
10.4999999999999289,119.7999999999996135,7.8720331192016602
10.4999999999999289,119.8999999999996078,8.1222209930419922
10.4999999999999289,121.9999999999994884,8.7281599044799805
10.4999999999999289,122.4999999999994600,9.8131847381591797
10.4999999999999289,122.5999999999994543,9.7543182373046875
10.4999999999999289,122.6999999999994486,9.4967422485351562
10.4999999999999289,122.7999999999994429,8.4807748794555664
10.4999999999999289,122.8999999999994373,7.9838933944702148
10.4999999999999289,122.9999999999994316,6.8633556365966797
10.4999999999999289,123.0999999999994259,5.7183351516723633
10.4999999999999289,123.1999999999994202,5.0499095916748047
10.4999999999999289,123.2999999999994145,5.3743777275085449
10.4999999999999289,123.3999999999994088,6.3401875495910645
10.4999999999999289,123.7999999999993861,7.6504836082458496
10.4999999999999289,123.8999999999993804,8.3520097732543945
10.4999999999999289,123.9999999999993747,9.0540695190429688
10.4999999999999289,124.7999999999993292,5.9719858169555664
10.4999999999999289,124.8999999999993236,5.0254974365234375
10.4999999999999289,124.9999999999993179,5.0965952873229980
10.4999999999999289,125.0999999999993122,5.1708960533142090
10.3999999999999293,119.0999999999996533,6.8228316307067871
10.3999999999999293,119.1999999999996476,7.2670030593872070
10.3999999999999293,119.2999999999996419,7.2657065391540527
10.3999999999999293,119.3999999999996362,6.8624372482299805
10.3999999999999293,119.4999999999996305,6.6437888145446777
10.3999999999999293,122.8999999999994373,7.6545195579528809
10.3999999999999293,122.9999999999994316,6.9162411689758301
10.3999999999999293,123.0999999999994259,6.1677455902099609
10.3999999999999293,123.1999999999994202,5.7382612228393555
10.3999999999999293,123.2999999999994145,6.0743961334228516
10.3999999999999293,123.6999999999993918,6.9565334320068359
10.3999999999999293,123.7999999999993861,7.3436322212219238
10.3999999999999293,123.8999999999993804,8.1069755554199219
10.3999999999999293,123.9999999999993747,8.7417144775390625
10.3999999999999293,124.7999999999993292,5.9353370666503906
10.3999999999999293,124.8999999999993236,5.1202769279479980
10.3999999999999293,124.9999999999993179,5.3606619834899902
10.3999999999999293,125.0999999999993122,5.7572312355041504
10.3999999999999293,125.1999999999993065,6.6633105278015137
10.3999999999999293,125.5999999999992838,10.4030542373657227
10.2999999999999297,118.9999999999996589,5.7773280143737793
10.2999999999999297,119.0999999999996533,5.8972449302673340
10.2999999999999297,119.1999999999996476,6.1513638496398926
10.2999999999999297,119.2999999999996419,6.3105282783508301
10.2999999999999297,122.8999999999994373,7.6348986625671387
10.2999999999999297,122.9999999999994316,7.1476440429687500
10.2999999999999297,123.0999999999994259,6.7503643035888672
10.2999999999999297,123.1999999999994202,6.5734024047851562
10.2999999999999297,123.2999999999994145,6.8365740776062012
10.2999999999999297,123.5999999999993975,7.2728385925292969
10.2999999999999297,123.6999999999993918,7.0024228096008301
10.2999999999999297,123.7999999999993861,7.2074370384216309
10.2999999999999297,124.7999999999993292,6.2896418571472168
10.2999999999999297,124.8999999999993236,5.5764250755310059
10.2999999999999297,125.0999999999993122,6.4690308570861816
10.2999999999999297,125.1999999999993065,7.3894786834716797
10.2999999999999297,125.5999999999992838,10.6796293258666992
10.1999999999999300,118.7999999999996703,6.4766993522644043
10.1999999999999300,118.9999999999996589,5.7119731903076172
10.1999999999999300,119.0999999999996533,5.8173236846923828
10.1999999999999300,119.1999999999996476,6.1119842529296875
10.1999999999999300,122.8999999999994373,7.2207698822021484
10.1999999999999300,122.9999999999994316,6.8597640991210938
10.1999999999999300,123.0999999999994259,6.7596178054809570
10.1999999999999300,123.1999999999994202,6.6813230514526367
10.1999999999999300,123.2999999999994145,6.9447574615478516
10.1999999999999300,123.5999999999993975,7.1655454635620117
10.1999999999999300,123.6999999999993918,7.0696558952331543
10.1999999999999300,124.8999999999993236,6.7937250137329102
10.1999999999999300,125.5999999999992838,10.6997489929199219
10.0999999999999304,118.8999999999996646,6.4187345504760742
10.0999999999999304,118.9999999999996589,6.4101786613464355
10.0999999999999304,119.0999999999996533,6.7066273689270020
10.0999999999999304,119.1999999999996476,7.1248135566711426
10.0999999999999304,122.8999999999994373,6.4846267700195312
10.0999999999999304,122.9999999999994316,6.3882679939270020
10.0999999999999304,123.0999999999994259,6.3594279289245605
10.0999999999999304,123.1999999999994202,6.3136787414550781
10.0999999999999304,123.4999999999994031,6.3700561523437500
10.0999999999999304,123.5999999999993975,6.7136158943176270
10.0999999999999304,124.1999999999993634,7.4978442192077637
10.0999999999999304,124.2999999999993577,7.2228865623474121
10.0999999999999304,124.3999999999993520,7.6018333435058594
10.0999999999999304,125.1999999999993065,10.2626123428344727
10.0999999999999304,125.5999999999992838,10.3774070739746094
9.9999999999999307,118.7999999999996703,6.4210109710693359
9.9999999999999307,118.8999999999996646,6.7975015640258789
9.9999999999999307,118.9999999999996589,7.2130541801452637
9.9999999999999307,119.0999999999996533,7.6386599540710449
9.9999999999999307,122.7999999999994429,6.4136190414428711
9.9999999999999307,122.8999999999994373,6.0165448188781738
9.9999999999999307,122.9999999999994316,5.9537057876586914
9.9999999999999307,123.0999999999994259,6.0077233314514160
9.9999999999999307,123.1999999999994202,6.0611968040466309
9.9999999999999307,123.3999999999994088,5.4984216690063477
9.9999999999999307,123.4999999999994031,5.5542016029357910
9.9999999999999307,123.5999999999993975,6.2061080932617188
9.9999999999999307,124.0999999999993690,7.0371432304382324
9.9999999999999307,124.1999999999993634,6.7162194252014160
9.9999999999999307,124.2999999999993577,6.4160671234130859
9.9999999999999307,124.3999999999993520,7.1167850494384766
9.9999999999999307,124.4999999999993463,8.3021612167358398
9.9999999999999307,125.1999999999993065,11.2863302230834961
9.9999999999999307,125.5999999999992838,10.1097183227539062
9.8999999999999311,118.5999999999996817,6.1733708381652832
9.8999999999999311,118.6999999999996760,5.9343080520629883
9.8999999999999311,122.3999999999994657,8.1468648910522461
9.8999999999999311,122.4999999999994600,7.5390930175781250
9.8999999999999311,122.5999999999994543,6.8484983444213867
9.8999999999999311,122.6999999999994486,6.2615857124328613
9.8999999999999311,122.7999999999994429,5.9048876762390137
9.8999999999999311,122.8999999999994373,5.6280894279479980
9.8999999999999311,122.9999999999994316,5.7543468475341797
9.8999999999999311,123.0999999999994259,5.9986395835876465
9.8999999999999311,123.3999999999994088,5.5823717117309570
9.8999999999999311,123.4999999999994031,5.6140942573547363
9.8999999999999311,123.5999999999993975,6.5217704772949219
9.8999999999999311,123.8999999999993804,7.4447708129882812
9.8999999999999311,123.9999999999993747,7.0139207839965820
9.8999999999999311,124.0999999999993690,6.5882692337036133
9.8999999999999311,124.1999999999993634,6.2138605117797852
9.8999999999999311,124.2999999999993577,5.9009089469909668
9.8999999999999311,124.3999999999993520,7.1042346954345703
9.8999999999999311,124.4999999999993463,8.6501359939575195
9.8999999999999311,125.5999999999992838,8.7836036682128906
9.8999999999999311,125.9999999999992610,6.3599686622619629
9.7999999999999314,118.5999999999996817,6.2983255386352539
9.7999999999999314,118.6999999999996760,5.6038627624511719
9.7999999999999314,122.4999999999994600,7.1616897583007812
9.7999999999999314,122.5999999999994543,6.3915767669677734
9.7999999999999314,122.6999999999994486,5.9508485794067383
9.7999999999999314,122.7999999999994429,5.6213383674621582
9.7999999999999314,122.8999999999994373,5.3939867019653320
9.7999999999999314,122.9999999999994316,5.7071657180786133
9.7999999999999314,123.0999999999994259,6.1660652160644531
9.7999999999999314,123.3999999999994088,6.0693049430847168
9.7999999999999314,123.4999999999994031,5.9927439689636230
9.7999999999999314,123.8999999999993804,7.5143656730651855
9.7999999999999314,123.9999999999993747,6.8276214599609375
9.7999999999999314,124.0999999999993690,6.4460902214050293
9.7999999999999314,124.1999999999993634,6.2447519302368164
9.7999999999999314,124.2999999999993577,6.2789163589477539
9.7999999999999314,124.3999999999993520,7.4822220802307129
9.7999999999999314,124.4999999999993463,9.1608991622924805
9.7999999999999314,125.9999999999992610,6.4291124343872070
9.7999999999999314,126.0999999999992554,6.3782715797424316
9.6999999999999318,118.3999999999996930,7.5958771705627441
9.6999999999999318,118.4999999999996874,6.9788212776184082
9.6999999999999318,118.5999999999996817,6.1002745628356934
9.6999999999999318,118.6999999999996760,5.5126361846923828
9.6999999999999318,122.4999999999994600,6.8843946456909180
9.6999999999999318,122.5999999999994543,6.1265473365783691
9.6999999999999318,122.6999999999994486,5.7510309219360352
9.6999999999999318,122.7999999999994429,5.5599660873413086
9.6999999999999318,122.8999999999994373,5.6744165420532227
9.6999999999999318,122.9999999999994316,5.8200359344482422
9.6999999999999318,123.0999999999994259,6.2620954513549805
9.6999999999999318,123.3999999999994088,6.5089101791381836
9.6999999999999318,123.8999999999993804,7.6686387062072754
9.6999999999999318,123.9999999999993747,6.8544950485229492
9.6999999999999318,124.0999999999993690,6.5347428321838379
9.6999999999999318,124.1999999999993634,6.4918918609619141
9.6999999999999318,124.2999999999993577,6.5186214447021484
9.6999999999999318,124.3999999999993520,7.6837987899780273
9.6999999999999318,125.4999999999992895,7.3423705101013184
9.5999999999999321,118.3999999999996930,6.6972823143005371
9.5999999999999321,118.4999999999996874,6.0120234489440918
9.5999999999999321,118.5999999999996817,5.3213520050048828
9.5999999999999321,118.6999999999996760,4.7611026763916016
9.5999999999999321,122.4999999999994600,6.8897223472595215
9.5999999999999321,122.5999999999994543,6.4566192626953125
9.5999999999999321,122.6999999999994486,6.0661239624023438
9.5999999999999321,122.7999999999994429,5.7619333267211914
9.5999999999999321,122.8999999999994373,5.8895893096923828
9.5999999999999321,122.9999999999994316,5.7446184158325195
9.5999999999999321,123.0999999999994259,5.6334156990051270
9.5999999999999321,123.2999999999994145,6.2229208946228027
9.5999999999999321,123.3999999999994088,6.4302201271057129
9.5999999999999321,123.7999999999993861,9.0021934509277344
9.5999999999999321,125.3999999999992951,7.3889346122741699
9.5999999999999321,125.4999999999992895,6.7411122322082520
9.5999999999999321,125.5999999999992838,5.9417281150817871
9.5999999999999321,125.6999999999992781,5.5183138847351074
9.4999999999999325,118.2999999999996987,6.2433977127075195
9.4999999999999325,118.3999999999996930,5.3623819351196289
9.4999999999999325,118.4999999999996874,4.8388137817382812
9.4999999999999325,118.5999999999996817,4.5855579376220703
9.4999999999999325,122.5999999999994543,7.3291320800781250
9.4999999999999325,122.6999999999994486,6.7790665626525879
9.4999999999999325,122.7999999999994429,6.3341755867004395
9.4999999999999325,122.8999999999994373,6.1516137123107910
9.4999999999999325,122.9999999999994316,5.6075778007507324
9.4999999999999325,123.0999999999994259,5.0531048774719238
9.4999999999999325,123.3999999999994088,6.1062421798706055
9.4999999999999325,125.4999999999992895,6.3368244171142578
9.4999999999999325,125.5999999999992838,5.1690497398376465
9.4999999999999325,125.6999999999992781,4.3385887145996094
9.4999999999999325,125.7999999999992724,2.9554934501647949
9.3999999999999329,118.1999999999997044,6.4036250114440918
9.3999999999999329,118.2999999999996987,5.5152416229248047
9.3999999999999329,118.3999999999996930,4.5357966423034668
9.3999999999999329,118.4999999999996874,4.1707267761230469
9.3999999999999329,122.7999999999994429,7.0602936744689941
9.3999999999999329,122.8999999999994373,6.4345636367797852
9.3999999999999329,122.9999999999994316,5.6589179039001465
9.3999999999999329,123.0999999999994259,4.8100380897521973
9.3999999999999329,123.1999999999994202,4.3893241882324219
9.3999999999999329,125.5999999999992838,4.4959187507629395
9.3999999999999329,125.6999999999992781,3.2744076251983643
9.3999999999999329,125.7999999999992724,2.3410239219665527
9.3999999999999329,125.8999999999992667,3.0716307163238525
9.2999999999999332,118.0999999999997101,6.7400336265563965
9.2999999999999332,118.1999999999997044,6.2869729995727539
9.2999999999999332,118.2999999999996987,5.6832532882690430
9.2999999999999332,118.3999999999996930,5.0261750221252441
9.2999999999999332,122.8999999999994373,7.2522296905517578
9.2999999999999332,122.9999999999994316,6.3916511535644531
9.2999999999999332,123.0999999999994259,5.4780330657958984
9.2999999999999332,123.1999999999994202,4.8067030906677246
9.2999999999999332,123.2999999999994145,5.3655948638916016
9.2999999999999332,125.5999999999992838,3.7688426971435547
9.2999999999999332,125.6999999999992781,2.9740405082702637
9.2999999999999332,125.7999999999992724,1.8820738792419434
9.2999999999999332,125.8999999999992667,2.3650844097137451
9.1999999999999336,117.8999999999997215,5.4252042770385742
9.1999999999999336,117.9999999999997158,5.9246540069580078
9.1999999999999336,118.0999999999997101,6.1271734237670898
9.1999999999999336,118.1999999999997044,6.1732373237609863
9.1999999999999336,122.8999999999994373,8.1996240615844727
9.1999999999999336,122.9999999999994316,7.2483196258544922
9.1999999999999336,123.0999999999994259,6.3118138313293457
9.1999999999999336,123.1999999999994202,5.7674751281738281
9.1999999999999336,123.4999999999994031,9.5774469375610352
9.1999999999999336,123.5999999999993975,10.1547718048095703
9.1999999999999336,124.6999999999993349,9.9016084671020508
9.1999999999999336,124.7999999999993292,9.4598026275634766
9.1999999999999336,125.5999999999992838,3.4953591823577881
9.1999999999999336,125.6999999999992781,2.8389916419982910
9.1999999999999336,125.7999999999992724,2.1625638008117676
9.1999999999999336,125.8999999999992667,1.4559885263442993
9.1999999999999336,125.9999999999992610,2.3222665786743164
9.1999999999999336,126.0999999999992554,2.7247066497802734
9.0999999999999339,117.7999999999997272,4.4832668304443359
9.0999999999999339,117.8999999999997215,4.5249166488647461
9.0999999999999339,117.9999999999997158,5.0692367553710938
9.0999999999999339,122.9999999999994316,8.0310888290405273
9.0999999999999339,123.0999999999994259,7.1616873741149902
9.0999999999999339,123.5999999999993975,10.2380466461181641
9.0999999999999339,125.5999999999992838,3.0828118324279785
9.0999999999999339,125.6999999999992781,2.3878405094146729
9.0999999999999339,125.7999999999992724,2.2945132255554199
9.0999999999999339,125.8999999999992667,1.8862469196319580
9.0999999999999339,125.9999999999992610,1.5103852748870850
9.0999999999999339,126.0999999999992554,2.3252208232879639
8.9999999999999343,117.5999999999997385,4.6714429855346680
8.9999999999999343,117.6999999999997328,4.3636093139648438
8.9999999999999343,117.7999999999997272,3.7641155719757080
8.9999999999999343,117.8999999999997215,3.6678543090820312
8.9999999999999343,117.9999999999997158,4.5560903549194336
8.9999999999999343,125.2999999999993008,2.9086546897888184
8.9999999999999343,125.3999999999992951,3.1506490707397461
8.9999999999999343,125.5999999999992838,2.3489034175872803
8.9999999999999343,125.6999999999992781,1.8593407869338989
8.9999999999999343,125.7999999999992724,2.0647721290588379
8.9999999999999343,125.8999999999992667,2.1497328281402588
8.9999999999999343,125.9999999999992610,2.2694525718688965
8.9999999999999343,126.0999999999992554,2.8424704074859619
8.9999999999999343,126.1999999999992497,3.6079745292663574
8.8999999999999346,117.4999999999997442,4.6105070114135742
8.8999999999999346,117.5999999999997385,4.1016726493835449
8.8999999999999346,117.6999999999997328,3.5014588832855225
8.8999999999999346,117.7999999999997272,2.9067041873931885
8.8999999999999346,117.8999999999997215,2.9295742511749268
8.8999999999999346,117.9999999999997158,3.9202353954315186
8.8999999999999346,124.7999999999993292,4.9773483276367188
8.8999999999999346,124.8999999999993236,4.3464818000793457
8.8999999999999346,124.9999999999993179,3.3953087329864502
8.8999999999999346,125.1999999999993065,2.3023478984832764
8.8999999999999346,125.2999999999993008,2.1009490489959717
8.8999999999999346,125.3999999999992951,2.2185397148132324
8.8999999999999346,125.4999999999992895,2.1153469085693359
8.8999999999999346,125.5999999999992838,1.6642320156097412
8.8999999999999346,125.6999999999992781,1.4932528734207153
8.8999999999999346,125.7999999999992724,1.9694595336914062
8.8999999999999346,125.8999999999992667,2.4219000339508057
8.8999999999999346,125.9999999999992610,2.8733916282653809
8.8999999999999346,126.0999999999992554,3.3705611228942871
8.8999999999999346,126.1999999999992497,3.9301004409790039
8.8999999999999346,126.2999999999992440,4.5444793701171875
8.7999999999999350,117.4999999999997442,4.7709937095642090
8.7999999999999350,117.5999999999997385,4.3077821731567383
8.7999999999999350,117.6999999999997328,3.9038245677947998
8.7999999999999350,117.7999999999997272,3.5416474342346191
8.7999999999999350,117.8999999999997215,3.1064474582672119
8.7999999999999350,124.8999999999993236,3.7827861309051514
8.7999999999999350,124.9999999999993179,3.0138514041900635
8.7999999999999350,125.0999999999993122,2.3107349872589111
8.7999999999999350,125.1999999999993065,1.8118077516555786
8.7999999999999350,125.2999999999993008,1.3864728212356567
8.7999999999999350,125.3999999999992951,1.6517242193222046
8.7999999999999350,125.4999999999992895,1.6517626047134399
8.7999999999999350,125.5999999999992838,1.4636636972427368
8.7999999999999350,125.6999999999992781,1.4961469173431396
8.7999999999999350,125.7999999999992724,1.9666043519973755
8.7999999999999350,125.8999999999992667,2.6113216876983643
8.7999999999999350,125.9999999999992610,3.2772531509399414
8.7999999999999350,126.0999999999992554,3.7519712448120117
8.7999999999999350,126.1999999999992497,4.2329378128051758
8.7999999999999350,126.2999999999992440,4.4967737197875977
8.6999999999999353,117.3999999999997499,5.6825108528137207
8.6999999999999353,117.4999999999997442,5.5681915283203125
8.6999999999999353,117.5999999999997385,5.5015182495117188
8.6999999999999353,123.4999999999994031,7.7331514358520508
8.6999999999999353,124.7999999999993292,4.1386961936950684
8.6999999999999353,124.8999999999993236,3.8064439296722412
8.6999999999999353,124.9999999999993179,3.2386605739593506
8.6999999999999353,125.0999999999993122,2.6794800758361816
8.6999999999999353,125.1999999999993065,1.9946008920669556
8.6999999999999353,125.2999999999993008,1.1958374977111816
8.6999999999999353,125.3999999999992951,1.2964869737625122
8.6999999999999353,125.4999999999992895,1.3015537261962891
8.6999999999999353,125.5999999999992838,1.2742971181869507
8.6999999999999353,125.6999999999992781,1.5341804027557373
8.6999999999999353,125.7999999999992724,2.0140397548675537
8.6999999999999353,125.8999999999992667,2.7184510231018066
8.6999999999999353,125.9999999999992610,3.4677982330322266
8.6999999999999353,126.0999999999992554,3.9969944953918457
8.5999999999999357,117.3999999999997499,6.0139355659484863
8.5999999999999357,117.4999999999997442,6.3792552947998047
8.5999999999999357,123.3999999999994088,6.8493037223815918
8.5999999999999357,123.4999999999994031,6.2942147254943848
8.5999999999999357,123.5999999999993975,6.0177941322326660
8.5999999999999357,123.6999999999993918,5.8122119903564453
8.5999999999999357,124.7999999999993292,4.0570144653320312
8.5999999999999357,124.8999999999993236,3.8432767391204834
8.5999999999999357,124.9999999999993179,3.4427769184112549
8.5999999999999357,125.0999999999993122,3.0531833171844482
8.5999999999999357,125.1999999999993065,2.3644306659698486
8.5999999999999357,125.2999999999993008,1.3755265474319458
8.5999999999999357,125.3999999999992951,1.3342916965484619
8.5999999999999357,125.4999999999992895,1.6375620365142822
8.5999999999999357,125.5999999999992838,1.5307245254516602
8.5999999999999357,125.6999999999992781,1.8588550090789795
8.5999999999999357,125.7999999999992724,2.0830276012420654
8.5999999999999357,125.8999999999992667,2.8507802486419678
8.5999999999999357,125.9999999999992610,3.6756269931793213
8.5999999999999357,126.0999999999992554,4.2293505668640137
8.4999999999999361,117.1999999999997613,7.0924096107482910
8.4999999999999361,117.2999999999997556,6.4232530593872070
8.4999999999999361,117.3999999999997499,6.3533306121826172
8.4999999999999361,123.0999999999994259,7.8111543655395508
8.4999999999999361,123.2999999999994145,6.0267767906188965
8.4999999999999361,123.3999999999994088,5.5160002708435059
8.4999999999999361,123.4999999999994031,5.0010480880737305
8.4999999999999361,123.5999999999993975,4.9967989921569824
8.4999999999999361,123.6999999999993918,5.0932860374450684
8.4999999999999361,123.7999999999993861,5.4445424079895020
8.4999999999999361,124.2999999999993577,6.1002488136291504
8.4999999999999361,124.3999999999993520,5.5467762947082520
8.4999999999999361,124.4999999999993463,4.8132891654968262
8.4999999999999361,124.6999999999993349,3.9423804283142090
8.4999999999999361,124.7999999999993292,3.8634450435638428
8.4999999999999361,124.8999999999993236,3.8341698646545410
8.4999999999999361,124.9999999999993179,3.3989624977111816
8.4999999999999361,125.0999999999993122,2.9913208484649658
8.4999999999999361,125.1999999999993065,2.4218072891235352
8.4999999999999361,125.2999999999993008,1.5883421897888184
8.4999999999999361,125.3999999999992951,1.3968660831451416
8.4999999999999361,125.4999999999992895,1.5950645208358765
8.4999999999999361,125.5999999999992838,1.5856593847274780
8.4999999999999361,125.6999999999992781,1.9713175296783447
8.4999999999999361,125.7999999999992724,2.5057194232940674
8.4999999999999361,125.8999999999992667,3.1647686958312988
8.4999999999999361,125.9999999999992610,3.8367938995361328
8.4999999999999361,126.0999999999992554,4.3205571174621582
8.4999999999999361,126.1999999999992497,4.7735328674316406
8.4999999999999361,126.2999999999992440,5.3359699249267578
8.3999999999999364,123.0999999999994259,7.1185383796691895
8.3999999999999364,123.1999999999994202,6.5473546981811523
8.3999999999999364,123.2999999999994145,5.5141286849975586
8.3999999999999364,123.3999999999994088,4.6461896896362305
8.3999999999999364,123.4999999999994031,4.4423255920410156
8.3999999999999364,123.5999999999993975,4.6636514663696289
8.3999999999999364,123.6999999999993918,4.9461750984191895
8.3999999999999364,123.7999999999993861,5.4749770164489746
8.3999999999999364,124.2999999999993577,5.9527916908264160
8.3999999999999364,124.3999999999993520,5.2394571304321289
8.3999999999999364,124.4999999999993463,4.6128106117248535
8.3999999999999364,124.5999999999993406,4.1120200157165527
8.3999999999999364,124.6999999999993349,3.8368189334869385
8.3999999999999364,124.7999999999993292,3.7996220588684082
8.3999999999999364,124.8999999999993236,3.6835350990295410
8.3999999999999364,124.9999999999993179,3.2224402427673340
8.3999999999999364,125.0999999999993122,2.7340307235717773
8.3999999999999364,125.1999999999993065,2.2974209785461426
8.3999999999999364,125.2999999999993008,1.8387751579284668
8.3999999999999364,125.3999999999992951,1.4916538000106812
8.3999999999999364,125.4999999999992895,1.6671392917633057
8.3999999999999364,125.5999999999992838,2.1990823745727539
8.3999999999999364,125.6999999999992781,2.7265081405639648
8.3999999999999364,125.7999999999992724,3.1397349834442139
8.3999999999999364,125.8999999999992667,3.5666964054107666
8.3999999999999364,125.9999999999992610,4.0360722541809082
8.3999999999999364,126.0999999999992554,4.3428754806518555
8.3999999999999364,126.1999999999992497,4.6526775360107422
8.3999999999999364,126.2999999999992440,4.7143101692199707
8.2999999999999368,117.2999999999997556,9.1477813720703125
8.2999999999999368,122.9999999999994316,6.4100942611694336
8.2999999999999368,123.0999999999994259,6.1670823097229004
8.2999999999999368,123.1999999999994202,5.6230788230895996
8.2999999999999368,123.2999999999994145,4.6169676780700684
8.2999999999999368,123.3999999999994088,4.1142535209655762
8.2999999999999368,123.4999999999994031,4.0313658714294434
8.2999999999999368,123.5999999999993975,4.3752546310424805
8.2999999999999368,123.6999999999993918,4.7467808723449707
8.2999999999999368,123.7999999999993861,5.2933421134948730
8.2999999999999368,124.2999999999993577,5.5982666015625000
8.2999999999999368,124.3999999999993520,5.0341062545776367
8.2999999999999368,124.4999999999993463,4.4694495201110840
8.2999999999999368,124.5999999999993406,4.0218911170959473
8.2999999999999368,124.6999999999993349,3.7422654628753662
8.2999999999999368,124.7999999999993292,3.7063529491424561
8.2999999999999368,124.8999999999993236,3.5584766864776611
8.2999999999999368,124.9999999999993179,3.0332040786743164
8.2999999999999368,125.0999999999993122,2.5289716720581055
8.2999999999999368,125.1999999999993065,2.2588253021240234
8.2999999999999368,125.2999999999993008,2.1819984912872314
8.2999999999999368,125.3999999999992951,2.1926710605621338
8.2999999999999368,125.4999999999992895,2.5016822814941406
8.2999999999999368,125.5999999999992838,2.9886775016784668
8.2999999999999368,125.6999999999992781,3.4762752056121826
8.2999999999999368,125.7999999999992724,3.7412352561950684
8.2999999999999368,125.8999999999992667,3.9355185031890869
8.2999999999999368,125.9999999999992610,4.1599006652832031
8.2999999999999368,126.0999999999992554,4.3468375205993652
8.2999999999999368,126.1999999999992497,4.5074238777160645
8.2999999999999368,126.2999999999992440,4.4374766349792480
8.1999999999999371,122.9999999999994316,5.5397415161132812
8.1999999999999371,123.0999999999994259,5.1782155036926270
8.1999999999999371,123.1999999999994202,4.7497644424438477
8.1999999999999371,123.2999999999994145,4.0340256690979004
8.1999999999999371,123.3999999999994088,3.7872030735015869
8.1999999999999371,123.4999999999994031,3.8336064815521240
8.1999999999999371,123.5999999999993975,4.0664763450622559
8.1999999999999371,123.6999999999993918,4.3359608650207520
8.1999999999999371,123.7999999999993861,4.7881841659545898
8.1999999999999371,124.0999999999993690,6.1183128356933594
8.1999999999999371,124.1999999999993634,5.6774024963378906
8.1999999999999371,124.2999999999993577,5.5089168548583984
8.1999999999999371,124.3999999999993520,5.0759797096252441
8.1999999999999371,124.4999999999993463,4.6066627502441406
8.1999999999999371,124.5999999999993406,4.1948890686035156
8.1999999999999371,124.6999999999993349,3.7279298305511475
8.1999999999999371,124.7999999999993292,3.4207854270935059
8.1999999999999371,124.8999999999993236,3.1431534290313721
8.1999999999999371,124.9999999999993179,2.8316011428833008
8.1999999999999371,125.0999999999993122,2.5854213237762451
8.1999999999999371,125.1999999999993065,2.5889554023742676
8.1999999999999371,125.2999999999993008,2.8128757476806641
8.1999999999999371,125.3999999999992951,3.1027939319610596
8.1999999999999371,125.4999999999992895,3.3405945301055908
8.1999999999999371,125.5999999999992838,3.6223809719085693
8.1999999999999371,125.6999999999992781,3.8888735771179199
8.1999999999999371,125.7999999999992724,4.0285873413085938
8.1999999999999371,125.8999999999992667,4.1415290832519531
8.1999999999999371,125.9999999999992610,4.2621655464172363
8.1999999999999371,126.0999999999992554,4.2422432899475098
8.1999999999999371,126.1999999999992497,4.2010273933410645
8.1999999999999371,126.2999999999992440,3.9694361686706543
8.1999999999999371,126.3999999999992383,3.8400292396545410
8.0999999999999375,116.9999999999997726,9.2294120788574219
8.0999999999999375,122.7999999999994429,5.3272871971130371
8.0999999999999375,122.8999999999994373,4.9357008934020996
8.0999999999999375,122.9999999999994316,4.3896617889404297
8.0999999999999375,123.0999999999994259,4.1671586036682129
8.0999999999999375,123.1999999999994202,3.9482951164245605
8.0999999999999375,123.2999999999994145,3.6012034416198730
8.0999999999999375,123.3999999999994088,3.4849767684936523
8.0999999999999375,123.4999999999994031,3.6577184200286865
8.0999999999999375,123.5999999999993975,3.7881751060485840
8.0999999999999375,123.6999999999993918,3.9547421932220459
8.0999999999999375,123.7999999999993861,4.1883921623229980
8.0999999999999375,123.9999999999993747,5.3214087486267090
8.0999999999999375,124.0999999999993690,5.4752340316772461
8.0999999999999375,124.1999999999993634,5.3520245552062988
8.0999999999999375,124.2999999999993577,5.4519019126892090
8.0999999999999375,124.3999999999993520,5.1981358528137207
8.0999999999999375,124.4999999999993463,4.8645620346069336
8.0999999999999375,124.5999999999993406,4.4664092063903809
8.0999999999999375,124.6999999999993349,3.8188130855560303
8.0999999999999375,124.7999999999993292,3.2319695949554443
8.0999999999999375,124.8999999999993236,2.8105041980743408
8.0999999999999375,124.9999999999993179,2.8257749080657959
8.0999999999999375,125.0999999999993122,2.8900220394134521
8.0999999999999375,125.1999999999993065,3.2043826580047607
8.0999999999999375,125.2999999999993008,3.6459288597106934
8.0999999999999375,125.3999999999992951,4.0870656967163086
8.0999999999999375,125.4999999999992895,4.2044920921325684
8.0999999999999375,125.5999999999992838,4.1814150810241699
8.0999999999999375,125.6999999999992781,4.1969146728515625
8.0999999999999375,125.7999999999992724,4.2203083038330078
8.0999999999999375,125.8999999999992667,4.2820014953613281
8.0999999999999375,125.9999999999992610,4.3254270553588867
8.0999999999999375,126.0999999999992554,4.1197118759155273
8.0999999999999375,126.1999999999992497,3.8425135612487793
8.0999999999999375,126.2999999999992440,3.3457639217376709
8.0999999999999375,126.3999999999992383,4.0551071166992188
7.9999999999999378,116.9999999999997726,9.2888660430908203
7.9999999999999378,122.2999999999994714,6.6708517074584961
7.9999999999999378,122.3999999999994657,5.7097029685974121
7.9999999999999378,122.4999999999994600,5.2690582275390625
7.9999999999999378,122.5999999999994543,5.0651097297668457
7.9999999999999378,122.6999999999994486,4.7714204788208008
7.9999999999999378,122.7999999999994429,4.4359769821166992
7.9999999999999378,122.8999999999994373,4.1071987152099609
7.9999999999999378,122.9999999999994316,3.5644426345825195
7.9999999999999378,123.0999999999994259,3.4382140636444092
7.9999999999999378,123.1999999999994202,3.3750803470611572
7.9999999999999378,123.2999999999994145,3.4125456809997559
7.9999999999999378,123.3999999999994088,3.5980923175811768
7.9999999999999378,123.4999999999994031,3.8120601177215576
7.9999999999999378,123.5999999999993975,3.9709522724151611
7.9999999999999378,123.6999999999993918,4.1208872795104980
7.9999999999999378,123.7999999999993861,4.1686506271362305
7.9999999999999378,123.8999999999993804,4.4824166297912598
7.9999999999999378,123.9999999999993747,4.7888784408569336
7.9999999999999378,124.0999999999993690,4.8935937881469727
7.9999999999999378,124.1999999999993634,4.9174699783325195
7.9999999999999378,124.2999999999993577,5.2141928672790527
7.9999999999999378,124.3999999999993520,5.1501727104187012
7.9999999999999378,124.4999999999993463,4.9878063201904297
7.9999999999999378,124.5999999999993406,4.7552514076232910
7.9999999999999378,124.6999999999993349,4.0501375198364258
7.9999999999999378,124.7999999999993292,3.3135972023010254
7.9999999999999378,124.8999999999993236,2.8402197360992432
7.9999999999999378,124.9999999999993179,3.1250433921813965
7.9999999999999378,125.0999999999993122,3.4557125568389893
7.9999999999999378,125.1999999999993065,3.8558213710784912
7.9999999999999378,125.2999999999993008,4.3368978500366211
7.9999999999999378,125.3999999999992951,4.8285155296325684
7.9999999999999378,125.4999999999992895,4.8402795791625977
7.9999999999999378,125.5999999999992838,4.6094484329223633
7.9999999999999378,125.6999999999992781,4.4267663955688477
7.9999999999999378,125.7999999999992724,4.3541493415832520
7.9999999999999378,125.8999999999992667,4.3687887191772461
7.9999999999999378,125.9999999999992610,4.3495693206787109
7.9999999999999378,126.0999999999992554,3.9371118545532227
7.9999999999999378,126.1999999999992497,3.4746115207672119
7.9999999999999378,126.2999999999992440,2.8197007179260254
7.8999999999999382,116.9999999999997726,9.4210987091064453
7.8999999999999382,122.2999999999994714,6.1392831802368164
7.8999999999999382,122.3999999999994657,5.1424746513366699
7.8999999999999382,122.4999999999994600,4.6480703353881836
7.8999999999999382,122.5999999999994543,4.6270723342895508
7.8999999999999382,122.6999999999994486,4.3806147575378418
7.8999999999999382,122.7999999999994429,3.9973685741424561
7.8999999999999382,122.8999999999994373,3.8008379936218262
7.8999999999999382,122.9999999999994316,3.6133055686950684
7.8999999999999382,123.0999999999994259,3.5651485919952393
7.8999999999999382,123.1999999999994202,3.7086739540100098
7.8999999999999382,123.2999999999994145,4.0298814773559570
7.8999999999999382,123.3999999999994088,4.5155553817749023
7.8999999999999382,123.4999999999994031,4.8047199249267578
7.8999999999999382,123.5999999999993975,4.8471522331237793
7.8999999999999382,123.6999999999993918,4.9739270210266113
7.8999999999999382,123.7999999999993861,4.8156213760375977
7.8999999999999382,123.8999999999993804,4.6533565521240234
7.8999999999999382,123.9999999999993747,4.6197161674499512
7.8999999999999382,124.0999999999993690,4.5172467231750488
7.8999999999999382,124.1999999999993634,4.5625414848327637
7.8999999999999382,124.2999999999993577,4.7871265411376953
7.8999999999999382,124.3999999999993520,4.6273531913757324
7.8999999999999382,124.4999999999993463,4.6327371597290039
7.8999999999999382,124.5999999999993406,4.6288318634033203
7.8999999999999382,124.6999999999993349,4.2687802314758301
7.8999999999999382,124.7999999999993292,3.8502609729766846
7.8999999999999382,124.8999999999993236,3.5966045856475830
7.8999999999999382,124.9999999999993179,3.7574882507324219
7.8999999999999382,125.0999999999993122,3.9534792900085449
7.8999999999999382,125.1999999999993065,4.1946020126342773
7.8999999999999382,125.2999999999993008,4.4921531677246094
7.8999999999999382,125.3999999999992951,4.8030500411987305
7.8999999999999382,125.4999999999992895,4.7070651054382324
7.8999999999999382,125.5999999999992838,4.4115047454833984
7.8999999999999382,125.6999999999992781,4.1901874542236328
7.8999999999999382,125.7999999999992724,4.1919836997985840
7.8999999999999382,125.8999999999992667,4.2798790931701660
7.8999999999999382,125.9999999999992610,4.3049654960632324
7.8999999999999382,126.0999999999992554,3.6815435886383057
7.8999999999999382,126.1999999999992497,2.9919416904449463
7.8999999999999382,126.2999999999992440,2.1353235244750977
7.7999999999999385,122.0999999999994827,7.8255290985107422
7.7999999999999385,122.1999999999994770,6.7690458297729492
7.7999999999999385,122.2999999999994714,5.5475864410400391
7.7999999999999385,122.3999999999994657,4.6630234718322754
7.7999999999999385,122.4999999999994600,4.4046730995178223
7.7999999999999385,122.5999999999994543,4.4971594810485840
7.7999999999999385,122.6999999999994486,4.2836661338806152
7.7999999999999385,122.7999999999994429,4.0572590827941895
7.7999999999999385,122.8999999999994373,3.9160153865814209
7.7999999999999385,122.9999999999994316,3.8896741867065430
7.7999999999999385,123.0999999999994259,3.8772826194763184
7.7999999999999385,123.1999999999994202,4.1620283126831055
7.7999999999999385,123.2999999999994145,4.7818436622619629
7.7999999999999385,123.3999999999994088,5.6220626831054688
7.7999999999999385,123.6999999999993918,5.5667805671691895
7.7999999999999385,123.7999999999993861,5.5435781478881836
7.7999999999999385,123.8999999999993804,4.9495449066162109
7.7999999999999385,123.9999999999993747,4.4488596916198730
7.7999999999999385,124.0999999999993690,4.2308011054992676
7.7999999999999385,124.1999999999993634,4.3511838912963867
7.7999999999999385,124.2999999999993577,4.4529304504394531
7.7999999999999385,124.3999999999993520,4.4235515594482422
7.7999999999999385,124.4999999999993463,4.3755669593811035
7.7999999999999385,124.5999999999993406,4.5971670150756836
7.7999999999999385,124.6999999999993349,4.5135984420776367
7.7999999999999385,124.7999999999993292,4.4221868515014648
7.7999999999999385,124.8999999999993236,4.3806610107421875
7.7999999999999385,124.9999999999993179,4.4025549888610840
7.7999999999999385,125.0999999999993122,4.4386982917785645
7.7999999999999385,125.1999999999993065,4.5004496574401855
7.7999999999999385,125.2999999999993008,4.5555191040039062
7.7999999999999385,125.3999999999992951,4.6394224166870117
7.7999999999999385,125.4999999999992895,4.4467129707336426
7.7999999999999385,125.5999999999992838,4.1174044609069824
7.7999999999999385,125.6999999999992781,3.9204778671264648
7.7999999999999385,125.7999999999992724,3.9950413703918457
7.7999999999999385,125.8999999999992667,4.1568779945373535
7.7999999999999385,125.9999999999992610,4.1935377120971680
7.7999999999999385,126.0999999999992554,3.4588191509246826
7.7999999999999385,126.1999999999992497,2.6190423965454102
7.7999999999999385,126.2999999999992440,1.6307832002639771
7.7999999999999385,126.3999999999992383,2.5251441001892090
7.6999999999999389,122.1999999999994770,6.3672475814819336
7.6999999999999389,122.2999999999994714,4.9779648780822754
7.6999999999999389,122.3999999999994657,4.2266116142272949
7.6999999999999389,122.4999999999994600,4.1949324607849121
7.6999999999999389,122.8999999999994373,4.1985311508178711
7.6999999999999389,122.9999999999994316,4.2874922752380371
7.6999999999999389,123.0999999999994259,4.4305944442749023
7.6999999999999389,123.1999999999994202,4.7012104988098145
7.6999999999999389,123.2999999999994145,5.4943952560424805
7.6999999999999389,123.3999999999994088,6.4563474655151367
7.6999999999999389,123.4999999999994031,7.1575131416320801
7.6999999999999389,123.8999999999993804,5.1587224006652832
7.6999999999999389,123.9999999999993747,4.6551880836486816
7.6999999999999389,124.0999999999993690,4.3805227279663086
7.6999999999999389,124.1999999999993634,4.3016896247863770
7.6999999999999389,124.2999999999993577,4.2356410026550293
7.6999999999999389,124.3999999999993520,4.2619242668151855
7.6999999999999389,124.4999999999993463,4.3067245483398438
7.6999999999999389,124.5999999999993406,4.5131959915161133
7.6999999999999389,124.6999999999993349,4.6512813568115234
7.6999999999999389,124.7999999999993292,4.8411893844604492
7.6999999999999389,124.8999999999993236,4.9401597976684570
7.6999999999999389,124.9999999999993179,4.8454036712646484
7.6999999999999389,125.0999999999993122,4.7244009971618652
7.6999999999999389,125.1999999999993065,4.6124424934387207
7.6999999999999389,125.2999999999993008,4.5370149612426758
7.6999999999999389,125.3999999999992951,4.4728841781616211
7.6999999999999389,125.4999999999992895,4.1893963813781738
7.6999999999999389,125.5999999999992838,3.8285429477691650
7.6999999999999389,125.6999999999992781,3.6917481422424316
7.6999999999999389,125.7999999999992724,3.7713510990142822
7.6999999999999389,125.8999999999992667,3.9279642105102539
7.6999999999999389,125.9999999999992610,4.1555519104003906
7.6999999999999389,126.0999999999992554,3.2107663154602051
7.6999999999999389,126.1999999999992497,2.3268918991088867
7.6999999999999389,126.2999999999992440,1.3481001853942871
7.6999999999999389,126.3999999999992383,2.2336988449096680
7.6999999999999389,126.4999999999992326,4.1342763900756836
7.5999999999999392,122.1999999999994770,6.3023629188537598
7.5999999999999392,122.2999999999994714,4.9819846153259277
7.5999999999999392,122.3999999999994657,4.3816871643066406
7.5999999999999392,122.8999999999994373,4.7346963882446289
7.5999999999999392,122.9999999999994316,4.7846422195434570
7.5999999999999392,123.1999999999994202,5.6117606163024902
7.5999999999999392,123.2999999999994145,6.1203603744506836
7.5999999999999392,123.3999999999994088,6.4784765243530273
7.5999999999999392,124.0999999999993690,5.0291380882263184
7.5999999999999392,124.1999999999993634,4.7084612846374512
7.5999999999999392,124.2999999999993577,4.3930649757385254
7.5999999999999392,124.3999999999993520,4.3291759490966797
7.5999999999999392,124.4999999999993463,4.3226442337036133
7.5999999999999392,124.5999999999993406,4.5649528503417969
7.5999999999999392,124.6999999999993349,4.7244315147399902
7.5999999999999392,124.7999999999993292,4.9219379425048828
7.5999999999999392,124.8999999999993236,5.0390830039978027
7.5999999999999392,124.9999999999993179,4.7798666954040527
7.5999999999999392,125.0999999999993122,4.5316104888916016
7.5999999999999392,125.1999999999993065,4.3550615310668945
7.5999999999999392,125.2999999999993008,4.2883644104003906
7.5999999999999392,125.3999999999992951,4.2337851524353027
7.5999999999999392,125.4999999999992895,3.9094324111938477
7.5999999999999392,125.5999999999992838,3.6007668972015381
7.5999999999999392,125.6999999999992781,3.5643134117126465
7.5999999999999392,125.7999999999992724,3.5052118301391602
7.5999999999999392,125.8999999999992667,3.4548361301422119
7.5999999999999392,125.9999999999992610,3.4251191616058350
7.5999999999999392,126.0999999999992554,2.7937359809875488
7.5999999999999392,126.1999999999992497,2.1066246032714844
7.5999999999999392,126.2999999999992440,1.4007304906845093
7.5999999999999392,126.3999999999992383,1.8075983524322510
7.5999999999999392,126.4999999999992326,3.3653585910797119
7.4999999999999396,122.0999999999994827,7.3888235092163086
7.4999999999999396,122.1999999999994770,6.2556223869323730
7.4999999999999396,122.2999999999994714,5.1439538002014160
7.4999999999999396,123.2999999999994145,6.7716140747070312
7.4999999999999396,123.3999999999994088,7.2560949325561523
7.4999999999999396,124.1999999999993634,5.1356024742126465
7.4999999999999396,124.2999999999993577,4.6041474342346191
7.4999999999999396,124.3999999999993520,4.4737339019775391
7.4999999999999396,124.4999999999993463,4.4024977684020996
7.4999999999999396,124.5999999999993406,4.7458424568176270
7.4999999999999396,124.6999999999993349,4.8369774818420410
7.4999999999999396,124.7999999999993292,5.0143041610717773
7.4999999999999396,124.8999999999993236,5.0906181335449219
7.4999999999999396,124.9999999999993179,4.7411208152770996
7.4999999999999396,125.0999999999993122,4.3626637458801270
7.4999999999999396,125.1999999999993065,4.1325259208679199
7.4999999999999396,125.2999999999993008,4.0537605285644531
7.4999999999999396,125.3999999999992951,3.9624207019805908
7.4999999999999396,125.4999999999992895,3.6277973651885986
7.4999999999999396,125.5999999999992838,3.4019083976745605
7.4999999999999396,125.6999999999992781,3.5200963020324707
7.4999999999999396,125.7999999999992724,3.2891001701354980
7.4999999999999396,125.8999999999992667,2.9943635463714600
7.4999999999999396,125.9999999999992610,2.8761730194091797
7.4999999999999396,126.0999999999992554,2.3939745426177979
7.4999999999999396,126.1999999999992497,1.9178079366683960
7.4999999999999396,126.2999999999992440,1.4421069622039795
7.4999999999999396,126.3999999999992383,1.4756404161453247
7.4999999999999396,126.4999999999992326,2.8426487445831299
7.4999999999999396,126.5999999999992269,4.2414340972900391
7.3999999999999400,122.0999999999994827,6.7168960571289062
7.3999999999999400,122.1999999999994770,5.8667254447937012
7.3999999999999400,122.2999999999994714,5.1903820037841797
7.3999999999999400,122.7999999999994429,5.7436909675598145
7.3999999999999400,123.3999999999994088,7.4648990631103516
7.3999999999999400,124.1999999999993634,5.2655081748962402
7.3999999999999400,124.2999999999993577,4.6947412490844727
7.3999999999999400,124.3999999999993520,4.5229034423828125
7.3999999999999400,124.4999999999993463,4.4763584136962891
7.3999999999999400,124.5999999999993406,4.7341117858886719
7.3999999999999400,124.6999999999993349,4.6798377037048340
7.3999999999999400,124.7999999999993292,4.7279582023620605
7.3999999999999400,124.8999999999993236,4.7639861106872559
7.3999999999999400,124.9999999999993179,4.3670334815979004
7.3999999999999400,125.0999999999993122,4.0021352767944336
7.3999999999999400,125.1999999999993065,3.7396807670593262
7.3999999999999400,125.2999999999993008,3.5817980766296387
7.3999999999999400,125.3999999999992951,3.4281418323516846
7.3999999999999400,125.4999999999992895,3.0216102600097656
7.3999999999999400,125.5999999999992838,3.0204145908355713
7.3999999999999400,125.6999999999992781,3.8817491531372070
7.3999999999999400,125.7999999999992724,3.1320130825042725
7.3999999999999400,125.8999999999992667,2.5812304019927979
7.3999999999999400,125.9999999999992610,2.2861380577087402
7.3999999999999400,126.0999999999992554,2.0637116432189941
7.3999999999999400,126.1999999999992497,1.9297764301300049
7.3999999999999400,126.2999999999992440,1.8187252283096313
7.3999999999999400,126.3999999999992383,2.3621072769165039
7.3999999999999400,126.4999999999992326,3.5852220058441162
7.2999999999999403,116.8999999999997783,10.0213565826416016
7.2999999999999403,117.0999999999997669,10.3338756561279297
7.2999999999999403,117.1999999999997613,10.3348808288574219
7.2999999999999403,122.0999999999994827,5.5761265754699707
7.2999999999999403,122.1999999999994770,5.1432952880859375
7.2999999999999403,124.1999999999993634,4.8795056343078613
7.2999999999999403,124.2999999999993577,4.4650039672851562
7.2999999999999403,124.3999999999993520,4.4336066246032715
7.2999999999999403,124.4999999999993463,4.5122289657592773
7.2999999999999403,124.5999999999993406,4.7652750015258789
7.2999999999999403,124.6999999999993349,4.4626569747924805
7.2999999999999403,124.7999999999993292,4.4161696434020996
7.2999999999999403,124.8999999999993236,4.3536610603332520
7.2999999999999403,124.9999999999993179,4.0580744743347168
7.2999999999999403,125.0999999999993122,3.7791986465454102
7.2999999999999403,125.1999999999993065,3.4478251934051514
7.2999999999999403,125.2999999999993008,3.0843532085418701
7.2999999999999403,125.3999999999992951,2.7266809940338135
7.2999999999999403,125.4999999999992895,2.3522117137908936
7.2999999999999403,125.5999999999992838,3.5968081951141357
7.2999999999999403,125.6999999999992781,4.5707483291625977
7.2999999999999403,125.8999999999992667,2.8202476501464844
7.2999999999999403,125.9999999999992610,2.0566926002502441
7.2999999999999403,126.0999999999992554,2.0513255596160889
7.2999999999999403,126.1999999999992497,2.2093298435211182
7.2999999999999403,126.2999999999992440,2.6184034347534180
7.2999999999999403,126.3999999999992383,3.8283965587615967
7.2999999999999403,126.4999999999992326,5.4065227508544922
7.2999999999999403,126.5999999999992269,7.2419500350952148
7.1999999999999407,117.0999999999997669,10.4201936721801758
7.1999999999999407,117.1999999999997613,10.3863363265991211
7.1999999999999407,121.9999999999994884,5.1563673019409180
7.1999999999999407,122.0999999999994827,4.5379862785339355
7.1999999999999407,122.1999999999994770,4.6190476417541504
7.1999999999999407,124.1999999999993634,4.7995800971984863
7.1999999999999407,124.2999999999993577,4.3340673446655273
7.1999999999999407,124.3999999999993520,4.3535938262939453
7.1999999999999407,124.4999999999993463,4.5432515144348145
7.1999999999999407,124.5999999999993406,4.7103714942932129
7.1999999999999407,124.6999999999993349,4.4778046607971191
7.1999999999999407,124.7999999999993292,4.2617735862731934
7.1999999999999407,124.8999999999993236,4.0939421653747559
7.1999999999999407,124.9999999999993179,3.9068720340728760
7.1999999999999407,125.0999999999993122,3.7267420291900635
7.1999999999999407,125.1999999999993065,3.3323922157287598
7.1999999999999407,125.2999999999993008,2.7156891822814941
7.1999999999999407,125.3999999999992951,2.1837146282196045
7.1999999999999407,125.4999999999992895,2.8316903114318848
7.1999999999999407,125.5999999999992838,4.4727711677551270
7.1999999999999407,125.9999999999992610,2.3727147579193115
7.1999999999999407,126.0999999999992554,2.1897881031036377
7.1999999999999407,126.1999999999992497,2.6484901905059814
7.1999999999999407,126.2999999999992440,3.5823452472686768
7.1999999999999407,126.3999999999992383,5.3158740997314453
7.1999999999999407,126.4999999999992326,7.1832165718078613
7.0999999999999410,121.9999999999994884,5.3761439323425293
7.0999999999999410,122.0999999999994827,4.8544044494628906
7.0999999999999410,122.1999999999994770,4.8096599578857422
7.0999999999999410,124.0999999999993690,4.9812064170837402
7.0999999999999410,124.1999999999993634,4.3713531494140625
7.0999999999999410,124.2999999999993577,4.0468940734863281
7.0999999999999410,124.3999999999993520,4.1729574203491211
7.0999999999999410,124.4999999999993463,4.3755998611450195
7.0999999999999410,124.5999999999993406,4.5430159568786621
7.0999999999999410,124.6999999999993349,4.1675105094909668
7.0999999999999410,124.7999999999993292,3.7821879386901855
7.0999999999999410,124.8999999999993236,3.5043203830718994
7.0999999999999410,124.9999999999993179,3.4970793724060059
7.0999999999999410,125.0999999999993122,3.4951870441436768
7.0999999999999410,125.1999999999993065,3.1558301448822021
7.0999999999999410,125.2999999999993008,2.5043318271636963
7.0999999999999410,125.3999999999992951,2.0086424350738525
7.0999999999999410,125.4999999999992895,2.9194180965423584
7.0999999999999410,125.5999999999992838,4.6651988029479980
7.0999999999999410,125.6999999999992781,6.7417836189270020
7.0999999999999410,125.8999999999992667,4.0865125656127930
7.0999999999999410,125.9999999999992610,3.3278203010559082
7.0999999999999410,126.0999999999992554,3.0619208812713623
7.0999999999999410,126.1999999999992497,3.3940794467926025
7.0999999999999410,126.2999999999992440,4.3682298660278320
7.0999999999999410,126.3999999999992383,6.2980747222900391
6.9999999999999414,117.0999999999997669,9.7740831375122070
6.9999999999999414,121.9999999999994884,6.4128518104553223
6.9999999999999414,122.0999999999994827,6.0935826301574707
6.9999999999999414,122.1999999999994770,6.3560943603515625
6.9999999999999414,123.9999999999993747,4.7820239067077637
6.9999999999999414,124.0999999999993690,4.2822799682617188
6.9999999999999414,124.1999999999993634,3.8662559986114502
6.9999999999999414,124.2999999999993577,3.7810561656951904
6.9999999999999414,124.3999999999993520,3.8113877773284912
6.9999999999999414,124.4999999999993463,3.9086585044860840
6.9999999999999414,124.5999999999993406,3.9094822406768799
6.9999999999999414,124.6999999999993349,3.4993276596069336
6.9999999999999414,124.7999999999993292,2.9993796348571777
6.9999999999999414,124.8999999999993236,2.7112576961517334
6.9999999999999414,124.9999999999993179,2.8498141765594482
6.9999999999999414,125.0999999999993122,3.0379235744476318
6.9999999999999414,125.1999999999993065,2.9159655570983887
6.9999999999999414,125.2999999999993008,2.3872697353363037
6.9999999999999414,125.3999999999992951,1.9976170063018799
6.9999999999999414,125.4999999999992895,2.1365385055541992
6.9999999999999414,125.7999999999992724,6.7781968116760254
6.9999999999999414,125.9999999999992610,4.3823428153991699
6.9999999999999414,126.0999999999992554,4.1817417144775391
6.9999999999999414,126.1999999999992497,4.6495814323425293
6.9999999999999414,126.2999999999992440,5.5572071075439453
6.8999999999999417,116.6999999999997897,6.7047910690307617
6.8999999999999417,116.7999999999997840,7.1837267875671387
6.8999999999999417,117.0999999999997669,9.2126655578613281
6.8999999999999417,117.1999999999997613,9.6513576507568359
6.8999999999999417,122.0999999999994827,7.0280900001525879
6.8999999999999417,123.9999999999993747,4.4543986320495605
6.8999999999999417,124.0999999999993690,3.7158071994781494
6.8999999999999417,124.1999999999993634,3.4238657951354980
6.8999999999999417,124.2999999999993577,3.5286734104156494
6.8999999999999417,124.3999999999993520,3.4738342761993408
6.8999999999999417,124.4999999999993463,3.4566771984100342
6.8999999999999417,124.5999999999993406,3.4448306560516357
6.8999999999999417,124.6999999999993349,2.9386613368988037
6.8999999999999417,124.7999999999993292,2.5433659553527832
6.8999999999999417,124.8999999999993236,2.5433979034423828
6.8999999999999417,124.9999999999993179,2.4190285205841064
6.8999999999999417,125.0999999999993122,2.7064104080200195
6.8999999999999417,125.1999999999993065,2.7822763919830322
6.8999999999999417,125.2999999999993008,2.4074540138244629
6.8999999999999417,125.3999999999992951,2.1891336441040039
6.8999999999999417,126.0999999999992554,5.4366602897644043
6.8999999999999417,126.2999999999992440,6.8453888893127441
6.7999999999999421,124.0999999999993690,3.4831600189208984
6.7999999999999421,124.1999999999993634,3.2801856994628906
6.7999999999999421,124.2999999999993577,3.4798774719238281
6.7999999999999421,124.3999999999993520,3.3106994628906250
6.7999999999999421,124.4999999999993463,3.1290519237518311
6.7999999999999421,124.5999999999993406,2.9636685848236084
6.7999999999999421,124.6999999999993349,2.5606126785278320
6.7999999999999421,124.7999999999993292,2.3673517704010010
6.7999999999999421,124.8999999999993236,2.4163708686828613
6.7999999999999421,124.9999999999993179,2.3399665355682373
6.7999999999999421,125.0999999999993122,2.5988013744354248
6.7999999999999421,125.1999999999993065,2.7943751811981201
6.7999999999999421,125.2999999999993008,2.5343155860900879
6.7999999999999421,125.3999999999992951,2.3795568943023682
6.7999999999999421,126.0999999999992554,6.6977868080139160
6.7999999999999421,126.1999999999992497,7.2386865615844727
6.6999999999999424,121.9999999999994884,6.0932111740112305
6.6999999999999424,122.0999999999994827,5.9136104583740234
6.6999999999999424,124.0999999999993690,3.4350597858428955
6.6999999999999424,124.1999999999993634,3.2574605941772461
6.6999999999999424,124.2999999999993577,3.4878439903259277
6.6999999999999424,124.3999999999993520,3.2205407619476318
6.6999999999999424,124.4999999999993463,2.8856692314147949
6.6999999999999424,124.5999999999993406,2.6166551113128662
6.6999999999999424,124.6999999999993349,2.2484455108642578
6.6999999999999424,124.7999999999993292,2.2090094089508057
6.6999999999999424,124.8999999999993236,2.3753199577331543
6.6999999999999424,124.9999999999993179,2.3702254295349121
6.6999999999999424,125.0999999999993122,2.5845663547515869
6.6999999999999424,125.1999999999993065,2.7773103713989258
6.6999999999999424,125.2999999999993008,2.6433119773864746
6.6999999999999424,126.0999999999992554,7.8276963233947754
6.6999999999999424,126.1999999999992497,8.6139593124389648
6.5999999999999428,121.8999999999994941,6.2181115150451660
6.5999999999999428,121.9999999999994884,5.6672267913818359
6.5999999999999428,122.0999999999994827,5.3963994979858398
6.5999999999999428,122.1999999999994770,5.5756230354309082
6.5999999999999428,124.0999999999993690,3.3603723049163818
6.5999999999999428,124.1999999999993634,3.1424837112426758
6.5999999999999428,124.2999999999993577,3.4260716438293457
6.5999999999999428,124.3999999999993520,3.1092145442962646
6.5999999999999428,124.4999999999993463,2.7912752628326416
6.5999999999999428,124.5999999999993406,2.6246681213378906
6.5999999999999428,124.6999999999993349,2.0531799793243408
6.5999999999999428,124.7999999999993292,2.1046831607818604
6.5999999999999428,124.8999999999993236,2.3879079818725586
6.5999999999999428,124.9999999999993179,2.3801651000976562
6.5999999999999428,125.0999999999993122,2.6086795330047607
6.5999999999999428,125.1999999999993065,2.8018455505371094
6.5999999999999428,125.2999999999993008,2.7907803058624268
6.5999999999999428,126.0999999999992554,9.4562377929687500
6.5999999999999428,126.1999999999992497,9.8387823104858398
6.4999999999999432,121.9999999999994884,5.9254293441772461
6.4999999999999432,122.0999999999994827,5.7637047767639160
6.4999999999999432,122.1999999999994770,5.9257965087890625
6.4999999999999432,124.0999999999993690,3.2551994323730469
6.4999999999999432,124.1999999999993634,2.9871609210968018
6.4999999999999432,124.2999999999993577,2.8880431652069092
6.4999999999999432,124.3999999999993520,2.8151161670684814
6.4999999999999432,124.4999999999993463,2.8417763710021973
6.4999999999999432,124.5999999999993406,2.8402612209320068
6.4999999999999432,124.6999999999993349,2.2681849002838135
6.4999999999999432,124.7999999999993292,2.0416922569274902
6.4999999999999432,124.8999999999993236,2.2524201869964600
6.4999999999999432,124.9999999999993179,2.3777663707733154
6.4999999999999432,125.0999999999993122,2.7133772373199463
6.4999999999999432,125.1999999999993065,3.0082178115844727
6.4999999999999432,125.2999999999993008,3.1392076015472412
6.4999999999999432,125.3999999999992951,3.3119561672210693
6.4999999999999432,125.4999999999992895,2.6976616382598877
6.4999999999999432,125.5999999999992838,2.6524736881256104
6.4999999999999432,126.1999999999992497,10.0435199737548828
6.3999999999999435,121.9999999999994884,6.2480263710021973
6.3999999999999435,124.0999999999993690,3.1659972667694092
6.3999999999999435,124.1999999999993634,2.8934087753295898
6.3999999999999435,124.2999999999993577,2.5935156345367432
6.3999999999999435,124.3999999999993520,2.5356371402740479
6.3999999999999435,124.4999999999993463,2.8966228961944580
6.3999999999999435,124.5999999999993406,3.1286942958831787
6.3999999999999435,124.6999999999993349,2.6471436023712158
6.3999999999999435,124.7999999999993292,2.3613934516906738
6.3999999999999435,124.8999999999993236,2.4106552600860596
6.3999999999999435,124.9999999999993179,2.6271796226501465
6.3999999999999435,125.0999999999993122,2.9261224269866943
6.3999999999999435,125.1999999999993065,3.3274757862091064
6.3999999999999435,125.2999999999993008,3.5678124427795410
6.3999999999999435,125.3999999999992951,3.8484208583831787
6.3999999999999435,125.4999999999992895,3.4329886436462402
6.2999999999999439,120.5999999999995680,6.9694986343383789
6.2999999999999439,124.1999999999993634,2.8064713478088379
6.2999999999999439,124.2999999999993577,2.5458858013153076
6.2999999999999439,124.3999999999993520,2.4551064968109131
6.2999999999999439,124.4999999999993463,2.8320350646972656
6.2999999999999439,124.5999999999993406,3.2288057804107666
6.2999999999999439,124.6999999999993349,2.9638123512268066
6.2999999999999439,124.7999999999993292,2.6701843738555908
6.2999999999999439,124.8999999999993236,2.7107484340667725
6.2999999999999439,124.9999999999993179,2.8959424495697021
6.2999999999999439,125.0999999999993122,3.2735605239868164
6.2999999999999439,125.1999999999993065,3.6588072776794434
6.2999999999999439,125.2999999999993008,3.9558360576629639
6.2999999999999439,125.3999999999992951,4.2646651268005371
6.2999999999999439,125.4999999999992895,4.1834673881530762
6.2999999999999439,125.5999999999992838,4.5899085998535156
6.1999999999999442,124.2999999999993577,2.4840624332427979
6.1999999999999442,124.3999999999993520,2.5095193386077881
6.1999999999999442,124.4999999999993463,2.7326333522796631
6.1999999999999442,124.5999999999993406,3.0237619876861572
6.1999999999999442,124.6999999999993349,2.9617881774902344
6.1999999999999442,124.7999999999993292,2.8702378273010254
6.1999999999999442,124.8999999999993236,2.8991999626159668
6.1999999999999442,124.9999999999993179,3.2088549137115479
6.1999999999999442,125.0999999999993122,3.5962464809417725
6.1999999999999442,125.1999999999993065,3.9504749774932861
6.1999999999999442,125.2999999999993008,4.1714873313903809
6.1999999999999442,125.3999999999992951,4.3912382125854492
6.1999999999999442,125.4999999999992895,4.6198482513427734
6.1999999999999442,125.5999999999992838,5.2749285697937012
6.1999999999999442,125.6999999999992781,6.1071772575378418
6.0999999999999446,120.9999999999995453,6.4916625022888184
6.0999999999999446,121.0999999999995396,6.5674996376037598
6.0999999999999446,124.4999999999993463,2.7963232994079590
6.0999999999999446,124.5999999999993406,2.9739782810211182
6.0999999999999446,124.6999999999993349,3.0636682510375977
6.0999999999999446,124.7999999999993292,3.1168136596679688
6.0999999999999446,124.8999999999993236,3.2503843307495117
6.0999999999999446,124.9999999999993179,3.5971124172210693
6.0999999999999446,125.0999999999993122,3.9848990440368652
6.0999999999999446,125.2999999999993008,4.4003014564514160
6.0999999999999446,125.3999999999992951,4.5374464988708496
6.0999999999999446,125.4999999999992895,5.0710926055908203
6.0999999999999446,125.5999999999992838,6.3029074668884277
6.0999999999999446,125.6999999999992781,7.7237172126770020
5.9999999999999449,120.8999999999995509,6.2798638343811035
5.9999999999999449,120.9999999999995453,6.3067326545715332
5.9999999999999449,121.0999999999995396,6.4229850769042969
5.9999999999999449,121.3999999999995225,6.5042991638183594
5.9999999999999449,124.5999999999993406,3.2399384975433350
5.9999999999999449,124.6999999999993349,3.4159288406372070
5.9999999999999449,124.7999999999993292,3.7814080715179443
5.9999999999999449,124.8999999999993236,4.0471825599670410
5.9999999999999449,124.9999999999993179,4.3353519439697266
5.9999999999999449,125.0999999999993122,4.7303185462951660
5.9999999999999449,125.3999999999992951,4.7859854698181152
5.9999999999999449,125.4999999999992895,5.3792324066162109
5.9999999999999449,125.5999999999992838,6.9461154937744141
5.8999999999999453,120.8999999999995509,6.2210006713867188
5.8999999999999453,124.7999999999993292,4.5366344451904297
5.8999999999999453,124.8999999999993236,5.4530692100524902
5.8999999999999453,124.9999999999993179,5.5716676712036133
5.8999999999999453,125.0999999999993122,5.6617655754089355
5.8999999999999453,125.1999999999993065,6.0608382225036621
5.8999999999999453,125.2999999999993008,5.5681195259094238
5.8999999999999453,125.3999999999992951,5.2672705650329590
5.8999999999999453,125.4999999999992895,5.7138104438781738
5.8999999999999453,125.5999999999992838,7.1124615669250488
5.7999999999999456,125.2999999999993008,6.2752614021301270
5.7999999999999456,125.3999999999992951,5.7126760482788086
5.7999999999999456,125.4999999999992895,6.0256047248840332
5.6999999999999460,125.2999999999993008,6.6219372749328613
5.6999999999999460,125.3999999999992951,6.3533549308776855
5.5999999999999464,125.2999999999993008,7.2122001647949219
5.5999999999999464,125.3999999999992951,7.0627436637878418
5.3999999999999471,118.8999999999996646,3.1677572727203369
5.3999999999999471,118.9999999999996589,3.8241202831268311
5.3999999999999471,119.0999999999996533,4.6365871429443359
5.3999999999999471,119.1999999999996476,5.4302873611450195
5.2999999999999474,118.8999999999996646,2.6835572719573975
5.2999999999999474,118.9999999999996589,3.3612246513366699
5.2999999999999474,119.0999999999996533,4.3199014663696289
5.2999999999999474,119.1999999999996476,5.1907262802124023
5.2999999999999474,120.1999999999995907,6.2247776985168457
5.1999999999999478,118.8999999999996646,2.8060157299041748
5.1999999999999478,118.9999999999996589,3.2014188766479492
5.1999999999999478,119.0999999999996533,4.2691698074340820
5.1999999999999478,119.1999999999996476,5.3450684547424316
5.1999999999999478,120.1999999999995907,6.2881636619567871
5.0999999999999481,118.8999999999996646,3.5583341121673584
5.0999999999999481,118.9999999999996589,3.9813559055328369
5.0999999999999481,119.7999999999996135,6.2488203048706055
5.0999999999999481,119.8999999999996078,6.2642436027526855
