latitude,longitude,max_wind_speed
19.3999999999999559,121.3999999999995225,12.4037275314331055
19.3999999999999559,121.4999999999995168,12.6532287597656250
18.8999999999999488,121.8999999999994941,11.7395458221435547
18.5999999999999446,120.7999999999995566,7.5241904258728027
18.5999999999999446,120.8999999999995509,7.2175998687744141
18.5999999999999446,121.0999999999995396,6.2797355651855469
18.5999999999999446,121.1999999999995339,5.7645969390869141
18.4999999999999432,120.6999999999995623,5.9929141998291016
18.4999999999999432,120.7999999999995566,5.2988529205322266
18.4999999999999432,120.8999999999995509,4.8491663932800293
18.4999999999999432,120.9999999999995453,4.5364527702331543
18.4999999999999432,121.0999999999995396,4.4490666389465332
18.4999999999999432,121.1999999999995339,4.1218061447143555
18.4999999999999432,121.2999999999995282,3.9762759208679199
18.4999999999999432,122.1999999999994770,11.3051671981811523
18.3999999999999417,120.5999999999995680,6.8168878555297852
18.3999999999999417,120.6999999999995623,5.6330571174621582
18.3999999999999417,120.7999999999995566,4.0510053634643555
18.3999999999999417,120.8999999999995509,3.0456273555755615
18.3999999999999417,120.9999999999995453,2.8076198101043701
18.3999999999999417,121.0999999999995396,2.7534632682800293
18.3999999999999417,121.1999999999995339,2.6697120666503906
18.3999999999999417,121.2999999999995282,2.8059570789337158
18.3999999999999417,121.3999999999995225,3.4089543819427490
18.3999999999999417,121.4999999999995168,3.9491169452667236
18.3999999999999417,121.5999999999995111,4.2599682807922363
18.3999999999999417,122.0999999999994827,9.7861719131469727
18.3999999999999417,122.1999999999994770,10.5054206848144531
18.3999999999999417,122.2999999999994714,10.9013919830322266
18.2999999999999403,120.6999999999995623,5.7022519111633301
18.2999999999999403,120.7999999999995566,4.5300951004028320
18.2999999999999403,120.8999999999995509,2.9969956874847412
18.2999999999999403,120.9999999999995453,2.4786000251770020
18.2999999999999403,121.0999999999995396,2.4162690639495850
18.2999999999999403,121.1999999999995339,2.1936902999877930
18.2999999999999403,121.2999999999995282,2.3763437271118164
18.2999999999999403,121.3999999999995225,2.9658546447753906
18.2999999999999403,121.4999999999995168,3.5739254951477051
18.2999999999999403,121.5999999999995111,4.0345959663391113
18.2999999999999403,121.6999999999995055,4.7635889053344727
18.2999999999999403,122.0999999999994827,7.3257203102111816
18.2999999999999403,122.1999999999994770,8.1168785095214844
18.2999999999999403,122.2999999999994714,9.0032701492309570
18.1999999999999389,120.4999999999995737,8.1284828186035156
18.1999999999999389,120.5999999999995680,6.9699478149414062
18.1999999999999389,120.6999999999995623,5.6481175422668457
18.1999999999999389,120.7999999999995566,4.6523809432983398
18.1999999999999389,120.8999999999995509,3.4712002277374268
18.1999999999999389,120.9999999999995453,2.4733178615570068
18.1999999999999389,121.0999999999995396,2.1273217201232910
18.1999999999999389,121.1999999999995339,1.9428124427795410
18.1999999999999389,121.2999999999995282,2.2123265266418457
18.1999999999999389,121.3999999999995225,2.6549162864685059
18.1999999999999389,121.4999999999995168,3.3109319210052490
18.1999999999999389,121.5999999999995111,3.5620541572570801
18.1999999999999389,121.6999999999995055,3.8399827480316162
18.1999999999999389,121.7999999999994998,4.1216716766357422
18.1999999999999389,121.8999999999994941,3.7888596057891846
18.1999999999999389,121.9999999999994884,4.1802597045898438
18.1999999999999389,122.0999999999994827,5.4042892456054688
18.1999999999999389,122.1999999999994770,7.4171657562255859
18.0999999999999375,120.4999999999995737,8.3020954132080078
18.0999999999999375,120.5999999999995680,6.7168478965759277
18.0999999999999375,120.6999999999995623,5.3671898841857910
18.0999999999999375,120.7999999999995566,4.3780865669250488
18.0999999999999375,120.8999999999995509,3.4749968051910400
18.0999999999999375,120.9999999999995453,2.5732626914978027
18.0999999999999375,121.0999999999995396,1.8705106973648071
18.0999999999999375,121.1999999999995339,1.9010785818099976
18.0999999999999375,121.2999999999995282,2.0737857818603516
18.0999999999999375,121.3999999999995225,2.4660668373107910
18.0999999999999375,121.4999999999995168,2.9157776832580566
18.0999999999999375,121.5999999999995111,2.9391586780548096
18.0999999999999375,121.6999999999995055,3.0284647941589355
18.0999999999999375,121.7999999999994998,3.2798259258270264
18.0999999999999375,121.8999999999994941,2.9766769409179688
18.0999999999999375,121.9999999999994884,3.5309050083160400
18.0999999999999375,122.0999999999994827,4.8158230781555176
18.0999999999999375,122.1999999999994770,6.2480463981628418
17.9999999999999361,120.5999999999995680,5.8952941894531250
17.9999999999999361,120.6999999999995623,4.5756378173828125
17.9999999999999361,120.7999999999995566,3.5986669063568115
17.9999999999999361,120.8999999999995509,3.0262999534606934
17.9999999999999361,120.9999999999995453,2.3745100498199463
17.9999999999999361,121.0999999999995396,1.9349310398101807
17.9999999999999361,121.1999999999995339,1.9936912059783936
17.9999999999999361,121.2999999999995282,2.1599345207214355
17.9999999999999361,121.3999999999995225,2.3738114833831787
17.9999999999999361,121.4999999999995168,3.0643777847290039
17.9999999999999361,121.5999999999995111,2.8290464878082275
17.9999999999999361,121.6999999999995055,2.7458682060241699
17.9999999999999361,121.7999999999994998,3.0897440910339355
17.9999999999999361,121.8999999999994941,2.7146575450897217
17.9999999999999361,121.9999999999994884,3.1125509738922119
17.9999999999999361,122.0999999999994827,4.3553943634033203
17.8999999999999346,120.4999999999995737,7.3054976463317871
17.8999999999999346,120.5999999999995680,5.2223520278930664
17.8999999999999346,120.6999999999995623,3.8203051090240479
17.8999999999999346,120.7999999999995566,3.1610565185546875
17.8999999999999346,120.8999999999995509,2.7966485023498535
17.8999999999999346,120.9999999999995453,2.4219901561737061
17.8999999999999346,121.0999999999995396,2.0308203697204590
17.8999999999999346,121.1999999999995339,2.0810418128967285
17.8999999999999346,121.2999999999995282,2.2199082374572754
17.8999999999999346,121.3999999999995225,2.6309206485748291
17.8999999999999346,121.4999999999995168,3.4033780097961426
17.8999999999999346,121.5999999999995111,2.9590172767639160
17.8999999999999346,121.6999999999995055,2.7862474918365479
17.8999999999999346,121.7999999999994998,2.8648452758789062
17.8999999999999346,121.8999999999994941,2.5392873287200928
17.8999999999999346,121.9999999999994884,2.5221123695373535
17.8999999999999346,122.0999999999994827,3.6443667411804199
17.7999999999999332,120.4999999999995737,7.1231660842895508
17.7999999999999332,120.5999999999995680,4.8699612617492676
17.7999999999999332,120.6999999999995623,3.3661601543426514
17.7999999999999332,120.7999999999995566,2.8074567317962646
17.7999999999999332,120.8999999999995509,2.5427606105804443
17.7999999999999332,120.9999999999995453,2.4344258308410645
17.7999999999999332,121.0999999999995396,1.9305484294891357
17.7999999999999332,121.1999999999995339,2.0506372451782227
17.7999999999999332,121.2999999999995282,2.3573775291442871
17.7999999999999332,121.3999999999995225,3.0309350490570068
17.7999999999999332,121.4999999999995168,4.0585966110229492
17.7999999999999332,121.5999999999995111,3.4248530864715576
17.7999999999999332,121.6999999999995055,2.9663603305816650
17.7999999999999332,121.7999999999994998,2.8059198856353760
17.7999999999999332,121.8999999999994941,2.2853987216949463
17.7999999999999332,121.9999999999994884,2.1704499721527100
17.7999999999999332,122.0999999999994827,3.3838403224945068
17.6999999999999318,120.3999999999995794,8.9390258789062500
17.6999999999999318,120.4999999999995737,6.9578227996826172
17.6999999999999318,120.5999999999995680,4.5753221511840820
17.6999999999999318,120.6999999999995623,2.9211630821228027
17.6999999999999318,120.7999999999995566,2.4344592094421387
17.6999999999999318,120.8999999999995509,2.2867019176483154
17.6999999999999318,120.9999999999995453,2.2070329189300537
17.6999999999999318,121.0999999999995396,1.7204391956329346
17.6999999999999318,121.1999999999995339,1.8269096612930298
17.6999999999999318,121.2999999999995282,2.3898360729217529
17.6999999999999318,121.3999999999995225,3.2626054286956787
17.6999999999999318,121.4999999999995168,4.1049013137817383
17.6999999999999318,121.5999999999995111,3.7516198158264160
17.6999999999999318,121.6999999999995055,3.4725635051727295
17.6999999999999318,121.7999999999994998,3.3359758853912354
17.6999999999999318,121.8999999999994941,2.5084853172302246
17.6999999999999318,121.9999999999994884,2.1537928581237793
17.6999999999999318,122.0999999999994827,3.2592675685882568
17.5999999999999304,120.3999999999995794,9.0101604461669922
17.5999999999999304,120.4999999999995737,6.6331624984741211
17.5999999999999304,120.5999999999995680,4.1970548629760742
17.5999999999999304,120.6999999999995623,2.6813304424285889
17.5999999999999304,120.7999999999995566,2.1842277050018311
17.5999999999999304,120.8999999999995509,2.0959391593933105
17.5999999999999304,120.9999999999995453,2.0953338146209717
17.5999999999999304,121.0999999999995396,1.7301934957504272
17.5999999999999304,121.1999999999995339,1.6893984079360962
17.5999999999999304,121.2999999999995282,2.3558180332183838
17.5999999999999304,121.3999999999995225,3.5299520492553711
17.5999999999999304,121.4999999999995168,4.5739345550537109
17.5999999999999304,121.5999999999995111,4.1944351196289062
17.5999999999999304,121.6999999999995055,4.0374526977539062
17.5999999999999304,121.7999999999994998,3.8882958889007568
17.5999999999999304,121.8999999999994941,3.0287413597106934
17.5999999999999304,121.9999999999994884,2.3541724681854248
17.5999999999999304,122.0999999999994827,3.2545952796936035
17.4999999999999289,120.4999999999995737,6.5122561454772949
17.4999999999999289,120.5999999999995680,4.0979037284851074
17.4999999999999289,120.6999999999995623,2.5167872905731201
17.4999999999999289,120.7999999999995566,2.1839869022369385
17.4999999999999289,120.8999999999995509,1.8734736442565918
17.4999999999999289,120.9999999999995453,2.1449718475341797
17.4999999999999289,121.0999999999995396,1.7851866483688354
17.4999999999999289,121.1999999999995339,1.6007339954376221
17.4999999999999289,121.2999999999995282,2.4989428520202637
17.4999999999999289,121.3999999999995225,3.6382396221160889
17.4999999999999289,121.4999999999995168,4.5570335388183594
17.4999999999999289,121.5999999999995111,4.7018842697143555
17.4999999999999289,121.6999999999995055,4.5448412895202637
17.4999999999999289,121.7999999999994998,4.4079308509826660
17.4999999999999289,121.8999999999994941,3.5363345146179199
17.4999999999999289,121.9999999999994884,2.7787878513336182
17.4999999999999289,122.0999999999994827,2.5155880451202393
17.3999999999999275,120.4999999999995737,6.4544229507446289
17.3999999999999275,120.5999999999995680,4.1230225563049316
17.3999999999999275,120.6999999999995623,2.6898512840270996
17.3999999999999275,120.7999999999995566,2.1435697078704834
17.3999999999999275,120.8999999999995509,1.6765570640563965
17.3999999999999275,120.9999999999995453,1.9802949428558350
17.3999999999999275,121.0999999999995396,1.8940502405166626
17.3999999999999275,121.1999999999995339,1.6929793357849121
17.3999999999999275,121.2999999999995282,2.5622143745422363
17.3999999999999275,121.3999999999995225,3.5396661758422852
17.3999999999999275,121.4999999999995168,4.3969149589538574
17.3999999999999275,121.5999999999995111,4.7539396286010742
17.3999999999999275,121.6999999999995055,5.0104537010192871
17.3999999999999275,121.7999999999994998,4.7828426361083984
17.3999999999999275,121.8999999999994941,3.9936692714691162
17.3999999999999275,121.9999999999994884,3.1403167247772217
17.3999999999999275,122.0999999999994827,2.8174302577972412
17.3999999999999275,122.1999999999994770,3.1837294101715088
17.2999999999999261,120.4999999999995737,6.2213821411132812
17.2999999999999261,120.5999999999995680,4.0498089790344238
17.2999999999999261,120.6999999999995623,2.5668399333953857
17.2999999999999261,120.7999999999995566,1.8405221700668335
17.2999999999999261,120.8999999999995509,1.4966319799423218
17.2999999999999261,120.9999999999995453,1.7743335962295532
17.2999999999999261,121.0999999999995396,1.7678269147872925
17.2999999999999261,121.1999999999995339,1.8646132946014404
17.2999999999999261,121.2999999999995282,2.4224834442138672
17.2999999999999261,121.3999999999995225,3.3064515590667725
17.2999999999999261,121.4999999999995168,4.1137146949768066
17.2999999999999261,121.5999999999995111,4.5879902839660645
17.2999999999999261,121.6999999999995055,5.0867223739624023
17.2999999999999261,121.7999999999994998,5.2250905036926270
17.2999999999999261,121.8999999999994941,4.4197101593017578
17.2999999999999261,121.9999999999994884,3.5501461029052734
17.2999999999999261,122.0999999999994827,3.1398208141326904
17.2999999999999261,122.1999999999994770,3.5032391548156738
17.2999999999999261,122.2999999999994714,4.1244297027587891
17.1999999999999247,120.4999999999995737,6.0745906829833984
17.1999999999999247,120.5999999999995680,3.6894748210906982
17.1999999999999247,120.6999999999995623,2.4607477188110352
17.1999999999999247,120.7999999999995566,1.7333766222000122
17.1999999999999247,120.8999999999995509,1.2985972166061401
17.1999999999999247,120.9999999999995453,1.5603731870651245
17.1999999999999247,121.0999999999995396,1.6389703750610352
17.1999999999999247,121.1999999999995339,1.8292124271392822
17.1999999999999247,121.2999999999995282,2.1946582794189453
17.1999999999999247,121.3999999999995225,3.0007545948028564
17.1999999999999247,121.4999999999995168,3.8419666290283203
17.1999999999999247,121.5999999999995111,4.2775211334228516
17.1999999999999247,121.6999999999995055,4.8293032646179199
17.1999999999999247,121.7999999999994998,5.1727418899536133
17.1999999999999247,121.8999999999994941,4.6120581626892090
17.1999999999999247,121.9999999999994884,3.7719309329986572
17.1999999999999247,122.0999999999994827,3.3709309101104736
17.1999999999999247,122.1999999999994770,3.7077012062072754
17.1999999999999247,122.2999999999994714,4.1398448944091797
17.1999999999999247,122.3999999999994657,4.8560428619384766
17.0999999999999233,120.4999999999995737,5.3354392051696777
17.0999999999999233,120.5999999999995680,3.4663279056549072
17.0999999999999233,120.6999999999995623,2.2154850959777832
17.0999999999999233,120.7999999999995566,1.6565107107162476
17.0999999999999233,120.8999999999995509,1.0851359367370605
17.0999999999999233,120.9999999999995453,1.3503878116607666
17.0999999999999233,121.0999999999995396,1.5823812484741211
17.0999999999999233,121.1999999999995339,1.8428169488906860
17.0999999999999233,121.2999999999995282,2.3303451538085938
17.0999999999999233,121.3999999999995225,2.8731815814971924
17.0999999999999233,121.4999999999995168,3.5488088130950928
17.0999999999999233,121.5999999999995111,3.9596147537231445
17.0999999999999233,121.6999999999995055,4.6067109107971191
17.0999999999999233,121.7999999999994998,5.0190372467041016
17.0999999999999233,121.8999999999994941,4.5427250862121582
17.0999999999999233,121.9999999999994884,3.8886919021606445
17.0999999999999233,122.0999999999994827,3.4587080478668213
17.0999999999999233,122.1999999999994770,3.6913845539093018
17.0999999999999233,122.2999999999994714,3.8301234245300293
17.0999999999999233,122.3999999999994657,5.4014019966125488
17.0999999999999233,122.4999999999994600,8.3286590576171875
16.9999999999999218,120.4999999999995737,5.4266109466552734
16.9999999999999218,120.5999999999995680,3.4113571643829346
16.9999999999999218,120.6999999999995623,2.1246521472930908
16.9999999999999218,120.7999999999995566,1.5580325126647949
16.9999999999999218,120.8999999999995509,1.0085980892181396
16.9999999999999218,120.9999999999995453,1.2305079698562622
16.9999999999999218,121.0999999999995396,1.4692633152008057
16.9999999999999218,121.1999999999995339,1.9609251022338867
16.9999999999999218,121.2999999999995282,2.4853527545928955
16.9999999999999218,121.3999999999995225,2.9976513385772705
16.9999999999999218,121.4999999999995168,3.5136065483093262
16.9999999999999218,121.5999999999995111,3.9566793441772461
16.9999999999999218,121.6999999999995055,4.4993877410888672
16.9999999999999218,121.7999999999994998,4.7748737335205078
16.9999999999999218,121.8999999999994941,4.2970461845397949
16.9999999999999218,121.9999999999994884,3.7521867752075195
16.9999999999999218,122.0999999999994827,3.5983998775482178
16.9999999999999218,122.1999999999994770,3.6153500080108643
16.9999999999999218,122.2999999999994714,3.7854089736938477
16.9999999999999218,122.3999999999994657,5.3018455505371094
16.8999999999999204,120.3999999999995794,6.5380487442016602
16.8999999999999204,120.4999999999995737,5.3587670326232910
16.8999999999999204,120.5999999999995680,3.4489982128143311
16.8999999999999204,120.6999999999995623,2.1321122646331787
16.8999999999999204,120.7999999999995566,1.6044386625289917
16.8999999999999204,120.8999999999995509,1.2468153238296509
16.8999999999999204,120.9999999999995453,1.0495593547821045
16.8999999999999204,121.0999999999995396,1.2477623224258423
16.8999999999999204,121.1999999999995339,2.0008134841918945
16.8999999999999204,121.2999999999995282,2.4390594959259033
16.8999999999999204,121.3999999999995225,2.9399795532226562
16.8999999999999204,121.4999999999995168,3.3392801284790039
16.8999999999999204,121.5999999999995111,3.7321467399597168
16.8999999999999204,121.6999999999995055,4.2435588836669922
16.8999999999999204,121.7999999999994998,4.5462336540222168
16.8999999999999204,121.8999999999994941,4.0203266143798828
16.8999999999999204,121.9999999999994884,3.4859874248504639
16.8999999999999204,122.0999999999994827,3.5270564556121826
16.8999999999999204,122.1999999999994770,4.0166282653808594
16.8999999999999204,122.2999999999994714,4.0359425544738770
16.8999999999999204,122.3999999999994657,5.7817130088806152
16.7999999999999190,120.3999999999995794,6.0169658660888672
16.7999999999999190,120.4999999999995737,4.7532095909118652
16.7999999999999190,120.5999999999995680,3.4839088916778564
16.7999999999999190,120.6999999999995623,2.1956005096435547
16.7999999999999190,120.7999999999995566,1.8919064998626709
16.7999999999999190,120.8999999999995509,1.7629504203796387
16.7999999999999190,120.9999999999995453,1.5542212724685669
16.7999999999999190,121.0999999999995396,1.4344649314880371
16.7999999999999190,121.1999999999995339,1.9238786697387695
16.7999999999999190,121.2999999999995282,2.3286907672882080
16.7999999999999190,121.3999999999995225,2.7532694339752197
16.7999999999999190,121.4999999999995168,3.1296238899230957
16.7999999999999190,121.5999999999995111,3.4947299957275391
16.7999999999999190,121.6999999999995055,3.9269146919250488
16.7999999999999190,121.7999999999994998,4.2231473922729492
16.7999999999999190,121.8999999999994941,3.7394919395446777
16.7999999999999190,121.9999999999994884,3.2570195198059082
16.7999999999999190,122.0999999999994827,3.3194799423217773
16.7999999999999190,122.1999999999994770,4.0827984809875488
16.7999999999999190,122.2999999999994714,4.5779566764831543
16.7999999999999190,122.3999999999994657,5.4502534866333008
16.6999999999999176,120.3999999999995794,5.2336654663085938
16.6999999999999176,120.4999999999995737,3.9678633213043213
16.6999999999999176,120.5999999999995680,2.8799691200256348
16.6999999999999176,120.6999999999995623,2.4133045673370361
16.6999999999999176,120.7999999999995566,2.2920517921447754
16.6999999999999176,120.8999999999995509,2.1978414058685303
16.6999999999999176,120.9999999999995453,2.0150127410888672
16.6999999999999176,121.0999999999995396,1.9159623384475708
16.6999999999999176,121.1999999999995339,1.9822111129760742
16.6999999999999176,121.2999999999995282,2.1321294307708740
16.6999999999999176,121.3999999999995225,2.5130238533020020
16.6999999999999176,121.4999999999995168,2.8884534835815430
16.6999999999999176,121.5999999999995111,3.2697932720184326
16.6999999999999176,121.6999999999995055,3.6907501220703125
16.6999999999999176,121.7999999999994998,4.0553498268127441
16.6999999999999176,121.8999999999994941,3.6334788799285889
16.6999999999999176,121.9999999999994884,3.1672294139862061
16.6999999999999176,122.0999999999994827,3.2136456966400146
16.6999999999999176,122.1999999999994770,4.0035796165466309
16.6999999999999176,122.2999999999994714,4.8295211791992188
16.5999999999999162,120.2999999999995850,5.9807147979736328
16.5999999999999162,120.3999999999995794,4.8656930923461914
16.5999999999999162,120.4999999999995737,3.6558930873870850
16.5999999999999162,120.5999999999995680,2.7683925628662109
16.5999999999999162,120.6999999999995623,2.5753233432769775
16.5999999999999162,120.7999999999995566,2.5695111751556396
16.5999999999999162,120.8999999999995509,2.4770352840423584
16.5999999999999162,120.9999999999995453,2.2409579753875732
16.5999999999999162,121.0999999999995396,2.0767705440521240
16.5999999999999162,121.1999999999995339,1.8724946975708008
16.5999999999999162,121.2999999999995282,2.0105714797973633
16.5999999999999162,121.3999999999995225,2.2480535507202148
16.5999999999999162,121.4999999999995168,2.5926337242126465
16.5999999999999162,121.5999999999995111,2.9854779243469238
16.5999999999999162,121.6999999999995055,3.2618682384490967
16.5999999999999162,121.7999999999994998,3.3734643459320068
16.5999999999999162,121.8999999999994941,3.7536222934722900
16.5999999999999162,121.9999999999994884,3.5032551288604736
16.5999999999999162,122.0999999999994827,3.6452538967132568
16.5999999999999162,122.1999999999994770,4.5017313957214355
16.5999999999999162,122.2999999999994714,5.6039557456970215
16.4999999999999147,120.2999999999995850,5.1755232810974121
16.4999999999999147,120.3999999999995794,4.5407462120056152
16.4999999999999147,120.4999999999995737,3.6547443866729736
16.4999999999999147,120.5999999999995680,3.0193383693695068
16.4999999999999147,120.6999999999995623,2.7932052612304688
16.4999999999999147,120.7999999999995566,2.8680622577667236
16.4999999999999147,120.8999999999995509,2.9536337852478027
16.4999999999999147,120.9999999999995453,2.8088202476501465
16.4999999999999147,121.0999999999995396,2.5611138343811035
16.4999999999999147,121.1999999999995339,2.3396112918853760
16.4999999999999147,121.2999999999995282,2.3013224601745605
16.4999999999999147,121.3999999999995225,2.3394346237182617
16.4999999999999147,121.4999999999995168,2.5803749561309814
16.4999999999999147,121.5999999999995111,2.7095184326171875
16.4999999999999147,121.6999999999995055,2.7574272155761719
16.4999999999999147,121.7999999999994998,2.9144737720489502
16.4999999999999147,121.8999999999994941,3.3754048347473145
16.4999999999999147,121.9999999999994884,3.6756727695465088
16.4999999999999147,122.0999999999994827,4.2582559585571289
16.4999999999999147,122.1999999999994770,5.7908992767333984
16.3999999999999133,120.3999999999995794,4.3797888755798340
16.3999999999999133,120.4999999999995737,3.7022447586059570
16.3999999999999133,120.5999999999995680,3.0665497779846191
16.3999999999999133,120.6999999999995623,2.8009741306304932
16.3999999999999133,120.7999999999995566,2.8696808815002441
16.3999999999999133,120.8999999999995509,2.9955954551696777
16.3999999999999133,120.9999999999995453,3.2006976604461670
16.3999999999999133,121.0999999999995396,3.0122144222259521
16.3999999999999133,121.1999999999995339,2.7989413738250732
16.3999999999999133,121.2999999999995282,2.7239203453063965
16.3999999999999133,121.3999999999995225,2.7242894172668457
16.3999999999999133,121.4999999999995168,2.6929850578308105
16.3999999999999133,121.5999999999995111,2.7643387317657471
16.3999999999999133,121.6999999999995055,2.8007721900939941
16.3999999999999133,121.7999999999994998,2.9721059799194336
16.3999999999999133,121.8999999999994941,3.4193718433380127
16.3999999999999133,121.9999999999994884,3.9454414844512939
16.3999999999999133,122.0999999999994827,5.2110109329223633
16.3999999999999133,122.1999999999994770,6.9003572463989258
16.2999999999999119,119.7999999999996135,7.1470513343811035
16.2999999999999119,120.3999999999995794,4.2697701454162598
16.2999999999999119,120.4999999999995737,3.4728107452392578
16.2999999999999119,120.5999999999995680,2.8325521945953369
16.2999999999999119,120.6999999999995623,2.5093126296997070
16.2999999999999119,120.7999999999995566,2.6029422283172607
16.2999999999999119,120.8999999999995509,2.8288767337799072
16.2999999999999119,120.9999999999995453,2.9763474464416504
16.2999999999999119,121.0999999999995396,3.1613166332244873
16.2999999999999119,121.1999999999995339,2.9347898960113525
16.2999999999999119,121.2999999999995282,2.8751924037933350
16.2999999999999119,121.3999999999995225,2.8067128658294678
16.2999999999999119,121.4999999999995168,2.6983432769775391
16.2999999999999119,121.5999999999995111,2.9199724197387695
16.2999999999999119,121.6999999999995055,3.0954434871673584
16.2999999999999119,121.7999999999994998,3.2282676696777344
16.2999999999999119,121.8999999999994941,3.7523391246795654
16.2999999999999119,121.9999999999994884,5.0929217338562012
16.2999999999999119,122.0999999999994827,6.5730028152465820
16.1999999999999105,119.7999999999996135,6.7463927268981934
16.1999999999999105,119.8999999999996078,6.8402495384216309
16.1999999999999105,119.9999999999996021,7.0148768424987793
16.1999999999999105,120.4999999999995737,3.3902907371520996
16.1999999999999105,120.5999999999995680,2.5558958053588867
16.1999999999999105,120.6999999999995623,2.3120529651641846
16.1999999999999105,120.7999999999995566,2.4826471805572510
16.1999999999999105,120.8999999999995509,2.7256538867950439
16.1999999999999105,120.9999999999995453,2.7735414505004883
16.1999999999999105,121.0999999999995396,2.9045772552490234
16.1999999999999105,121.1999999999995339,3.0830867290496826
16.1999999999999105,121.2999999999995282,2.9592363834381104
16.1999999999999105,121.3999999999995225,2.7928578853607178
16.1999999999999105,121.4999999999995168,2.6475560665130615
16.1999999999999105,121.5999999999995111,2.9080092906951904
16.1999999999999105,121.6999999999995055,3.2458872795104980
16.1999999999999105,121.7999999999994998,3.7028551101684570
16.1999999999999105,121.8999999999994941,4.9151978492736816
16.1999999999999105,121.9999999999994884,6.5686349868774414
16.0999999999999091,119.7999999999996135,6.9990344047546387
16.0999999999999091,119.8999999999996078,7.0342812538146973
16.0999999999999091,119.9999999999996021,7.2378420829772949
16.0999999999999091,120.4999999999995737,2.8931236267089844
16.0999999999999091,120.5999999999995680,2.0264694690704346
16.0999999999999091,120.6999999999995623,2.1049771308898926
16.0999999999999091,120.7999999999995566,2.3071343898773193
16.0999999999999091,120.8999999999995509,2.5248050689697266
16.0999999999999091,120.9999999999995453,2.5621943473815918
16.0999999999999091,121.0999999999995396,2.5853850841522217
16.0999999999999091,121.1999999999995339,2.9027550220489502
16.0999999999999091,121.2999999999995282,2.8951804637908936
16.0999999999999091,121.3999999999995225,2.7405540943145752
16.0999999999999091,121.4999999999995168,2.7163081169128418
16.0999999999999091,121.5999999999995111,2.9414730072021484
16.0999999999999091,121.6999999999995055,3.3584766387939453
15.9999999999999094,119.7999999999996135,7.8181748390197754
15.9999999999999094,119.8999999999996078,7.7355542182922363
15.9999999999999094,119.9999999999996021,7.0166168212890625
15.9999999999999094,120.0999999999995964,5.6470308303833008
15.9999999999999094,120.1999999999995907,3.9974501132965088
15.9999999999999094,120.2999999999995850,3.1218745708465576
15.9999999999999094,120.3999999999995794,3.0194585323333740
15.9999999999999094,120.4999999999995737,2.1989715099334717
15.9999999999999094,120.5999999999995680,2.2285368442535400
15.9999999999999094,120.6999999999995623,2.1709129810333252
15.9999999999999094,120.7999999999995566,2.0693335533142090
15.9999999999999094,120.8999999999995509,2.2672464847564697
15.9999999999999094,120.9999999999995453,2.2912201881408691
15.9999999999999094,121.0999999999995396,2.3163394927978516
15.9999999999999094,121.1999999999995339,2.6507129669189453
15.9999999999999094,121.2999999999995282,2.7568893432617188
15.9999999999999094,121.3999999999995225,2.6791002750396729
15.9999999999999094,121.4999999999995168,2.7235679626464844
15.9999999999999094,121.5999999999995111,2.8785994052886963
15.8999999999999098,119.9999999999996021,6.2891402244567871
15.8999999999999098,120.0999999999995964,4.9214038848876953
15.8999999999999098,120.1999999999995907,3.2691459655761719
15.8999999999999098,120.2999999999995850,2.6100621223449707
15.8999999999999098,120.3999999999995794,2.7062056064605713
15.8999999999999098,120.4999999999995737,2.6404089927673340
15.8999999999999098,120.5999999999995680,2.8230457305908203
15.8999999999999098,120.6999999999995623,2.7518298625946045
15.8999999999999098,120.7999999999995566,2.4164743423461914
15.8999999999999098,120.8999999999995509,2.2478666305541992
15.8999999999999098,120.9999999999995453,2.2058036327362061
15.8999999999999098,121.0999999999995396,2.2114603519439697
15.8999999999999098,121.1999999999995339,2.5385487079620361
15.8999999999999098,121.2999999999995282,2.6032660007476807
15.8999999999999098,121.3999999999995225,2.5858373641967773
15.8999999999999098,121.4999999999995168,2.9387686252593994
15.8999999999999098,121.5999999999995111,2.9834094047546387
15.7999999999999101,119.9999999999996021,5.5180225372314453
15.7999999999999101,120.0999999999995964,4.1072902679443359
15.7999999999999101,120.1999999999995907,2.4991707801818848
15.7999999999999101,120.2999999999995850,2.1110835075378418
15.7999999999999101,120.3999999999995794,2.3724925518035889
15.7999999999999101,120.4999999999995737,2.4174408912658691
15.7999999999999101,120.5999999999995680,2.5715451240539551
15.7999999999999101,120.6999999999995623,2.5005667209625244
15.7999999999999101,120.7999999999995566,2.2439057826995850
15.7999999999999101,120.8999999999995509,2.3861961364746094
15.7999999999999101,120.9999999999995453,2.1929202079772949
15.7999999999999101,121.0999999999995396,2.1161262989044189
15.7999999999999101,121.1999999999995339,2.3570504188537598
15.7999999999999101,121.2999999999995282,2.4713618755340576
15.7999999999999101,121.3999999999995225,2.4810421466827393
15.7999999999999101,121.4999999999995168,2.9077610969543457
15.6999999999999105,119.9999999999996021,4.9702363014221191
15.6999999999999105,120.0999999999995964,3.3468935489654541
15.6999999999999105,120.1999999999995907,1.8858965635299683
15.6999999999999105,120.2999999999995850,1.7854280471801758
15.6999999999999105,120.3999999999995794,1.9919167757034302
15.6999999999999105,120.4999999999995737,1.9928650856018066
15.6999999999999105,120.5999999999995680,2.2490282058715820
15.6999999999999105,120.6999999999995623,2.4272065162658691
15.6999999999999105,120.7999999999995566,2.5857081413269043
15.6999999999999105,120.8999999999995509,2.6802039146423340
15.6999999999999105,120.9999999999995453,2.3840439319610596
15.6999999999999105,121.0999999999995396,2.0968208312988281
15.6999999999999105,121.1999999999995339,2.2903990745544434
15.6999999999999105,121.2999999999995282,2.3735058307647705
15.6999999999999105,121.3999999999995225,2.6858341693878174
15.6999999999999105,121.4999999999995168,3.2687091827392578
15.5999999999999108,119.9999999999996021,4.7029314041137695
15.5999999999999108,120.0999999999995964,3.1422789096832275
15.5999999999999108,120.1999999999995907,2.2463252544403076
15.5999999999999108,120.2999999999995850,1.6404668092727661
15.5999999999999108,120.3999999999995794,1.7919125556945801
15.5999999999999108,120.4999999999995737,1.8307038545608521
15.5999999999999108,120.5999999999995680,2.4320273399353027
15.5999999999999108,120.6999999999995623,2.7982914447784424
15.5999999999999108,120.7999999999995566,2.9384264945983887
15.5999999999999108,120.8999999999995509,3.0579140186309814
15.5999999999999108,120.9999999999995453,2.6967372894287109
15.5999999999999108,121.0999999999995396,2.3071129322052002
15.5999999999999108,121.1999999999995339,2.3246185779571533
15.5999999999999108,121.2999999999995282,2.7119288444519043
15.5999999999999108,121.3999999999995225,3.1536352634429932
15.5999999999999108,121.4999999999995168,3.6601376533508301
15.4999999999999112,119.9999999999996021,4.4017829895019531
15.4999999999999112,120.0999999999995964,2.9773356914520264
15.4999999999999112,120.1999999999995907,2.7987098693847656
15.4999999999999112,120.2999999999995850,2.1420960426330566
15.4999999999999112,120.3999999999995794,2.0349702835083008
15.4999999999999112,120.4999999999995737,2.1536698341369629
15.4999999999999112,120.5999999999995680,2.5999808311462402
15.4999999999999112,120.6999999999995623,3.0885112285614014
15.4999999999999112,120.7999999999995566,3.3592867851257324
15.4999999999999112,120.8999999999995509,3.4307174682617188
15.4999999999999112,120.9999999999995453,3.1255252361297607
15.4999999999999112,121.0999999999995396,2.6443789005279541
15.4999999999999112,121.1999999999995339,2.6889481544494629
15.4999999999999112,121.2999999999995282,3.5907194614410400
15.4999999999999112,121.3999999999995225,4.1484055519104004
15.4999999999999112,121.4999999999995168,4.4358501434326172
15.3999999999999115,119.8999999999996078,6.1340370178222656
15.3999999999999115,119.9999999999996021,4.4400577545166016
15.3999999999999115,120.0999999999995964,3.1266117095947266
15.3999999999999115,120.1999999999995907,2.9625179767608643
15.3999999999999115,120.2999999999995850,2.7862515449523926
15.3999999999999115,120.3999999999995794,2.4611897468566895
15.3999999999999115,120.4999999999995737,2.5947954654693604
15.3999999999999115,120.5999999999995680,2.8829045295715332
15.3999999999999115,120.6999999999995623,3.3152382373809814
15.3999999999999115,120.7999999999995566,3.6587181091308594
15.3999999999999115,120.8999999999995509,3.9273355007171631
15.3999999999999115,120.9999999999995453,3.5841536521911621
15.3999999999999115,121.0999999999995396,3.1948003768920898
15.3999999999999115,121.1999999999995339,3.4054641723632812
15.3999999999999115,121.2999999999995282,4.1780495643615723
15.2999999999999119,119.9999999999996021,4.3900074958801270
15.2999999999999119,120.0999999999995964,3.3437306880950928
15.2999999999999119,120.1999999999995907,3.1758036613464355
15.2999999999999119,120.2999999999995850,3.1272144317626953
15.2999999999999119,120.3999999999995794,2.9696767330169678
15.2999999999999119,120.4999999999995737,2.9301166534423828
15.2999999999999119,120.5999999999995680,3.1872487068176270
15.2999999999999119,120.6999999999995623,3.5631082057952881
15.2999999999999119,120.7999999999995566,3.8760912418365479
15.2999999999999119,120.8999999999995509,4.1494803428649902
15.2999999999999119,120.9999999999995453,3.9340524673461914
15.2999999999999119,121.0999999999995396,3.6580543518066406
15.2999999999999119,121.1999999999995339,3.8678252696990967
15.2999999999999119,121.2999999999995282,4.7899165153503418
15.2999999999999119,121.3999999999995225,5.7041006088256836
15.1999999999999122,120.0999999999995964,3.7249548435211182
15.1999999999999122,120.1999999999995907,3.5463125705718994
15.1999999999999122,120.2999999999995850,3.1781406402587891
15.1999999999999122,120.3999999999995794,2.9142730236053467
15.1999999999999122,120.4999999999995737,3.3353261947631836
15.1999999999999122,120.5999999999995680,3.5022814273834229
15.1999999999999122,120.6999999999995623,3.7425258159637451
15.1999999999999122,120.7999999999995566,4.0434179306030273
15.1999999999999122,120.8999999999995509,4.3635725975036621
15.1999999999999122,120.9999999999995453,4.0818152427673340
15.1999999999999122,121.0999999999995396,3.7584967613220215
15.1999999999999122,121.1999999999995339,4.0427951812744141
15.1999999999999122,121.2999999999995282,4.9590778350830078
15.0999999999999126,120.0999999999995964,4.6799421310424805
15.0999999999999126,120.1999999999995907,3.9459798336029053
15.0999999999999126,120.2999999999995850,2.9298453330993652
15.0999999999999126,120.3999999999995794,2.5620508193969727
15.0999999999999126,120.4999999999995737,3.2344794273376465
15.0999999999999126,120.5999999999995680,4.0121073722839355
15.0999999999999126,120.6999999999995623,4.1784477233886719
15.0999999999999126,120.7999999999995566,4.4403548240661621
15.0999999999999126,120.8999999999995509,4.8182306289672852
15.0999999999999126,120.9999999999995453,4.6722116470336914
15.0999999999999126,121.0999999999995396,4.1665186882019043
15.0999999999999126,121.1999999999995339,4.1293416023254395
15.0999999999999126,121.2999999999995282,4.8189749717712402
15.0999999999999126,121.3999999999995225,4.7184486389160156
14.9999999999999130,120.0999999999995964,5.4860649108886719
14.9999999999999130,120.1999999999995907,4.4616775512695312
14.9999999999999130,120.2999999999995850,3.3882985115051270
14.9999999999999130,120.3999999999995794,2.8431863784790039
14.9999999999999130,120.4999999999995737,3.2973244190216064
14.9999999999999130,120.5999999999995680,3.9916541576385498
14.9999999999999130,120.6999999999995623,4.6890602111816406
14.9999999999999130,120.7999999999995566,4.9804086685180664
14.9999999999999130,120.8999999999995509,5.3833708763122559
14.9999999999999130,120.9999999999995453,5.2286844253540039
14.9999999999999130,121.0999999999995396,4.8203969001770020
14.9999999999999130,121.1999999999995339,4.4608416557312012
14.9999999999999130,121.2999999999995282,4.0846567153930664
14.9999999999999130,121.3999999999995225,3.9329144954681396
14.9999999999999130,121.4999999999995168,3.9624161720275879
14.9999999999999130,121.8999999999994941,7.7957191467285156
14.9999999999999130,121.9999999999994884,9.0513477325439453
14.8999999999999133,120.0999999999995964,6.8641071319580078
14.8999999999999133,120.1999999999995907,5.9467844963073730
14.8999999999999133,120.2999999999995850,4.9902052879333496
14.8999999999999133,120.3999999999995794,4.3617539405822754
14.8999999999999133,120.4999999999995737,4.9428911209106445
14.8999999999999133,120.7999999999995566,5.6277155876159668
14.8999999999999133,120.8999999999995509,5.7748999595642090
14.8999999999999133,120.9999999999995453,5.6972227096557617
14.8999999999999133,121.0999999999995396,5.2735486030578613
14.8999999999999133,121.1999999999995339,4.7569775581359863
14.8999999999999133,121.2999999999995282,4.1304240226745605
14.8999999999999133,121.3999999999995225,3.7464923858642578
14.8999999999999133,121.4999999999995168,3.8927180767059326
14.8999999999999133,121.8999999999994941,8.5660018920898438
14.8999999999999133,121.9999999999994884,9.2772026062011719
14.7999999999999137,120.1999999999995907,7.5438218116760254
14.7999999999999137,120.2999999999995850,6.2256226539611816
14.7999999999999137,120.3999999999995794,6.0397233963012695
14.7999999999999137,120.4999999999995737,6.8313002586364746
14.7999999999999137,120.8999999999995509,6.3821287155151367
14.7999999999999137,120.9999999999995453,6.1865320205688477
14.7999999999999137,121.0999999999995396,5.6162467002868652
14.7999999999999137,121.1999999999995339,5.0219521522521973
14.7999999999999137,121.2999999999995282,4.4005427360534668
14.7999999999999137,121.3999999999995225,3.7669584751129150
14.7999999999999137,121.4999999999995168,3.7950708866119385
14.7999999999999137,121.5999999999995111,4.7187976837158203
14.7999999999999137,121.8999999999994941,9.4644041061401367
14.7999999999999137,121.9999999999994884,10.4684143066406250
14.7999999999999137,122.1999999999994770,11.5399112701416016
14.6999999999999140,120.2999999999995850,7.2613077163696289
14.6999999999999140,120.3999999999995794,7.2834091186523438
14.6999999999999140,120.4999999999995737,7.9712963104248047
14.6999999999999140,120.9999999999995453,6.7731385231018066
14.6999999999999140,121.0999999999995396,6.1926569938659668
14.6999999999999140,121.1999999999995339,5.6055412292480469
14.6999999999999140,121.2999999999995282,4.9783902168273926
14.6999999999999140,121.3999999999995225,4.2960782051086426
14.6999999999999140,121.4999999999995168,4.1597886085510254
14.6999999999999140,121.5999999999995111,5.0963530540466309
14.6999999999999140,121.9999999999994884,10.6120719909667969
14.6999999999999140,122.3999999999994657,11.9277973175048828
14.5999999999999144,120.3999999999995794,8.9736604690551758
14.5999999999999144,120.4999999999995737,8.7553672790527344
14.5999999999999144,120.5999999999995680,9.3450899124145508
14.5999999999999144,120.9999999999995453,6.9281287193298340
14.5999999999999144,121.0999999999995396,6.9304361343383789
14.5999999999999144,121.1999999999995339,6.4450860023498535
14.5999999999999144,121.2999999999995282,5.8098235130310059
14.5999999999999144,121.3999999999995225,5.0209922790527344
14.5999999999999144,121.4999999999995168,4.5219821929931641
14.5999999999999144,121.5999999999995111,5.7024793624877930
14.4999999999999147,120.4999999999995737,10.5947427749633789
14.4999999999999147,120.5999999999995680,10.3862895965576172
14.4999999999999147,121.0999999999995396,7.0799860954284668
14.4999999999999147,121.1999999999995339,7.0129632949829102
14.4999999999999147,121.2999999999995282,6.3348903656005859
14.4999999999999147,121.3999999999995225,5.7697086334228516
14.4999999999999147,121.4999999999995168,5.4372754096984863
14.4999999999999147,121.5999999999995111,6.1735744476318359
14.3999999999999151,120.7999999999995566,7.4764714241027832
14.3999999999999151,120.8999999999995509,6.4596529006958008
14.3999999999999151,120.9999999999995453,6.4463734626770020
14.3999999999999151,121.2999999999995282,5.6023674011230469
14.3999999999999151,121.4999999999995168,4.9081978797912598
14.3999999999999151,121.5999999999995111,6.0984239578247070
14.3999999999999151,121.6999999999995055,7.0516161918640137
14.2999999999999154,120.6999999999995623,8.1319942474365234
14.2999999999999154,120.7999999999995566,7.1309461593627930
14.2999999999999154,120.8999999999995509,5.9975495338439941
14.2999999999999154,120.9999999999995453,5.5581216812133789
14.2999999999999154,121.0999999999995396,5.7257776260375977
14.2999999999999154,121.4999999999995168,4.1690750122070312
14.2999999999999154,121.5999999999995111,5.4360270500183105
14.2999999999999154,121.6999999999995055,7.3712549209594727
14.2999999999999154,122.4999999999994600,6.2147655487060547
14.2999999999999154,122.6999999999994486,5.8641519546508789
14.1999999999999158,120.5999999999995680,8.6403779983520508
14.1999999999999158,120.6999999999995623,7.5508804321289062
14.1999999999999158,120.7999999999995566,6.1380915641784668
14.1999999999999158,120.8999999999995509,5.1691870689392090
14.1999999999999158,120.9999999999995453,4.7557888031005859
14.1999999999999158,121.0999999999995396,4.9110288619995117
14.1999999999999158,121.3999999999995225,3.7899727821350098
14.1999999999999158,121.4999999999995168,3.5990433692932129
14.1999999999999158,121.5999999999995111,5.1640644073486328
14.1999999999999158,121.6999999999995055,7.3789067268371582
14.1999999999999158,121.9999999999994884,9.1078596115112305
14.1999999999999158,122.3999999999994657,4.7625608444213867
14.1999999999999158,122.4999999999994600,4.6430401802062988
14.1999999999999158,122.5999999999994543,4.4207444190979004
14.1999999999999158,122.6999999999994486,4.3307991027832031
14.1999999999999158,122.7999999999994429,4.4948258399963379
14.1999999999999158,122.8999999999994373,4.7648644447326660
14.0999999999999162,120.5999999999995680,8.7748575210571289
14.0999999999999162,120.6999999999995623,7.8963947296142578
14.0999999999999162,120.7999999999995566,6.4936704635620117
14.0999999999999162,120.8999999999995509,5.5072259902954102
14.0999999999999162,120.9999999999995453,4.5742363929748535
14.0999999999999162,121.0999999999995396,4.2672219276428223
14.0999999999999162,121.1999999999995339,4.5082187652587891
14.0999999999999162,121.2999999999995282,3.9306969642639160
14.0999999999999162,121.3999999999995225,3.3655500411987305
14.0999999999999162,121.4999999999995168,3.8446750640869141
14.0999999999999162,121.5999999999995111,5.2435965538024902
14.0999999999999162,121.6999999999995055,7.1891021728515625
14.0999999999999162,121.7999999999994998,9.1807117462158203
14.0999999999999162,122.0999999999994827,7.1976871490478516
14.0999999999999162,122.2999999999994714,5.1798272132873535
14.0999999999999162,122.3999999999994657,4.4073486328125000
14.0999999999999162,122.4999999999994600,4.1907629966735840
14.0999999999999162,122.5999999999994543,4.2863564491271973
14.0999999999999162,122.6999999999994486,4.2204122543334961
14.0999999999999162,122.7999999999994429,4.3476853370666504
14.0999999999999162,122.8999999999994373,4.8565773963928223
14.0999999999999162,122.9999999999994316,6.0303807258605957
13.9999999999999165,120.6999999999995623,8.4676351547241211
13.9999999999999165,120.7999999999995566,7.1625952720642090
13.9999999999999165,120.8999999999995509,6.1863603591918945
13.9999999999999165,120.9999999999995453,5.1550140380859375
13.9999999999999165,121.0999999999995396,4.0911312103271484
13.9999999999999165,121.1999999999995339,4.1431784629821777
13.9999999999999165,121.2999999999995282,3.8976676464080811
13.9999999999999165,121.3999999999995225,3.8236842155456543
13.9999999999999165,121.4999999999995168,4.2276358604431152
13.9999999999999165,121.5999999999995111,5.6055121421813965
13.9999999999999165,121.6999999999995055,7.1431665420532227
13.9999999999999165,121.7999999999994998,8.7783069610595703
13.9999999999999165,121.8999999999994941,8.3645858764648438
13.9999999999999165,122.3999999999994657,4.0899066925048828
13.9999999999999165,122.4999999999994600,4.2318148612976074
13.9999999999999165,122.5999999999994543,4.6249599456787109
13.9999999999999165,122.6999999999994486,4.6809296607971191
13.9999999999999165,122.7999999999994429,4.6222033500671387
13.9999999999999165,122.8999999999994373,4.9726786613464355
13.9999999999999165,122.9999999999994316,7.1540374755859375
13.9999999999999165,123.2999999999994145,9.0414571762084961
13.9999999999999165,124.1999999999993634,8.1710042953491211
13.9999999999999165,124.2999999999993577,7.0267267227172852
13.8999999999999169,120.5999999999995680,9.7172060012817383
13.8999999999999169,120.9999999999995453,5.8761324882507324
13.8999999999999169,121.0999999999995396,4.8134999275207520
13.8999999999999169,121.1999999999995339,4.1308717727661133
13.8999999999999169,121.2999999999995282,4.2623863220214844
13.8999999999999169,121.3999999999995225,4.5349602699279785
13.8999999999999169,121.4999999999995168,4.9312968254089355
13.8999999999999169,121.9999999999994884,6.3965606689453125
13.8999999999999169,122.0999999999994827,4.9897875785827637
13.8999999999999169,122.1999999999994770,4.3790397644042969
13.8999999999999169,122.2999999999994714,4.1647868156433105
13.8999999999999169,122.3999999999994657,4.3490400314331055
13.8999999999999169,122.6999999999994486,5.2248210906982422
13.8999999999999169,122.7999999999994429,5.1369681358337402
13.8999999999999169,122.8999999999994373,5.1508646011352539
13.8999999999999169,122.9999999999994316,6.3682289123535156
13.8999999999999169,123.3999999999994088,6.8470950126647949
13.8999999999999169,123.4999999999994031,6.2769384384155273
13.8999999999999169,123.5999999999993975,6.9622077941894531
13.8999999999999169,123.6999999999993918,7.6032323837280273
13.8999999999999169,124.1999999999993634,7.4971809387207031
13.8999999999999169,124.2999999999993577,6.4841313362121582
13.7999999999999172,120.0999999999995964,11.1526098251342773
13.7999999999999172,120.1999999999995907,11.0681066513061523
13.7999999999999172,120.8999999999995509,7.1417136192321777
13.7999999999999172,120.9999999999995453,6.3151178359985352
13.7999999999999172,121.0999999999995396,5.4443521499633789
13.7999999999999172,121.1999999999995339,4.6063489913940430
13.7999999999999172,121.2999999999995282,4.6966595649719238
13.7999999999999172,121.3999999999995225,5.0653691291809082
13.7999999999999172,121.9999999999994884,5.8322806358337402
13.7999999999999172,122.0999999999994827,4.9510869979858398
13.7999999999999172,122.1999999999994770,4.4767146110534668
13.7999999999999172,122.2999999999994714,4.7116374969482422
13.7999999999999172,122.3999999999994657,5.2340049743652344
13.7999999999999172,122.7999999999994429,5.7268767356872559
13.7999999999999172,122.8999999999994373,5.2079639434814453
13.7999999999999172,122.9999999999994316,5.3661684989929199
13.7999999999999172,123.2999999999994145,6.4452948570251465
13.7999999999999172,123.3999999999994088,5.5781230926513672
13.7999999999999172,123.4999999999994031,5.1433458328247070
13.7999999999999172,123.5999999999993975,6.4976234436035156
13.7999999999999172,123.6999999999993918,7.2286400794982910
13.7999999999999172,123.7999999999993861,7.8557543754577637
13.7999999999999172,124.1999999999993634,7.5452151298522949
13.7999999999999172,124.2999999999993577,6.4952521324157715
13.6999999999999176,121.0999999999995396,5.7297792434692383
13.6999999999999176,121.1999999999995339,4.8944516181945801
13.6999999999999176,121.2999999999995282,5.0839486122131348
13.6999999999999176,121.3999999999995225,5.4815855026245117
13.6999999999999176,122.1999999999994770,5.0479021072387695
13.6999999999999176,122.2999999999994714,5.7293987274169922
13.6999999999999176,122.3999999999994657,6.2206158638000488
13.6999999999999176,122.8999999999994373,5.3615984916687012
13.6999999999999176,122.9999999999994316,5.4896283149719238
13.6999999999999176,123.0999999999994259,5.8655066490173340
13.6999999999999176,123.1999999999994202,6.8285002708435059
13.6999999999999176,123.2999999999994145,5.5818767547607422
13.6999999999999176,123.3999999999994088,4.2562093734741211
13.6999999999999176,123.4999999999994031,3.9449479579925537
13.6999999999999176,124.0999999999993690,8.1671962738037109
13.6999999999999176,124.1999999999993634,7.4681820869445801
13.6999999999999176,124.2999999999993577,6.7041802406311035
13.5999999999999179,122.2999999999994714,6.7252111434936523
13.5999999999999179,122.3999999999994657,7.1537485122680664
13.5999999999999179,122.4999999999994600,7.4568567276000977
13.5999999999999179,122.8999999999994373,5.7640042304992676
13.5999999999999179,122.9999999999994316,6.0739321708679199
13.5999999999999179,123.0999999999994259,6.4126176834106445
13.5999999999999179,123.1999999999994202,6.1824488639831543
13.5999999999999179,123.2999999999994145,4.8602571487426758
13.5999999999999179,123.3999999999994088,3.5718061923980713
13.5999999999999179,123.4999999999994031,3.0217673778533936
13.5999999999999179,124.1999999999993634,7.2444400787353516
13.5999999999999179,124.2999999999993577,6.8510904312133789
13.4999999999999183,120.6999999999995623,6.0077605247497559
13.4999999999999183,120.7999999999995566,5.4154152870178223
13.4999999999999183,121.8999999999994941,5.7689890861511230
13.4999999999999183,121.9999999999994884,5.5900316238403320
13.4999999999999183,122.4999999999994600,8.1717481613159180
13.4999999999999183,122.5999999999994543,8.1095094680786133
13.4999999999999183,123.1999999999994202,7.9915075302124023
13.4999999999999183,123.2999999999994145,5.3576641082763672
13.4999999999999183,123.3999999999994088,3.6728258132934570
13.4999999999999183,123.4999999999994031,3.2609748840332031
13.4999999999999183,123.5999999999993975,4.3107886314392090
13.3999999999999186,120.4999999999995737,7.2535300254821777
13.3999999999999186,120.5999999999995680,5.7518644332885742
13.3999999999999186,120.6999999999995623,4.9026989936828613
13.3999999999999186,120.7999999999995566,4.0581388473510742
13.3999999999999186,120.8999999999995509,3.4801416397094727
13.3999999999999186,120.9999999999995453,3.2776913642883301
13.3999999999999186,121.0999999999995396,2.8220894336700439
13.3999999999999186,121.1999999999995339,2.5460953712463379
13.3999999999999186,121.7999999999994998,6.2357802391052246
13.3999999999999186,121.8999999999994941,6.2240471839904785
13.3999999999999186,121.9999999999994884,6.3915300369262695
13.3999999999999186,122.0999999999994827,6.8185844421386719
13.3999999999999186,122.4999999999994600,8.8597717285156250
13.3999999999999186,122.5999999999994543,8.7035665512084961
13.3999999999999186,123.1999999999994202,8.8731241226196289
13.3999999999999186,123.2999999999994145,6.9172315597534180
13.3999999999999186,123.3999999999994088,4.2001938819885254
13.3999999999999186,123.4999999999994031,3.2288582324981689
13.3999999999999186,123.5999999999993975,3.5974392890930176
13.2999999999999190,120.5999999999995680,5.6660714149475098
13.2999999999999190,120.6999999999995623,4.3166289329528809
13.2999999999999190,120.7999999999995566,3.3255100250244141
13.2999999999999190,120.8999999999995509,2.5296108722686768
13.2999999999999190,120.9999999999995453,2.3223826885223389
13.2999999999999190,121.0999999999995396,2.0149686336517334
13.2999999999999190,121.1999999999995339,1.6711903810501099
13.2999999999999190,121.2999999999995282,1.6392648220062256
13.2999999999999190,121.8999999999994941,7.3694829940795898
13.2999999999999190,121.9999999999994884,7.6270933151245117
13.2999999999999190,122.5999999999994543,9.5504350662231445
13.2999999999999190,123.2999999999994145,7.8350653648376465
13.2999999999999190,123.4999999999994031,3.4026615619659424
13.2999999999999190,123.5999999999993975,3.4215867519378662
13.2999999999999190,123.6999999999993918,3.5113706588745117
13.2999999999999190,123.8999999999993804,5.5364370346069336
13.1999999999999194,120.6999999999995623,5.3241028785705566
13.1999999999999194,120.7999999999995566,4.0391359329223633
13.1999999999999194,120.8999999999995509,3.0502374172210693
13.1999999999999194,120.9999999999995453,2.5137310028076172
13.1999999999999194,121.0999999999995396,2.2614140510559082
13.1999999999999194,121.1999999999995339,1.8558366298675537
13.1999999999999194,121.3999999999995225,1.5162636041641235
13.1999999999999194,123.2999999999994145,8.0697031021118164
13.1999999999999194,123.3999999999994088,5.8052682876586914
13.1999999999999194,123.4999999999994031,4.0124726295471191
13.1999999999999194,123.5999999999993975,4.0166215896606445
13.1999999999999194,123.6999999999993918,4.1367564201354980
13.0999999999999197,120.6999999999995623,5.8032207489013672
13.0999999999999197,120.7999999999995566,5.0364108085632324
13.0999999999999197,120.8999999999995509,3.6854290962219238
13.0999999999999197,120.9999999999995453,2.9785830974578857
13.0999999999999197,121.0999999999995396,2.4806742668151855
13.0999999999999197,121.1999999999995339,2.0711736679077148
13.0999999999999197,121.2999999999995282,1.4063295125961304
13.0999999999999197,121.3999999999995225,1.1771919727325439
13.0999999999999197,121.4999999999995168,1.7189303636550903
13.0999999999999197,122.9999999999994316,12.3780851364135742
13.0999999999999197,123.3999999999994088,6.5225830078125000
13.0999999999999197,123.4999999999994031,4.9280953407287598
13.0999999999999197,123.5999999999993975,4.8655991554260254
13.0999999999999197,123.6999999999993918,5.0719938278198242
13.0999999999999197,123.7999999999993861,5.8961176872253418
13.0999999999999197,123.8999999999993804,7.4071197509765625
12.9999999999999201,120.7999999999995566,5.5415320396423340
12.9999999999999201,120.8999999999995509,4.4280257225036621
12.9999999999999201,120.9999999999995453,3.2965188026428223
12.9999999999999201,121.0999999999995396,2.6878464221954346
12.9999999999999201,121.1999999999995339,2.1803736686706543
12.9999999999999201,121.2999999999995282,1.5537604093551636
12.9999999999999201,121.3999999999995225,1.4021078348159790
12.9999999999999201,122.9999999999994316,12.8632698059082031
12.9999999999999201,123.0999999999994259,12.1813735961914062
12.9999999999999201,123.4999999999994031,6.0049767494201660
12.9999999999999201,123.5999999999993975,6.4093246459960938
12.9999999999999201,123.6999999999993918,6.3677792549133301
12.9999999999999201,123.7999999999993861,6.0180463790893555
12.9999999999999201,123.8999999999993804,6.4670338630676270
12.9999999999999201,123.9999999999993747,7.8544797897338867
12.9999999999999201,124.0999999999993690,8.4875583648681641
12.8999999999999204,120.7999999999995566,6.1259660720825195
12.8999999999999204,120.8999999999995509,5.0148763656616211
12.8999999999999204,120.9999999999995453,3.8573498725891113
12.8999999999999204,121.0999999999995396,3.0043399333953857
12.8999999999999204,121.1999999999995339,2.4225356578826904
12.8999999999999204,121.2999999999995282,1.8652018308639526
12.8999999999999204,121.3999999999995225,2.2599353790283203
12.8999999999999204,121.4999999999995168,2.9182879924774170
12.8999999999999204,123.1999999999994202,11.6059560775756836
12.8999999999999204,123.7999999999993861,6.7924966812133789
12.8999999999999204,124.0999999999993690,7.1278839111328125
12.7999999999999208,120.7999999999995566,6.8626976013183594
12.7999999999999208,120.8999999999995509,5.6633443832397461
12.7999999999999208,120.9999999999995453,4.5044407844543457
12.7999999999999208,121.0999999999995396,3.4713199138641357
12.7999999999999208,121.1999999999995339,2.9015071392059326
12.7999999999999208,121.2999999999995282,2.9757955074310303
12.7999999999999208,121.3999999999995225,3.6630482673645020
12.7999999999999208,123.8999999999993804,6.5242509841918945
12.7999999999999208,123.9999999999993747,5.5587739944458008
12.7999999999999208,124.0999999999993690,6.4420213699340820
12.6999999999999211,120.8999999999995509,6.6001887321472168
12.6999999999999211,120.9999999999995453,5.4504003524780273
12.6999999999999211,121.0999999999995396,4.4594249725341797
12.6999999999999211,121.1999999999995339,3.7855951786041260
12.6999999999999211,121.2999999999995282,4.8483719825744629
12.6999999999999211,121.3999999999995225,5.6200437545776367
12.6999999999999211,121.4999999999995168,6.3732423782348633
12.6999999999999211,123.8999999999993804,6.6432166099548340
12.6999999999999211,123.9999999999993747,6.2906823158264160
12.6999999999999211,124.0999999999993690,6.6419906616210938
12.5999999999999215,120.9999999999995453,6.5464801788330078
12.5999999999999215,121.0999999999995396,5.7460923194885254
12.5999999999999215,121.1999999999995339,5.1742820739746094
12.5999999999999215,121.2999999999995282,6.3263926506042480
12.5999999999999215,121.3999999999995225,7.8875031471252441
12.5999999999999215,121.4999999999995168,8.6474504470825195
12.5999999999999215,122.0999999999994827,9.7425317764282227
12.5999999999999215,123.9999999999993747,7.1940164566040039
12.4999999999999218,120.9999999999995453,7.8414463996887207
12.4999999999999218,121.0999999999995396,7.1662025451660156
12.4999999999999218,121.1999999999995339,6.5028657913208008
12.4999999999999218,121.2999999999995282,7.7479314804077148
12.4999999999999218,121.3999999999995225,9.3238744735717773
12.4999999999999218,121.9999999999994884,8.6144809722900391
12.4999999999999218,122.4999999999994600,12.5705223083496094
12.4999999999999218,122.5999999999994543,13.0424842834472656
12.4999999999999218,123.2999999999994145,10.0859327316284180
12.4999999999999218,123.3999999999994088,9.2938861846923828
12.4999999999999218,123.4999999999994031,8.8733320236206055
12.4999999999999218,123.6999999999993918,8.2159118652343750
12.4999999999999218,124.2999999999993577,10.2495241165161133
12.4999999999999218,124.3999999999993520,8.8871269226074219
12.4999999999999218,124.4999999999993463,7.1049966812133789
12.4999999999999218,124.5999999999993406,5.9410519599914551
12.4999999999999218,124.6999999999993349,5.5537157058715820
12.4999999999999218,124.7999999999993292,5.3522124290466309
12.4999999999999218,124.8999999999993236,5.2435879707336426
12.4999999999999218,124.9999999999993179,5.3252725601196289
12.4999999999999218,125.0999999999993122,5.5557179450988770
12.4999999999999218,125.1999999999993065,5.6796655654907227
12.3999999999999222,120.9999999999995453,8.9301939010620117
12.3999999999999222,121.0999999999995396,8.4683923721313477
12.3999999999999222,121.1999999999995339,8.0303850173950195
12.3999999999999222,121.2999999999995282,9.1659336090087891
12.3999999999999222,121.9999999999994884,9.3737745285034180
12.3999999999999222,122.0999999999994827,9.2897100448608398
12.3999999999999222,122.4999999999994600,12.8458013534545898
12.3999999999999222,122.5999999999994543,12.6574268341064453
12.3999999999999222,123.2999999999994145,9.2410211563110352
12.3999999999999222,123.3999999999994088,8.8158969879150391
12.3999999999999222,123.4999999999994031,8.2996072769165039
12.3999999999999222,124.3999999999993520,8.3008918762207031
12.3999999999999222,124.4999999999993463,6.8138594627380371
12.3999999999999222,124.5999999999993406,5.5980205535888672
12.3999999999999222,124.6999999999993349,5.2790393829345703
12.3999999999999222,124.7999999999993292,5.0619330406188965
12.3999999999999222,124.8999999999993236,4.8993539810180664
12.3999999999999222,124.9999999999993179,4.7762470245361328
12.3999999999999222,125.0999999999993122,4.9945960044860840
12.3999999999999222,125.1999999999993065,5.1931028366088867
12.2999999999999226,119.8999999999996078,11.8538808822631836
12.2999999999999226,121.1999999999995339,9.4177503585815430
12.2999999999999226,121.9999999999994884,10.2557544708251953
12.2999999999999226,123.2999999999994145,8.7261180877685547
12.2999999999999226,123.3999999999994088,8.1526107788085938
12.2999999999999226,123.4999999999994031,7.6167635917663574
12.2999999999999226,123.5999999999993975,7.0934333801269531
12.2999999999999226,123.6999999999993918,6.7473621368408203
12.2999999999999226,124.3999999999993520,8.0402135848999023
12.2999999999999226,124.4999999999993463,6.5000772476196289
12.2999999999999226,124.5999999999993406,5.3001761436462402
12.2999999999999226,124.6999999999993349,4.9130215644836426
12.2999999999999226,124.7999999999993292,4.7413597106933594
12.2999999999999226,124.8999999999993236,4.5860419273376465
12.2999999999999226,124.9999999999993179,4.4301257133483887
12.2999999999999226,125.0999999999993122,4.4802303314208984
12.2999999999999226,125.1999999999993065,4.6778397560119629
12.2999999999999226,125.2999999999993008,5.1167922019958496
12.1999999999999229,119.8999999999996078,11.9442529678344727
12.1999999999999229,119.9999999999996021,11.7799005508422852
12.1999999999999229,121.9999999999994884,11.1375293731689453
12.1999999999999229,123.2999999999994145,8.3271598815917969
12.1999999999999229,123.3999999999994088,7.8603553771972656
12.1999999999999229,123.5999999999993975,7.2903714179992676
12.1999999999999229,123.6999999999993918,7.0070905685424805
12.1999999999999229,123.7999999999993861,7.3567094802856445
12.1999999999999229,123.8999999999993804,7.9862766265869141
12.1999999999999229,124.3999999999993520,7.5315318107604980
12.1999999999999229,124.4999999999993463,6.3713603019714355
12.1999999999999229,124.5999999999993406,5.2846655845642090
12.1999999999999229,124.6999999999993349,4.8192086219787598
12.1999999999999229,124.7999999999993292,4.6616334915161133
12.1999999999999229,124.8999999999993236,4.5184245109558105
12.1999999999999229,124.9999999999993179,4.3370561599731445
12.1999999999999229,125.0999999999993122,4.1982727050781250
12.1999999999999229,125.1999999999993065,4.3776345252990723
12.1999999999999229,125.2999999999993008,4.9153962135314941
12.1999999999999229,125.3999999999992951,5.4849081039428711
12.1999999999999229,125.4999999999992895,5.7291650772094727
12.0999999999999233,119.9999999999996021,11.7959384918212891
12.0999999999999233,120.0999999999995964,11.7417259216308594
12.0999999999999233,120.1999999999995907,11.4742193222045898
12.0999999999999233,120.2999999999995850,11.1572036743164062
12.0999999999999233,123.2999999999994145,8.2491884231567383
12.0999999999999233,123.6999999999993918,8.6893348693847656
12.0999999999999233,123.7999999999993861,9.0227556228637695
12.0999999999999233,123.8999999999993804,10.0555973052978516
12.0999999999999233,124.4999999999993463,6.7070417404174805
12.0999999999999233,124.5999999999993406,6.3084406852722168
12.0999999999999233,124.6999999999993349,5.4650292396545410
12.0999999999999233,124.7999999999993292,5.0225720405578613
12.0999999999999233,124.8999999999993236,4.8806691169738770
12.0999999999999233,124.9999999999993179,4.6219577789306641
12.0999999999999233,125.0999999999993122,4.1610331535339355
12.0999999999999233,125.1999999999993065,4.1022033691406250
12.0999999999999233,125.2999999999993008,4.5548048019409180
12.0999999999999233,125.3999999999992951,5.0428590774536133
11.9999999999999236,123.1999999999994202,8.7218141555786133
11.9999999999999236,123.7999999999993861,10.4834423065185547
11.9999999999999236,123.8999999999993804,10.4212427139282227
11.9999999999999236,123.9999999999993747,10.3922786712646484
11.9999999999999236,124.6999999999993349,6.2115926742553711
11.9999999999999236,124.7999999999993292,5.5749244689941406
11.9999999999999236,124.8999999999993236,5.2510476112365723
11.9999999999999236,124.9999999999993179,4.7045183181762695
11.9999999999999236,125.0999999999993122,4.1329679489135742
11.9999999999999236,125.1999999999993065,4.0845098495483398
11.9999999999999236,125.2999999999993008,4.2822670936584473
11.9999999999999236,125.3999999999992951,4.7150530815124512
11.8999999999999240,121.9999999999994884,12.0071592330932617
11.8999999999999240,123.7999999999993861,10.7683944702148438
11.8999999999999240,123.8999999999993804,10.4289703369140625
11.8999999999999240,123.9999999999993747,10.3542089462280273
11.8999999999999240,124.7999999999993292,6.4577741622924805
11.8999999999999240,124.8999999999993236,5.4436683654785156
11.8999999999999240,124.9999999999993179,4.6894516944885254
11.8999999999999240,125.0999999999993122,4.0722098350524902
11.8999999999999240,125.1999999999993065,4.0241303443908691
11.8999999999999240,125.2999999999993008,4.1767711639404297
11.7999999999999243,121.8999999999994941,11.4746446609497070
11.7999999999999243,121.9999999999994884,11.4224243164062500
11.7999999999999243,122.0999999999994827,10.2440614700317383
11.7999999999999243,122.1999999999994770,8.3358297348022461
11.7999999999999243,124.2999999999993577,9.7309827804565430
11.7999999999999243,124.8999999999993236,5.6976380348205566
11.7999999999999243,124.9999999999993179,4.8451528549194336
11.7999999999999243,125.0999999999993122,4.3926773071289062
11.7999999999999243,125.1999999999993065,4.3234896659851074
11.7999999999999243,125.2999999999993008,4.5099630355834961
11.7999999999999243,125.3999999999992951,4.5499815940856934
11.6999999999999247,119.9999999999996021,11.5014114379882812
11.6999999999999247,122.0999999999994827,9.1158323287963867
11.6999999999999247,122.1999999999994770,7.7170643806457520
11.6999999999999247,122.2999999999994714,6.5041079521179199
11.6999999999999247,122.3999999999994657,6.3208351135253906
11.6999999999999247,124.9999999999993179,5.1121401786804199
11.6999999999999247,125.0999999999993122,4.7573866844177246
11.6999999999999247,125.1999999999993065,4.6417598724365234
11.6999999999999247,125.2999999999993008,4.6960558891296387
11.6999999999999247,125.3999999999992951,4.7351875305175781
11.5999999999999250,122.1999999999994770,6.1399335861206055
11.5999999999999250,122.2999999999994714,5.1755762100219727
11.5999999999999250,122.6999999999994486,4.8992352485656738
11.5999999999999250,124.4999999999993463,10.3817405700683594
11.5999999999999250,125.0999999999993122,4.6540131568908691
11.5999999999999250,125.1999999999993065,4.6319217681884766
11.5999999999999250,125.2999999999993008,4.8009657859802246
11.5999999999999250,125.3999999999992951,4.8404717445373535
11.4999999999999254,122.0999999999994827,5.5015931129455566
11.4999999999999254,122.1999999999994770,4.3733987808227539
11.4999999999999254,122.2999999999994714,3.9316859245300293
11.4999999999999254,122.3999999999994657,3.8306708335876465
11.4999999999999254,122.4999999999994600,3.7155392169952393
11.4999999999999254,122.5999999999994543,3.6526498794555664
11.4999999999999254,122.6999999999994486,4.4453940391540527
11.4999999999999254,122.7999999999994429,5.5130181312561035
11.4999999999999254,123.0999999999994259,10.3720321655273438
11.4999999999999254,124.3999999999993520,9.8483467102050781
11.4999999999999254,124.4999999999993463,9.8400840759277344
11.4999999999999254,124.8999999999993236,5.1162915229797363
11.4999999999999254,124.9999999999993179,4.6620359420776367
11.4999999999999254,125.0999999999993122,4.2411828041076660
11.4999999999999254,125.1999999999993065,4.3263511657714844
11.4999999999999254,125.2999999999993008,4.7737503051757812
11.4999999999999254,125.3999999999992951,4.9041285514831543
11.4999999999999254,125.4999999999992895,5.5321173667907715
11.3999999999999257,122.0999999999994827,4.3007850646972656
11.3999999999999257,122.1999999999994770,3.4384942054748535
11.3999999999999257,122.2999999999994714,2.9046151638031006
11.3999999999999257,122.3999999999994657,2.8029608726501465
11.3999999999999257,122.4999999999994600,2.9175331592559814
11.3999999999999257,122.5999999999994543,3.4589357376098633
11.3999999999999257,122.6999999999994486,4.3181033134460449
11.3999999999999257,122.7999999999994429,5.4120163917541504
11.3999999999999257,122.8999999999994373,6.5702295303344727
11.3999999999999257,122.9999999999994316,8.4044008255004883
11.3999999999999257,123.0999999999994259,10.6183300018310547
11.3999999999999257,124.2999999999993577,9.7906017303466797
11.3999999999999257,124.3999999999993520,9.4965953826904297
11.3999999999999257,124.4999999999993463,9.1611413955688477
11.3999999999999257,124.8999999999993236,5.0694050788879395
11.3999999999999257,124.9999999999993179,4.6390109062194824
11.3999999999999257,125.0999999999993122,4.2191462516784668
11.3999999999999257,125.1999999999993065,4.0821928977966309
11.3999999999999257,125.2999999999993008,4.5285367965698242
11.3999999999999257,125.3999999999992951,4.9926905632019043
11.3999999999999257,125.4999999999992895,5.9122586250305176
11.2999999999999261,119.4999999999996305,10.4933633804321289
11.2999999999999261,122.0999999999994827,3.9477765560150146
11.2999999999999261,122.1999999999994770,3.4048607349395752
11.2999999999999261,122.2999999999994714,2.7950482368469238
11.2999999999999261,122.3999999999994657,2.4842088222503662
11.2999999999999261,122.4999999999994600,2.9093210697174072
11.2999999999999261,122.5999999999994543,3.6489975452423096
11.2999999999999261,122.6999999999994486,4.7642374038696289
11.2999999999999261,122.7999999999994429,5.8948311805725098
11.2999999999999261,122.8999999999994373,7.0196523666381836
11.2999999999999261,122.9999999999994316,8.8685836791992188
11.2999999999999261,123.0999999999994259,10.5712547302246094
11.2999999999999261,124.3999999999993520,8.4930648803710938
11.2999999999999261,124.4999999999993463,8.1440124511718750
11.2999999999999261,124.5999999999993406,7.5962667465209961
11.2999999999999261,124.6999999999993349,5.9496712684631348
11.2999999999999261,124.7999999999993292,5.1638913154602051
11.2999999999999261,124.8999999999993236,4.7833313941955566
11.2999999999999261,125.1999999999993065,4.4944691658020020
11.2999999999999261,125.2999999999993008,4.8980541229248047
11.2999999999999261,125.3999999999992951,5.4838147163391113
11.2999999999999261,125.4999999999992895,6.3371777534484863
11.1999999999999265,119.4999999999996305,9.3481540679931641
11.1999999999999265,122.0999999999994827,3.9477741718292236
11.1999999999999265,122.1999999999994770,3.4403028488159180
11.1999999999999265,122.2999999999994714,3.0524852275848389
11.1999999999999265,122.3999999999994657,2.8045749664306641
11.1999999999999265,122.4999999999994600,3.4143571853637695
11.1999999999999265,122.5999999999994543,4.2906928062438965
11.1999999999999265,122.6999999999994486,5.4096407890319824
11.1999999999999265,122.7999999999994429,6.6294231414794922
11.1999999999999265,122.8999999999994373,7.8264832496643066
11.1999999999999265,122.9999999999994316,9.3516845703125000
11.1999999999999265,123.7999999999993861,8.8463535308837891
11.1999999999999265,123.9999999999993747,8.9397125244140625
11.1999999999999265,124.3999999999993520,8.0494880676269531
11.1999999999999265,124.4999999999993463,6.9972615242004395
11.1999999999999265,124.5999999999993406,6.2934093475341797
11.1999999999999265,124.6999999999993349,5.2784786224365234
11.1999999999999265,124.7999999999993292,4.4443597793579102
11.1999999999999265,124.8999999999993236,4.0558419227600098
11.1999999999999265,124.9999999999993179,4.7312827110290527
11.1999999999999265,125.1999999999993065,5.6599068641662598
11.1999999999999265,125.2999999999993008,6.0120406150817871
11.1999999999999265,125.3999999999992951,6.4263358116149902
11.1999999999999265,125.4999999999992895,7.1693506240844727
11.0999999999999268,119.4999999999996305,8.6691255569458008
11.0999999999999268,122.0999999999994827,4.0276861190795898
11.0999999999999268,122.1999999999994770,3.3143312931060791
11.0999999999999268,122.2999999999994714,3.2056009769439697
11.0999999999999268,122.3999999999994657,3.3475866317749023
11.0999999999999268,122.4999999999994600,4.1019620895385742
11.0999999999999268,122.5999999999994543,4.9493231773376465
11.0999999999999268,122.6999999999994486,6.0709404945373535
11.0999999999999268,122.7999999999994429,7.2947454452514648
11.0999999999999268,122.8999999999994373,8.5544242858886719
11.0999999999999268,124.3999999999993520,7.7965755462646484
11.0999999999999268,124.4999999999993463,6.7937707901000977
11.0999999999999268,124.5999999999993406,5.8772864341735840
11.0999999999999268,124.6999999999993349,4.8084368705749512
11.0999999999999268,124.7999999999993292,3.9873583316802979
11.0999999999999268,124.8999999999993236,3.6498193740844727
11.0999999999999268,124.9999999999993179,4.4470853805541992
11.0999999999999268,125.4999999999992895,7.9946827888488770
10.9999999999999272,119.3999999999996362,10.0078887939453125
10.9999999999999272,122.0999999999994827,4.2494559288024902
10.9999999999999272,122.1999999999994770,3.5603525638580322
10.9999999999999272,122.2999999999994714,3.4422004222869873
10.9999999999999272,122.3999999999994657,3.9779472351074219
10.9999999999999272,122.4999999999994600,4.8916192054748535
10.9999999999999272,122.5999999999994543,5.7293038368225098
10.9999999999999272,122.6999999999994486,6.8376441001892090
10.9999999999999272,122.7999999999994429,7.9522600173950195
10.9999999999999272,123.9999999999993747,8.6270399093627930
10.9999999999999272,124.4999999999993463,7.3285784721374512
10.9999999999999272,124.5999999999993406,6.2257685661315918
10.9999999999999272,124.6999999999993349,5.1932716369628906
10.9999999999999272,124.7999999999993292,4.3933715820312500
10.9999999999999272,124.8999999999993236,4.0819444656372070
10.9999999999999272,124.9999999999993179,4.8195919990539551
10.8999999999999275,119.3999999999996362,9.6406555175781250
10.8999999999999275,119.4999999999996305,8.0959196090698242
10.8999999999999275,121.9999999999994884,5.5713219642639160
10.8999999999999275,122.0999999999994827,4.5729660987854004
10.8999999999999275,122.1999999999994770,4.2031588554382324
10.8999999999999275,122.2999999999994714,4.2051601409912109
10.8999999999999275,122.3999999999994657,4.7377614974975586
10.8999999999999275,122.4999999999994600,5.4261198043823242
10.8999999999999275,122.5999999999994543,6.5131187438964844
10.8999999999999275,122.6999999999994486,7.6550102233886719
10.8999999999999275,123.1999999999994202,6.9752573966979980
10.8999999999999275,123.2999999999994145,6.1819915771484375
10.8999999999999275,123.3999999999994088,5.4135508537292480
10.8999999999999275,123.9999999999993747,9.1929483413696289
10.8999999999999275,124.4999999999993463,7.9712042808532715
10.8999999999999275,124.7999999999993292,5.0299649238586426
10.8999999999999275,124.8999999999993236,4.6600856781005859
10.8999999999999275,124.9999999999993179,5.1072835922241211
10.7999999999999279,119.2999999999996419,11.3386106491088867
10.7999999999999279,119.3999999999996362,10.0341176986694336
10.7999999999999279,119.4999999999996305,7.0662102699279785
10.7999999999999279,121.9999999999994884,6.0317521095275879
10.7999999999999279,122.0999999999994827,5.3287796974182129
10.7999999999999279,122.1999999999994770,5.2963948249816895
10.7999999999999279,122.2999999999994714,5.2961935997009277
10.7999999999999279,122.3999999999994657,5.8278584480285645
10.7999999999999279,122.4999999999994600,6.5084638595581055
10.7999999999999279,122.9999999999994316,8.5301933288574219
10.7999999999999279,123.0999999999994259,6.9894700050354004
10.7999999999999279,123.1999999999994202,5.7714247703552246
10.7999999999999279,123.2999999999994145,5.1721878051757812
10.7999999999999279,123.3999999999994088,4.8112664222717285
10.7999999999999279,123.4999999999994031,5.0681290626525879
10.7999999999999279,123.8999999999993804,8.7488946914672852
10.7999999999999279,123.9999999999993747,9.4357481002807617
10.7999999999999279,124.8999999999993236,4.9040679931640625
10.6999999999999282,119.3999999999996362,8.7404985427856445
10.6999999999999282,119.4999999999996305,7.0822844505310059
10.6999999999999282,119.5999999999996248,6.9619917869567871
10.6999999999999282,121.9999999999994884,6.2647809982299805
10.6999999999999282,122.0999999999994827,6.1985592842102051
10.6999999999999282,122.1999999999994770,6.7367744445800781
10.6999999999999282,122.2999999999994714,6.4264569282531738
10.6999999999999282,122.3999999999994657,6.9798088073730469
10.6999999999999282,122.4999999999994600,7.7229757308959961
10.6999999999999282,122.5999999999994543,7.8870167732238770
10.6999999999999282,122.6999999999994486,7.2863636016845703
10.6999999999999282,122.9999999999994316,7.2341704368591309
10.6999999999999282,123.0999999999994259,5.6927042007446289
10.6999999999999282,123.1999999999994202,5.1446905136108398
10.6999999999999282,123.2999999999994145,5.7355527877807617
10.6999999999999282,123.3999999999994088,5.6158266067504883
10.6999999999999282,123.4999999999994031,5.3726420402526855
10.6999999999999282,123.8999999999993804,8.7764177322387695
10.6999999999999282,124.7999999999993292,5.3505225181579590
10.6999999999999282,124.8999999999993236,4.7011404037475586
10.6999999999999282,124.9999999999993179,4.2215209007263184
10.6999999999999282,125.7999999999992724,10.9888143539428711
10.5999999999999286,119.3999999999996362,8.0130481719970703
10.5999999999999286,119.4999999999996305,6.6385016441345215
10.5999999999999286,119.5999999999996248,6.7079348564147949
10.5999999999999286,119.7999999999996135,8.7126655578613281
10.5999999999999286,119.8999999999996078,8.9366226196289062
10.5999999999999286,121.9999999999994884,7.1318302154541016
10.5999999999999286,122.4999999999994600,8.9184255599975586
10.5999999999999286,122.5999999999994543,8.6305952072143555
10.5999999999999286,122.6999999999994486,7.9573936462402344
10.5999999999999286,122.8999999999994373,6.2510232925415039
10.5999999999999286,122.9999999999994316,5.8207488059997559
10.5999999999999286,123.0999999999994259,4.7447376251220703
10.5999999999999286,123.1999999999994202,4.1971168518066406
10.5999999999999286,123.2999999999994145,5.1318554878234863
10.5999999999999286,123.3999999999994088,6.3439416885375977
10.5999999999999286,123.6999999999993918,6.7481541633605957
10.5999999999999286,123.7999999999993861,7.4511742591857910
10.5999999999999286,123.8999999999993804,8.5658798217773438
10.5999999999999286,123.9999999999993747,9.4610080718994141
10.5999999999999286,124.7999999999993292,5.1075000762939453
10.5999999999999286,124.8999999999993236,4.6051077842712402
10.5999999999999286,124.9999999999993179,4.1074767112731934
10.5999999999999286,125.0999999999993122,4.1959385871887207
10.4999999999999289,119.2999999999996419,7.8735294342041016
10.4999999999999289,119.3999999999996362,6.6361088752746582
10.4999999999999289,119.4999999999996305,5.8334126472473145
10.4999999999999289,119.5999999999996248,6.5779433250427246
10.4999999999999289,119.7999999999996135,8.6108427047729492
10.4999999999999289,119.8999999999996078,8.8591594696044922
10.4999999999999289,121.9999999999994884,8.1915445327758789
10.4999999999999289,122.4999999999994600,9.4490060806274414
10.4999999999999289,122.5999999999994543,9.2278900146484375
10.4999999999999289,122.6999999999994486,8.7023782730102539
10.4999999999999289,122.7999999999994429,7.0733828544616699
10.4999999999999289,122.8999999999994373,6.1732420921325684
10.4999999999999289,122.9999999999994316,5.4417133331298828
10.4999999999999289,123.0999999999994259,4.5187482833862305
10.4999999999999289,123.1999999999994202,4.0600943565368652
10.4999999999999289,123.2999999999994145,4.8075695037841797
10.4999999999999289,123.3999999999994088,5.6778583526611328
10.4999999999999289,123.7999999999993861,7.2525916099548340
10.4999999999999289,123.8999999999993804,8.4024209976196289
10.4999999999999289,123.9999999999993747,9.4693489074707031
10.4999999999999289,124.7999999999993292,5.5880570411682129
10.4999999999999289,124.8999999999993236,4.7313547134399414
10.4999999999999289,124.9999999999993179,4.2623305320739746
10.4999999999999289,125.0999999999993122,3.9130589962005615
10.3999999999999293,119.0999999999996533,7.0653700828552246
10.3999999999999293,119.1999999999996476,6.9769883155822754
10.3999999999999293,119.2999999999996419,6.3305926322937012
10.3999999999999293,119.3999999999996362,5.6506814956665039
10.3999999999999293,119.4999999999996305,6.3307876586914062
10.3999999999999293,122.8999999999994373,5.9344816207885742
10.3999999999999293,122.9999999999994316,5.6441760063171387
10.3999999999999293,123.0999999999994259,5.2239894866943359
10.3999999999999293,123.1999999999994202,4.6996755599975586
10.3999999999999293,123.2999999999994145,5.4852638244628906
10.3999999999999293,123.6999999999993918,6.4785976409912109
10.3999999999999293,123.7999999999993861,7.1145009994506836
10.3999999999999293,123.8999999999993804,8.1922836303710938
10.3999999999999293,123.9999999999993747,8.9075508117675781
10.3999999999999293,124.7999999999993292,5.5806856155395508
10.3999999999999293,124.8999999999993236,4.7207880020141602
10.3999999999999293,124.9999999999993179,4.2397565841674805
10.3999999999999293,125.0999999999993122,4.2328572273254395
10.3999999999999293,125.1999999999993065,5.2425279617309570
10.3999999999999293,125.5999999999992838,11.3556118011474609
10.2999999999999297,118.9999999999996589,5.9990210533142090
10.2999999999999297,119.0999999999996533,5.8479394912719727
10.2999999999999297,119.1999999999996476,5.6405010223388672
10.2999999999999297,119.2999999999996419,5.3902440071105957
10.2999999999999297,122.8999999999994373,5.5468854904174805
10.2999999999999297,122.9999999999994316,5.4743423461914062
10.2999999999999297,123.0999999999994259,5.5325889587402344
10.2999999999999297,123.1999999999994202,5.4748296737670898
10.2999999999999297,123.2999999999994145,6.1318855285644531
10.2999999999999297,123.5999999999993975,7.2158088684082031
10.2999999999999297,123.6999999999993918,6.5625858306884766
10.2999999999999297,123.7999999999993861,6.8929543495178223
10.2999999999999297,124.7999999999993292,5.7417840957641602
10.2999999999999297,124.8999999999993236,4.7177248001098633
10.2999999999999297,125.0999999999993122,4.8686056137084961
10.2999999999999297,125.1999999999993065,5.7713770866394043
10.2999999999999297,125.5999999999992838,11.4035558700561523
10.1999999999999300,118.7999999999996703,8.7182426452636719
10.1999999999999300,118.9999999999996589,5.5964374542236328
10.1999999999999300,119.0999999999996533,5.3644037246704102
10.1999999999999300,119.1999999999996476,5.5369744300842285
10.1999999999999300,122.8999999999994373,5.3070969581604004
10.1999999999999300,122.9999999999994316,5.0435271263122559
10.1999999999999300,123.0999999999994259,5.1322116851806641
10.1999999999999300,123.1999999999994202,5.4144210815429688
10.1999999999999300,123.2999999999994145,5.8134641647338867
10.1999999999999300,123.5999999999993975,6.7900490760803223
10.1999999999999300,123.6999999999993918,6.3675847053527832
10.1999999999999300,124.8999999999993236,5.9107394218444824
10.1999999999999300,125.5999999999992838,10.8520536422729492
10.0999999999999304,118.8999999999996646,7.3169245719909668
10.0999999999999304,118.9999999999996589,6.0775856971740723
10.0999999999999304,119.0999999999996533,6.1306319236755371
10.0999999999999304,119.1999999999996476,6.7188529968261719
10.0999999999999304,122.8999999999994373,4.5917930603027344
10.0999999999999304,122.9999999999994316,4.4859070777893066
10.0999999999999304,123.0999999999994259,4.8762731552124023
10.0999999999999304,123.1999999999994202,5.3004760742187500
10.0999999999999304,123.4999999999994031,5.7290740013122559
10.0999999999999304,123.5999999999993975,5.5315790176391602
10.0999999999999304,124.1999999999993634,6.7986130714416504
10.0999999999999304,124.2999999999993577,6.6941280364990234
10.0999999999999304,124.3999999999993520,8.2531499862670898
10.0999999999999304,125.1999999999993065,9.4749765396118164
10.0999999999999304,125.5999999999992838,10.2508096694946289
9.9999999999999307,118.7999999999996703,7.1356325149536133
9.9999999999999307,118.8999999999996646,7.2445526123046875
9.9999999999999307,118.9999999999996589,6.6498517990112305
9.9999999999999307,119.0999999999996533,7.1731538772583008
9.9999999999999307,122.7999999999994429,5.2500648498535156
9.9999999999999307,122.8999999999994373,4.2480492591857910
9.9999999999999307,122.9999999999994316,4.2534542083740234
9.9999999999999307,123.0999999999994259,4.8311929702758789
9.9999999999999307,123.1999999999994202,5.2570953369140625
9.9999999999999307,123.3999999999994088,4.5839481353759766
9.9999999999999307,123.4999999999994031,4.8929233551025391
9.9999999999999307,123.5999999999993975,5.1621932983398438
9.9999999999999307,124.0999999999993690,5.5179810523986816
9.9999999999999307,124.1999999999993634,5.3215017318725586
9.9999999999999307,124.2999999999993577,5.3996930122375488
9.9999999999999307,124.3999999999993520,6.9672489166259766
9.9999999999999307,124.4999999999993463,8.9640884399414062
9.9999999999999307,125.1999999999993065,11.2064189910888672
9.9999999999999307,125.5999999999992838,10.0967483520507812
9.8999999999999311,118.5999999999996817,6.7351818084716797
9.8999999999999311,118.6999999999996760,6.0757508277893066
9.8999999999999311,122.3999999999994657,9.5152320861816406
9.8999999999999311,122.4999999999994600,8.3511075973510742
9.8999999999999311,122.5999999999994543,7.0643205642700195
9.8999999999999311,122.6999999999994486,5.9102544784545898
9.8999999999999311,122.7999999999994429,4.8334388732910156
9.8999999999999311,122.8999999999994373,4.1571488380432129
9.8999999999999311,122.9999999999994316,4.6057624816894531
9.8999999999999311,123.0999999999994259,5.2433214187622070
9.8999999999999311,123.3999999999994088,4.9162101745605469
9.8999999999999311,123.4999999999994031,4.8172760009765625
9.8999999999999311,123.5999999999993975,5.4527912139892578
9.8999999999999311,123.8999999999993804,6.6330685615539551
9.8999999999999311,123.9999999999993747,5.8862581253051758
9.8999999999999311,124.0999999999993690,5.2784061431884766
9.8999999999999311,124.1999999999993634,4.9657254219055176
9.8999999999999311,124.2999999999993577,4.8231754302978516
9.8999999999999311,124.3999999999993520,6.4893684387207031
9.8999999999999311,124.4999999999993463,8.5374307632446289
9.8999999999999311,125.5999999999992838,8.7791395187377930
9.8999999999999311,125.9999999999992610,4.9240188598632812
9.7999999999999314,118.5999999999996817,6.7122154235839844
9.7999999999999314,118.6999999999996760,5.2712464332580566
9.7999999999999314,122.4999999999994600,8.2587127685546875
9.7999999999999314,122.5999999999994543,6.8993077278137207
9.7999999999999314,122.6999999999994486,5.7843971252441406
9.7999999999999314,122.7999999999994429,5.0252408981323242
9.7999999999999314,122.8999999999994373,4.6019315719604492
9.7999999999999314,122.9999999999994316,5.0764622688293457
9.7999999999999314,123.0999999999994259,5.8598833084106445
9.7999999999999314,123.3999999999994088,5.1412696838378906
9.7999999999999314,123.4999999999994031,4.7269129753112793
9.7999999999999314,123.8999999999993804,6.8447160720825195
9.7999999999999314,123.9999999999993747,5.9282231330871582
9.7999999999999314,124.0999999999993690,5.3714308738708496
9.7999999999999314,124.1999999999993634,5.4167428016662598
9.7999999999999314,124.2999999999993577,5.2672758102416992
9.7999999999999314,124.3999999999993520,6.6384005546569824
9.7999999999999314,124.4999999999993463,8.8837699890136719
9.7999999999999314,125.9999999999992610,4.3803048133850098
9.7999999999999314,126.0999999999992554,4.5263991355895996
9.6999999999999318,118.3999999999996930,9.1239643096923828
9.6999999999999318,118.4999999999996874,7.7875728607177734
9.6999999999999318,118.5999999999996817,5.9755072593688965
9.6999999999999318,118.6999999999996760,5.0520701408386230
9.6999999999999318,122.4999999999994600,8.2158775329589844
9.6999999999999318,122.5999999999994543,6.8818912506103516
9.6999999999999318,122.6999999999994486,5.9872727394104004
9.6999999999999318,122.7999999999994429,5.3916378021240234
9.6999999999999318,122.8999999999994373,5.1309781074523926
9.6999999999999318,122.9999999999994316,5.6264648437500000
9.6999999999999318,123.0999999999994259,6.2206997871398926
9.6999999999999318,123.3999999999994088,5.1951026916503906
9.6999999999999318,123.8999999999993804,7.1984577178955078
9.6999999999999318,123.9999999999993747,6.3469882011413574
9.6999999999999318,124.0999999999993690,5.8712992668151855
9.6999999999999318,124.1999999999993634,5.6945896148681641
9.6999999999999318,124.2999999999993577,5.7204484939575195
9.6999999999999318,124.3999999999993520,6.5898704528808594
9.6999999999999318,125.4999999999992895,6.9727263450622559
9.5999999999999321,118.3999999999996930,7.9367508888244629
9.5999999999999321,118.4999999999996874,6.2795715332031250
9.5999999999999321,118.5999999999996817,4.9739742279052734
9.5999999999999321,118.6999999999996760,5.1392607688903809
9.5999999999999321,122.4999999999994600,7.7240195274353027
9.5999999999999321,122.5999999999994543,7.4934115409851074
9.5999999999999321,122.6999999999994486,6.6306104660034180
9.5999999999999321,122.7999999999994429,5.8928775787353516
9.5999999999999321,122.8999999999994373,5.4236669540405273
9.5999999999999321,122.9999999999994316,5.8849525451660156
9.5999999999999321,123.0999999999994259,6.4446740150451660
9.5999999999999321,123.2999999999994145,5.8744010925292969
9.5999999999999321,123.3999999999994088,5.4471383094787598
9.5999999999999321,123.7999999999993861,9.1676378250122070
9.5999999999999321,125.3999999999992951,7.3604350090026855
9.5999999999999321,125.4999999999992895,6.2122635841369629
9.5999999999999321,125.5999999999992838,5.0576434135437012
9.5999999999999321,125.6999999999992781,4.4791989326477051
9.4999999999999325,118.2999999999996987,7.3309602737426758
9.4999999999999325,118.3999999999996930,6.3414192199707031
9.4999999999999325,118.4999999999996874,4.9438829421997070
9.4999999999999325,118.5999999999996817,5.1646738052368164
9.4999999999999325,122.5999999999994543,8.4653062820434570
9.4999999999999325,122.6999999999994486,7.6365556716918945
9.4999999999999325,122.7999999999994429,6.6012978553771973
9.4999999999999325,122.8999999999994373,5.9264311790466309
9.4999999999999325,122.9999999999994316,5.7106394767761230
9.4999999999999325,123.0999999999994259,5.3410978317260742
9.4999999999999325,123.3999999999994088,6.0727839469909668
9.4999999999999325,125.4999999999992895,6.3693680763244629
9.4999999999999325,125.5999999999992838,4.6152863502502441
9.4999999999999325,125.6999999999992781,3.3836846351623535
9.4999999999999325,125.7999999999992724,1.8052847385406494
9.3999999999999329,118.1999999999997044,6.6335487365722656
9.3999999999999329,118.2999999999996987,5.7282791137695312
9.3999999999999329,118.3999999999996930,5.2988004684448242
9.3999999999999329,118.4999999999996874,5.9363665580749512
9.3999999999999329,122.7999999999994429,7.2832908630371094
9.3999999999999329,122.8999999999994373,6.3923926353454590
9.3999999999999329,122.9999999999994316,5.4840493202209473
9.3999999999999329,123.0999999999994259,4.5377588272094727
9.3999999999999329,123.1999999999994202,4.1617994308471680
9.3999999999999329,125.5999999999992838,4.5317902565002441
9.3999999999999329,125.6999999999992781,2.8139688968658447
9.3999999999999329,125.7999999999992724,1.3973675966262817
9.3999999999999329,125.8999999999992667,2.0268895626068115
9.2999999999999332,118.0999999999997101,6.6160621643066406
9.2999999999999332,118.1999999999997044,5.7229413986206055
9.2999999999999332,118.2999999999996987,5.1561946868896484
9.2999999999999332,118.3999999999996930,5.8124547004699707
9.2999999999999332,122.8999999999994373,6.8569555282592773
9.2999999999999332,122.9999999999994316,5.8816924095153809
9.2999999999999332,123.0999999999994259,4.8507828712463379
9.2999999999999332,123.1999999999994202,4.2275881767272949
9.2999999999999332,123.2999999999994145,4.6757316589355469
9.2999999999999332,125.5999999999992838,4.0526876449584961
9.2999999999999332,125.6999999999992781,2.7088689804077148
9.2999999999999332,125.7999999999992724,1.2695136070251465
9.2999999999999332,125.8999999999992667,1.3118660449981689
9.1999999999999336,117.8999999999997215,5.5896873474121094
9.1999999999999336,117.9999999999997158,5.9773349761962891
9.1999999999999336,118.0999999999997101,5.5958919525146484
9.1999999999999336,118.1999999999997044,5.1698784828186035
9.1999999999999336,122.8999999999994373,8.4133758544921875
9.1999999999999336,122.9999999999994316,6.9070572853088379
9.1999999999999336,123.0999999999994259,5.4779486656188965
9.1999999999999336,123.1999999999994202,4.7822771072387695
9.1999999999999336,123.4999999999994031,9.7852916717529297
9.1999999999999336,123.5999999999993975,10.2910900115966797
9.1999999999999336,124.6999999999993349,9.9291896820068359
9.1999999999999336,124.7999999999993292,9.5861005783081055
9.1999999999999336,125.5999999999992838,3.9613544940948486
9.1999999999999336,125.6999999999992781,2.7007937431335449
9.1999999999999336,125.7999999999992724,1.2880014181137085
9.1999999999999336,125.8999999999992667,0.9630166292190552
9.1999999999999336,125.9999999999992610,1.9448647499084473
9.1999999999999336,126.0999999999992554,2.4378163814544678
9.0999999999999339,117.7999999999997272,5.4054174423217773
9.0999999999999339,117.8999999999997215,4.8127932548522949
9.0999999999999339,117.9999999999997158,4.6215834617614746
9.0999999999999339,122.9999999999994316,8.1137237548828125
9.0999999999999339,123.0999999999994259,6.6152257919311523
9.0999999999999339,123.5999999999993975,10.7451076507568359
9.0999999999999339,125.5999999999992838,3.6315534114837646
9.0999999999999339,125.6999999999992781,2.4830811023712158
9.0999999999999339,125.7999999999992724,1.4265592098236084
9.0999999999999339,125.8999999999992667,1.1284314393997192
9.0999999999999339,125.9999999999992610,1.3998453617095947
9.0999999999999339,126.0999999999992554,2.1135818958282471
8.9999999999999343,117.5999999999997385,6.5993890762329102
8.9999999999999343,117.6999999999997328,6.4233889579772949
8.9999999999999343,117.7999999999997272,5.2303667068481445
8.9999999999999343,117.8999999999997215,4.3725266456604004
8.9999999999999343,117.9999999999997158,4.5434112548828125
8.9999999999999343,125.2999999999993008,3.1987025737762451
8.9999999999999343,125.3999999999992951,3.1567115783691406
8.9999999999999343,125.5999999999992838,3.1027529239654541
8.9999999999999343,125.6999999999992781,1.9743828773498535
8.9999999999999343,125.7999999999992724,1.4380850791931152
8.9999999999999343,125.8999999999992667,1.2932242155075073
8.9999999999999343,125.9999999999992610,1.4613250494003296
8.9999999999999343,126.0999999999992554,2.2028932571411133
8.9999999999999343,126.1999999999992497,3.4103825092315674
8.8999999999999346,117.4999999999997442,5.9063963890075684
8.8999999999999346,117.5999999999997385,5.2884120941162109
8.8999999999999346,117.6999999999997328,5.0589942932128906
8.8999999999999346,117.7999999999997272,4.6355161666870117
8.8999999999999346,117.8999999999997215,4.2613511085510254
8.8999999999999346,117.9999999999997158,5.4208054542541504
8.8999999999999346,124.7999999999993292,4.6123490333557129
8.8999999999999346,124.8999999999993236,3.7835383415222168
8.8999999999999346,124.9999999999993179,3.1159679889678955
8.8999999999999346,125.1999999999993065,2.2244389057159424
8.8999999999999346,125.2999999999993008,2.0934083461761475
8.8999999999999346,125.3999999999992951,2.0789172649383545
8.8999999999999346,125.4999999999992895,2.1091809272766113
8.8999999999999346,125.5999999999992838,2.0624895095825195
8.8999999999999346,125.6999999999992781,1.9067387580871582
8.8999999999999346,125.7999999999992724,1.6276814937591553
8.8999999999999346,125.8999999999992667,1.6538517475128174
8.8999999999999346,125.9999999999992610,1.9115775823593140
8.8999999999999346,126.0999999999992554,2.6527762413024902
8.8999999999999346,126.1999999999992497,3.4966127872467041
8.8999999999999346,126.2999999999992440,4.5758900642395020
8.7999999999999350,117.4999999999997442,5.8990988731384277
8.7999999999999350,117.5999999999997385,5.0066432952880859
8.7999999999999350,117.6999999999997328,4.6697950363159180
8.7999999999999350,117.7999999999997272,4.5222048759460449
8.7999999999999350,117.8999999999997215,4.7299962043762207
8.7999999999999350,124.8999999999993236,2.7953946590423584
8.7999999999999350,124.9999999999993179,2.1601624488830566
8.7999999999999350,125.0999999999993122,1.9945015907287598
8.7999999999999350,125.1999999999993065,1.5801655054092407
8.7999999999999350,125.2999999999993008,1.2598485946655273
8.7999999999999350,125.3999999999992951,1.5996551513671875
8.7999999999999350,125.4999999999992895,1.7010320425033569
8.7999999999999350,125.5999999999992838,1.6429491043090820
8.7999999999999350,125.6999999999992781,1.7934405803680420
8.7999999999999350,125.7999999999992724,1.9392223358154297
8.7999999999999350,125.8999999999992667,2.1989119052886963
8.7999999999999350,125.9999999999992610,2.5143463611602783
8.7999999999999350,126.0999999999992554,3.1166870594024658
8.7999999999999350,126.1999999999992497,3.8875451087951660
8.7999999999999350,126.2999999999992440,4.3488125801086426
8.6999999999999353,117.3999999999997499,7.6167426109313965
8.6999999999999353,117.4999999999997442,7.0286726951599121
8.6999999999999353,117.5999999999997385,5.9521474838256836
8.6999999999999353,123.4999999999994031,7.0563540458679199
8.6999999999999353,124.7999999999993292,3.8304195404052734
8.6999999999999353,124.8999999999993236,3.2625086307525635
8.6999999999999353,124.9999999999993179,2.7797181606292725
8.6999999999999353,125.0999999999993122,2.1666047573089600
8.6999999999999353,125.1999999999993065,1.4614905118942261
8.6999999999999353,125.2999999999993008,0.9861869812011719
8.6999999999999353,125.3999999999992951,1.4280632734298706
8.6999999999999353,125.4999999999992895,1.5171321630477905
8.6999999999999353,125.5999999999992838,1.4035820960998535
8.6999999999999353,125.6999999999992781,1.8094471693038940
8.6999999999999353,125.7999999999992724,2.1563339233398438
8.6999999999999353,125.8999999999992667,2.5653333663940430
8.6999999999999353,125.9999999999992610,2.8948328495025635
8.6999999999999353,126.0999999999992554,3.4911351203918457
8.5999999999999357,117.3999999999997499,6.8727211952209473
8.5999999999999357,117.4999999999997442,7.5641870498657227
8.5999999999999357,123.3999999999994088,6.6068730354309082
8.5999999999999357,123.4999999999994031,5.4371175765991211
8.5999999999999357,123.5999999999993975,5.2314963340759277
8.5999999999999357,123.6999999999993918,5.5086340904235840
8.5999999999999357,124.7999999999993292,3.9723534584045410
8.5999999999999357,124.8999999999993236,3.7887663841247559
8.5999999999999357,124.9999999999993179,3.0731375217437744
8.5999999999999357,125.0999999999993122,2.2684428691864014
8.5999999999999357,125.1999999999993065,1.8125239610671997
8.5999999999999357,125.2999999999993008,1.1187216043472290
8.5999999999999357,125.3999999999992951,1.4498006105422974
8.5999999999999357,125.4999999999992895,1.5139050483703613
8.5999999999999357,125.5999999999992838,1.4411194324493408
8.5999999999999357,125.6999999999992781,1.9191391468048096
8.5999999999999357,125.7999999999992724,2.2775793075561523
8.5999999999999357,125.8999999999992667,2.8090229034423828
8.5999999999999357,125.9999999999992610,3.3509881496429443
8.5999999999999357,126.0999999999992554,3.6199791431427002
8.4999999999999361,117.1999999999997613,8.4661350250244141
8.4999999999999361,117.2999999999997556,7.3884339332580566
8.4999999999999361,117.3999999999997499,6.9658899307250977
8.4999999999999361,123.0999999999994259,9.1644182205200195
8.4999999999999361,123.2999999999994145,5.9672112464904785
8.4999999999999361,123.3999999999994088,4.9821443557739258
8.4999999999999361,123.4999999999994031,3.7683784961700439
8.4999999999999361,123.5999999999993975,3.5918538570404053
8.4999999999999361,123.6999999999993918,3.9923987388610840
8.4999999999999361,123.7999999999993861,4.5791649818420410
8.4999999999999361,124.2999999999993577,5.1546058654785156
8.4999999999999361,124.3999999999993520,4.8431348800659180
8.4999999999999361,124.4999999999993463,3.7854366302490234
8.4999999999999361,124.6999999999993349,3.4477639198303223
8.4999999999999361,124.7999999999993292,3.7519443035125732
8.4999999999999361,124.8999999999993236,3.6699974536895752
8.4999999999999361,124.9999999999993179,2.7903943061828613
8.4999999999999361,125.0999999999993122,2.1188895702362061
8.4999999999999361,125.1999999999993065,1.7214733362197876
8.4999999999999361,125.2999999999993008,1.2070831060409546
8.4999999999999361,125.3999999999992951,1.1168150901794434
8.4999999999999361,125.4999999999992895,1.2266207933425903
8.4999999999999361,125.5999999999992838,1.5329916477203369
8.4999999999999361,125.6999999999992781,2.1021323204040527
8.4999999999999361,125.7999999999992724,2.5952243804931641
8.4999999999999361,125.8999999999992667,3.1699216365814209
8.4999999999999361,125.9999999999992610,3.4487872123718262
8.4999999999999361,126.0999999999992554,3.3831613063812256
8.4999999999999361,126.1999999999992497,3.7861003875732422
8.4999999999999361,126.2999999999992440,4.1392250061035156
8.3999999999999364,123.0999999999994259,7.6462039947509766
8.3999999999999364,123.1999999999994202,6.1528091430664062
8.3999999999999364,123.2999999999994145,4.9652152061462402
8.3999999999999364,123.3999999999994088,3.6617534160614014
8.3999999999999364,123.4999999999994031,3.2084751129150391
8.3999999999999364,123.5999999999993975,3.3610179424285889
8.3999999999999364,123.6999999999993918,3.8769066333770752
8.3999999999999364,123.7999999999993861,4.4658112525939941
8.3999999999999364,124.2999999999993577,4.7698163986206055
8.3999999999999364,124.3999999999993520,4.0343413352966309
8.3999999999999364,124.4999999999993463,3.4655416011810303
8.3999999999999364,124.5999999999993406,2.9866683483123779
8.3999999999999364,124.6999999999993349,3.1671068668365479
8.3999999999999364,124.7999999999993292,3.4119834899902344
8.3999999999999364,124.8999999999993236,3.2476124763488770
8.3999999999999364,124.9999999999993179,2.3518650531768799
8.3999999999999364,125.0999999999993122,1.7929778099060059
8.3999999999999364,125.1999999999993065,1.4130579233169556
8.3999999999999364,125.2999999999993008,1.2211289405822754
8.3999999999999364,125.3999999999992951,1.1024314165115356
8.3999999999999364,125.4999999999992895,1.4940342903137207
8.3999999999999364,125.5999999999992838,1.9506781101226807
8.3999999999999364,125.6999999999992781,2.4923856258392334
8.3999999999999364,125.7999999999992724,3.0682251453399658
8.3999999999999364,125.8999999999992667,3.3973689079284668
8.3999999999999364,125.9999999999992610,3.5453059673309326
8.3999999999999364,126.0999999999992554,3.3520278930664062
8.3999999999999364,126.1999999999992497,3.4595618247985840
8.3999999999999364,126.2999999999992440,3.7767436504364014
8.2999999999999368,117.2999999999997556,10.1325006484985352
8.2999999999999368,122.9999999999994316,6.9130063056945801
8.2999999999999368,123.0999999999994259,5.8177323341369629
8.2999999999999368,123.1999999999994202,4.4385881423950195
8.2999999999999368,123.2999999999994145,3.6002418994903564
8.2999999999999368,123.3999999999994088,3.2917804718017578
8.2999999999999368,123.4999999999994031,3.3028900623321533
8.2999999999999368,123.5999999999993975,3.6526560783386230
8.2999999999999368,123.6999999999993918,4.1366009712219238
8.2999999999999368,123.7999999999993861,4.6751923561096191
8.2999999999999368,124.2999999999993577,4.3857192993164062
8.2999999999999368,124.3999999999993520,3.5871784687042236
8.2999999999999368,124.4999999999993463,3.0089163780212402
8.2999999999999368,124.5999999999993406,2.6254982948303223
8.2999999999999368,124.6999999999993349,2.7699360847473145
8.2999999999999368,124.7999999999993292,3.0061166286468506
8.2999999999999368,124.8999999999993236,2.9188158512115479
8.2999999999999368,124.9999999999993179,1.9583095312118530
8.2999999999999368,125.0999999999993122,1.6322573423385620
8.2999999999999368,125.1999999999993065,1.5096801519393921
8.2999999999999368,125.2999999999993008,1.6637828350067139
8.2999999999999368,125.3999999999992951,1.9021847248077393
8.2999999999999368,125.4999999999992895,2.2863450050354004
8.2999999999999368,125.5999999999992838,2.7288830280303955
8.2999999999999368,125.6999999999992781,3.1483368873596191
8.2999999999999368,125.7999999999992724,3.3669369220733643
8.2999999999999368,125.8999999999992667,3.4818038940429688
8.2999999999999368,125.9999999999992610,3.5909709930419922
8.2999999999999368,126.0999999999992554,3.4255206584930420
8.2999999999999368,126.1999999999992497,3.3723421096801758
8.2999999999999368,126.2999999999992440,3.3657085895538330
8.1999999999999371,122.9999999999994316,6.0492825508117676
8.1999999999999371,123.0999999999994259,4.6313638687133789
8.1999999999999371,123.1999999999994202,3.9435164928436279
8.1999999999999371,123.2999999999994145,3.5126514434814453
8.1999999999999371,123.3999999999994088,3.3458323478698730
8.1999999999999371,123.4999999999994031,3.3070440292358398
8.1999999999999371,123.5999999999993975,3.4408516883850098
8.1999999999999371,123.6999999999993918,3.7257633209228516
8.1999999999999371,123.7999999999993861,4.2832436561584473
8.1999999999999371,124.0999999999993690,5.6682586669921875
8.1999999999999371,124.1999999999993634,5.1812944412231445
8.1999999999999371,124.2999999999993577,4.4913110733032227
8.1999999999999371,124.3999999999993520,3.5610196590423584
8.1999999999999371,124.4999999999993463,2.8577835559844971
8.1999999999999371,124.5999999999993406,2.5121192932128906
8.1999999999999371,124.6999999999993349,2.2621576786041260
8.1999999999999371,124.7999999999993292,2.3524663448333740
8.1999999999999371,124.8999999999993236,2.2422628402709961
8.1999999999999371,124.9999999999993179,1.6381942033767700
8.1999999999999371,125.0999999999993122,1.6654378175735474
8.1999999999999371,125.1999999999993065,2.0146210193634033
8.1999999999999371,125.2999999999993008,2.3790736198425293
8.1999999999999371,125.3999999999992951,2.5787482261657715
8.1999999999999371,125.4999999999992895,2.9224679470062256
8.1999999999999371,125.5999999999992838,3.3448860645294189
8.1999999999999371,125.6999999999992781,3.4652287960052490
8.1999999999999371,125.7999999999992724,3.4805552959442139
8.1999999999999371,125.8999999999992667,3.5867345333099365
8.1999999999999371,125.9999999999992610,3.7084381580352783
8.1999999999999371,126.0999999999992554,3.5334818363189697
8.1999999999999371,126.1999999999992497,3.1972215175628662
8.1999999999999371,126.2999999999992440,2.8501026630401611
8.1999999999999371,126.3999999999992383,3.0401611328125000
8.0999999999999375,116.9999999999997726,11.0884656906127930
8.0999999999999375,122.7999999999994429,5.1906442642211914
8.0999999999999375,122.8999999999994373,4.8623704910278320
8.0999999999999375,122.9999999999994316,4.3072242736816406
8.0999999999999375,123.0999999999994259,4.1454520225524902
8.0999999999999375,123.1999999999994202,3.7546348571777344
8.0999999999999375,123.2999999999994145,3.4920575618743896
8.0999999999999375,123.3999999999994088,3.4633541107177734
8.0999999999999375,123.4999999999994031,3.4427785873413086
8.0999999999999375,123.5999999999993975,3.3770096302032471
8.0999999999999375,123.6999999999993918,3.6521461009979248
8.0999999999999375,123.7999999999993861,4.1624097824096680
8.0999999999999375,123.9999999999993747,5.0655770301818848
8.0999999999999375,124.0999999999993690,5.2164235115051270
8.0999999999999375,124.1999999999993634,5.2582378387451172
8.0999999999999375,124.2999999999993577,4.7151665687561035
8.0999999999999375,124.3999999999993520,3.8096840381622314
8.0999999999999375,124.4999999999993463,3.3470678329467773
8.0999999999999375,124.5999999999993406,2.9339010715484619
8.0999999999999375,124.6999999999993349,2.4112715721130371
8.0999999999999375,124.7999999999993292,2.0105807781219482
8.0999999999999375,124.8999999999993236,1.8607406616210938
8.0999999999999375,124.9999999999993179,1.8721072673797607
8.0999999999999375,125.0999999999993122,2.3064880371093750
8.0999999999999375,125.1999999999993065,2.6006884574890137
8.0999999999999375,125.2999999999993008,2.8216891288757324
8.0999999999999375,125.3999999999992951,3.2033023834228516
8.0999999999999375,125.4999999999992895,3.4643907546997070
8.0999999999999375,125.5999999999992838,3.5746383666992188
8.0999999999999375,125.6999999999992781,3.5706493854522705
8.0999999999999375,125.7999999999992724,3.5713422298431396
8.0999999999999375,125.8999999999992667,3.6281778812408447
8.0999999999999375,125.9999999999992610,3.7345032691955566
8.0999999999999375,126.0999999999992554,3.5170257091522217
8.0999999999999375,126.1999999999992497,2.8380370140075684
8.0999999999999375,126.2999999999992440,2.3187611103057861
8.0999999999999375,126.3999999999992383,2.9340708255767822
7.9999999999999378,116.9999999999997726,11.2131633758544922
7.9999999999999378,122.2999999999994714,5.8419299125671387
7.9999999999999378,122.3999999999994657,4.9846763610839844
7.9999999999999378,122.4999999999994600,4.4657640457153320
7.9999999999999378,122.5999999999994543,4.4219064712524414
7.9999999999999378,122.6999999999994486,4.3647761344909668
7.9999999999999378,122.7999999999994429,4.2735843658447266
7.9999999999999378,122.8999999999994373,4.2420229911804199
7.9999999999999378,122.9999999999994316,3.7894022464752197
7.9999999999999378,123.0999999999994259,3.7279677391052246
7.9999999999999378,123.1999999999994202,3.8325045108795166
7.9999999999999378,123.2999999999994145,3.8779282569885254
7.9999999999999378,123.3999999999994088,3.8585669994354248
7.9999999999999378,123.4999999999994031,3.9541974067687988
7.9999999999999378,123.5999999999993975,3.9184112548828125
7.9999999999999378,123.6999999999993918,3.9141054153442383
7.9999999999999378,123.7999999999993861,3.8891501426696777
7.9999999999999378,123.8999999999993804,4.2337026596069336
7.9999999999999378,123.9999999999993747,4.5663471221923828
7.9999999999999378,124.0999999999993690,4.7331933975219727
7.9999999999999378,124.1999999999993634,4.8061666488647461
7.9999999999999378,124.2999999999993577,4.7734231948852539
7.9999999999999378,124.3999999999993520,4.3969292640686035
7.9999999999999378,124.4999999999993463,3.9983484745025635
7.9999999999999378,124.5999999999993406,3.5820274353027344
7.9999999999999378,124.6999999999993349,3.0280992984771729
7.9999999999999378,124.7999999999993292,2.4657061100006104
7.9999999999999378,124.8999999999993236,2.2735679149627686
7.9999999999999378,124.9999999999993179,2.5682885646820068
7.9999999999999378,125.0999999999993122,2.9667930603027344
7.9999999999999378,125.1999999999993065,3.2414059638977051
7.9999999999999378,125.2999999999993008,3.3281517028808594
7.9999999999999378,125.3999999999992951,3.6903750896453857
7.9999999999999378,125.4999999999992895,3.7399752140045166
7.9999999999999378,125.5999999999992838,3.6205356121063232
7.9999999999999378,125.6999999999992781,3.6102623939514160
7.9999999999999378,125.7999999999992724,3.6097838878631592
7.9999999999999378,125.8999999999992667,3.6482782363891602
7.9999999999999378,125.9999999999992610,3.6224753856658936
7.9999999999999378,126.0999999999992554,3.0496490001678467
7.9999999999999378,126.1999999999992497,2.3720171451568604
7.9999999999999378,126.2999999999992440,1.7503119707107544
7.8999999999999382,116.9999999999997726,11.2869215011596680
7.8999999999999382,122.2999999999994714,5.3497915267944336
7.8999999999999382,122.3999999999994657,4.3331375122070312
7.8999999999999382,122.4999999999994600,4.1256070137023926
7.8999999999999382,122.5999999999994543,4.8388996124267578
7.8999999999999382,122.6999999999994486,4.4852838516235352
7.8999999999999382,122.7999999999994429,4.1588029861450195
7.8999999999999382,122.8999999999994373,4.0705265998840332
7.8999999999999382,122.9999999999994316,3.6338770389556885
7.8999999999999382,123.0999999999994259,3.6160566806793213
7.8999999999999382,123.1999999999994202,4.1007285118103027
7.8999999999999382,123.2999999999994145,4.9373078346252441
7.8999999999999382,123.3999999999994088,5.1169133186340332
7.8999999999999382,123.4999999999994031,4.9509778022766113
7.8999999999999382,123.5999999999993975,4.9652428627014160
7.8999999999999382,123.6999999999993918,5.0869755744934082
7.8999999999999382,123.7999999999993861,4.4555177688598633
7.8999999999999382,123.8999999999993804,3.8535985946655273
7.8999999999999382,123.9999999999993747,4.1689639091491699
7.8999999999999382,124.0999999999993690,4.3283333778381348
7.8999999999999382,124.1999999999993634,4.2961149215698242
7.8999999999999382,124.2999999999993577,4.0032005310058594
7.8999999999999382,124.3999999999993520,4.1284055709838867
7.8999999999999382,124.4999999999993463,3.8819932937622070
7.8999999999999382,124.5999999999993406,3.5648424625396729
7.8999999999999382,124.6999999999993349,3.0581326484680176
7.8999999999999382,124.7999999999993292,2.6901669502258301
7.8999999999999382,124.8999999999993236,2.7825791835784912
7.8999999999999382,124.9999999999993179,2.9138765335083008
7.8999999999999382,125.0999999999993122,3.1981961727142334
7.8999999999999382,125.1999999999993065,3.4606676101684570
7.8999999999999382,125.2999999999993008,3.6262376308441162
7.8999999999999382,125.3999999999992951,3.7176718711853027
7.8999999999999382,125.4999999999992895,3.5952794551849365
7.8999999999999382,125.5999999999992838,3.5661101341247559
7.8999999999999382,125.6999999999992781,3.5388948917388916
7.8999999999999382,125.7999999999992724,3.4628362655639648
7.8999999999999382,125.8999999999992667,3.5023336410522461
7.8999999999999382,125.9999999999992610,3.5790405273437500
7.8999999999999382,126.0999999999992554,2.5096688270568848
7.8999999999999382,126.1999999999992497,1.7852331399917603
7.8999999999999382,126.2999999999992440,1.3008730411529541
7.7999999999999385,122.0999999999994827,7.6942572593688965
7.7999999999999385,122.1999999999994770,6.2460298538208008
7.7999999999999385,122.2999999999994714,4.8385572433471680
7.7999999999999385,122.3999999999994657,3.9563710689544678
7.7999999999999385,122.4999999999994600,4.4641547203063965
7.7999999999999385,122.5999999999994543,5.5410342216491699
7.7999999999999385,122.6999999999994486,5.0447030067443848
7.7999999999999385,122.7999999999994429,4.2891397476196289
7.7999999999999385,122.8999999999994373,4.0365161895751953
7.7999999999999385,122.9999999999994316,3.7172753810882568
7.7999999999999385,123.0999999999994259,3.8043320178985596
7.7999999999999385,123.1999999999994202,4.2983989715576172
7.7999999999999385,123.2999999999994145,5.4316205978393555
7.7999999999999385,123.3999999999994088,6.5206007957458496
7.7999999999999385,123.6999999999993918,5.9975252151489258
7.7999999999999385,123.7999999999993861,5.6636886596679688
7.7999999999999385,123.8999999999993804,4.4149241447448730
7.7999999999999385,123.9999999999993747,3.8952805995941162
7.7999999999999385,124.0999999999993690,3.8220732212066650
7.7999999999999385,124.1999999999993634,3.6622943878173828
7.7999999999999385,124.2999999999993577,3.6762776374816895
7.7999999999999385,124.3999999999993520,3.8032538890838623
7.7999999999999385,124.4999999999993463,3.8952846527099609
7.7999999999999385,124.5999999999993406,3.7347095012664795
7.7999999999999385,124.6999999999993349,3.4110705852508545
7.7999999999999385,124.7999999999993292,3.2447214126586914
7.7999999999999385,124.8999999999993236,3.3115012645721436
7.7999999999999385,124.9999999999993179,3.3744595050811768
7.7999999999999385,125.0999999999993122,3.4724409580230713
7.7999999999999385,125.1999999999993065,3.7183096408843994
7.7999999999999385,125.2999999999993008,3.6425356864929199
7.7999999999999385,125.3999999999992951,3.6469264030456543
7.7999999999999385,125.4999999999992895,3.4432399272918701
7.7999999999999385,125.5999999999992838,3.3710999488830566
7.7999999999999385,125.6999999999992781,3.4912497997283936
7.7999999999999385,125.7999999999992724,3.3528912067413330
7.7999999999999385,125.8999999999992667,3.3997926712036133
7.7999999999999385,125.9999999999992610,3.5006494522094727
7.7999999999999385,126.0999999999992554,2.4618432521820068
7.7999999999999385,126.1999999999992497,1.3856059312820435
7.7999999999999385,126.2999999999992440,1.2091655731201172
7.7999999999999385,126.3999999999992383,2.3198573589324951
7.6999999999999389,122.1999999999994770,6.0059747695922852
7.6999999999999389,122.2999999999994714,4.3440599441528320
7.6999999999999389,122.3999999999994657,4.0686702728271484
7.6999999999999389,122.4999999999994600,4.7022943496704102
7.6999999999999389,122.8999999999994373,4.2515339851379395
7.6999999999999389,122.9999999999994316,4.2503418922424316
7.6999999999999389,123.0999999999994259,4.2982339859008789
7.6999999999999389,123.1999999999994202,4.7773041725158691
7.6999999999999389,123.2999999999994145,5.8402481079101562
7.6999999999999389,123.3999999999994088,7.4569087028503418
7.6999999999999389,123.4999999999994031,8.3034200668334961
7.6999999999999389,123.8999999999993804,4.9377560615539551
7.6999999999999389,123.9999999999993747,4.0914564132690430
7.6999999999999389,124.0999999999993690,3.4018604755401611
7.6999999999999389,124.1999999999993634,3.3941800594329834
7.6999999999999389,124.2999999999993577,3.4329297542572021
7.6999999999999389,124.3999999999993520,3.5799424648284912
7.6999999999999389,124.4999999999993463,3.7433223724365234
7.6999999999999389,124.5999999999993406,3.8540170192718506
7.6999999999999389,124.6999999999993349,3.7668666839599609
7.6999999999999389,124.7999999999993292,3.6374590396881104
7.6999999999999389,124.8999999999993236,3.5990512371063232
7.6999999999999389,124.9999999999993179,3.6749935150146484
7.6999999999999389,125.0999999999993122,3.7271826267242432
7.6999999999999389,125.1999999999993065,3.6461827754974365
7.6999999999999389,125.2999999999993008,3.4817390441894531
7.6999999999999389,125.3999999999992951,3.4366803169250488
7.6999999999999389,125.4999999999992895,3.2286100387573242
7.6999999999999389,125.5999999999992838,3.0526309013366699
7.6999999999999389,125.6999999999992781,3.3400683403015137
7.6999999999999389,125.7999999999992724,3.2185289859771729
7.6999999999999389,125.8999999999992667,3.2282478809356689
7.6999999999999389,125.9999999999992610,3.5520048141479492
7.6999999999999389,126.0999999999992554,2.3196198940277100
7.6999999999999389,126.1999999999992497,1.2617727518081665
7.6999999999999389,126.2999999999992440,1.1917747259140015
7.6999999999999389,126.3999999999992383,1.9294046163558960
7.6999999999999389,126.4999999999992326,4.0798754692077637
7.5999999999999392,122.1999999999994770,5.3571677207946777
7.5999999999999392,122.2999999999994714,4.2803702354431152
7.5999999999999392,122.3999999999994657,4.3091320991516113
7.5999999999999392,122.8999999999994373,4.7116193771362305
7.5999999999999392,122.9999999999994316,4.8226518630981445
7.5999999999999392,123.1999999999994202,5.5606579780578613
7.5999999999999392,123.2999999999994145,6.9328932762145996
7.5999999999999392,123.3999999999994088,7.8559951782226562
7.5999999999999392,124.0999999999993690,3.7353007793426514
7.5999999999999392,124.1999999999993634,3.3548140525817871
7.5999999999999392,124.2999999999993577,3.3949973583221436
7.5999999999999392,124.3999999999993520,3.5616946220397949
7.5999999999999392,124.4999999999993463,3.6586077213287354
7.5999999999999392,124.5999999999993406,3.6448266506195068
7.5999999999999392,124.6999999999993349,3.7064728736877441
7.5999999999999392,124.7999999999993292,3.6529235839843750
7.5999999999999392,124.8999999999993236,3.5681712627410889
7.5999999999999392,124.9999999999993179,3.5697937011718750
7.5999999999999392,125.0999999999993122,3.5316047668457031
7.5999999999999392,125.1999999999993065,3.3715224266052246
7.5999999999999392,125.2999999999993008,3.0834152698516846
7.5999999999999392,125.3999999999992951,2.9958043098449707
7.5999999999999392,125.4999999999992895,2.8044643402099609
7.5999999999999392,125.5999999999992838,2.8285176753997803
7.5999999999999392,125.6999999999992781,3.3344423770904541
7.5999999999999392,125.7999999999992724,3.0724086761474609
7.5999999999999392,125.8999999999992667,2.8867611885070801
7.5999999999999392,125.9999999999992610,2.9297590255737305
7.5999999999999392,126.0999999999992554,1.9186336994171143
7.5999999999999392,126.1999999999992497,1.0767554044723511
7.5999999999999392,126.2999999999992440,0.9315171241760254
7.5999999999999392,126.3999999999992383,1.3638843297958374
7.5999999999999392,126.4999999999992326,3.1336646080017090
7.4999999999999396,122.0999999999994827,6.3265628814697266
7.4999999999999396,122.1999999999994770,5.2761263847351074
7.4999999999999396,122.2999999999994714,4.3843150138854980
7.4999999999999396,123.2999999999994145,7.5880055427551270
7.4999999999999396,123.3999999999994088,8.0935459136962891
7.4999999999999396,124.1999999999993634,3.7437648773193359
7.4999999999999396,124.2999999999993577,3.4577393531799316
7.4999999999999396,124.3999999999993520,3.5704040527343750
7.4999999999999396,124.4999999999993463,3.5693264007568359
7.4999999999999396,124.5999999999993406,3.5656950473785400
7.4999999999999396,124.6999999999993349,3.5635042190551758
7.4999999999999396,124.7999999999993292,3.6092059612274170
7.4999999999999396,124.8999999999993236,3.5929212570190430
7.4999999999999396,124.9999999999993179,3.4637243747711182
7.4999999999999396,125.0999999999993122,3.3606326580047607
7.4999999999999396,125.1999999999993065,3.1951577663421631
7.4999999999999396,125.2999999999993008,2.8546476364135742
7.4999999999999396,125.3999999999992951,2.6950676441192627
7.4999999999999396,125.4999999999992895,2.5493390560150146
7.4999999999999396,125.5999999999992838,2.8703360557556152
7.4999999999999396,125.6999999999992781,3.5093722343444824
7.4999999999999396,125.7999999999992724,3.1092031002044678
7.4999999999999396,125.8999999999992667,2.7423663139343262
7.4999999999999396,125.9999999999992610,2.7907431125640869
7.4999999999999396,126.0999999999992554,1.9578597545623779
7.4999999999999396,126.1999999999992497,1.2737274169921875
7.4999999999999396,126.2999999999992440,0.8402112722396851
7.4999999999999396,126.3999999999992383,1.4864981174468994
7.4999999999999396,126.4999999999992326,2.8366789817810059
7.4999999999999396,126.5999999999992269,4.3611316680908203
7.3999999999999400,122.0999999999994827,6.0872926712036133
7.3999999999999400,122.1999999999994770,5.4743723869323730
7.3999999999999400,122.2999999999994714,4.6257166862487793
7.3999999999999400,122.7999999999994429,6.5635037422180176
7.3999999999999400,123.3999999999994088,8.1699895858764648
7.3999999999999400,124.1999999999993634,4.1838254928588867
7.3999999999999400,124.2999999999993577,3.6418790817260742
7.3999999999999400,124.3999999999993520,3.5098118782043457
7.3999999999999400,124.4999999999993463,3.5327448844909668
7.3999999999999400,124.5999999999993406,3.5391037464141846
7.3999999999999400,124.6999999999993349,3.4641594886779785
7.3999999999999400,124.7999999999993292,3.4409823417663574
7.3999999999999400,124.8999999999993236,3.4162812232971191
7.3999999999999400,124.9999999999993179,3.2709751129150391
7.3999999999999400,125.0999999999993122,3.1516113281250000
7.3999999999999400,125.1999999999993065,2.9433104991912842
7.3999999999999400,125.2999999999993008,2.6768913269042969
7.3999999999999400,125.3999999999992951,2.4078795909881592
7.3999999999999400,125.4999999999992895,2.3016965389251709
7.3999999999999400,125.5999999999992838,3.0602827072143555
7.3999999999999400,125.6999999999992781,3.9284763336181641
7.3999999999999400,125.7999999999992724,3.2232916355133057
7.3999999999999400,125.8999999999992667,2.6435611248016357
7.3999999999999400,125.9999999999992610,2.6608107089996338
7.3999999999999400,126.0999999999992554,2.4365489482879639
7.3999999999999400,126.1999999999992497,1.7923798561096191
7.3999999999999400,126.2999999999992440,1.2348794937133789
7.3999999999999400,126.3999999999992383,1.9192899465560913
7.3999999999999400,126.4999999999992326,3.2952976226806641
7.2999999999999403,116.8999999999997783,11.1056270599365234
7.2999999999999403,117.0999999999997669,11.3387260437011719
7.2999999999999403,117.1999999999997613,11.2198104858398438
7.2999999999999403,122.0999999999994827,5.4069314002990723
7.2999999999999403,122.1999999999994770,5.5818362236022949
7.2999999999999403,124.1999999999993634,4.1117076873779297
7.2999999999999403,124.2999999999993577,3.4943139553070068
7.2999999999999403,124.3999999999993520,3.4228806495666504
7.2999999999999403,124.4999999999993463,3.5045833587646484
7.2999999999999403,124.5999999999993406,3.5358161926269531
7.2999999999999403,124.6999999999993349,3.3833096027374268
7.2999999999999403,124.7999999999993292,3.2684655189514160
7.2999999999999403,124.8999999999993236,3.1816720962524414
7.2999999999999403,124.9999999999993179,3.0629315376281738
7.2999999999999403,125.0999999999993122,2.9718530178070068
7.2999999999999403,125.1999999999993065,2.8113050460815430
7.2999999999999403,125.2999999999993008,2.4848158359527588
7.2999999999999403,125.3999999999992951,1.9164729118347168
7.2999999999999403,125.4999999999992895,2.3271446228027344
7.2999999999999403,125.5999999999992838,3.4917104244232178
7.2999999999999403,125.6999999999992781,4.3127050399780273
7.2999999999999403,125.8999999999992667,2.7683591842651367
7.2999999999999403,125.9999999999992610,2.3457601070404053
7.2999999999999403,126.0999999999992554,2.7592151165008545
7.2999999999999403,126.1999999999992497,2.6144282817840576
7.2999999999999403,126.2999999999992440,2.0306627750396729
7.2999999999999403,126.3999999999992383,2.8186891078948975
7.2999999999999403,126.4999999999992326,4.3810954093933105
7.2999999999999403,126.5999999999992269,6.1329932212829590
7.1999999999999407,117.0999999999997669,11.5053720474243164
7.1999999999999407,117.1999999999997613,11.3374996185302734
7.1999999999999407,121.9999999999994884,5.2192506790161133
7.1999999999999407,122.0999999999994827,4.6645936965942383
7.1999999999999407,122.1999999999994770,4.9699096679687500
7.1999999999999407,124.1999999999993634,4.5041141510009766
7.1999999999999407,124.2999999999993577,3.8009781837463379
7.1999999999999407,124.3999999999993520,3.4807801246643066
7.1999999999999407,124.4999999999993463,3.4710400104522705
7.1999999999999407,124.5999999999993406,3.5630669593811035
7.1999999999999407,124.6999999999993349,3.3715748786926270
7.1999999999999407,124.7999999999993292,3.1759996414184570
7.1999999999999407,124.8999999999993236,3.0381417274475098
7.1999999999999407,124.9999999999993179,2.9342064857482910
7.1999999999999407,125.0999999999993122,2.8563303947448730
7.1999999999999407,125.1999999999993065,2.6494500637054443
7.1999999999999407,125.2999999999993008,1.9293388128280640
7.1999999999999407,125.3999999999992951,1.5945773124694824
7.1999999999999407,125.4999999999992895,2.5157146453857422
7.1999999999999407,125.5999999999992838,4.0036516189575195
7.1999999999999407,125.9999999999992610,2.2131049633026123
7.1999999999999407,126.0999999999992554,2.4484937191009521
7.1999999999999407,126.1999999999992497,2.8788831233978271
7.1999999999999407,126.2999999999992440,2.9440782070159912
7.1999999999999407,126.3999999999992383,4.3048777580261230
7.1999999999999407,126.4999999999992326,6.0388216972351074
7.0999999999999410,121.9999999999994884,5.2042975425720215
7.0999999999999410,122.0999999999994827,4.6190667152404785
7.0999999999999410,122.1999999999994770,4.7874841690063477
7.0999999999999410,124.0999999999993690,5.5427894592285156
7.0999999999999410,124.1999999999993634,4.5296096801757812
7.0999999999999410,124.2999999999993577,3.7241902351379395
7.0999999999999410,124.3999999999993520,3.3744466304779053
7.0999999999999410,124.4999999999993463,3.1922292709350586
7.0999999999999410,124.5999999999993406,3.2642815113067627
7.0999999999999410,124.6999999999993349,3.0624153614044189
7.0999999999999410,124.7999999999993292,2.8003654479980469
7.0999999999999410,124.8999999999993236,2.6100103855133057
7.0999999999999410,124.9999999999993179,2.5323944091796875
7.0999999999999410,125.0999999999993122,2.5642902851104736
7.0999999999999410,125.1999999999993065,2.4585227966308594
7.0999999999999410,125.2999999999993008,1.9694020748138428
7.0999999999999410,125.3999999999992951,1.6711586713790894
7.0999999999999410,125.4999999999992895,2.6232578754425049
7.0999999999999410,125.5999999999992838,4.0767817497253418
7.0999999999999410,125.6999999999992781,5.8176360130310059
7.0999999999999410,125.8999999999992667,3.0231368541717529
7.0999999999999410,125.9999999999992610,2.1728532314300537
7.0999999999999410,126.0999999999992554,2.1980388164520264
7.0999999999999410,126.1999999999992497,2.5929546356201172
7.0999999999999410,126.2999999999992440,3.4519255161285400
7.0999999999999410,126.3999999999992383,4.9953389167785645
6.9999999999999414,117.0999999999997669,9.7473573684692383
6.9999999999999414,121.9999999999994884,5.5567836761474609
6.9999999999999414,122.0999999999994827,5.1977515220642090
6.9999999999999414,122.1999999999994770,5.4967126846313477
6.9999999999999414,123.9999999999993747,5.3152666091918945
6.9999999999999414,124.0999999999993690,4.9266777038574219
6.9999999999999414,124.1999999999993634,4.3016152381896973
6.9999999999999414,124.2999999999993577,3.4845981597900391
6.9999999999999414,124.3999999999993520,3.0199077129364014
6.9999999999999414,124.4999999999993463,2.6546161174774170
6.9999999999999414,124.5999999999993406,2.6399409770965576
6.9999999999999414,124.6999999999993349,2.5587596893310547
6.9999999999999414,124.7999999999993292,2.3573491573333740
6.9999999999999414,124.8999999999993236,2.1185045242309570
6.9999999999999414,124.9999999999993179,2.0995719432830811
6.9999999999999414,125.0999999999993122,2.2226390838623047
6.9999999999999414,125.1999999999993065,2.2557153701782227
6.9999999999999414,125.2999999999993008,2.0757193565368652
6.9999999999999414,125.3999999999992951,1.8465663194656372
6.9999999999999414,125.4999999999992895,2.2295417785644531
6.9999999999999414,125.7999999999992724,5.5164661407470703
6.9999999999999414,125.9999999999992610,2.4263112545013428
6.9999999999999414,126.0999999999992554,2.6993632316589355
6.9999999999999414,126.1999999999992497,3.3345012664794922
6.9999999999999414,126.2999999999992440,4.2275471687316895
6.8999999999999417,116.6999999999997897,7.0441999435424805
6.8999999999999417,116.7999999999997840,7.5299329757690430
6.8999999999999417,117.0999999999997669,8.8177366256713867
6.8999999999999417,117.1999999999997613,8.9848012924194336
6.8999999999999417,122.0999999999994827,5.5900573730468750
6.8999999999999417,123.9999999999993747,4.9746913909912109
6.8999999999999417,124.0999999999993690,4.3676238059997559
6.8999999999999417,124.1999999999993634,3.8111200332641602
6.8999999999999417,124.2999999999993577,3.2117516994476318
6.8999999999999417,124.3999999999993520,2.3915760517120361
6.8999999999999417,124.4999999999993463,2.0531218051910400
6.8999999999999417,124.5999999999993406,2.1064188480377197
6.8999999999999417,124.6999999999993349,2.0277464389801025
6.8999999999999417,124.7999999999993292,1.9560095071792603
6.8999999999999417,124.8999999999993236,1.8546069860458374
6.8999999999999417,124.9999999999993179,1.8638983964920044
6.8999999999999417,125.0999999999993122,2.0001990795135498
6.8999999999999417,125.1999999999993065,1.9971246719360352
6.8999999999999417,125.2999999999993008,1.8441200256347656
6.8999999999999417,125.3999999999992951,2.0026178359985352
6.8999999999999417,126.0999999999992554,3.5818035602569580
6.8999999999999417,126.2999999999992440,5.0374708175659180
6.7999999999999421,124.0999999999993690,4.3955774307250977
6.7999999999999421,124.1999999999993634,3.7714025974273682
6.7999999999999421,124.2999999999993577,3.1613512039184570
6.7999999999999421,124.3999999999993520,2.0780272483825684
6.7999999999999421,124.4999999999993463,1.6704370975494385
6.7999999999999421,124.5999999999993406,1.6279040575027466
6.7999999999999421,124.6999999999993349,1.5519078969955444
6.7999999999999421,124.7999999999993292,1.5159336328506470
6.7999999999999421,124.8999999999993236,1.6369841098785400
6.7999999999999421,124.9999999999993179,1.7245270013809204
6.7999999999999421,125.0999999999993122,1.8716440200805664
6.7999999999999421,125.1999999999993065,1.9066114425659180
6.7999999999999421,125.2999999999993008,1.8805294036865234
6.7999999999999421,125.3999999999992951,1.9723408222198486
6.7999999999999421,126.0999999999992554,4.5636506080627441
6.7999999999999421,126.1999999999992497,5.1563816070556641
6.6999999999999424,121.9999999999994884,5.1300587654113770
6.6999999999999424,122.0999999999994827,4.9622831344604492
6.6999999999999424,124.0999999999993690,4.6780095100402832
6.6999999999999424,124.1999999999993634,3.9275066852569580
6.6999999999999424,124.2999999999993577,3.2073249816894531
6.6999999999999424,124.3999999999993520,2.1723520755767822
6.6999999999999424,124.4999999999993463,1.5379676818847656
6.6999999999999424,124.5999999999993406,1.2708469629287720
6.6999999999999424,124.6999999999993349,1.1477100849151611
6.6999999999999424,124.7999999999993292,1.3066408634185791
6.6999999999999424,124.8999999999993236,1.4895248413085938
6.6999999999999424,124.9999999999993179,1.5620018243789673
6.6999999999999424,125.0999999999993122,1.8503413200378418
6.6999999999999424,125.1999999999993065,2.0354280471801758
6.6999999999999424,125.2999999999993008,1.9820851087570190
6.6999999999999424,126.0999999999992554,5.0768246650695801
6.6999999999999424,126.1999999999992497,5.9060063362121582
6.5999999999999428,121.8999999999994941,6.1391420364379883
6.5999999999999428,121.9999999999994884,5.2340621948242188
6.5999999999999428,122.0999999999994827,4.9312367439270020
6.5999999999999428,122.1999999999994770,5.5456347465515137
6.5999999999999428,124.0999999999993690,4.9043231010437012
6.5999999999999428,124.1999999999993634,4.0012869834899902
6.5999999999999428,124.2999999999993577,3.2242369651794434
6.5999999999999428,124.3999999999993520,2.3024797439575195
6.5999999999999428,124.4999999999993463,1.5794028043746948
6.5999999999999428,124.5999999999993406,1.1160788536071777
6.5999999999999428,124.6999999999993349,0.9498750567436218
6.5999999999999428,124.7999999999993292,1.4620646238327026
6.5999999999999428,124.8999999999993236,1.6748239994049072
6.5999999999999428,124.9999999999993179,1.6712548732757568
6.5999999999999428,125.0999999999993122,1.9546147584915161
6.5999999999999428,125.1999999999993065,2.1443200111389160
6.5999999999999428,125.2999999999993008,2.0651407241821289
6.5999999999999428,126.0999999999992554,5.8978500366210938
6.5999999999999428,126.1999999999992497,6.4868545532226562
6.4999999999999432,121.9999999999994884,5.9822807312011719
6.4999999999999432,122.0999999999994827,5.7062058448791504
6.4999999999999432,122.1999999999994770,6.1249742507934570
6.4999999999999432,124.0999999999993690,4.6344861984252930
6.4999999999999432,124.1999999999993634,3.8260204792022705
6.4999999999999432,124.2999999999993577,2.9467012882232666
6.4999999999999432,124.3999999999993520,2.1332559585571289
6.4999999999999432,124.4999999999993463,1.5062309503555298
6.4999999999999432,124.5999999999993406,1.4601596593856812
6.4999999999999432,124.6999999999993349,1.0908490419387817
6.4999999999999432,124.7999999999993292,1.0752792358398438
6.4999999999999432,124.8999999999993236,1.3549774885177612
6.4999999999999432,124.9999999999993179,1.6047246456146240
6.4999999999999432,125.0999999999993122,1.9757733345031738
6.4999999999999432,125.1999999999993065,2.2051801681518555
6.4999999999999432,125.2999999999993008,2.1830346584320068
6.4999999999999432,125.3999999999992951,2.1787371635437012
6.4999999999999432,125.4999999999992895,1.9341053962707520
6.4999999999999432,125.5999999999992838,2.6635963916778564
6.4999999999999432,126.1999999999992497,6.4745721817016602
6.3999999999999435,121.9999999999994884,6.9437193870544434
6.3999999999999435,124.0999999999993690,4.2118248939514160
6.3999999999999435,124.1999999999993634,3.4580690860748291
6.3999999999999435,124.2999999999993577,2.6933178901672363
6.3999999999999435,124.3999999999993520,2.0764589309692383
6.3999999999999435,124.4999999999993463,2.0392150878906250
6.3999999999999435,124.5999999999993406,2.0161454677581787
6.3999999999999435,124.6999999999993349,1.5638307332992554
6.3999999999999435,124.7999999999993292,1.1458359956741333
6.3999999999999435,124.8999999999993236,1.2397540807723999
6.3999999999999435,124.9999999999993179,1.6302120685577393
6.3999999999999435,125.0999999999993122,2.0495698451995850
6.3999999999999435,125.1999999999993065,2.3172895908355713
6.3999999999999435,125.2999999999993008,2.5047163963317871
6.3999999999999435,125.3999999999992951,2.5408093929290771
6.3999999999999435,125.4999999999992895,2.4257731437683105
6.2999999999999439,120.5999999999995680,8.3734207153320312
6.2999999999999439,124.1999999999993634,2.9788100719451904
6.2999999999999439,124.2999999999993577,2.4562721252441406
6.2999999999999439,124.3999999999993520,2.3551204204559326
6.2999999999999439,124.4999999999993463,2.4365315437316895
6.2999999999999439,124.5999999999993406,2.3682534694671631
6.2999999999999439,124.6999999999993349,1.8848482370376587
6.2999999999999439,124.7999999999993292,1.4223523139953613
6.2999999999999439,124.8999999999993236,1.3360050916671753
6.2999999999999439,124.9999999999993179,1.7426160573959351
6.2999999999999439,125.0999999999993122,2.2433602809906006
6.2999999999999439,125.1999999999993065,2.6273014545440674
6.2999999999999439,125.2999999999993008,2.8727779388427734
6.2999999999999439,125.3999999999992951,3.1377565860748291
6.2999999999999439,125.4999999999992895,3.4147129058837891
6.2999999999999439,125.5999999999992838,3.7019445896148682
6.1999999999999442,124.2999999999993577,2.0865859985351562
6.1999999999999442,124.3999999999993520,2.0776484012603760
6.1999999999999442,124.4999999999993463,2.2596678733825684
6.1999999999999442,124.5999999999993406,2.2414226531982422
6.1999999999999442,124.6999999999993349,1.7389261722564697
6.1999999999999442,124.7999999999993292,1.5275015830993652
6.1999999999999442,124.8999999999993236,1.6662343740463257
6.1999999999999442,124.9999999999993179,2.2107186317443848
6.1999999999999442,125.0999999999993122,2.6696691513061523
6.1999999999999442,125.1999999999993065,2.9536077976226807
6.1999999999999442,125.2999999999993008,3.1963541507720947
6.1999999999999442,125.3999999999992951,3.2786946296691895
6.1999999999999442,125.4999999999992895,3.9403381347656250
6.1999999999999442,125.5999999999992838,4.5228490829467773
6.1999999999999442,125.6999999999992781,4.4964456558227539
6.0999999999999446,120.9999999999995453,8.3986148834228516
6.0999999999999446,121.0999999999995396,8.5389900207519531
6.0999999999999446,124.4999999999993463,1.8817969560623169
6.0999999999999446,124.5999999999993406,1.9664247035980225
6.0999999999999446,124.6999999999993349,1.9088989496231079
6.0999999999999446,124.7999999999993292,1.9409286975860596
6.0999999999999446,124.8999999999993236,2.0973882675170898
6.0999999999999446,124.9999999999993179,2.7094707489013672
6.0999999999999446,125.0999999999993122,3.2858810424804688
6.0999999999999446,125.2999999999993008,3.3885045051574707
6.0999999999999446,125.3999999999992951,3.3698260784149170
6.0999999999999446,125.4999999999992895,4.0124006271362305
6.0999999999999446,125.5999999999992838,5.0872812271118164
6.0999999999999446,125.6999999999992781,6.0600490570068359
5.9999999999999449,120.8999999999995509,8.1802864074707031
5.9999999999999449,120.9999999999995453,8.3162288665771484
5.9999999999999449,121.0999999999995396,8.5019464492797852
5.9999999999999449,121.3999999999995225,8.5361499786376953
5.9999999999999449,124.5999999999993406,2.3435659408569336
5.9999999999999449,124.6999999999993349,2.5583124160766602
5.9999999999999449,124.7999999999993292,2.7536919116973877
5.9999999999999449,124.8999999999993236,2.8682708740234375
5.9999999999999449,124.9999999999993179,3.1871037483215332
5.9999999999999449,125.0999999999993122,3.8294167518615723
5.9999999999999449,125.3999999999992951,3.5024096965789795
5.9999999999999449,125.4999999999992895,4.0755476951599121
5.9999999999999449,125.5999999999992838,5.2254352569580078
5.8999999999999453,120.8999999999995509,8.1550464630126953
5.8999999999999453,124.7999999999993292,3.5270159244537354
5.8999999999999453,124.8999999999993236,4.1955995559692383
5.8999999999999453,124.9999999999993179,4.2807054519653320
5.8999999999999453,125.0999999999993122,4.2291808128356934
5.8999999999999453,125.1999999999993065,4.2598514556884766
5.8999999999999453,125.2999999999993008,3.6507577896118164
5.8999999999999453,125.3999999999992951,3.5784296989440918
5.8999999999999453,125.4999999999992895,4.1664958000183105
5.8999999999999453,125.5999999999992838,5.4369082450866699
5.7999999999999456,125.2999999999993008,4.2732815742492676
5.7999999999999456,125.3999999999992951,3.7692337036132812
5.7999999999999456,125.4999999999992895,4.2918066978454590
5.6999999999999460,125.2999999999993008,4.8096861839294434
5.6999999999999460,125.3999999999992951,4.5603604316711426
5.5999999999999464,125.2999999999993008,5.8475766181945801
5.5999999999999464,125.3999999999992951,5.6692004203796387
5.3999999999999471,118.8999999999996646,3.6030344963073730
5.3999999999999471,118.9999999999996589,4.2015557289123535
5.3999999999999471,119.0999999999996533,5.3852529525756836
5.3999999999999471,119.1999999999996476,6.1849803924560547
5.2999999999999474,118.8999999999996646,3.0284385681152344
5.2999999999999474,118.9999999999996589,3.6704776287078857
5.2999999999999474,119.0999999999996533,4.8491573333740234
5.2999999999999474,119.1999999999996476,5.7725954055786133
5.2999999999999474,120.1999999999995907,7.8531060218811035
5.1999999999999478,118.8999999999996646,3.1826989650726318
5.1999999999999478,118.9999999999996589,3.7589273452758789
5.1999999999999478,119.0999999999996533,4.7888836860656738
5.1999999999999478,119.1999999999996476,5.8203697204589844
5.1999999999999478,120.1999999999995907,7.9719681739807129
5.0999999999999481,118.8999999999996646,3.9332885742187500
5.0999999999999481,118.9999999999996589,4.5343799591064453
5.0999999999999481,119.7999999999996135,7.6870555877685547
5.0999999999999481,119.8999999999996078,7.8577470779418945
