latitude,longitude,max_wind_speed
19.3999999999999559,121.3999999999995225,4.2126169204711914
19.3999999999999559,121.4999999999995168,4.2638869285583496
18.8999999999999488,121.8999999999994941,5.2236952781677246
18.5999999999999446,120.7999999999995566,3.8984284400939941
18.5999999999999446,120.8999999999995509,3.9090514183044434
18.5999999999999446,121.0999999999995396,3.3114581108093262
18.5999999999999446,121.1999999999995339,3.4545319080352783
18.4999999999999432,120.6999999999995623,3.5101203918457031
18.4999999999999432,120.7999999999995566,3.0641379356384277
18.4999999999999432,120.8999999999995509,2.9468860626220703
18.4999999999999432,120.9999999999995453,2.7742271423339844
18.4999999999999432,121.0999999999995396,2.4893479347229004
18.4999999999999432,121.1999999999995339,2.4918849468231201
18.4999999999999432,121.2999999999995282,2.7775130271911621
18.4999999999999432,122.1999999999994770,5.2002768516540527
18.3999999999999417,120.5999999999995680,3.4765610694885254
18.3999999999999417,120.6999999999995623,2.9994125366210938
18.3999999999999417,120.7999999999995566,2.2944369316101074
18.3999999999999417,120.8999999999995509,1.9793689250946045
18.3999999999999417,120.9999999999995453,1.8887524604797363
18.3999999999999417,121.0999999999995396,1.7771732807159424
18.3999999999999417,121.1999999999995339,1.9551712274551392
18.3999999999999417,121.2999999999995282,2.2746906280517578
18.3999999999999417,121.3999999999995225,2.6283776760101318
18.3999999999999417,121.4999999999995168,2.9204511642456055
18.3999999999999417,121.5999999999995111,3.1198909282684326
18.3999999999999417,122.0999999999994827,4.4499030113220215
18.3999999999999417,122.1999999999994770,5.0586280822753906
18.3999999999999417,122.2999999999994714,5.6217145919799805
18.2999999999999403,120.6999999999995623,2.9042732715606689
18.2999999999999403,120.7999999999995566,1.9582499265670776
18.2999999999999403,120.8999999999995509,1.4383058547973633
18.2999999999999403,120.9999999999995453,1.3116904497146606
18.2999999999999403,121.0999999999995396,1.3479965925216675
18.2999999999999403,121.1999999999995339,1.6514173746109009
18.2999999999999403,121.2999999999995282,1.9404788017272949
18.2999999999999403,121.3999999999995225,2.2321999073028564
18.2999999999999403,121.4999999999995168,2.5002415180206299
18.2999999999999403,121.5999999999995111,2.6220271587371826
18.2999999999999403,121.6999999999995055,2.8752613067626953
18.2999999999999403,122.0999999999994827,3.5575120449066162
18.2999999999999403,122.1999999999994770,4.3013796806335449
18.2999999999999403,122.2999999999994714,4.8432855606079102
18.1999999999999389,120.4999999999995737,4.2703704833984375
18.1999999999999389,120.5999999999995680,3.7883536815643311
18.1999999999999389,120.6999999999995623,3.0481863021850586
18.1999999999999389,120.7999999999995566,2.0702774524688721
18.1999999999999389,120.8999999999995509,1.3879449367523193
18.1999999999999389,120.9999999999995453,1.0858186483383179
18.1999999999999389,121.0999999999995396,1.0023061037063599
18.1999999999999389,121.1999999999995339,1.4385772943496704
18.1999999999999389,121.2999999999995282,1.7367813587188721
18.1999999999999389,121.3999999999995225,1.9754998683929443
18.1999999999999389,121.4999999999995168,2.2180340290069580
18.1999999999999389,121.5999999999995111,2.1893889904022217
18.1999999999999389,121.6999999999995055,2.1552426815032959
18.1999999999999389,121.7999999999994998,2.2421066761016846
18.1999999999999389,121.8999999999994941,2.1775343418121338
18.1999999999999389,121.9999999999994884,2.2306444644927979
18.1999999999999389,122.0999999999994827,2.6375265121459961
18.1999999999999389,122.1999999999994770,3.4520359039306641
18.0999999999999375,120.4999999999995737,4.5079660415649414
18.0999999999999375,120.5999999999995680,3.9232547283172607
18.0999999999999375,120.6999999999995623,3.2314090728759766
18.0999999999999375,120.7999999999995566,2.3690857887268066
18.0999999999999375,120.8999999999995509,1.5688673257827759
18.0999999999999375,120.9999999999995453,1.0934513807296753
18.0999999999999375,121.0999999999995396,1.0690058469772339
18.0999999999999375,121.1999999999995339,1.3198778629302979
18.0999999999999375,121.2999999999995282,1.6364208459854126
18.0999999999999375,121.3999999999995225,1.8661048412322998
18.0999999999999375,121.4999999999995168,2.0183978080749512
18.0999999999999375,121.5999999999995111,1.9298212528228760
18.0999999999999375,121.6999999999995055,1.7778748273849487
18.0999999999999375,121.7999999999994998,1.7341521978378296
18.0999999999999375,121.8999999999994941,1.6354172229766846
18.0999999999999375,121.9999999999994884,1.7026554346084595
18.0999999999999375,122.0999999999994827,2.0894505977630615
18.0999999999999375,122.1999999999994770,2.6270873546600342
17.9999999999999361,120.5999999999995680,3.6690752506256104
17.9999999999999361,120.6999999999995623,2.9886460304260254
17.9999999999999361,120.7999999999995566,2.2916035652160645
17.9999999999999361,120.8999999999995509,1.6278241872787476
17.9999999999999361,120.9999999999995453,1.2195605039596558
17.9999999999999361,121.0999999999995396,1.1991989612579346
17.9999999999999361,121.1999999999995339,1.1661400794982910
17.9999999999999361,121.2999999999995282,1.4174582958221436
17.9999999999999361,121.3999999999995225,1.6869889497756958
17.9999999999999361,121.4999999999995168,1.9180018901824951
17.9999999999999361,121.5999999999995111,1.6858700513839722
17.9999999999999361,121.6999999999995055,1.5882296562194824
17.9999999999999361,121.7999999999994998,1.7012100219726562
17.9999999999999361,121.8999999999994941,1.5060544013977051
17.9999999999999361,121.9999999999994884,1.4680020809173584
17.9999999999999361,122.0999999999994827,1.7663172483444214
17.8999999999999346,120.4999999999995737,4.0781841278076172
17.8999999999999346,120.5999999999995680,3.4699954986572266
17.8999999999999346,120.6999999999995623,2.7624101638793945
17.8999999999999346,120.7999999999995566,2.2287347316741943
17.8999999999999346,120.8999999999995509,1.7216596603393555
17.8999999999999346,120.9999999999995453,1.3387367725372314
17.8999999999999346,121.0999999999995396,1.3314273357391357
17.8999999999999346,121.1999999999995339,1.3270581960678101
17.8999999999999346,121.2999999999995282,1.2028313875198364
17.8999999999999346,121.3999999999995225,1.5266437530517578
17.8999999999999346,121.4999999999995168,1.6922785043716431
17.8999999999999346,121.5999999999995111,1.4370417594909668
17.8999999999999346,121.6999999999995055,1.5501881837844849
17.8999999999999346,121.7999999999994998,1.6470617055892944
17.8999999999999346,121.8999999999994941,1.4413450956344604
17.8999999999999346,121.9999999999994884,1.2701631784439087
17.8999999999999346,122.0999999999994827,1.4757266044616699
17.7999999999999332,120.4999999999995737,3.8865230083465576
17.7999999999999332,120.5999999999995680,3.2724604606628418
17.7999999999999332,120.6999999999995623,2.5819406509399414
17.7999999999999332,120.7999999999995566,2.1111974716186523
17.7999999999999332,120.8999999999995509,1.7054380178451538
17.7999999999999332,120.9999999999995453,1.3256657123565674
17.7999999999999332,121.0999999999995396,1.3386511802673340
17.7999999999999332,121.1999999999995339,1.3250201940536499
17.7999999999999332,121.2999999999995282,1.0392376184463501
17.7999999999999332,121.3999999999995225,1.4120068550109863
17.7999999999999332,121.4999999999995168,1.6983796358108521
17.7999999999999332,121.5999999999995111,1.4415681362152100
17.7999999999999332,121.6999999999995055,1.5577203035354614
17.7999999999999332,121.7999999999994998,1.6198810338973999
17.7999999999999332,121.8999999999994941,1.3818241357803345
17.7999999999999332,121.9999999999994884,1.2506717443466187
17.7999999999999332,122.0999999999994827,1.4300789833068848
17.6999999999999318,120.3999999999995794,4.3276247978210449
17.6999999999999318,120.4999999999995737,3.6809122562408447
17.6999999999999318,120.5999999999995680,3.1021075248718262
17.6999999999999318,120.6999999999995623,2.5709464550018311
17.6999999999999318,120.7999999999995566,1.9738166332244873
17.6999999999999318,120.8999999999995509,1.6549856662750244
17.6999999999999318,120.9999999999995453,1.2166006565093994
17.6999999999999318,121.0999999999995396,1.1884894371032715
17.6999999999999318,121.1999999999995339,1.2480537891387939
17.6999999999999318,121.2999999999995282,1.0104926824569702
17.6999999999999318,121.3999999999995225,1.3304243087768555
17.6999999999999318,121.4999999999995168,1.5310389995574951
17.6999999999999318,121.5999999999995111,1.5890946388244629
17.6999999999999318,121.6999999999995055,1.6404235363006592
17.6999999999999318,121.7999999999994998,1.6456358432769775
17.6999999999999318,121.8999999999994941,1.3422627449035645
17.6999999999999318,121.9999999999994884,1.2848827838897705
17.6999999999999318,122.0999999999994827,1.4089986085891724
17.5999999999999304,120.3999999999995794,4.3355460166931152
17.5999999999999304,120.4999999999995737,3.4815075397491455
17.5999999999999304,120.5999999999995680,3.0257968902587891
17.5999999999999304,120.6999999999995623,2.6426568031311035
17.5999999999999304,120.7999999999995566,2.2219507694244385
17.5999999999999304,120.8999999999995509,1.9666738510131836
17.5999999999999304,120.9999999999995453,1.4302229881286621
17.5999999999999304,121.0999999999995396,1.0542304515838623
17.5999999999999304,121.1999999999995339,1.1006259918212891
17.5999999999999304,121.2999999999995282,1.1568207740783691
17.5999999999999304,121.3999999999995225,1.3075157403945923
17.5999999999999304,121.4999999999995168,1.7769749164581299
17.5999999999999304,121.5999999999995111,1.7488081455230713
17.5999999999999304,121.6999999999995055,1.7345985174179077
17.5999999999999304,121.7999999999994998,1.6603859663009644
17.5999999999999304,121.8999999999994941,1.3706709146499634
17.5999999999999304,121.9999999999994884,1.3149904012680054
17.5999999999999304,122.0999999999994827,1.4290293455123901
17.4999999999999289,120.4999999999995737,3.3260190486907959
17.4999999999999289,120.5999999999995680,2.9817614555358887
17.4999999999999289,120.6999999999995623,2.6744909286499023
17.4999999999999289,120.7999999999995566,2.2808859348297119
17.4999999999999289,120.8999999999995509,2.0425388813018799
17.4999999999999289,120.9999999999995453,1.4240071773529053
17.4999999999999289,121.0999999999995396,0.9834967851638794
17.4999999999999289,121.1999999999995339,1.2007728815078735
17.4999999999999289,121.2999999999995282,1.3319323062896729
17.4999999999999289,121.3999999999995225,1.4258768558502197
17.4999999999999289,121.4999999999995168,1.7131017446517944
17.4999999999999289,121.5999999999995111,1.7030527591705322
17.4999999999999289,121.6999999999995055,1.6540967226028442
17.4999999999999289,121.7999999999994998,1.6002554893493652
17.4999999999999289,121.8999999999994941,1.3078042268753052
17.4999999999999289,121.9999999999994884,1.2386308908462524
17.4999999999999289,122.0999999999994827,1.3069097995758057
17.3999999999999275,120.4999999999995737,3.3339734077453613
17.3999999999999275,120.5999999999995680,2.9338579177856445
17.3999999999999275,120.6999999999995623,2.5775010585784912
17.3999999999999275,120.7999999999995566,2.1785736083984375
17.3999999999999275,120.8999999999995509,1.8742922544479370
17.3999999999999275,120.9999999999995453,1.1924318075180054
17.3999999999999275,121.0999999999995396,0.9575543999671936
17.3999999999999275,121.1999999999995339,1.2377641201019287
17.3999999999999275,121.2999999999995282,1.5228301286697388
17.3999999999999275,121.3999999999995225,1.5472874641418457
17.3999999999999275,121.4999999999995168,1.7420145273208618
17.3999999999999275,121.5999999999995111,1.5193598270416260
17.3999999999999275,121.6999999999995055,1.4508326053619385
17.3999999999999275,121.7999999999994998,1.4261204004287720
17.3999999999999275,121.8999999999994941,1.1713087558746338
17.3999999999999275,121.9999999999994884,1.0900331735610962
17.3999999999999275,122.0999999999994827,1.1464929580688477
17.3999999999999275,122.1999999999994770,1.4074820280075073
17.2999999999999261,120.4999999999995737,3.2842993736267090
17.2999999999999261,120.5999999999995680,2.8587722778320312
17.2999999999999261,120.6999999999995623,2.4975461959838867
17.2999999999999261,120.7999999999995566,2.0703094005584717
17.2999999999999261,120.8999999999995509,1.7085512876510620
17.2999999999999261,120.9999999999995453,1.0209747552871704
17.2999999999999261,121.0999999999995396,0.9318448901176453
17.2999999999999261,121.1999999999995339,1.5237348079681396
17.2999999999999261,121.2999999999995282,1.6712099313735962
17.2999999999999261,121.3999999999995225,1.6247431039810181
17.2999999999999261,121.4999999999995168,1.6634665727615356
17.2999999999999261,121.5999999999995111,1.3215245008468628
17.2999999999999261,121.6999999999995055,1.2387182712554932
17.2999999999999261,121.7999999999994998,1.4322942495346069
17.2999999999999261,121.8999999999994941,1.1768825054168701
17.2999999999999261,121.9999999999994884,0.9866866469383240
17.2999999999999261,122.0999999999994827,0.9759070277214050
17.2999999999999261,122.1999999999994770,1.1915534734725952
17.2999999999999261,122.2999999999994714,1.4586139917373657
17.1999999999999247,120.4999999999995737,3.4223847389221191
17.1999999999999247,120.5999999999995680,2.5915808677673340
17.1999999999999247,120.6999999999995623,2.2439129352569580
17.1999999999999247,120.7999999999995566,1.8528063297271729
17.1999999999999247,120.8999999999995509,1.4706641435623169
17.1999999999999247,120.9999999999995453,0.9131473898887634
17.1999999999999247,121.0999999999995396,0.8742857575416565
17.1999999999999247,121.1999999999995339,1.3037377595901489
17.1999999999999247,121.2999999999995282,1.5493750572204590
17.1999999999999247,121.3999999999995225,1.4722352027893066
17.1999999999999247,121.4999999999995168,1.6279965639114380
17.1999999999999247,121.5999999999995111,1.3047283887863159
17.1999999999999247,121.6999999999995055,1.2270301580429077
17.1999999999999247,121.7999999999994998,1.2516313791275024
17.1999999999999247,121.8999999999994941,1.1565965414047241
17.1999999999999247,121.9999999999994884,0.9776620864868164
17.1999999999999247,122.0999999999994827,0.9879989624023438
17.1999999999999247,122.1999999999994770,1.0217943191528320
17.1999999999999247,122.2999999999994714,1.2358411550521851
17.1999999999999247,122.3999999999994657,1.5219745635986328
17.0999999999999233,120.4999999999995737,3.3630731105804443
17.0999999999999233,120.5999999999995680,2.6192471981048584
17.0999999999999233,120.6999999999995623,1.9440020322799683
17.0999999999999233,120.7999999999995566,1.6159631013870239
17.0999999999999233,120.8999999999995509,1.2852885723114014
17.0999999999999233,120.9999999999995453,0.8675951361656189
17.0999999999999233,121.0999999999995396,0.8524020314216614
17.0999999999999233,121.1999999999995339,1.4126980304718018
17.0999999999999233,121.2999999999995282,1.4358015060424805
17.0999999999999233,121.3999999999995225,1.3155444860458374
17.0999999999999233,121.4999999999995168,1.3877501487731934
17.0999999999999233,121.5999999999995111,1.3858060836791992
17.0999999999999233,121.6999999999995055,1.3271509408950806
17.0999999999999233,121.7999999999994998,1.3231158256530762
17.0999999999999233,121.8999999999994941,1.1814010143280029
17.0999999999999233,121.9999999999994884,1.1219670772552490
17.0999999999999233,122.0999999999994827,1.0046292543411255
17.0999999999999233,122.1999999999994770,0.9520213007926941
17.0999999999999233,122.2999999999994714,0.9951099157333374
17.0999999999999233,122.3999999999994657,1.6352231502532959
17.0999999999999233,122.4999999999994600,2.7821128368377686
16.9999999999999218,120.4999999999995737,3.4139213562011719
16.9999999999999218,120.5999999999995680,2.6278097629547119
16.9999999999999218,120.6999999999995623,1.9222395420074463
16.9999999999999218,120.7999999999995566,1.3980274200439453
16.9999999999999218,120.8999999999995509,1.2220784425735474
16.9999999999999218,120.9999999999995453,0.9826359152793884
16.9999999999999218,121.0999999999995396,1.0636428594589233
16.9999999999999218,121.1999999999995339,1.4623254537582397
16.9999999999999218,121.2999999999995282,1.4113949537277222
16.9999999999999218,121.3999999999995225,1.2707253694534302
16.9999999999999218,121.4999999999995168,1.4327917098999023
16.9999999999999218,121.5999999999995111,1.4389463663101196
16.9999999999999218,121.6999999999995055,1.4008237123489380
16.9999999999999218,121.7999999999994998,1.5563908815383911
16.9999999999999218,121.8999999999994941,1.3898707628250122
16.9999999999999218,121.9999999999994884,1.3295668363571167
16.9999999999999218,122.0999999999994827,1.1925327777862549
16.9999999999999218,122.1999999999994770,0.9176691770553589
16.9999999999999218,122.2999999999994714,0.8873876929283142
16.9999999999999218,122.3999999999994657,1.5212807655334473
16.8999999999999204,120.3999999999995794,3.5849804878234863
16.8999999999999204,120.4999999999995737,3.0741240978240967
16.8999999999999204,120.5999999999995680,2.4103288650512695
16.8999999999999204,120.6999999999995623,1.7669694423675537
16.8999999999999204,120.7999999999995566,1.1587010622024536
16.8999999999999204,120.8999999999995509,1.0325794219970703
16.8999999999999204,120.9999999999995453,0.8981867432594299
16.8999999999999204,121.0999999999995396,0.9099435806274414
16.8999999999999204,121.1999999999995339,1.3974652290344238
16.8999999999999204,121.2999999999995282,1.1923897266387939
16.8999999999999204,121.3999999999995225,1.1972841024398804
16.8999999999999204,121.4999999999995168,1.3083168268203735
16.8999999999999204,121.5999999999995111,1.3905376195907593
16.8999999999999204,121.6999999999995055,1.3633117675781250
16.8999999999999204,121.7999999999994998,1.6157793998718262
16.8999999999999204,121.8999999999994941,1.2627344131469727
16.8999999999999204,121.9999999999994884,1.1441601514816284
16.8999999999999204,122.0999999999994827,1.0514720678329468
16.8999999999999204,122.1999999999994770,0.8611906170845032
16.8999999999999204,122.2999999999994714,1.0936685800552368
16.8999999999999204,122.3999999999994657,1.9337091445922852
16.7999999999999190,120.3999999999995794,3.3521528244018555
16.7999999999999190,120.4999999999995737,2.6830463409423828
16.7999999999999190,120.5999999999995680,2.1708953380584717
16.7999999999999190,120.6999999999995623,1.5826451778411865
16.7999999999999190,120.7999999999995566,1.1716462373733521
16.7999999999999190,120.8999999999995509,0.9917472004890442
16.7999999999999190,120.9999999999995453,0.9378095865249634
16.7999999999999190,121.0999999999995396,0.9230913519859314
16.7999999999999190,121.1999999999995339,1.2395052909851074
16.7999999999999190,121.2999999999995282,1.1538625955581665
16.7999999999999190,121.3999999999995225,1.2456406354904175
16.7999999999999190,121.4999999999995168,1.4721751213073730
16.7999999999999190,121.5999999999995111,1.3688727617263794
16.7999999999999190,121.6999999999995055,1.3120776414871216
16.7999999999999190,121.7999999999994998,1.6264306306838989
16.7999999999999190,121.8999999999994941,1.2835245132446289
16.7999999999999190,121.9999999999994884,1.2007578611373901
16.7999999999999190,122.0999999999994827,1.0630877017974854
16.7999999999999190,122.1999999999994770,0.9947360157966614
16.7999999999999190,122.2999999999994714,1.5711679458618164
16.7999999999999190,122.3999999999994657,2.0701658725738525
16.6999999999999176,120.3999999999995794,3.3955376148223877
16.6999999999999176,120.4999999999995737,2.4667053222656250
16.6999999999999176,120.5999999999995680,1.9646775722503662
16.6999999999999176,120.6999999999995623,1.4645301103591919
16.6999999999999176,120.7999999999995566,1.2203441858291626
16.6999999999999176,120.8999999999995509,0.9840404987335205
16.6999999999999176,120.9999999999995453,0.9723724126815796
16.6999999999999176,121.0999999999995396,1.0057363510131836
16.6999999999999176,121.1999999999995339,1.3289914131164551
16.6999999999999176,121.2999999999995282,1.2166867256164551
16.6999999999999176,121.3999999999995225,1.2966940402984619
16.6999999999999176,121.4999999999995168,1.5488752126693726
16.6999999999999176,121.5999999999995111,1.4358029365539551
16.6999999999999176,121.6999999999995055,1.3143649101257324
16.6999999999999176,121.7999999999994998,1.5868729352951050
16.6999999999999176,121.8999999999994941,1.3361389636993408
16.6999999999999176,121.9999999999994884,1.2350845336914062
16.6999999999999176,122.0999999999994827,1.0590653419494629
16.6999999999999176,122.1999999999994770,1.4688899517059326
16.6999999999999176,122.2999999999994714,2.1809649467468262
16.5999999999999162,120.2999999999995850,4.6140704154968262
16.5999999999999162,120.3999999999995794,3.8387563228607178
16.5999999999999162,120.4999999999995737,2.6892974376678467
16.5999999999999162,120.5999999999995680,1.9521582126617432
16.5999999999999162,120.6999999999995623,1.5248183012008667
16.5999999999999162,120.7999999999995566,1.2944774627685547
16.5999999999999162,120.8999999999995509,1.0671848058700562
16.5999999999999162,120.9999999999995453,0.9829576611518860
16.5999999999999162,121.0999999999995396,0.8503542542457581
16.5999999999999162,121.1999999999995339,1.1081531047821045
16.5999999999999162,121.2999999999995282,1.0204741954803467
16.5999999999999162,121.3999999999995225,1.1425409317016602
16.5999999999999162,121.4999999999995168,1.3432495594024658
16.5999999999999162,121.5999999999995111,1.1742639541625977
16.5999999999999162,121.6999999999995055,1.1473728418350220
16.5999999999999162,121.7999999999994998,1.3805845975875854
16.5999999999999162,121.8999999999994941,1.1290854215621948
16.5999999999999162,121.9999999999994884,1.0271569490432739
16.5999999999999162,122.0999999999994827,1.3199625015258789
16.5999999999999162,122.1999999999994770,2.2292671203613281
16.5999999999999162,122.2999999999994714,2.8774812221527100
16.4999999999999147,120.2999999999995850,4.9708347320556641
16.4999999999999147,120.3999999999995794,4.2591476440429688
16.4999999999999147,120.4999999999995737,2.9332528114318848
16.4999999999999147,120.5999999999995680,1.9385670423507690
16.4999999999999147,120.6999999999995623,1.6113899946212769
16.4999999999999147,120.7999999999995566,1.3684866428375244
16.4999999999999147,120.8999999999995509,1.1307697296142578
16.4999999999999147,120.9999999999995453,1.1339011192321777
16.4999999999999147,121.0999999999995396,0.8839700222015381
16.4999999999999147,121.1999999999995339,1.1080332994461060
16.4999999999999147,121.2999999999995282,1.0755345821380615
16.4999999999999147,121.3999999999995225,1.0849711894989014
16.4999999999999147,121.4999999999995168,1.0917626619338989
16.4999999999999147,121.5999999999995111,1.0420707464218140
16.4999999999999147,121.6999999999995055,1.0979142189025879
16.4999999999999147,121.7999999999994998,1.2119253873825073
16.4999999999999147,121.8999999999994941,0.9190257787704468
16.4999999999999147,121.9999999999994884,1.2277474403381348
16.4999999999999147,122.0999999999994827,1.8857147693634033
16.4999999999999147,122.1999999999994770,3.0198857784271240
16.3999999999999133,120.3999999999995794,4.7777118682861328
16.3999999999999133,120.4999999999995737,3.2669978141784668
16.3999999999999133,120.5999999999995680,2.0742499828338623
16.3999999999999133,120.6999999999995623,1.7429111003875732
16.3999999999999133,120.7999999999995566,1.4647608995437622
16.3999999999999133,120.8999999999995509,1.3703598976135254
16.3999999999999133,120.9999999999995453,1.1940360069274902
16.3999999999999133,121.0999999999995396,0.8909103274345398
16.3999999999999133,121.1999999999995339,0.9460169076919556
16.3999999999999133,121.2999999999995282,0.9523820877075195
16.3999999999999133,121.3999999999995225,0.8979042172431946
16.3999999999999133,121.4999999999995168,1.0185911655426025
16.3999999999999133,121.5999999999995111,0.8915970325469971
16.3999999999999133,121.6999999999995055,0.9878941774368286
16.3999999999999133,121.7999999999994998,1.0525233745574951
16.3999999999999133,121.8999999999994941,1.3001480102539062
16.3999999999999133,121.9999999999994884,1.8952879905700684
16.3999999999999133,122.0999999999994827,2.7460448741912842
16.3999999999999133,122.1999999999994770,3.7917022705078125
16.2999999999999119,119.7999999999996135,7.5265946388244629
16.2999999999999119,120.3999999999995794,5.1270589828491211
16.2999999999999119,120.4999999999995737,3.7063496112823486
16.2999999999999119,120.5999999999995680,2.3907823562622070
16.2999999999999119,120.6999999999995623,1.9527674913406372
16.2999999999999119,120.7999999999995566,1.5900142192840576
16.2999999999999119,120.8999999999995509,1.4643735885620117
16.2999999999999119,120.9999999999995453,1.1094560623168945
16.2999999999999119,121.0999999999995396,0.9469180107116699
16.2999999999999119,121.1999999999995339,0.8614847064018250
16.2999999999999119,121.2999999999995282,0.8556497693061829
16.2999999999999119,121.3999999999995225,0.9200226068496704
16.2999999999999119,121.4999999999995168,0.9766219854354858
16.2999999999999119,121.5999999999995111,0.9514698386192322
16.2999999999999119,121.6999999999995055,1.0547814369201660
16.2999999999999119,121.7999999999994998,1.2813253402709961
16.2999999999999119,121.8999999999994941,2.1640071868896484
16.2999999999999119,121.9999999999994884,3.0813524723052979
16.2999999999999119,122.0999999999994827,4.0202608108520508
16.1999999999999105,119.7999999999996135,7.4352045059204102
16.1999999999999105,119.8999999999996078,6.7304587364196777
16.1999999999999105,119.9999999999996021,6.3883028030395508
16.1999999999999105,120.4999999999995737,4.1429762840270996
16.1999999999999105,120.5999999999995680,2.7156822681427002
16.1999999999999105,120.6999999999995623,2.1619803905487061
16.1999999999999105,120.7999999999995566,1.7179070711135864
16.1999999999999105,120.8999999999995509,1.6525166034698486
16.1999999999999105,120.9999999999995453,1.3037974834442139
16.1999999999999105,121.0999999999995396,1.2882446050643921
16.1999999999999105,121.1999999999995339,1.2473163604736328
16.1999999999999105,121.2999999999995282,1.0819756984710693
16.1999999999999105,121.3999999999995225,0.9893758296966553
16.1999999999999105,121.4999999999995168,0.9516531825065613
16.1999999999999105,121.5999999999995111,1.0597665309906006
16.1999999999999105,121.6999999999995055,1.3310685157775879
16.1999999999999105,121.7999999999994998,1.9226332902908325
16.1999999999999105,121.8999999999994941,3.0127556324005127
16.1999999999999105,121.9999999999994884,4.2214055061340332
16.0999999999999091,119.7999999999996135,7.7974519729614258
16.0999999999999091,119.8999999999996078,6.6746115684509277
16.0999999999999091,119.9999999999996021,5.7197999954223633
16.0999999999999091,120.4999999999995737,3.9374318122863770
16.0999999999999091,120.5999999999995680,2.7682802677154541
16.0999999999999091,120.6999999999995623,2.2565953731536865
16.0999999999999091,120.7999999999995566,1.8616657257080078
16.0999999999999091,120.8999999999995509,1.6869207620620728
16.0999999999999091,120.9999999999995453,1.5099389553070068
16.0999999999999091,121.0999999999995396,1.5783568620681763
16.0999999999999091,121.1999999999995339,1.6397595405578613
16.0999999999999091,121.2999999999995282,1.2798361778259277
16.0999999999999091,121.3999999999995225,1.1050361394882202
16.0999999999999091,121.4999999999995168,1.1436597108840942
16.0999999999999091,121.5999999999995111,1.4322161674499512
16.0999999999999091,121.6999999999995055,1.8281252384185791
15.9999999999999094,119.7999999999996135,8.7976102828979492
15.9999999999999094,119.8999999999996078,7.1036806106567383
15.9999999999999094,119.9999999999996021,5.3822493553161621
15.9999999999999094,120.0999999999995964,4.2963085174560547
15.9999999999999094,120.1999999999995907,3.6070718765258789
15.9999999999999094,120.2999999999995850,3.4359683990478516
15.9999999999999094,120.3999999999995794,3.7992234230041504
15.9999999999999094,120.4999999999995737,3.2123811244964600
15.9999999999999094,120.5999999999995680,2.6546974182128906
15.9999999999999094,120.6999999999995623,2.3102595806121826
15.9999999999999094,120.7999999999995566,2.0543105602264404
15.9999999999999094,120.8999999999995509,1.8546274900436401
15.9999999999999094,120.9999999999995453,1.8104213476181030
15.9999999999999094,121.0999999999995396,1.8503820896148682
15.9999999999999094,121.1999999999995339,1.8248704671859741
15.9999999999999094,121.2999999999995282,1.4490944147109985
15.9999999999999094,121.3999999999995225,1.2537151575088501
15.9999999999999094,121.4999999999995168,1.3381181955337524
15.9999999999999094,121.5999999999995111,1.8006830215454102
15.8999999999999098,119.9999999999996021,5.4101395606994629
15.8999999999999098,120.0999999999995964,3.7341005802154541
15.8999999999999098,120.1999999999995907,3.0515666007995605
15.8999999999999098,120.2999999999995850,2.6989412307739258
15.8999999999999098,120.3999999999995794,2.6942133903503418
15.8999999999999098,120.4999999999995737,2.6416161060333252
15.8999999999999098,120.5999999999995680,2.5483722686767578
15.8999999999999098,120.6999999999995623,2.3668015003204346
15.8999999999999098,120.7999999999995566,2.2657918930053711
15.8999999999999098,120.8999999999995509,2.2091555595397949
15.8999999999999098,120.9999999999995453,2.1665983200073242
15.8999999999999098,121.0999999999995396,2.1586728096008301
15.8999999999999098,121.1999999999995339,2.1679739952087402
15.8999999999999098,121.2999999999995282,1.6208969354629517
15.8999999999999098,121.3999999999995225,1.4439457654953003
15.8999999999999098,121.4999999999995168,1.6342614889144897
15.8999999999999098,121.5999999999995111,1.9012714624404907
15.7999999999999101,119.9999999999996021,5.2216472625732422
15.7999999999999101,120.0999999999995964,3.0782179832458496
15.7999999999999101,120.1999999999995907,2.4993219375610352
15.7999999999999101,120.2999999999995850,2.2585368156433105
15.7999999999999101,120.3999999999995794,2.3184492588043213
15.7999999999999101,120.4999999999995737,2.2674648761749268
15.7999999999999101,120.5999999999995680,2.3098196983337402
15.7999999999999101,120.6999999999995623,2.3711931705474854
15.7999999999999101,120.7999999999995566,2.3484089374542236
15.7999999999999101,120.8999999999995509,2.3909969329833984
15.7999999999999101,120.9999999999995453,2.3569843769073486
15.7999999999999101,121.0999999999995396,2.2685356140136719
15.7999999999999101,121.1999999999995339,2.1342637538909912
15.7999999999999101,121.2999999999995282,1.6349651813507080
15.7999999999999101,121.3999999999995225,1.6123636960983276
15.7999999999999101,121.4999999999995168,1.7755194902420044
15.6999999999999105,119.9999999999996021,4.8644723892211914
15.6999999999999105,120.0999999999995964,2.6236705780029297
15.6999999999999105,120.1999999999995907,1.9580163955688477
15.6999999999999105,120.2999999999995850,1.8508286476135254
15.6999999999999105,120.3999999999995794,1.9296754598617554
15.6999999999999105,120.4999999999995737,1.9619446992874146
15.6999999999999105,120.5999999999995680,2.2939507961273193
15.6999999999999105,120.6999999999995623,2.6255438327789307
15.6999999999999105,120.7999999999995566,2.6202125549316406
15.6999999999999105,120.8999999999995509,2.5959291458129883
15.6999999999999105,120.9999999999995453,2.4389145374298096
15.6999999999999105,121.0999999999995396,2.2658171653747559
15.6999999999999105,121.1999999999995339,2.1080434322357178
15.6999999999999105,121.2999999999995282,1.6279103755950928
15.6999999999999105,121.3999999999995225,1.7455822229385376
15.6999999999999105,121.4999999999995168,2.1633036136627197
15.5999999999999108,119.9999999999996021,4.6998496055603027
15.5999999999999108,120.0999999999995964,2.3083298206329346
15.5999999999999108,120.1999999999995907,1.5646636486053467
15.5999999999999108,120.2999999999995850,1.5566388368606567
15.5999999999999108,120.3999999999995794,1.6489137411117554
15.5999999999999108,120.4999999999995737,1.7372841835021973
15.5999999999999108,120.5999999999995680,2.3480312824249268
15.5999999999999108,120.6999999999995623,2.8279891014099121
15.5999999999999108,120.7999999999995566,2.8614702224731445
15.5999999999999108,120.8999999999995509,2.8841307163238525
15.5999999999999108,120.9999999999995453,2.5073907375335693
15.5999999999999108,121.0999999999995396,2.2530307769775391
15.5999999999999108,121.1999999999995339,2.0407090187072754
15.5999999999999108,121.2999999999995282,1.8021672964096069
15.5999999999999108,121.3999999999995225,1.9937777519226074
15.5999999999999108,121.4999999999995168,2.5303003787994385
15.4999999999999112,119.9999999999996021,4.5797219276428223
15.4999999999999112,120.0999999999995964,2.3503112792968750
15.4999999999999112,120.1999999999995907,1.7122915983200073
15.4999999999999112,120.2999999999995850,1.7783584594726562
15.4999999999999112,120.3999999999995794,1.8341225385665894
15.4999999999999112,120.4999999999995737,1.8198090791702271
15.4999999999999112,120.5999999999995680,2.2768576145172119
15.4999999999999112,120.6999999999995623,2.7438333034515381
15.4999999999999112,120.7999999999995566,2.8367259502410889
15.4999999999999112,120.8999999999995509,2.8670217990875244
15.4999999999999112,120.9999999999995453,2.5399928092956543
15.4999999999999112,121.0999999999995396,2.2559561729431152
15.4999999999999112,121.1999999999995339,2.3420603275299072
15.4999999999999112,121.2999999999995282,2.2268750667572021
15.4999999999999112,121.3999999999995225,2.7905209064483643
15.4999999999999112,121.4999999999995168,3.1988079547882080
15.3999999999999115,119.8999999999996078,6.4824438095092773
15.3999999999999115,119.9999999999996021,4.5262932777404785
15.3999999999999115,120.0999999999995964,2.6869490146636963
15.3999999999999115,120.1999999999995907,2.1316461563110352
15.3999999999999115,120.2999999999995850,2.2080538272857666
15.3999999999999115,120.3999999999995794,2.2755901813507080
15.3999999999999115,120.4999999999995737,2.1004118919372559
15.3999999999999115,120.5999999999995680,2.3220474720001221
15.3999999999999115,120.6999999999995623,2.7523529529571533
15.3999999999999115,120.7999999999995566,2.8832919597625732
15.3999999999999115,120.8999999999995509,3.2056567668914795
15.3999999999999115,120.9999999999995453,2.9529392719268799
15.3999999999999115,121.0999999999995396,2.6517901420593262
15.3999999999999115,121.1999999999995339,2.7832999229431152
15.3999999999999115,121.2999999999995282,3.1615140438079834
15.2999999999999119,119.9999999999996021,4.3168420791625977
15.2999999999999119,120.0999999999995964,3.0546791553497314
15.2999999999999119,120.1999999999995907,2.5958461761474609
15.2999999999999119,120.2999999999995850,2.5027894973754883
15.2999999999999119,120.3999999999995794,2.5744512081146240
15.2999999999999119,120.4999999999995737,2.3335869312286377
15.2999999999999119,120.5999999999995680,2.4745895862579346
15.2999999999999119,120.6999999999995623,2.8356244564056396
15.2999999999999119,120.7999999999995566,3.1859617233276367
15.2999999999999119,120.8999999999995509,3.5057022571563721
15.2999999999999119,120.9999999999995453,3.4642241001129150
15.2999999999999119,121.0999999999995396,3.3231799602508545
15.2999999999999119,121.1999999999995339,3.5149457454681396
15.2999999999999119,121.2999999999995282,3.7899553775787354
15.2999999999999119,121.3999999999995225,4.2991142272949219
15.1999999999999122,120.0999999999995964,3.7157216072082520
15.1999999999999122,120.1999999999995907,3.1021006107330322
15.1999999999999122,120.2999999999995850,2.5900130271911621
15.1999999999999122,120.3999999999995794,2.2382440567016602
15.1999999999999122,120.4999999999995737,2.3664288520812988
15.1999999999999122,120.5999999999995680,2.7715678215026855
15.1999999999999122,120.6999999999995623,3.1780555248260498
15.1999999999999122,120.7999999999995566,3.5277054309844971
15.1999999999999122,120.8999999999995509,3.8978400230407715
15.1999999999999122,120.9999999999995453,3.7499525547027588
15.1999999999999122,121.0999999999995396,3.4149513244628906
15.1999999999999122,121.1999999999995339,3.2970201969146729
15.1999999999999122,121.2999999999995282,3.3320724964141846
15.0999999999999126,120.0999999999995964,4.5933785438537598
15.0999999999999126,120.1999999999995907,3.6560471057891846
15.0999999999999126,120.2999999999995850,2.7850747108459473
15.0999999999999126,120.3999999999995794,2.2615356445312500
15.0999999999999126,120.4999999999995737,2.6256089210510254
15.0999999999999126,120.5999999999995680,3.2565178871154785
15.0999999999999126,120.6999999999995623,3.7366261482238770
15.0999999999999126,120.7999999999995566,4.0217566490173340
15.0999999999999126,120.8999999999995509,4.2719092369079590
15.0999999999999126,120.9999999999995453,4.0167860984802246
15.0999999999999126,121.0999999999995396,3.4450631141662598
15.0999999999999126,121.1999999999995339,3.2689232826232910
15.0999999999999126,121.2999999999995282,2.9767584800720215
15.0999999999999126,121.3999999999995225,2.8126642704010010
14.9999999999999130,120.0999999999995964,5.3987827301025391
14.9999999999999130,120.1999999999995907,4.2900304794311523
14.9999999999999130,120.2999999999995850,3.2114624977111816
14.9999999999999130,120.3999999999995794,2.6989927291870117
14.9999999999999130,120.4999999999995737,3.2843265533447266
14.9999999999999130,120.5999999999995680,3.9483628273010254
14.9999999999999130,120.6999999999995623,4.6535763740539551
14.9999999999999130,120.7999999999995566,4.7201080322265625
14.9999999999999130,120.8999999999995509,4.8109450340270996
14.9999999999999130,120.9999999999995453,4.3555302619934082
14.9999999999999130,121.0999999999995396,3.6200158596038818
14.9999999999999130,121.1999999999995339,3.1178913116455078
14.9999999999999130,121.2999999999995282,2.9523158073425293
14.9999999999999130,121.3999999999995225,2.4635901451110840
14.9999999999999130,121.4999999999995168,2.2565870285034180
14.9999999999999130,121.8999999999994941,5.3182010650634766
14.9999999999999130,121.9999999999994884,6.4268326759338379
14.8999999999999133,120.0999999999995964,6.1812653541564941
14.8999999999999133,120.1999999999995907,5.1256227493286133
14.8999999999999133,120.2999999999995850,4.1066966056823730
14.8999999999999133,120.3999999999995794,3.6375744342803955
14.8999999999999133,120.4999999999995737,4.6015529632568359
14.8999999999999133,120.7999999999995566,5.8118896484375000
14.8999999999999133,120.8999999999995509,5.4253320693969727
14.8999999999999133,120.9999999999995453,4.7997670173645020
14.8999999999999133,121.0999999999995396,4.0112018585205078
14.8999999999999133,121.1999999999995339,3.4057660102844238
14.8999999999999133,121.2999999999995282,2.8716883659362793
14.8999999999999133,121.3999999999995225,2.5192215442657471
14.8999999999999133,121.4999999999995168,2.4249701499938965
14.8999999999999133,121.8999999999994941,5.9072384834289551
14.8999999999999133,121.9999999999994884,6.6239647865295410
14.7999999999999137,120.1999999999995907,6.2532529830932617
14.7999999999999137,120.2999999999995850,4.6852865219116211
14.7999999999999137,120.3999999999995794,4.7620711326599121
14.7999999999999137,120.4999999999995737,5.8753819465637207
14.7999999999999137,120.8999999999995509,6.0120458602905273
14.7999999999999137,120.9999999999995453,5.3249206542968750
14.7999999999999137,121.0999999999995396,4.4550137519836426
14.7999999999999137,121.1999999999995339,3.6731452941894531
14.7999999999999137,121.2999999999995282,3.1675744056701660
14.7999999999999137,121.3999999999995225,2.7936832904815674
14.7999999999999137,121.4999999999995168,2.5749328136444092
14.7999999999999137,121.5999999999995111,3.2213282585144043
14.7999999999999137,121.8999999999994941,6.7928862571716309
14.7999999999999137,121.9999999999994884,7.7569117546081543
14.7999999999999137,122.1999999999994770,8.7781248092651367
14.6999999999999140,120.2999999999995850,5.7990703582763672
14.6999999999999140,120.3999999999995794,5.9473032951354980
14.6999999999999140,120.4999999999995737,6.9440178871154785
14.6999999999999140,120.9999999999995453,5.6188588142395020
14.6999999999999140,121.0999999999995396,4.8995184898376465
14.6999999999999140,121.1999999999995339,4.2274851799011230
14.6999999999999140,121.2999999999995282,3.8152167797088623
14.6999999999999140,121.3999999999995225,3.2466194629669189
14.6999999999999140,121.4999999999995168,3.0321547985076904
14.6999999999999140,121.5999999999995111,3.5185303688049316
14.6999999999999140,121.9999999999994884,8.0278997421264648
14.6999999999999140,122.3999999999994657,8.7530374526977539
14.5999999999999144,120.3999999999995794,7.6337814331054688
14.5999999999999144,120.4999999999995737,8.2464523315429688
14.5999999999999144,120.5999999999995680,8.9309387207031250
14.5999999999999144,120.9999999999995453,5.6336088180541992
14.5999999999999144,121.0999999999995396,5.3349847793579102
14.5999999999999144,121.1999999999995339,5.1196441650390625
14.5999999999999144,121.2999999999995282,4.7677812576293945
14.5999999999999144,121.3999999999995225,4.0096282958984375
14.5999999999999144,121.4999999999995168,3.4891715049743652
14.5999999999999144,121.5999999999995111,4.3731904029846191
14.4999999999999147,120.4999999999995737,9.3786468505859375
14.4999999999999147,120.5999999999995680,9.4944143295288086
14.4999999999999147,121.0999999999995396,5.7574186325073242
14.4999999999999147,121.1999999999995339,6.2145667076110840
14.4999999999999147,121.2999999999995282,5.5328550338745117
14.4999999999999147,121.3999999999995225,4.8234286308288574
14.4999999999999147,121.4999999999995168,4.2422542572021484
14.4999999999999147,121.5999999999995111,4.8598184585571289
14.3999999999999151,120.7999999999995566,6.5122294425964355
14.3999999999999151,120.8999999999995509,5.4588975906372070
14.3999999999999151,120.9999999999995453,5.3218245506286621
14.3999999999999151,121.2999999999995282,5.2216591835021973
14.3999999999999151,121.4999999999995168,4.1085004806518555
14.3999999999999151,121.5999999999995111,5.0062355995178223
14.3999999999999151,121.6999999999995055,5.7756800651550293
14.2999999999999154,120.6999999999995623,7.0324730873107910
14.2999999999999154,120.7999999999995566,6.2227315902709961
14.2999999999999154,120.8999999999995509,5.2508993148803711
14.2999999999999154,120.9999999999995453,4.8564949035644531
14.2999999999999154,121.0999999999995396,4.9091653823852539
14.2999999999999154,121.4999999999995168,3.7532281875610352
14.2999999999999154,121.5999999999995111,4.5132060050964355
14.2999999999999154,121.6999999999995055,5.9041471481323242
14.2999999999999154,122.4999999999994600,4.7657632827758789
14.2999999999999154,122.6999999999994486,4.3736004829406738
14.1999999999999158,120.5999999999995680,7.0914254188537598
14.1999999999999158,120.6999999999995623,6.2529406547546387
14.1999999999999158,120.7999999999995566,5.5135350227355957
14.1999999999999158,120.8999999999995509,4.7673602104187012
14.1999999999999158,120.9999999999995453,4.4763741493225098
14.1999999999999158,121.0999999999995396,4.4879951477050781
14.1999999999999158,121.3999999999995225,4.0217852592468262
14.1999999999999158,121.4999999999995168,3.4786856174468994
14.1999999999999158,121.5999999999995111,4.1128139495849609
14.1999999999999158,121.6999999999995055,5.5420627593994141
14.1999999999999158,121.9999999999994884,6.4089746475219727
14.1999999999999158,122.3999999999994657,3.6129601001739502
14.1999999999999158,122.4999999999994600,3.5443336963653564
14.1999999999999158,122.5999999999994543,3.3711371421813965
14.1999999999999158,122.6999999999994486,3.1528751850128174
14.1999999999999158,122.7999999999994429,2.9161036014556885
14.1999999999999158,122.8999999999994373,2.7908761501312256
14.0999999999999162,120.5999999999995680,7.1913123130798340
14.0999999999999162,120.6999999999995623,6.5557823181152344
14.0999999999999162,120.7999999999995566,5.7337827682495117
14.0999999999999162,120.8999999999995509,5.0348606109619141
14.0999999999999162,120.9999999999995453,4.5071368217468262
14.0999999999999162,121.0999999999995396,4.1047019958496094
14.0999999999999162,121.1999999999995339,4.3408198356628418
14.0999999999999162,121.2999999999995282,4.2674541473388672
14.0999999999999162,121.3999999999995225,4.0896816253662109
14.0999999999999162,121.4999999999995168,3.9480769634246826
14.0999999999999162,121.5999999999995111,4.3956809043884277
14.0999999999999162,121.6999999999995055,5.4439530372619629
14.0999999999999162,121.7999999999994998,6.4339752197265625
14.0999999999999162,122.0999999999994827,5.1894011497497559
14.0999999999999162,122.2999999999994714,3.7552428245544434
14.0999999999999162,122.3999999999994657,3.4263939857482910
14.0999999999999162,122.4999999999994600,3.3100750446319580
14.0999999999999162,122.5999999999994543,3.1947863101959229
14.0999999999999162,122.6999999999994486,2.9715759754180908
14.0999999999999162,122.7999999999994429,2.7162256240844727
14.0999999999999162,122.8999999999994373,2.8876883983612061
14.0999999999999162,122.9999999999994316,3.5595414638519287
13.9999999999999165,120.6999999999995623,7.3277826309204102
13.9999999999999165,120.7999999999995566,6.2908716201782227
13.9999999999999165,120.8999999999995509,5.5402979850769043
13.9999999999999165,120.9999999999995453,4.7024111747741699
13.9999999999999165,121.0999999999995396,4.1618270874023438
13.9999999999999165,121.1999999999995339,4.0042915344238281
13.9999999999999165,121.2999999999995282,4.0514683723449707
13.9999999999999165,121.3999999999995225,4.3295130729675293
13.9999999999999165,121.4999999999995168,4.5949192047119141
13.9999999999999165,121.5999999999995111,5.0183777809143066
13.9999999999999165,121.6999999999995055,5.7527365684509277
13.9999999999999165,121.7999999999994998,6.2253732681274414
13.9999999999999165,121.8999999999994941,5.8719415664672852
13.9999999999999165,122.3999999999994657,3.2615830898284912
13.9999999999999165,122.4999999999994600,3.2653667926788330
13.9999999999999165,122.5999999999994543,3.2662508487701416
13.9999999999999165,122.6999999999994486,3.0728678703308105
13.9999999999999165,122.7999999999994429,2.8600847721099854
13.9999999999999165,122.8999999999994373,3.1190388202667236
13.9999999999999165,122.9999999999994316,4.2416501045227051
13.9999999999999165,123.2999999999994145,6.2538609504699707
13.9999999999999165,124.1999999999993634,5.3236598968505859
13.9999999999999165,124.2999999999993577,4.8058423995971680
13.8999999999999169,120.5999999999995680,8.5597133636474609
13.8999999999999169,120.9999999999995453,5.1497054100036621
13.8999999999999169,121.0999999999995396,4.3622961044311523
13.8999999999999169,121.1999999999995339,3.9842903614044189
13.8999999999999169,121.2999999999995282,4.0421032905578613
13.8999999999999169,121.3999999999995225,4.4673757553100586
13.8999999999999169,121.4999999999995168,5.0455002784729004
13.8999999999999169,121.9999999999994884,4.9280714988708496
13.8999999999999169,122.0999999999994827,4.2494282722473145
13.8999999999999169,122.1999999999994770,3.7236628532409668
13.8999999999999169,122.2999999999994714,3.3265664577484131
13.8999999999999169,122.3999999999994657,3.1161282062530518
13.8999999999999169,122.6999999999994486,3.2576353549957275
13.8999999999999169,122.7999999999994429,3.0264070034027100
13.8999999999999169,122.8999999999994373,3.3035216331481934
13.8999999999999169,122.9999999999994316,4.1961464881896973
13.8999999999999169,123.3999999999994088,4.4728803634643555
13.8999999999999169,123.4999999999994031,4.1055035591125488
13.8999999999999169,123.5999999999993975,4.6074924468994141
13.8999999999999169,123.6999999999993918,5.2526893615722656
13.8999999999999169,124.1999999999993634,4.6065754890441895
13.8999999999999169,124.2999999999993577,3.9972240924835205
13.7999999999999172,120.0999999999995964,8.7449893951416016
13.7999999999999172,120.1999999999995907,8.8994884490966797
13.7999999999999172,120.8999999999995509,6.1133580207824707
13.7999999999999172,120.9999999999995453,5.4694461822509766
13.7999999999999172,121.0999999999995396,4.7029380798339844
13.7999999999999172,121.1999999999995339,4.1349458694458008
13.7999999999999172,121.2999999999995282,4.0146408081054688
13.7999999999999172,121.3999999999995225,4.4013919830322266
13.7999999999999172,121.9999999999994884,4.6084227561950684
13.7999999999999172,122.0999999999994827,4.2107315063476562
13.7999999999999172,122.1999999999994770,3.8038487434387207
13.7999999999999172,122.2999999999994714,3.3699066638946533
13.7999999999999172,122.3999999999994657,3.3106100559234619
13.7999999999999172,122.7999999999994429,3.2702357769012451
13.7999999999999172,122.8999999999994373,3.2028846740722656
13.7999999999999172,122.9999999999994316,3.8224809169769287
13.7999999999999172,123.2999999999994145,4.3596758842468262
13.7999999999999172,123.3999999999994088,3.7724878787994385
13.7999999999999172,123.4999999999994031,3.4878516197204590
13.7999999999999172,123.5999999999993975,4.2354488372802734
13.7999999999999172,123.6999999999993918,5.0780482292175293
13.7999999999999172,123.7999999999993861,5.4883327484130859
13.7999999999999172,124.1999999999993634,4.0672435760498047
13.7999999999999172,124.2999999999993577,3.4191644191741943
13.6999999999999176,121.0999999999995396,5.0267982482910156
13.6999999999999176,121.1999999999995339,4.3523988723754883
13.6999999999999176,121.2999999999995282,4.1835732460021973
13.6999999999999176,121.3999999999995225,4.6123895645141602
13.6999999999999176,122.1999999999994770,4.2549023628234863
13.6999999999999176,122.2999999999994714,3.8498275279998779
13.6999999999999176,122.3999999999994657,3.7629652023315430
13.6999999999999176,122.8999999999994373,3.5224609375000000
13.6999999999999176,122.9999999999994316,3.8078904151916504
13.6999999999999176,123.0999999999994259,4.1818828582763672
13.6999999999999176,123.1999999999994202,4.6674575805664062
13.6999999999999176,123.2999999999994145,3.9534723758697510
13.6999999999999176,123.3999999999994088,3.2189810276031494
13.6999999999999176,123.4999999999994031,3.0347867012023926
13.6999999999999176,124.0999999999993690,4.7529878616333008
13.6999999999999176,124.1999999999993634,4.1204304695129395
13.6999999999999176,124.2999999999993577,3.6196534633636475
13.5999999999999179,122.2999999999994714,3.9478414058685303
13.5999999999999179,122.3999999999994657,3.8957958221435547
13.5999999999999179,122.4999999999994600,4.1661133766174316
13.5999999999999179,122.8999999999994373,3.8634634017944336
13.5999999999999179,122.9999999999994316,4.0808877944946289
13.5999999999999179,123.0999999999994259,4.3271245956420898
13.5999999999999179,123.1999999999994202,4.3759388923645020
13.5999999999999179,123.2999999999994145,3.6601030826568604
13.5999999999999179,123.3999999999994088,2.8583426475524902
13.5999999999999179,123.4999999999994031,2.5263662338256836
13.5999999999999179,124.1999999999993634,4.4766497611999512
13.5999999999999179,124.2999999999993577,4.0243678092956543
13.4999999999999183,120.6999999999995623,4.6487936973571777
13.4999999999999183,120.7999999999995566,4.4489345550537109
13.4999999999999183,121.8999999999994941,4.8014044761657715
13.4999999999999183,121.9999999999994884,4.3808178901672363
13.4999999999999183,122.4999999999994600,4.6707448959350586
13.4999999999999183,122.5999999999994543,4.9596109390258789
13.4999999999999183,123.1999999999994202,5.7940540313720703
13.4999999999999183,123.2999999999994145,4.3834781646728516
13.4999999999999183,123.3999999999994088,3.0097494125366211
13.4999999999999183,123.4999999999994031,2.2910254001617432
13.4999999999999183,123.5999999999993975,2.6035277843475342
13.3999999999999186,120.4999999999995737,5.5031242370605469
13.3999999999999186,120.5999999999995680,4.2427554130554199
13.3999999999999186,120.6999999999995623,3.7177083492279053
13.3999999999999186,120.7999999999995566,3.4405248165130615
13.3999999999999186,120.8999999999995509,3.2446577548980713
13.3999999999999186,120.9999999999995453,2.7251994609832764
13.3999999999999186,121.0999999999995396,2.0437290668487549
13.3999999999999186,121.1999999999995339,1.6218110322952271
13.3999999999999186,121.7999999999994998,4.2432279586791992
13.3999999999999186,121.8999999999994941,3.9996676445007324
13.3999999999999186,121.9999999999994884,3.5089581012725830
13.3999999999999186,122.0999999999994827,3.0991818904876709
13.3999999999999186,122.4999999999994600,5.4771223068237305
13.3999999999999186,122.5999999999994543,5.6573467254638672
13.3999999999999186,123.1999999999994202,6.5423607826232910
13.3999999999999186,123.2999999999994145,5.1422042846679688
13.3999999999999186,123.3999999999994088,3.3330194950103760
13.3999999999999186,123.4999999999994031,2.2176978588104248
13.3999999999999186,123.5999999999993975,2.2300124168395996
13.2999999999999190,120.5999999999995680,3.8553404808044434
13.2999999999999190,120.6999999999995623,3.0257549285888672
13.2999999999999190,120.7999999999995566,2.7393097877502441
13.2999999999999190,120.8999999999995509,2.4784209728240967
13.2999999999999190,120.9999999999995453,1.8823723793029785
13.2999999999999190,121.0999999999995396,1.5289291143417358
13.2999999999999190,121.1999999999995339,1.4489777088165283
13.2999999999999190,121.2999999999995282,1.7029246091842651
13.2999999999999190,121.8999999999994941,3.7459356784820557
13.2999999999999190,121.9999999999994884,3.9492013454437256
13.2999999999999190,122.5999999999994543,6.6220755577087402
13.2999999999999190,123.2999999999994145,5.7394385337829590
13.2999999999999190,123.4999999999994031,2.3991024494171143
13.2999999999999190,123.5999999999993975,2.2661285400390625
13.2999999999999190,123.6999999999993918,2.4051902294158936
13.2999999999999190,123.8999999999993804,4.3593964576721191
13.1999999999999194,120.6999999999995623,3.2365343570709229
13.1999999999999194,120.7999999999995566,2.9941263198852539
13.1999999999999194,120.8999999999995509,2.7512638568878174
13.1999999999999194,120.9999999999995453,2.0626039505004883
13.1999999999999194,121.0999999999995396,1.7482520341873169
13.1999999999999194,121.1999999999995339,1.5855079889297485
13.1999999999999194,121.3999999999995225,1.6105712652206421
13.1999999999999194,123.2999999999994145,6.0714831352233887
13.1999999999999194,123.3999999999994088,4.1881351470947266
13.1999999999999194,123.4999999999994031,2.7913217544555664
13.1999999999999194,123.5999999999993975,2.8328652381896973
13.1999999999999194,123.6999999999993918,2.9747142791748047
13.0999999999999197,120.6999999999995623,3.4142780303955078
13.0999999999999197,120.7999999999995566,3.2253861427307129
13.0999999999999197,120.8999999999995509,3.0504057407379150
13.0999999999999197,120.9999999999995453,2.4559888839721680
13.0999999999999197,121.0999999999995396,1.9643839597702026
13.0999999999999197,121.1999999999995339,1.9087277650833130
13.0999999999999197,121.2999999999995282,1.3164279460906982
13.0999999999999197,121.3999999999995225,1.4186427593231201
13.0999999999999197,121.4999999999995168,2.0894572734832764
13.0999999999999197,122.9999999999994316,9.6539745330810547
13.0999999999999197,123.3999999999994088,4.6654834747314453
13.0999999999999197,123.4999999999994031,3.5010895729064941
13.0999999999999197,123.5999999999993975,3.4533479213714600
13.0999999999999197,123.6999999999993918,3.6555759906768799
13.0999999999999197,123.7999999999993861,4.3790044784545898
13.0999999999999197,123.8999999999993804,5.8324656486511230
12.9999999999999201,120.7999999999995566,3.1542346477508545
12.9999999999999201,120.8999999999995509,2.9276723861694336
12.9999999999999201,120.9999999999995453,2.4883332252502441
12.9999999999999201,121.0999999999995396,1.9808700084686279
12.9999999999999201,121.1999999999995339,2.0035936832427979
12.9999999999999201,121.2999999999995282,1.5525900125503540
12.9999999999999201,121.3999999999995225,1.2568371295928955
12.9999999999999201,122.9999999999994316,10.0377368927001953
12.9999999999999201,123.0999999999994259,9.5868415832519531
12.9999999999999201,123.4999999999994031,4.5354495048522949
12.9999999999999201,123.5999999999993975,4.7221293449401855
12.9999999999999201,123.6999999999993918,4.6753382682800293
12.9999999999999201,123.7999999999993861,5.1302089691162109
12.9999999999999201,123.8999999999993804,5.9657254219055176
12.9999999999999201,123.9999999999993747,6.7823920249938965
12.9999999999999201,124.0999999999993690,7.3002195358276367
12.8999999999999204,120.7999999999995566,3.6375896930694580
12.8999999999999204,120.8999999999995509,2.7575612068176270
12.8999999999999204,120.9999999999995453,2.3542006015777588
12.8999999999999204,121.0999999999995396,1.9268096685409546
12.8999999999999204,121.1999999999995339,1.9558298587799072
12.8999999999999204,121.2999999999995282,1.9049601554870605
12.8999999999999204,121.3999999999995225,1.9793653488159180
12.8999999999999204,121.4999999999995168,2.1825547218322754
12.8999999999999204,123.1999999999994202,9.4198818206787109
12.8999999999999204,123.7999999999993861,5.9277448654174805
12.8999999999999204,124.0999999999993690,6.1479096412658691
12.7999999999999208,120.7999999999995566,4.1674537658691406
12.7999999999999208,120.8999999999995509,2.9772760868072510
12.7999999999999208,120.9999999999995453,2.6545050144195557
12.7999999999999208,121.0999999999995396,2.2607486248016357
12.7999999999999208,121.1999999999995339,1.9814711809158325
12.7999999999999208,121.2999999999995282,2.3726427555084229
12.7999999999999208,121.3999999999995225,2.9175055027008057
12.7999999999999208,123.8999999999993804,5.7624936103820801
12.7999999999999208,123.9999999999993747,4.9364442825317383
12.7999999999999208,124.0999999999993690,5.3290004730224609
12.6999999999999211,120.8999999999995509,3.7329926490783691
12.6999999999999211,120.9999999999995453,3.4089372158050537
12.6999999999999211,121.0999999999995396,2.9705994129180908
12.6999999999999211,121.1999999999995339,2.5422499179840088
12.6999999999999211,121.2999999999995282,2.9825694561004639
12.6999999999999211,121.3999999999995225,3.9848551750183105
12.6999999999999211,121.4999999999995168,4.8796358108520508
12.6999999999999211,123.8999999999993804,5.8718261718750000
12.6999999999999211,123.9999999999993747,5.0473103523254395
12.6999999999999211,124.0999999999993690,5.2594985961914062
12.5999999999999215,120.9999999999995453,4.3664979934692383
12.5999999999999215,121.0999999999995396,3.8052325248718262
12.5999999999999215,121.1999999999995339,3.3085403442382812
12.5999999999999215,121.2999999999995282,3.7355086803436279
12.5999999999999215,121.3999999999995225,5.1322689056396484
12.5999999999999215,121.4999999999995168,6.3114123344421387
12.5999999999999215,122.0999999999994827,8.0220489501953125
12.5999999999999215,123.9999999999993747,5.9464454650878906
12.4999999999999218,120.9999999999995453,5.2507410049438477
12.4999999999999218,121.0999999999995396,4.6263990402221680
12.4999999999999218,121.1999999999995339,4.2033777236938477
12.4999999999999218,121.2999999999995282,4.8861608505249023
12.4999999999999218,121.3999999999995225,6.1860227584838867
12.4999999999999218,121.9999999999994884,7.1744766235351562
12.4999999999999218,122.4999999999994600,11.0559177398681641
12.4999999999999218,122.5999999999994543,11.5505332946777344
12.4999999999999218,123.2999999999994145,9.4773397445678711
12.4999999999999218,123.3999999999994088,8.6586580276489258
12.4999999999999218,123.4999999999994031,8.0901184082031250
12.4999999999999218,123.6999999999993918,6.9829993247985840
12.4999999999999218,124.2999999999993577,7.6098928451538086
12.4999999999999218,124.3999999999993520,6.5785555839538574
12.4999999999999218,124.4999999999993463,5.4406118392944336
12.4999999999999218,124.5999999999993406,4.5562605857849121
12.4999999999999218,124.6999999999993349,4.1086525917053223
12.4999999999999218,124.7999999999993292,3.9981048107147217
12.4999999999999218,124.8999999999993236,4.1392836570739746
12.4999999999999218,124.9999999999993179,4.0133042335510254
12.4999999999999218,125.0999999999993122,4.4532828330993652
12.4999999999999218,125.1999999999993065,4.8440313339233398
12.3999999999999222,120.9999999999995453,5.6192417144775391
12.3999999999999222,121.0999999999995396,5.3336286544799805
12.3999999999999222,121.1999999999995339,5.3272075653076172
12.3999999999999222,121.2999999999995282,5.9295563697814941
12.3999999999999222,121.9999999999994884,8.0427017211914062
12.3999999999999222,122.0999999999994827,7.6450710296630859
12.3999999999999222,122.4999999999994600,10.9840974807739258
12.3999999999999222,122.5999999999994543,11.2780981063842773
12.3999999999999222,123.2999999999994145,8.7123632431030273
12.3999999999999222,123.3999999999994088,7.7371602058410645
12.3999999999999222,123.4999999999994031,6.9176087379455566
12.3999999999999222,124.3999999999993520,6.0698032379150391
12.3999999999999222,124.4999999999993463,4.9748101234436035
12.3999999999999222,124.5999999999993406,4.0897445678710938
12.3999999999999222,124.6999999999993349,3.7747619152069092
12.3999999999999222,124.7999999999993292,3.5991926193237305
12.3999999999999222,124.8999999999993236,3.5471312999725342
12.3999999999999222,124.9999999999993179,3.4857821464538574
12.3999999999999222,125.0999999999993122,3.9875621795654297
12.3999999999999222,125.1999999999993065,4.4999661445617676
12.2999999999999226,119.8999999999996078,8.6843910217285156
12.2999999999999226,121.1999999999995339,6.4637565612792969
12.2999999999999226,121.9999999999994884,8.9436149597167969
12.2999999999999226,123.2999999999994145,7.6561679840087891
12.2999999999999226,123.3999999999994088,6.4312095642089844
12.2999999999999226,123.4999999999994031,5.4311819076538086
12.2999999999999226,123.5999999999993975,4.9613556861877441
12.2999999999999226,123.6999999999993918,4.9091887474060059
12.2999999999999226,124.3999999999993520,5.7227129936218262
12.2999999999999226,124.4999999999993463,4.4410781860351562
12.2999999999999226,124.5999999999993406,3.5947458744049072
12.2999999999999226,124.6999999999993349,3.3219845294952393
12.2999999999999226,124.7999999999993292,3.1032564640045166
12.2999999999999226,124.8999999999993236,3.0676624774932861
12.2999999999999226,124.9999999999993179,3.0989832878112793
12.2999999999999226,125.0999999999993122,3.5520169734954834
12.2999999999999226,125.1999999999993065,4.0977802276611328
12.2999999999999226,125.2999999999993008,4.6399464607238770
12.1999999999999229,119.8999999999996078,8.6383619308471680
12.1999999999999229,119.9999999999996021,8.5462398529052734
12.1999999999999229,121.9999999999994884,9.7403621673583984
12.1999999999999229,123.2999999999994145,6.9553432464599609
12.1999999999999229,123.3999999999994088,5.9647841453552246
12.1999999999999229,123.5999999999993975,4.4572381973266602
12.1999999999999229,123.6999999999993918,4.4938683509826660
12.1999999999999229,123.7999999999993861,5.0416846275329590
12.1999999999999229,123.8999999999993804,5.6848764419555664
12.1999999999999229,124.3999999999993520,5.3147621154785156
12.1999999999999229,124.4999999999993463,4.2011394500732422
12.1999999999999229,124.5999999999993406,3.3610830307006836
12.1999999999999229,124.6999999999993349,3.1275224685668945
12.1999999999999229,124.7999999999993292,3.0265769958496094
12.1999999999999229,124.8999999999993236,2.9387240409851074
12.1999999999999229,124.9999999999993179,2.8370523452758789
12.1999999999999229,125.0999999999993122,3.2012629508972168
12.1999999999999229,125.1999999999993065,3.7180817127227783
12.1999999999999229,125.2999999999993008,4.2487096786499023
12.1999999999999229,125.3999999999992951,4.7846431732177734
12.1999999999999229,125.4999999999992895,5.0792136192321777
12.0999999999999233,119.9999999999996021,8.4641628265380859
12.0999999999999233,120.0999999999995964,8.4370193481445312
12.0999999999999233,120.1999999999995907,8.1869325637817383
12.0999999999999233,120.2999999999995850,7.9439601898193359
12.0999999999999233,123.2999999999994145,7.0969243049621582
12.0999999999999233,123.6999999999993918,5.1270561218261719
12.0999999999999233,123.7999999999993861,5.3522758483886719
12.0999999999999233,123.8999999999993804,6.0689940452575684
12.0999999999999233,124.4999999999993463,4.8656668663024902
12.0999999999999233,124.5999999999993406,4.0472369194030762
12.0999999999999233,124.6999999999993349,3.6828217506408691
12.0999999999999233,124.7999999999993292,3.3707489967346191
12.0999999999999233,124.8999999999993236,3.0357353687286377
12.0999999999999233,124.9999999999993179,2.8451399803161621
12.0999999999999233,125.0999999999993122,3.0880320072174072
12.0999999999999233,125.1999999999993065,3.3960983753204346
12.0999999999999233,125.2999999999993008,3.7977333068847656
12.0999999999999233,125.3999999999992951,4.1734476089477539
11.9999999999999236,123.1999999999994202,7.6117496490478516
11.9999999999999236,123.7999999999993861,6.5387592315673828
11.9999999999999236,123.8999999999993804,6.8428387641906738
11.9999999999999236,123.9999999999993747,7.1484422683715820
11.9999999999999236,124.6999999999993349,4.3363270759582520
11.9999999999999236,124.7999999999993292,3.9028515815734863
11.9999999999999236,124.8999999999993236,3.3052475452423096
11.9999999999999236,124.9999999999993179,3.0329868793487549
11.9999999999999236,125.0999999999993122,2.9712057113647461
11.9999999999999236,125.1999999999993065,3.0703506469726562
11.9999999999999236,125.2999999999993008,3.3545708656311035
11.9999999999999236,125.3999999999992951,3.7147419452667236
11.8999999999999240,121.9999999999994884,9.9343767166137695
11.8999999999999240,123.7999999999993861,7.3445229530334473
11.8999999999999240,123.8999999999993804,7.3972048759460449
11.8999999999999240,123.9999999999993747,7.4831809997558594
11.8999999999999240,124.7999999999993292,4.6888318061828613
11.8999999999999240,124.8999999999993236,3.8624787330627441
11.8999999999999240,124.9999999999993179,3.1967380046844482
11.8999999999999240,125.0999999999993122,2.9230675697326660
11.8999999999999240,125.1999999999993065,2.8378391265869141
11.8999999999999240,125.2999999999993008,3.0147321224212646
11.7999999999999243,121.8999999999994941,8.8737764358520508
11.7999999999999243,121.9999999999994884,9.1434307098388672
11.7999999999999243,122.0999999999994827,8.4840755462646484
11.7999999999999243,122.1999999999994770,7.5110545158386230
11.7999999999999243,124.2999999999993577,7.4000563621520996
11.7999999999999243,124.8999999999993236,4.4794211387634277
11.7999999999999243,124.9999999999993179,3.5479383468627930
11.7999999999999243,125.0999999999993122,3.0180790424346924
11.7999999999999243,125.1999999999993065,2.7454934120178223
11.7999999999999243,125.2999999999993008,2.8467106819152832
11.7999999999999243,125.3999999999992951,3.0016400814056396
11.6999999999999247,119.9999999999996021,8.1862735748291016
11.6999999999999247,122.0999999999994827,7.5792264938354492
11.6999999999999247,122.1999999999994770,6.7505335807800293
11.6999999999999247,122.2999999999994714,5.8571901321411133
11.6999999999999247,122.3999999999994657,5.4904980659484863
11.6999999999999247,124.9999999999993179,3.8050885200500488
11.6999999999999247,125.0999999999993122,3.1147036552429199
11.6999999999999247,125.1999999999993065,2.7824201583862305
11.6999999999999247,125.2999999999993008,2.6919999122619629
11.6999999999999247,125.3999999999992951,2.6899511814117432
11.5999999999999250,122.1999999999994770,5.4348807334899902
11.5999999999999250,122.2999999999994714,4.5927548408508301
11.5999999999999250,122.6999999999994486,4.2308659553527832
11.5999999999999250,124.4999999999993463,7.4146761894226074
11.5999999999999250,125.0999999999993122,3.0416884422302246
11.5999999999999250,125.1999999999993065,2.4642481803894043
11.5999999999999250,125.2999999999993008,2.4278633594512939
11.5999999999999250,125.3999999999992951,2.4547431468963623
11.4999999999999254,122.0999999999994827,4.3430414199829102
11.4999999999999254,122.1999999999994770,3.9354903697967529
11.4999999999999254,122.2999999999994714,3.4124696254730225
11.4999999999999254,122.3999999999994657,3.2320654392242432
11.4999999999999254,122.4999999999994600,3.3734521865844727
11.4999999999999254,122.5999999999994543,3.4973425865173340
11.4999999999999254,122.6999999999994486,3.5563683509826660
11.4999999999999254,122.7999999999994429,3.4826254844665527
11.4999999999999254,123.0999999999994259,6.2830924987792969
11.4999999999999254,124.3999999999993520,6.7471599578857422
11.4999999999999254,124.4999999999993463,6.6617293357849121
11.4999999999999254,124.8999999999993236,3.9122672080993652
11.4999999999999254,124.9999999999993179,3.4106023311614990
11.4999999999999254,125.0999999999993122,2.6932215690612793
11.4999999999999254,125.1999999999993065,2.1880452632904053
11.4999999999999254,125.2999999999993008,2.1141114234924316
11.4999999999999254,125.3999999999992951,2.2866449356079102
11.4999999999999254,125.4999999999992895,2.7634696960449219
11.3999999999999257,122.0999999999994827,3.0831608772277832
11.3999999999999257,122.1999999999994770,2.5971119403839111
11.3999999999999257,122.2999999999994714,2.3114619255065918
11.3999999999999257,122.3999999999994657,2.3003647327423096
11.3999999999999257,122.4999999999994600,2.4629430770874023
11.3999999999999257,122.5999999999994543,2.6249632835388184
11.3999999999999257,122.6999999999994486,2.7101187705993652
11.3999999999999257,122.7999999999994429,2.7902290821075439
11.3999999999999257,122.8999999999994373,3.4896185398101807
11.3999999999999257,122.9999999999994316,4.9890389442443848
11.3999999999999257,123.0999999999994259,6.8893046379089355
11.3999999999999257,124.2999999999993577,6.5160145759582520
11.3999999999999257,124.3999999999993520,6.1917066574096680
11.3999999999999257,124.4999999999993463,5.8900761604309082
11.3999999999999257,124.8999999999993236,3.4471297264099121
11.3999999999999257,124.9999999999993179,2.9375247955322266
11.3999999999999257,125.0999999999993122,2.4229843616485596
11.3999999999999257,125.1999999999993065,2.0776236057281494
11.3999999999999257,125.2999999999993008,1.9903540611267090
11.3999999999999257,125.3999999999992951,2.2659406661987305
11.3999999999999257,125.4999999999992895,2.9492809772491455
11.2999999999999261,119.4999999999996305,7.4521231651306152
11.2999999999999261,122.0999999999994827,2.7050614356994629
11.2999999999999261,122.1999999999994770,2.1707780361175537
11.2999999999999261,122.2999999999994714,2.0293891429901123
11.2999999999999261,122.3999999999994657,2.0740909576416016
11.2999999999999261,122.4999999999994600,2.2831258773803711
11.2999999999999261,122.5999999999994543,2.4913761615753174
11.2999999999999261,122.6999999999994486,2.8165788650512695
11.2999999999999261,122.7999999999994429,3.2237460613250732
11.2999999999999261,122.8999999999994373,3.9463243484497070
11.2999999999999261,122.9999999999994316,5.3590335845947266
11.2999999999999261,123.0999999999994259,6.7828598022460938
11.2999999999999261,124.3999999999993520,5.5580315589904785
11.2999999999999261,124.4999999999993463,5.1319379806518555
11.2999999999999261,124.5999999999993406,4.6257824897766113
11.2999999999999261,124.6999999999993349,3.6177434921264648
11.2999999999999261,124.7999999999993292,3.0303180217742920
11.2999999999999261,124.8999999999993236,2.6947381496429443
11.2999999999999261,125.1999999999993065,2.5631167888641357
11.2999999999999261,125.2999999999993008,2.4824199676513672
11.2999999999999261,125.3999999999992951,2.7241084575653076
11.2999999999999261,125.4999999999992895,3.3988270759582520
11.1999999999999265,119.4999999999996305,6.4481801986694336
11.1999999999999265,122.0999999999994827,2.6707274913787842
11.1999999999999265,122.1999999999994770,2.3816907405853271
11.1999999999999265,122.2999999999994714,2.2218167781829834
11.1999999999999265,122.3999999999994657,2.1529138088226318
11.1999999999999265,122.4999999999994600,2.4288170337677002
11.1999999999999265,122.5999999999994543,2.7438437938690186
11.1999999999999265,122.6999999999994486,3.3494262695312500
11.1999999999999265,122.7999999999994429,4.1099009513854980
11.1999999999999265,122.8999999999994373,4.8780159950256348
11.1999999999999265,122.9999999999994316,5.9495286941528320
11.1999999999999265,123.7999999999993861,7.1836767196655273
11.1999999999999265,123.9999999999993747,6.5139698982238770
11.1999999999999265,124.3999999999993520,5.2789902687072754
11.1999999999999265,124.4999999999993463,4.7604761123657227
11.1999999999999265,124.5999999999993406,4.1297960281372070
11.1999999999999265,124.6999999999993349,3.0668716430664062
11.1999999999999265,124.7999999999993292,2.1874675750732422
11.1999999999999265,124.8999999999993236,1.8662695884704590
11.1999999999999265,124.9999999999993179,2.2608683109283447
11.1999999999999265,125.1999999999993065,3.2678341865539551
11.1999999999999265,125.2999999999993008,3.3886537551879883
11.1999999999999265,125.3999999999992951,3.8142535686492920
11.1999999999999265,125.4999999999992895,4.2727365493774414
11.0999999999999268,119.4999999999996305,5.6084394454956055
11.0999999999999268,122.0999999999994827,2.8195011615753174
11.0999999999999268,122.1999999999994770,2.6191251277923584
11.0999999999999268,122.2999999999994714,2.4440219402313232
11.0999999999999268,122.3999999999994657,2.4287173748016357
11.0999999999999268,122.4999999999994600,2.7613253593444824
11.0999999999999268,122.5999999999994543,3.3490769863128662
11.0999999999999268,122.6999999999994486,4.1305661201477051
11.0999999999999268,122.7999999999994429,5.1406803131103516
11.0999999999999268,122.8999999999994373,6.1681766510009766
11.0999999999999268,124.3999999999993520,4.8212461471557617
11.0999999999999268,124.4999999999993463,4.4660205841064453
11.0999999999999268,124.5999999999993406,3.8765897750854492
11.0999999999999268,124.6999999999993349,2.7537698745727539
11.0999999999999268,124.7999999999993292,1.7687327861785889
11.0999999999999268,124.8999999999993236,1.2348368167877197
11.0999999999999268,124.9999999999993179,2.1316363811492920
11.0999999999999268,125.4999999999992895,4.7952594757080078
10.9999999999999272,119.3999999999996362,6.7941632270812988
10.9999999999999272,122.0999999999994827,3.1396255493164062
10.9999999999999272,122.1999999999994770,2.9507236480712891
10.9999999999999272,122.2999999999994714,2.7854144573211670
10.9999999999999272,122.3999999999994657,2.8861899375915527
10.9999999999999272,122.4999999999994600,3.3870637416839600
10.9999999999999272,122.5999999999994543,4.0721859931945801
10.9999999999999272,122.6999999999994486,4.8371791839599609
10.9999999999999272,122.7999999999994429,5.5890102386474609
10.9999999999999272,123.9999999999993747,5.4612078666687012
10.9999999999999272,124.4999999999993463,4.4622426033020020
10.9999999999999272,124.5999999999993406,3.8956954479217529
10.9999999999999272,124.6999999999993349,2.9059126377105713
10.9999999999999272,124.7999999999993292,2.0910127162933350
10.9999999999999272,124.8999999999993236,1.5386931896209717
10.9999999999999272,124.9999999999993179,2.1774678230285645
10.8999999999999275,119.3999999999996362,6.4761171340942383
10.8999999999999275,119.4999999999996305,5.1641712188720703
10.8999999999999275,121.9999999999994884,3.9724934101104736
10.8999999999999275,122.0999999999994827,3.5182509422302246
10.8999999999999275,122.1999999999994770,3.3189837932586670
10.8999999999999275,122.2999999999994714,3.1681649684906006
10.8999999999999275,122.3999999999994657,3.3861114978790283
10.8999999999999275,122.4999999999994600,4.0014705657958984
10.8999999999999275,122.5999999999994543,4.7479739189147949
10.8999999999999275,122.6999999999994486,5.4906558990478516
10.8999999999999275,123.1999999999994202,5.6224603652954102
10.8999999999999275,123.2999999999994145,5.0649728775024414
10.8999999999999275,123.3999999999994088,4.5340948104858398
10.8999999999999275,123.9999999999993747,5.1713094711303711
10.8999999999999275,124.4999999999993463,4.6163392066955566
10.8999999999999275,124.7999999999993292,2.6217038631439209
10.8999999999999275,124.8999999999993236,2.1333196163177490
10.8999999999999275,124.9999999999993179,2.2960364818572998
10.7999999999999279,119.2999999999996419,8.5293521881103516
10.7999999999999279,119.3999999999996362,7.2993001937866211
10.7999999999999279,119.4999999999996305,4.4972786903381348
10.7999999999999279,121.9999999999994884,4.4303803443908691
10.7999999999999279,122.0999999999994827,3.8839535713195801
10.7999999999999279,122.1999999999994770,3.7553012371063232
10.7999999999999279,122.2999999999994714,3.8024969100952148
10.7999999999999279,122.3999999999994657,4.0123105049133301
10.7999999999999279,122.4999999999994600,4.6190385818481445
10.7999999999999279,122.9999999999994316,6.3576440811157227
10.7999999999999279,123.0999999999994259,5.4492402076721191
10.7999999999999279,123.1999999999994202,4.5368866920471191
10.7999999999999279,123.2999999999994145,4.1563258171081543
10.7999999999999279,123.3999999999994088,3.8516631126403809
10.7999999999999279,123.4999999999994031,3.6557514667510986
10.7999999999999279,123.8999999999993804,4.8241028785705566
10.7999999999999279,123.9999999999993747,4.9803657531738281
10.7999999999999279,124.8999999999993236,2.5927424430847168
10.6999999999999282,119.3999999999996362,6.0443153381347656
10.6999999999999282,119.4999999999996305,4.6793637275695801
10.6999999999999282,119.5999999999996248,4.4007778167724609
10.6999999999999282,121.9999999999994884,4.7675247192382812
10.6999999999999282,122.0999999999994827,4.3719196319580078
10.6999999999999282,122.1999999999994770,4.3874788284301758
10.6999999999999282,122.2999999999994714,4.4345602989196777
10.6999999999999282,122.3999999999994657,4.7423877716064453
10.6999999999999282,122.4999999999994600,5.1238374710083008
10.6999999999999282,122.5999999999994543,5.7278599739074707
10.6999999999999282,122.6999999999994486,5.9529190063476562
10.6999999999999282,122.9999999999994316,5.6600694656372070
10.6999999999999282,123.0999999999994259,4.6191883087158203
10.6999999999999282,123.1999999999994202,3.7478549480438232
10.6999999999999282,123.2999999999994145,3.8147065639495850
10.6999999999999282,123.3999999999994088,4.0933737754821777
10.6999999999999282,123.4999999999994031,4.1037225723266602
10.6999999999999282,123.8999999999993804,4.7921824455261230
10.6999999999999282,124.7999999999993292,2.9521372318267822
10.6999999999999282,124.8999999999993236,2.6685276031494141
10.6999999999999282,124.9999999999993179,2.3191299438476562
10.6999999999999282,125.7999999999992724,7.1165719032287598
10.5999999999999286,119.3999999999996362,5.7948641777038574
10.5999999999999286,119.4999999999996305,4.5984148979187012
10.5999999999999286,119.5999999999996248,4.4165573120117188
10.5999999999999286,119.7999999999996135,5.7104434967041016
10.5999999999999286,119.8999999999996078,5.9971671104431152
10.5999999999999286,121.9999999999994884,5.1256179809570312
10.5999999999999286,122.4999999999994600,6.2945179939270020
10.5999999999999286,122.5999999999994543,6.2396411895751953
10.5999999999999286,122.6999999999994486,6.1999287605285645
10.5999999999999286,122.8999999999994373,5.2880320549011230
10.5999999999999286,122.9999999999994316,4.7584748268127441
10.5999999999999286,123.0999999999994259,3.7758889198303223
10.5999999999999286,123.1999999999994202,3.0109956264495850
10.5999999999999286,123.2999999999994145,3.5828833580017090
10.5999999999999286,123.3999999999994088,4.4090027809143066
10.5999999999999286,123.6999999999993918,4.2259378433227539
10.5999999999999286,123.7999999999993861,4.3393840789794922
10.5999999999999286,123.8999999999993804,5.0151300430297852
10.5999999999999286,123.9999999999993747,5.6459288597106934
10.5999999999999286,124.7999999999993292,2.9692285060882568
10.5999999999999286,124.8999999999993236,2.7828724384307861
10.5999999999999286,124.9999999999993179,2.4228661060333252
10.5999999999999286,125.0999999999993122,2.1497976779937744
10.4999999999999289,119.2999999999996419,6.2402029037475586
10.4999999999999289,119.3999999999996362,5.4575281143188477
10.4999999999999289,119.4999999999996305,4.7569313049316406
10.4999999999999289,119.5999999999996248,4.7005295753479004
10.4999999999999289,119.7999999999996135,5.8573160171508789
10.4999999999999289,119.8999999999996078,5.9485054016113281
10.4999999999999289,121.9999999999994884,5.4533081054687500
10.4999999999999289,122.4999999999994600,6.7122583389282227
10.4999999999999289,122.5999999999994543,6.7871198654174805
10.4999999999999289,122.6999999999994486,6.5706248283386230
10.4999999999999289,122.7999999999994429,5.6389365196228027
10.4999999999999289,122.8999999999994373,5.1958160400390625
10.4999999999999289,122.9999999999994316,4.2373294830322266
10.4999999999999289,123.0999999999994259,3.3962473869323730
10.4999999999999289,123.1999999999994202,2.8384540081024170
10.4999999999999289,123.2999999999994145,3.4496469497680664
10.4999999999999289,123.3999999999994088,4.4071235656738281
10.4999999999999289,123.7999999999993861,4.5742325782775879
10.4999999999999289,123.8999999999993804,5.1483798027038574
10.4999999999999289,123.9999999999993747,6.1814742088317871
10.4999999999999289,124.7999999999993292,3.4483208656311035
10.4999999999999289,124.8999999999993236,2.9347844123840332
10.4999999999999289,124.9999999999993179,2.6562583446502686
10.4999999999999289,125.0999999999993122,2.4383099079132080
10.3999999999999293,119.0999999999996533,4.9141731262207031
10.3999999999999293,119.1999999999996476,5.1923007965087891
10.3999999999999293,119.2999999999996419,5.2817344665527344
10.3999999999999293,119.3999999999996362,5.2412624359130859
10.3999999999999293,119.4999999999996305,5.2517452239990234
10.3999999999999293,122.8999999999994373,4.8509240150451660
10.3999999999999293,122.9999999999994316,4.2855010032653809
10.3999999999999293,123.0999999999994259,3.7122232913970947
10.3999999999999293,123.1999999999994202,3.3612453937530518
10.3999999999999293,123.2999999999994145,3.7780926227569580
10.3999999999999293,123.6999999999993918,4.5733265876770020
10.3999999999999293,123.7999999999993861,4.6801571846008301
10.3999999999999293,123.8999999999993804,5.2337050437927246
10.3999999999999293,123.9999999999993747,5.9656472206115723
10.3999999999999293,124.7999999999993292,3.4673931598663330
10.3999999999999293,124.8999999999993236,3.0504329204559326
10.3999999999999293,124.9999999999993179,3.0389134883880615
10.3999999999999293,125.0999999999993122,3.1304879188537598
10.3999999999999293,125.1999999999993065,3.6807949542999268
10.3999999999999293,125.5999999999992838,7.4311609268188477
10.2999999999999297,118.9999999999996589,4.0859689712524414
10.2999999999999297,119.0999999999996533,3.8412935733795166
10.2999999999999297,119.1999999999996476,4.0329709053039551
10.2999999999999297,119.2999999999996419,4.1977725028991699
10.2999999999999297,122.8999999999994373,4.6863708496093750
10.2999999999999297,122.9999999999994316,4.3664832115173340
10.2999999999999297,123.0999999999994259,4.0768666267395020
10.2999999999999297,123.1999999999994202,3.9766170978546143
10.2999999999999297,123.2999999999994145,4.4494924545288086
10.2999999999999297,123.5999999999993975,5.2429552078247070
10.2999999999999297,123.6999999999993918,5.0259752273559570
10.2999999999999297,123.7999999999993861,5.0020847320556641
10.2999999999999297,124.7999999999993292,3.7915551662445068
10.2999999999999297,124.8999999999993236,3.5389561653137207
10.2999999999999297,125.0999999999993122,4.1086869239807129
10.2999999999999297,125.1999999999993065,4.6736645698547363
10.2999999999999297,125.5999999999992838,7.6804594993591309
10.1999999999999300,118.7999999999996703,5.3156604766845703
10.1999999999999300,118.9999999999996589,3.8540587425231934
10.1999999999999300,119.0999999999996533,3.7843313217163086
10.1999999999999300,119.1999999999996476,3.8081626892089844
10.1999999999999300,122.8999999999994373,4.4246101379394531
10.1999999999999300,122.9999999999994316,4.1734776496887207
10.1999999999999300,123.0999999999994259,4.0544753074645996
10.1999999999999300,123.1999999999994202,4.0214891433715820
10.1999999999999300,123.2999999999994145,4.4554471969604492
10.1999999999999300,123.5999999999993975,5.3723821640014648
10.1999999999999300,123.6999999999993918,5.2387795448303223
10.1999999999999300,124.8999999999993236,4.6619896888732910
10.1999999999999300,125.5999999999992838,8.1120471954345703
10.0999999999999304,118.8999999999996646,4.5707983970642090
10.0999999999999304,118.9999999999996589,4.2737908363342285
10.0999999999999304,119.0999999999996533,4.5165147781372070
10.0999999999999304,119.1999999999996476,4.7284841537475586
10.0999999999999304,122.8999999999994373,4.0258393287658691
10.0999999999999304,122.9999999999994316,3.7639110088348389
10.0999999999999304,123.0999999999994259,3.7721388339996338
10.0999999999999304,123.1999999999994202,3.8234648704528809
10.0999999999999304,123.4999999999994031,4.7486982345581055
10.0999999999999304,123.5999999999993975,4.9733824729919434
10.0999999999999304,124.1999999999993634,4.5841140747070312
10.0999999999999304,124.2999999999993577,4.1274290084838867
10.0999999999999304,124.3999999999993520,4.4017300605773926
10.0999999999999304,125.1999999999993065,7.1470499038696289
10.0999999999999304,125.5999999999992838,8.2168579101562500
9.9999999999999307,118.7999999999996703,4.7399010658264160
9.9999999999999307,118.8999999999996646,4.5233502388000488
9.9999999999999307,118.9999999999996589,4.6460156440734863
9.9999999999999307,119.0999999999996533,5.0143299102783203
9.9999999999999307,122.7999999999994429,4.2566714286804199
9.9999999999999307,122.8999999999994373,3.8046526908874512
9.9999999999999307,122.9999999999994316,3.6475303173065186
9.9999999999999307,123.0999999999994259,3.5849616527557373
9.9999999999999307,123.1999999999994202,3.6183593273162842
9.9999999999999307,123.3999999999994088,3.9796361923217773
9.9999999999999307,123.4999999999994031,4.1491641998291016
9.9999999999999307,123.5999999999993975,4.5355353355407715
9.9999999999999307,124.0999999999993690,4.3685898780822754
9.9999999999999307,124.1999999999993634,3.9246950149536133
9.9999999999999307,124.2999999999993577,3.4694552421569824
9.9999999999999307,124.3999999999993520,4.1673645973205566
9.9999999999999307,124.4999999999993463,5.2334017753601074
9.9999999999999307,125.1999999999993065,7.9253263473510742
9.9999999999999307,125.5999999999992838,8.4436540603637695
9.8999999999999311,118.5999999999996817,4.5895395278930664
9.8999999999999311,118.6999999999996760,4.1678175926208496
9.8999999999999311,122.3999999999994657,5.9745674133300781
9.8999999999999311,122.4999999999994600,5.3532381057739258
9.8999999999999311,122.5999999999994543,4.7345447540283203
9.8999999999999311,122.6999999999994486,4.2237162590026855
9.8999999999999311,122.7999999999994429,3.9440150260925293
9.8999999999999311,122.8999999999994373,3.6861996650695801
9.8999999999999311,122.9999999999994316,3.7561566829681396
9.8999999999999311,123.0999999999994259,3.8754031658172607
9.8999999999999311,123.3999999999994088,3.8728144168853760
9.8999999999999311,123.4999999999994031,3.9885466098785400
9.8999999999999311,123.5999999999993975,4.5058178901672363
9.8999999999999311,123.8999999999993804,5.0488553047180176
9.8999999999999311,123.9999999999993747,4.7743740081787109
9.8999999999999311,124.0999999999993690,4.3019499778747559
9.8999999999999311,124.1999999999993634,3.7495567798614502
9.8999999999999311,124.2999999999993577,3.3930130004882812
9.8999999999999311,124.3999999999993520,4.3079714775085449
9.8999999999999311,124.4999999999993463,5.5129060745239258
9.8999999999999311,125.5999999999992838,7.1967496871948242
9.8999999999999311,125.9999999999992610,7.5679402351379395
9.7999999999999314,118.5999999999996817,4.4622535705566406
9.7999999999999314,118.6999999999996760,3.4643292427062988
9.7999999999999314,122.4999999999994600,5.0777420997619629
9.7999999999999314,122.5999999999994543,4.6097826957702637
9.7999999999999314,122.6999999999994486,4.2107176780700684
9.7999999999999314,122.7999999999994429,3.8345994949340820
9.7999999999999314,122.8999999999994373,3.7177691459655762
9.7999999999999314,122.9999999999994316,3.9250667095184326
9.7999999999999314,123.0999999999994259,4.2054023742675781
9.7999999999999314,123.3999999999994088,4.0512514114379883
9.7999999999999314,123.4999999999994031,3.9934375286102295
9.7999999999999314,123.8999999999993804,5.0682387351989746
9.7999999999999314,123.9999999999993747,4.7223582267761230
9.7999999999999314,124.0999999999993690,4.4189014434814453
9.7999999999999314,124.1999999999993634,4.0824093818664551
9.7999999999999314,124.2999999999993577,3.9072515964508057
9.7999999999999314,124.3999999999993520,4.7334051132202148
9.7999999999999314,124.4999999999993463,5.9718589782714844
9.7999999999999314,125.9999999999992610,7.2977032661437988
9.7999999999999314,126.0999999999992554,7.2130818367004395
9.6999999999999318,118.3999999999996930,6.4552407264709473
9.6999999999999318,118.4999999999996874,5.3628644943237305
9.6999999999999318,118.5999999999996817,4.0164918899536133
9.6999999999999318,118.6999999999996760,3.0539731979370117
9.6999999999999318,122.4999999999994600,4.9822888374328613
9.6999999999999318,122.5999999999994543,4.5524735450744629
9.6999999999999318,122.6999999999994486,4.3058981895446777
9.6999999999999318,122.7999999999994429,4.1266703605651855
9.6999999999999318,122.8999999999994373,3.9618740081787109
9.6999999999999318,122.9999999999994316,4.0362634658813477
9.6999999999999318,123.0999999999994259,4.4478898048400879
9.6999999999999318,123.3999999999994088,4.2212724685668945
9.6999999999999318,123.8999999999993804,5.1220211982727051
9.6999999999999318,123.9999999999993747,4.8535919189453125
9.6999999999999318,124.0999999999993690,4.6871938705444336
9.6999999999999318,124.1999999999993634,4.5499863624572754
9.6999999999999318,124.2999999999993577,4.4383358955383301
9.6999999999999318,124.3999999999993520,5.0681262016296387
9.6999999999999318,125.4999999999992895,4.9658422470092773
9.5999999999999321,118.3999999999996930,5.6518650054931641
9.5999999999999321,118.4999999999996874,4.6327414512634277
9.5999999999999321,118.5999999999996817,3.6257176399230957
9.5999999999999321,118.6999999999996760,2.9175579547882080
9.5999999999999321,122.4999999999994600,4.9672479629516602
9.5999999999999321,122.5999999999994543,4.7277808189392090
9.5999999999999321,122.6999999999994486,4.4899892807006836
9.5999999999999321,122.7999999999994429,4.2915792465209961
9.5999999999999321,122.8999999999994373,4.0996222496032715
9.5999999999999321,122.9999999999994316,3.9626920223236084
9.5999999999999321,123.0999999999994259,4.1497206687927246
9.5999999999999321,123.2999999999994145,4.2614440917968750
9.5999999999999321,123.3999999999994088,4.2027978897094727
9.5999999999999321,123.7999999999993861,5.6721973419189453
9.5999999999999321,125.3999999999992951,4.8944706916809082
9.5999999999999321,125.4999999999992895,4.6739363670349121
9.5999999999999321,125.5999999999992838,4.3729176521301270
9.5999999999999321,125.6999999999992781,4.1614089012145996
9.4999999999999325,118.2999999999996987,5.4639744758605957
9.4999999999999325,118.3999999999996930,4.5360865592956543
9.4999999999999325,118.4999999999996874,3.8527870178222656
9.4999999999999325,118.5999999999996817,3.4743757247924805
9.4999999999999325,122.5999999999994543,5.0087156295776367
9.4999999999999325,122.6999999999994486,4.7238464355468750
9.4999999999999325,122.7999999999994429,4.4243798255920410
9.4999999999999325,122.8999999999994373,4.1140589714050293
9.4999999999999325,122.9999999999994316,3.8056087493896484
9.4999999999999325,123.0999999999994259,3.7382078170776367
9.4999999999999325,123.3999999999994088,4.2359385490417480
9.4999999999999325,125.4999999999992895,4.5883660316467285
9.4999999999999325,125.5999999999992838,3.8770763874053955
9.4999999999999325,125.6999999999992781,3.2226583957672119
9.4999999999999325,125.7999999999992724,3.0720741748809814
9.3999999999999329,118.1999999999997044,5.3783826828002930
9.3999999999999329,118.2999999999996987,4.6623497009277344
9.3999999999999329,118.3999999999996930,3.7996797561645508
9.3999999999999329,118.4999999999996874,3.5157358646392822
9.3999999999999329,122.7999999999994429,4.5988006591796875
9.3999999999999329,122.8999999999994373,4.2031908035278320
9.3999999999999329,122.9999999999994316,3.7933588027954102
9.3999999999999329,123.0999999999994259,3.4146761894226074
9.3999999999999329,123.1999999999994202,3.3844063282012939
9.3999999999999329,125.5999999999992838,3.3330466747283936
9.3999999999999329,125.6999999999992781,2.3757290840148926
9.3999999999999329,125.7999999999992724,1.9961987733840942
9.3999999999999329,125.8999999999992667,2.2902560234069824
9.2999999999999332,118.0999999999997101,5.1098709106445312
9.2999999999999332,118.1999999999997044,4.8576011657714844
9.2999999999999332,118.2999999999996987,4.5153565406799316
9.2999999999999332,118.3999999999996930,4.1244354248046875
9.2999999999999332,122.8999999999994373,4.5601711273193359
9.2999999999999332,122.9999999999994316,4.1472001075744629
9.2999999999999332,123.0999999999994259,3.7294464111328125
9.2999999999999332,123.1999999999994202,3.4356751441955566
9.2999999999999332,123.2999999999994145,3.8346216678619385
9.2999999999999332,125.5999999999992838,3.1447560787200928
9.2999999999999332,125.6999999999992781,1.8139255046844482
9.2999999999999332,125.7999999999992724,1.5295413732528687
9.2999999999999332,125.8999999999992667,1.9526758193969727
9.1999999999999336,117.8999999999997215,3.7167873382568359
9.1999999999999336,117.9999999999997158,4.0804457664489746
9.1999999999999336,118.0999999999997101,4.0780496597290039
9.1999999999999336,118.1999999999997044,4.2258839607238770
9.1999999999999336,122.8999999999994373,5.1071863174438477
9.1999999999999336,122.9999999999994316,4.6079730987548828
9.1999999999999336,123.0999999999994259,4.1304287910461426
9.1999999999999336,123.1999999999994202,3.8755958080291748
9.1999999999999336,123.4999999999994031,6.5092940330505371
9.1999999999999336,123.5999999999993975,6.8694505691528320
9.1999999999999336,124.6999999999993349,8.1495246887207031
9.1999999999999336,124.7999999999993292,8.1350450515747070
9.1999999999999336,125.5999999999992838,3.4260718822479248
9.1999999999999336,125.6999999999992781,1.9730880260467529
9.1999999999999336,125.7999999999992724,1.2070494890213013
9.1999999999999336,125.8999999999992667,1.5037620067596436
9.1999999999999336,125.9999999999992610,2.0568256378173828
9.1999999999999336,126.0999999999992554,2.7416644096374512
9.0999999999999339,117.7999999999997272,3.7828760147094727
9.0999999999999339,117.8999999999997215,3.1611661911010742
9.0999999999999339,117.9999999999997158,3.2941293716430664
9.0999999999999339,122.9999999999994316,5.2012133598327637
9.0999999999999339,123.0999999999994259,4.7300429344177246
9.0999999999999339,123.5999999999993975,7.2742753028869629
9.0999999999999339,125.5999999999992838,3.2185783386230469
9.0999999999999339,125.6999999999992781,2.0652000904083252
9.0999999999999339,125.7999999999992724,1.2665694952011108
9.0999999999999339,125.8999999999992667,1.1005454063415527
9.0999999999999339,125.9999999999992610,1.6255047321319580
9.0999999999999339,126.0999999999992554,2.2733511924743652
8.9999999999999343,117.5999999999997385,4.3819103240966797
8.9999999999999343,117.6999999999997328,3.9997382164001465
8.9999999999999343,117.7999999999997272,3.2738163471221924
8.9999999999999343,117.8999999999997215,3.0396652221679688
8.9999999999999343,117.9999999999997158,3.5828576087951660
8.9999999999999343,125.2999999999993008,3.0264394283294678
8.9999999999999343,125.3999999999992951,3.4002075195312500
8.9999999999999343,125.5999999999992838,2.6398649215698242
8.9999999999999343,125.6999999999992781,1.9277299642562866
8.9999999999999343,125.7999999999992724,1.4727808237075806
8.9999999999999343,125.8999999999992667,1.0618903636932373
8.9999999999999343,125.9999999999992610,1.1561118364334106
8.9999999999999343,126.0999999999992554,1.9011106491088867
8.9999999999999343,126.1999999999992497,2.7569355964660645
8.8999999999999346,117.4999999999997442,4.0208153724670410
8.8999999999999346,117.5999999999997385,3.5287778377532959
8.8999999999999346,117.6999999999997328,3.0523793697357178
8.8999999999999346,117.7999999999997272,2.5871875286102295
8.8999999999999346,117.8999999999997215,2.9530522823333740
8.8999999999999346,117.9999999999997158,3.7032907009124756
8.8999999999999346,124.7999999999993292,3.6014010906219482
8.8999999999999346,124.8999999999993236,3.1033995151519775
8.8999999999999346,124.9999999999993179,2.3530573844909668
8.8999999999999346,125.1999999999993065,2.0921247005462646
8.8999999999999346,125.2999999999993008,2.3108215332031250
8.8999999999999346,125.3999999999992951,2.7086167335510254
8.8999999999999346,125.4999999999992895,2.6458520889282227
8.8999999999999346,125.5999999999992838,2.2921371459960938
8.8999999999999346,125.6999999999992781,2.0439147949218750
8.8999999999999346,125.7999999999992724,1.6811828613281250
8.8999999999999346,125.8999999999992667,1.3470884561538696
8.8999999999999346,125.9999999999992610,1.6023354530334473
8.8999999999999346,126.0999999999992554,2.0798339843750000
8.8999999999999346,126.1999999999992497,2.6918520927429199
8.8999999999999346,126.2999999999992440,3.2747681140899658
8.7999999999999350,117.4999999999997442,3.8781142234802246
8.7999999999999350,117.5999999999997385,3.4773983955383301
8.7999999999999350,117.6999999999997328,3.3395349979400635
8.7999999999999350,117.7999999999997272,3.1261212825775146
8.7999999999999350,117.8999999999997215,3.0696656703948975
8.7999999999999350,124.8999999999993236,2.1524169445037842
8.7999999999999350,124.9999999999993179,1.6341331005096436
8.7999999999999350,125.0999999999993122,1.4450770616531372
8.7999999999999350,125.1999999999993065,1.5320893526077271
8.7999999999999350,125.2999999999993008,1.6792918443679810
8.7999999999999350,125.3999999999992951,2.0897905826568604
8.7999999999999350,125.4999999999992895,2.1383354663848877
8.7999999999999350,125.5999999999992838,2.0337324142456055
8.7999999999999350,125.6999999999992781,2.0860199928283691
8.7999999999999350,125.7999999999992724,1.7052632570266724
8.7999999999999350,125.8999999999992667,1.6030437946319580
8.7999999999999350,125.9999999999992610,1.9020682573318481
8.7999999999999350,126.0999999999992554,2.1977894306182861
8.7999999999999350,126.1999999999992497,2.6291263103485107
8.7999999999999350,126.2999999999992440,3.0355648994445801
8.6999999999999353,117.3999999999997499,4.5893678665161133
8.6999999999999353,117.4999999999997442,4.3156580924987793
8.6999999999999353,117.5999999999997385,4.4447946548461914
8.6999999999999353,123.4999999999994031,5.6399083137512207
8.6999999999999353,124.7999999999993292,2.2824561595916748
8.6999999999999353,124.8999999999993236,2.2075223922729492
8.6999999999999353,124.9999999999993179,1.8199416399002075
8.6999999999999353,125.0999999999993122,1.5320019721984863
8.6999999999999353,125.1999999999993065,1.3521982431411743
8.6999999999999353,125.2999999999993008,1.3910697698593140
8.6999999999999353,125.3999999999992951,1.6817559003829956
8.6999999999999353,125.4999999999992895,1.6820341348648071
8.6999999999999353,125.5999999999992838,1.7030493021011353
8.6999999999999353,125.6999999999992781,1.9188171625137329
8.6999999999999353,125.7999999999992724,1.5646438598632812
8.6999999999999353,125.8999999999992667,1.5541633367538452
8.6999999999999353,125.9999999999992610,1.7980537414550781
8.6999999999999353,126.0999999999992554,2.0985286235809326
8.5999999999999357,117.3999999999997499,4.5427722930908203
8.5999999999999357,117.4999999999997442,4.7713122367858887
8.5999999999999357,123.3999999999994088,4.7703499794006348
8.5999999999999357,123.4999999999994031,4.4679489135742188
8.5999999999999357,123.5999999999993975,4.8945174217224121
8.5999999999999357,123.6999999999993918,5.4291806221008301
8.5999999999999357,124.7999999999993292,2.1683747768402100
8.5999999999999357,124.8999999999993236,2.2987341880798340
8.5999999999999357,124.9999999999993179,1.9977092742919922
8.5999999999999357,125.0999999999993122,1.6460675001144409
8.5999999999999357,125.1999999999993065,1.3905913829803467
8.5999999999999357,125.2999999999993008,1.2526535987854004
8.5999999999999357,125.3999999999992951,1.3705824613571167
8.5999999999999357,125.4999999999992895,1.5057343244552612
8.5999999999999357,125.5999999999992838,1.5597113370895386
8.5999999999999357,125.6999999999992781,1.8960157632827759
8.5999999999999357,125.7999999999992724,1.5308802127838135
8.5999999999999357,125.8999999999992667,1.6352720260620117
8.5999999999999357,125.9999999999992610,1.7926323413848877
8.5999999999999357,126.0999999999992554,2.1128890514373779
8.4999999999999361,117.1999999999997613,5.6942319869995117
8.4999999999999361,117.2999999999997556,5.0516910552978516
8.4999999999999361,117.3999999999997499,4.7496914863586426
8.4999999999999361,123.0999999999994259,5.3921494483947754
8.4999999999999361,123.2999999999994145,3.9658138751983643
8.4999999999999361,123.3999999999994088,3.6420016288757324
8.4999999999999361,123.4999999999994031,3.1149241924285889
8.4999999999999361,123.5999999999993975,3.6699416637420654
8.4999999999999361,123.6999999999993918,4.2482423782348633
8.4999999999999361,123.7999999999993861,4.2678537368774414
8.4999999999999361,124.2999999999993577,3.5480349063873291
8.4999999999999361,124.3999999999993520,3.4877629280090332
8.4999999999999361,124.4999999999993463,2.8669376373291016
8.4999999999999361,124.6999999999993349,2.3167457580566406
8.4999999999999361,124.7999999999993292,2.1466884613037109
8.4999999999999361,124.8999999999993236,2.3286800384521484
8.4999999999999361,124.9999999999993179,1.9399249553680420
8.4999999999999361,125.0999999999993122,1.6390565633773804
8.4999999999999361,125.1999999999993065,1.4036996364593506
8.4999999999999361,125.2999999999993008,1.2395228147506714
8.4999999999999361,125.3999999999992951,1.3180480003356934
8.4999999999999361,125.4999999999992895,1.3835231065750122
8.4999999999999361,125.5999999999992838,1.4608653783798218
8.4999999999999361,125.6999999999992781,1.6872389316558838
8.4999999999999361,125.7999999999992724,1.5632902383804321
8.4999999999999361,125.8999999999992667,1.5519309043884277
8.4999999999999361,125.9999999999992610,1.6140283346176147
8.4999999999999361,126.0999999999992554,2.0250182151794434
8.4999999999999361,126.1999999999992497,2.7933592796325684
8.4999999999999361,126.2999999999992440,3.8052918910980225
8.3999999999999364,123.0999999999994259,4.5320825576782227
8.3999999999999364,123.1999999999994202,3.9238381385803223
8.3999999999999364,123.2999999999994145,3.2691307067871094
8.3999999999999364,123.3999999999994088,2.6400609016418457
8.3999999999999364,123.4999999999994031,2.3274009227752686
8.3999999999999364,123.5999999999993975,2.5621092319488525
8.3999999999999364,123.6999999999993918,3.1028985977172852
8.3999999999999364,123.7999999999993861,3.4444940090179443
8.3999999999999364,124.2999999999993577,2.9931778907775879
8.3999999999999364,124.3999999999993520,2.4212040901184082
8.3999999999999364,124.4999999999993463,2.2698707580566406
8.3999999999999364,124.5999999999993406,2.4541401863098145
8.3999999999999364,124.6999999999993349,2.1462090015411377
8.3999999999999364,124.7999999999993292,2.0829818248748779
8.3999999999999364,124.8999999999993236,2.1567409038543701
8.3999999999999364,124.9999999999993179,1.7601686716079712
8.3999999999999364,125.0999999999993122,1.5340304374694824
8.3999999999999364,125.1999999999993065,1.3069375753402710
8.3999999999999364,125.2999999999993008,1.0747560262680054
8.3999999999999364,125.3999999999992951,1.1517863273620605
8.3999999999999364,125.4999999999992895,1.3769439458847046
8.3999999999999364,125.5999999999992838,1.4168463945388794
8.3999999999999364,125.6999999999992781,1.6520316600799561
8.3999999999999364,125.7999999999992724,1.5210458040237427
8.3999999999999364,125.8999999999992667,1.3694032430648804
8.3999999999999364,125.9999999999992610,1.6567802429199219
8.3999999999999364,126.0999999999992554,1.9398808479309082
8.3999999999999364,126.1999999999992497,2.2342920303344727
8.3999999999999364,126.2999999999992440,2.9295642375946045
8.2999999999999368,117.2999999999997556,7.6083941459655762
8.2999999999999368,122.9999999999994316,3.9017653465270996
8.2999999999999368,123.0999999999994259,3.4196805953979492
8.2999999999999368,123.1999999999994202,2.8299076557159424
8.2999999999999368,123.2999999999994145,2.2771775722503662
8.2999999999999368,123.3999999999994088,2.1275629997253418
8.2999999999999368,123.4999999999994031,2.3635306358337402
8.2999999999999368,123.5999999999993975,2.4703044891357422
8.2999999999999368,123.6999999999993918,2.6351752281188965
8.2999999999999368,123.7999999999993861,2.9698679447174072
8.2999999999999368,124.2999999999993577,2.7139942646026611
8.2999999999999368,124.3999999999993520,2.2028942108154297
8.2999999999999368,124.4999999999993463,1.8611458539962769
8.2999999999999368,124.5999999999993406,1.9948835372924805
8.2999999999999368,124.6999999999993349,1.9373873472213745
8.2999999999999368,124.7999999999993292,2.0223951339721680
8.2999999999999368,124.8999999999993236,2.0502054691314697
8.2999999999999368,124.9999999999993179,1.5665869712829590
8.2999999999999368,125.0999999999993122,1.4088295698165894
8.2999999999999368,125.1999999999993065,1.2177609205245972
8.2999999999999368,125.2999999999993008,1.0685020685195923
8.2999999999999368,125.3999999999992951,1.2604829072952271
8.2999999999999368,125.4999999999992895,1.4239150285720825
8.2999999999999368,125.5999999999992838,1.5654628276824951
8.2999999999999368,125.6999999999992781,1.7782905101776123
8.2999999999999368,125.7999999999992724,1.5198612213134766
8.2999999999999368,125.8999999999992667,1.3138383626937866
8.2999999999999368,125.9999999999992610,1.6590327024459839
8.2999999999999368,126.0999999999992554,1.8572931289672852
8.2999999999999368,126.1999999999992497,2.0100030899047852
8.2999999999999368,126.2999999999992440,2.1334841251373291
8.1999999999999371,122.9999999999994316,3.2529008388519287
8.1999999999999371,123.0999999999994259,2.5778470039367676
8.1999999999999371,123.1999999999994202,2.1708405017852783
8.1999999999999371,123.2999999999994145,2.0407874584197998
8.1999999999999371,123.3999999999994088,2.2332665920257568
8.1999999999999371,123.4999999999994031,2.5006749629974365
8.1999999999999371,123.5999999999993975,2.5273902416229248
8.1999999999999371,123.6999999999993918,2.5560314655303955
8.1999999999999371,123.7999999999993861,2.8466849327087402
8.1999999999999371,124.0999999999993690,3.5705208778381348
8.1999999999999371,124.1999999999993634,3.0355148315429688
8.1999999999999371,124.2999999999993577,2.6150455474853516
8.1999999999999371,124.3999999999993520,2.2986025810241699
8.1999999999999371,124.4999999999993463,2.0648882389068604
8.1999999999999371,124.5999999999993406,2.0408890247344971
8.1999999999999371,124.6999999999993349,1.7078830003738403
8.1999999999999371,124.7999999999993292,1.6817504167556763
8.1999999999999371,124.8999999999993236,1.6445457935333252
8.1999999999999371,124.9999999999993179,1.3632085323333740
8.1999999999999371,125.0999999999993122,1.2801026105880737
8.1999999999999371,125.1999999999993065,1.4426037073135376
8.1999999999999371,125.2999999999993008,1.4129840135574341
8.1999999999999371,125.3999999999992951,1.3940676450729370
8.1999999999999371,125.4999999999992895,1.4753749370574951
8.1999999999999371,125.5999999999992838,1.6881697177886963
8.1999999999999371,125.6999999999992781,1.9445043802261353
8.1999999999999371,125.7999999999992724,1.6674970388412476
8.1999999999999371,125.8999999999992667,1.4297971725463867
8.1999999999999371,125.9999999999992610,1.7426304817199707
8.1999999999999371,126.0999999999992554,1.7762719392776489
8.1999999999999371,126.1999999999992497,1.7682287693023682
8.1999999999999371,126.2999999999992440,1.7399148941040039
8.1999999999999371,126.3999999999992383,2.5961942672729492
8.0999999999999375,116.9999999999997726,8.1074829101562500
8.0999999999999375,122.7999999999994429,3.3172993659973145
8.0999999999999375,122.8999999999994373,2.9246938228607178
8.0999999999999375,122.9999999999994316,2.4092674255371094
8.0999999999999375,123.0999999999994259,2.0447235107421875
8.0999999999999375,123.1999999999994202,1.9366804361343384
8.0999999999999375,123.2999999999994145,2.1066968441009521
8.0999999999999375,123.3999999999994088,2.4267761707305908
8.0999999999999375,123.4999999999994031,2.6625466346740723
8.0999999999999375,123.5999999999993975,2.6057715415954590
8.0999999999999375,123.6999999999993918,2.6060693264007568
8.0999999999999375,123.7999999999993861,2.6632421016693115
8.0999999999999375,123.9999999999993747,3.2709960937500000
8.0999999999999375,124.0999999999993690,3.1933135986328125
8.0999999999999375,124.1999999999993634,2.9126267433166504
8.0999999999999375,124.2999999999993577,2.8290517330169678
8.0999999999999375,124.3999999999993520,2.5704054832458496
8.0999999999999375,124.4999999999993463,2.2528009414672852
8.0999999999999375,124.5999999999993406,1.9400484561920166
8.0999999999999375,124.6999999999993349,1.5480494499206543
8.0999999999999375,124.7999999999993292,1.4335045814514160
8.0999999999999375,124.8999999999993236,1.3446785211563110
8.0999999999999375,124.9999999999993179,1.3704071044921875
8.0999999999999375,125.0999999999993122,1.7344514131546021
8.0999999999999375,125.1999999999993065,1.9014132022857666
8.0999999999999375,125.2999999999993008,1.7897436618804932
8.0999999999999375,125.3999999999992951,1.8700251579284668
8.0999999999999375,125.4999999999992895,1.7709262371063232
8.0999999999999375,125.5999999999992838,1.8737332820892334
8.0999999999999375,125.6999999999992781,2.2810566425323486
8.0999999999999375,125.7999999999992724,1.9093877077102661
8.0999999999999375,125.8999999999992667,1.6526310443878174
8.0999999999999375,125.9999999999992610,1.8468956947326660
8.0999999999999375,126.0999999999992554,1.7140798568725586
8.0999999999999375,126.1999999999992497,1.5245815515518188
8.0999999999999375,126.2999999999992440,1.3911532163619995
8.0999999999999375,126.3999999999992383,2.9468162059783936
7.9999999999999378,116.9999999999997726,8.1323995590209961
7.9999999999999378,122.2999999999994714,4.6391854286193848
7.9999999999999378,122.3999999999994657,3.8893110752105713
7.9999999999999378,122.4999999999994600,3.5672860145568848
7.9999999999999378,122.5999999999994543,3.4995603561401367
7.9999999999999378,122.6999999999994486,3.1820104122161865
7.9999999999999378,122.7999999999994429,2.7491407394409180
7.9999999999999378,122.8999999999994373,2.4711918830871582
7.9999999999999378,122.9999999999994316,2.2747821807861328
7.9999999999999378,123.0999999999994259,2.1201565265655518
7.9999999999999378,123.1999999999994202,2.1244876384735107
7.9999999999999378,123.2999999999994145,2.3838317394256592
7.9999999999999378,123.3999999999994088,2.6891396045684814
7.9999999999999378,123.4999999999994031,2.8532462120056152
7.9999999999999378,123.5999999999993975,2.7385473251342773
7.9999999999999378,123.6999999999993918,2.6898155212402344
7.9999999999999378,123.7999999999993861,2.6637949943542480
7.9999999999999378,123.8999999999993804,2.6440582275390625
7.9999999999999378,123.9999999999993747,2.7843756675720215
7.9999999999999378,124.0999999999993690,2.8434417247772217
7.9999999999999378,124.1999999999993634,2.7622773647308350
7.9999999999999378,124.2999999999993577,2.9553403854370117
7.9999999999999378,124.3999999999993520,2.7358555793762207
7.9999999999999378,124.4999999999993463,2.3948366641998291
7.9999999999999378,124.5999999999993406,2.0781469345092773
7.9999999999999378,124.6999999999993349,1.8106843233108521
7.9999999999999378,124.7999999999993292,1.6241103410720825
7.9999999999999378,124.8999999999993236,1.6299120187759399
7.9999999999999378,124.9999999999993179,1.9059339761734009
7.9999999999999378,125.0999999999993122,2.1890571117401123
7.9999999999999378,125.1999999999993065,2.2750966548919678
7.9999999999999378,125.2999999999993008,2.1658158302307129
7.9999999999999378,125.3999999999992951,2.3422853946685791
7.9999999999999378,125.4999999999992895,2.1961367130279541
7.9999999999999378,125.5999999999992838,2.0230090618133545
7.9999999999999378,125.6999999999992781,2.4201834201812744
7.9999999999999378,125.7999999999992724,2.0853838920593262
7.9999999999999378,125.8999999999992667,1.9179674386978149
7.9999999999999378,125.9999999999992610,2.1366214752197266
7.9999999999999378,126.0999999999992554,1.6063967943191528
7.9999999999999378,126.1999999999992497,1.2778543233871460
7.9999999999999378,126.2999999999992440,1.1216090917587280
7.8999999999999382,116.9999999999997726,8.1932811737060547
7.8999999999999382,122.2999999999994714,4.2394323348999023
7.8999999999999382,122.3999999999994657,3.4033055305480957
7.8999999999999382,122.4999999999994600,3.2497961521148682
7.8999999999999382,122.5999999999994543,3.4009490013122559
7.8999999999999382,122.6999999999994486,3.3034603595733643
7.8999999999999382,122.7999999999994429,2.9783432483673096
7.8999999999999382,122.8999999999994373,2.6549293994903564
7.8999999999999382,122.9999999999994316,2.4930486679077148
7.8999999999999382,123.0999999999994259,2.3480658531188965
7.8999999999999382,123.1999999999994202,2.4010777473449707
7.8999999999999382,123.2999999999994145,2.6730074882507324
7.8999999999999382,123.3999999999994088,2.9989619255065918
7.8999999999999382,123.4999999999994031,3.1561362743377686
7.8999999999999382,123.5999999999993975,2.9884388446807861
7.8999999999999382,123.6999999999993918,2.8917927742004395
7.8999999999999382,123.7999999999993861,2.7518272399902344
7.8999999999999382,123.8999999999993804,2.6042072772979736
7.8999999999999382,123.9999999999993747,2.5991468429565430
7.8999999999999382,124.0999999999993690,2.6271374225616455
7.8999999999999382,124.1999999999993634,2.6560657024383545
7.8999999999999382,124.2999999999993577,2.8010973930358887
7.8999999999999382,124.3999999999993520,2.5862743854522705
7.8999999999999382,124.4999999999993463,2.3559722900390625
7.8999999999999382,124.5999999999993406,2.2516050338745117
7.8999999999999382,124.6999999999993349,2.1628031730651855
7.8999999999999382,124.7999999999993292,2.1737112998962402
7.8999999999999382,124.8999999999993236,2.2595856189727783
7.8999999999999382,124.9999999999993179,2.3698358535766602
7.8999999999999382,125.0999999999993122,2.4730963706970215
7.8999999999999382,125.1999999999993065,2.4526104927062988
7.8999999999999382,125.2999999999993008,2.2734222412109375
7.8999999999999382,125.3999999999992951,2.3177075386047363
7.8999999999999382,125.4999999999992895,2.1219005584716797
7.8999999999999382,125.5999999999992838,1.9484491348266602
7.8999999999999382,125.6999999999992781,2.4893641471862793
7.8999999999999382,125.7999999999992724,2.0396618843078613
7.8999999999999382,125.8999999999992667,1.9414216279983521
7.8999999999999382,125.9999999999992610,2.2730894088745117
7.8999999999999382,126.0999999999992554,1.5104392766952515
7.8999999999999382,126.1999999999992497,1.0113327503204346
7.8999999999999382,126.2999999999992440,1.1465085744857788
7.7999999999999385,122.0999999999994827,6.3768701553344727
7.7999999999999385,122.1999999999994770,5.1654067039489746
7.7999999999999385,122.2999999999994714,3.8771443367004395
7.7999999999999385,122.3999999999994657,3.0509762763977051
7.7999999999999385,122.4999999999994600,3.3107256889343262
7.7999999999999385,122.5999999999994543,4.3281702995300293
7.7999999999999385,122.6999999999994486,3.9105484485626221
7.7999999999999385,122.7999999999994429,3.4548711776733398
7.7999999999999385,122.8999999999994373,3.0744087696075439
7.7999999999999385,122.9999999999994316,2.7639956474304199
7.7999999999999385,123.0999999999994259,2.5977802276611328
7.7999999999999385,123.1999999999994202,2.6474339962005615
7.7999999999999385,123.2999999999994145,2.9612543582916260
7.7999999999999385,123.3999999999994088,3.3754584789276123
7.7999999999999385,123.6999999999993918,3.0640130043029785
7.7999999999999385,123.7999999999993861,3.0646767616271973
7.7999999999999385,123.8999999999993804,2.8829066753387451
7.7999999999999385,123.9999999999993747,2.6901159286499023
7.7999999999999385,124.0999999999993690,2.5022673606872559
7.7999999999999385,124.1999999999993634,2.5684146881103516
7.7999999999999385,124.2999999999993577,2.6877083778381348
7.7999999999999385,124.3999999999993520,2.5419752597808838
7.7999999999999385,124.4999999999993463,2.5026531219482422
7.7999999999999385,124.5999999999993406,2.5629506111145020
7.7999999999999385,124.6999999999993349,2.5550940036773682
7.7999999999999385,124.7999999999993292,2.7377460002899170
7.7999999999999385,124.8999999999993236,2.9041097164154053
7.7999999999999385,124.9999999999993179,2.8326597213745117
7.7999999999999385,125.0999999999993122,2.8175675868988037
7.7999999999999385,125.1999999999993065,2.7181208133697510
7.7999999999999385,125.2999999999993008,2.4370067119598389
7.7999999999999385,125.3999999999992951,2.2000873088836670
7.7999999999999385,125.4999999999992895,1.9603410959243774
7.7999999999999385,125.5999999999992838,1.8281060457229614
7.7999999999999385,125.6999999999992781,2.3736624717712402
7.7999999999999385,125.7999999999992724,1.9470391273498535
7.7999999999999385,125.8999999999992667,1.9234997034072876
7.7999999999999385,125.9999999999992610,2.3244683742523193
7.7999999999999385,126.0999999999992554,1.5444254875183105
7.7999999999999385,126.1999999999992497,1.1071048974990845
7.7999999999999385,126.2999999999992440,1.2219913005828857
7.7999999999999385,126.3999999999992383,2.0675389766693115
7.6999999999999389,122.1999999999994770,4.9623012542724609
7.6999999999999389,122.2999999999994714,3.5881311893463135
7.6999999999999389,122.3999999999994657,2.9744200706481934
7.6999999999999389,122.4999999999994600,3.4975719451904297
7.6999999999999389,122.8999999999994373,3.4550616741180420
7.6999999999999389,122.9999999999994316,3.1301956176757812
7.6999999999999389,123.0999999999994259,2.9190042018890381
7.6999999999999389,123.1999999999994202,2.9966750144958496
7.6999999999999389,123.2999999999994145,3.4073638916015625
7.6999999999999389,123.3999999999994088,3.9173359870910645
7.6999999999999389,123.4999999999994031,4.5169825553894043
7.6999999999999389,123.8999999999993804,3.1954882144927979
7.6999999999999389,123.9999999999993747,3.0289666652679443
7.6999999999999389,124.0999999999993690,2.7676434516906738
7.6999999999999389,124.1999999999993634,2.4990706443786621
7.6999999999999389,124.2999999999993577,2.6201565265655518
7.6999999999999389,124.3999999999993520,2.5214712619781494
7.6999999999999389,124.4999999999993463,2.6250069141387939
7.6999999999999389,124.5999999999993406,2.7422492504119873
7.6999999999999389,124.6999999999993349,2.7939927577972412
7.6999999999999389,124.7999999999993292,3.0693271160125732
7.6999999999999389,124.8999999999993236,3.2190186977386475
7.6999999999999389,124.9999999999993179,3.1006388664245605
7.6999999999999389,125.0999999999993122,3.0262389183044434
7.6999999999999389,125.1999999999993065,2.8805379867553711
7.6999999999999389,125.2999999999993008,2.5504457950592041
7.6999999999999389,125.3999999999992951,2.2138438224792480
7.6999999999999389,125.4999999999992895,1.8610239028930664
7.6999999999999389,125.5999999999992838,1.8211882114410400
7.6999999999999389,125.6999999999992781,2.3590140342712402
7.6999999999999389,125.7999999999992724,1.9266890287399292
7.6999999999999389,125.8999999999992667,1.9357752799987793
7.6999999999999389,125.9999999999992610,2.6388275623321533
7.6999999999999389,126.0999999999992554,1.6128830909729004
7.6999999999999389,126.1999999999992497,1.0967593193054199
7.6999999999999389,126.2999999999992440,1.3030291795730591
7.6999999999999389,126.3999999999992383,1.9487555027008057
7.6999999999999389,126.4999999999992326,3.5189952850341797
7.5999999999999392,122.1999999999994770,4.6483578681945801
7.5999999999999392,122.2999999999994714,3.4635398387908936
7.5999999999999392,122.3999999999994657,2.9488117694854736
7.5999999999999392,122.8999999999994373,3.7688283920288086
7.5999999999999392,122.9999999999994316,3.5126259326934814
7.5999999999999392,123.1999999999994202,3.6138978004455566
7.5999999999999392,123.2999999999994145,3.8305311203002930
7.5999999999999392,123.3999999999994088,3.9985475540161133
7.5999999999999392,124.0999999999993690,2.8480908870697021
7.5999999999999392,124.1999999999993634,2.4657897949218750
7.5999999999999392,124.2999999999993577,2.4036719799041748
7.5999999999999392,124.3999999999993520,2.4004065990447998
7.5999999999999392,124.4999999999993463,2.4873971939086914
7.5999999999999392,124.5999999999993406,2.6028840541839600
7.5999999999999392,124.6999999999993349,2.7108831405639648
7.5999999999999392,124.7999999999993292,2.9180595874786377
7.5999999999999392,124.8999999999993236,3.0451219081878662
7.5999999999999392,124.9999999999993179,2.8903794288635254
7.5999999999999392,125.0999999999993122,2.8108882904052734
7.5999999999999392,125.1999999999993065,2.6789245605468750
7.5999999999999392,125.2999999999993008,2.4294643402099609
7.5999999999999392,125.3999999999992951,2.1852908134460449
7.5999999999999392,125.4999999999992895,1.9334623813629150
7.5999999999999392,125.5999999999992838,2.0786290168762207
7.5999999999999392,125.6999999999992781,2.5462343692779541
7.5999999999999392,125.7999999999992724,2.0779688358306885
7.5999999999999392,125.8999999999992667,1.9958357810974121
7.5999999999999392,125.9999999999992610,2.3812224864959717
7.5999999999999392,126.0999999999992554,1.6730245351791382
7.5999999999999392,126.1999999999992497,0.9892572164535522
7.5999999999999392,126.2999999999992440,1.0145658254623413
7.5999999999999392,126.3999999999992383,1.4634150266647339
7.5999999999999392,126.4999999999992326,2.8311617374420166
7.4999999999999396,122.0999999999994827,5.5030703544616699
7.4999999999999396,122.1999999999994770,4.4665632247924805
7.4999999999999396,122.2999999999994714,3.4320318698883057
7.4999999999999396,123.2999999999994145,4.4666924476623535
7.4999999999999396,123.3999999999994088,4.7675924301147461
7.4999999999999396,124.1999999999993634,2.4762742519378662
7.4999999999999396,124.2999999999993577,2.3239634037017822
7.4999999999999396,124.3999999999993520,2.4042906761169434
7.4999999999999396,124.4999999999993463,2.5151154994964600
7.4999999999999396,124.5999999999993406,2.6225869655609131
7.4999999999999396,124.6999999999993349,2.7262289524078369
7.4999999999999396,124.7999999999993292,2.8669242858886719
7.4999999999999396,124.8999999999993236,2.9255428314208984
7.4999999999999396,124.9999999999993179,2.7797093391418457
7.4999999999999396,125.0999999999993122,2.6676096916198730
7.4999999999999396,125.1999999999993065,2.5100839138031006
7.4999999999999396,125.2999999999993008,2.2909829616546631
7.4999999999999396,125.3999999999992951,2.1659955978393555
7.4999999999999396,125.4999999999992895,2.1170434951782227
7.4999999999999396,125.5999999999992838,2.3430688381195068
7.4999999999999396,125.6999999999992781,2.7328186035156250
7.4999999999999396,125.7999999999992724,2.2386956214904785
7.4999999999999396,125.8999999999992667,2.0594589710235596
7.4999999999999396,125.9999999999992610,2.4418473243713379
7.4999999999999396,126.0999999999992554,1.7380670309066772
7.4999999999999396,126.1999999999992497,0.9978706836700439
7.4999999999999396,126.2999999999992440,0.8629507422447205
7.4999999999999396,126.3999999999992383,1.0638114213943481
7.4999999999999396,126.4999999999992326,2.2097575664520264
7.4999999999999396,126.5999999999992269,2.9775085449218750
7.3999999999999400,122.0999999999994827,4.9868268966674805
7.3999999999999400,122.1999999999994770,4.1617836952209473
7.3999999999999400,122.2999999999994714,3.4751765727996826
7.3999999999999400,122.7999999999994429,5.0518488883972168
7.3999999999999400,123.3999999999994088,4.9517192840576172
7.3999999999999400,124.1999999999993634,2.6971347332000732
7.3999999999999400,124.2999999999993577,2.5405147075653076
7.3999999999999400,124.3999999999993520,2.4712491035461426
7.3999999999999400,124.4999999999993463,2.6012880802154541
7.3999999999999400,124.5999999999993406,2.6947183609008789
7.3999999999999400,124.6999999999993349,2.6759202480316162
7.3999999999999400,124.7999999999993292,2.7635929584503174
7.3999999999999400,124.8999999999993236,2.8154213428497314
7.3999999999999400,124.9999999999993179,2.6355104446411133
7.3999999999999400,125.0999999999993122,2.5120623111724854
7.3999999999999400,125.1999999999993065,2.3892714977264404
7.3999999999999400,125.2999999999993008,2.1075086593627930
7.3999999999999400,125.3999999999992951,1.9746068716049194
7.3999999999999400,125.4999999999992895,2.1023933887481689
7.3999999999999400,125.5999999999992838,2.5246248245239258
7.3999999999999400,125.6999999999992781,3.1000852584838867
7.3999999999999400,125.7999999999992724,2.3801844120025635
7.3999999999999400,125.8999999999992667,2.0400590896606445
7.3999999999999400,125.9999999999992610,2.1738989353179932
7.3999999999999400,126.0999999999992554,1.6744920015335083
7.3999999999999400,126.1999999999992497,1.0250717401504517
7.3999999999999400,126.2999999999992440,1.0332890748977661
7.3999999999999400,126.3999999999992383,1.3222188949584961
7.3999999999999400,126.4999999999992326,2.2945671081542969
7.2999999999999403,116.8999999999997783,8.4833412170410156
7.2999999999999403,117.0999999999997669,8.5155620574951172
7.2999999999999403,117.1999999999997613,8.2987575531005859
7.2999999999999403,122.0999999999994827,4.2573614120483398
7.2999999999999403,122.1999999999994770,3.8383185863494873
7.2999999999999403,124.1999999999993634,3.0764684677124023
7.2999999999999403,124.2999999999993577,2.8840475082397461
7.2999999999999403,124.3999999999993520,2.8523182868957520
7.2999999999999403,124.4999999999993463,3.0213832855224609
7.2999999999999403,124.5999999999993406,3.1558814048767090
7.2999999999999403,124.6999999999993349,2.9561097621917725
7.2999999999999403,124.7999999999993292,2.8285670280456543
7.2999999999999403,124.8999999999993236,2.7706890106201172
7.2999999999999403,124.9999999999993179,2.6580386161804199
7.2999999999999403,125.0999999999993122,2.5479433536529541
7.2999999999999403,125.1999999999993065,2.2883877754211426
7.2999999999999403,125.2999999999993008,1.8794673681259155
7.2999999999999403,125.3999999999992951,1.5655149221420288
7.2999999999999403,125.4999999999992895,1.9576200246810913
7.2999999999999403,125.5999999999992838,2.7342007160186768
7.2999999999999403,125.6999999999992781,3.4280400276184082
7.2999999999999403,125.8999999999992667,2.2157294750213623
7.2999999999999403,125.9999999999992610,1.8969026803970337
7.2999999999999403,126.0999999999992554,1.6950668096542358
7.2999999999999403,126.1999999999992497,1.4093191623687744
7.2999999999999403,126.2999999999992440,1.3939534425735474
7.2999999999999403,126.3999999999992383,2.3982939720153809
7.2999999999999403,126.4999999999992326,3.6710765361785889
7.2999999999999403,126.5999999999992269,5.0524921417236328
7.1999999999999407,117.0999999999997669,8.6299114227294922
7.1999999999999407,117.1999999999997613,8.3894987106323242
7.1999999999999407,121.9999999999994884,4.1824421882629395
7.1999999999999407,122.0999999999994827,3.6455371379852295
7.1999999999999407,122.1999999999994770,3.6333904266357422
7.1999999999999407,124.1999999999993634,3.4003586769104004
7.1999999999999407,124.2999999999993577,3.2551052570343018
7.1999999999999407,124.3999999999993520,3.2654194831848145
7.1999999999999407,124.4999999999993463,3.4502894878387451
7.1999999999999407,124.5999999999993406,3.5639212131500244
7.1999999999999407,124.6999999999993349,3.3167853355407715
7.1999999999999407,124.7999999999993292,3.0594878196716309
7.1999999999999407,124.8999999999993236,2.8958015441894531
7.1999999999999407,124.9999999999993179,2.7631375789642334
7.1999999999999407,125.0999999999993122,2.6338410377502441
7.1999999999999407,125.1999999999993065,2.2599556446075439
7.1999999999999407,125.2999999999993008,1.6400614976882935
7.1999999999999407,125.3999999999992951,1.4974199533462524
7.1999999999999407,125.4999999999992895,1.9682902097702026
7.1999999999999407,125.5999999999992838,3.4086518287658691
7.1999999999999407,125.9999999999992610,2.0284807682037354
7.1999999999999407,126.0999999999992554,1.9316921234130859
7.1999999999999407,126.1999999999992497,1.9648021459579468
7.1999999999999407,126.2999999999992440,2.3049285411834717
7.1999999999999407,126.3999999999992383,3.5724728107452393
7.1999999999999407,126.4999999999992326,5.0186243057250977
7.0999999999999410,121.9999999999994884,4.2848229408264160
7.0999999999999410,122.0999999999994827,3.7491643428802490
7.0999999999999410,122.1999999999994770,3.7299971580505371
7.0999999999999410,124.0999999999993690,3.5414335727691650
7.0999999999999410,124.1999999999993634,3.2424261569976807
7.0999999999999410,124.2999999999993577,3.0564246177673340
7.0999999999999410,124.3999999999993520,3.0609104633331299
7.0999999999999410,124.4999999999993463,3.1990938186645508
7.0999999999999410,124.5999999999993406,3.3464975357055664
7.0999999999999410,124.6999999999993349,3.0503637790679932
7.0999999999999410,124.7999999999993292,2.7580275535583496
7.0999999999999410,124.8999999999993236,2.5537648200988770
7.0999999999999410,124.9999999999993179,2.5286149978637695
7.0999999999999410,125.0999999999993122,2.5074100494384766
7.0999999999999410,125.1999999999993065,2.1251659393310547
7.0999999999999410,125.2999999999993008,1.5341936349868774
7.0999999999999410,125.3999999999992951,1.5676881074905396
7.0999999999999410,125.4999999999992895,2.2921259403228760
7.0999999999999410,125.5999999999992838,3.7522318363189697
7.0999999999999410,125.6999999999992781,5.4559860229492188
7.0999999999999410,125.8999999999992667,2.9918243885040283
7.0999999999999410,125.9999999999992610,2.3185276985168457
7.0999999999999410,126.0999999999992554,2.1781845092773438
7.0999999999999410,126.1999999999992497,2.2615406513214111
7.0999999999999410,126.2999999999992440,2.8170015811920166
7.0999999999999410,126.3999999999992383,4.1836843490600586
6.9999999999999414,117.0999999999997669,7.2093043327331543
6.9999999999999414,121.9999999999994884,4.7236175537109375
6.9999999999999414,122.0999999999994827,4.3201522827148438
6.9999999999999414,122.1999999999994770,4.4792652130126953
6.9999999999999414,123.9999999999993747,3.5052292346954346
6.9999999999999414,124.0999999999993690,3.1901946067810059
6.9999999999999414,124.1999999999993634,2.8244535923004150
6.9999999999999414,124.2999999999993577,2.6031837463378906
6.9999999999999414,124.3999999999993520,2.5013122558593750
6.9999999999999414,124.4999999999993463,2.5390288829803467
6.9999999999999414,124.5999999999993406,2.6035091876983643
6.9999999999999414,124.6999999999993349,2.4312086105346680
6.9999999999999414,124.7999999999993292,2.1961553096771240
6.9999999999999414,124.8999999999993236,2.0691671371459961
6.9999999999999414,124.9999999999993179,2.1536808013916016
6.9999999999999414,125.0999999999993122,2.2552337646484375
6.9999999999999414,125.1999999999993065,1.9738124608993530
6.9999999999999414,125.2999999999993008,1.5321323871612549
6.9999999999999414,125.3999999999992951,1.6353607177734375
6.9999999999999414,125.4999999999992895,2.0720691680908203
6.9999999999999414,125.7999999999992724,5.4729070663452148
6.9999999999999414,125.9999999999992610,3.1599454879760742
6.9999999999999414,126.0999999999992554,2.9322478771209717
6.9999999999999414,126.1999999999992497,3.0675365924835205
6.9999999999999414,126.2999999999992440,3.6742951869964600
6.8999999999999417,116.6999999999997897,5.2303080558776855
6.8999999999999417,116.7999999999997840,5.3012027740478516
6.8999999999999417,117.0999999999997669,6.5390863418579102
6.8999999999999417,117.1999999999997613,6.5164279937744141
6.8999999999999417,122.0999999999994827,4.7286729812622070
6.8999999999999417,123.9999999999993747,3.5299003124237061
6.8999999999999417,124.0999999999993690,3.0594360828399658
6.8999999999999417,124.1999999999993634,2.6484658718109131
6.8999999999999417,124.2999999999993577,2.3696439266204834
6.8999999999999417,124.3999999999993520,2.0608546733856201
6.8999999999999417,124.4999999999993463,1.9757131338119507
6.8999999999999417,124.5999999999993406,2.1137623786926270
6.8999999999999417,124.6999999999993349,1.9505832195281982
6.8999999999999417,124.7999999999993292,1.8704751729965210
6.8999999999999417,124.8999999999993236,1.8388341665267944
6.8999999999999417,124.9999999999993179,1.9483846426010132
6.8999999999999417,125.0999999999993122,2.1209924221038818
6.8999999999999417,125.1999999999993065,1.8696358203887939
6.8999999999999417,125.2999999999993008,1.5296794176101685
6.8999999999999417,125.3999999999992951,1.7218503952026367
6.8999999999999417,126.0999999999992554,3.8429665565490723
6.8999999999999417,126.2999999999992440,4.7123856544494629
6.7999999999999421,124.0999999999993690,3.3570494651794434
6.7999999999999421,124.1999999999993634,2.8095510005950928
6.7999999999999421,124.2999999999993577,2.4035933017730713
6.7999999999999421,124.3999999999993520,1.8941537141799927
6.7999999999999421,124.4999999999993463,1.6579068899154663
6.7999999999999421,124.5999999999993406,1.8038845062255859
6.7999999999999421,124.6999999999993349,1.8176865577697754
6.7999999999999421,124.7999999999993292,1.9726531505584717
6.7999999999999421,124.8999999999993236,1.9673199653625488
6.7999999999999421,124.9999999999993179,1.9647182226181030
6.7999999999999421,125.0999999999993122,2.0961654186248779
6.7999999999999421,125.1999999999993065,1.8861777782440186
6.7999999999999421,125.2999999999993008,1.5473928451538086
6.7999999999999421,125.3999999999992951,1.6937536001205444
6.7999999999999421,126.0999999999992554,4.7714695930480957
6.7999999999999421,126.1999999999992497,5.2251100540161133
6.6999999999999424,121.9999999999994884,4.6702585220336914
6.6999999999999424,122.0999999999994827,4.3639698028564453
6.6999999999999424,124.0999999999993690,3.7928497791290283
6.6999999999999424,124.1999999999993634,3.1017203330993652
6.6999999999999424,124.2999999999993577,2.5412402153015137
6.6999999999999424,124.3999999999993520,1.8435484170913696
6.6999999999999424,124.4999999999993463,1.5227689743041992
6.6999999999999424,124.5999999999993406,1.5944535732269287
6.6999999999999424,124.6999999999993349,1.7454698085784912
6.6999999999999424,124.7999999999993292,2.1455335617065430
6.6999999999999424,124.8999999999993236,2.2580087184906006
6.6999999999999424,124.9999999999993179,2.0631299018859863
6.6999999999999424,125.0999999999993122,2.1117947101593018
6.6999999999999424,125.1999999999993065,1.9534239768981934
6.6999999999999424,125.2999999999993008,1.5869860649108887
6.6999999999999424,126.0999999999992554,5.7335147857666016
6.6999999999999424,126.1999999999992497,6.3992075920104980
6.5999999999999428,121.8999999999994941,5.2438759803771973
6.5999999999999428,121.9999999999994884,4.6800985336303711
6.5999999999999428,122.0999999999994827,4.3820919990539551
6.5999999999999428,122.1999999999994770,4.5689244270324707
6.5999999999999428,124.0999999999993690,4.1093578338623047
6.5999999999999428,124.1999999999993634,3.3258092403411865
6.5999999999999428,124.2999999999993577,2.6892380714416504
6.5999999999999428,124.3999999999993520,1.8605881929397583
6.5999999999999428,124.4999999999993463,1.4801838397979736
6.5999999999999428,124.5999999999993406,1.2285604476928711
6.5999999999999428,124.6999999999993349,1.5193682909011841
6.5999999999999428,124.7999999999993292,2.1372635364532471
6.5999999999999428,124.8999999999993236,2.3541686534881592
6.5999999999999428,124.9999999999993179,2.0783607959747314
6.5999999999999428,125.0999999999993122,2.0551435947418213
6.5999999999999428,125.1999999999993065,1.9745614528656006
6.5999999999999428,125.2999999999993008,1.6126065254211426
6.5999999999999428,126.0999999999992554,7.2851233482360840
6.5999999999999428,126.1999999999992497,7.5091381072998047
6.4999999999999432,121.9999999999994884,5.1253738403320312
6.4999999999999432,122.0999999999994827,5.0030279159545898
6.4999999999999432,122.1999999999994770,5.1707100868225098
6.4999999999999432,124.0999999999993690,3.8687584400177002
6.4999999999999432,124.1999999999993634,3.1723382472991943
6.4999999999999432,124.2999999999993577,2.6150825023651123
6.4999999999999432,124.3999999999993520,1.9840153455734253
6.4999999999999432,124.4999999999993463,1.6128937005996704
6.4999999999999432,124.5999999999993406,1.3916198015213013
6.4999999999999432,124.6999999999993349,1.2685329914093018
6.4999999999999432,124.7999999999993292,1.6652910709381104
6.4999999999999432,124.8999999999993236,1.9680529832839966
6.4999999999999432,124.9999999999993179,1.7019975185394287
6.4999999999999432,125.0999999999993122,1.7930028438568115
6.4999999999999432,125.1999999999993065,1.9040015935897827
6.4999999999999432,125.2999999999993008,1.7594192028045654
6.4999999999999432,125.3999999999992951,2.1503138542175293
6.4999999999999432,125.4999999999992895,2.8618397712707520
6.4999999999999432,125.5999999999992838,3.4870512485504150
6.4999999999999432,126.1999999999992497,7.9666652679443359
6.3999999999999435,121.9999999999994884,5.5294566154479980
6.3999999999999435,124.0999999999993690,3.5090267658233643
6.3999999999999435,124.1999999999993634,2.9632375240325928
6.3999999999999435,124.2999999999993577,2.5473852157592773
6.3999999999999435,124.3999999999993520,2.1817004680633545
6.3999999999999435,124.4999999999993463,1.8599274158477783
6.3999999999999435,124.5999999999993406,1.7968196868896484
6.3999999999999435,124.6999999999993349,1.2284768819808960
6.3999999999999435,124.7999999999993292,1.2905526161193848
6.3999999999999435,124.8999999999993236,1.4490522146224976
6.3999999999999435,124.9999999999993179,1.3768860101699829
6.3999999999999435,125.0999999999993122,1.6725783348083496
6.3999999999999435,125.1999999999993065,2.0132775306701660
6.3999999999999435,125.2999999999993008,2.1450712680816650
6.3999999999999435,125.3999999999992951,2.3359456062316895
6.3999999999999435,125.4999999999992895,3.0155539512634277
6.2999999999999439,120.5999999999995680,5.6141180992126465
6.2999999999999439,124.1999999999993634,2.7439994812011719
6.2999999999999439,124.2999999999993577,2.4975590705871582
6.2999999999999439,124.3999999999993520,2.3568868637084961
6.2999999999999439,124.4999999999993463,2.2134234905242920
6.2999999999999439,124.5999999999993406,2.0854101181030273
6.2999999999999439,124.6999999999993349,1.5476725101470947
6.2999999999999439,124.7999999999993292,1.1842738389968872
6.2999999999999439,124.8999999999993236,1.2123497724533081
6.2999999999999439,124.9999999999993179,1.3492329120635986
6.2999999999999439,125.0999999999993122,1.8605179786682129
6.2999999999999439,125.1999999999993065,2.3210513591766357
6.2999999999999439,125.2999999999993008,2.5797019004821777
6.2999999999999439,125.3999999999992951,2.8385701179504395
6.2999999999999439,125.4999999999992895,3.2526662349700928
6.2999999999999439,125.5999999999992838,4.2650012969970703
6.1999999999999442,124.2999999999993577,2.4796214103698730
6.1999999999999442,124.3999999999993520,2.3506424427032471
6.1999999999999442,124.4999999999993463,2.2065324783325195
6.1999999999999442,124.5999999999993406,2.1578397750854492
6.1999999999999442,124.6999999999993349,1.8142583370208740
6.1999999999999442,124.7999999999993292,1.4330855607986450
6.1999999999999442,124.8999999999993236,1.3510024547576904
6.1999999999999442,124.9999999999993179,1.7787040472030640
6.1999999999999442,125.0999999999993122,2.3853111267089844
6.1999999999999442,125.1999999999993065,2.8275709152221680
6.1999999999999442,125.2999999999993008,2.9465146064758301
6.1999999999999442,125.3999999999992951,3.1164710521697998
6.1999999999999442,125.4999999999992895,3.4355614185333252
6.1999999999999442,125.5999999999992838,4.4922657012939453
6.1999999999999442,125.6999999999992781,5.2092485427856445
6.0999999999999446,120.9999999999995453,5.9482307434082031
6.0999999999999446,121.0999999999995396,5.9283595085144043
6.0999999999999446,124.4999999999993463,2.1771974563598633
6.0999999999999446,124.5999999999993406,2.1811530590057373
6.0999999999999446,124.6999999999993349,2.0634453296661377
6.0999999999999446,124.7999999999993292,1.9197826385498047
6.0999999999999446,124.8999999999993236,2.0074226856231689
6.0999999999999446,124.9999999999993179,2.5320155620574951
6.0999999999999446,125.0999999999993122,3.1205813884735107
6.0999999999999446,125.2999999999993008,3.3331527709960938
6.0999999999999446,125.3999999999992951,3.4081051349639893
6.0999999999999446,125.4999999999992895,3.9813919067382812
6.0999999999999446,125.5999999999992838,5.0216493606567383
6.0999999999999446,125.6999999999992781,6.4891037940979004
5.9999999999999449,120.8999999999995509,6.0309672355651855
5.9999999999999449,120.9999999999995453,6.0192780494689941
5.9999999999999449,121.0999999999995396,5.9877762794494629
5.9999999999999449,121.3999999999995225,5.7428336143493652
5.9999999999999449,124.5999999999993406,2.4322261810302734
5.9999999999999449,124.6999999999993349,2.4617033004760742
5.9999999999999449,124.7999999999993292,2.6709070205688477
5.9999999999999449,124.8999999999993236,2.8916029930114746
5.9999999999999449,124.9999999999993179,3.3206884860992432
5.9999999999999449,125.0999999999993122,3.9833357334136963
5.9999999999999449,125.3999999999992951,3.6159060001373291
5.9999999999999449,125.4999999999992895,4.3432245254516602
5.9999999999999449,125.5999999999992838,5.6311640739440918
5.8999999999999453,120.8999999999995509,6.0467085838317871
5.8999999999999453,124.7999999999993292,3.3864281177520752
5.8999999999999453,124.8999999999993236,4.1730566024780273
5.8999999999999453,124.9999999999993179,4.3327770233154297
5.8999999999999453,125.0999999999993122,4.5229010581970215
5.8999999999999453,125.1999999999993065,4.7307615280151367
5.8999999999999453,125.2999999999993008,4.1890873908996582
5.8999999999999453,125.3999999999992951,3.8703322410583496
5.8999999999999453,125.4999999999992895,4.5478143692016602
5.8999999999999453,125.5999999999992838,5.9123620986938477
5.7999999999999456,125.2999999999993008,4.7173094749450684
5.7999999999999456,125.3999999999992951,4.1088395118713379
5.7999999999999456,125.4999999999992895,4.6314563751220703
5.6999999999999460,125.2999999999993008,5.1095838546752930
5.6999999999999460,125.3999999999992951,4.8705277442932129
5.5999999999999464,125.2999999999993008,6.2785835266113281
5.5999999999999464,125.3999999999992951,6.0492901802062988
5.3999999999999471,118.8999999999996646,3.0788891315460205
5.3999999999999471,118.9999999999996589,3.6922886371612549
5.3999999999999471,119.0999999999996533,4.6666479110717773
5.3999999999999471,119.1999999999996476,5.4112720489501953
5.2999999999999474,118.8999999999996646,3.0686447620391846
5.2999999999999474,118.9999999999996589,3.7620494365692139
5.2999999999999474,119.0999999999996533,4.6519718170166016
5.2999999999999474,119.1999999999996476,5.4675517082214355
5.2999999999999474,120.1999999999995907,6.2518148422241211
5.1999999999999478,118.8999999999996646,3.1963574886322021
5.1999999999999478,118.9999999999996589,3.9208927154541016
5.1999999999999478,119.0999999999996533,4.8143267631530762
5.1999999999999478,119.1999999999996476,5.7418379783630371
5.1999999999999478,120.1999999999995907,6.2396111488342285
5.0999999999999481,118.8999999999996646,4.1632308959960938
5.0999999999999481,118.9999999999996589,4.5053367614746094
5.0999999999999481,119.7999999999996135,6.3061780929565430
5.0999999999999481,119.8999999999996078,6.1535649299621582
