latitude,longitude,max_wind_speed
19.3999999999999559,121.3999999999995225,12.5841350555419922
19.3999999999999559,121.4999999999995168,12.5216722488403320
18.8999999999999488,121.8999999999994941,11.5629930496215820
18.5999999999999446,120.7999999999995566,10.5965347290039062
18.5999999999999446,120.8999999999995509,10.3369045257568359
18.5999999999999446,121.0999999999995396,9.3926649093627930
18.5999999999999446,121.1999999999995339,9.1146068572998047
18.4999999999999432,120.6999999999995623,8.5530719757080078
18.4999999999999432,120.7999999999995566,8.0287380218505859
18.4999999999999432,120.8999999999995509,7.7001028060913086
18.4999999999999432,120.9999999999995453,7.3087215423583984
18.4999999999999432,121.0999999999995396,6.7992482185363770
18.4999999999999432,121.1999999999995339,6.3159427642822266
18.4999999999999432,121.2999999999995282,6.5296573638916016
18.4999999999999432,122.1999999999994770,11.1195964813232422
18.3999999999999417,120.5999999999995680,7.0503125190734863
18.3999999999999417,120.6999999999995623,6.2707495689392090
18.3999999999999417,120.7999999999995566,5.7278223037719727
18.3999999999999417,120.8999999999995509,5.4483180046081543
18.3999999999999417,120.9999999999995453,5.0717415809631348
18.3999999999999417,121.0999999999995396,4.5869369506835938
18.3999999999999417,121.1999999999995339,4.1756372451782227
18.3999999999999417,121.2999999999995282,4.4419813156127930
18.3999999999999417,121.3999999999995225,5.3372120857238770
18.3999999999999417,121.4999999999995168,6.0518927574157715
18.3999999999999417,121.5999999999995111,7.1317787170410156
18.3999999999999417,122.0999999999994827,10.6448125839233398
18.3999999999999417,122.1999999999994770,10.6818761825561523
18.3999999999999417,122.2999999999994714,11.0540952682495117
18.2999999999999403,120.6999999999995623,5.2739028930664062
18.2999999999999403,120.7999999999995566,4.9341206550598145
18.2999999999999403,120.8999999999995509,4.8115134239196777
18.2999999999999403,120.9999999999995453,4.4142379760742188
18.2999999999999403,121.0999999999995396,3.8392741680145264
18.2999999999999403,121.1999999999995339,3.2944972515106201
18.2999999999999403,121.2999999999995282,3.5298244953155518
18.2999999999999403,121.3999999999995225,4.1776595115661621
18.2999999999999403,121.4999999999995168,4.9933705329895020
18.2999999999999403,121.5999999999995111,5.9109492301940918
18.2999999999999403,121.6999999999995055,6.9532198905944824
18.2999999999999403,122.0999999999994827,9.0097045898437500
18.2999999999999403,122.1999999999994770,9.5125083923339844
18.2999999999999403,122.2999999999994714,9.9695377349853516
18.1999999999999389,120.4999999999995737,7.2827463150024414
18.1999999999999389,120.5999999999995680,5.9046945571899414
18.1999999999999389,120.6999999999995623,4.6611514091491699
18.1999999999999389,120.7999999999995566,4.4271750450134277
18.1999999999999389,120.8999999999995509,4.4290347099304199
18.1999999999999389,120.9999999999995453,4.0179266929626465
18.1999999999999389,121.0999999999995396,3.3134124279022217
18.1999999999999389,121.1999999999995339,2.7067868709564209
18.1999999999999389,121.2999999999995282,2.8998329639434814
18.1999999999999389,121.3999999999995225,3.4482495784759521
18.1999999999999389,121.4999999999995168,4.0125994682312012
18.1999999999999389,121.5999999999995111,4.5803365707397461
18.1999999999999389,121.6999999999995055,5.1532597541809082
18.1999999999999389,121.7999999999994998,5.6386108398437500
18.1999999999999389,121.8999999999994941,5.6727094650268555
18.1999999999999389,121.9999999999994884,6.2179527282714844
18.1999999999999389,122.0999999999994827,7.2326793670654297
18.1999999999999389,122.1999999999994770,8.3846817016601562
18.0999999999999375,120.4999999999995737,7.5477929115295410
18.0999999999999375,120.5999999999995680,5.2718892097473145
18.0999999999999375,120.6999999999995623,4.1954555511474609
18.0999999999999375,120.7999999999995566,4.0818514823913574
18.0999999999999375,120.8999999999995509,4.2224369049072266
18.0999999999999375,120.9999999999995453,3.7428267002105713
18.0999999999999375,121.0999999999995396,2.9420926570892334
18.0999999999999375,121.1999999999995339,2.2330572605133057
18.0999999999999375,121.2999999999995282,2.4877119064331055
18.0999999999999375,121.3999999999995225,2.8912906646728516
18.0999999999999375,121.4999999999995168,3.3169910907745361
18.0999999999999375,121.5999999999995111,3.6474220752716064
18.0999999999999375,121.6999999999995055,3.9303660392761230
18.0999999999999375,121.7999999999994998,4.1283125877380371
18.0999999999999375,121.8999999999994941,4.1202120780944824
18.0999999999999375,121.9999999999994884,4.2802815437316895
18.0999999999999375,122.0999999999994827,5.8256053924560547
18.0999999999999375,122.1999999999994770,6.8920812606811523
17.9999999999999361,120.5999999999995680,5.0150022506713867
17.9999999999999361,120.6999999999995623,4.1430139541625977
17.9999999999999361,120.7999999999995566,4.0174207687377930
17.9999999999999361,120.8999999999995509,4.3431072235107422
17.9999999999999361,120.9999999999995453,3.8043878078460693
17.9999999999999361,121.0999999999995396,2.9517614841461182
17.9999999999999361,121.1999999999995339,2.3622434139251709
17.9999999999999361,121.2999999999995282,2.4772622585296631
17.9999999999999361,121.3999999999995225,2.7221627235412598
17.9999999999999361,121.4999999999995168,3.0605328083038330
17.9999999999999361,121.5999999999995111,3.1235113143920898
17.9999999999999361,121.6999999999995055,3.1702058315277100
17.9999999999999361,121.7999999999994998,3.2811570167541504
17.9999999999999361,121.8999999999994941,3.2073137760162354
17.9999999999999361,121.9999999999994884,3.4133844375610352
17.9999999999999361,122.0999999999994827,5.0628180503845215
17.8999999999999346,120.4999999999995737,6.8077754974365234
17.8999999999999346,120.5999999999995680,4.8447089195251465
17.8999999999999346,120.6999999999995623,4.2198352813720703
17.8999999999999346,120.7999999999995566,4.2899336814880371
17.8999999999999346,120.8999999999995509,4.7855048179626465
17.8999999999999346,120.9999999999995453,4.2217864990234375
17.8999999999999346,121.0999999999995396,3.0950534343719482
17.8999999999999346,121.1999999999995339,2.4999918937683105
17.8999999999999346,121.2999999999995282,2.4799153804779053
17.8999999999999346,121.3999999999995225,2.6559054851531982
17.8999999999999346,121.4999999999995168,2.8320245742797852
17.8999999999999346,121.5999999999995111,2.7677373886108398
17.8999999999999346,121.6999999999995055,2.6380240917205811
17.8999999999999346,121.7999999999994998,2.5101177692413330
17.8999999999999346,121.8999999999994941,2.4295949935913086
17.8999999999999346,121.9999999999994884,2.8514149188995361
17.8999999999999346,122.0999999999994827,4.2741489410400391
17.7999999999999332,120.4999999999995737,6.4154710769653320
17.7999999999999332,120.5999999999995680,4.5392093658447266
17.7999999999999332,120.6999999999995623,3.9976813793182373
17.7999999999999332,120.7999999999995566,4.2185606956481934
17.7999999999999332,120.8999999999995509,4.8373003005981445
17.7999999999999332,120.9999999999995453,4.3824629783630371
17.7999999999999332,121.0999999999995396,3.2156565189361572
17.7999999999999332,121.1999999999995339,2.4604828357696533
17.7999999999999332,121.2999999999995282,2.3570485115051270
17.7999999999999332,121.3999999999995225,2.5658466815948486
17.7999999999999332,121.4999999999995168,2.7622191905975342
17.7999999999999332,121.5999999999995111,2.5564982891082764
17.7999999999999332,121.6999999999995055,2.3327426910400391
17.7999999999999332,121.7999999999994998,2.1243827342987061
17.7999999999999332,121.8999999999994941,2.0004260540008545
17.7999999999999332,121.9999999999994884,2.4259274005889893
17.7999999999999332,122.0999999999994827,3.8119130134582520
17.6999999999999318,120.3999999999995794,8.0415849685668945
17.6999999999999318,120.4999999999995737,6.2636117935180664
17.6999999999999318,120.5999999999995680,4.5236887931823730
17.6999999999999318,120.6999999999995623,3.5023581981658936
17.6999999999999318,120.7999999999995566,3.9576196670532227
17.6999999999999318,120.8999999999995509,4.5746703147888184
17.6999999999999318,120.9999999999995453,4.1545472145080566
17.6999999999999318,121.0999999999995396,3.0869164466857910
17.6999999999999318,121.1999999999995339,2.1863996982574463
17.6999999999999318,121.2999999999995282,2.1352350711822510
17.6999999999999318,121.3999999999995225,2.3158388137817383
17.6999999999999318,121.4999999999995168,2.5047655105590820
17.6999999999999318,121.5999999999995111,2.4477510452270508
17.6999999999999318,121.6999999999995055,2.3609523773193359
17.6999999999999318,121.7999999999994998,2.2393815517425537
17.6999999999999318,121.8999999999994941,1.9980040788650513
17.6999999999999318,121.9999999999994884,2.1904098987579346
17.6999999999999318,122.0999999999994827,3.6032233238220215
17.5999999999999304,120.3999999999995794,8.1681051254272461
17.5999999999999304,120.4999999999995737,6.3620400428771973
17.5999999999999304,120.5999999999995680,4.6453704833984375
17.5999999999999304,120.6999999999995623,3.6286308765411377
17.5999999999999304,120.7999999999995566,3.6809723377227783
17.5999999999999304,120.8999999999995509,4.2658934593200684
17.5999999999999304,120.9999999999995453,3.9307243824005127
17.5999999999999304,121.0999999999995396,3.0007104873657227
17.5999999999999304,121.1999999999995339,2.0687625408172607
17.5999999999999304,121.2999999999995282,1.9246718883514404
17.5999999999999304,121.3999999999995225,2.0957698822021484
17.5999999999999304,121.4999999999995168,2.6640043258666992
17.5999999999999304,121.5999999999995111,2.6184282302856445
17.5999999999999304,121.6999999999995055,2.5003812313079834
17.5999999999999304,121.7999999999994998,2.4501240253448486
17.5999999999999304,121.8999999999994941,2.0987932682037354
17.5999999999999304,121.9999999999994884,2.2712647914886475
17.5999999999999304,122.0999999999994827,3.5597388744354248
17.4999999999999289,120.4999999999995737,5.8586759567260742
17.4999999999999289,120.5999999999995680,4.2253179550170898
17.4999999999999289,120.6999999999995623,3.2021548748016357
17.4999999999999289,120.7999999999995566,3.1070680618286133
17.4999999999999289,120.8999999999995509,3.7656865119934082
17.4999999999999289,120.9999999999995453,3.5442221164703369
17.4999999999999289,121.0999999999995396,2.7860817909240723
17.4999999999999289,121.1999999999995339,2.0367786884307861
17.4999999999999289,121.2999999999995282,1.8862997293472290
17.4999999999999289,121.3999999999995225,2.0347490310668945
17.4999999999999289,121.4999999999995168,2.6837909221649170
17.4999999999999289,121.5999999999995111,2.7560749053955078
17.4999999999999289,121.6999999999995055,2.6727528572082520
17.4999999999999289,121.7999999999994998,2.7016596794128418
17.4999999999999289,121.8999999999994941,2.1639840602874756
17.4999999999999289,121.9999999999994884,2.0642805099487305
17.4999999999999289,122.0999999999994827,2.9496033191680908
17.3999999999999275,120.4999999999995737,5.1871924400329590
17.3999999999999275,120.5999999999995680,3.5102658271789551
17.3999999999999275,120.6999999999995623,2.6554105281829834
17.3999999999999275,120.7999999999995566,2.3783850669860840
17.3999999999999275,120.8999999999995509,3.0675072669982910
17.3999999999999275,120.9999999999995453,3.0255193710327148
17.3999999999999275,121.0999999999995396,2.4744768142700195
17.3999999999999275,121.1999999999995339,2.0569593906402588
17.3999999999999275,121.2999999999995282,1.9736205339431763
17.3999999999999275,121.3999999999995225,2.0993597507476807
17.3999999999999275,121.4999999999995168,2.8525481224060059
17.3999999999999275,121.5999999999995111,2.8361010551452637
17.3999999999999275,121.6999999999995055,2.8968355655670166
17.3999999999999275,121.7999999999994998,2.9136681556701660
17.3999999999999275,121.8999999999994941,2.2145855426788330
17.3999999999999275,121.9999999999994884,1.8503456115722656
17.3999999999999275,122.0999999999994827,2.3575751781463623
17.3999999999999275,122.1999999999994770,3.6107513904571533
17.2999999999999261,120.4999999999995737,5.1669077873229980
17.2999999999999261,120.5999999999995680,3.2197520732879639
17.2999999999999261,120.6999999999995623,2.3443758487701416
17.2999999999999261,120.7999999999995566,2.1500668525695801
17.2999999999999261,120.8999999999995509,2.6279263496398926
17.2999999999999261,120.9999999999995453,2.5704956054687500
17.2999999999999261,121.0999999999995396,2.1687293052673340
17.2999999999999261,121.1999999999995339,2.1850183010101318
17.2999999999999261,121.2999999999995282,2.0852560997009277
17.2999999999999261,121.3999999999995225,2.1760210990905762
17.2999999999999261,121.4999999999995168,2.7642922401428223
17.2999999999999261,121.5999999999995111,2.8830592632293701
17.2999999999999261,121.6999999999995055,3.1726119518280029
17.2999999999999261,121.7999999999994998,3.3012039661407471
17.2999999999999261,121.8999999999994941,2.3314301967620850
17.2999999999999261,121.9999999999994884,1.7985476255416870
17.2999999999999261,122.0999999999994827,2.0735211372375488
17.2999999999999261,122.1999999999994770,2.9624848365783691
17.2999999999999261,122.2999999999994714,3.8978877067565918
17.1999999999999247,120.4999999999995737,5.0522623062133789
17.1999999999999247,120.5999999999995680,3.2796223163604736
17.1999999999999247,120.6999999999995623,2.2457537651062012
17.1999999999999247,120.7999999999995566,1.9978066682815552
17.1999999999999247,120.8999999999995509,2.3717181682586670
17.1999999999999247,120.9999999999995453,2.3114857673645020
17.1999999999999247,121.0999999999995396,2.0361914634704590
17.1999999999999247,121.1999999999995339,2.1685791015625000
17.1999999999999247,121.2999999999995282,2.1330463886260986
17.1999999999999247,121.3999999999995225,2.1801414489746094
17.1999999999999247,121.4999999999995168,2.5608170032501221
17.1999999999999247,121.5999999999995111,2.7574245929718018
17.1999999999999247,121.6999999999995055,3.1861979961395264
17.1999999999999247,121.7999999999994998,3.2772910594940186
17.1999999999999247,121.8999999999994941,2.4771370887756348
17.1999999999999247,121.9999999999994884,2.0105643272399902
17.1999999999999247,122.0999999999994827,2.2335138320922852
17.1999999999999247,122.1999999999994770,2.8672509193420410
17.1999999999999247,122.2999999999994714,3.7023415565490723
17.1999999999999247,122.3999999999994657,4.4450211524963379
17.0999999999999233,120.4999999999995737,4.3778476715087891
17.0999999999999233,120.5999999999995680,3.0667037963867188
17.0999999999999233,120.6999999999995623,2.1631908416748047
17.0999999999999233,120.7999999999995566,1.7759522199630737
17.0999999999999233,120.8999999999995509,2.1568241119384766
17.0999999999999233,120.9999999999995453,2.2569675445556641
17.0999999999999233,121.0999999999995396,1.9517819881439209
17.0999999999999233,121.1999999999995339,2.2626588344573975
17.0999999999999233,121.2999999999995282,2.1605594158172607
17.0999999999999233,121.3999999999995225,2.1668543815612793
17.0999999999999233,121.4999999999995168,2.3969740867614746
17.0999999999999233,121.5999999999995111,2.6946668624877930
17.0999999999999233,121.6999999999995055,3.1221041679382324
17.0999999999999233,121.7999999999994998,3.3201894760131836
17.0999999999999233,121.8999999999994941,2.6188051700592041
17.0999999999999233,121.9999999999994884,2.3023626804351807
17.0999999999999233,122.0999999999994827,2.5042490959167480
17.0999999999999233,122.1999999999994770,2.8855175971984863
17.0999999999999233,122.2999999999994714,3.6038265228271484
17.0999999999999233,122.3999999999994657,4.8678045272827148
17.0999999999999233,122.4999999999994600,6.7663888931274414
16.9999999999999218,120.4999999999995737,4.0659699440002441
16.9999999999999218,120.5999999999995680,2.8469688892364502
16.9999999999999218,120.6999999999995623,2.0525178909301758
16.9999999999999218,120.7999999999995566,1.7051498889923096
16.9999999999999218,120.8999999999995509,2.2336158752441406
16.9999999999999218,120.9999999999995453,2.2159125804901123
16.9999999999999218,121.0999999999995396,1.8421456813812256
16.9999999999999218,121.1999999999995339,2.1631526947021484
16.9999999999999218,121.2999999999995282,2.1441633701324463
16.9999999999999218,121.3999999999995225,2.1396420001983643
16.9999999999999218,121.4999999999995168,2.3517603874206543
16.9999999999999218,121.5999999999995111,2.6382558345794678
16.9999999999999218,121.6999999999995055,3.0793831348419189
16.9999999999999218,121.7999999999994998,3.3047778606414795
16.9999999999999218,121.8999999999994941,2.7721383571624756
16.9999999999999218,121.9999999999994884,2.4915423393249512
16.9999999999999218,122.0999999999994827,2.6847918033599854
16.9999999999999218,122.1999999999994770,2.9337437152862549
16.9999999999999218,122.2999999999994714,3.6234192848205566
16.9999999999999218,122.3999999999994657,4.9418258666992188
16.8999999999999204,120.3999999999995794,4.3359532356262207
16.8999999999999204,120.4999999999995737,3.5663480758666992
16.8999999999999204,120.5999999999995680,2.5263197422027588
16.8999999999999204,120.6999999999995623,1.8290741443634033
16.8999999999999204,120.7999999999995566,1.6869804859161377
16.8999999999999204,120.8999999999995509,2.0879330635070801
16.8999999999999204,120.9999999999995453,2.1486043930053711
16.8999999999999204,121.0999999999995396,1.7613443136215210
16.8999999999999204,121.1999999999995339,1.9636657238006592
16.8999999999999204,121.2999999999995282,1.9019063711166382
16.8999999999999204,121.3999999999995225,1.9878642559051514
16.8999999999999204,121.4999999999995168,2.2402353286743164
16.8999999999999204,121.5999999999995111,2.5417799949645996
16.8999999999999204,121.6999999999995055,2.9752483367919922
16.8999999999999204,121.7999999999994998,3.2503390312194824
16.8999999999999204,121.8999999999994941,2.8058812618255615
16.8999999999999204,121.9999999999994884,2.3642244338989258
16.8999999999999204,122.0999999999994827,2.4766290187835693
16.8999999999999204,122.1999999999994770,3.0570313930511475
16.8999999999999204,122.2999999999994714,3.7697460651397705
16.8999999999999204,122.3999999999994657,5.2439374923706055
16.7999999999999190,120.3999999999995794,4.0816817283630371
16.7999999999999190,120.4999999999995737,3.1479558944702148
16.7999999999999190,120.5999999999995680,2.2334547042846680
16.7999999999999190,120.6999999999995623,1.6191422939300537
16.7999999999999190,120.7999999999995566,1.6462329626083374
16.7999999999999190,120.8999999999995509,2.2362592220306396
16.7999999999999190,120.9999999999995453,2.0829627513885498
16.7999999999999190,121.0999999999995396,1.7250330448150635
16.7999999999999190,121.1999999999995339,1.6990880966186523
16.7999999999999190,121.2999999999995282,1.6506038904190063
16.7999999999999190,121.3999999999995225,1.8236055374145508
16.7999999999999190,121.4999999999995168,2.1890687942504883
16.7999999999999190,121.5999999999995111,2.4456844329833984
16.7999999999999190,121.6999999999995055,2.8677248954772949
16.7999999999999190,121.7999999999994998,3.2011153697967529
16.7999999999999190,121.8999999999994941,2.8515617847442627
16.7999999999999190,121.9999999999994884,2.4658381938934326
16.7999999999999190,122.0999999999994827,2.5095341205596924
16.7999999999999190,122.1999999999994770,3.2231898307800293
16.7999999999999190,122.2999999999994714,4.0426077842712402
16.7999999999999190,122.3999999999994657,4.9788546562194824
16.6999999999999176,120.3999999999995794,3.6242439746856689
16.6999999999999176,120.4999999999995737,2.8597309589385986
16.6999999999999176,120.5999999999995680,1.9693869352340698
16.6999999999999176,120.6999999999995623,1.7645937204360962
16.6999999999999176,120.7999999999995566,1.8170362710952759
16.6999999999999176,120.8999999999995509,2.2599353790283203
16.6999999999999176,120.9999999999995453,2.0488650798797607
16.6999999999999176,121.0999999999995396,1.7136901617050171
16.6999999999999176,121.1999999999995339,1.7870521545410156
16.6999999999999176,121.2999999999995282,1.6504541635513306
16.6999999999999176,121.3999999999995225,1.7598184347152710
16.6999999999999176,121.4999999999995168,2.1206812858581543
16.6999999999999176,121.5999999999995111,2.4017796516418457
16.6999999999999176,121.6999999999995055,2.7860701084136963
16.6999999999999176,121.7999999999994998,3.1378891468048096
16.6999999999999176,121.8999999999994941,2.9021763801574707
16.6999999999999176,121.9999999999994884,2.6407663822174072
16.6999999999999176,122.0999999999994827,2.7498135566711426
16.6999999999999176,122.1999999999994770,3.5890545845031738
16.6999999999999176,122.2999999999994714,4.5145220756530762
16.5999999999999162,120.2999999999995850,3.6414499282836914
16.5999999999999162,120.3999999999995794,3.5209619998931885
16.5999999999999162,120.4999999999995737,2.6266856193542480
16.5999999999999162,120.5999999999995680,1.7379981279373169
16.5999999999999162,120.6999999999995623,1.8345208168029785
16.5999999999999162,120.7999999999995566,2.0255417823791504
16.5999999999999162,120.8999999999995509,2.5197508335113525
16.5999999999999162,120.9999999999995453,2.2185885906219482
16.5999999999999162,121.0999999999995396,1.6755249500274658
16.5999999999999162,121.1999999999995339,1.6866174936294556
16.5999999999999162,121.2999999999995282,1.5848582983016968
16.5999999999999162,121.3999999999995225,1.8587391376495361
16.5999999999999162,121.4999999999995168,2.2946715354919434
16.5999999999999162,121.5999999999995111,2.4627292156219482
16.5999999999999162,121.6999999999995055,2.7467670440673828
16.5999999999999162,121.7999999999994998,3.0781505107879639
16.5999999999999162,121.8999999999994941,3.0302195549011230
16.5999999999999162,121.9999999999994884,2.9589717388153076
16.5999999999999162,122.0999999999994827,3.3177711963653564
16.5999999999999162,122.1999999999994770,4.4496870040893555
16.5999999999999162,122.2999999999994714,5.3453383445739746
16.4999999999999147,120.2999999999995850,3.6126596927642822
16.4999999999999147,120.3999999999995794,3.3966865539550781
16.4999999999999147,120.4999999999995737,2.5366520881652832
16.4999999999999147,120.5999999999995680,1.6221505403518677
16.4999999999999147,120.6999999999995623,2.0115227699279785
16.4999999999999147,120.7999999999995566,2.2724187374114990
16.4999999999999147,120.8999999999995509,2.7981536388397217
16.4999999999999147,120.9999999999995453,2.5470986366271973
16.4999999999999147,121.0999999999995396,1.9944432973861694
16.4999999999999147,121.1999999999995339,1.9473603963851929
16.4999999999999147,121.2999999999995282,1.8866059780120850
16.4999999999999147,121.3999999999995225,2.0264434814453125
16.4999999999999147,121.4999999999995168,2.3882665634155273
16.4999999999999147,121.5999999999995111,2.5287528038024902
16.4999999999999147,121.6999999999995055,2.7211010456085205
16.4999999999999147,121.7999999999994998,3.0058901309967041
16.4999999999999147,121.8999999999994941,3.1398839950561523
16.4999999999999147,121.9999999999994884,3.3267052173614502
16.4999999999999147,122.0999999999994827,4.0600323677062988
16.4999999999999147,122.1999999999994770,5.5428929328918457
16.3999999999999133,120.3999999999995794,3.5604586601257324
16.3999999999999133,120.4999999999995737,2.5999748706817627
16.3999999999999133,120.5999999999995680,1.7531424760818481
16.3999999999999133,120.6999999999995623,2.0618112087249756
16.3999999999999133,120.7999999999995566,2.2382161617279053
16.3999999999999133,120.8999999999995509,2.8924765586853027
16.3999999999999133,120.9999999999995453,2.7708237171173096
16.3999999999999133,121.0999999999995396,2.4031100273132324
16.3999999999999133,121.1999999999995339,2.3373923301696777
16.3999999999999133,121.2999999999995282,2.1704719066619873
16.3999999999999133,121.3999999999995225,2.2004213333129883
16.3999999999999133,121.4999999999995168,2.4983942508697510
16.3999999999999133,121.5999999999995111,2.5603234767913818
16.3999999999999133,121.6999999999995055,2.7119860649108887
16.3999999999999133,121.7999999999994998,3.0424270629882812
16.3999999999999133,121.8999999999994941,3.3801546096801758
16.3999999999999133,121.9999999999994884,3.9408590793609619
16.3999999999999133,122.0999999999994827,4.9519996643066406
16.3999999999999133,122.1999999999994770,6.4855933189392090
16.2999999999999119,119.7999999999996135,4.6837096214294434
16.2999999999999119,120.3999999999995794,3.6828563213348389
16.2999999999999119,120.4999999999995737,2.8088271617889404
16.2999999999999119,120.5999999999995680,2.0117516517639160
16.2999999999999119,120.6999999999995623,2.0575747489929199
16.2999999999999119,120.7999999999995566,2.1254575252532959
16.2999999999999119,120.8999999999995509,2.5204212665557861
16.2999999999999119,120.9999999999995453,2.6622142791748047
16.2999999999999119,121.0999999999995396,2.5239837169647217
16.2999999999999119,121.1999999999995339,2.6467850208282471
16.2999999999999119,121.2999999999995282,2.5163984298706055
16.2999999999999119,121.3999999999995225,2.4779210090637207
16.2999999999999119,121.4999999999995168,2.4933922290802002
16.2999999999999119,121.5999999999995111,2.6005446910858154
16.2999999999999119,121.6999999999995055,2.8364644050598145
16.2999999999999119,121.7999999999994998,3.1790096759796143
16.2999999999999119,121.8999999999994941,3.9450750350952148
16.2999999999999119,121.9999999999994884,4.9784045219421387
16.2999999999999119,122.0999999999994827,6.6294760704040527
16.1999999999999105,119.7999999999996135,4.4945616722106934
16.1999999999999105,119.8999999999996078,4.4776515960693359
16.1999999999999105,119.9999999999996021,4.7517499923706055
16.1999999999999105,120.4999999999995737,3.0119171142578125
16.1999999999999105,120.5999999999995680,2.3214130401611328
16.1999999999999105,120.6999999999995623,2.1315298080444336
16.1999999999999105,120.7999999999995566,2.1044707298278809
16.1999999999999105,120.8999999999995509,2.3904242515563965
16.1999999999999105,120.9999999999995453,2.5258140563964844
16.1999999999999105,121.0999999999995396,2.7558691501617432
16.1999999999999105,121.1999999999995339,3.0191094875335693
16.1999999999999105,121.2999999999995282,2.9540252685546875
16.1999999999999105,121.3999999999995225,2.7550339698791504
16.1999999999999105,121.4999999999995168,2.6457390785217285
16.1999999999999105,121.5999999999995111,2.7425425052642822
16.1999999999999105,121.6999999999995055,3.0036013126373291
16.1999999999999105,121.7999999999994998,3.5843505859375000
16.1999999999999105,121.8999999999994941,4.9255514144897461
16.1999999999999105,121.9999999999994884,6.9262561798095703
16.0999999999999091,119.7999999999996135,4.5753149986267090
16.0999999999999091,119.8999999999996078,4.3821864128112793
16.0999999999999091,119.9999999999996021,4.5646405220031738
16.0999999999999091,120.4999999999995737,3.2206208705902100
16.0999999999999091,120.5999999999995680,2.7212095260620117
16.0999999999999091,120.6999999999995623,2.4607870578765869
16.0999999999999091,120.7999999999995566,2.0495245456695557
16.0999999999999091,120.8999999999995509,2.2986154556274414
16.0999999999999091,120.9999999999995453,2.3909668922424316
16.0999999999999091,121.0999999999995396,2.7589735984802246
16.0999999999999091,121.1999999999995339,3.1215808391571045
16.0999999999999091,121.2999999999995282,2.9423689842224121
16.0999999999999091,121.3999999999995225,2.6986613273620605
16.0999999999999091,121.4999999999995168,2.6203055381774902
16.0999999999999091,121.5999999999995111,2.8993029594421387
16.0999999999999091,121.6999999999995055,3.8014533519744873
15.9999999999999094,119.7999999999996135,4.9447784423828125
15.9999999999999094,119.8999999999996078,4.4416627883911133
15.9999999999999094,119.9999999999996021,4.1242661476135254
15.9999999999999094,120.0999999999995964,4.2695293426513672
15.9999999999999094,120.1999999999995907,4.0551948547363281
15.9999999999999094,120.2999999999995850,4.2074055671691895
15.9999999999999094,120.3999999999995794,4.1390957832336426
15.9999999999999094,120.4999999999995737,3.3887717723846436
15.9999999999999094,120.5999999999995680,3.1956696510314941
15.9999999999999094,120.6999999999995623,2.9076945781707764
15.9999999999999094,120.7999999999995566,2.5598070621490479
15.9999999999999094,120.8999999999995509,2.3304088115692139
15.9999999999999094,120.9999999999995453,2.2539842128753662
15.9999999999999094,121.0999999999995396,2.5589809417724609
15.9999999999999094,121.1999999999995339,2.8190815448760986
15.9999999999999094,121.2999999999995282,2.6449744701385498
15.9999999999999094,121.3999999999995225,2.4251008033752441
15.9999999999999094,121.4999999999995168,2.7216219902038574
15.9999999999999094,121.5999999999995111,4.0434460639953613
15.8999999999999098,119.9999999999996021,3.9193980693817139
15.8999999999999098,120.0999999999995964,4.1573443412780762
15.8999999999999098,120.1999999999995907,4.0443530082702637
15.8999999999999098,120.2999999999995850,4.1224770545959473
15.8999999999999098,120.3999999999995794,4.3391833305358887
15.8999999999999098,120.4999999999995737,4.0218896865844727
15.8999999999999098,120.5999999999995680,3.6789522171020508
15.8999999999999098,120.6999999999995623,3.3501825332641602
15.8999999999999098,120.7999999999995566,3.0862660408020020
15.8999999999999098,120.8999999999995509,2.8776853084564209
15.8999999999999098,120.9999999999995453,2.6005082130432129
15.8999999999999098,121.0999999999995396,2.4407982826232910
15.8999999999999098,121.1999999999995339,2.7535519599914551
15.8999999999999098,121.2999999999995282,2.5513844490051270
15.8999999999999098,121.3999999999995225,2.8970801830291748
15.8999999999999098,121.4999999999995168,3.7206027507781982
15.8999999999999098,121.5999999999995111,4.5004892349243164
15.7999999999999101,119.9999999999996021,3.7447185516357422
15.7999999999999101,120.0999999999995964,3.4863991737365723
15.7999999999999101,120.1999999999995907,3.6084620952606201
15.7999999999999101,120.2999999999995850,3.9399871826171875
15.7999999999999101,120.3999999999995794,4.2385320663452148
15.7999999999999101,120.4999999999995737,3.9642052650451660
15.7999999999999101,120.5999999999995680,3.6816046237945557
15.7999999999999101,120.6999999999995623,3.4646990299224854
15.7999999999999101,120.7999999999995566,3.3449776172637939
15.7999999999999101,120.8999999999995509,3.2500905990600586
15.7999999999999101,120.9999999999995453,2.9425318241119385
15.7999999999999101,121.0999999999995396,2.4909691810607910
15.7999999999999101,121.1999999999995339,2.4949576854705811
15.7999999999999101,121.2999999999995282,2.5009155273437500
15.7999999999999101,121.3999999999995225,3.0074710845947266
15.7999999999999101,121.4999999999995168,3.8526444435119629
15.6999999999999105,119.9999999999996021,3.5876023769378662
15.6999999999999105,120.0999999999995964,2.6601693630218506
15.6999999999999105,120.1999999999995907,2.9032001495361328
15.6999999999999105,120.2999999999995850,3.3165657520294189
15.6999999999999105,120.3999999999995794,3.6760733127593994
15.6999999999999105,120.4999999999995737,3.5787305831909180
15.6999999999999105,120.5999999999995680,3.4533882141113281
15.6999999999999105,120.6999999999995623,3.4032289981842041
15.6999999999999105,120.7999999999995566,3.4675908088684082
15.6999999999999105,120.8999999999995509,3.5120546817779541
15.6999999999999105,120.9999999999995453,3.1929571628570557
15.6999999999999105,121.0999999999995396,2.6158814430236816
15.6999999999999105,121.1999999999995339,2.2576506137847900
15.6999999999999105,121.2999999999995282,2.3926541805267334
15.6999999999999105,121.3999999999995225,2.9511010646820068
15.6999999999999105,121.4999999999995168,4.0120210647583008
15.5999999999999108,119.9999999999996021,3.4356632232666016
15.5999999999999108,120.0999999999995964,2.2937605381011963
15.5999999999999108,120.1999999999995907,2.3758459091186523
15.5999999999999108,120.2999999999995850,2.7926678657531738
15.5999999999999108,120.3999999999995794,3.2165908813476562
15.5999999999999108,120.4999999999995737,3.2584159374237061
15.5999999999999108,120.5999999999995680,3.3170597553253174
15.5999999999999108,120.6999999999995623,3.3933939933776855
15.5999999999999108,120.7999999999995566,3.5914714336395264
15.5999999999999108,120.8999999999995509,3.7871859073638916
15.5999999999999108,120.9999999999995453,3.4447655677795410
15.5999999999999108,121.0999999999995396,2.7792816162109375
15.5999999999999108,121.1999999999995339,2.2841067314147949
15.5999999999999108,121.2999999999995282,2.6882183551788330
15.5999999999999108,121.3999999999995225,3.3261399269104004
15.5999999999999108,121.4999999999995168,4.4679837226867676
15.4999999999999112,119.9999999999996021,3.2750248908996582
15.4999999999999112,120.0999999999995964,2.3091366291046143
15.4999999999999112,120.1999999999995907,2.3569457530975342
15.4999999999999112,120.2999999999995850,2.6628954410552979
15.4999999999999112,120.3999999999995794,3.1098053455352783
15.4999999999999112,120.4999999999995737,3.2776145935058594
15.4999999999999112,120.5999999999995680,3.4085566997528076
15.4999999999999112,120.6999999999995623,3.4702863693237305
15.4999999999999112,120.7999999999995566,3.6712765693664551
15.4999999999999112,120.8999999999995509,3.8579876422882080
15.4999999999999112,120.9999999999995453,3.6550471782684326
15.4999999999999112,121.0999999999995396,3.1167528629302979
15.4999999999999112,121.1999999999995339,3.0622570514678955
15.4999999999999112,121.2999999999995282,3.9231998920440674
15.4999999999999112,121.3999999999995225,4.9119906425476074
15.4999999999999112,121.4999999999995168,5.8180141448974609
15.3999999999999115,119.8999999999996078,5.3168907165527344
15.3999999999999115,119.9999999999996021,3.2929306030273438
15.3999999999999115,120.0999999999995964,2.4402070045471191
15.3999999999999115,120.1999999999995907,2.4736485481262207
15.3999999999999115,120.2999999999995850,2.7214794158935547
15.3999999999999115,120.3999999999995794,3.2239017486572266
15.3999999999999115,120.4999999999995737,3.3651602268218994
15.3999999999999115,120.5999999999995680,3.5177083015441895
15.3999999999999115,120.6999999999995623,3.6113586425781250
15.3999999999999115,120.7999999999995566,3.7915360927581787
15.3999999999999115,120.8999999999995509,4.0239152908325195
15.3999999999999115,120.9999999999995453,3.8738703727722168
15.3999999999999115,121.0999999999995396,3.6972265243530273
15.3999999999999115,121.1999999999995339,4.5682282447814941
15.3999999999999115,121.2999999999995282,5.6944789886474609
15.2999999999999119,119.9999999999996021,2.9313170909881592
15.2999999999999119,120.0999999999995964,2.5846886634826660
15.2999999999999119,120.1999999999995907,2.6560847759246826
15.2999999999999119,120.2999999999995850,2.8143203258514404
15.2999999999999119,120.3999999999995794,3.3277866840362549
15.2999999999999119,120.4999999999995737,3.4461221694946289
15.2999999999999119,120.5999999999995680,3.5723717212677002
15.2999999999999119,120.6999999999995623,3.6929037570953369
15.2999999999999119,120.7999999999995566,3.8793714046478271
15.2999999999999119,120.8999999999995509,4.0541572570800781
15.2999999999999119,120.9999999999995453,3.9967377185821533
15.2999999999999119,121.0999999999995396,4.3288216590881348
15.2999999999999119,121.1999999999995339,5.6425065994262695
15.2999999999999119,121.2999999999995282,6.9000020027160645
15.2999999999999119,121.3999999999995225,7.9916415214538574
15.1999999999999122,120.0999999999995964,2.8428995609283447
15.1999999999999122,120.1999999999995907,2.8006148338317871
15.1999999999999122,120.2999999999995850,2.8268682956695557
15.1999999999999122,120.3999999999995794,3.1026637554168701
15.1999999999999122,120.4999999999995737,3.2964036464691162
15.1999999999999122,120.5999999999995680,3.4746799468994141
15.1999999999999122,120.6999999999995623,3.6146030426025391
15.1999999999999122,120.7999999999995566,3.7283141613006592
15.1999999999999122,120.8999999999995509,3.8431131839752197
15.1999999999999122,120.9999999999995453,3.9455475807189941
15.1999999999999122,121.0999999999995396,4.4986362457275391
15.1999999999999122,121.1999999999995339,5.4456319808959961
15.1999999999999122,121.2999999999995282,6.4021353721618652
15.0999999999999126,120.0999999999995964,3.2197337150573730
15.0999999999999126,120.1999999999995907,3.1467595100402832
15.0999999999999126,120.2999999999995850,3.0098321437835693
15.0999999999999126,120.3999999999995794,2.9660546779632568
15.0999999999999126,120.4999999999995737,3.2043452262878418
15.0999999999999126,120.5999999999995680,3.6025979518890381
15.0999999999999126,120.6999999999995623,3.8752467632293701
15.0999999999999126,120.7999999999995566,3.7976810932159424
15.0999999999999126,120.8999999999995509,4.1288180351257324
15.0999999999999126,120.9999999999995453,4.5156764984130859
15.0999999999999126,121.0999999999995396,4.6221776008605957
15.0999999999999126,121.1999999999995339,5.1984381675720215
15.0999999999999126,121.2999999999995282,5.7979416847229004
15.0999999999999126,121.3999999999995225,6.8233890533447266
14.9999999999999130,120.0999999999995964,3.9272203445434570
14.9999999999999130,120.1999999999995907,3.7552828788757324
14.9999999999999130,120.2999999999995850,3.5470998287200928
14.9999999999999130,120.3999999999995794,3.3743722438812256
14.9999999999999130,120.4999999999995737,3.6737842559814453
14.9999999999999130,120.5999999999995680,4.2142648696899414
14.9999999999999130,120.6999999999995623,4.6965112686157227
14.9999999999999130,120.7999999999995566,4.4208788871765137
14.9999999999999130,120.8999999999995509,4.7079391479492188
14.9999999999999130,120.9999999999995453,4.8247213363647461
14.9999999999999130,121.0999999999995396,4.7226023674011230
14.9999999999999130,121.1999999999995339,4.9443984031677246
14.9999999999999130,121.2999999999995282,5.3296175003051758
14.9999999999999130,121.3999999999995225,6.0470662117004395
14.9999999999999130,121.4999999999995168,6.8926143646240234
14.9999999999999130,121.8999999999994941,12.5033941268920898
14.9999999999999130,121.9999999999994884,13.6063041687011719
14.8999999999999133,120.0999999999995964,5.1147017478942871
14.8999999999999133,120.1999999999995907,4.4914169311523438
14.8999999999999133,120.2999999999995850,4.3199281692504883
14.8999999999999133,120.3999999999995794,4.2348012924194336
14.8999999999999133,120.4999999999995737,4.6967287063598633
14.8999999999999133,120.7999999999995566,5.1696009635925293
14.8999999999999133,120.8999999999995509,4.6860556602478027
14.8999999999999133,120.9999999999995453,4.6012983322143555
14.8999999999999133,121.0999999999995396,4.4905567169189453
14.8999999999999133,121.1999999999995339,4.4537496566772461
14.8999999999999133,121.2999999999995282,4.7450571060180664
14.8999999999999133,121.3999999999995225,5.0007586479187012
14.8999999999999133,121.4999999999995168,5.7793292999267578
14.8999999999999133,121.8999999999994941,12.8139066696166992
14.8999999999999133,121.9999999999994884,13.4709548950195312
14.7999999999999137,120.1999999999995907,5.6335706710815430
14.7999999999999137,120.2999999999995850,5.0508928298950195
14.7999999999999137,120.3999999999995794,5.1334586143493652
14.7999999999999137,120.4999999999995737,5.6924552917480469
14.7999999999999137,120.8999999999995509,4.6385540962219238
14.7999999999999137,120.9999999999995453,4.4099612236022949
14.7999999999999137,121.0999999999995396,4.2677469253540039
14.7999999999999137,121.1999999999995339,4.2456746101379395
14.7999999999999137,121.2999999999995282,4.3743867874145508
14.7999999999999137,121.3999999999995225,4.5620660781860352
14.7999999999999137,121.4999999999995168,4.9988160133361816
14.7999999999999137,121.5999999999995111,6.6870794296264648
14.7999999999999137,121.8999999999994941,13.1192588806152344
14.7999999999999137,121.9999999999994884,13.8517065048217773
14.7999999999999137,122.1999999999994770,14.3378162384033203
14.6999999999999140,120.2999999999995850,5.9981284141540527
14.6999999999999140,120.3999999999995794,6.4390578269958496
14.6999999999999140,120.4999999999995737,6.7783918380737305
14.6999999999999140,120.9999999999995453,4.7349967956542969
14.6999999999999140,121.0999999999995396,4.6030001640319824
14.6999999999999140,121.1999999999995339,4.6096057891845703
14.6999999999999140,121.2999999999995282,4.7454266548156738
14.6999999999999140,121.3999999999995225,4.8585691452026367
14.6999999999999140,121.4999999999995168,5.2290410995483398
14.6999999999999140,121.5999999999995111,6.6336612701416016
14.6999999999999140,121.9999999999994884,13.7454328536987305
14.6999999999999140,122.3999999999994657,14.2048587799072266
14.5999999999999144,120.3999999999995794,8.1786174774169922
14.5999999999999144,120.4999999999995737,8.1646442413330078
14.5999999999999144,120.5999999999995680,8.5534839630126953
14.5999999999999144,120.9999999999995453,5.4342093467712402
14.5999999999999144,121.0999999999995396,5.2980189323425293
14.5999999999999144,121.1999999999995339,5.4752674102783203
14.5999999999999144,121.2999999999995282,5.6466741561889648
14.5999999999999144,121.3999999999995225,5.6715092658996582
14.5999999999999144,121.4999999999995168,5.8188176155090332
14.5999999999999144,121.5999999999995111,7.4159550666809082
14.4999999999999147,120.4999999999995737,9.5343542098999023
14.4999999999999147,120.5999999999995680,9.2723798751831055
14.4999999999999147,121.0999999999995396,5.9255757331848145
14.4999999999999147,121.1999999999995339,6.4775013923645020
14.4999999999999147,121.2999999999995282,6.4151911735534668
14.4999999999999147,121.3999999999995225,6.3949804306030273
14.4999999999999147,121.4999999999995168,6.6332626342773438
14.4999999999999147,121.5999999999995111,7.7550983428955078
14.3999999999999151,120.7999999999995566,6.1616339683532715
14.3999999999999151,120.8999999999995509,5.4498419761657715
14.3999999999999151,120.9999999999995453,5.6518292427062988
14.3999999999999151,121.2999999999995282,5.9464268684387207
14.3999999999999151,121.4999999999995168,6.1780323982238770
14.3999999999999151,121.5999999999995111,7.9793534278869629
14.3999999999999151,121.6999999999995055,9.3465948104858398
14.2999999999999154,120.6999999999995623,7.0952558517456055
14.2999999999999154,120.7999999999995566,6.0511565208435059
14.2999999999999154,120.8999999999995509,5.0416941642761230
14.2999999999999154,120.9999999999995453,4.8211598396301270
14.2999999999999154,121.0999999999995396,4.8493895530700684
14.2999999999999154,121.4999999999995168,5.6436419486999512
14.2999999999999154,121.5999999999995111,7.4649300575256348
14.2999999999999154,121.6999999999995055,10.6494359970092773
14.2999999999999154,122.4999999999994600,9.9254856109619141
14.2999999999999154,122.6999999999994486,10.2107028961181641
14.1999999999999158,120.5999999999995680,7.8507285118103027
14.1999999999999158,120.6999999999995623,6.8266377449035645
14.1999999999999158,120.7999999999995566,5.9752874374389648
14.1999999999999158,120.8999999999995509,5.1520242691040039
14.1999999999999158,120.9999999999995453,4.8077697753906250
14.1999999999999158,121.0999999999995396,4.7718873023986816
14.1999999999999158,121.3999999999995225,4.6790399551391602
14.1999999999999158,121.4999999999995168,4.9725728034973145
14.1999999999999158,121.5999999999995111,7.1981177330017090
14.1999999999999158,121.6999999999995055,10.7232570648193359
14.1999999999999158,121.9999999999994884,12.8179492950439453
14.1999999999999158,122.3999999999994657,7.5270709991455078
14.1999999999999158,122.4999999999994600,7.6864123344421387
14.1999999999999158,122.5999999999994543,7.6084914207458496
14.1999999999999158,122.6999999999994486,7.8636832237243652
14.1999999999999158,122.7999999999994429,8.4522914886474609
14.1999999999999158,122.8999999999994373,8.9241847991943359
14.0999999999999162,120.5999999999995680,7.5422930717468262
14.0999999999999162,120.6999999999995623,6.9860606193542480
14.0999999999999162,120.7999999999995566,6.2822771072387695
14.0999999999999162,120.8999999999995509,5.6589293479919434
14.0999999999999162,120.9999999999995453,5.2767519950866699
14.0999999999999162,121.0999999999995396,5.0426173210144043
14.0999999999999162,121.1999999999995339,4.8187651634216309
14.0999999999999162,121.2999999999995282,4.6052999496459961
14.0999999999999162,121.3999999999995225,4.8553962707519531
14.0999999999999162,121.4999999999995168,5.5877680778503418
14.0999999999999162,121.5999999999995111,7.5468134880065918
14.0999999999999162,121.6999999999995055,10.7882976531982422
14.0999999999999162,121.7999999999994998,13.6429042816162109
14.0999999999999162,122.0999999999994827,10.3172063827514648
14.0999999999999162,122.2999999999994714,7.4441876411437988
14.0999999999999162,122.3999999999994657,6.7060985565185547
14.0999999999999162,122.4999999999994600,6.7204651832580566
14.0999999999999162,122.5999999999994543,6.7824249267578125
14.0999999999999162,122.6999999999994486,7.0289931297302246
14.0999999999999162,122.7999999999994429,7.4089193344116211
14.0999999999999162,122.8999999999994373,8.3931274414062500
14.0999999999999162,122.9999999999994316,9.3837471008300781
13.9999999999999165,120.6999999999995623,7.4748468399047852
13.9999999999999165,120.7999999999995566,6.7202763557434082
13.9999999999999165,120.8999999999995509,6.2508153915405273
13.9999999999999165,120.9999999999995453,5.9063959121704102
13.9999999999999165,121.0999999999995396,5.4675855636596680
13.9999999999999165,121.1999999999995339,5.0572724342346191
13.9999999999999165,121.2999999999995282,4.9782652854919434
13.9999999999999165,121.3999999999995225,5.2907094955444336
13.9999999999999165,121.4999999999995168,6.1962952613830566
13.9999999999999165,121.5999999999995111,8.0458698272705078
13.9999999999999165,121.6999999999995055,11.0252161026000977
13.9999999999999165,121.7999999999994998,13.1308860778808594
13.9999999999999165,121.8999999999994941,12.3210039138793945
13.9999999999999165,122.3999999999994657,6.2452774047851562
13.9999999999999165,122.4999999999994600,6.5321536064147949
13.9999999999999165,122.5999999999994543,6.8225612640380859
13.9999999999999165,122.6999999999994486,6.7279834747314453
13.9999999999999165,122.7999999999994429,7.1375069618225098
13.9999999999999165,122.8999999999994373,7.7871642112731934
13.9999999999999165,122.9999999999994316,9.4782037734985352
13.9999999999999165,123.2999999999994145,12.0588254928588867
13.9999999999999165,124.1999999999993634,11.4023008346557617
13.9999999999999165,124.2999999999993577,10.1524906158447266
13.8999999999999169,120.5999999999995680,8.9025163650512695
13.8999999999999169,120.9999999999995453,6.4819107055664062
13.8999999999999169,121.0999999999995396,5.9151229858398438
13.8999999999999169,121.1999999999995339,5.3517832756042480
13.8999999999999169,121.2999999999995282,5.5101003646850586
13.8999999999999169,121.3999999999995225,6.1020545959472656
13.8999999999999169,121.4999999999995168,7.2078156471252441
13.8999999999999169,121.9999999999994884,10.4504518508911133
13.8999999999999169,122.0999999999994827,8.7242174148559570
13.8999999999999169,122.1999999999994770,7.4119277000427246
13.8999999999999169,122.2999999999994714,6.2871265411376953
13.8999999999999169,122.3999999999994657,6.0598654747009277
13.8999999999999169,122.6999999999994486,7.0842537879943848
13.8999999999999169,122.7999999999994429,6.8652386665344238
13.8999999999999169,122.8999999999994373,7.4914746284484863
13.8999999999999169,122.9999999999994316,8.7515439987182617
13.8999999999999169,123.3999999999994088,9.2873735427856445
13.8999999999999169,123.4999999999994031,9.3169822692871094
13.8999999999999169,123.5999999999993975,11.2589845657348633
13.8999999999999169,123.6999999999993918,13.0239467620849609
13.8999999999999169,124.1999999999993634,10.2115421295166016
13.8999999999999169,124.2999999999993577,8.8525905609130859
13.7999999999999172,120.0999999999995964,11.8594512939453125
13.7999999999999172,120.1999999999995907,11.5697946548461914
13.7999999999999172,120.8999999999995509,7.6077833175659180
13.7999999999999172,120.9999999999995453,6.9403638839721680
13.7999999999999172,121.0999999999995396,6.1463069915771484
13.7999999999999172,121.1999999999995339,5.5836343765258789
13.7999999999999172,121.2999999999995282,6.1411485671997070
13.7999999999999172,121.3999999999995225,7.3081102371215820
13.7999999999999172,121.9999999999994884,10.2271223068237305
13.7999999999999172,122.0999999999994827,9.0274963378906250
13.7999999999999172,122.1999999999994770,7.9915418624877930
13.7999999999999172,122.2999999999994714,6.9501843452453613
13.7999999999999172,122.3999999999994657,6.8504433631896973
13.7999999999999172,122.7999999999994429,7.3257517814636230
13.7999999999999172,122.8999999999994373,7.0834093093872070
13.7999999999999172,122.9999999999994316,8.0918121337890625
13.7999999999999172,123.2999999999994145,8.4545068740844727
13.7999999999999172,123.3999999999994088,7.7343645095825195
13.7999999999999172,123.4999999999994031,7.4986181259155273
13.7999999999999172,123.5999999999993975,9.7776269912719727
13.7999999999999172,123.6999999999993918,12.0854196548461914
13.7999999999999172,123.7999999999993861,13.0191202163696289
13.7999999999999172,124.1999999999993634,9.3266220092773438
13.7999999999999172,124.2999999999993577,7.8615274429321289
13.6999999999999176,121.0999999999995396,6.8754940032958984
13.6999999999999176,121.1999999999995339,5.9388012886047363
13.6999999999999176,121.2999999999995282,6.9960985183715820
13.6999999999999176,121.3999999999995225,8.4010143280029297
13.6999999999999176,122.1999999999994770,8.6094942092895508
13.6999999999999176,122.2999999999994714,7.8545975685119629
13.6999999999999176,122.3999999999994657,7.8478245735168457
13.6999999999999176,122.8999999999994373,7.4379711151123047
13.6999999999999176,122.9999999999994316,7.3665933609008789
13.6999999999999176,123.0999999999994259,8.0387639999389648
13.6999999999999176,123.1999999999994202,8.4550819396972656
13.6999999999999176,123.2999999999994145,7.5498619079589844
13.6999999999999176,123.3999999999994088,6.4296417236328125
13.6999999999999176,123.4999999999994031,6.3096780776977539
13.6999999999999176,124.0999999999993690,10.5494966506958008
13.6999999999999176,124.1999999999993634,8.6624689102172852
13.6999999999999176,124.2999999999993577,7.4199218750000000
13.5999999999999179,122.2999999999994714,8.5896854400634766
13.5999999999999179,122.3999999999994657,8.5496873855590820
13.5999999999999179,122.4999999999994600,9.0572423934936523
13.5999999999999179,122.8999999999994373,7.5897641181945801
13.5999999999999179,122.9999999999994316,7.1518988609313965
13.5999999999999179,123.0999999999994259,7.2752132415771484
13.5999999999999179,123.1999999999994202,7.3576765060424805
13.5999999999999179,123.2999999999994145,6.3438987731933594
13.5999999999999179,123.3999999999994088,5.1462597846984863
13.5999999999999179,123.4999999999994031,4.8499336242675781
13.5999999999999179,124.1999999999993634,8.8809461593627930
13.5999999999999179,124.2999999999993577,7.6831016540527344
13.4999999999999183,120.6999999999995623,6.8131036758422852
13.4999999999999183,120.7999999999995566,6.2612438201904297
13.4999999999999183,121.8999999999994941,12.8829040527343750
13.4999999999999183,121.9999999999994884,11.0914201736450195
13.4999999999999183,122.4999999999994600,8.5424652099609375
13.4999999999999183,122.5999999999994543,8.5990571975708008
13.4999999999999183,123.1999999999994202,7.2810206413269043
13.4999999999999183,123.2999999999994145,5.5255866050720215
13.4999999999999183,123.3999999999994088,3.8806073665618896
13.4999999999999183,123.4999999999994031,3.5152213573455811
13.4999999999999183,123.5999999999993975,4.3824286460876465
13.3999999999999186,120.4999999999995737,8.2901782989501953
13.3999999999999186,120.5999999999995680,6.4033193588256836
13.3999999999999186,120.6999999999995623,5.1037049293518066
13.3999999999999186,120.7999999999995566,4.4778575897216797
13.3999999999999186,120.8999999999995509,4.2930183410644531
13.3999999999999186,120.9999999999995453,4.1072206497192383
13.3999999999999186,121.0999999999995396,3.7478120326995850
13.3999999999999186,121.1999999999995339,4.1385326385498047
13.3999999999999186,121.7999999999994998,13.7074527740478516
13.3999999999999186,121.8999999999994941,12.6730012893676758
13.3999999999999186,121.9999999999994884,11.0928993225097656
13.3999999999999186,122.0999999999994827,10.1395940780639648
13.3999999999999186,122.4999999999994600,8.5444955825805664
13.3999999999999186,122.5999999999994543,8.2867374420166016
13.3999999999999186,123.1999999999994202,7.5649166107177734
13.3999999999999186,123.2999999999994145,5.8321399688720703
13.3999999999999186,123.3999999999994088,3.7260260581970215
13.3999999999999186,123.4999999999994031,2.9348893165588379
13.3999999999999186,123.5999999999993975,3.3960669040679932
13.2999999999999190,120.5999999999995680,6.4828195571899414
13.2999999999999190,120.6999999999995623,4.4653391838073730
13.2999999999999190,120.7999999999995566,3.0368046760559082
13.2999999999999190,120.8999999999995509,2.7732059955596924
13.2999999999999190,120.9999999999995453,2.9923548698425293
13.2999999999999190,121.0999999999995396,3.2239382266998291
13.2999999999999190,121.1999999999995339,4.2958569526672363
13.2999999999999190,121.2999999999995282,6.1242408752441406
13.2999999999999190,121.8999999999994941,12.3905982971191406
13.2999999999999190,121.9999999999994884,11.0976896286010742
13.2999999999999190,122.5999999999994543,7.8215298652648926
13.2999999999999190,123.2999999999994145,6.3615975379943848
13.2999999999999190,123.4999999999994031,3.3086209297180176
13.2999999999999190,123.5999999999993975,3.1439473628997803
13.2999999999999190,123.6999999999993918,3.7430047988891602
13.2999999999999190,123.8999999999993804,7.3805027008056641
13.1999999999999194,120.6999999999995623,6.0666441917419434
13.1999999999999194,120.7999999999995566,4.1282873153686523
13.1999999999999194,120.8999999999995509,2.8102257251739502
13.1999999999999194,120.9999999999995453,2.5439622402191162
13.1999999999999194,121.0999999999995396,3.0024518966674805
13.1999999999999194,121.1999999999995339,3.6148192882537842
13.1999999999999194,121.3999999999995225,7.6196408271789551
13.1999999999999194,123.2999999999994145,6.8108534812927246
13.1999999999999194,123.3999999999994088,4.7822751998901367
13.1999999999999194,123.4999999999994031,3.8767800331115723
13.1999999999999194,123.5999999999993975,3.8170838356018066
13.1999999999999194,123.6999999999993918,4.3811669349670410
13.0999999999999197,120.6999999999995623,6.6884937286376953
13.0999999999999197,120.7999999999995566,5.3036031723022461
13.0999999999999197,120.8999999999995509,3.3339629173278809
13.0999999999999197,120.9999999999995453,2.7944495677947998
13.0999999999999197,121.0999999999995396,2.9806499481201172
13.0999999999999197,121.1999999999995339,3.2906973361968994
13.0999999999999197,121.2999999999995282,4.6642060279846191
13.0999999999999197,121.3999999999995225,6.4618358612060547
13.0999999999999197,121.4999999999995168,7.9079785346984863
13.0999999999999197,122.9999999999994316,10.5208148956298828
13.0999999999999197,123.3999999999994088,5.3763923645019531
13.0999999999999197,123.4999999999994031,4.6955094337463379
13.0999999999999197,123.5999999999993975,4.7311797142028809
13.0999999999999197,123.6999999999993918,5.4505877494812012
13.0999999999999197,123.7999999999993861,6.6100807189941406
13.0999999999999197,123.8999999999993804,8.7311420440673828
12.9999999999999201,120.7999999999995566,5.5932888984680176
12.9999999999999201,120.8999999999995509,3.5236964225769043
12.9999999999999201,120.9999999999995453,2.9409337043762207
12.9999999999999201,121.0999999999995396,2.6297903060913086
12.9999999999999201,121.1999999999995339,3.1268064975738525
12.9999999999999201,121.2999999999995282,4.0829014778137207
12.9999999999999201,121.3999999999995225,5.9469332695007324
12.9999999999999201,122.9999999999994316,10.7372274398803711
12.9999999999999201,123.0999999999994259,10.7558431625366211
12.9999999999999201,123.4999999999994031,5.9908504486083984
12.9999999999999201,123.5999999999993975,6.2122554779052734
12.9999999999999201,123.6999999999993918,6.6505503654479980
12.9999999999999201,123.7999999999993861,7.3173880577087402
12.9999999999999201,123.8999999999993804,8.2088823318481445
12.9999999999999201,123.9999999999993747,9.9338769912719727
12.9999999999999201,124.0999999999993690,10.8111839294433594
12.8999999999999204,120.7999999999995566,6.1321592330932617
12.8999999999999204,120.8999999999995509,4.1236152648925781
12.8999999999999204,120.9999999999995453,3.1020715236663818
12.8999999999999204,121.0999999999995396,2.5933282375335693
12.8999999999999204,121.1999999999995339,2.9940066337585449
12.8999999999999204,121.2999999999995282,3.5850310325622559
12.8999999999999204,121.3999999999995225,5.6046471595764160
12.8999999999999204,121.4999999999995168,7.1518244743347168
12.8999999999999204,123.1999999999994202,10.6790952682495117
12.8999999999999204,123.7999999999993861,7.8287510871887207
12.8999999999999204,124.0999999999993690,9.2571020126342773
12.7999999999999208,120.7999999999995566,7.1497206687927246
12.7999999999999208,120.8999999999995509,5.2689938545227051
12.7999999999999208,120.9999999999995453,4.1150326728820801
12.7999999999999208,121.0999999999995396,3.3152294158935547
12.7999999999999208,121.1999999999995339,2.9805252552032471
12.7999999999999208,121.2999999999995282,3.7746009826660156
12.7999999999999208,121.3999999999995225,5.4736733436584473
12.7999999999999208,123.8999999999993804,7.7543530464172363
12.7999999999999208,123.9999999999993747,7.2634005546569824
12.7999999999999208,124.0999999999993690,7.9091615676879883
12.6999999999999211,120.8999999999995509,6.4736886024475098
12.6999999999999211,120.9999999999995453,5.3402514457702637
12.6999999999999211,121.0999999999995396,4.3661284446716309
12.6999999999999211,121.1999999999995339,3.5998358726501465
12.6999999999999211,121.2999999999995282,4.6850056648254395
12.6999999999999211,121.3999999999995225,6.5254893302917480
12.6999999999999211,121.4999999999995168,8.3109531402587891
12.6999999999999211,123.8999999999993804,7.9746384620666504
12.6999999999999211,123.9999999999993747,7.5048599243164062
12.6999999999999211,124.0999999999993690,7.6967821121215820
12.5999999999999215,120.9999999999995453,6.6347064971923828
12.5999999999999215,121.0999999999995396,5.5236148834228516
12.5999999999999215,121.1999999999995339,4.5782451629638672
12.5999999999999215,121.2999999999995282,6.1607608795166016
12.5999999999999215,121.3999999999995225,8.3244304656982422
12.5999999999999215,121.4999999999995168,10.0752458572387695
12.5999999999999215,122.0999999999994827,9.7072505950927734
12.5999999999999215,123.9999999999993747,8.1105871200561523
12.4999999999999218,120.9999999999995453,7.7734160423278809
12.4999999999999218,121.0999999999995396,6.5816912651062012
12.4999999999999218,121.1999999999995339,5.9471716880798340
12.4999999999999218,121.2999999999995282,7.6595072746276855
12.4999999999999218,121.3999999999995225,9.8697080612182617
12.4999999999999218,121.9999999999994884,8.8013763427734375
12.4999999999999218,122.4999999999994600,13.3285703659057617
12.4999999999999218,122.5999999999994543,13.6201982498168945
12.4999999999999218,123.2999999999994145,10.4076862335205078
12.4999999999999218,123.3999999999994088,9.7820310592651367
12.4999999999999218,123.4999999999994031,9.5645256042480469
12.4999999999999218,123.6999999999993918,9.2500057220458984
12.4999999999999218,124.2999999999993577,12.2772274017333984
12.4999999999999218,124.3999999999993520,10.3269243240356445
12.4999999999999218,124.4999999999993463,7.6946492195129395
12.4999999999999218,124.5999999999993406,5.7831406593322754
12.4999999999999218,124.6999999999993349,5.2884917259216309
12.4999999999999218,124.7999999999993292,5.2336249351501465
12.4999999999999218,124.8999999999993236,5.8900852203369141
12.4999999999999218,124.9999999999993179,6.5788612365722656
12.4999999999999218,125.0999999999993122,7.4294486045837402
12.4999999999999218,125.1999999999993065,8.3633098602294922
12.3999999999999222,120.9999999999995453,7.9984235763549805
12.3999999999999222,121.0999999999995396,7.2448096275329590
12.3999999999999222,121.1999999999995339,7.7859034538269043
12.3999999999999222,121.2999999999995282,9.4891929626464844
12.3999999999999222,121.9999999999994884,10.2979173660278320
12.3999999999999222,122.0999999999994827,9.4370908737182617
12.3999999999999222,122.4999999999994600,13.1999692916870117
12.3999999999999222,122.5999999999994543,13.2921323776245117
12.3999999999999222,123.2999999999994145,10.0727529525756836
12.3999999999999222,123.3999999999994088,8.9344463348388672
12.3999999999999222,123.4999999999994031,8.2458524703979492
12.3999999999999222,124.3999999999993520,9.7124996185302734
12.3999999999999222,124.4999999999993463,7.3173780441284180
12.3999999999999222,124.5999999999993406,5.1700119972229004
12.3999999999999222,124.6999999999993349,4.6729636192321777
12.3999999999999222,124.7999999999993292,4.5299992561340332
12.3999999999999222,124.8999999999993236,4.8209371566772461
12.3999999999999222,124.9999999999993179,5.5784602165222168
12.3999999999999222,125.0999999999993122,6.4617156982421875
12.3999999999999222,125.1999999999993065,7.6768469810485840
12.2999999999999226,119.8999999999996078,14.6678619384765625
12.2999999999999226,121.1999999999995339,10.4513187408447266
12.2999999999999226,121.9999999999994884,11.6087160110473633
12.2999999999999226,123.2999999999994145,9.5900068283081055
12.2999999999999226,123.3999999999994088,7.7993974685668945
12.2999999999999226,123.4999999999994031,6.8789973258972168
12.2999999999999226,123.5999999999993975,6.5825648307800293
12.2999999999999226,123.6999999999993918,6.5563030242919922
12.2999999999999226,124.3999999999993520,9.4280633926391602
12.2999999999999226,124.4999999999993463,6.8787555694580078
12.2999999999999226,124.5999999999993406,4.6971368789672852
12.2999999999999226,124.6999999999993349,4.0473990440368652
12.2999999999999226,124.7999999999993292,3.7655532360076904
12.2999999999999226,124.8999999999993236,4.0337719917297363
12.2999999999999226,124.9999999999993179,4.7396793365478516
12.2999999999999226,125.0999999999993122,5.5925054550170898
12.2999999999999226,125.1999999999993065,6.8707480430603027
12.2999999999999226,125.2999999999993008,8.6843700408935547
12.1999999999999229,119.8999999999996078,14.7065286636352539
12.1999999999999229,119.9999999999996021,14.8859186172485352
12.1999999999999229,121.9999999999994884,12.7855224609375000
12.1999999999999229,123.2999999999994145,9.3743295669555664
12.1999999999999229,123.3999999999994088,7.7771825790405273
12.1999999999999229,123.5999999999993975,6.4181227684020996
12.1999999999999229,123.6999999999993918,6.2282209396362305
12.1999999999999229,123.7999999999993861,6.9987678527832031
12.1999999999999229,123.8999999999993804,7.9829044342041016
12.1999999999999229,124.3999999999993520,8.6568183898925781
12.1999999999999229,124.4999999999993463,6.7349023818969727
12.1999999999999229,124.5999999999993406,4.3711819648742676
12.1999999999999229,124.6999999999993349,3.8678777217864990
12.1999999999999229,124.7999999999993292,3.7363257408142090
12.1999999999999229,124.8999999999993236,3.8696346282958984
12.1999999999999229,124.9999999999993179,4.2852559089660645
12.1999999999999229,125.0999999999993122,4.9269824028015137
12.1999999999999229,125.1999999999993065,6.0616073608398438
12.1999999999999229,125.2999999999993008,7.8987402915954590
12.1999999999999229,125.3999999999992951,9.7382421493530273
12.1999999999999229,125.4999999999992895,10.7078533172607422
12.0999999999999233,119.9999999999996021,14.8194513320922852
12.0999999999999233,120.0999999999995964,15.0199899673461914
12.0999999999999233,120.1999999999995907,14.3700847625732422
12.0999999999999233,120.2999999999995850,14.0372819900512695
12.0999999999999233,123.2999999999994145,9.7127256393432617
12.0999999999999233,123.6999999999993918,7.2244462966918945
12.0999999999999233,123.7999999999993861,7.7701654434204102
12.0999999999999233,123.8999999999993804,9.0772829055786133
12.0999999999999233,124.4999999999993463,7.5445437431335449
12.0999999999999233,124.5999999999993406,5.8578586578369141
12.0999999999999233,124.6999999999993349,4.9368867874145508
12.0999999999999233,124.7999999999993292,4.3563537597656250
12.0999999999999233,124.8999999999993236,4.1603565216064453
12.0999999999999233,124.9999999999993179,4.3377861976623535
12.0999999999999233,125.0999999999993122,4.5237040519714355
12.0999999999999233,125.1999999999993065,5.2565927505493164
12.0999999999999233,125.2999999999993008,6.7053332328796387
12.0999999999999233,125.3999999999992951,7.9668669700622559
11.9999999999999236,123.1999999999994202,11.0599145889282227
11.9999999999999236,123.7999999999993861,8.5830907821655273
11.9999999999999236,123.8999999999993804,9.5352640151977539
11.9999999999999236,123.9999999999993747,10.6912374496459961
11.9999999999999236,124.6999999999993349,5.7832074165344238
11.9999999999999236,124.7999999999993292,5.0174860954284668
11.9999999999999236,124.8999999999993236,4.5381436347961426
11.9999999999999236,124.9999999999993179,4.4734559059143066
11.9999999999999236,125.0999999999993122,4.4150161743164062
11.9999999999999236,125.1999999999993065,4.6677150726318359
11.9999999999999236,125.2999999999993008,5.6701979637145996
11.9999999999999236,125.3999999999992951,6.9116883277893066
11.8999999999999240,121.9999999999994884,14.6493711471557617
11.8999999999999240,123.7999999999993861,9.2926588058471680
11.8999999999999240,123.8999999999993804,9.9288463592529297
11.8999999999999240,123.9999999999993747,10.9139747619628906
11.8999999999999240,124.7999999999993292,6.0711522102355957
11.8999999999999240,124.8999999999993236,5.0997767448425293
11.8999999999999240,124.9999999999993179,4.8211646080017090
11.8999999999999240,125.0999999999993122,4.5646448135375977
11.8999999999999240,125.1999999999993065,4.6075048446655273
11.8999999999999240,125.2999999999993008,5.1543207168579102
11.7999999999999243,121.8999999999994941,14.7993574142456055
11.7999999999999243,121.9999999999994884,14.2577342987060547
11.7999999999999243,122.0999999999994827,13.5245485305786133
11.7999999999999243,122.1999999999994770,12.5435829162597656
11.7999999999999243,124.2999999999993577,11.2892570495605469
11.7999999999999243,124.8999999999993236,6.1336979866027832
11.7999999999999243,124.9999999999993179,5.4679131507873535
11.7999999999999243,125.0999999999993122,4.9970879554748535
11.7999999999999243,125.1999999999993065,4.8735504150390625
11.7999999999999243,125.2999999999993008,5.2240486145019531
11.7999999999999243,125.3999999999992951,5.6937236785888672
11.6999999999999247,119.9999999999996021,13.5617485046386719
11.6999999999999247,122.0999999999994827,12.6547689437866211
11.6999999999999247,122.1999999999994770,11.6784238815307617
11.6999999999999247,122.2999999999994714,10.6648454666137695
11.6999999999999247,122.3999999999994657,10.3920497894287109
11.6999999999999247,124.9999999999993179,5.9709868431091309
11.6999999999999247,125.0999999999993122,5.4473080635070801
11.6999999999999247,125.1999999999993065,5.1407432556152344
11.6999999999999247,125.2999999999993008,5.2958126068115234
11.6999999999999247,125.3999999999992951,5.7146992683410645
11.5999999999999250,122.1999999999994770,9.5243816375732422
11.5999999999999250,122.2999999999994714,8.2546882629394531
11.5999999999999250,122.6999999999994486,9.3980379104614258
11.5999999999999250,124.4999999999993463,10.0225734710693359
11.5999999999999250,125.0999999999993122,5.6150860786437988
11.5999999999999250,125.1999999999993065,5.2558460235595703
11.5999999999999250,125.2999999999993008,5.2449231147766113
11.5999999999999250,125.3999999999992951,5.3513960838317871
11.4999999999999254,122.0999999999994827,7.7666831016540527
11.4999999999999254,122.1999999999994770,6.7740702629089355
11.4999999999999254,122.2999999999994714,5.5473375320434570
11.4999999999999254,122.3999999999994657,5.3225884437561035
11.4999999999999254,122.4999999999994600,6.2227082252502441
11.4999999999999254,122.5999999999994543,7.1188793182373047
11.4999999999999254,122.6999999999994486,7.8782982826232910
11.4999999999999254,122.7999999999994429,8.2468681335449219
11.4999999999999254,123.0999999999994259,10.8170413970947266
11.4999999999999254,124.3999999999993520,11.9346227645874023
11.4999999999999254,124.4999999999993463,9.8450965881347656
11.4999999999999254,124.8999999999993236,6.4267163276672363
11.4999999999999254,124.9999999999993179,6.0767850875854492
11.4999999999999254,125.0999999999993122,5.5882182121276855
11.4999999999999254,125.1999999999993065,5.2449665069580078
11.4999999999999254,125.2999999999993008,5.0955638885498047
11.4999999999999254,125.3999999999992951,5.3873329162597656
11.4999999999999254,125.4999999999992895,6.2653493881225586
11.3999999999999257,122.0999999999994827,5.6631331443786621
11.3999999999999257,122.1999999999994770,4.2676405906677246
11.3999999999999257,122.2999999999994714,3.5775794982910156
11.3999999999999257,122.3999999999994657,4.0169801712036133
11.3999999999999257,122.4999999999994600,4.8634533882141113
11.3999999999999257,122.5999999999994543,5.7409744262695312
11.3999999999999257,122.6999999999994486,6.1530938148498535
11.3999999999999257,122.7999999999994429,6.6172733306884766
11.3999999999999257,122.8999999999994373,7.2625112533569336
11.3999999999999257,122.9999999999994316,8.9487791061401367
11.3999999999999257,123.0999999999994259,10.8885240554809570
11.3999999999999257,124.2999999999993577,12.7385988235473633
11.3999999999999257,124.3999999999993520,11.6728229522705078
11.3999999999999257,124.4999999999993463,10.0269832611083984
11.3999999999999257,124.8999999999993236,6.2301630973815918
11.3999999999999257,124.9999999999993179,5.9513325691223145
11.3999999999999257,125.0999999999993122,5.6530470848083496
11.3999999999999257,125.1999999999993065,5.3742818832397461
11.3999999999999257,125.2999999999993008,5.2053389549255371
11.3999999999999257,125.3999999999992951,5.7070646286010742
11.3999999999999257,125.4999999999992895,6.6608524322509766
11.2999999999999261,119.4999999999996305,13.1965656280517578
11.2999999999999261,122.0999999999994827,4.3071269989013672
11.2999999999999261,122.1999999999994770,3.5534665584564209
11.2999999999999261,122.2999999999994714,3.3803722858428955
11.2999999999999261,122.3999999999994657,3.7562422752380371
11.2999999999999261,122.4999999999994600,4.5877985954284668
11.2999999999999261,122.5999999999994543,5.3929924964904785
11.2999999999999261,122.6999999999994486,5.7183752059936523
11.2999999999999261,122.7999999999994429,6.2196621894836426
11.2999999999999261,122.8999999999994373,6.8249359130859375
11.2999999999999261,122.9999999999994316,8.4811744689941406
11.2999999999999261,123.0999999999994259,10.2213678359985352
11.2999999999999261,124.3999999999993520,11.0017309188842773
11.2999999999999261,124.4999999999993463,9.2380723953247070
11.2999999999999261,124.5999999999993406,7.1664967536926270
11.2999999999999261,124.6999999999993349,6.1111054420471191
11.2999999999999261,124.7999999999993292,5.9006199836730957
11.2999999999999261,124.8999999999993236,5.7641553878784180
11.2999999999999261,125.1999999999993065,6.2314848899841309
11.2999999999999261,125.2999999999993008,6.1765828132629395
11.2999999999999261,125.3999999999992951,6.6856632232666016
11.2999999999999261,125.4999999999992895,7.4250259399414062
11.1999999999999265,119.4999999999996305,11.1056528091430664
11.1999999999999265,122.0999999999994827,4.2438292503356934
11.1999999999999265,122.1999999999994770,3.6438379287719727
11.1999999999999265,122.2999999999994714,3.2402374744415283
11.1999999999999265,122.3999999999994657,3.4914803504943848
11.1999999999999265,122.4999999999994600,4.3612146377563477
11.1999999999999265,122.5999999999994543,5.3803720474243164
11.1999999999999265,122.6999999999994486,5.7805013656616211
11.1999999999999265,122.7999999999994429,6.2884006500244141
11.1999999999999265,122.8999999999994373,6.9373416900634766
11.1999999999999265,122.9999999999994316,8.2456045150756836
11.1999999999999265,123.7999999999993861,11.6185445785522461
11.1999999999999265,123.9999999999993747,13.1172180175781250
11.1999999999999265,124.3999999999993520,10.6374101638793945
11.1999999999999265,124.4999999999993463,8.1476449966430664
11.1999999999999265,124.5999999999993406,5.9209704399108887
11.1999999999999265,124.6999999999993349,5.4791674613952637
11.1999999999999265,124.7999999999993292,5.1578736305236816
11.1999999999999265,124.8999999999993236,5.1808977127075195
11.1999999999999265,124.9999999999993179,5.9040250778198242
11.1999999999999265,125.1999999999993065,7.3650121688842773
11.1999999999999265,125.2999999999993008,7.7143368721008301
11.1999999999999265,125.3999999999992951,8.0610723495483398
11.1999999999999265,125.4999999999992895,8.6218442916870117
11.0999999999999268,119.4999999999996305,9.6440639495849609
11.0999999999999268,122.0999999999994827,4.8202219009399414
11.0999999999999268,122.1999999999994770,4.1774625778198242
11.0999999999999268,122.2999999999994714,3.5800058841705322
11.0999999999999268,122.3999999999994657,3.6744887828826904
11.0999999999999268,122.4999999999994600,4.5666089057922363
11.0999999999999268,122.5999999999994543,5.5481443405151367
11.0999999999999268,122.6999999999994486,6.0029730796813965
11.0999999999999268,122.7999999999994429,6.4384279251098633
11.0999999999999268,122.8999999999994373,6.9124035835266113
11.0999999999999268,124.3999999999993520,9.6542015075683594
11.0999999999999268,124.4999999999993463,7.3648595809936523
11.0999999999999268,124.5999999999993406,5.4831881523132324
11.0999999999999268,124.6999999999993349,5.0005254745483398
11.0999999999999268,124.7999999999993292,4.5607995986938477
11.0999999999999268,124.8999999999993236,4.7153277397155762
11.0999999999999268,124.9999999999993179,6.0016822814941406
11.0999999999999268,125.4999999999992895,9.4670219421386719
10.9999999999999272,119.3999999999996362,10.4679441452026367
10.9999999999999272,122.0999999999994827,4.9576292037963867
10.9999999999999272,122.1999999999994770,4.5185546875000000
10.9999999999999272,122.2999999999994714,4.0977568626403809
10.9999999999999272,122.3999999999994657,4.2863278388977051
10.9999999999999272,122.4999999999994600,5.0036306381225586
10.9999999999999272,122.5999999999994543,5.8771476745605469
10.9999999999999272,122.6999999999994486,6.1911621093750000
10.9999999999999272,122.7999999999994429,6.5543832778930664
10.9999999999999272,123.9999999999993747,13.4806842803955078
10.9999999999999272,124.4999999999993463,7.7039017677307129
10.9999999999999272,124.5999999999993406,6.5878911018371582
10.9999999999999272,124.6999999999993349,5.6721572875976562
10.9999999999999272,124.7999999999993292,4.7827100753784180
10.9999999999999272,124.8999999999993236,4.5550932884216309
10.9999999999999272,124.9999999999993179,5.8111600875854492
10.8999999999999275,119.3999999999996362,10.1133985519409180
10.8999999999999275,119.4999999999996305,8.7098121643066406
10.8999999999999275,121.9999999999994884,5.5200223922729492
10.8999999999999275,122.0999999999994827,5.0222616195678711
10.8999999999999275,122.1999999999994770,4.8080391883850098
10.8999999999999275,122.2999999999994714,4.6529421806335449
10.8999999999999275,122.3999999999994657,4.9785676002502441
10.8999999999999275,122.4999999999994600,5.7135267257690430
10.8999999999999275,122.5999999999994543,6.4488220214843750
10.8999999999999275,122.6999999999994486,6.7990999221801758
10.8999999999999275,123.1999999999994202,4.8018116950988770
10.8999999999999275,123.2999999999994145,5.9448561668395996
10.8999999999999275,123.3999999999994088,7.2723264694213867
10.8999999999999275,123.9999999999993747,13.5294618606567383
10.8999999999999275,124.4999999999993463,8.2764196395874023
10.8999999999999275,124.7999999999993292,5.2240033149719238
10.8999999999999275,124.8999999999993236,4.3390007019042969
10.8999999999999275,124.9999999999993179,5.2994837760925293
10.7999999999999279,119.2999999999996419,12.6162929534912109
10.7999999999999279,119.3999999999996362,11.1261997222900391
10.7999999999999279,119.4999999999996305,7.8855791091918945
10.7999999999999279,121.9999999999994884,6.5380187034606934
10.7999999999999279,122.0999999999994827,5.2487640380859375
10.7999999999999279,122.1999999999994770,5.2966170310974121
10.7999999999999279,122.2999999999994714,5.3542094230651855
10.7999999999999279,122.3999999999994657,5.7694110870361328
10.7999999999999279,122.4999999999994600,6.4828472137451172
10.7999999999999279,122.9999999999994316,6.3587617874145508
10.7999999999999279,123.0999999999994259,5.2152018547058105
10.7999999999999279,123.1999999999994202,3.9510304927825928
10.7999999999999279,123.2999999999994145,4.7763280868530273
10.7999999999999279,123.3999999999994088,6.4163222312927246
10.7999999999999279,123.4999999999994031,7.9168019294738770
10.7999999999999279,123.8999999999993804,12.3023290634155273
10.7999999999999279,123.9999999999993747,13.2079858779907227
10.7999999999999279,124.8999999999993236,4.3090872764587402
10.6999999999999282,119.3999999999996362,10.1042728424072266
10.6999999999999282,119.4999999999996305,8.4642190933227539
10.6999999999999282,119.5999999999996248,8.4660158157348633
10.6999999999999282,121.9999999999994884,7.1373777389526367
10.6999999999999282,122.0999999999994827,6.0868182182312012
10.6999999999999282,122.1999999999994770,6.2659997940063477
10.6999999999999282,122.2999999999994714,6.2280068397521973
10.6999999999999282,122.3999999999994657,6.5709710121154785
10.6999999999999282,122.4999999999994600,7.0626502037048340
10.6999999999999282,122.5999999999994543,7.5451178550720215
10.6999999999999282,122.6999999999994486,7.5638847351074219
10.6999999999999282,122.9999999999994316,5.6779689788818359
10.6999999999999282,123.0999999999994259,4.3869352340698242
10.6999999999999282,123.1999999999994202,3.4009063243865967
10.6999999999999282,123.2999999999994145,4.6011819839477539
10.6999999999999282,123.3999999999994088,6.5270967483520508
10.6999999999999282,123.4999999999994031,7.7760434150695801
10.6999999999999282,123.8999999999993804,11.6472539901733398
10.6999999999999282,124.7999999999993292,4.9655337333679199
10.6999999999999282,124.8999999999993236,3.7809653282165527
10.6999999999999282,124.9999999999993179,4.0771942138671875
10.6999999999999282,125.7999999999992724,8.7915496826171875
10.5999999999999286,119.3999999999996362,10.2346029281616211
10.5999999999999286,119.4999999999996305,8.6505031585693359
10.5999999999999286,119.5999999999996248,8.7321681976318359
10.5999999999999286,119.7999999999996135,12.3307304382324219
10.5999999999999286,119.8999999999996078,12.9033355712890625
10.5999999999999286,121.9999999999994884,7.7703776359558105
10.5999999999999286,122.4999999999994600,8.0123863220214844
10.5999999999999286,122.5999999999994543,7.8923978805541992
10.5999999999999286,122.6999999999994486,7.5961346626281738
10.5999999999999286,122.8999999999994373,6.0816650390625000
10.5999999999999286,122.9999999999994316,5.3180642127990723
10.5999999999999286,123.0999999999994259,3.8850953578948975
10.5999999999999286,123.1999999999994202,3.0495479106903076
10.5999999999999286,123.2999999999994145,4.7592210769653320
10.5999999999999286,123.3999999999994088,6.9910068511962891
10.5999999999999286,123.6999999999993918,8.4932050704956055
10.5999999999999286,123.7999999999993861,9.4339532852172852
10.5999999999999286,123.8999999999993804,10.9249172210693359
10.5999999999999286,123.9999999999993747,12.1870403289794922
10.5999999999999286,124.7999999999993292,4.3245134353637695
10.5999999999999286,124.8999999999993236,3.5004739761352539
10.5999999999999286,124.9999999999993179,3.3920290470123291
10.5999999999999286,125.0999999999993122,3.4484233856201172
10.4999999999999289,119.2999999999996419,11.4721326828002930
10.4999999999999289,119.3999999999996362,9.9572801589965820
10.4999999999999289,119.4999999999996305,8.8164234161376953
10.4999999999999289,119.5999999999996248,8.9017992019653320
10.4999999999999289,119.7999999999996135,12.3062353134155273
10.4999999999999289,119.8999999999996078,12.7669925689697266
10.4999999999999289,121.9999999999994884,8.5665197372436523
10.4999999999999289,122.4999999999994600,8.3396358489990234
10.4999999999999289,122.5999999999994543,8.1393766403198242
10.4999999999999289,122.6999999999994486,7.7674717903137207
10.4999999999999289,122.7999999999994429,6.6810069084167480
10.4999999999999289,122.8999999999994373,6.1650552749633789
10.4999999999999289,122.9999999999994316,5.0336337089538574
10.4999999999999289,123.0999999999994259,3.8965156078338623
10.4999999999999289,123.1999999999994202,3.3678748607635498
10.4999999999999289,123.2999999999994145,4.7080698013305664
10.4999999999999289,123.3999999999994088,6.6901879310607910
10.4999999999999289,123.7999999999993861,8.7886323928833008
10.4999999999999289,123.8999999999993804,10.4290294647216797
10.4999999999999289,123.9999999999993747,12.2234754562377930
10.4999999999999289,124.7999999999993292,5.3553953170776367
10.4999999999999289,124.8999999999993236,3.3686063289642334
10.4999999999999289,124.9999999999993179,3.0368514060974121
10.4999999999999289,125.0999999999993122,2.7851154804229736
10.3999999999999293,119.0999999999996533,8.9430561065673828
10.3999999999999293,119.1999999999996476,9.9851617813110352
10.3999999999999293,119.2999999999996419,10.1792650222778320
10.3999999999999293,119.3999999999996362,9.7459287643432617
10.3999999999999293,119.4999999999996305,9.3685178756713867
10.3999999999999293,122.8999999999994373,5.8815212249755859
10.3999999999999293,122.9999999999994316,4.8851189613342285
10.3999999999999293,123.0999999999994259,3.8033530712127686
10.3999999999999293,123.1999999999994202,3.4174623489379883
10.3999999999999293,123.2999999999994145,4.4909787178039551
10.3999999999999293,123.6999999999993918,7.4040069580078125
10.3999999999999293,123.7999999999993861,8.3558816909790039
10.3999999999999293,123.8999999999993804,10.1147880554199219
10.3999999999999293,123.9999999999993747,11.5570936203002930
10.3999999999999293,124.7999999999993292,5.5995240211486816
10.3999999999999293,124.8999999999993236,3.8309438228607178
10.3999999999999293,124.9999999999993179,3.2435247898101807
10.3999999999999293,125.0999999999993122,2.9816625118255615
10.3999999999999293,125.1999999999993065,3.7181613445281982
10.3999999999999293,125.5999999999992838,8.2280035018920898
10.2999999999999297,118.9999999999996589,6.8381576538085938
10.2999999999999297,119.0999999999996533,7.5185098648071289
10.2999999999999297,119.1999999999996476,8.3758449554443359
10.2999999999999297,119.2999999999996419,8.8889055252075195
10.2999999999999297,122.8999999999994373,5.7439961433410645
10.2999999999999297,122.9999999999994316,4.7378110885620117
10.2999999999999297,123.0999999999994259,3.9568684101104736
10.2999999999999297,123.1999999999994202,3.8627555370330811
10.2999999999999297,123.2999999999994145,4.7806639671325684
10.2999999999999297,123.5999999999993975,7.1983146667480469
10.2999999999999297,123.6999999999993918,7.1419320106506348
10.2999999999999297,123.7999999999993861,7.9396305084228516
10.2999999999999297,124.7999999999993292,5.9858565330505371
10.2999999999999297,124.8999999999993236,4.2340807914733887
10.2999999999999297,125.0999999999993122,3.1311681270599365
10.2999999999999297,125.1999999999993065,3.7452344894409180
10.2999999999999297,125.5999999999992838,8.2762880325317383
10.1999999999999300,118.7999999999996703,7.9724617004394531
10.1999999999999300,118.9999999999996589,6.5932354927062988
10.1999999999999300,119.0999999999996533,7.3355889320373535
10.1999999999999300,119.1999999999996476,8.1951627731323242
10.1999999999999300,122.8999999999994373,5.4516897201538086
10.1999999999999300,122.9999999999994316,4.6462826728820801
10.1999999999999300,123.0999999999994259,4.1743450164794922
10.1999999999999300,123.1999999999994202,3.9747936725616455
10.1999999999999300,123.2999999999994145,4.5531730651855469
10.1999999999999300,123.5999999999993975,6.4863719940185547
10.1999999999999300,123.6999999999993918,6.6766490936279297
10.1999999999999300,124.8999999999993236,5.5730638504028320
10.1999999999999300,125.5999999999992838,8.1892366409301758
10.0999999999999304,118.8999999999996646,7.7818298339843750
10.0999999999999304,118.9999999999996589,7.7282414436340332
10.0999999999999304,119.0999999999996533,8.4165315628051758
10.0999999999999304,119.1999999999996476,9.0592651367187500
10.0999999999999304,122.8999999999994373,5.0758223533630371
10.0999999999999304,122.9999999999994316,4.5940613746643066
10.0999999999999304,123.0999999999994259,4.2877821922302246
10.0999999999999304,123.1999999999994202,4.1438517570495605
10.0999999999999304,123.4999999999994031,5.4090566635131836
10.0999999999999304,123.5999999999993975,5.7830505371093750
10.0999999999999304,124.1999999999993634,8.3735971450805664
10.0999999999999304,124.2999999999993577,9.0972871780395508
10.0999999999999304,124.3999999999993520,9.6775703430175781
10.0999999999999304,125.1999999999993065,6.5053715705871582
10.0999999999999304,125.5999999999992838,8.1772212982177734
9.9999999999999307,118.7999999999996703,8.0063648223876953
9.9999999999999307,118.8999999999996646,8.2768106460571289
9.9999999999999307,118.9999999999996589,8.7089023590087891
9.9999999999999307,119.0999999999996533,9.1935129165649414
9.9999999999999307,122.7999999999994429,5.7442092895507812
9.9999999999999307,122.8999999999994373,5.1221756935119629
9.9999999999999307,122.9999999999994316,4.7347722053527832
9.9999999999999307,123.0999999999994259,4.4970440864562988
9.9999999999999307,123.1999999999994202,4.3015007972717285
9.9999999999999307,123.3999999999994088,4.3788137435913086
9.9999999999999307,123.4999999999994031,4.7143130302429199
9.9999999999999307,123.5999999999993975,5.3474421501159668
9.9999999999999307,124.0999999999993690,6.3905210494995117
9.9999999999999307,124.1999999999993634,6.4570641517639160
9.9999999999999307,124.2999999999993577,7.0337705612182617
9.9999999999999307,124.3999999999993520,8.4006433486938477
9.9999999999999307,124.4999999999993463,9.9693574905395508
9.9999999999999307,125.1999999999993065,7.6988897323608398
9.9999999999999307,125.5999999999992838,8.7614479064941406
9.8999999999999311,118.5999999999996817,7.4141278266906738
9.8999999999999311,118.6999999999996760,7.3523235321044922
9.8999999999999311,122.3999999999994657,10.7760515213012695
9.8999999999999311,122.4999999999994600,8.6054229736328125
9.8999999999999311,122.5999999999994543,6.6491093635559082
9.8999999999999311,122.6999999999994486,6.2413864135742188
9.8999999999999311,122.7999999999994429,5.7979917526245117
9.8999999999999311,122.8999999999994373,5.3765668869018555
9.8999999999999311,122.9999999999994316,5.2326760292053223
9.8999999999999311,123.0999999999994259,5.1308979988098145
9.8999999999999311,123.3999999999994088,4.4865183830261230
9.8999999999999311,123.4999999999994031,4.4160270690917969
9.8999999999999311,123.5999999999993975,5.3852300643920898
9.8999999999999311,123.8999999999993804,6.5101475715637207
9.8999999999999311,123.9999999999993747,5.9619364738464355
9.8999999999999311,124.0999999999993690,5.4930896759033203
9.8999999999999311,124.1999999999993634,5.1311521530151367
9.8999999999999311,124.2999999999993577,5.4479956626892090
9.8999999999999311,124.3999999999993520,7.1375107765197754
9.8999999999999311,124.4999999999993463,9.1096296310424805
9.8999999999999311,125.5999999999992838,8.3175210952758789
9.8999999999999311,125.9999999999992610,8.9029998779296875
9.7999999999999314,118.5999999999996817,7.2933692932128906
9.7999999999999314,118.6999999999996760,6.8303132057189941
9.7999999999999314,122.4999999999994600,9.0339117050170898
9.7999999999999314,122.5999999999994543,6.8612971305847168
9.7999999999999314,122.6999999999994486,6.1928172111511230
9.7999999999999314,122.7999999999994429,5.9793171882629395
9.7999999999999314,122.8999999999994373,5.8116931915283203
9.7999999999999314,122.9999999999994316,5.8839335441589355
9.7999999999999314,123.0999999999994259,6.0987048149108887
9.7999999999999314,123.3999999999994088,4.9985713958740234
9.7999999999999314,123.4999999999994031,4.6256637573242188
9.7999999999999314,123.8999999999993804,6.4365048408508301
9.7999999999999314,123.9999999999993747,5.5646691322326660
9.7999999999999314,124.0999999999993690,4.9437747001647949
9.7999999999999314,124.1999999999993634,4.6124296188354492
9.7999999999999314,124.2999999999993577,4.9845290184020996
9.7999999999999314,124.3999999999993520,6.9560585021972656
9.7999999999999314,124.4999999999993463,9.6389007568359375
9.7999999999999314,125.9999999999992610,8.6103372573852539
9.7999999999999314,126.0999999999992554,8.1095838546752930
9.6999999999999318,118.3999999999996930,8.1944427490234375
9.6999999999999318,118.4999999999996874,7.5689768791198730
9.6999999999999318,118.5999999999996817,6.9948277473449707
9.6999999999999318,118.6999999999996760,6.7372226715087891
9.6999999999999318,122.4999999999994600,9.5025920867919922
9.6999999999999318,122.5999999999994543,7.5731959342956543
9.6999999999999318,122.6999999999994486,6.3035221099853516
9.6999999999999318,122.7999999999994429,6.1920447349548340
9.6999999999999318,122.8999999999994373,6.1440672874450684
9.6999999999999318,122.9999999999994316,6.3946580886840820
9.6999999999999318,123.0999999999994259,6.9186153411865234
9.6999999999999318,123.3999999999994088,5.5467824935913086
9.6999999999999318,123.8999999999993804,6.3482155799865723
9.6999999999999318,123.9999999999993747,5.3586764335632324
9.6999999999999318,124.0999999999993690,5.1776652336120605
9.6999999999999318,124.1999999999993634,5.3310122489929199
9.6999999999999318,124.2999999999993577,5.6664762496948242
9.6999999999999318,124.3999999999993520,7.3113002777099609
9.6999999999999318,125.4999999999992895,5.7550411224365234
9.5999999999999321,118.3999999999996930,7.2434811592102051
9.5999999999999321,118.4999999999996874,6.8732347488403320
9.5999999999999321,118.5999999999996817,6.5616989135742188
9.5999999999999321,118.6999999999996760,6.3695540428161621
9.5999999999999321,122.4999999999994600,9.6471853256225586
9.5999999999999321,122.5999999999994543,8.5617532730102539
9.5999999999999321,122.6999999999994486,7.2811322212219238
9.5999999999999321,122.7999999999994429,6.5501899719238281
9.5999999999999321,122.8999999999994373,6.3476467132568359
9.5999999999999321,122.9999999999994316,6.2683000564575195
9.5999999999999321,123.0999999999994259,6.4827132225036621
9.5999999999999321,123.2999999999994145,6.0309667587280273
9.5999999999999321,123.3999999999994088,5.6264052391052246
9.5999999999999321,123.7999999999993861,7.6110897064208984
9.5999999999999321,125.3999999999992951,4.9589853286743164
9.5999999999999321,125.4999999999992895,5.2325706481933594
9.5999999999999321,125.5999999999992838,5.7201757431030273
9.5999999999999321,125.6999999999992781,6.1454815864562988
9.4999999999999325,118.2999999999996987,6.9134764671325684
9.4999999999999325,118.3999999999996930,6.2006120681762695
9.4999999999999325,118.4999999999996874,6.0921497344970703
9.4999999999999325,118.5999999999996817,6.2145261764526367
9.4999999999999325,122.5999999999994543,9.7128868103027344
9.4999999999999325,122.6999999999994486,8.3873615264892578
9.4999999999999325,122.7999999999994429,7.0159101486206055
9.4999999999999325,122.8999999999994373,6.4746303558349609
9.4999999999999325,122.9999999999994316,5.9417309761047363
9.4999999999999325,123.0999999999994259,5.7257986068725586
9.4999999999999325,123.3999999999994088,5.5957975387573242
9.4999999999999325,125.4999999999992895,5.1998028755187988
9.4999999999999325,125.5999999999992838,4.7963399887084961
9.4999999999999325,125.6999999999992781,4.8695187568664551
9.4999999999999325,125.7999999999992724,4.5499382019042969
9.3999999999999329,118.1999999999997044,7.1832494735717773
9.3999999999999329,118.2999999999996987,6.3371591567993164
9.3999999999999329,118.3999999999996930,5.5025782585144043
9.3999999999999329,118.4999999999996874,5.6912579536437988
9.3999999999999329,122.7999999999994429,7.7649435997009277
9.3999999999999329,122.8999999999994373,6.6961946487426758
9.3999999999999329,122.9999999999994316,5.8638710975646973
9.3999999999999329,123.0999999999994259,5.1995072364807129
9.3999999999999329,123.1999999999994202,4.8943214416503906
9.3999999999999329,125.5999999999992838,4.2201390266418457
9.3999999999999329,125.6999999999992781,3.5339317321777344
9.3999999999999329,125.7999999999992724,3.3173508644104004
9.3999999999999329,125.8999999999992667,4.2351694107055664
9.2999999999999332,118.0999999999997101,8.0203342437744141
9.2999999999999332,118.1999999999997044,7.3510255813598633
9.2999999999999332,118.2999999999996987,6.5466680526733398
9.2999999999999332,118.3999999999996930,5.8649225234985352
9.2999999999999332,122.8999999999994373,7.1612863540649414
9.2999999999999332,122.9999999999994316,6.3010411262512207
9.2999999999999332,123.0999999999994259,5.3961114883422852
9.2999999999999332,123.1999999999994202,4.9101781845092773
9.2999999999999332,123.2999999999994145,5.3251490592956543
9.2999999999999332,125.5999999999992838,3.7741012573242188
9.2999999999999332,125.6999999999992781,2.4461348056793213
9.2999999999999332,125.7999999999992724,2.7048752307891846
9.2999999999999332,125.8999999999992667,3.4596266746520996
9.1999999999999336,117.8999999999997215,6.4080410003662109
9.1999999999999336,117.9999999999997158,7.1931667327880859
9.1999999999999336,118.0999999999997101,7.8786845207214355
9.1999999999999336,118.1999999999997044,7.6215929985046387
9.1999999999999336,122.8999999999994373,7.7434349060058594
9.1999999999999336,122.9999999999994316,6.8531737327575684
9.1999999999999336,123.0999999999994259,6.0122957229614258
9.1999999999999336,123.1999999999994202,5.5088410377502441
9.1999999999999336,123.4999999999994031,8.6808032989501953
9.1999999999999336,123.5999999999993975,9.4063148498535156
9.1999999999999336,124.6999999999993349,11.1983947753906250
9.1999999999999336,124.7999999999993292,11.0635557174682617
9.1999999999999336,125.5999999999992838,4.3629465103149414
9.1999999999999336,125.6999999999992781,2.3199214935302734
9.1999999999999336,125.7999999999992724,2.2145757675170898
9.1999999999999336,125.8999999999992667,2.4685890674591064
9.1999999999999336,125.9999999999992610,3.6262247562408447
9.1999999999999336,126.0999999999992554,3.7531268596649170
9.0999999999999339,117.7999999999997272,5.0335116386413574
9.0999999999999339,117.8999999999997215,5.5395970344543457
9.0999999999999339,117.9999999999997158,6.6103205680847168
9.0999999999999339,122.9999999999994316,7.3904633522033691
9.0999999999999339,123.0999999999994259,6.6875748634338379
9.0999999999999339,123.5999999999993975,9.5884437561035156
9.0999999999999339,125.5999999999992838,4.3391284942626953
9.0999999999999339,125.6999999999992781,2.4997870922088623
9.0999999999999339,125.7999999999992724,1.9195153713226318
9.0999999999999339,125.8999999999992667,1.8920925855636597
9.0999999999999339,125.9999999999992610,2.7829439640045166
9.0999999999999339,126.0999999999992554,2.9938333034515381
8.9999999999999343,117.5999999999997385,5.1914591789245605
8.9999999999999343,117.6999999999997328,4.8026838302612305
8.9999999999999343,117.7999999999997272,4.2065825462341309
8.9999999999999343,117.8999999999997215,4.6724853515625000
8.9999999999999343,117.9999999999997158,6.0706286430358887
8.9999999999999343,125.2999999999993008,5.2853269577026367
8.9999999999999343,125.3999999999992951,5.4025864601135254
8.9999999999999343,125.5999999999992838,3.9276690483093262
8.9999999999999343,125.6999999999992781,2.5227484703063965
8.9999999999999343,125.7999999999992724,2.0322132110595703
8.9999999999999343,125.8999999999992667,1.8346000909805298
8.9999999999999343,125.9999999999992610,2.1905863285064697
8.9999999999999343,126.0999999999992554,2.7034921646118164
8.9999999999999343,126.1999999999992497,3.2385413646697998
8.8999999999999346,117.4999999999997442,5.6214847564697266
8.8999999999999346,117.5999999999997385,4.8850622177124023
8.8999999999999346,117.6999999999997328,4.0742235183715820
8.8999999999999346,117.7999999999997272,3.4680280685424805
8.8999999999999346,117.8999999999997215,3.9402451515197754
8.8999999999999346,117.9999999999997158,5.5577731132507324
8.8999999999999346,124.7999999999993292,4.9540557861328125
8.8999999999999346,124.8999999999993236,4.2149024009704590
8.8999999999999346,124.9999999999993179,3.4612193107604980
8.8999999999999346,125.1999999999993065,3.0531849861145020
8.8999999999999346,125.2999999999993008,3.6075875759124756
8.8999999999999346,125.3999999999992951,4.0850238800048828
8.8999999999999346,125.4999999999992895,3.9043867588043213
8.8999999999999346,125.5999999999992838,3.2134938240051270
8.8999999999999346,125.6999999999992781,2.5854487419128418
8.8999999999999346,125.7999999999992724,2.1310954093933105
8.8999999999999346,125.8999999999992667,1.8273557424545288
8.8999999999999346,125.9999999999992610,1.9069668054580688
8.8999999999999346,126.0999999999992554,2.4257919788360596
8.8999999999999346,126.1999999999992497,2.9638466835021973
8.8999999999999346,126.2999999999992440,3.5696983337402344
8.7999999999999350,117.4999999999997442,5.8879489898681641
8.7999999999999350,117.5999999999997385,4.9582872390747070
8.7999999999999350,117.6999999999997328,4.1789302825927734
8.7999999999999350,117.7999999999997272,4.1161150932312012
8.7999999999999350,117.8999999999997215,4.1335515975952148
8.7999999999999350,124.8999999999993236,2.7605824470520020
8.7999999999999350,124.9999999999993179,2.2115061283111572
8.7999999999999350,125.0999999999993122,1.9722212553024292
8.7999999999999350,125.1999999999993065,2.1643736362457275
8.7999999999999350,125.2999999999993008,2.2026836872100830
8.7999999999999350,125.3999999999992951,2.8426628112792969
8.7999999999999350,125.4999999999992895,2.9885039329528809
8.7999999999999350,125.5999999999992838,2.7909069061279297
8.7999999999999350,125.6999999999992781,2.5916566848754883
8.7999999999999350,125.7999999999992724,2.3048064708709717
8.7999999999999350,125.8999999999992667,2.0772161483764648
8.7999999999999350,125.9999999999992610,2.0097548961639404
8.7999999999999350,126.0999999999992554,2.5567159652709961
8.7999999999999350,126.1999999999992497,3.3227820396423340
8.7999999999999350,126.2999999999992440,3.6574685573577881
8.6999999999999353,117.3999999999997499,7.0318698883056641
8.6999999999999353,117.4999999999997442,6.6144261360168457
8.6999999999999353,117.5999999999997385,6.0166149139404297
8.6999999999999353,123.4999999999994031,7.9847664833068848
8.6999999999999353,124.7999999999993292,3.6617500782012939
8.6999999999999353,124.8999999999993236,2.6048936843872070
8.6999999999999353,124.9999999999993179,2.1668746471405029
8.6999999999999353,125.0999999999993122,1.9194637537002563
8.6999999999999353,125.1999999999993065,1.8427333831787109
8.6999999999999353,125.2999999999993008,1.8925350904464722
8.6999999999999353,125.3999999999992951,2.2594201564788818
8.6999999999999353,125.4999999999992895,2.4608454704284668
8.6999999999999353,125.5999999999992838,2.4844713211059570
8.6999999999999353,125.6999999999992781,2.5222823619842529
8.6999999999999353,125.7999999999992724,2.5465354919433594
8.6999999999999353,125.8999999999992667,2.5899672508239746
8.6999999999999353,125.9999999999992610,2.8356628417968750
8.6999999999999353,126.0999999999992554,3.5126266479492188
8.5999999999999357,117.3999999999997499,7.2653956413269043
8.5999999999999357,117.4999999999997442,7.2879943847656250
8.5999999999999357,123.3999999999994088,7.5731434822082520
8.5999999999999357,123.4999999999994031,7.2295889854431152
8.5999999999999357,123.5999999999993975,7.5343375205993652
8.5999999999999357,123.6999999999993918,7.9013423919677734
8.5999999999999357,124.7999999999993292,3.7438564300537109
8.5999999999999357,124.8999999999993236,2.7155518531799316
8.5999999999999357,124.9999999999993179,2.1483609676361084
8.5999999999999357,125.0999999999993122,2.2166540622711182
8.5999999999999357,125.1999999999993065,1.9313325881958008
8.5999999999999357,125.2999999999993008,1.6161881685256958
8.5999999999999357,125.3999999999992951,1.9804934263229370
8.5999999999999357,125.4999999999992895,1.9431992769241333
8.5999999999999357,125.5999999999992838,2.1783311367034912
8.5999999999999357,125.6999999999992781,2.4136061668395996
8.5999999999999357,125.7999999999992724,2.7025017738342285
8.5999999999999357,125.8999999999992667,3.0829596519470215
8.5999999999999357,125.9999999999992610,3.5815043449401855
8.5999999999999357,126.0999999999992554,4.4875845909118652
8.4999999999999361,117.1999999999997613,8.0248079299926758
8.4999999999999361,117.2999999999997556,7.5366196632385254
8.4999999999999361,117.3999999999997499,7.4915876388549805
8.4999999999999361,123.0999999999994259,8.2102584838867188
8.4999999999999361,123.2999999999994145,6.4510560035705566
8.4999999999999361,123.3999999999994088,6.2131624221801758
8.4999999999999361,123.4999999999994031,5.7419304847717285
8.4999999999999361,123.5999999999993975,6.0471682548522949
8.4999999999999361,123.6999999999993918,6.3844947814941406
8.4999999999999361,123.7999999999993861,6.0672707557678223
8.4999999999999361,124.2999999999993577,5.2577180862426758
8.4999999999999361,124.3999999999993520,5.6495947837829590
8.4999999999999361,124.4999999999993463,5.6942253112792969
8.4999999999999361,124.6999999999993349,4.0084114074707031
8.4999999999999361,124.7999999999993292,3.4321923255920410
8.4999999999999361,124.8999999999993236,2.7346727848052979
8.4999999999999361,124.9999999999993179,2.2221016883850098
8.4999999999999361,125.0999999999993122,2.2970309257507324
8.4999999999999361,125.1999999999993065,2.0046565532684326
8.4999999999999361,125.2999999999993008,1.5425553321838379
8.4999999999999361,125.3999999999992951,1.8333007097244263
8.4999999999999361,125.4999999999992895,1.8199459314346313
8.4999999999999361,125.5999999999992838,1.6634471416473389
8.4999999999999361,125.6999999999992781,1.8363258838653564
8.4999999999999361,125.7999999999992724,2.1736464500427246
8.4999999999999361,125.8999999999992667,2.6139378547668457
8.4999999999999361,125.9999999999992610,3.1794188022613525
8.4999999999999361,126.0999999999992554,4.1777987480163574
8.4999999999999361,126.1999999999992497,5.2606387138366699
8.4999999999999361,126.2999999999992440,6.3473715782165527
8.3999999999999364,123.0999999999994259,7.2752623558044434
8.3999999999999364,123.1999999999994202,6.5039520263671875
8.3999999999999364,123.2999999999994145,5.4832119941711426
8.3999999999999364,123.3999999999994088,4.6049165725708008
8.3999999999999364,123.4999999999994031,4.1060214042663574
8.3999999999999364,123.5999999999993975,4.2396512031555176
8.3999999999999364,123.6999999999993918,4.4810533523559570
8.3999999999999364,123.7999999999993861,4.7040042877197266
8.3999999999999364,124.2999999999993577,3.9421176910400391
8.3999999999999364,124.3999999999993520,3.9250991344451904
8.3999999999999364,124.4999999999993463,4.0394268035888672
8.3999999999999364,124.5999999999993406,4.0629091262817383
8.3999999999999364,124.6999999999993349,3.5189828872680664
8.3999999999999364,124.7999999999993292,3.1800069808959961
8.3999999999999364,124.8999999999993236,2.8163974285125732
8.3999999999999364,124.9999999999993179,2.4012017250061035
8.3999999999999364,125.0999999999993122,2.2523818016052246
8.3999999999999364,125.1999999999993065,2.0505871772766113
8.3999999999999364,125.2999999999993008,1.5855515003204346
8.3999999999999364,125.3999999999992951,1.5053220987319946
8.3999999999999364,125.4999999999992895,1.5555440187454224
8.3999999999999364,125.5999999999992838,1.2687698602676392
8.3999999999999364,125.6999999999992781,1.3313844203948975
8.3999999999999364,125.7999999999992724,1.3878086805343628
8.3999999999999364,125.8999999999992667,1.6403871774673462
8.3999999999999364,125.9999999999992610,2.1133062839508057
8.3999999999999364,126.0999999999992554,3.1738536357879639
8.3999999999999364,126.1999999999992497,4.3213553428649902
8.3999999999999364,126.2999999999992440,5.4597940444946289
8.2999999999999368,117.2999999999997556,9.0452232360839844
8.2999999999999368,122.9999999999994316,6.4690380096435547
8.2999999999999368,123.0999999999994259,6.0071573257446289
8.2999999999999368,123.1999999999994202,5.2028770446777344
8.2999999999999368,123.2999999999994145,4.4094123840332031
8.2999999999999368,123.3999999999994088,3.7712056636810303
8.2999999999999368,123.4999999999994031,3.3596827983856201
8.2999999999999368,123.5999999999993975,3.0416986942291260
8.2999999999999368,123.6999999999993918,2.7975723743438721
8.2999999999999368,123.7999999999993861,3.0562098026275635
8.2999999999999368,124.2999999999993577,2.6985039710998535
8.2999999999999368,124.3999999999993520,2.4201824665069580
8.2999999999999368,124.4999999999993463,2.5247273445129395
8.2999999999999368,124.5999999999993406,2.6764261722564697
8.2999999999999368,124.6999999999993349,2.7138757705688477
8.2999999999999368,124.7999999999993292,2.8180944919586182
8.2999999999999368,124.8999999999993236,2.8600976467132568
8.2999999999999368,124.9999999999993179,2.5400750637054443
8.2999999999999368,125.0999999999993122,2.3297317028045654
8.2999999999999368,125.1999999999993065,2.2427358627319336
8.2999999999999368,125.2999999999993008,1.6315108537673950
8.2999999999999368,125.3999999999992951,1.5157802104949951
8.2999999999999368,125.4999999999992895,1.4480465650558472
8.2999999999999368,125.5999999999992838,1.3239670991897583
8.2999999999999368,125.6999999999992781,1.4775871038436890
8.2999999999999368,125.7999999999992724,1.5199986696243286
8.2999999999999368,125.8999999999992667,1.6718140840530396
8.2999999999999368,125.9999999999992610,1.9813712835311890
8.2999999999999368,126.0999999999992554,2.4503343105316162
8.2999999999999368,126.1999999999992497,3.4013116359710693
8.2999999999999368,126.2999999999992440,4.5321807861328125
8.1999999999999371,122.9999999999994316,5.3270297050476074
8.1999999999999371,123.0999999999994259,4.8663163185119629
8.1999999999999371,123.1999999999994202,4.4386382102966309
8.1999999999999371,123.2999999999994145,3.7690143585205078
8.1999999999999371,123.3999999999994088,3.2065150737762451
8.1999999999999371,123.4999999999994031,2.9169478416442871
8.1999999999999371,123.5999999999993975,2.8004431724548340
8.1999999999999371,123.6999999999993918,2.7067191600799561
8.1999999999999371,123.7999999999993861,2.6879296302795410
8.1999999999999371,124.0999999999993690,3.1009855270385742
8.1999999999999371,124.1999999999993634,2.8847031593322754
8.1999999999999371,124.2999999999993577,2.6559641361236572
8.1999999999999371,124.3999999999993520,2.5836462974548340
8.1999999999999371,124.4999999999993463,2.6846961975097656
8.1999999999999371,124.5999999999993406,2.9380996227264404
8.1999999999999371,124.6999999999993349,2.8227643966674805
8.1999999999999371,124.7999999999993292,2.7410705089569092
8.1999999999999371,124.8999999999993236,2.5936388969421387
8.1999999999999371,124.9999999999993179,2.2862250804901123
8.1999999999999371,125.0999999999993122,2.1528475284576416
8.1999999999999371,125.1999999999993065,2.0025637149810791
8.1999999999999371,125.2999999999993008,1.6427105665206909
8.1999999999999371,125.3999999999992951,1.5015077590942383
8.1999999999999371,125.4999999999992895,1.4503598213195801
8.1999999999999371,125.5999999999992838,1.3764331340789795
8.1999999999999371,125.6999999999992781,1.5699036121368408
8.1999999999999371,125.7999999999992724,1.6218014955520630
8.1999999999999371,125.8999999999992667,1.6966699361801147
8.1999999999999371,125.9999999999992610,1.8886932134628296
8.1999999999999371,126.0999999999992554,2.1826088428497314
8.1999999999999371,126.1999999999992497,2.7587988376617432
8.1999999999999371,126.2999999999992440,3.5709137916564941
8.1999999999999371,126.3999999999992383,4.2334084510803223
8.0999999999999375,116.9999999999997726,9.5000610351562500
8.0999999999999375,122.7999999999994429,4.9340434074401855
8.0999999999999375,122.8999999999994373,4.8126034736633301
8.0999999999999375,122.9999999999994316,4.5440411567687988
8.0999999999999375,123.0999999999994259,4.2401165962219238
8.0999999999999375,123.1999999999994202,3.8686156272888184
8.0999999999999375,123.2999999999994145,3.2311739921569824
8.0999999999999375,123.3999999999994088,2.8093872070312500
8.0999999999999375,123.4999999999994031,2.7683801651000977
8.0999999999999375,123.5999999999993975,2.7486429214477539
8.0999999999999375,123.6999999999993918,2.7678887844085693
8.0999999999999375,123.7999999999993861,2.7282567024230957
8.0999999999999375,123.9999999999993747,2.7585239410400391
8.0999999999999375,124.0999999999993690,2.9004054069519043
8.0999999999999375,124.1999999999993634,2.9152536392211914
8.0999999999999375,124.2999999999993577,3.1540505886077881
8.0999999999999375,124.3999999999993520,3.2752807140350342
8.0999999999999375,124.4999999999993463,3.3292930126190186
8.0999999999999375,124.5999999999993406,3.3386437892913818
8.0999999999999375,124.6999999999993349,3.0710852146148682
8.0999999999999375,124.7999999999993292,2.7392516136169434
8.0999999999999375,124.8999999999993236,2.4039750099182129
8.0999999999999375,124.9999999999993179,2.1155552864074707
8.0999999999999375,125.0999999999993122,2.1894953250885010
8.0999999999999375,125.1999999999993065,2.2532649040222168
8.0999999999999375,125.2999999999993008,2.0878341197967529
8.0999999999999375,125.3999999999992951,1.9225387573242188
8.0999999999999375,125.4999999999992895,1.7264860868453979
8.0999999999999375,125.5999999999992838,1.5801736116409302
8.0999999999999375,125.6999999999992781,1.7211419343948364
8.0999999999999375,125.7999999999992724,1.7548637390136719
8.0999999999999375,125.8999999999992667,1.7578706741333008
8.0999999999999375,125.9999999999992610,1.9697571992874146
8.0999999999999375,126.0999999999992554,2.1431274414062500
8.0999999999999375,126.1999999999992497,2.4458458423614502
8.0999999999999375,126.2999999999992440,2.6018073558807373
8.0999999999999375,126.3999999999992383,3.6228604316711426
7.9999999999999378,116.9999999999997726,9.3826665878295898
7.9999999999999378,122.2999999999994714,5.8501272201538086
7.9999999999999378,122.3999999999994657,5.4529013633728027
7.9999999999999378,122.4999999999994600,5.0276980400085449
7.9999999999999378,122.5999999999994543,4.6668519973754883
7.9999999999999378,122.6999999999994486,4.4299173355102539
7.9999999999999378,122.7999999999994429,4.3465209007263184
7.9999999999999378,122.8999999999994373,4.2579674720764160
7.9999999999999378,122.9999999999994316,4.0277729034423828
7.9999999999999378,123.0999999999994259,3.7822885513305664
7.9999999999999378,123.1999999999994202,3.4531910419464111
7.9999999999999378,123.2999999999994145,2.8899176120758057
7.9999999999999378,123.3999999999994088,2.9352147579193115
7.9999999999999378,123.4999999999994031,3.0222034454345703
7.9999999999999378,123.5999999999993975,2.8397371768951416
7.9999999999999378,123.6999999999993918,2.8886497020721436
7.9999999999999378,123.7999999999993861,2.8827443122863770
7.9999999999999378,123.8999999999993804,2.8551440238952637
7.9999999999999378,123.9999999999993747,2.8954377174377441
7.9999999999999378,124.0999999999993690,3.0076518058776855
7.9999999999999378,124.1999999999993634,3.3436257839202881
7.9999999999999378,124.2999999999993577,3.7398355007171631
7.9999999999999378,124.3999999999993520,3.8178572654724121
7.9999999999999378,124.4999999999993463,3.8447451591491699
7.9999999999999378,124.5999999999993406,3.8426578044891357
7.9999999999999378,124.6999999999993349,3.3386309146881104
7.9999999999999378,124.7999999999993292,2.8230996131896973
7.9999999999999378,124.8999999999993236,2.4257779121398926
7.9999999999999378,124.9999999999993179,2.3441362380981445
7.9999999999999378,125.0999999999993122,2.5621685981750488
7.9999999999999378,125.1999999999993065,2.7236545085906982
7.9999999999999378,125.2999999999993008,2.5367944240570068
7.9999999999999378,125.3999999999992951,2.3992698192596436
7.9999999999999378,125.4999999999992895,2.1267483234405518
7.9999999999999378,125.5999999999992838,1.8510673046112061
7.9999999999999378,125.6999999999992781,1.9399174451828003
7.9999999999999378,125.7999999999992724,1.8422600030899048
7.9999999999999378,125.8999999999992667,1.8679848909378052
7.9999999999999378,125.9999999999992610,2.1878921985626221
7.9999999999999378,126.0999999999992554,2.0758740901947021
7.9999999999999378,126.1999999999992497,2.2720363140106201
7.9999999999999378,126.2999999999992440,2.2008523941040039
7.8999999999999382,116.9999999999997726,9.2315616607666016
7.8999999999999382,122.2999999999994714,5.6918296813964844
7.8999999999999382,122.3999999999994657,5.2406377792358398
7.8999999999999382,122.4999999999994600,4.9073667526245117
7.8999999999999382,122.5999999999994543,4.9108257293701172
7.8999999999999382,122.6999999999994486,4.5657696723937988
7.8999999999999382,122.7999999999994429,4.3073015213012695
7.8999999999999382,122.8999999999994373,4.1941123008728027
7.8999999999999382,122.9999999999994316,4.0236730575561523
7.8999999999999382,123.0999999999994259,3.8369503021240234
7.8999999999999382,123.1999999999994202,3.5471348762512207
7.8999999999999382,123.2999999999994145,3.0756893157958984
7.8999999999999382,123.3999999999994088,3.2214343547821045
7.8999999999999382,123.4999999999994031,3.3230390548706055
7.8999999999999382,123.5999999999993975,3.1248624324798584
7.8999999999999382,123.6999999999993918,3.3340783119201660
7.8999999999999382,123.7999999999993861,3.1491701602935791
7.8999999999999382,123.8999999999993804,2.8119590282440186
7.8999999999999382,123.9999999999993747,2.8282797336578369
7.8999999999999382,124.0999999999993690,2.9590427875518799
7.8999999999999382,124.1999999999993634,3.3274459838867188
7.8999999999999382,124.2999999999993577,3.6892173290252686
7.8999999999999382,124.3999999999993520,3.7855720520019531
7.8999999999999382,124.4999999999993463,3.8270480632781982
7.8999999999999382,124.5999999999993406,3.7649013996124268
7.8999999999999382,124.6999999999993349,3.3485295772552490
7.8999999999999382,124.7999999999993292,2.9391412734985352
7.8999999999999382,124.8999999999993236,2.7080826759338379
7.8999999999999382,124.9999999999993179,2.6986949443817139
7.8999999999999382,125.0999999999993122,2.8485667705535889
7.8999999999999382,125.1999999999993065,2.8688313961029053
7.8999999999999382,125.2999999999993008,2.6463923454284668
7.8999999999999382,125.3999999999992951,2.4691054821014404
7.8999999999999382,125.4999999999992895,2.1269357204437256
7.8999999999999382,125.5999999999992838,1.8480045795440674
7.8999999999999382,125.6999999999992781,2.0039477348327637
7.8999999999999382,125.7999999999992724,1.7651669979095459
7.8999999999999382,125.8999999999992667,1.8736228942871094
7.8999999999999382,125.9999999999992610,2.2376079559326172
7.8999999999999382,126.0999999999992554,1.9420235157012939
7.8999999999999382,126.1999999999992497,2.0241587162017822
7.8999999999999382,126.2999999999992440,1.8945353031158447
7.7999999999999385,122.0999999999994827,7.6453647613525391
7.7999999999999385,122.1999999999994770,6.1214537620544434
7.7999999999999385,122.2999999999994714,5.5309243202209473
7.7999999999999385,122.3999999999994657,5.1185951232910156
7.7999999999999385,122.4999999999994600,5.1729459762573242
7.7999999999999385,122.5999999999994543,5.6121454238891602
7.7999999999999385,122.6999999999994486,4.9864583015441895
7.7999999999999385,122.7999999999994429,4.6061444282531738
7.7999999999999385,122.8999999999994373,4.2772645950317383
7.7999999999999385,122.9999999999994316,4.1307234764099121
7.7999999999999385,123.0999999999994259,4.0040397644042969
7.7999999999999385,123.1999999999994202,3.7990331649780273
7.7999999999999385,123.2999999999994145,3.3769915103912354
7.7999999999999385,123.3999999999994088,3.9082660675048828
7.7999999999999385,123.6999999999993918,4.1550321578979492
7.7999999999999385,123.7999999999993861,4.3686470985412598
7.7999999999999385,123.8999999999993804,3.5749645233154297
7.7999999999999385,123.9999999999993747,2.7667577266693115
7.7999999999999385,124.0999999999993690,2.8661699295043945
7.7999999999999385,124.1999999999993634,3.1962258815765381
7.7999999999999385,124.2999999999993577,3.5333049297332764
7.7999999999999385,124.3999999999993520,3.6534326076507568
7.7999999999999385,124.4999999999993463,3.7110848426818848
7.7999999999999385,124.5999999999993406,3.7065148353576660
7.7999999999999385,124.6999999999993349,3.3591325283050537
7.7999999999999385,124.7999999999993292,3.1547985076904297
7.7999999999999385,124.8999999999993236,3.1766731739044189
7.7999999999999385,124.9999999999993179,3.1146204471588135
7.7999999999999385,125.0999999999993122,3.1115193367004395
7.7999999999999385,125.1999999999993065,3.0025641918182373
7.7999999999999385,125.2999999999993008,2.7062397003173828
7.7999999999999385,125.3999999999992951,2.5044894218444824
7.7999999999999385,125.4999999999992895,2.1696064472198486
7.7999999999999385,125.5999999999992838,1.8753269910812378
7.7999999999999385,125.6999999999992781,2.0002510547637939
7.7999999999999385,125.7999999999992724,1.7540246248245239
7.7999999999999385,125.8999999999992667,1.8443498611450195
7.7999999999999385,125.9999999999992610,2.2061705589294434
7.7999999999999385,126.0999999999992554,1.8625867366790771
7.7999999999999385,126.1999999999992497,1.7608710527420044
7.7999999999999385,126.2999999999992440,1.6925899982452393
7.7999999999999385,126.3999999999992383,2.6787192821502686
7.6999999999999389,122.1999999999994770,6.0516128540039062
7.6999999999999389,122.2999999999994714,5.4063496589660645
7.6999999999999389,122.3999999999994657,5.0185093879699707
7.6999999999999389,122.4999999999994600,5.4679923057556152
7.6999999999999389,122.8999999999994373,4.6681008338928223
7.6999999999999389,122.9999999999994316,4.2860445976257324
7.6999999999999389,123.0999999999994259,4.2472171783447266
7.6999999999999389,123.1999999999994202,4.0821399688720703
7.6999999999999389,123.2999999999994145,3.7523531913757324
7.6999999999999389,123.3999999999994088,4.7381315231323242
7.6999999999999389,123.4999999999994031,5.6661543846130371
7.6999999999999389,123.8999999999993804,4.0347051620483398
7.6999999999999389,123.9999999999993747,3.2798943519592285
7.6999999999999389,124.0999999999993690,2.7293910980224609
7.6999999999999389,124.1999999999993634,3.0411469936370850
7.6999999999999389,124.2999999999993577,3.3924350738525391
7.6999999999999389,124.3999999999993520,3.5228919982910156
7.6999999999999389,124.4999999999993463,3.6126003265380859
7.6999999999999389,124.5999999999993406,3.6144893169403076
7.6999999999999389,124.6999999999993349,3.4043838977813721
7.6999999999999389,124.7999999999993292,3.4368026256561279
7.6999999999999389,124.8999999999993236,3.6279151439666748
7.6999999999999389,124.9999999999993179,3.4322683811187744
7.6999999999999389,125.0999999999993122,3.2972614765167236
7.6999999999999389,125.1999999999993065,3.0917994976043701
7.6999999999999389,125.2999999999993008,2.7889535427093506
7.6999999999999389,125.3999999999992951,2.5677390098571777
7.6999999999999389,125.4999999999992895,2.1679811477661133
7.6999999999999389,125.5999999999992838,1.9259039163589478
7.6999999999999389,125.6999999999992781,2.0742156505584717
7.6999999999999389,125.7999999999992724,1.7958693504333496
7.6999999999999389,125.8999999999992667,1.7726547718048096
7.6999999999999389,125.9999999999992610,2.3951992988586426
7.6999999999999389,126.0999999999992554,1.7820501327514648
7.6999999999999389,126.1999999999992497,1.5532981157302856
7.6999999999999389,126.2999999999992440,1.9347468614578247
7.6999999999999389,126.3999999999992383,2.6778461933135986
7.6999999999999389,126.4999999999992326,3.7845292091369629
7.5999999999999392,122.1999999999994770,5.9989967346191406
7.5999999999999392,122.2999999999994714,5.4064216613769531
7.5999999999999392,122.3999999999994657,5.3263053894042969
7.5999999999999392,122.8999999999994373,5.5266327857971191
7.5999999999999392,122.9999999999994316,4.9033470153808594
7.5999999999999392,123.1999999999994202,4.6565504074096680
7.5999999999999392,123.2999999999994145,4.3026866912841797
7.5999999999999392,123.3999999999994088,4.8852105140686035
7.5999999999999392,124.0999999999993690,2.9524390697479248
7.5999999999999392,124.1999999999993634,2.8640775680541992
7.5999999999999392,124.2999999999993577,3.2217259407043457
7.5999999999999392,124.3999999999993520,3.4119825363159180
7.5999999999999392,124.4999999999993463,3.5483989715576172
7.5999999999999392,124.5999999999993406,3.6425628662109375
7.5999999999999392,124.6999999999993349,3.4657182693481445
7.5999999999999392,124.7999999999993292,3.4652268886566162
7.5999999999999392,124.8999999999993236,3.5552513599395752
7.5999999999999392,124.9999999999993179,3.4301681518554688
7.5999999999999392,125.0999999999993122,3.3408977985382080
7.5999999999999392,125.1999999999993065,3.1711120605468750
7.5999999999999392,125.2999999999993008,2.9245331287384033
7.5999999999999392,125.3999999999992951,2.7645258903503418
7.5999999999999392,125.4999999999992895,2.0736334323883057
7.5999999999999392,125.5999999999992838,2.0509357452392578
7.5999999999999392,125.6999999999992781,2.3102471828460693
7.5999999999999392,125.7999999999992724,1.9384632110595703
7.5999999999999392,125.8999999999992667,1.5945235490798950
7.5999999999999392,125.9999999999992610,2.2043395042419434
7.5999999999999392,126.0999999999992554,1.8776568174362183
7.5999999999999392,126.1999999999992497,1.4986854791641235
7.5999999999999392,126.2999999999992440,1.5023132562637329
7.5999999999999392,126.3999999999992383,2.2444326877593994
7.5999999999999392,126.4999999999992326,3.1157011985778809
7.4999999999999396,122.0999999999994827,6.8176536560058594
7.4999999999999396,122.1999999999994770,6.0145134925842285
7.4999999999999396,122.2999999999994714,5.5610547065734863
7.4999999999999396,123.2999999999994145,5.1715149879455566
7.4999999999999396,123.3999999999994088,6.4270315170288086
7.4999999999999396,124.1999999999993634,3.5201098918914795
7.4999999999999396,124.2999999999993577,3.1540493965148926
7.4999999999999396,124.3999999999993520,3.3628993034362793
7.4999999999999396,124.4999999999993463,3.5492737293243408
7.4999999999999396,124.5999999999993406,3.6815183162689209
7.4999999999999396,124.6999999999993349,3.5328533649444580
7.4999999999999396,124.7999999999993292,3.5492265224456787
7.4999999999999396,124.8999999999993236,3.6160807609558105
7.4999999999999396,124.9999999999993179,3.5290753841400146
7.4999999999999396,125.0999999999993122,3.4774649143218994
7.4999999999999396,125.1999999999993065,3.3523573875427246
7.4999999999999396,125.2999999999993008,3.1327180862426758
7.4999999999999396,125.3999999999992951,2.9028351306915283
7.4999999999999396,125.4999999999992895,1.9660176038742065
7.4999999999999396,125.5999999999992838,2.1922552585601807
7.4999999999999396,125.6999999999992781,2.5205755233764648
7.4999999999999396,125.7999999999992724,2.0717859268188477
7.4999999999999396,125.8999999999992667,1.4213861227035522
7.4999999999999396,125.9999999999992610,2.2668824195861816
7.4999999999999396,126.0999999999992554,1.9790608882904053
7.4999999999999396,126.1999999999992497,1.5322926044464111
7.4999999999999396,126.2999999999992440,1.3413275480270386
7.4999999999999396,126.3999999999992383,1.8184802532196045
7.4999999999999396,126.4999999999992326,2.7027494907379150
7.4999999999999396,126.5999999999992269,2.9000444412231445
7.3999999999999400,122.0999999999994827,6.1299929618835449
7.3999999999999400,122.1999999999994770,5.8018307685852051
7.3999999999999400,122.2999999999994714,5.6431050300598145
7.3999999999999400,122.7999999999994429,7.0774149894714355
7.3999999999999400,123.3999999999994088,7.0205721855163574
7.3999999999999400,124.1999999999993634,4.0826921463012695
7.3999999999999400,124.2999999999993577,3.5127720832824707
7.3999999999999400,124.3999999999993520,3.4457550048828125
7.3999999999999400,124.4999999999993463,3.5777757167816162
7.3999999999999400,124.5999999999993406,3.6802082061767578
7.3999999999999400,124.6999999999993349,3.5004453659057617
7.3999999999999400,124.7999999999993292,3.4563939571380615
7.3999999999999400,124.8999999999993236,3.4835915565490723
7.3999999999999400,124.9999999999993179,3.4238314628601074
7.3999999999999400,125.0999999999993122,3.4532294273376465
7.3999999999999400,125.1999999999993065,3.3395314216613770
7.3999999999999400,125.2999999999993008,3.0135190486907959
7.3999999999999400,125.3999999999992951,2.7117826938629150
7.3999999999999400,125.4999999999992895,1.9343074560165405
7.3999999999999400,125.5999999999992838,2.4875075817108154
7.3999999999999400,125.6999999999992781,3.1977696418762207
7.3999999999999400,125.7999999999992724,2.3071773052215576
7.3999999999999400,125.8999999999992667,1.5901279449462891
7.3999999999999400,125.9999999999992610,2.0441808700561523
7.3999999999999400,126.0999999999992554,1.8961887359619141
7.3999999999999400,126.1999999999992497,1.4946779012680054
7.3999999999999400,126.2999999999992440,1.1828383207321167
7.3999999999999400,126.3999999999992383,1.5727466344833374
7.3999999999999400,126.4999999999992326,2.5699734687805176
7.2999999999999403,116.8999999999997783,9.1241445541381836
7.2999999999999403,117.0999999999997669,9.7209844589233398
7.2999999999999403,117.1999999999997613,9.8287410736083984
7.2999999999999403,122.0999999999994827,5.3138399124145508
7.2999999999999403,122.1999999999994770,5.3229331970214844
7.2999999999999403,124.1999999999993634,4.4896187782287598
7.2999999999999403,124.2999999999993577,3.8775663375854492
7.2999999999999403,124.3999999999993520,3.6732461452484131
7.2999999999999403,124.4999999999993463,3.7273271083831787
7.2999999999999403,124.5999999999993406,3.7539203166961670
7.2999999999999403,124.6999999999993349,3.4862165451049805
7.2999999999999403,124.7999999999993292,3.3212523460388184
7.2999999999999403,124.8999999999993236,3.2528414726257324
7.2999999999999403,124.9999999999993179,3.1710455417633057
7.2999999999999403,125.0999999999993122,3.2572469711303711
7.2999999999999403,125.1999999999993065,3.0458512306213379
7.2999999999999403,125.2999999999993008,2.5193521976470947
7.2999999999999403,125.3999999999992951,2.1571762561798096
7.2999999999999403,125.4999999999992895,2.2101662158966064
7.2999999999999403,125.5999999999992838,3.2402560710906982
7.2999999999999403,125.6999999999992781,4.0066556930541992
7.2999999999999403,125.8999999999992667,2.1258187294006348
7.2999999999999403,125.9999999999992610,1.7883327007293701
7.2999999999999403,126.0999999999992554,1.6330446004867554
7.2999999999999403,126.1999999999992497,1.5874389410018921
7.2999999999999403,126.2999999999992440,1.5522888898849487
7.2999999999999403,126.3999999999992383,1.7960023880004883
7.2999999999999403,126.4999999999992326,2.8442046642303467
7.2999999999999403,126.5999999999992269,4.1011676788330078
7.1999999999999407,117.0999999999997669,9.8090095520019531
7.1999999999999407,117.1999999999997613,9.9019680023193359
7.1999999999999407,121.9999999999994884,5.0603380203247070
7.1999999999999407,122.0999999999994827,4.6918783187866211
7.1999999999999407,122.1999999999994770,4.8291878700256348
7.1999999999999407,124.1999999999993634,4.9332089424133301
7.1999999999999407,124.2999999999993577,4.3884682655334473
7.1999999999999407,124.3999999999993520,4.0160679817199707
7.1999999999999407,124.4999999999993463,3.9481008052825928
7.1999999999999407,124.5999999999993406,3.8677899837493896
7.1999999999999407,124.6999999999993349,3.5651955604553223
7.1999999999999407,124.7999999999993292,3.2972567081451416
7.1999999999999407,124.8999999999993236,3.1422300338745117
7.1999999999999407,124.9999999999993179,3.0323779582977295
7.1999999999999407,125.0999999999993122,3.1678035259246826
7.1999999999999407,125.1999999999993065,2.8933126926422119
7.1999999999999407,125.2999999999993008,2.2754499912261963
7.1999999999999407,125.3999999999992951,1.9093185663223267
7.1999999999999407,125.4999999999992895,2.8364822864532471
7.1999999999999407,125.5999999999992838,4.2079625129699707
7.1999999999999407,125.9999999999992610,1.9379321336746216
7.1999999999999407,126.0999999999992554,1.6234549283981323
7.1999999999999407,126.1999999999992497,1.8100227117538452
7.1999999999999407,126.2999999999992440,2.1376302242279053
7.1999999999999407,126.3999999999992383,2.9123628139495850
7.1999999999999407,126.4999999999992326,4.0780897140502930
7.0999999999999410,121.9999999999994884,4.9685020446777344
7.0999999999999410,122.0999999999994827,4.8184418678283691
7.0999999999999410,122.1999999999994770,4.5528497695922852
7.0999999999999410,124.0999999999993690,5.1837539672851562
7.0999999999999410,124.1999999999993634,4.7210469245910645
7.0999999999999410,124.2999999999993577,4.2604317665100098
7.0999999999999410,124.3999999999993520,4.0418744087219238
7.0999999999999410,124.4999999999993463,3.9120299816131592
7.0999999999999410,124.5999999999993406,3.8025171756744385
7.0999999999999410,124.6999999999993349,3.1975381374359131
7.0999999999999410,124.7999999999993292,2.7975742816925049
7.0999999999999410,124.8999999999993236,2.6020450592041016
7.0999999999999410,124.9999999999993179,2.6669473648071289
7.0999999999999410,125.0999999999993122,2.9835484027862549
7.0999999999999410,125.1999999999993065,2.7264039516448975
7.0999999999999410,125.2999999999993008,2.2967238426208496
7.0999999999999410,125.3999999999992951,1.8686872720718384
7.0999999999999410,125.4999999999992895,3.2121925354003906
7.0999999999999410,125.5999999999992838,4.6668415069580078
7.0999999999999410,125.6999999999992781,6.3886070251464844
7.0999999999999410,125.8999999999992667,3.3675704002380371
7.0999999999999410,125.9999999999992610,2.6820936203002930
7.0999999999999410,126.0999999999992554,2.2338976860046387
7.0999999999999410,126.1999999999992497,2.2619700431823730
7.0999999999999410,126.2999999999992440,2.9092149734497070
7.0999999999999410,126.3999999999992383,3.7261586189270020
6.9999999999999414,117.0999999999997669,8.9297008514404297
6.9999999999999414,121.9999999999994884,5.7599735260009766
6.9999999999999414,122.0999999999994827,5.7103123664855957
6.9999999999999414,122.1999999999994770,5.6667122840881348
6.9999999999999414,123.9999999999993747,4.6761250495910645
6.9999999999999414,124.0999999999993690,4.4667110443115234
6.9999999999999414,124.1999999999993634,4.1248998641967773
6.9999999999999414,124.2999999999993577,3.8878567218780518
6.9999999999999414,124.3999999999993520,3.8064892292022705
6.9999999999999414,124.4999999999993463,3.8176655769348145
6.9999999999999414,124.5999999999993406,3.7368376255035400
6.9999999999999414,124.6999999999993349,3.0475218296051025
6.9999999999999414,124.7999999999993292,2.3547179698944092
6.9999999999999414,124.8999999999993236,2.0662941932678223
6.9999999999999414,124.9999999999993179,2.3300704956054688
6.9999999999999414,125.0999999999993122,2.7081277370452881
6.9999999999999414,125.1999999999993065,2.8294069766998291
6.9999999999999414,125.2999999999993008,2.4492533206939697
6.9999999999999414,125.3999999999992951,2.0316474437713623
6.9999999999999414,125.4999999999992895,2.8938889503479004
6.9999999999999414,125.7999999999992724,6.7487263679504395
6.9999999999999414,125.9999999999992610,3.8966181278228760
6.9999999999999414,126.0999999999992554,3.3613746166229248
6.9999999999999414,126.1999999999992497,3.4727964401245117
6.9999999999999414,126.2999999999992440,4.0017232894897461
6.8999999999999417,116.6999999999997897,5.9706435203552246
6.8999999999999417,116.7999999999997840,6.4060606956481934
6.8999999999999417,117.0999999999997669,8.5345087051391602
6.8999999999999417,117.1999999999997613,9.2774915695190430
6.8999999999999417,122.0999999999994827,6.4342460632324219
6.8999999999999417,123.9999999999993747,4.2098903656005859
6.8999999999999417,124.0999999999993690,3.8706572055816650
6.8999999999999417,124.1999999999993634,3.7355194091796875
6.8999999999999417,124.2999999999993577,3.6198441982269287
6.8999999999999417,124.3999999999993520,3.6416764259338379
6.8999999999999417,124.4999999999993463,3.8229503631591797
6.8999999999999417,124.5999999999993406,3.9531769752502441
6.8999999999999417,124.6999999999993349,3.2895004749298096
6.8999999999999417,124.7999999999993292,2.6198151111602783
6.8999999999999417,124.8999999999993236,2.1886305809020996
6.8999999999999417,124.9999999999993179,2.4245669841766357
6.8999999999999417,125.0999999999993122,2.8710370063781738
6.8999999999999417,125.1999999999993065,3.0036888122558594
6.8999999999999417,125.2999999999993008,2.6753985881805420
6.8999999999999417,125.3999999999992951,2.3323514461517334
6.8999999999999417,126.0999999999992554,4.4553351402282715
6.8999999999999417,126.2999999999992440,5.1202573776245117
6.7999999999999421,124.0999999999993690,3.8983771800994873
6.7999999999999421,124.1999999999993634,3.7122564315795898
6.7999999999999421,124.2999999999993577,3.5346460342407227
6.7999999999999421,124.3999999999993520,3.5207061767578125
6.7999999999999421,124.4999999999993463,3.5949218273162842
6.7999999999999421,124.5999999999993406,3.6791048049926758
6.7999999999999421,124.6999999999993349,3.2406497001647949
6.7999999999999421,124.7999999999993292,2.7722423076629639
6.7999999999999421,124.8999999999993236,2.4857673645019531
6.7999999999999421,124.9999999999993179,2.6407446861267090
6.7999999999999421,125.0999999999993122,3.0498671531677246
6.7999999999999421,125.1999999999993065,3.2247221469879150
6.7999999999999421,125.2999999999993008,2.9785981178283691
6.7999999999999421,125.3999999999992951,2.7360539436340332
6.7999999999999421,126.0999999999992554,4.8416824340820312
6.7999999999999421,126.1999999999992497,5.1797676086425781
6.6999999999999424,121.9999999999994884,5.7952232360839844
6.6999999999999424,122.0999999999994827,5.8438839912414551
6.6999999999999424,124.0999999999993690,4.1197609901428223
6.6999999999999424,124.1999999999993634,3.8164350986480713
6.6999999999999424,124.2999999999993577,3.5228590965270996
6.6999999999999424,124.3999999999993520,3.3960638046264648
6.6999999999999424,124.4999999999993463,3.3364770412445068
6.6999999999999424,124.5999999999993406,3.3455939292907715
6.6999999999999424,124.6999999999993349,3.0778522491455078
6.6999999999999424,124.7999999999993292,2.8400144577026367
6.6999999999999424,124.8999999999993236,2.6899855136871338
6.6999999999999424,124.9999999999993179,2.8634672164916992
6.6999999999999424,125.0999999999993122,3.2247815132141113
6.6999999999999424,125.1999999999993065,3.4621174335479736
6.6999999999999424,125.2999999999993008,3.3103821277618408
6.6999999999999424,126.0999999999992554,4.9883432388305664
6.6999999999999424,126.1999999999992497,5.3547434806823730
6.5999999999999428,121.8999999999994941,6.5415430068969727
6.5999999999999428,121.9999999999994884,5.5527286529541016
6.5999999999999428,122.0999999999994827,5.5469503402709961
6.5999999999999428,122.1999999999994770,5.8535132408142090
6.5999999999999428,124.0999999999993690,4.4344353675842285
6.5999999999999428,124.1999999999993634,3.9839813709259033
6.5999999999999428,124.2999999999993577,3.5771524906158447
6.5999999999999428,124.3999999999993520,3.3401579856872559
6.5999999999999428,124.4999999999993463,3.1519033908843994
6.5999999999999428,124.5999999999993406,3.0271458625793457
6.5999999999999428,124.6999999999993349,2.9829173088073730
6.5999999999999428,124.7999999999993292,3.0026102066040039
6.5999999999999428,124.8999999999993236,3.0102427005767822
6.5999999999999428,124.9999999999993179,3.0903985500335693
6.5999999999999428,125.0999999999993122,3.4293119907379150
6.5999999999999428,125.1999999999993065,3.6951158046722412
6.5999999999999428,125.2999999999993008,3.6582183837890625
6.5999999999999428,126.0999999999992554,5.7720756530761719
6.5999999999999428,126.1999999999992497,5.4816594123840332
6.4999999999999432,121.9999999999994884,5.9328565597534180
6.4999999999999432,122.0999999999994827,5.9482059478759766
6.4999999999999432,122.1999999999994770,6.1312785148620605
6.4999999999999432,124.0999999999993690,5.0522480010986328
6.4999999999999432,124.1999999999993634,4.4259662628173828
6.4999999999999432,124.2999999999993577,3.8994464874267578
6.4999999999999432,124.3999999999993520,3.4738276004791260
6.4999999999999432,124.4999999999993463,3.0891172885894775
6.4999999999999432,124.5999999999993406,2.7724335193634033
6.4999999999999432,124.6999999999993349,2.7789790630340576
6.4999999999999432,124.7999999999993292,2.9275634288787842
6.4999999999999432,124.8999999999993236,3.0522851943969727
6.4999999999999432,124.9999999999993179,3.0412192344665527
6.4999999999999432,125.0999999999993122,3.3444323539733887
6.4999999999999432,125.1999999999993065,3.6096808910369873
6.4999999999999432,125.2999999999993008,3.6259889602661133
6.4999999999999432,125.3999999999992951,3.7155354022979736
6.4999999999999432,125.4999999999992895,2.6238584518432617
6.4999999999999432,125.5999999999992838,3.7103490829467773
6.4999999999999432,126.1999999999992497,5.6966648101806641
6.3999999999999435,121.9999999999994884,6.3422813415527344
6.3999999999999435,124.0999999999993690,5.6472530364990234
6.3999999999999435,124.1999999999993634,4.9651160240173340
6.3999999999999435,124.2999999999993577,4.2778139114379883
6.3999999999999435,124.3999999999993520,3.6596493721008301
6.3999999999999435,124.4999999999993463,3.0306870937347412
6.3999999999999435,124.5999999999993406,2.5057821273803711
6.3999999999999435,124.6999999999993349,2.5308172702789307
6.3999999999999435,124.7999999999993292,2.8534970283508301
6.3999999999999435,124.8999999999993236,3.0989284515380859
6.3999999999999435,124.9999999999993179,3.0534632205963135
6.3999999999999435,125.0999999999993122,3.2871601581573486
6.3999999999999435,125.1999999999993065,3.5345470905303955
6.3999999999999435,125.2999999999993008,3.5424470901489258
6.3999999999999435,125.3999999999992951,3.6913764476776123
6.3999999999999435,125.4999999999992895,2.8405396938323975
6.2999999999999439,120.5999999999995680,7.4993562698364258
6.2999999999999439,124.1999999999993634,5.6646685600280762
6.2999999999999439,124.2999999999993577,4.8292717933654785
6.2999999999999439,124.3999999999993520,4.0502219200134277
6.2999999999999439,124.4999999999993463,3.2580068111419678
6.2999999999999439,124.5999999999993406,2.5764172077178955
6.2999999999999439,124.6999999999993349,2.4295620918273926
6.2999999999999439,124.7999999999993292,2.7328603267669678
6.2999999999999439,124.8999999999993236,3.0185039043426514
6.2999999999999439,124.9999999999993179,2.9290230274200439
6.2999999999999439,125.0999999999993122,3.1184275150299072
6.2999999999999439,125.1999999999993065,3.3454246520996094
6.2999999999999439,125.2999999999993008,3.4066522121429443
6.2999999999999439,125.3999999999992951,3.5898005962371826
6.2999999999999439,125.4999999999992895,2.9964811801910400
6.2999999999999439,125.5999999999992838,4.2339243888854980
6.1999999999999442,124.2999999999993577,5.5840101242065430
6.1999999999999442,124.3999999999993520,4.9580078125000000
6.1999999999999442,124.4999999999993463,4.0610542297363281
6.1999999999999442,124.5999999999993406,3.2492134571075439
6.1999999999999442,124.6999999999993349,2.7959587574005127
6.1999999999999442,124.7999999999993292,2.6398344039916992
6.1999999999999442,124.8999999999993236,2.6524624824523926
6.1999999999999442,124.9999999999993179,2.5678470134735107
6.1999999999999442,125.0999999999993122,2.7391731739044189
6.1999999999999442,125.1999999999993065,2.9440724849700928
6.1999999999999442,125.2999999999993008,3.0322709083557129
6.1999999999999442,125.3999999999992951,3.2511444091796875
6.1999999999999442,125.4999999999992895,2.6582489013671875
6.1999999999999442,125.5999999999992838,3.4624855518341064
6.1999999999999442,125.6999999999992781,4.3975758552551270
6.0999999999999446,120.9999999999995453,7.7370781898498535
6.0999999999999446,121.0999999999995396,7.7899293899536133
6.0999999999999446,124.4999999999993463,4.9218878746032715
6.0999999999999446,124.5999999999993406,4.0222873687744141
6.0999999999999446,124.6999999999993349,3.3369987010955811
6.0999999999999446,124.7999999999993292,2.7837512493133545
6.0999999999999446,124.8999999999993236,2.4950816631317139
6.0999999999999446,124.9999999999993179,2.4346017837524414
6.0999999999999446,125.0999999999993122,2.8734796047210693
6.0999999999999446,125.2999999999993008,2.8484175205230713
6.0999999999999446,125.3999999999992951,2.9807879924774170
6.0999999999999446,125.4999999999992895,2.6194746494293213
6.0999999999999446,125.5999999999992838,3.1005921363830566
6.0999999999999446,125.6999999999992781,4.0656137466430664
5.9999999999999449,120.8999999999995509,7.6399469375610352
5.9999999999999449,120.9999999999995453,7.7280702590942383
5.9999999999999449,121.0999999999995396,7.8290648460388184
5.9999999999999449,121.3999999999995225,7.9497466087341309
5.9999999999999449,124.5999999999993406,4.9747934341430664
5.9999999999999449,124.6999999999993349,4.3116898536682129
5.9999999999999449,124.7999999999993292,3.7778129577636719
5.9999999999999449,124.8999999999993236,3.3732447624206543
5.9999999999999449,124.9999999999993179,3.4889428615570068
5.9999999999999449,125.0999999999993122,3.9007477760314941
5.9999999999999449,125.3999999999992951,3.1159913539886475
5.9999999999999449,125.4999999999992895,2.7677047252655029
5.9999999999999449,125.5999999999992838,3.3754425048828125
5.8999999999999453,120.8999999999995509,7.6397385597229004
5.8999999999999453,124.7999999999993292,5.0260138511657715
5.8999999999999453,124.8999999999993236,5.5449833869934082
5.8999999999999453,124.9999999999993179,5.2969727516174316
5.8999999999999453,125.0999999999993122,5.0716562271118164
5.8999999999999453,125.1999999999993065,5.1398363113403320
5.8999999999999453,125.2999999999993008,4.2267165184020996
5.8999999999999453,125.3999999999992951,3.7144706249237061
5.8999999999999453,125.4999999999992895,3.3945040702819824
5.8999999999999453,125.5999999999992838,3.8869640827178955
5.7999999999999456,125.2999999999993008,5.4679503440856934
5.7999999999999456,125.3999999999992951,4.4648251533508301
5.7999999999999456,125.4999999999992895,4.1142477989196777
5.6999999999999460,125.2999999999993008,6.2075762748718262
5.6999999999999460,125.3999999999992951,5.7949557304382324
5.5999999999999464,125.2999999999993008,7.9422302246093750
5.5999999999999464,125.3999999999992951,7.4342126846313477
5.3999999999999471,118.8999999999996646,4.9909172058105469
5.3999999999999471,118.9999999999996589,5.7079343795776367
5.3999999999999471,119.0999999999996533,6.5830907821655273
5.3999999999999471,119.1999999999996476,7.3780426979064941
5.2999999999999474,118.8999999999996646,4.3259792327880859
5.2999999999999474,118.9999999999996589,5.0724959373474121
5.2999999999999474,119.0999999999996533,5.9208784103393555
5.2999999999999474,119.1999999999996476,6.8791522979736328
5.2999999999999474,120.1999999999995907,8.0133762359619141
5.1999999999999478,118.8999999999996646,3.7427394390106201
5.1999999999999478,118.9999999999996589,4.3869094848632812
5.1999999999999478,119.0999999999996533,5.4149613380432129
5.1999999999999478,119.1999999999996476,6.6770834922790527
5.1999999999999478,120.1999999999995907,8.0414352416992188
5.0999999999999481,118.8999999999996646,3.9495129585266113
5.0999999999999481,118.9999999999996589,4.4414582252502441
5.0999999999999481,119.7999999999996135,7.8942141532897949
5.0999999999999481,119.8999999999996078,7.9854502677917480
