latitude,longitude,max_wind_speed
19.3999999999999559,121.3999999999995225,12.9434537887573242
19.3999999999999559,121.4999999999995168,12.9946203231811523
18.8999999999999488,121.8999999999994941,12.4200792312622070
18.5999999999999446,120.7999999999995566,10.6971712112426758
18.5999999999999446,120.8999999999995509,10.1542892456054688
18.5999999999999446,121.0999999999995396,8.8222417831420898
18.5999999999999446,121.1999999999995339,8.4183340072631836
18.4999999999999432,120.6999999999995623,9.1971120834350586
18.4999999999999432,120.7999999999995566,8.4101219177246094
18.4999999999999432,120.8999999999995509,7.6402878761291504
18.4999999999999432,120.9999999999995453,7.1292123794555664
18.4999999999999432,121.0999999999995396,6.7797818183898926
18.4999999999999432,121.1999999999995339,6.4745230674743652
18.4999999999999432,121.2999999999995282,6.8587808609008789
18.4999999999999432,122.1999999999994770,12.2446603775024414
18.3999999999999417,120.5999999999995680,8.2928524017333984
18.3999999999999417,120.6999999999995623,7.3605275154113770
18.3999999999999417,120.7999999999995566,6.4799933433532715
18.3999999999999417,120.8999999999995509,5.6540055274963379
18.3999999999999417,120.9999999999995453,5.1584300994873047
18.3999999999999417,121.0999999999995396,4.9220380783081055
18.3999999999999417,121.1999999999995339,4.7767419815063477
18.3999999999999417,121.2999999999995282,5.3220558166503906
18.3999999999999417,121.3999999999995225,6.1515474319458008
18.3999999999999417,121.4999999999995168,6.8029575347900391
18.3999999999999417,121.5999999999995111,7.9783921241760254
18.3999999999999417,122.0999999999994827,11.4110517501831055
18.3999999999999417,122.1999999999994770,11.9240922927856445
18.3999999999999417,122.2999999999994714,12.2821273803710938
18.2999999999999403,120.6999999999995623,6.4102931022644043
18.2999999999999403,120.7999999999995566,5.6710052490234375
18.2999999999999403,120.8999999999995509,4.9581418037414551
18.2999999999999403,120.9999999999995453,4.5120239257812500
18.2999999999999403,121.0999999999995396,4.2342290878295898
18.2999999999999403,121.1999999999995339,4.0786252021789551
18.2999999999999403,121.2999999999995282,4.6149864196777344
18.2999999999999403,121.3999999999995225,5.3377466201782227
18.2999999999999403,121.4999999999995168,6.1197309494018555
18.2999999999999403,121.5999999999995111,7.1734366416931152
18.2999999999999403,121.6999999999995055,8.2921934127807617
18.2999999999999403,122.0999999999994827,9.6256713867187500
18.2999999999999403,122.1999999999994770,10.6772832870483398
18.2999999999999403,122.2999999999994714,11.3876295089721680
18.1999999999999389,120.4999999999995737,8.8405971527099609
18.1999999999999389,120.5999999999995680,7.2277040481567383
18.1999999999999389,120.6999999999995623,5.6424083709716797
18.1999999999999389,120.7999999999995566,5.0244345664978027
18.1999999999999389,120.8999999999995509,4.4981560707092285
18.1999999999999389,120.9999999999995453,4.0727620124816895
18.1999999999999389,121.0999999999995396,3.7351586818695068
18.1999999999999389,121.1999999999995339,3.7400462627410889
18.1999999999999389,121.2999999999995282,4.1821699142456055
18.1999999999999389,121.3999999999995225,4.8149290084838867
18.1999999999999389,121.4999999999995168,5.4780697822570801
18.1999999999999389,121.5999999999995111,6.0176873207092285
18.1999999999999389,121.6999999999995055,6.7621197700500488
18.1999999999999389,121.7999999999994998,7.3222951889038086
18.1999999999999389,121.8999999999994941,7.2159652709960938
18.1999999999999389,121.9999999999994884,7.0578441619873047
18.1999999999999389,122.0999999999994827,7.6003613471984863
18.1999999999999389,122.1999999999994770,9.2254610061645508
18.0999999999999375,120.4999999999995737,9.1028451919555664
18.0999999999999375,120.5999999999995680,6.6300687789916992
18.0999999999999375,120.6999999999995623,5.0169568061828613
18.0999999999999375,120.7999999999995566,4.6076636314392090
18.0999999999999375,120.8999999999995509,4.2713699340820312
18.0999999999999375,120.9999999999995453,3.8611302375793457
18.0999999999999375,121.0999999999995396,3.4927561283111572
18.0999999999999375,121.1999999999995339,3.4612908363342285
18.0999999999999375,121.2999999999995282,3.8810985088348389
18.0999999999999375,121.3999999999995225,4.4588317871093750
18.0999999999999375,121.4999999999995168,4.9935774803161621
18.0999999999999375,121.5999999999995111,5.3087673187255859
18.0999999999999375,121.6999999999995055,5.5484437942504883
18.0999999999999375,121.7999999999994998,5.8430013656616211
18.0999999999999375,121.8999999999994941,5.6356616020202637
18.0999999999999375,121.9999999999994884,5.4570240974426270
18.0999999999999375,122.0999999999994827,6.0771336555480957
18.0999999999999375,122.1999999999994770,7.3343033790588379
17.9999999999999361,120.5999999999995680,6.0600547790527344
17.9999999999999361,120.6999999999995623,4.9366216659545898
17.9999999999999361,120.7999999999995566,4.7643828392028809
17.9999999999999361,120.8999999999995509,4.6530981063842773
17.9999999999999361,120.9999999999995453,4.2628884315490723
17.9999999999999361,121.0999999999995396,3.7023844718933105
17.9999999999999361,121.1999999999995339,3.4890270233154297
17.9999999999999361,121.2999999999995282,3.9104735851287842
17.9999999999999361,121.3999999999995225,4.5493421554565430
17.9999999999999361,121.4999999999995168,5.1926751136779785
17.9999999999999361,121.5999999999995111,5.2903208732604980
17.9999999999999361,121.6999999999995055,5.3190464973449707
17.9999999999999361,121.7999999999994998,5.3155345916748047
17.9999999999999361,121.8999999999994941,4.9790768623352051
17.9999999999999361,121.9999999999994884,4.7190194129943848
17.9999999999999361,122.0999999999994827,5.5111799240112305
17.8999999999999346,120.4999999999995737,7.9455566406250000
17.8999999999999346,120.5999999999995680,5.6291446685791016
17.8999999999999346,120.6999999999995623,4.8363547325134277
17.8999999999999346,120.7999999999995566,4.9543976783752441
17.8999999999999346,120.8999999999995509,5.0843691825866699
17.8999999999999346,120.9999999999995453,4.6628842353820801
17.8999999999999346,121.0999999999995396,3.9890859127044678
17.8999999999999346,121.1999999999995339,3.4982666969299316
17.8999999999999346,121.2999999999995282,3.9396858215332031
17.8999999999999346,121.3999999999995225,4.6489624977111816
17.8999999999999346,121.4999999999995168,5.2390904426574707
17.8999999999999346,121.5999999999995111,5.2775883674621582
17.8999999999999346,121.6999999999995055,5.1236195564270020
17.8999999999999346,121.7999999999994998,4.8867478370666504
17.8999999999999346,121.8999999999994941,4.4125733375549316
17.8999999999999346,121.9999999999994884,4.0531177520751953
17.8999999999999346,122.0999999999994827,4.7702517509460449
17.7999999999999332,120.4999999999995737,7.5790915489196777
17.7999999999999332,120.5999999999995680,5.3354535102844238
17.7999999999999332,120.6999999999995623,4.7820343971252441
17.7999999999999332,120.7999999999995566,4.9443016052246094
17.7999999999999332,120.8999999999995509,5.1367564201354980
17.7999999999999332,120.9999999999995453,4.7398252487182617
17.7999999999999332,121.0999999999995396,4.0042743682861328
17.7999999999999332,121.1999999999995339,3.5005087852478027
17.7999999999999332,121.2999999999995282,3.8968729972839355
17.7999999999999332,121.3999999999995225,4.7196063995361328
17.7999999999999332,121.4999999999995168,5.5285735130310059
17.7999999999999332,121.5999999999995111,5.4144058227539062
17.7999999999999332,121.6999999999995055,5.2016835212707520
17.7999999999999332,121.7999999999994998,4.8603229522705078
17.7999999999999332,121.8999999999994941,4.1862397193908691
17.7999999999999332,121.9999999999994884,3.6614139080047607
17.7999999999999332,122.0999999999994827,4.5233063697814941
17.6999999999999318,120.3999999999995794,9.7362918853759766
17.6999999999999318,120.4999999999995737,7.4413075447082520
17.6999999999999318,120.5999999999995680,5.2004270553588867
17.6999999999999318,120.6999999999995623,4.5679130554199219
17.6999999999999318,120.7999999999995566,4.7239809036254883
17.6999999999999318,120.8999999999995509,4.9513683319091797
17.6999999999999318,120.9999999999995453,4.5215120315551758
17.6999999999999318,121.0999999999995396,3.7925202846527100
17.6999999999999318,121.1999999999995339,3.2811007499694824
17.6999999999999318,121.2999999999995282,3.7569289207458496
17.6999999999999318,121.3999999999995225,4.7596588134765625
17.6999999999999318,121.4999999999995168,5.6246886253356934
17.6999999999999318,121.5999999999995111,5.7098035812377930
17.6999999999999318,121.6999999999995055,5.5757093429565430
17.6999999999999318,121.7999999999994998,5.2712726593017578
17.6999999999999318,121.8999999999994941,4.4321269989013672
17.6999999999999318,121.9999999999994884,3.7188177108764648
17.6999999999999318,122.0999999999994827,4.3137521743774414
17.5999999999999304,120.3999999999995794,9.8955116271972656
17.5999999999999304,120.4999999999995737,7.3174700736999512
17.5999999999999304,120.5999999999995680,5.1537985801696777
17.5999999999999304,120.6999999999995623,4.5509448051452637
17.5999999999999304,120.7999999999995566,4.6079587936401367
17.5999999999999304,120.8999999999995509,4.8073015213012695
17.5999999999999304,120.9999999999995453,4.3767528533935547
17.5999999999999304,121.0999999999995396,3.6192181110382080
17.5999999999999304,121.1999999999995339,3.1957912445068359
17.5999999999999304,121.2999999999995282,3.6317031383514404
17.5999999999999304,121.3999999999995225,4.7970323562622070
17.5999999999999304,121.4999999999995168,5.9526886940002441
17.5999999999999304,121.5999999999995111,5.9946832656860352
17.5999999999999304,121.6999999999995055,5.9487776756286621
17.5999999999999304,121.7999999999994998,5.6383738517761230
17.5999999999999304,121.8999999999994941,4.6577744483947754
17.5999999999999304,121.9999999999994884,3.7671413421630859
17.5999999999999304,122.0999999999994827,4.3994140625000000
17.4999999999999289,120.4999999999995737,7.0514707565307617
17.4999999999999289,120.5999999999995680,4.6633248329162598
17.4999999999999289,120.6999999999995623,3.9313602447509766
17.4999999999999289,120.7999999999995566,4.0835418701171875
17.4999999999999289,120.8999999999995509,4.3014130592346191
17.4999999999999289,120.9999999999995453,3.9544050693511963
17.4999999999999289,121.0999999999995396,3.3255333900451660
17.4999999999999289,121.1999999999995339,2.9683480262756348
17.4999999999999289,121.2999999999995282,3.5819852352142334
17.4999999999999289,121.3999999999995225,4.7533926963806152
17.4999999999999289,121.4999999999995168,5.8252205848693848
17.4999999999999289,121.5999999999995111,6.0513625144958496
17.4999999999999289,121.6999999999995055,6.0870404243469238
17.4999999999999289,121.7999999999994998,5.8434567451477051
17.4999999999999289,121.8999999999994941,4.6758904457092285
17.4999999999999289,121.9999999999994884,3.6219370365142822
17.4999999999999289,122.0999999999994827,3.8885326385498047
17.3999999999999275,120.4999999999995737,6.8018445968627930
17.3999999999999275,120.5999999999995680,4.1345191001892090
17.3999999999999275,120.6999999999995623,3.0210618972778320
17.3999999999999275,120.7999999999995566,3.2483034133911133
17.3999999999999275,120.8999999999995509,3.5689177513122559
17.3999999999999275,120.9999999999995453,3.3249502182006836
17.3999999999999275,121.0999999999995396,2.9576230049133301
17.3999999999999275,121.1999999999995339,2.9713442325592041
17.3999999999999275,121.2999999999995282,3.6024105548858643
17.3999999999999275,121.3999999999995225,4.7113718986511230
17.3999999999999275,121.4999999999995168,5.9059023857116699
17.3999999999999275,121.5999999999995111,5.9618606567382812
17.3999999999999275,121.6999999999995055,6.1022510528564453
17.3999999999999275,121.7999999999994998,5.8162789344787598
17.3999999999999275,121.8999999999994941,4.5915112495422363
17.3999999999999275,121.9999999999994884,3.3532271385192871
17.3999999999999275,122.0999999999994827,3.4527037143707275
17.3999999999999275,122.1999999999994770,5.0764999389648438
17.2999999999999261,120.4999999999995737,6.4317426681518555
17.2999999999999261,120.5999999999995680,3.8107686042785645
17.2999999999999261,120.6999999999995623,2.1894094944000244
17.2999999999999261,120.7999999999995566,2.5043971538543701
17.2999999999999261,120.8999999999995509,2.9865820407867432
17.2999999999999261,120.9999999999995453,2.8671371936798096
17.2999999999999261,121.0999999999995396,2.6304333209991455
17.2999999999999261,121.1999999999995339,2.8493053913116455
17.2999999999999261,121.2999999999995282,3.6390719413757324
17.2999999999999261,121.3999999999995225,4.7609453201293945
17.2999999999999261,121.4999999999995168,5.8415961265563965
17.2999999999999261,121.5999999999995111,6.1139030456542969
17.2999999999999261,121.6999999999995055,6.2516179084777832
17.2999999999999261,121.7999999999994998,6.1178603172302246
17.2999999999999261,121.8999999999994941,4.6133637428283691
17.2999999999999261,121.9999999999994884,3.1601555347442627
17.2999999999999261,122.0999999999994827,2.8606257438659668
17.2999999999999261,122.1999999999994770,4.2364573478698730
17.2999999999999261,122.2999999999994714,5.6814575195312500
17.1999999999999247,120.4999999999995737,6.1956009864807129
17.1999999999999247,120.5999999999995680,3.4157607555389404
17.1999999999999247,120.6999999999995623,2.0031113624572754
17.1999999999999247,120.7999999999995566,2.2218096256256104
17.1999999999999247,120.8999999999995509,2.6942131519317627
17.1999999999999247,120.9999999999995453,2.5892925262451172
17.1999999999999247,121.0999999999995396,2.5439598560333252
17.1999999999999247,121.1999999999995339,2.9867506027221680
17.1999999999999247,121.2999999999995282,3.7256994247436523
17.1999999999999247,121.3999999999995225,4.7251610755920410
17.1999999999999247,121.4999999999995168,5.8108878135681152
17.1999999999999247,121.5999999999995111,6.0313138961791992
17.1999999999999247,121.6999999999995055,6.2691402435302734
17.1999999999999247,121.7999999999994998,6.1195073127746582
17.1999999999999247,121.8999999999994941,4.7531051635742188
17.1999999999999247,121.9999999999994884,3.3224670886993408
17.1999999999999247,122.0999999999994827,2.9538404941558838
17.1999999999999247,122.1999999999994770,4.0034251213073730
17.1999999999999247,122.2999999999994714,5.1397538185119629
17.1999999999999247,122.3999999999994657,6.2291803359985352
17.0999999999999233,120.4999999999995737,5.4007363319396973
17.0999999999999233,120.5999999999995680,3.1116166114807129
17.0999999999999233,120.6999999999995623,1.9370567798614502
17.0999999999999233,120.7999999999995566,2.0450315475463867
17.0999999999999233,120.8999999999995509,2.4207663536071777
17.0999999999999233,120.9999999999995453,2.4073603153228760
17.0999999999999233,121.0999999999995396,2.5619993209838867
17.0999999999999233,121.1999999999995339,3.1621177196502686
17.0999999999999233,121.2999999999995282,3.8422505855560303
17.0999999999999233,121.3999999999995225,4.6553606986999512
17.0999999999999233,121.4999999999995168,5.4633655548095703
17.0999999999999233,121.5999999999995111,5.8615665435791016
17.0999999999999233,121.6999999999995055,6.1827020645141602
17.0999999999999233,121.7999999999994998,6.2601819038391113
17.0999999999999233,121.8999999999994941,4.9281253814697266
17.0999999999999233,121.9999999999994884,3.6233432292938232
17.0999999999999233,122.0999999999994827,3.1833586692810059
17.0999999999999233,122.1999999999994770,3.9688079357147217
17.0999999999999233,122.2999999999994714,4.7823553085327148
17.0999999999999233,122.3999999999994657,6.5220932960510254
17.0999999999999233,122.4999999999994600,8.9512434005737305
16.9999999999999218,120.4999999999995737,5.2457561492919922
16.9999999999999218,120.5999999999995680,3.0397393703460693
16.9999999999999218,120.6999999999995623,1.8639131784439087
16.9999999999999218,120.7999999999995566,1.8756644725799561
16.9999999999999218,120.8999999999995509,2.2446248531341553
16.9999999999999218,120.9999999999995453,2.2233376502990723
16.9999999999999218,121.0999999999995396,2.5832283496856689
16.9999999999999218,121.1999999999995339,3.2661745548248291
16.9999999999999218,121.2999999999995282,3.8810906410217285
16.9999999999999218,121.3999999999995225,4.5494441986083984
16.9999999999999218,121.4999999999995168,5.2663497924804688
16.9999999999999218,121.5999999999995111,5.6338443756103516
16.9999999999999218,121.6999999999995055,6.0245018005371094
16.9999999999999218,121.7999999999994998,6.1874141693115234
16.9999999999999218,121.8999999999994941,5.0377898216247559
16.9999999999999218,121.9999999999994884,3.8394508361816406
16.9999999999999218,122.0999999999994827,3.4307661056518555
16.9999999999999218,122.1999999999994770,3.9868202209472656
16.9999999999999218,122.2999999999994714,4.6343884468078613
16.9999999999999218,122.3999999999994657,6.3146085739135742
16.8999999999999204,120.3999999999995794,5.7879586219787598
16.8999999999999204,120.4999999999995737,4.5220465660095215
16.8999999999999204,120.5999999999995680,2.7969524860382080
16.8999999999999204,120.6999999999995623,1.7419874668121338
16.8999999999999204,120.7999999999995566,1.6931943893432617
16.8999999999999204,120.8999999999995509,2.0106368064880371
16.8999999999999204,120.9999999999995453,2.1421847343444824
16.8999999999999204,121.0999999999995396,2.5595448017120361
16.8999999999999204,121.1999999999995339,3.1489157676696777
16.8999999999999204,121.2999999999995282,3.6598241329193115
16.8999999999999204,121.3999999999995225,4.2458519935607910
16.8999999999999204,121.4999999999995168,4.8233733177185059
16.8999999999999204,121.5999999999995111,5.2002692222595215
16.8999999999999204,121.6999999999995055,5.5756173133850098
16.8999999999999204,121.7999999999994998,5.8358006477355957
16.8999999999999204,121.8999999999994941,4.8060903549194336
16.8999999999999204,121.9999999999994884,3.7382204532623291
16.8999999999999204,122.0999999999994827,3.4279580116271973
16.8999999999999204,122.1999999999994770,4.0837140083312988
16.8999999999999204,122.2999999999994714,4.7788686752319336
16.8999999999999204,122.3999999999994657,6.6157302856445312
16.7999999999999190,120.3999999999995794,5.0509300231933594
16.7999999999999190,120.4999999999995737,3.7952337265014648
16.7999999999999190,120.5999999999995680,2.5677495002746582
16.7999999999999190,120.6999999999995623,1.6634625196456909
16.7999999999999190,120.7999999999995566,1.5212937593460083
16.7999999999999190,120.8999999999995509,1.8647929430007935
16.7999999999999190,120.9999999999995453,2.2369706630706787
16.7999999999999190,121.0999999999995396,2.5256686210632324
16.7999999999999190,121.1999999999995339,2.9337596893310547
16.7999999999999190,121.2999999999995282,3.3828740119934082
16.7999999999999190,121.3999999999995225,3.9075689315795898
16.7999999999999190,121.4999999999995168,4.4660892486572266
16.7999999999999190,121.5999999999995111,4.7272214889526367
16.7999999999999190,121.6999999999995055,5.1073737144470215
16.7999999999999190,121.7999999999994998,5.4154229164123535
16.7999999999999190,121.8999999999994941,4.5177764892578125
16.7999999999999190,121.9999999999994884,3.6421577930450439
16.7999999999999190,122.0999999999994827,3.4782803058624268
16.7999999999999190,122.1999999999994770,4.2205471992492676
16.7999999999999190,122.2999999999994714,5.1232047080993652
16.7999999999999190,122.3999999999994657,6.2460255622863770
16.6999999999999176,120.3999999999995794,3.9822494983673096
16.6999999999999176,120.4999999999995737,3.1956665515899658
16.6999999999999176,120.5999999999995680,2.2997291088104248
16.6999999999999176,120.6999999999995623,1.5954117774963379
16.6999999999999176,120.7999999999995566,1.4597389698028564
16.6999999999999176,120.8999999999995509,1.9088122844696045
16.6999999999999176,120.9999999999995453,2.3687212467193604
16.6999999999999176,121.0999999999995396,2.5538699626922607
16.6999999999999176,121.1999999999995339,2.8327465057373047
16.6999999999999176,121.2999999999995282,3.1827101707458496
16.6999999999999176,121.3999999999995225,3.6270267963409424
16.6999999999999176,121.4999999999995168,4.0493736267089844
16.6999999999999176,121.5999999999995111,4.2808609008789062
16.6999999999999176,121.6999999999995055,4.6751408576965332
16.6999999999999176,121.7999999999994998,4.9709820747375488
16.6999999999999176,121.8999999999994941,4.2509355545043945
16.6999999999999176,121.9999999999994884,3.6348416805267334
16.6999999999999176,122.0999999999994827,3.6073992252349854
16.6999999999999176,122.1999999999994770,4.5520887374877930
16.6999999999999176,122.2999999999994714,5.5982527732849121
16.5999999999999162,120.2999999999995850,3.8119852542877197
16.5999999999999162,120.3999999999995794,3.7720487117767334
16.5999999999999162,120.4999999999995737,2.9618556499481201
16.5999999999999162,120.5999999999995680,2.1419665813446045
16.5999999999999162,120.6999999999995623,1.5607075691223145
16.5999999999999162,120.7999999999995566,1.5551048517227173
16.5999999999999162,120.8999999999995509,2.2153046131134033
16.5999999999999162,120.9999999999995453,2.6439683437347412
16.5999999999999162,121.0999999999995396,2.7477340698242188
16.5999999999999162,121.1999999999995339,2.9379212856292725
16.5999999999999162,121.2999999999995282,3.1678218841552734
16.5999999999999162,121.3999999999995225,3.4849324226379395
16.5999999999999162,121.4999999999995168,3.8401989936828613
16.5999999999999162,121.5999999999995111,4.0124754905700684
16.5999999999999162,121.6999999999995055,4.3290572166442871
16.5999999999999162,121.7999999999994998,4.5844378471374512
16.5999999999999162,121.8999999999994941,4.1691179275512695
16.5999999999999162,121.9999999999994884,3.8469285964965820
16.5999999999999162,122.0999999999994827,4.1509652137756348
16.5999999999999162,122.1999999999994770,5.3799142837524414
16.5999999999999162,122.2999999999994714,6.3054304122924805
16.4999999999999147,120.2999999999995850,3.4411797523498535
16.4999999999999147,120.3999999999995794,3.4873895645141602
16.4999999999999147,120.4999999999995737,2.8298203945159912
16.4999999999999147,120.5999999999995680,2.0388345718383789
16.4999999999999147,120.6999999999995623,1.6293867826461792
16.4999999999999147,120.7999999999995566,1.7091697454452515
16.4999999999999147,120.8999999999995509,2.4922213554382324
16.4999999999999147,120.9999999999995453,2.9299626350402832
16.4999999999999147,121.0999999999995396,2.9591212272644043
16.4999999999999147,121.1999999999995339,3.0818114280700684
16.4999999999999147,121.2999999999995282,3.1844456195831299
16.4999999999999147,121.3999999999995225,3.3636081218719482
16.4999999999999147,121.4999999999995168,3.7215986251831055
16.4999999999999147,121.5999999999995111,3.8611233234405518
16.4999999999999147,121.6999999999995055,4.0207986831665039
16.4999999999999147,121.7999999999994998,4.1956372261047363
16.4999999999999147,121.8999999999994941,4.0614757537841797
16.4999999999999147,121.9999999999994884,4.0647659301757812
16.4999999999999147,122.0999999999994827,4.6859183311462402
16.4999999999999147,122.1999999999994770,6.2540521621704102
16.3999999999999133,120.3999999999995794,3.6726336479187012
16.3999999999999133,120.4999999999995737,2.9027080535888672
16.3999999999999133,120.5999999999995680,2.1228449344635010
16.3999999999999133,120.6999999999995623,1.7271522283554077
16.3999999999999133,120.7999999999995566,1.8042383193969727
16.3999999999999133,120.8999999999995509,2.6974122524261475
16.3999999999999133,120.9999999999995453,3.1609477996826172
16.3999999999999133,121.0999999999995396,3.2034070491790771
16.3999999999999133,121.1999999999995339,3.2909312248229980
16.3999999999999133,121.2999999999995282,3.2821865081787109
16.3999999999999133,121.3999999999995225,3.4701046943664551
16.3999999999999133,121.4999999999995168,3.7210996150970459
16.3999999999999133,121.5999999999995111,3.7287321090698242
16.3999999999999133,121.6999999999995055,3.8144960403442383
16.3999999999999133,121.7999999999994998,3.9773271083831787
16.3999999999999133,121.8999999999994941,4.1001405715942383
16.3999999999999133,121.9999999999994884,4.3546829223632812
16.3999999999999133,122.0999999999994827,5.2632379531860352
16.3999999999999133,122.1999999999994770,6.8987107276916504
16.2999999999999119,119.7999999999996135,4.9958615303039551
16.2999999999999119,120.3999999999995794,3.8336925506591797
16.2999999999999119,120.4999999999995737,3.1499314308166504
16.2999999999999119,120.5999999999995680,2.4134488105773926
16.2999999999999119,120.6999999999995623,1.7410370111465454
16.2999999999999119,120.7999999999995566,1.8611226081848145
16.2999999999999119,120.8999999999995509,2.7336995601654053
16.2999999999999119,120.9999999999995453,3.3226187229156494
16.2999999999999119,121.0999999999995396,3.4838030338287354
16.2999999999999119,121.1999999999995339,3.6848163604736328
16.2999999999999119,121.2999999999995282,3.5733087062835693
16.2999999999999119,121.3999999999995225,3.5084457397460938
16.2999999999999119,121.4999999999995168,3.5187065601348877
16.2999999999999119,121.5999999999995111,3.5587196350097656
16.2999999999999119,121.6999999999995055,3.6798655986785889
16.2999999999999119,121.7999999999994998,3.9004530906677246
16.2999999999999119,121.8999999999994941,4.3164501190185547
16.2999999999999119,121.9999999999994884,4.9793353080749512
16.2999999999999119,122.0999999999994827,6.0425014495849609
16.1999999999999105,119.7999999999996135,4.6299443244934082
16.1999999999999105,119.8999999999996078,4.2118182182312012
16.1999999999999105,119.9999999999996021,3.9521288871765137
16.1999999999999105,120.4999999999995737,3.3834590911865234
16.1999999999999105,120.5999999999995680,2.7013807296752930
16.1999999999999105,120.6999999999995623,1.7749718427658081
16.1999999999999105,120.7999999999995566,1.9126453399658203
16.1999999999999105,120.8999999999995509,2.8361661434173584
16.1999999999999105,120.9999999999995453,3.5183563232421875
16.1999999999999105,121.0999999999995396,3.7824320793151855
16.1999999999999105,121.1999999999995339,4.0097355842590332
16.1999999999999105,121.2999999999995282,3.8657395839691162
16.1999999999999105,121.3999999999995225,3.5537495613098145
16.1999999999999105,121.4999999999995168,3.3581585884094238
16.1999999999999105,121.5999999999995111,3.3940398693084717
16.1999999999999105,121.6999999999995055,3.6717610359191895
16.1999999999999105,121.7999999999994998,4.1609220504760742
16.1999999999999105,121.8999999999994941,4.9184947013854980
16.1999999999999105,121.9999999999994884,5.8282527923583984
16.0999999999999091,119.7999999999996135,4.3067154884338379
16.0999999999999091,119.8999999999996078,3.8844916820526123
16.0999999999999091,119.9999999999996021,3.5923008918762207
16.0999999999999091,120.4999999999995737,3.0517537593841553
16.0999999999999091,120.5999999999995680,2.5189445018768311
16.0999999999999091,120.6999999999995623,1.7383047342300415
16.0999999999999091,120.7999999999995566,1.8238869905471802
16.0999999999999091,120.8999999999995509,2.7654926776885986
16.0999999999999091,120.9999999999995453,3.4510610103607178
16.0999999999999091,121.0999999999995396,3.8041725158691406
16.0999999999999091,121.1999999999995339,4.1804456710815430
16.0999999999999091,121.2999999999995282,3.9136352539062500
16.0999999999999091,121.3999999999995225,3.5712807178497314
16.0999999999999091,121.4999999999995168,3.3473045825958252
16.0999999999999091,121.5999999999995111,3.4367227554321289
16.0999999999999091,121.6999999999995055,3.9333643913269043
15.9999999999999094,119.7999999999996135,4.2932405471801758
15.9999999999999094,119.8999999999996078,3.8073797225952148
15.9999999999999094,119.9999999999996021,3.3279488086700439
15.9999999999999094,120.0999999999995964,2.9480559825897217
15.9999999999999094,120.1999999999995907,2.7924239635467529
15.9999999999999094,120.2999999999995850,2.5643236637115479
15.9999999999999094,120.3999999999995794,2.6406581401824951
15.9999999999999094,120.4999999999995737,2.2837452888488770
15.9999999999999094,120.5999999999995680,2.0050494670867920
15.9999999999999094,120.6999999999995623,1.6009360551834106
15.9999999999999094,120.7999999999995566,1.6966798305511475
15.9999999999999094,120.8999999999995509,2.5830068588256836
15.9999999999999094,120.9999999999995453,3.2022747993469238
15.9999999999999094,121.0999999999995396,3.5978713035583496
15.9999999999999094,121.1999999999995339,3.9586794376373291
15.9999999999999094,121.2999999999995282,3.7743470668792725
15.9999999999999094,121.3999999999995225,3.4386086463928223
15.9999999999999094,121.4999999999995168,3.2047519683837891
15.9999999999999094,121.5999999999995111,3.6133422851562500
15.8999999999999098,119.9999999999996021,3.1350996494293213
15.8999999999999098,120.0999999999995964,2.5100131034851074
15.8999999999999098,120.1999999999995907,2.2846515178680420
15.8999999999999098,120.2999999999995850,2.3541922569274902
15.8999999999999098,120.3999999999995794,2.1928505897521973
15.8999999999999098,120.4999999999995737,1.5984698534011841
15.8999999999999098,120.5999999999995680,1.5149078369140625
15.8999999999999098,120.6999999999995623,1.5198364257812500
15.8999999999999098,120.7999999999995566,1.6866810321807861
15.8999999999999098,120.8999999999995509,2.4343974590301514
15.8999999999999098,120.9999999999995453,3.0049304962158203
15.8999999999999098,121.0999999999995396,3.5060296058654785
15.8999999999999098,121.1999999999995339,4.0836238861083984
15.8999999999999098,121.2999999999995282,3.6238539218902588
15.8999999999999098,121.3999999999995225,3.3477635383605957
15.8999999999999098,121.4999999999995168,3.2465307712554932
15.8999999999999098,121.5999999999995111,3.5616776943206787
15.7999999999999101,119.9999999999996021,2.9968094825744629
15.7999999999999101,120.0999999999995964,2.2009027004241943
15.7999999999999101,120.1999999999995907,1.8096079826354980
15.7999999999999101,120.2999999999995850,1.9491235017776489
15.7999999999999101,120.3999999999995794,1.9174127578735352
15.7999999999999101,120.4999999999995737,1.3204201459884644
15.7999999999999101,120.5999999999995680,1.2091703414916992
15.7999999999999101,120.6999999999995623,1.3772362470626831
15.7999999999999101,120.7999999999995566,1.7676773071289062
15.7999999999999101,120.8999999999995509,2.5266304016113281
15.7999999999999101,120.9999999999995453,2.9747345447540283
15.7999999999999101,121.0999999999995396,3.2380843162536621
15.7999999999999101,121.1999999999995339,3.5078148841857910
15.7999999999999101,121.2999999999995282,3.4279408454895020
15.7999999999999101,121.3999999999995225,3.1885442733764648
15.7999999999999101,121.4999999999995168,3.0339787006378174
15.6999999999999105,119.9999999999996021,2.8995468616485596
15.6999999999999105,120.0999999999995964,1.8407932519912720
15.6999999999999105,120.1999999999995907,1.4430061578750610
15.6999999999999105,120.2999999999995850,1.4951469898223877
15.6999999999999105,120.3999999999995794,1.5015288591384888
15.6999999999999105,120.4999999999995737,1.1307550668716431
15.6999999999999105,120.5999999999995680,1.1921806335449219
15.6999999999999105,120.6999999999995623,1.4653367996215820
15.6999999999999105,120.7999999999995566,2.0069587230682373
15.6999999999999105,120.8999999999995509,2.6613810062408447
15.6999999999999105,120.9999999999995453,2.9834625720977783
15.6999999999999105,121.0999999999995396,3.0897216796875000
15.6999999999999105,121.1999999999995339,3.3203787803649902
15.6999999999999105,121.2999999999995282,3.2046105861663818
15.6999999999999105,121.3999999999995225,3.0144240856170654
15.6999999999999105,121.4999999999995168,3.1838884353637695
15.5999999999999108,119.9999999999996021,2.8389976024627686
15.5999999999999108,120.0999999999995964,1.6042915582656860
15.5999999999999108,120.1999999999995907,1.1445093154907227
15.5999999999999108,120.2999999999995850,1.3177535533905029
15.5999999999999108,120.3999999999995794,1.6018961668014526
15.5999999999999108,120.4999999999995737,1.3874939680099487
15.5999999999999108,120.5999999999995680,1.4214795827865601
15.5999999999999108,120.6999999999995623,1.7491307258605957
15.5999999999999108,120.7999999999995566,2.2608625888824463
15.5999999999999108,120.8999999999995509,2.8267590999603271
15.5999999999999108,120.9999999999995453,2.9932794570922852
15.5999999999999108,121.0999999999995396,2.9458463191986084
15.5999999999999108,121.1999999999995339,3.0600082874298096
15.5999999999999108,121.2999999999995282,3.0089030265808105
15.5999999999999108,121.3999999999995225,2.8896772861480713
15.5999999999999108,121.4999999999995168,3.0380089282989502
15.4999999999999112,119.9999999999996021,2.7477548122406006
15.4999999999999112,120.0999999999995964,1.4446256160736084
15.4999999999999112,120.1999999999995907,1.0373303890228271
15.4999999999999112,120.2999999999995850,1.3763073682785034
15.4999999999999112,120.3999999999995794,1.7443482875823975
15.4999999999999112,120.4999999999995737,1.6921873092651367
15.4999999999999112,120.5999999999995680,1.7810127735137939
15.4999999999999112,120.6999999999995623,2.0016736984252930
15.4999999999999112,120.7999999999995566,2.3586738109588623
15.4999999999999112,120.8999999999995509,2.7852580547332764
15.4999999999999112,120.9999999999995453,2.9182870388031006
15.4999999999999112,121.0999999999995396,2.8230020999908447
15.4999999999999112,121.1999999999995339,2.9088592529296875
15.4999999999999112,121.2999999999995282,2.8941807746887207
15.4999999999999112,121.3999999999995225,2.9553818702697754
15.4999999999999112,121.4999999999995168,3.0444297790527344
15.3999999999999115,119.8999999999996078,3.9036443233489990
15.3999999999999115,119.9999999999996021,2.6434099674224854
15.3999999999999115,120.0999999999995964,1.3236621618270874
15.3999999999999115,120.1999999999995907,1.1614398956298828
15.3999999999999115,120.2999999999995850,1.5531500577926636
15.3999999999999115,120.3999999999995794,1.9052373170852661
15.3999999999999115,120.4999999999995737,2.0075194835662842
15.3999999999999115,120.5999999999995680,2.1829800605773926
15.3999999999999115,120.6999999999995623,2.3599526882171631
15.3999999999999115,120.7999999999995566,2.5356962680816650
15.3999999999999115,120.8999999999995509,2.7901797294616699
15.3999999999999115,120.9999999999995453,2.8280372619628906
15.3999999999999115,121.0999999999995396,2.7375407218933105
15.3999999999999115,121.1999999999995339,2.7864489555358887
15.3999999999999115,121.2999999999995282,2.9629685878753662
15.2999999999999119,119.9999999999996021,2.3512015342712402
15.2999999999999119,120.0999999999995964,1.4281487464904785
15.2999999999999119,120.1999999999995907,1.2440632581710815
15.2999999999999119,120.2999999999995850,1.6790857315063477
15.2999999999999119,120.3999999999995794,2.0765891075134277
15.2999999999999119,120.4999999999995737,2.2942111492156982
15.2999999999999119,120.5999999999995680,2.5434100627899170
15.2999999999999119,120.6999999999995623,2.7176535129547119
15.2999999999999119,120.7999999999995566,2.7769863605499268
15.2999999999999119,120.8999999999995509,2.8147158622741699
15.2999999999999119,120.9999999999995453,2.7716312408447266
15.2999999999999119,121.0999999999995396,2.7016706466674805
15.2999999999999119,121.1999999999995339,2.8144235610961914
15.2999999999999119,121.2999999999995282,3.1135101318359375
15.2999999999999119,121.3999999999995225,3.4204301834106445
15.1999999999999122,120.0999999999995964,1.6011018753051758
15.1999999999999122,120.1999999999995907,1.2971043586730957
15.1999999999999122,120.2999999999995850,1.6358879804611206
15.1999999999999122,120.3999999999995794,2.0946121215820312
15.1999999999999122,120.4999999999995737,2.4255475997924805
15.1999999999999122,120.5999999999995680,2.7597239017486572
15.1999999999999122,120.6999999999995623,2.9681978225708008
15.1999999999999122,120.7999999999995566,3.0177783966064453
15.1999999999999122,120.8999999999995509,3.0667607784271240
15.1999999999999122,120.9999999999995453,2.9397859573364258
15.1999999999999122,121.0999999999995396,2.7514741420745850
15.1999999999999122,121.1999999999995339,2.9996042251586914
15.1999999999999122,121.2999999999995282,3.1328420639038086
15.0999999999999126,120.0999999999995964,1.9917806386947632
15.0999999999999126,120.1999999999995907,1.4451742172241211
15.0999999999999126,120.2999999999995850,1.6917788982391357
15.0999999999999126,120.3999999999995794,2.1563441753387451
15.0999999999999126,120.4999999999995737,2.5530140399932861
15.0999999999999126,120.5999999999995680,2.9652473926544189
15.0999999999999126,120.6999999999995623,3.2098121643066406
15.0999999999999126,120.7999999999995566,3.2639327049255371
15.0999999999999126,120.8999999999995509,3.3056125640869141
15.0999999999999126,120.9999999999995453,3.2335791587829590
15.0999999999999126,121.0999999999995396,3.1139516830444336
15.0999999999999126,121.1999999999995339,3.3956580162048340
15.0999999999999126,121.2999999999995282,3.4602813720703125
15.0999999999999126,121.3999999999995225,3.4032640457153320
14.9999999999999130,120.0999999999995964,2.4666028022766113
14.9999999999999130,120.1999999999995907,1.6781406402587891
14.9999999999999130,120.2999999999995850,1.8626043796539307
14.9999999999999130,120.3999999999995794,2.3158023357391357
14.9999999999999130,120.4999999999995737,2.6667327880859375
14.9999999999999130,120.5999999999995680,3.0943529605865479
14.9999999999999130,120.6999999999995623,3.4176907539367676
14.9999999999999130,120.7999999999995566,3.4485104084014893
14.9999999999999130,120.8999999999995509,3.4771690368652344
14.9999999999999130,120.9999999999995453,3.4314372539520264
14.9999999999999130,121.0999999999995396,3.4028806686401367
14.9999999999999130,121.1999999999995339,3.5812828540802002
14.9999999999999130,121.2999999999995282,3.7000060081481934
14.9999999999999130,121.3999999999995225,3.6247422695159912
14.9999999999999130,121.4999999999995168,3.7818021774291992
14.9999999999999130,121.8999999999994941,12.2421007156372070
14.9999999999999130,121.9999999999994884,12.9698867797851562
14.8999999999999133,120.0999999999995964,3.1186830997467041
14.8999999999999133,120.1999999999995907,2.1407086849212646
14.8999999999999133,120.2999999999995850,2.0529239177703857
14.8999999999999133,120.3999999999995794,2.5035970211029053
14.8999999999999133,120.4999999999995737,2.8686764240264893
14.8999999999999133,120.7999999999995566,3.5195586681365967
14.8999999999999133,120.8999999999995509,3.4940352439880371
14.8999999999999133,120.9999999999995453,3.4924933910369873
14.8999999999999133,121.0999999999995396,3.5581958293914795
14.8999999999999133,121.1999999999995339,3.6842260360717773
14.8999999999999133,121.2999999999995282,3.8002793788909912
14.8999999999999133,121.3999999999995225,3.8410294055938721
14.8999999999999133,121.4999999999995168,4.1612868309020996
14.8999999999999133,121.8999999999994941,12.4854602813720703
14.8999999999999133,121.9999999999994884,12.9164400100708008
14.7999999999999137,120.1999999999995907,3.0117104053497314
14.7999999999999137,120.2999999999995850,2.3653733730316162
14.7999999999999137,120.3999999999995794,2.6690101623535156
14.7999999999999137,120.4999999999995737,3.0942800045013428
14.7999999999999137,120.8999999999995509,3.5159528255462646
14.7999999999999137,120.9999999999995453,3.5549561977386475
14.7999999999999137,121.0999999999995396,3.7117159366607666
14.7999999999999137,121.1999999999995339,3.9277689456939697
14.7999999999999137,121.2999999999995282,3.9929509162902832
14.7999999999999137,121.3999999999995225,4.2481141090393066
14.7999999999999137,121.4999999999995168,4.7168765068054199
14.7999999999999137,121.5999999999995111,6.4295096397399902
14.7999999999999137,121.8999999999994941,12.7520647048950195
14.7999999999999137,121.9999999999994884,13.2759656906127930
14.7999999999999137,122.1999999999994770,13.7674674987792969
14.6999999999999140,120.2999999999995850,2.4997568130493164
14.6999999999999140,120.3999999999995794,3.0150485038757324
14.6999999999999140,120.4999999999995737,3.4123196601867676
14.6999999999999140,120.9999999999995453,3.5369513034820557
14.6999999999999140,121.0999999999995396,3.7491216659545898
14.6999999999999140,121.1999999999995339,4.0422024726867676
14.6999999999999140,121.2999999999995282,4.1108970642089844
14.6999999999999140,121.3999999999995225,4.4127683639526367
14.6999999999999140,121.4999999999995168,5.0858521461486816
14.6999999999999140,121.5999999999995111,6.7090091705322266
14.6999999999999140,121.9999999999994884,13.2285203933715820
14.6999999999999140,122.3999999999994657,13.3966302871704102
14.5999999999999144,120.3999999999995794,4.0588698387145996
14.5999999999999144,120.4999999999995737,4.2363710403442383
14.5999999999999144,120.5999999999995680,4.5294976234436035
14.5999999999999144,120.9999999999995453,3.4800918102264404
14.5999999999999144,121.0999999999995396,3.6978759765625000
14.5999999999999144,121.1999999999995339,3.9653151035308838
14.5999999999999144,121.2999999999995282,4.1460566520690918
14.5999999999999144,121.3999999999995225,4.3357696533203125
14.5999999999999144,121.4999999999995168,4.8817162513732910
14.5999999999999144,121.5999999999995111,6.7157340049743652
14.4999999999999147,120.4999999999995737,5.1061134338378906
14.4999999999999147,120.5999999999995680,5.0206050872802734
14.4999999999999147,121.0999999999995396,3.5642716884613037
14.4999999999999147,121.1999999999995339,4.1245069503784180
14.4999999999999147,121.2999999999995282,4.2488965988159180
14.4999999999999147,121.3999999999995225,4.4283146858215332
14.4999999999999147,121.4999999999995168,4.9730176925659180
14.4999999999999147,121.5999999999995111,6.5159611701965332
14.3999999999999151,120.7999999999995566,3.8578612804412842
14.3999999999999151,120.8999999999995509,3.4998261928558350
14.3999999999999151,120.9999999999995453,3.5296909809112549
14.3999999999999151,121.2999999999995282,4.3013443946838379
14.3999999999999151,121.4999999999995168,4.7177972793579102
14.3999999999999151,121.5999999999995111,7.0781784057617188
14.3999999999999151,121.6999999999995055,8.8883810043334961
14.2999999999999154,120.6999999999995623,4.1869029998779297
14.2999999999999154,120.7999999999995566,3.9701662063598633
14.2999999999999154,120.8999999999995509,3.7278518676757812
14.2999999999999154,120.9999999999995453,3.7312498092651367
14.2999999999999154,121.0999999999995396,3.9280803203582764
14.2999999999999154,121.4999999999995168,4.9036502838134766
14.2999999999999154,121.5999999999995111,7.1530995368957520
14.2999999999999154,121.6999999999995055,10.2880535125732422
14.2999999999999154,122.4999999999994600,8.1478443145751953
14.2999999999999154,122.6999999999994486,7.5497169494628906
14.1999999999999158,120.5999999999995680,4.2550411224365234
14.1999999999999158,120.6999999999995623,4.0013065338134766
14.1999999999999158,120.7999999999995566,3.9280796051025391
14.1999999999999158,120.8999999999995509,3.8542509078979492
14.1999999999999158,120.9999999999995453,3.8987274169921875
14.1999999999999158,121.0999999999995396,4.0235266685485840
14.1999999999999158,121.3999999999995225,4.3621568679809570
14.1999999999999158,121.4999999999995168,4.7140002250671387
14.1999999999999158,121.5999999999995111,7.2479529380798340
14.1999999999999158,121.6999999999995055,10.4895391464233398
14.1999999999999158,121.9999999999994884,12.4638462066650391
14.1999999999999158,122.3999999999994657,6.8771939277648926
14.1999999999999158,122.4999999999994600,6.3068385124206543
14.1999999999999158,122.5999999999994543,5.7743668556213379
14.1999999999999158,122.6999999999994486,5.5604925155639648
14.1999999999999158,122.7999999999994429,5.5962028503417969
14.1999999999999158,122.8999999999994373,5.7634978294372559
14.0999999999999162,120.5999999999995680,3.7527301311492920
14.0999999999999162,120.6999999999995623,3.6951727867126465
14.0999999999999162,120.7999999999995566,3.7312798500061035
14.0999999999999162,120.8999999999995509,3.7948448657989502
14.0999999999999162,120.9999999999995453,3.8810088634490967
14.0999999999999162,121.0999999999995396,3.9846746921539307
14.0999999999999162,121.1999999999995339,4.0957651138305664
14.0999999999999162,121.2999999999995282,4.3353691101074219
14.0999999999999162,121.3999999999995225,4.6128644943237305
14.0999999999999162,121.4999999999995168,5.3136463165283203
14.0999999999999162,121.5999999999995111,7.4871029853820801
14.0999999999999162,121.6999999999995055,10.4371004104614258
14.0999999999999162,121.7999999999994998,13.3118124008178711
14.0999999999999162,122.0999999999994827,10.0228290557861328
14.0999999999999162,122.2999999999994714,7.4103302955627441
14.0999999999999162,122.3999999999994657,6.3713569641113281
14.0999999999999162,122.4999999999994600,5.8231530189514160
14.0999999999999162,122.5999999999994543,5.4245572090148926
14.0999999999999162,122.6999999999994486,5.2952165603637695
14.0999999999999162,122.7999999999994429,5.2843003273010254
14.0999999999999162,122.8999999999994373,5.4781098365783691
14.0999999999999162,122.9999999999994316,6.1807179450988770
13.9999999999999165,120.6999999999995623,3.5066509246826172
13.9999999999999165,120.7999999999995566,3.7067406177520752
13.9999999999999165,120.8999999999995509,3.8931860923767090
13.9999999999999165,120.9999999999995453,3.9170534610748291
13.9999999999999165,121.0999999999995396,3.9044308662414551
13.9999999999999165,121.1999999999995339,4.0452275276184082
13.9999999999999165,121.2999999999995282,4.4568872451782227
13.9999999999999165,121.3999999999995225,4.9559516906738281
13.9999999999999165,121.4999999999995168,5.6674208641052246
13.9999999999999165,121.5999999999995111,7.8089089393615723
13.9999999999999165,121.6999999999995055,10.3904113769531250
13.9999999999999165,121.7999999999994998,12.6038808822631836
13.9999999999999165,121.8999999999994941,11.6369228363037109
13.9999999999999165,122.3999999999994657,5.9460134506225586
13.9999999999999165,122.4999999999994600,5.8443818092346191
13.9999999999999165,122.5999999999994543,5.7615704536437988
13.9999999999999165,122.6999999999994486,5.6415429115295410
13.9999999999999165,122.7999999999994429,5.5169558525085449
13.9999999999999165,122.8999999999994373,5.5407285690307617
13.9999999999999165,122.9999999999994316,6.7808394432067871
13.9999999999999165,123.2999999999994145,9.3051528930664062
13.9999999999999165,124.1999999999993634,8.8481149673461914
13.9999999999999165,124.2999999999993577,7.4164667129516602
13.8999999999999169,120.5999999999995680,4.2054982185363770
13.8999999999999169,120.9999999999995453,4.0652360916137695
13.8999999999999169,121.0999999999995396,3.9282345771789551
13.8999999999999169,121.1999999999995339,3.9905955791473389
13.8999999999999169,121.2999999999995282,4.5564861297607422
13.8999999999999169,121.3999999999995225,5.3489313125610352
13.8999999999999169,121.4999999999995168,6.3568515777587891
13.8999999999999169,121.9999999999994884,9.8566036224365234
13.8999999999999169,122.0999999999994827,8.5306529998779297
13.8999999999999169,122.1999999999994770,7.3427929878234863
13.8999999999999169,122.2999999999994714,6.2503590583801270
13.8999999999999169,122.3999999999994657,5.7613325119018555
13.8999999999999169,122.6999999999994486,5.9951705932617188
13.8999999999999169,122.7999999999994429,5.7567420005798340
13.8999999999999169,122.8999999999994373,5.6733431816101074
13.8999999999999169,122.9999999999994316,6.4745259284973145
13.8999999999999169,123.3999999999994088,7.1324043273925781
13.8999999999999169,123.4999999999994031,6.9884033203125000
13.8999999999999169,123.5999999999993975,8.5041828155517578
13.8999999999999169,123.6999999999993918,9.9744844436645508
13.8999999999999169,124.1999999999993634,7.8198637962341309
13.8999999999999169,124.2999999999993577,6.3216147422790527
13.7999999999999172,120.0999999999995964,7.5084753036499023
13.7999999999999172,120.1999999999995907,7.3034591674804688
13.7999999999999172,120.8999999999995509,4.1403441429138184
13.7999999999999172,120.9999999999995453,3.9821262359619141
13.7999999999999172,121.0999999999995396,3.7929010391235352
13.7999999999999172,121.1999999999995339,3.9546973705291748
13.7999999999999172,121.2999999999995282,4.7391433715820312
13.7999999999999172,121.3999999999995225,5.9737081527709961
13.7999999999999172,121.9999999999994884,9.4581270217895508
13.7999999999999172,122.0999999999994827,8.4531583786010742
13.7999999999999172,122.1999999999994770,7.5571379661560059
13.7999999999999172,122.2999999999994714,6.6397876739501953
13.7999999999999172,122.3999999999994657,6.1249961853027344
13.7999999999999172,122.7999999999994429,5.9309387207031250
13.7999999999999172,122.8999999999994373,5.7008485794067383
13.7999999999999172,122.9999999999994316,6.3276486396789551
13.7999999999999172,123.2999999999994145,6.0934729576110840
13.7999999999999172,123.3999999999994088,5.5404944419860840
13.7999999999999172,123.4999999999994031,5.4892177581787109
13.7999999999999172,123.5999999999993975,7.3002309799194336
13.7999999999999172,123.6999999999993918,9.2442235946655273
13.7999999999999172,123.7999999999993861,10.2388172149658203
13.7999999999999172,124.1999999999993634,7.3562278747558594
13.7999999999999172,124.2999999999993577,5.7759771347045898
13.6999999999999176,121.0999999999995396,3.8154411315917969
13.6999999999999176,121.1999999999995339,3.8173329830169678
13.6999999999999176,121.2999999999995282,4.8844552040100098
13.6999999999999176,121.3999999999995225,6.3771018981933594
13.6999999999999176,122.1999999999994770,7.6731324195861816
13.6999999999999176,122.2999999999994714,7.0905055999755859
13.6999999999999176,122.3999999999994657,6.7737488746643066
13.6999999999999176,122.8999999999994373,5.7702312469482422
13.6999999999999176,122.9999999999994316,6.1394019126892090
13.6999999999999176,123.0999999999994259,6.6631221771240234
13.6999999999999176,123.1999999999994202,7.0179023742675781
13.6999999999999176,123.2999999999994145,5.8101639747619629
13.6999999999999176,123.3999999999994088,4.5314440727233887
13.6999999999999176,123.4999999999994031,4.3103046417236328
13.6999999999999176,124.0999999999993690,8.6766786575317383
13.6999999999999176,124.1999999999993634,6.9460201263427734
13.6999999999999176,124.2999999999993577,5.5029277801513672
13.5999999999999179,122.2999999999994714,7.4436464309692383
13.5999999999999179,122.3999999999994657,7.2565851211547852
13.5999999999999179,122.4999999999994600,7.3431143760681152
13.5999999999999179,122.8999999999994373,5.8899159431457520
13.5999999999999179,122.9999999999994316,6.2577824592590332
13.5999999999999179,123.0999999999994259,6.6695694923400879
13.5999999999999179,123.1999999999994202,6.6162791252136230
13.5999999999999179,123.2999999999994145,5.4543213844299316
13.5999999999999179,123.3999999999994088,4.0532417297363281
13.5999999999999179,123.4999999999994031,3.5555608272552490
13.5999999999999179,124.1999999999993634,7.1950478553771973
13.5999999999999179,124.2999999999993577,5.7472548484802246
13.4999999999999183,120.6999999999995623,4.3296494483947754
13.4999999999999183,120.7999999999995566,3.8964533805847168
13.4999999999999183,121.8999999999994941,10.4058923721313477
13.4999999999999183,121.9999999999994884,8.8896198272705078
13.4999999999999183,122.4999999999994600,7.4235110282897949
13.4999999999999183,122.5999999999994543,7.7128200531005859
13.4999999999999183,123.1999999999994202,7.5007200241088867
13.4999999999999183,123.2999999999994145,5.7310037612915039
13.4999999999999183,123.3999999999994088,3.9252469539642334
13.4999999999999183,123.4999999999994031,3.1958563327789307
13.4999999999999183,123.5999999999993975,3.9716794490814209
13.3999999999999186,120.4999999999995737,6.2138075828552246
13.3999999999999186,120.5999999999995680,5.0052561759948730
13.3999999999999186,120.6999999999995623,3.9547071456909180
13.3999999999999186,120.7999999999995566,3.4221048355102539
13.3999999999999186,120.8999999999995509,3.0007996559143066
13.3999999999999186,120.9999999999995453,2.8040328025817871
13.3999999999999186,121.0999999999995396,2.6913828849792480
13.3999999999999186,121.1999999999995339,2.7248914241790771
13.3999999999999186,121.7999999999994998,10.9472332000732422
13.3999999999999186,121.8999999999994941,10.0380277633666992
13.3999999999999186,121.9999999999994884,8.5456409454345703
13.3999999999999186,122.0999999999994827,7.5946254730224609
13.3999999999999186,122.4999999999994600,7.5237298011779785
13.3999999999999186,122.5999999999994543,7.7475800514221191
13.3999999999999186,123.1999999999994202,7.8281512260437012
13.3999999999999186,123.2999999999994145,6.2892394065856934
13.3999999999999186,123.3999999999994088,4.0987434387207031
13.3999999999999186,123.4999999999994031,2.8017156124114990
13.3999999999999186,123.5999999999993975,3.4925396442413330
13.2999999999999190,120.5999999999995680,4.3895139694213867
13.2999999999999190,120.6999999999995623,3.2144923210144043
13.2999999999999190,120.7999999999995566,2.6870424747467041
13.2999999999999190,120.8999999999995509,2.5751280784606934
13.2999999999999190,120.9999999999995453,2.5251727104187012
13.2999999999999190,121.0999999999995396,2.5003142356872559
13.2999999999999190,121.1999999999995339,2.6833643913269043
13.2999999999999190,121.2999999999995282,4.1646022796630859
13.2999999999999190,121.8999999999994941,9.8436985015869141
13.2999999999999190,121.9999999999994884,8.5520591735839844
13.2999999999999190,122.5999999999994543,7.8806300163269043
13.2999999999999190,123.2999999999994145,6.8827452659606934
13.2999999999999190,123.4999999999994031,3.1060104370117188
13.2999999999999190,123.5999999999993975,3.2889096736907959
13.2999999999999190,123.6999999999993918,3.8070034980773926
13.2999999999999190,123.8999999999993804,6.5215806961059570
13.1999999999999194,120.6999999999995623,2.4739992618560791
13.1999999999999194,120.7999999999995566,2.1419529914855957
13.1999999999999194,120.8999999999995509,2.5341446399688721
13.1999999999999194,120.9999999999995453,2.5738253593444824
13.1999999999999194,121.0999999999995396,2.5116400718688965
13.1999999999999194,121.1999999999995339,2.6520619392395020
13.1999999999999194,121.3999999999995225,5.5678257942199707
13.1999999999999194,123.2999999999994145,6.9870805740356445
13.1999999999999194,123.3999999999994088,4.8796048164367676
13.1999999999999194,123.4999999999994031,3.3610241413116455
13.1999999999999194,123.5999999999993975,3.6046943664550781
13.1999999999999194,123.6999999999993918,3.8494946956634521
13.0999999999999197,120.6999999999995623,2.0455312728881836
13.0999999999999197,120.7999999999995566,1.8861011266708374
13.0999999999999197,120.8999999999995509,2.4886662960052490
13.0999999999999197,120.9999999999995453,2.6649410724639893
13.0999999999999197,121.0999999999995396,2.5182297229766846
13.0999999999999197,121.1999999999995339,2.6041767597198486
13.0999999999999197,121.2999999999995282,3.3188900947570801
13.0999999999999197,121.3999999999995225,4.5772647857666016
13.0999999999999197,121.4999999999995168,5.6941514015197754
13.0999999999999197,122.9999999999994316,10.2737655639648438
13.0999999999999197,123.3999999999994088,5.2772326469421387
13.0999999999999197,123.4999999999994031,3.9373044967651367
13.0999999999999197,123.5999999999993975,3.9321484565734863
13.0999999999999197,123.6999999999993918,4.1811699867248535
13.0999999999999197,123.7999999999993861,5.0933227539062500
13.0999999999999197,123.8999999999993804,6.7797560691833496
12.9999999999999201,120.7999999999995566,1.7984715700149536
12.9999999999999201,120.8999999999995509,2.3350493907928467
12.9999999999999201,120.9999999999995453,2.4437723159790039
12.9999999999999201,121.0999999999995396,2.4734158515930176
12.9999999999999201,121.1999999999995339,2.6592175960540771
12.9999999999999201,121.2999999999995282,3.3565073013305664
12.9999999999999201,121.3999999999995225,4.5135922431945801
12.9999999999999201,122.9999999999994316,10.4504022598266602
12.9999999999999201,123.0999999999994259,10.0895061492919922
12.9999999999999201,123.4999999999994031,4.2340474128723145
12.9999999999999201,123.5999999999993975,4.3635010719299316
12.9999999999999201,123.6999999999993918,4.4365692138671875
12.9999999999999201,123.7999999999993861,5.0725231170654297
12.9999999999999201,123.8999999999993804,6.2376689910888672
12.9999999999999201,123.9999999999993747,7.4927053451538086
12.9999999999999201,124.0999999999993690,8.4775590896606445
12.8999999999999204,120.7999999999995566,2.0454902648925781
12.8999999999999204,120.8999999999995509,2.0211997032165527
12.8999999999999204,120.9999999999995453,2.1822988986968994
12.8999999999999204,121.0999999999995396,2.4451169967651367
12.8999999999999204,121.1999999999995339,2.8459703922271729
12.8999999999999204,121.2999999999995282,3.6627738475799561
12.8999999999999204,121.3999999999995225,4.8443489074707031
12.8999999999999204,121.4999999999995168,5.7661733627319336
12.8999999999999204,123.1999999999994202,9.5850286483764648
12.8999999999999204,123.7999999999993861,4.7916107177734375
12.8999999999999204,124.0999999999993690,7.2053661346435547
12.7999999999999208,120.7999999999995566,2.6997358798980713
12.7999999999999208,120.8999999999995509,1.9304652214050293
12.7999999999999208,120.9999999999995453,1.9444166421890259
12.7999999999999208,121.0999999999995396,2.3390779495239258
12.7999999999999208,121.1999999999995339,3.0046818256378174
12.7999999999999208,121.2999999999995282,3.9997327327728271
12.7999999999999208,121.3999999999995225,5.2428636550903320
12.7999999999999208,123.8999999999993804,5.0390400886535645
12.7999999999999208,123.9999999999993747,5.3151006698608398
12.7999999999999208,124.0999999999993690,6.2824783325195312
12.6999999999999211,120.8999999999995509,2.4111166000366211
12.6999999999999211,120.9999999999995453,1.6592977046966553
12.6999999999999211,121.0999999999995396,1.9148011207580566
12.6999999999999211,121.1999999999995339,2.9279010295867920
12.6999999999999211,121.2999999999995282,4.3653326034545898
12.6999999999999211,121.3999999999995225,5.9636626243591309
12.6999999999999211,121.4999999999995168,7.2707114219665527
12.6999999999999211,123.8999999999993804,5.5941295623779297
12.6999999999999211,123.9999999999993747,5.7672014236450195
12.6999999999999211,124.0999999999993690,6.3534812927246094
12.5999999999999215,120.9999999999995453,2.6232998371124268
12.5999999999999215,121.0999999999995396,1.8237303495407104
12.5999999999999215,121.1999999999995339,2.8825566768646240
12.5999999999999215,121.2999999999995282,4.8946733474731445
12.5999999999999215,121.3999999999995225,7.0567679405212402
12.5999999999999215,121.4999999999995168,8.7762136459350586
12.5999999999999215,122.0999999999994827,7.7267403602600098
12.5999999999999215,123.9999999999993747,6.4743061065673828
12.4999999999999218,120.9999999999995453,3.5974166393280029
12.4999999999999218,121.0999999999995396,2.0287833213806152
12.4999999999999218,121.1999999999995339,2.9892938137054443
12.4999999999999218,121.2999999999995282,5.4018535614013672
12.4999999999999218,121.3999999999995225,7.7600612640380859
12.4999999999999218,121.9999999999994884,7.3319025039672852
12.4999999999999218,122.4999999999994600,9.9274253845214844
12.4999999999999218,122.5999999999994543,10.1320514678955078
12.4999999999999218,123.2999999999994145,8.0588703155517578
12.4999999999999218,123.3999999999994088,7.0143942832946777
12.4999999999999218,123.4999999999994031,6.5640354156494141
12.4999999999999218,123.6999999999993918,6.6069827079772949
12.4999999999999218,124.2999999999993577,8.4824714660644531
12.4999999999999218,124.3999999999993520,7.8149189949035645
12.4999999999999218,124.4999999999993463,6.8259544372558594
12.4999999999999218,124.5999999999993406,5.9677882194519043
12.4999999999999218,124.6999999999993349,5.3909072875976562
12.4999999999999218,124.7999999999993292,5.0027866363525391
12.4999999999999218,124.8999999999993236,5.0776772499084473
12.4999999999999218,124.9999999999993179,5.3253903388977051
12.4999999999999218,125.0999999999993122,5.9886298179626465
12.4999999999999218,125.1999999999993065,7.0087332725524902
12.3999999999999222,120.9999999999995453,3.0123114585876465
12.3999999999999222,121.0999999999995396,2.8138606548309326
12.3999999999999222,121.1999999999995339,3.9330859184265137
12.3999999999999222,121.2999999999995282,5.8886098861694336
12.3999999999999222,121.9999999999994884,8.0639133453369141
12.3999999999999222,122.0999999999994827,7.4357419013977051
12.3999999999999222,122.4999999999994600,9.9950017929077148
12.3999999999999222,122.5999999999994543,10.0111417770385742
12.3999999999999222,123.2999999999994145,7.9677419662475586
12.3999999999999222,123.3999999999994088,6.8334326744079590
12.3999999999999222,123.4999999999994031,5.9999842643737793
12.3999999999999222,124.3999999999993520,7.5346159934997559
12.3999999999999222,124.4999999999993463,6.4442400932312012
12.3999999999999222,124.5999999999993406,5.3994793891906738
12.3999999999999222,124.6999999999993349,4.8268489837646484
12.3999999999999222,124.7999999999993292,4.5971570014953613
12.3999999999999222,124.8999999999993236,4.5686717033386230
12.3999999999999222,124.9999999999993179,4.6613674163818359
12.3999999999999222,125.0999999999993122,5.1980681419372559
12.3999999999999222,125.1999999999993065,6.4803805351257324
12.2999999999999226,119.8999999999996078,5.9931321144104004
12.2999999999999226,121.1999999999995339,4.9902844429016113
12.2999999999999226,121.9999999999994884,8.4376249313354492
12.2999999999999226,123.2999999999994145,7.6557888984680176
12.2999999999999226,123.3999999999994088,6.4683265686035156
12.2999999999999226,123.4999999999994031,5.5475602149963379
12.2999999999999226,123.5999999999993975,5.2336521148681641
12.2999999999999226,123.6999999999993918,5.0991225242614746
12.2999999999999226,124.3999999999993520,7.4633498191833496
12.2999999999999226,124.4999999999993463,6.1960325241088867
12.2999999999999226,124.5999999999993406,5.0177974700927734
12.2999999999999226,124.6999999999993349,4.3957896232604980
12.2999999999999226,124.7999999999993292,4.3082141876220703
12.2999999999999226,124.8999999999993236,4.2421579360961914
12.2999999999999226,124.9999999999993179,4.2277255058288574
12.2999999999999226,125.0999999999993122,4.6329593658447266
12.2999999999999226,125.1999999999993065,5.8662643432617188
12.2999999999999226,125.2999999999993008,7.8375687599182129
12.1999999999999229,119.8999999999996078,5.6632642745971680
12.1999999999999229,119.9999999999996021,5.4185357093811035
12.1999999999999229,121.9999999999994884,8.7963724136352539
12.1999999999999229,123.2999999999994145,7.5316076278686523
12.1999999999999229,123.3999999999994088,6.5753450393676758
12.1999999999999229,123.5999999999993975,4.9496493339538574
12.1999999999999229,123.6999999999993918,4.7445683479309082
12.1999999999999229,123.7999999999993861,5.2246351242065430
12.1999999999999229,123.8999999999993804,5.9554762840270996
12.1999999999999229,124.3999999999993520,7.2254080772399902
12.1999999999999229,124.4999999999993463,6.2680797576904297
12.1999999999999229,124.5999999999993406,5.0272641181945801
12.1999999999999229,124.6999999999993349,4.3523979187011719
12.1999999999999229,124.7999999999993292,4.1732873916625977
12.1999999999999229,124.8999999999993236,4.0045890808105469
12.1999999999999229,124.9999999999993179,3.8421578407287598
12.1999999999999229,125.0999999999993122,4.2802209854125977
12.1999999999999229,125.1999999999993065,5.2753934860229492
12.1999999999999229,125.2999999999993008,7.1741771697998047
12.1999999999999229,125.3999999999992951,9.1954946517944336
12.1999999999999229,125.4999999999992895,10.3296098709106445
12.0999999999999233,119.9999999999996021,4.9711127281188965
12.0999999999999233,120.0999999999995964,4.8370504379272461
12.0999999999999233,120.1999999999995907,4.4943327903747559
12.0999999999999233,120.2999999999995850,4.2163820266723633
12.0999999999999233,123.2999999999994145,7.7681307792663574
12.0999999999999233,123.6999999999993918,5.3430590629577637
12.0999999999999233,123.7999999999993861,5.6388006210327148
12.0999999999999233,123.8999999999993804,6.5561246871948242
12.0999999999999233,124.4999999999993463,6.9054789543151855
12.0999999999999233,124.5999999999993406,5.9110374450683594
12.0999999999999233,124.6999999999993349,5.0028963088989258
12.0999999999999233,124.7999999999993292,4.4757709503173828
12.0999999999999233,124.8999999999993236,3.9542710781097412
12.0999999999999233,124.9999999999993179,3.7002227306365967
12.0999999999999233,125.0999999999993122,3.7999401092529297
12.0999999999999233,125.1999999999993065,4.5385446548461914
12.0999999999999233,125.2999999999993008,5.9781389236450195
12.0999999999999233,125.3999999999992951,7.4435009956359863
11.9999999999999236,123.1999999999994202,8.7607812881469727
11.9999999999999236,123.7999999999993861,6.2736248970031738
11.9999999999999236,123.8999999999993804,6.9053430557250977
11.9999999999999236,123.9999999999993747,7.6565728187561035
11.9999999999999236,124.6999999999993349,5.6521739959716797
11.9999999999999236,124.7999999999993292,4.9554567337036133
11.9999999999999236,124.8999999999993236,4.1343884468078613
11.9999999999999236,124.9999999999993179,3.7550303936004639
11.9999999999999236,125.0999999999993122,3.5184321403503418
11.9999999999999236,125.1999999999993065,3.9562969207763672
11.9999999999999236,125.2999999999993008,5.1481633186340332
11.9999999999999236,125.3999999999992951,6.3180131912231445
11.8999999999999240,121.9999999999994884,9.9764118194580078
11.8999999999999240,123.7999999999993861,6.8911299705505371
11.8999999999999240,123.8999999999993804,7.2074446678161621
11.8999999999999240,123.9999999999993747,7.6808137893676758
11.8999999999999240,124.7999999999993292,5.8847446441650391
11.8999999999999240,124.8999999999993236,4.7973532676696777
11.8999999999999240,124.9999999999993179,4.1172466278076172
11.8999999999999240,125.0999999999993122,3.5343184471130371
11.8999999999999240,125.1999999999993065,3.6154046058654785
11.8999999999999240,125.2999999999993008,4.6043939590454102
11.7999999999999243,121.8999999999994941,10.1519031524658203
11.7999999999999243,121.9999999999994884,9.4795675277709961
11.7999999999999243,122.0999999999994827,8.3767814636230469
11.7999999999999243,122.1999999999994770,7.7290420532226562
11.7999999999999243,124.2999999999993577,9.5521507263183594
11.7999999999999243,124.8999999999993236,5.7443008422851562
11.7999999999999243,124.9999999999993179,4.8054041862487793
11.7999999999999243,125.0999999999993122,3.8659756183624268
11.7999999999999243,125.1999999999993065,3.6833972930908203
11.7999999999999243,125.2999999999993008,4.4597406387329102
11.7999999999999243,125.3999999999992951,5.1356701850891113
11.6999999999999247,119.9999999999996021,4.2346720695495605
11.6999999999999247,122.0999999999994827,7.6873683929443359
11.6999999999999247,122.1999999999994770,7.1934409141540527
11.6999999999999247,122.2999999999994714,6.6872043609619141
11.6999999999999247,122.3999999999994657,6.5767846107482910
11.6999999999999247,124.9999999999993179,5.2462077140808105
11.6999999999999247,125.0999999999993122,4.2326989173889160
11.6999999999999247,125.1999999999993065,3.7600879669189453
11.6999999999999247,125.2999999999993008,4.2860960960388184
11.6999999999999247,125.3999999999992951,4.8108310699462891
11.5999999999999250,122.1999999999994770,6.2634735107421875
11.5999999999999250,122.2999999999994714,5.6438989639282227
11.5999999999999250,122.6999999999994486,6.8308324813842773
11.5999999999999250,124.4999999999993463,9.5017938613891602
11.5999999999999250,125.0999999999993122,4.2447662353515625
11.5999999999999250,125.1999999999993065,3.7321703433990479
11.5999999999999250,125.2999999999993008,4.0638279914855957
11.5999999999999250,125.3999999999992951,4.4077053070068359
11.4999999999999254,122.0999999999994827,5.7476420402526855
11.4999999999999254,122.1999999999994770,5.2516431808471680
11.4999999999999254,122.2999999999994714,4.6623153686523438
11.4999999999999254,122.3999999999994657,4.6818628311157227
11.4999999999999254,122.4999999999994600,5.2298989295959473
11.4999999999999254,122.5999999999994543,5.7704939842224121
11.4999999999999254,122.6999999999994486,6.1382374763488770
11.4999999999999254,122.7999999999994429,6.2328505516052246
11.4999999999999254,123.0999999999994259,7.4260592460632324
11.4999999999999254,124.3999999999993520,9.1583166122436523
11.4999999999999254,124.4999999999993463,8.9180202484130859
11.4999999999999254,124.8999999999993236,5.6928186416625977
11.4999999999999254,124.9999999999993179,5.1113519668579102
11.4999999999999254,125.0999999999993122,4.3162283897399902
11.4999999999999254,125.1999999999993065,3.8836143016815186
11.4999999999999254,125.2999999999993008,3.9297053813934326
11.4999999999999254,125.3999999999992951,4.0174736976623535
11.4999999999999254,125.4999999999992895,5.1791138648986816
11.3999999999999257,122.0999999999994827,4.9335556030273438
11.3999999999999257,122.1999999999994770,4.3688559532165527
11.3999999999999257,122.2999999999994714,3.8246014118194580
11.3999999999999257,122.3999999999994657,3.8311338424682617
11.3999999999999257,122.4999999999994600,4.2635860443115234
11.3999999999999257,122.5999999999994543,4.8415584564208984
11.3999999999999257,122.6999999999994486,5.1359510421752930
11.3999999999999257,122.7999999999994429,5.2311520576477051
11.3999999999999257,122.8999999999994373,5.3822011947631836
11.3999999999999257,122.9999999999994316,6.1336736679077148
11.3999999999999257,123.0999999999994259,7.2704648971557617
11.3999999999999257,124.2999999999993577,9.0808458328247070
11.3999999999999257,124.3999999999993520,8.7789859771728516
11.3999999999999257,124.4999999999993463,8.3755807876586914
11.3999999999999257,124.8999999999993236,5.5332193374633789
11.3999999999999257,124.9999999999993179,5.0599832534790039
11.3999999999999257,125.0999999999993122,4.5714597702026367
11.3999999999999257,125.1999999999993065,4.2711515426635742
11.3999999999999257,125.2999999999993008,4.1502451896667480
11.3999999999999257,125.3999999999992951,4.1595673561096191
11.3999999999999257,125.4999999999992895,5.8018341064453125
11.2999999999999261,119.4999999999996305,4.1305432319641113
11.2999999999999261,122.0999999999994827,4.5331554412841797
11.2999999999999261,122.1999999999994770,4.0089683532714844
11.2999999999999261,122.2999999999994714,3.6178834438323975
11.2999999999999261,122.3999999999994657,3.6382021903991699
11.2999999999999261,122.4999999999994600,4.0644431114196777
11.2999999999999261,122.5999999999994543,4.5232863426208496
11.2999999999999261,122.6999999999994486,4.6501698493957520
11.2999999999999261,122.7999999999994429,4.7179241180419922
11.2999999999999261,122.8999999999994373,4.8210105895996094
11.2999999999999261,122.9999999999994316,5.7183537483215332
11.2999999999999261,123.0999999999994259,6.5395045280456543
11.2999999999999261,124.3999999999993520,8.2437992095947266
11.2999999999999261,124.4999999999993463,7.6563906669616699
11.2999999999999261,124.5999999999993406,6.9769797325134277
11.2999999999999261,124.6999999999993349,6.1826143264770508
11.2999999999999261,124.7999999999993292,5.5647544860839844
11.2999999999999261,124.8999999999993236,5.0832839012145996
11.2999999999999261,125.1999999999993065,5.3520641326904297
11.2999999999999261,125.2999999999993008,5.4354519844055176
11.2999999999999261,125.3999999999992951,5.6560983657836914
11.2999999999999261,125.4999999999992895,7.0502953529357910
11.1999999999999265,119.4999999999996305,3.4768123626708984
11.1999999999999265,122.0999999999994827,4.3855953216552734
11.1999999999999265,122.1999999999994770,4.0281805992126465
11.1999999999999265,122.2999999999994714,3.6996879577636719
11.1999999999999265,122.3999999999994657,3.8094620704650879
11.1999999999999265,122.4999999999994600,4.2541036605834961
11.1999999999999265,122.5999999999994543,4.6839590072631836
11.1999999999999265,122.6999999999994486,4.8301782608032227
11.1999999999999265,122.7999999999994429,4.8311963081359863
11.1999999999999265,122.8999999999994373,4.9071331024169922
11.1999999999999265,122.9999999999994316,5.4770927429199219
11.1999999999999265,123.7999999999993861,7.6588597297668457
11.1999999999999265,123.9999999999993747,8.1563005447387695
11.1999999999999265,124.3999999999993520,7.8674559593200684
11.1999999999999265,124.4999999999993463,6.8805193901062012
11.1999999999999265,124.5999999999993406,6.0911116600036621
11.1999999999999265,124.6999999999993349,5.4333410263061523
11.1999999999999265,124.7999999999993292,4.7772841453552246
11.1999999999999265,124.8999999999993236,4.5256085395812988
11.1999999999999265,124.9999999999993179,5.2021083831787109
11.1999999999999265,125.1999999999993065,7.0167989730834961
11.1999999999999265,125.2999999999993008,7.4436564445495605
11.1999999999999265,125.3999999999992951,7.7534031867980957
11.1999999999999265,125.4999999999992895,8.7926683425903320
11.0999999999999268,119.4999999999996305,2.8896718025207520
11.0999999999999268,122.0999999999994827,4.2233004570007324
11.0999999999999268,122.1999999999994770,3.9473874568939209
11.0999999999999268,122.2999999999994714,3.7172610759735107
11.0999999999999268,122.3999999999994657,3.8912715911865234
11.0999999999999268,122.4999999999994600,4.3651108741760254
11.0999999999999268,122.5999999999994543,4.8477821350097656
11.0999999999999268,122.6999999999994486,4.9763860702514648
11.0999999999999268,122.7999999999994429,4.9396696090698242
11.0999999999999268,122.8999999999994373,4.9334850311279297
11.0999999999999268,124.3999999999993520,7.3522973060607910
11.0999999999999268,124.4999999999993463,6.3862643241882324
11.0999999999999268,124.5999999999993406,5.3698458671569824
11.0999999999999268,124.6999999999993349,4.7399520874023438
11.0999999999999268,124.7999999999993292,4.1394338607788086
11.0999999999999268,124.8999999999993236,4.1099300384521484
11.0999999999999268,124.9999999999993179,5.3681936264038086
11.0999999999999268,125.4999999999992895,9.6692476272583008
10.9999999999999272,119.3999999999996362,3.1779589653015137
10.9999999999999272,122.0999999999994827,3.8562648296356201
10.9999999999999272,122.1999999999994770,3.5272040367126465
10.9999999999999272,122.2999999999994714,3.2186782360076904
10.9999999999999272,122.3999999999994657,3.4881622791290283
10.9999999999999272,122.4999999999994600,4.1677737236022949
10.9999999999999272,122.5999999999994543,4.8353543281555176
10.9999999999999272,122.6999999999994486,5.0007805824279785
10.9999999999999272,122.7999999999994429,5.0413517951965332
10.9999999999999272,123.9999999999993747,8.5770111083984375
10.9999999999999272,124.4999999999993463,6.9276518821716309
10.9999999999999272,124.5999999999993406,5.7965211868286133
10.9999999999999272,124.6999999999993349,4.8387322425842285
10.9999999999999272,124.7999999999993292,4.1019573211669922
10.9999999999999272,124.8999999999993236,4.0023808479309082
10.9999999999999272,124.9999999999993179,5.4527153968811035
10.8999999999999275,119.3999999999996362,2.8628854751586914
10.8999999999999275,119.4999999999996305,2.0857725143432617
10.8999999999999275,121.9999999999994884,4.1757864952087402
10.8999999999999275,122.0999999999994827,3.5960505008697510
10.8999999999999275,122.1999999999994770,3.1784896850585938
10.8999999999999275,122.2999999999994714,2.8419547080993652
10.8999999999999275,122.3999999999994657,3.0759067535400391
10.8999999999999275,122.4999999999994600,3.8931844234466553
10.8999999999999275,122.5999999999994543,4.8179531097412109
10.8999999999999275,122.6999999999994486,5.1438169479370117
10.8999999999999275,123.1999999999994202,3.7469964027404785
10.8999999999999275,123.2999999999994145,4.1598072052001953
10.8999999999999275,123.3999999999994088,4.6691756248474121
10.8999999999999275,123.9999999999993747,8.8286609649658203
10.8999999999999275,124.4999999999993463,7.3744668960571289
10.8999999999999275,124.7999999999993292,4.2721018791198730
10.8999999999999275,124.8999999999993236,3.9093406200408936
10.8999999999999275,124.9999999999993179,5.2380971908569336
10.7999999999999279,119.2999999999996419,4.0272655487060547
10.7999999999999279,119.3999999999996362,3.1799995899200439
10.7999999999999279,119.4999999999996305,1.7997301816940308
10.7999999999999279,121.9999999999994884,4.2365965843200684
10.7999999999999279,122.0999999999994827,3.1472885608673096
10.7999999999999279,122.1999999999994770,2.6655180454254150
10.7999999999999279,122.2999999999994714,2.3069744110107422
10.7999999999999279,122.3999999999994657,2.6654651165008545
10.7999999999999279,122.4999999999994600,3.5707559585571289
10.7999999999999279,122.9999999999994316,4.2809467315673828
10.7999999999999279,123.0999999999994259,3.4368121623992920
10.7999999999999279,123.1999999999994202,2.8180339336395264
10.7999999999999279,123.2999999999994145,3.1533486843109131
10.7999999999999279,123.3999999999994088,3.6993727684020996
10.7999999999999279,123.4999999999994031,4.5510792732238770
10.7999999999999279,123.8999999999993804,8.2635612487792969
10.7999999999999279,123.9999999999993747,8.8269634246826172
10.7999999999999279,124.8999999999993236,3.9620511531829834
10.6999999999999282,119.3999999999996362,3.0263483524322510
10.6999999999999282,119.4999999999996305,2.4623150825500488
10.6999999999999282,119.5999999999996248,3.1616408824920654
10.6999999999999282,121.9999999999994884,3.5693171024322510
10.6999999999999282,122.0999999999994827,2.5288858413696289
10.6999999999999282,122.1999999999994770,2.1143431663513184
10.6999999999999282,122.2999999999994714,2.1300592422485352
10.6999999999999282,122.3999999999994657,2.5416421890258789
10.6999999999999282,122.4999999999994600,3.4123773574829102
10.6999999999999282,122.5999999999994543,4.3326320648193359
10.6999999999999282,122.6999999999994486,4.8630809783935547
10.6999999999999282,122.9999999999994316,4.1383686065673828
10.6999999999999282,123.0999999999994259,3.1567635536193848
10.6999999999999282,123.1999999999994202,2.5393946170806885
10.6999999999999282,123.2999999999994145,2.7341828346252441
10.6999999999999282,123.3999999999994088,3.4699988365173340
10.6999999999999282,123.4999999999994031,4.1103949546813965
10.6999999999999282,123.8999999999993804,7.7678065299987793
10.6999999999999282,124.7999999999993292,4.1748843193054199
10.6999999999999282,124.8999999999993236,3.5403220653533936
10.6999999999999282,124.9999999999993179,4.2263035774230957
10.6999999999999282,125.7999999999992724,12.6530561447143555
10.5999999999999286,119.3999999999996362,3.3718967437744141
10.5999999999999286,119.4999999999996305,2.9256696701049805
10.5999999999999286,119.5999999999996248,3.8444941043853760
10.5999999999999286,119.7999999999996135,7.6998686790466309
10.5999999999999286,119.8999999999996078,8.1046810150146484
10.5999999999999286,121.9999999999994884,3.0434086322784424
10.5999999999999286,122.4999999999994600,4.0347414016723633
10.5999999999999286,122.5999999999994543,4.4315505027770996
10.5999999999999286,122.6999999999994486,4.4915213584899902
10.5999999999999286,122.8999999999994373,4.4800500869750977
10.5999999999999286,122.9999999999994316,3.8413028717041016
10.5999999999999286,123.0999999999994259,2.8797345161437988
10.5999999999999286,123.1999999999994202,2.1912853717803955
10.5999999999999286,123.2999999999994145,2.5095007419586182
10.5999999999999286,123.3999999999994088,3.3569004535675049
10.5999999999999286,123.6999999999993918,5.1520919799804688
10.5999999999999286,123.7999999999993861,6.1028904914855957
10.5999999999999286,123.8999999999993804,7.2920393943786621
10.5999999999999286,123.9999999999993747,8.3040065765380859
10.5999999999999286,124.7999999999993292,3.9179091453552246
10.5999999999999286,124.8999999999993236,3.3095200061798096
10.5999999999999286,124.9999999999993179,3.5461301803588867
10.5999999999999286,125.0999999999993122,3.8453710079193115
10.4999999999999289,119.2999999999996419,3.9856259822845459
10.4999999999999289,119.3999999999996362,3.8638236522674561
10.4999999999999289,119.4999999999996305,3.8003287315368652
10.4999999999999289,119.5999999999996248,4.5288081169128418
10.4999999999999289,119.7999999999996135,8.0138034820556641
10.4999999999999289,119.8999999999996078,8.4309816360473633
10.4999999999999289,121.9999999999994884,2.8945393562316895
10.4999999999999289,122.4999999999994600,4.0779271125793457
10.4999999999999289,122.5999999999994543,4.5946021080017090
10.4999999999999289,122.6999999999994486,4.6274471282958984
10.4999999999999289,122.7999999999994429,4.5365123748779297
10.4999999999999289,122.8999999999994373,4.5716924667358398
10.4999999999999289,122.9999999999994316,3.5467784404754639
10.4999999999999289,123.0999999999994259,2.5702233314514160
10.4999999999999289,123.1999999999994202,1.9484262466430664
10.4999999999999289,123.2999999999994145,2.3204300403594971
10.4999999999999289,123.3999999999994088,3.0407154560089111
10.4999999999999289,123.7999999999993861,5.4206385612487793
10.4999999999999289,123.8999999999993804,6.8516645431518555
10.4999999999999289,123.9999999999993747,8.2865161895751953
10.4999999999999289,124.7999999999993292,4.7708930969238281
10.4999999999999289,124.8999999999993236,3.2478513717651367
10.4999999999999289,124.9999999999993179,3.2033538818359375
10.4999999999999289,125.0999999999993122,3.1823382377624512
10.3999999999999293,119.0999999999996533,3.7951064109802246
10.3999999999999293,119.1999999999996476,3.8235819339752197
10.3999999999999293,119.2999999999996419,4.0685548782348633
10.3999999999999293,119.3999999999996362,4.6302161216735840
10.3999999999999293,119.4999999999996305,5.2068867683410645
10.3999999999999293,122.8999999999994373,4.2162394523620605
10.3999999999999293,122.9999999999994316,3.2326471805572510
10.3999999999999293,123.0999999999994259,2.3214502334594727
10.3999999999999293,123.1999999999994202,1.7306342124938965
10.3999999999999293,123.2999999999994145,2.0310258865356445
10.3999999999999293,123.6999999999993918,3.9007620811462402
10.3999999999999293,123.7999999999993861,4.8674917221069336
10.3999999999999293,123.8999999999993804,6.2672448158264160
10.3999999999999293,123.9999999999993747,7.4764509201049805
10.3999999999999293,124.7999999999993292,5.1088185310363770
10.3999999999999293,124.8999999999993236,3.6649384498596191
10.3999999999999293,124.9999999999993179,3.4893703460693359
10.3999999999999293,125.0999999999993122,3.6007406711578369
10.3999999999999293,125.1999999999993065,4.1476607322692871
10.3999999999999293,125.5999999999992838,9.2683486938476562
10.2999999999999297,118.9999999999996589,3.2326567173004150
10.2999999999999297,119.0999999999996533,3.3635511398315430
10.2999999999999297,119.1999999999996476,3.5758755207061768
10.2999999999999297,119.2999999999996419,3.8033938407897949
10.2999999999999297,122.8999999999994373,4.1996579170227051
10.2999999999999297,122.9999999999994316,3.0383036136627197
10.2999999999999297,123.0999999999994259,2.1532099246978760
10.2999999999999297,123.1999999999994202,1.7770519256591797
10.2999999999999297,123.2999999999994145,1.7839113473892212
10.2999999999999297,123.5999999999993975,3.1915550231933594
10.2999999999999297,123.6999999999993918,3.4839880466461182
10.2999999999999297,123.7999999999993861,4.3385801315307617
10.2999999999999297,124.7999999999993292,5.7592058181762695
10.2999999999999297,124.8999999999993236,3.9765298366546631
10.2999999999999297,125.0999999999993122,4.0785713195800781
10.2999999999999297,125.1999999999993065,4.6157646179199219
10.2999999999999297,125.5999999999992838,8.8981285095214844
10.1999999999999300,118.7999999999996703,4.2061038017272949
10.1999999999999300,118.9999999999996589,3.7087705135345459
10.1999999999999300,119.0999999999996533,4.0686821937561035
10.1999999999999300,119.1999999999996476,4.4512825012207031
10.1999999999999300,122.8999999999994373,3.9409413337707520
10.1999999999999300,122.9999999999994316,2.9877939224243164
10.1999999999999300,123.0999999999994259,2.0749804973602295
10.1999999999999300,123.1999999999994202,1.7384346723556519
10.1999999999999300,123.2999999999994145,1.7807757854461670
10.1999999999999300,123.5999999999993975,2.8163988590240479
10.1999999999999300,123.6999999999993918,3.2249658107757568
10.1999999999999300,124.8999999999993236,5.6608119010925293
10.1999999999999300,125.5999999999992838,9.3934144973754883
10.0999999999999304,118.8999999999996646,4.8068580627441406
10.0999999999999304,118.9999999999996589,5.2662401199340820
10.0999999999999304,119.0999999999996533,5.7421026229858398
10.0999999999999304,119.1999999999996476,6.1504030227661133
10.0999999999999304,122.8999999999994373,3.7911622524261475
10.0999999999999304,122.9999999999994316,2.8881702423095703
10.0999999999999304,123.0999999999994259,2.0118906497955322
10.0999999999999304,123.1999999999994202,1.5991238355636597
10.0999999999999304,123.4999999999994031,1.9954926967620850
10.0999999999999304,123.5999999999993975,2.5226380825042725
10.0999999999999304,124.1999999999993634,5.0800437927246094
10.0999999999999304,124.2999999999993577,5.6699223518371582
10.0999999999999304,124.3999999999993520,6.9589548110961914
10.0999999999999304,125.1999999999993065,7.8320479393005371
10.0999999999999304,125.5999999999992838,10.0434045791625977
9.9999999999999307,118.7999999999996703,4.6704096794128418
9.9999999999999307,118.8999999999996646,5.6334686279296875
9.9999999999999307,118.9999999999996589,6.5697293281555176
9.9999999999999307,119.0999999999996533,7.0124568939208984
9.9999999999999307,122.7999999999994429,3.8146598339080811
9.9999999999999307,122.8999999999994373,3.5686836242675781
9.9999999999999307,122.9999999999994316,2.8446784019470215
9.9999999999999307,123.0999999999994259,2.0489556789398193
9.9999999999999307,123.1999999999994202,1.5769826173782349
9.9999999999999307,123.3999999999994088,1.5225310325622559
9.9999999999999307,123.4999999999994031,1.6746196746826172
9.9999999999999307,123.5999999999993975,2.0987794399261475
9.9999999999999307,124.0999999999993690,3.0789167881011963
9.9999999999999307,124.1999999999993634,3.4870066642761230
9.9999999999999307,124.2999999999993577,4.1314649581909180
9.9999999999999307,124.3999999999993520,5.9281482696533203
9.9999999999999307,124.4999999999993463,8.0761432647705078
9.9999999999999307,125.1999999999993065,9.2643461227416992
9.9999999999999307,125.5999999999992838,10.9125022888183594
9.8999999999999311,118.5999999999996817,4.4232354164123535
9.8999999999999311,118.6999999999996760,4.3101806640625000
9.8999999999999311,122.3999999999994657,5.1411852836608887
9.8999999999999311,122.4999999999994600,4.4581375122070312
9.8999999999999311,122.5999999999994543,4.4640560150146484
9.8999999999999311,122.6999999999994486,4.1828861236572266
9.8999999999999311,122.7999999999994429,3.8292226791381836
9.8999999999999311,122.8999999999994373,3.5621459484100342
9.8999999999999311,122.9999999999994316,2.9723682403564453
9.8999999999999311,123.0999999999994259,2.3875060081481934
9.8999999999999311,123.3999999999994088,1.5731123685836792
9.8999999999999311,123.4999999999994031,1.6830170154571533
9.8999999999999311,123.5999999999993975,2.1681945323944092
9.8999999999999311,123.8999999999993804,2.5330080986022949
9.8999999999999311,123.9999999999993747,2.2404563426971436
9.8999999999999311,124.0999999999993690,2.5963943004608154
9.8999999999999311,124.1999999999993634,2.9852945804595947
9.8999999999999311,124.2999999999993577,3.4015326499938965
9.8999999999999311,124.3999999999993520,5.0888857841491699
9.8999999999999311,124.4999999999993463,7.2919259071350098
9.8999999999999311,125.5999999999992838,10.2879590988159180
9.8999999999999311,125.9999999999992610,12.6875858306884766
9.7999999999999314,118.5999999999996817,4.6242046356201172
9.7999999999999314,118.6999999999996760,4.1649198532104492
9.7999999999999314,122.4999999999994600,4.8437180519104004
9.7999999999999314,122.5999999999994543,4.7425699234008789
9.7999999999999314,122.6999999999994486,4.3718905448913574
9.7999999999999314,122.7999999999994429,3.9799077510833740
9.7999999999999314,122.8999999999994373,3.6487553119659424
9.7999999999999314,122.9999999999994316,3.2293865680694580
9.7999999999999314,123.0999999999994259,2.8469974994659424
9.7999999999999314,123.3999999999994088,1.7456693649291992
9.7999999999999314,123.4999999999994031,1.6629669666290283
9.7999999999999314,123.8999999999993804,2.4883766174316406
9.7999999999999314,123.9999999999993747,2.0013308525085449
9.7999999999999314,124.0999999999993690,2.3545045852661133
9.7999999999999314,124.1999999999993634,2.6895081996917725
9.7999999999999314,124.2999999999993577,3.0592594146728516
9.7999999999999314,124.3999999999993520,4.4845252037048340
9.7999999999999314,124.4999999999993463,6.5857992172241211
9.7999999999999314,125.9999999999992610,12.8365879058837891
9.7999999999999314,126.0999999999992554,12.8121843338012695
9.6999999999999318,118.3999999999996930,5.6684446334838867
9.6999999999999318,118.4999999999996874,5.2663383483886719
9.6999999999999318,118.5999999999996817,4.7814707756042480
9.6999999999999318,118.6999999999996760,4.6031174659729004
9.6999999999999318,122.4999999999994600,5.2195234298706055
9.6999999999999318,122.5999999999994543,4.9550986289978027
9.6999999999999318,122.6999999999994486,4.5348520278930664
9.6999999999999318,122.7999999999994429,4.0937123298645020
9.6999999999999318,122.8999999999994373,3.7285537719726562
9.6999999999999318,122.9999999999994316,3.4039647579193115
9.6999999999999318,123.0999999999994259,3.1543300151824951
9.6999999999999318,123.3999999999994088,1.9678854942321777
9.6999999999999318,123.8999999999993804,2.4956986904144287
9.6999999999999318,123.9999999999993747,1.9964494705200195
9.6999999999999318,124.0999999999993690,2.2932281494140625
9.6999999999999318,124.1999999999993634,2.6068253517150879
9.6999999999999318,124.2999999999993577,2.9231350421905518
9.6999999999999318,124.3999999999993520,3.8704698085784912
9.6999999999999318,125.4999999999992895,6.5958442687988281
9.5999999999999321,118.3999999999996930,5.3245210647583008
9.5999999999999321,118.4999999999996874,5.1605858802795410
9.5999999999999321,118.5999999999996817,5.1097102165222168
9.5999999999999321,118.6999999999996760,5.1391315460205078
9.5999999999999321,122.4999999999994600,5.3062953948974609
9.5999999999999321,122.5999999999994543,5.1403102874755859
9.5999999999999321,122.6999999999994486,4.6269154548645020
9.5999999999999321,122.7999999999994429,4.0414853096008301
9.5999999999999321,122.8999999999994373,3.5152504444122314
9.5999999999999321,122.9999999999994316,3.1468937397003174
9.5999999999999321,123.0999999999994259,2.9270312786102295
9.5999999999999321,123.2999999999994145,2.2916386127471924
9.5999999999999321,123.3999999999994088,2.1180810928344727
9.5999999999999321,123.7999999999993861,3.1335189342498779
9.5999999999999321,125.3999999999992951,5.8950085639953613
9.5999999999999321,125.4999999999992895,6.2556076049804688
9.5999999999999321,125.5999999999992838,6.9366388320922852
9.5999999999999321,125.6999999999992781,7.4327683448791504
9.4999999999999325,118.2999999999996987,4.9614987373352051
9.4999999999999325,118.3999999999996930,4.6821985244750977
9.4999999999999325,118.4999999999996874,5.0111198425292969
9.4999999999999325,118.5999999999996817,5.3952789306640625
9.4999999999999325,122.5999999999994543,5.2742137908935547
9.4999999999999325,122.6999999999994486,4.6803598403930664
9.4999999999999325,122.7999999999994429,3.9473202228546143
9.4999999999999325,122.8999999999994373,3.2326304912567139
9.4999999999999325,122.9999999999994316,2.7857234477996826
9.4999999999999325,123.0999999999994259,2.4725427627563477
9.4999999999999325,123.3999999999994088,2.2204484939575195
9.4999999999999325,125.4999999999992895,6.1692996025085449
9.4999999999999325,125.5999999999992838,6.2065582275390625
9.4999999999999325,125.6999999999992781,6.2803220748901367
9.4999999999999325,125.7999999999992724,7.1133346557617188
9.3999999999999329,118.1999999999997044,4.4431777000427246
9.3999999999999329,118.2999999999996987,4.4761848449707031
9.3999999999999329,118.3999999999996930,4.4866728782653809
9.3999999999999329,118.4999999999996874,5.2354135513305664
9.3999999999999329,122.7999999999994429,3.8265333175659180
9.3999999999999329,122.8999999999994373,3.0052194595336914
9.3999999999999329,122.9999999999994316,2.4810304641723633
9.3999999999999329,123.0999999999994259,2.0905625820159912
9.3999999999999329,123.1999999999994202,1.8865561485290527
9.3999999999999329,125.5999999999992838,5.6092891693115234
9.3999999999999329,125.6999999999992781,5.0969824790954590
9.3999999999999329,125.7999999999992724,5.6092343330383301
9.3999999999999329,125.8999999999992667,6.2989182472229004
9.2999999999999332,118.0999999999997101,4.5619602203369141
9.2999999999999332,118.1999999999997044,4.8189625740051270
9.2999999999999332,118.2999999999996987,5.2260718345642090
9.2999999999999332,118.3999999999996930,5.4520111083984375
9.2999999999999332,122.8999999999994373,3.1820418834686279
9.2999999999999332,122.9999999999994316,2.4948511123657227
9.2999999999999332,123.0999999999994259,1.8738663196563721
9.2999999999999332,123.1999999999994202,1.5825735330581665
9.2999999999999332,123.2999999999994145,1.8719025850296021
9.2999999999999332,125.5999999999992838,5.4344768524169922
9.2999999999999332,125.6999999999992781,4.3309941291809082
9.2999999999999332,125.7999999999992724,4.4440598487854004
9.2999999999999332,125.8999999999992667,4.8874964714050293
9.1999999999999336,117.8999999999997215,4.2431893348693848
9.1999999999999336,117.9999999999997158,4.5295300483703613
9.1999999999999336,118.0999999999997101,4.7009606361389160
9.1999999999999336,118.1999999999997044,5.3146381378173828
9.1999999999999336,122.8999999999994373,4.0263671875000000
9.1999999999999336,122.9999999999994316,3.1662917137145996
9.1999999999999336,123.0999999999994259,2.3117260932922363
9.1999999999999336,123.1999999999994202,1.5731478929519653
9.1999999999999336,123.4999999999994031,3.4029333591461182
9.1999999999999336,123.5999999999993975,3.6110064983367920
9.1999999999999336,124.6999999999993349,6.3417057991027832
9.1999999999999336,124.7999999999993292,6.7757234573364258
9.1999999999999336,125.5999999999992838,5.3322892189025879
9.1999999999999336,125.6999999999992781,3.7862148284912109
9.1999999999999336,125.7999999999992724,3.3990278244018555
9.1999999999999336,125.8999999999992667,3.1687273979187012
9.1999999999999336,125.9999999999992610,3.2140481472015381
9.1999999999999336,126.0999999999992554,4.2564029693603516
9.0999999999999339,117.7999999999997272,3.8107380867004395
9.0999999999999339,117.8999999999997215,3.8634510040283203
9.0999999999999339,117.9999999999997158,4.3993101119995117
9.0999999999999339,122.9999999999994316,3.7634265422821045
9.0999999999999339,123.0999999999994259,2.9391453266143799
9.0999999999999339,123.5999999999993975,3.7973768711090088
9.0999999999999339,125.5999999999992838,4.8041739463806152
9.0999999999999339,125.6999999999992781,3.5747661590576172
9.0999999999999339,125.7999999999992724,2.7490618228912354
9.0999999999999339,125.8999999999992667,2.1026141643524170
9.0999999999999339,125.9999999999992610,1.7793642282485962
9.0999999999999339,126.0999999999992554,2.5118339061737061
8.9999999999999343,117.5999999999997385,4.7694892883300781
8.9999999999999343,117.6999999999997328,4.3693060874938965
8.9999999999999343,117.7999999999997272,3.7117788791656494
8.9999999999999343,117.8999999999997215,3.9529101848602295
8.9999999999999343,117.9999999999997158,4.8606910705566406
8.9999999999999343,125.2999999999993008,4.5191488265991211
8.9999999999999343,125.3999999999992951,4.9551234245300293
8.9999999999999343,125.5999999999992838,4.3154969215393066
8.9999999999999343,125.6999999999992781,3.4963772296905518
8.9999999999999343,125.7999999999992724,2.8390691280364990
8.9999999999999343,125.8999999999992667,2.3210563659667969
8.9999999999999343,125.9999999999992610,1.9827680587768555
8.9999999999999343,126.0999999999992554,2.2623894214630127
8.9999999999999343,126.1999999999992497,2.7468316555023193
8.8999999999999346,117.4999999999997442,4.7946500778198242
8.8999999999999346,117.5999999999997385,4.0778446197509766
8.8999999999999346,117.6999999999997328,3.7462465763092041
8.8999999999999346,117.7999999999997272,3.4241502285003662
8.8999999999999346,117.8999999999997215,4.0255656242370605
8.8999999999999346,117.9999999999997158,5.1067571640014648
8.8999999999999346,124.7999999999993292,2.6486589908599854
8.8999999999999346,124.8999999999993236,2.9242732524871826
8.8999999999999346,124.9999999999993179,2.6598181724548340
8.8999999999999346,125.1999999999993065,2.8051438331604004
8.8999999999999346,125.2999999999993008,3.4621832370758057
8.8999999999999346,125.3999999999992951,4.2348842620849609
8.8999999999999346,125.4999999999992895,4.2531838417053223
8.8999999999999346,125.5999999999992838,3.7736563682556152
8.8999999999999346,125.6999999999992781,3.4568631649017334
8.8999999999999346,125.7999999999992724,2.9978914260864258
8.8999999999999346,125.8999999999992667,2.5376882553100586
8.8999999999999346,125.9999999999992610,2.2844038009643555
8.8999999999999346,126.0999999999992554,2.4081478118896484
8.8999999999999346,126.1999999999992497,2.7794702053070068
8.8999999999999346,126.2999999999992440,3.2570636272430420
8.7999999999999350,117.4999999999997442,5.7356629371643066
8.7999999999999350,117.5999999999997385,5.0869035720825195
8.7999999999999350,117.6999999999997328,4.9129233360290527
8.7999999999999350,117.7999999999997272,4.6269278526306152
8.7999999999999350,117.8999999999997215,4.5306854248046875
8.7999999999999350,124.8999999999993236,2.0481531620025635
8.7999999999999350,124.9999999999993179,1.8570998907089233
8.7999999999999350,125.0999999999993122,1.8286200761795044
8.7999999999999350,125.1999999999993065,1.9985567331314087
8.7999999999999350,125.2999999999993008,2.6237425804138184
8.7999999999999350,125.3999999999992951,3.4877586364746094
8.7999999999999350,125.4999999999992895,3.6584076881408691
8.7999999999999350,125.5999999999992838,3.4437575340270996
8.7999999999999350,125.6999999999992781,3.3907380104064941
8.7999999999999350,125.7999999999992724,3.0549552440643311
8.7999999999999350,125.8999999999992667,2.7802853584289551
8.7999999999999350,125.9999999999992610,2.6930463314056396
8.7999999999999350,126.0999999999992554,2.9922673702239990
8.7999999999999350,126.1999999999992497,3.5996854305267334
8.7999999999999350,126.2999999999992440,3.5696501731872559
8.6999999999999353,117.3999999999997499,7.4891796112060547
8.6999999999999353,117.4999999999997442,7.6792988777160645
8.6999999999999353,117.5999999999997385,7.7576270103454590
8.6999999999999353,123.4999999999994031,4.2900028228759766
8.6999999999999353,124.7999999999993292,1.7415229082107544
8.6999999999999353,124.8999999999993236,1.8482388257980347
8.6999999999999353,124.9999999999993179,1.8896780014038086
8.6999999999999353,125.0999999999993122,2.0400197505950928
8.6999999999999353,125.1999999999993065,2.0814149379730225
8.6999999999999353,125.2999999999993008,2.3040010929107666
8.6999999999999353,125.3999999999992951,2.8913726806640625
8.6999999999999353,125.4999999999992895,3.1573009490966797
8.6999999999999353,125.5999999999992838,3.1448931694030762
8.6999999999999353,125.6999999999992781,3.1827704906463623
8.6999999999999353,125.7999999999992724,3.0782139301300049
8.6999999999999353,125.8999999999992667,3.0091023445129395
8.6999999999999353,125.9999999999992610,3.2610349655151367
8.6999999999999353,126.0999999999992554,4.1077275276184082
8.5999999999999357,117.3999999999997499,8.5060863494873047
8.5999999999999357,117.4999999999997442,9.3336687088012695
8.5999999999999357,123.3999999999994088,4.0213322639465332
8.5999999999999357,123.4999999999994031,3.8977968692779541
8.5999999999999357,123.5999999999993975,3.9021580219268799
8.5999999999999357,123.6999999999993918,4.0429949760437012
8.5999999999999357,124.7999999999993292,1.9511003494262695
8.5999999999999357,124.8999999999993236,1.6194854974746704
8.5999999999999357,124.9999999999993179,1.9377194643020630
8.5999999999999357,125.0999999999993122,2.2589685916900635
8.5999999999999357,125.1999999999993065,2.3034114837646484
8.5999999999999357,125.2999999999993008,2.0693700313568115
8.5999999999999357,125.3999999999992951,2.3403904438018799
8.5999999999999357,125.4999999999992895,2.6760201454162598
8.5999999999999357,125.5999999999992838,2.9027101993560791
8.5999999999999357,125.6999999999992781,3.1457190513610840
8.5999999999999357,125.7999999999992724,3.1566970348358154
8.5999999999999357,125.8999999999992667,3.3511421680450439
8.5999999999999357,125.9999999999992610,3.9290223121643066
8.5999999999999357,126.0999999999992554,5.1199846267700195
8.4999999999999361,117.1999999999997613,9.9770584106445312
8.4999999999999361,117.2999999999997556,9.0226020812988281
8.4999999999999361,117.3999999999997499,9.2211399078369141
8.4999999999999361,123.0999999999994259,3.8896813392639160
8.4999999999999361,123.2999999999994145,3.6086881160736084
8.4999999999999361,123.3999999999994088,3.5802421569824219
8.4999999999999361,123.4999999999994031,3.4183828830718994
8.4999999999999361,123.5999999999993975,3.2999789714813232
8.4999999999999361,123.6999999999993918,3.3769826889038086
8.4999999999999361,123.7999999999993861,3.0654120445251465
8.4999999999999361,124.2999999999993577,2.0164196491241455
8.4999999999999361,124.3999999999993520,2.4274520874023438
8.4999999999999361,124.4999999999993463,2.9210133552551270
8.4999999999999361,124.6999999999993349,2.3599343299865723
8.4999999999999361,124.7999999999993292,1.7994248867034912
8.4999999999999361,124.8999999999993236,1.6628350019454956
8.4999999999999361,124.9999999999993179,2.0272729396820068
8.4999999999999361,125.0999999999993122,2.4093062877655029
8.4999999999999361,125.1999999999993065,2.4549603462219238
8.4999999999999361,125.2999999999993008,2.0969662666320801
8.4999999999999361,125.3999999999992951,1.9745135307312012
8.4999999999999361,125.4999999999992895,2.2769055366516113
8.4999999999999361,125.5999999999992838,2.5645582675933838
8.4999999999999361,125.6999999999992781,2.8446726799011230
8.4999999999999361,125.7999999999992724,2.8707716464996338
8.4999999999999361,125.8999999999992667,3.0470550060272217
8.4999999999999361,125.9999999999992610,3.5422005653381348
8.4999999999999361,126.0999999999992554,4.7703638076782227
8.4999999999999361,126.1999999999992497,6.1491374969482422
8.4999999999999361,126.2999999999992440,7.4409842491149902
8.3999999999999364,123.0999999999994259,3.7087740898132324
8.3999999999999364,123.1999999999994202,3.6396145820617676
8.3999999999999364,123.2999999999994145,3.3995058536529541
8.3999999999999364,123.3999999999994088,3.1234233379364014
8.3999999999999364,123.4999999999994031,2.8699026107788086
8.3999999999999364,123.5999999999993975,2.6599388122558594
8.3999999999999364,123.6999999999993918,2.5401828289031982
8.3999999999999364,123.7999999999993861,2.3824636936187744
8.3999999999999364,124.2999999999993577,1.7385544776916504
8.3999999999999364,124.3999999999993520,1.9962807893753052
8.3999999999999364,124.4999999999993463,2.4248154163360596
8.3999999999999364,124.5999999999993406,2.7142207622528076
8.3999999999999364,124.6999999999993349,2.1904323101043701
8.3999999999999364,124.7999999999993292,1.6032528877258301
8.3999999999999364,124.8999999999993236,1.9622702598571777
8.3999999999999364,124.9999999999993179,2.1992590427398682
8.3999999999999364,125.0999999999993122,2.4929683208465576
8.3999999999999364,125.1999999999993065,2.4792804718017578
8.3999999999999364,125.2999999999993008,2.1071426868438721
8.3999999999999364,125.3999999999992951,1.8481379747390747
8.3999999999999364,125.4999999999992895,1.9543069601058960
8.3999999999999364,125.5999999999992838,2.1771142482757568
8.3999999999999364,125.6999999999992781,2.3816373348236084
8.3999999999999364,125.7999999999992724,2.3646144866943359
8.3999999999999364,125.8999999999992667,2.4297220706939697
8.3999999999999364,125.9999999999992610,2.7645628452301025
8.3999999999999364,126.0999999999992554,3.7104933261871338
8.3999999999999364,126.1999999999992497,4.9810709953308105
8.3999999999999364,126.2999999999992440,6.2558870315551758
8.2999999999999368,117.2999999999997556,13.6499929428100586
8.2999999999999368,122.9999999999994316,3.6775226593017578
8.2999999999999368,123.0999999999994259,3.6265339851379395
8.2999999999999368,123.1999999999994202,3.5307874679565430
8.2999999999999368,123.2999999999994145,3.1191921234130859
8.2999999999999368,123.3999999999994088,2.7093291282653809
8.2999999999999368,123.4999999999994031,2.3360383510589600
8.2999999999999368,123.5999999999993975,2.0433385372161865
8.2999999999999368,123.6999999999993918,1.7966634035110474
8.2999999999999368,123.7999999999993861,1.6053344011306763
8.2999999999999368,124.2999999999993577,1.5438516139984131
8.2999999999999368,124.3999999999993520,1.6021641492843628
8.2999999999999368,124.4999999999993463,1.9409334659576416
8.2999999999999368,124.5999999999993406,2.1820323467254639
8.2999999999999368,124.6999999999993349,1.7844448089599609
8.2999999999999368,124.7999999999993292,2.0750849246978760
8.2999999999999368,124.8999999999993236,2.4117279052734375
8.2999999999999368,124.9999999999993179,2.4505419731140137
8.2999999999999368,125.0999999999993122,2.5858395099639893
8.2999999999999368,125.1999999999993065,2.5246403217315674
8.2999999999999368,125.2999999999993008,2.1312472820281982
8.2999999999999368,125.3999999999992951,1.7837009429931641
8.2999999999999368,125.4999999999992895,1.7370640039443970
8.2999999999999368,125.5999999999992838,1.8270868062973022
8.2999999999999368,125.6999999999992781,1.9471135139465332
8.2999999999999368,125.7999999999992724,1.8955733776092529
8.2999999999999368,125.8999999999992667,1.8840059041976929
8.2999999999999368,125.9999999999992610,2.2784721851348877
8.2999999999999368,126.0999999999992554,3.1224601268768311
8.2999999999999368,126.1999999999992497,4.0358119010925293
8.2999999999999368,126.2999999999992440,5.0787701606750488
8.1999999999999371,122.9999999999994316,3.5643699169158936
8.1999999999999371,123.0999999999994259,3.4676244258880615
8.1999999999999371,123.1999999999994202,3.3098123073577881
8.1999999999999371,123.2999999999994145,2.7752580642700195
8.1999999999999371,123.3999999999994088,2.2250936031341553
8.1999999999999371,123.4999999999994031,1.8258271217346191
8.1999999999999371,123.5999999999993975,1.5896989107131958
8.1999999999999371,123.6999999999993918,1.5157346725463867
8.1999999999999371,123.7999999999993861,1.3522653579711914
8.1999999999999371,124.0999999999993690,1.5103051662445068
8.1999999999999371,124.1999999999993634,1.5432845354080200
8.1999999999999371,124.2999999999993577,1.6907533407211304
8.1999999999999371,124.3999999999993520,1.8142089843750000
8.1999999999999371,124.4999999999993463,1.9219789505004883
8.1999999999999371,124.5999999999993406,2.0462319850921631
8.1999999999999371,124.6999999999993349,2.2260851860046387
8.1999999999999371,124.7999999999993292,2.4211561679840088
8.1999999999999371,124.8999999999993236,2.5476632118225098
8.1999999999999371,124.9999999999993179,2.4937627315521240
8.1999999999999371,125.0999999999993122,2.5322184562683105
8.1999999999999371,125.1999999999993065,2.4907786846160889
8.1999999999999371,125.2999999999993008,2.1809191703796387
8.1999999999999371,125.3999999999992951,2.0336565971374512
8.1999999999999371,125.4999999999992895,1.8873113393783569
8.1999999999999371,125.5999999999992838,1.7737996578216553
8.1999999999999371,125.6999999999992781,1.7037436962127686
8.1999999999999371,125.7999999999992724,1.6904107332229614
8.1999999999999371,125.8999999999992667,1.7870419025421143
8.1999999999999371,125.9999999999992610,2.0913088321685791
8.1999999999999371,126.0999999999992554,2.7965266704559326
8.1999999999999371,126.1999999999992497,3.5698013305664062
8.1999999999999371,126.2999999999992440,4.3439512252807617
8.1999999999999371,126.3999999999992383,4.9196429252624512
8.0999999999999375,116.9999999999997726,12.8001813888549805
8.0999999999999375,122.7999999999994429,3.6110281944274902
8.0999999999999375,122.8999999999994373,3.5069801807403564
8.0999999999999375,122.9999999999994316,3.3703100681304932
8.0999999999999375,123.0999999999994259,3.2499561309814453
8.0999999999999375,123.1999999999994202,3.0496006011962891
8.0999999999999375,123.2999999999994145,2.3741774559020996
8.0999999999999375,123.3999999999994088,1.7400987148284912
8.0999999999999375,123.4999999999994031,1.3974919319152832
8.0999999999999375,123.5999999999993975,1.4507843255996704
8.0999999999999375,123.6999999999993918,1.5851567983627319
8.0999999999999375,123.7999999999993861,1.4165074825286865
8.0999999999999375,123.9999999999993747,1.2590904235839844
8.0999999999999375,124.0999999999993690,1.4124209880828857
8.0999999999999375,124.1999999999993634,1.7713290452957153
8.0999999999999375,124.2999999999993577,2.1440691947937012
8.0999999999999375,124.3999999999993520,2.4059190750122070
8.0999999999999375,124.4999999999993463,2.6493592262268066
8.0999999999999375,124.5999999999993406,2.8239984512329102
8.0999999999999375,124.6999999999993349,2.7832534313201904
8.0999999999999375,124.7999999999993292,2.6950671672821045
8.0999999999999375,124.8999999999993236,2.5891387462615967
8.0999999999999375,124.9999999999993179,2.4763746261596680
8.0999999999999375,125.0999999999993122,2.4668886661529541
8.0999999999999375,125.1999999999993065,2.5016210079193115
8.0999999999999375,125.2999999999993008,2.4492037296295166
8.0999999999999375,125.3999999999992951,2.5315432548522949
8.0999999999999375,125.4999999999992895,2.3863220214843750
8.0999999999999375,125.5999999999992838,2.0995962619781494
8.0999999999999375,125.6999999999992781,1.8336157798767090
8.0999999999999375,125.7999999999992724,1.8562281131744385
8.0999999999999375,125.8999999999992667,1.9822503328323364
8.0999999999999375,125.9999999999992610,2.1757690906524658
8.0999999999999375,126.0999999999992554,2.5720539093017578
8.0999999999999375,126.1999999999992497,3.1442887783050537
8.0999999999999375,126.2999999999992440,3.7724237442016602
8.0999999999999375,126.3999999999992383,4.4859247207641602
7.9999999999999378,116.9999999999997726,13.0242385864257812
7.9999999999999378,122.2999999999994714,3.5906682014465332
7.9999999999999378,122.3999999999994657,3.5082972049713135
7.9999999999999378,122.4999999999994600,3.4679892063140869
7.9999999999999378,122.5999999999994543,3.4374845027923584
7.9999999999999378,122.6999999999994486,3.3790888786315918
7.9999999999999378,122.7999999999994429,3.3393568992614746
7.9999999999999378,122.8999999999994373,3.3157880306243896
7.9999999999999378,122.9999999999994316,3.1486909389495850
7.9999999999999378,123.0999999999994259,2.9828293323516846
7.9999999999999378,123.1999999999994202,2.7297844886779785
7.9999999999999378,123.2999999999994145,1.9793691635131836
7.9999999999999378,123.3999999999994088,1.5222061872482300
7.9999999999999378,123.4999999999994031,1.6083054542541504
7.9999999999999378,123.5999999999993975,1.6280310153961182
7.9999999999999378,123.6999999999993918,1.8139530420303345
7.9999999999999378,123.7999999999993861,1.7636909484863281
7.9999999999999378,123.8999999999993804,1.5292704105377197
7.9999999999999378,123.9999999999993747,1.5560584068298340
7.9999999999999378,124.0999999999993690,1.8220715522766113
7.9999999999999378,124.1999999999993634,2.2405617237091064
7.9999999999999378,124.2999999999993577,2.6464715003967285
7.9999999999999378,124.3999999999993520,2.9281146526336670
7.9999999999999378,124.4999999999993463,3.2166922092437744
7.9999999999999378,124.5999999999993406,3.4655318260192871
7.9999999999999378,124.6999999999993349,3.1488475799560547
7.9999999999999378,124.7999999999993292,2.7996904850006104
7.9999999999999378,124.8999999999993236,2.5289845466613770
7.9999999999999378,124.9999999999993179,2.4619123935699463
7.9999999999999378,125.0999999999993122,2.5159723758697510
7.9999999999999378,125.1999999999993065,2.6326086521148682
7.9999999999999378,125.2999999999993008,2.7078840732574463
7.9999999999999378,125.3999999999992951,2.9780421257019043
7.9999999999999378,125.4999999999992895,2.8018405437469482
7.9999999999999378,125.5999999999992838,2.3862597942352295
7.9999999999999378,125.6999999999992781,1.9981678724288940
7.9999999999999378,125.7999999999992724,2.0066328048706055
7.9999999999999378,125.8999999999992667,2.1646344661712646
7.9999999999999378,125.9999999999992610,2.3182456493377686
7.9999999999999378,126.0999999999992554,2.4276542663574219
7.9999999999999378,126.1999999999992497,2.7699601650238037
7.9999999999999378,126.2999999999992440,3.2406234741210938
7.8999999999999382,116.9999999999997726,13.3585538864135742
7.8999999999999382,122.2999999999994714,3.2925417423248291
7.8999999999999382,122.3999999999994657,3.1105732917785645
7.8999999999999382,122.4999999999994600,3.0304064750671387
7.8999999999999382,122.5999999999994543,2.9621684551239014
7.8999999999999382,122.6999999999994486,2.9642348289489746
7.8999999999999382,122.7999999999994429,3.0343873500823975
7.8999999999999382,122.8999999999994373,3.0783493518829346
7.8999999999999382,122.9999999999994316,2.8882186412811279
7.8999999999999382,123.0999999999994259,2.6521112918853760
7.8999999999999382,123.1999999999994202,2.3444361686706543
7.8999999999999382,123.2999999999994145,1.9031683206558228
7.8999999999999382,123.3999999999994088,2.1062195301055908
7.8999999999999382,123.4999999999994031,2.3580656051635742
7.8999999999999382,123.5999999999993975,2.4276380538940430
7.8999999999999382,123.6999999999993918,2.5875720977783203
7.8999999999999382,123.7999999999993861,2.4124448299407959
7.8999999999999382,123.8999999999993804,2.0094797611236572
7.8999999999999382,123.9999999999993747,1.8179125785827637
7.8999999999999382,124.0999999999993690,2.1134169101715088
7.8999999999999382,124.1999999999993634,2.4920134544372559
7.8999999999999382,124.2999999999993577,2.8604288101196289
7.8999999999999382,124.3999999999993520,3.0927741527557373
7.8999999999999382,124.4999999999993463,3.3133482933044434
7.8999999999999382,124.5999999999993406,3.4099488258361816
7.8999999999999382,124.6999999999993349,3.0334243774414062
7.8999999999999382,124.7999999999993292,2.6171455383300781
7.8999999999999382,124.8999999999993236,2.4250755310058594
7.8999999999999382,124.9999999999993179,2.5283071994781494
7.8999999999999382,125.0999999999993122,2.6788923740386963
7.8999999999999382,125.1999999999993065,2.7999861240386963
7.8999999999999382,125.2999999999993008,2.8509786128997803
7.8999999999999382,125.3999999999992951,2.9074628353118896
7.8999999999999382,125.4999999999992895,2.5965514183044434
7.8999999999999382,125.5999999999992838,2.0752179622650146
7.8999999999999382,125.6999999999992781,1.5752079486846924
7.8999999999999382,125.7999999999992724,1.6618459224700928
7.8999999999999382,125.8999999999992667,1.8825380802154541
7.8999999999999382,125.9999999999992610,2.1337425708770752
7.8999999999999382,126.0999999999992554,2.1554627418518066
7.8999999999999382,126.1999999999992497,2.4718317985534668
7.8999999999999382,126.2999999999992440,2.8175585269927979
7.7999999999999385,122.0999999999994827,3.7812721729278564
7.7999999999999385,122.1999999999994770,3.3978438377380371
7.7999999999999385,122.2999999999994714,3.0365660190582275
7.7999999999999385,122.3999999999994657,2.8282215595245361
7.7999999999999385,122.4999999999994600,2.7395670413970947
7.7999999999999385,122.5999999999994543,2.7972137928009033
7.7999999999999385,122.6999999999994486,2.7606124877929688
7.7999999999999385,122.7999999999994429,2.8617999553680420
7.7999999999999385,122.8999999999994373,3.0137853622436523
7.7999999999999385,122.9999999999994316,2.7229719161987305
7.7999999999999385,123.0999999999994259,2.4659962654113770
7.7999999999999385,123.1999999999994202,2.3715052604675293
7.7999999999999385,123.2999999999994145,2.0987915992736816
7.7999999999999385,123.3999999999994088,2.8070631027221680
7.7999999999999385,123.6999999999993918,3.1940932273864746
7.7999999999999385,123.7999999999993861,3.3420958518981934
7.7999999999999385,123.8999999999993804,2.7002816200256348
7.7999999999999385,123.9999999999993747,2.1091079711914062
7.7999999999999385,124.0999999999993690,2.3701307773590088
7.7999999999999385,124.1999999999993634,2.7006313800811768
7.7999999999999385,124.2999999999993577,3.0246865749359131
7.7999999999999385,124.3999999999993520,3.1996936798095703
7.7999999999999385,124.4999999999993463,3.3541018962860107
7.7999999999999385,124.5999999999993406,3.4165270328521729
7.7999999999999385,124.6999999999993349,2.9738190174102783
7.7999999999999385,124.7999999999993292,2.7584378719329834
7.7999999999999385,124.8999999999993236,2.8436026573181152
7.7999999999999385,124.9999999999993179,2.9132275581359863
7.7999999999999385,125.0999999999993122,2.9943456649780273
7.7999999999999385,125.1999999999993065,3.0171132087707520
7.7999999999999385,125.2999999999993008,2.9680187702178955
7.7999999999999385,125.3999999999992951,2.9661986827850342
7.7999999999999385,125.4999999999992895,2.5275101661682129
7.7999999999999385,125.5999999999992838,1.8408904075622559
7.7999999999999385,125.6999999999992781,1.4336252212524414
7.7999999999999385,125.7999999999992724,1.4235717058181763
7.7999999999999385,125.8999999999992667,1.6793565750122070
7.7999999999999385,125.9999999999992610,1.9471118450164795
7.7999999999999385,126.0999999999992554,1.9838404655456543
7.7999999999999385,126.1999999999992497,2.1975193023681641
7.7999999999999385,126.2999999999992440,2.4055321216583252
7.7999999999999385,126.3999999999992383,2.5369622707366943
7.6999999999999389,122.1999999999994770,3.3749949932098389
7.6999999999999389,122.2999999999994714,3.0151817798614502
7.6999999999999389,122.3999999999994657,2.7950315475463867
7.6999999999999389,122.4999999999994600,2.6647942066192627
7.6999999999999389,122.8999999999994373,3.0423362255096436
7.6999999999999389,122.9999999999994316,2.8522546291351318
7.6999999999999389,123.0999999999994259,2.6588211059570312
7.6999999999999389,123.1999999999994202,2.5767905712127686
7.6999999999999389,123.2999999999994145,2.5346887111663818
7.6999999999999389,123.3999999999994088,3.3485007286071777
7.6999999999999389,123.4999999999994031,3.9698166847229004
7.6999999999999389,123.8999999999993804,3.0699186325073242
7.6999999999999389,123.9999999999993747,2.5950117111206055
7.6999999999999389,124.0999999999993690,2.7203023433685303
7.6999999999999389,124.1999999999993634,2.9139633178710938
7.6999999999999389,124.2999999999993577,3.2102913856506348
7.6999999999999389,124.3999999999993520,3.3377470970153809
7.6999999999999389,124.4999999999993463,3.4414238929748535
7.6999999999999389,124.5999999999993406,3.4156904220581055
7.6999999999999389,124.6999999999993349,3.0966296195983887
7.6999999999999389,124.7999999999993292,3.1366531848907471
7.6999999999999389,124.8999999999993236,3.3780951499938965
7.6999999999999389,124.9999999999993179,3.3311581611633301
7.6999999999999389,125.0999999999993122,3.2483081817626953
7.6999999999999389,125.1999999999993065,3.1388180255889893
7.6999999999999389,125.2999999999993008,3.0344865322113037
7.6999999999999389,125.3999999999992951,2.9698853492736816
7.6999999999999389,125.4999999999992895,2.4209604263305664
7.6999999999999389,125.5999999999992838,1.6000355482101440
7.6999999999999389,125.6999999999992781,1.8576307296752930
7.6999999999999389,125.7999999999992724,1.6358336210250854
7.6999999999999389,125.8999999999992667,1.5203104019165039
7.6999999999999389,125.9999999999992610,1.9211406707763672
7.6999999999999389,126.0999999999992554,1.8188545703887939
7.6999999999999389,126.1999999999992497,1.9331631660461426
7.6999999999999389,126.2999999999992440,2.0481724739074707
7.6999999999999389,126.3999999999992383,1.9449480772018433
7.6999999999999389,126.4999999999992326,2.0646870136260986
7.5999999999999392,122.1999999999994770,3.4801764488220215
7.5999999999999392,122.2999999999994714,3.1073756217956543
7.5999999999999392,122.3999999999994657,2.8135704994201660
7.5999999999999392,122.8999999999994373,3.3509104251861572
7.5999999999999392,122.9999999999994316,3.2316377162933350
7.5999999999999392,123.1999999999994202,3.4806427955627441
7.5999999999999392,123.2999999999994145,3.3554759025573730
7.5999999999999392,123.3999999999994088,3.3056960105895996
7.5999999999999392,124.0999999999993690,3.0779960155487061
7.5999999999999392,124.1999999999993634,3.2177915573120117
7.5999999999999392,124.2999999999993577,3.3878862857818604
7.5999999999999392,124.3999999999993520,3.5077598094940186
7.5999999999999392,124.4999999999993463,3.6025354862213135
7.5999999999999392,124.5999999999993406,3.6210033893585205
7.5999999999999392,124.6999999999993349,3.2882163524627686
7.5999999999999392,124.7999999999993292,3.3263561725616455
7.5999999999999392,124.8999999999993236,3.5319826602935791
7.5999999999999392,124.9999999999993179,3.3001554012298584
7.5999999999999392,125.0999999999993122,3.1186754703521729
7.5999999999999392,125.1999999999993065,2.9999358654022217
7.5999999999999392,125.2999999999993008,2.9706661701202393
7.5999999999999392,125.3999999999992951,3.0028629302978516
7.5999999999999392,125.4999999999992895,2.2762446403503418
7.5999999999999392,125.5999999999992838,1.2469146251678467
7.5999999999999392,125.6999999999992781,1.8475967645645142
7.5999999999999392,125.7999999999992724,1.4784080982208252
7.5999999999999392,125.8999999999992667,1.2077873945236206
7.5999999999999392,125.9999999999992610,1.6353501081466675
7.5999999999999392,126.0999999999992554,1.6370234489440918
7.5999999999999392,126.1999999999992497,1.7108490467071533
7.5999999999999392,126.2999999999992440,1.6734356880187988
7.5999999999999392,126.3999999999992383,1.2826696634292603
7.5999999999999392,126.4999999999992326,1.4296877384185791
7.4999999999999396,122.0999999999994827,4.1633124351501465
7.4999999999999396,122.1999999999994770,3.6248121261596680
7.4999999999999396,122.2999999999994714,3.2015807628631592
7.4999999999999396,123.2999999999994145,4.2053589820861816
7.4999999999999396,123.3999999999994088,4.2555651664733887
7.4999999999999396,124.1999999999993634,3.5368843078613281
7.4999999999999396,124.2999999999993577,3.6707386970520020
7.4999999999999396,124.3999999999993520,3.7169463634490967
7.4999999999999396,124.4999999999993463,3.7768609523773193
7.4999999999999396,124.5999999999993406,3.8067464828491211
7.4999999999999396,124.6999999999993349,3.5030548572540283
7.4999999999999396,124.7999999999993292,3.5266120433807373
7.4999999999999396,124.8999999999993236,3.6650583744049072
7.4999999999999396,124.9999999999993179,3.2869827747344971
7.4999999999999396,125.0999999999993122,3.0042726993560791
7.4999999999999396,125.1999999999993065,2.9077236652374268
7.4999999999999396,125.2999999999993008,2.9386136531829834
7.4999999999999396,125.3999999999992951,2.9629774093627930
7.4999999999999396,125.4999999999992895,2.1169583797454834
7.4999999999999396,125.5999999999992838,0.9219332337379456
7.4999999999999396,125.6999999999992781,1.8869742155075073
7.4999999999999396,125.7999999999992724,1.3953572511672974
7.4999999999999396,125.8999999999992667,0.9729567170143127
7.4999999999999396,125.9999999999992610,1.5286395549774170
7.4999999999999396,126.0999999999992554,1.5065047740936279
7.4999999999999396,126.1999999999992497,1.5156626701354980
7.4999999999999396,126.2999999999992440,1.3820269107818604
7.4999999999999396,126.3999999999992383,0.8537981510162354
7.4999999999999396,126.4999999999992326,1.5482128858566284
7.4999999999999396,126.5999999999992269,2.1559889316558838
7.3999999999999400,122.0999999999994827,3.7912676334381104
7.3999999999999400,122.1999999999994770,3.3032710552215576
7.3999999999999400,122.2999999999994714,3.0474820137023926
7.3999999999999400,122.7999999999994429,3.6504580974578857
7.3999999999999400,123.3999999999994088,4.5617437362670898
7.3999999999999400,124.1999999999993634,3.8497593402862549
7.3999999999999400,124.2999999999993577,3.9413890838623047
7.3999999999999400,124.3999999999993520,3.9893715381622314
7.3999999999999400,124.4999999999993463,4.0345869064331055
7.3999999999999400,124.5999999999993406,4.0155377388000488
7.3999999999999400,124.6999999999993349,3.7106211185455322
7.3999999999999400,124.7999999999993292,3.6380493640899658
7.3999999999999400,124.8999999999993236,3.6761784553527832
7.3999999999999400,124.9999999999993179,3.3129889965057373
7.3999999999999400,125.0999999999993122,3.0597636699676514
7.3999999999999400,125.1999999999993065,2.9497804641723633
7.3999999999999400,125.2999999999993008,2.9671738147735596
7.3999999999999400,125.3999999999992951,3.0313463211059570
7.3999999999999400,125.4999999999992895,2.0220153331756592
7.3999999999999400,125.5999999999992838,1.0221101045608521
7.3999999999999400,125.6999999999992781,2.3958406448364258
7.3999999999999400,125.7999999999992724,1.4612922668457031
7.3999999999999400,125.8999999999992667,1.0385781526565552
7.3999999999999400,125.9999999999992610,1.4284418821334839
7.3999999999999400,126.0999999999992554,1.5452450513839722
7.3999999999999400,126.1999999999992497,1.5497436523437500
7.3999999999999400,126.2999999999992440,1.2032802104949951
7.3999999999999400,126.3999999999992383,0.7298237085342407
7.3999999999999400,126.4999999999992326,1.8829478025436401
7.2999999999999403,116.8999999999997783,13.0638761520385742
7.2999999999999403,117.0999999999997669,13.8469171524047852
7.2999999999999403,117.1999999999997613,14.0764551162719727
7.2999999999999403,122.0999999999994827,2.9368698596954346
7.2999999999999403,122.1999999999994770,2.5391700267791748
7.2999999999999403,124.1999999999993634,4.3101110458374023
7.2999999999999403,124.2999999999993577,4.2282953262329102
7.2999999999999403,124.3999999999993520,4.2761454582214355
7.2999999999999403,124.4999999999993463,4.3307218551635742
7.2999999999999403,124.5999999999993406,4.3289847373962402
7.2999999999999403,124.6999999999993349,3.9470291137695312
7.2999999999999403,124.7999999999993292,3.6848649978637695
7.2999999999999403,124.8999999999993236,3.5507941246032715
7.2999999999999403,124.9999999999993179,3.3961040973663330
7.2999999999999403,125.0999999999993122,3.2904741764068604
7.2999999999999403,125.1999999999993065,3.1383655071258545
7.2999999999999403,125.2999999999993008,2.9015982151031494
7.2999999999999403,125.3999999999992951,2.7497940063476562
7.2999999999999403,125.4999999999992895,1.6133656501770020
7.2999999999999403,125.5999999999992838,1.4483460187911987
7.2999999999999403,125.6999999999992781,2.8125250339508057
7.2999999999999403,125.8999999999992667,1.5419946908950806
7.2999999999999403,125.9999999999992610,1.8344268798828125
7.2999999999999403,126.0999999999992554,1.8392884731292725
7.2999999999999403,126.1999999999992497,1.7938222885131836
7.2999999999999403,126.2999999999992440,1.4900519847869873
7.2999999999999403,126.3999999999992383,1.1207550764083862
7.2999999999999403,126.4999999999992326,2.1695013046264648
7.2999999999999403,126.5999999999992269,2.9848892688751221
7.1999999999999407,117.0999999999997669,14.1713218688964844
7.1999999999999407,117.1999999999997613,14.2094135284423828
7.1999999999999407,121.9999999999994884,2.3616671562194824
7.1999999999999407,122.0999999999994827,2.2301521301269531
7.1999999999999407,122.1999999999994770,2.0235028266906738
7.1999999999999407,124.1999999999993634,4.5657930374145508
7.1999999999999407,124.2999999999993577,4.4922657012939453
7.1999999999999407,124.3999999999993520,4.5391683578491211
7.1999999999999407,124.4999999999993463,4.6090402603149414
7.1999999999999407,124.5999999999993406,4.5808820724487305
7.1999999999999407,124.6999999999993349,4.2523407936096191
7.1999999999999407,124.7999999999993292,3.9142804145812988
7.1999999999999407,124.8999999999993236,3.6949119567871094
7.1999999999999407,124.9999999999993179,3.6290698051452637
7.1999999999999407,125.0999999999993122,3.5766878128051758
7.1999999999999407,125.1999999999993065,3.3365263938903809
7.1999999999999407,125.2999999999993008,2.8192052841186523
7.1999999999999407,125.3999999999992951,2.4970982074737549
7.1999999999999407,125.4999999999992895,1.4506837129592896
7.1999999999999407,125.5999999999992838,2.1039216518402100
7.1999999999999407,125.9999999999992610,2.4024286270141602
7.1999999999999407,126.0999999999992554,2.2249987125396729
7.1999999999999407,126.1999999999992497,2.0639827251434326
7.1999999999999407,126.2999999999992440,1.7718782424926758
7.1999999999999407,126.3999999999992383,1.8417420387268066
7.1999999999999407,126.4999999999992326,2.5928122997283936
7.0999999999999410,121.9999999999994884,2.4592919349670410
7.0999999999999410,122.0999999999994827,2.4835047721862793
7.0999999999999410,122.1999999999994770,2.1951506137847900
7.0999999999999410,124.0999999999993690,4.4327230453491211
7.0999999999999410,124.1999999999993634,4.2150697708129883
7.0999999999999410,124.2999999999993577,4.1222715377807617
7.0999999999999410,124.3999999999993520,4.1525688171386719
7.0999999999999410,124.4999999999993463,4.1860408782958984
7.0999999999999410,124.5999999999993406,4.1793584823608398
7.0999999999999410,124.6999999999993349,3.8261137008666992
7.0999999999999410,124.7999999999993292,3.4805455207824707
7.0999999999999410,124.8999999999993236,3.2672734260559082
7.0999999999999410,124.9999999999993179,3.3781654834747314
7.0999999999999410,125.0999999999993122,3.5048573017120361
7.0999999999999410,125.1999999999993065,3.2595314979553223
7.0999999999999410,125.2999999999993008,2.7233138084411621
7.0999999999999410,125.3999999999992951,2.4727804660797119
7.0999999999999410,125.4999999999992895,1.6291626691818237
7.0999999999999410,125.5999999999992838,1.9715807437896729
7.0999999999999410,125.6999999999992781,3.9733476638793945
7.0999999999999410,125.8999999999992667,2.4949207305908203
7.0999999999999410,125.9999999999992610,2.8848230838775635
7.0999999999999410,126.0999999999992554,2.8365521430969238
7.0999999999999410,126.1999999999992497,2.8195986747741699
7.0999999999999410,126.2999999999992440,2.8633384704589844
7.0999999999999410,126.3999999999992383,2.9978563785552979
6.9999999999999414,117.0999999999997669,12.5932846069335938
6.9999999999999414,121.9999999999994884,3.2255530357360840
6.9999999999999414,122.0999999999994827,3.2449045181274414
6.9999999999999414,122.1999999999994770,3.1081364154815674
6.9999999999999414,123.9999999999993747,3.9043939113616943
6.9999999999999414,124.0999999999993690,3.7104511260986328
6.9999999999999414,124.1999999999993634,3.5187425613403320
6.9999999999999414,124.2999999999993577,3.4611270427703857
6.9999999999999414,124.3999999999993520,3.4281895160675049
6.9999999999999414,124.4999999999993463,3.3916203975677490
6.9999999999999414,124.5999999999993406,3.3060307502746582
6.9999999999999414,124.6999999999993349,2.9531390666961670
6.9999999999999414,124.7999999999993292,2.5969734191894531
6.9999999999999414,124.8999999999993236,2.4670038223266602
6.9999999999999414,124.9999999999993179,2.7822308540344238
6.9999999999999414,125.0999999999993122,3.1427409648895264
6.9999999999999414,125.1999999999993065,3.1165368556976318
6.9999999999999414,125.2999999999993008,2.6456027030944824
6.9999999999999414,125.3999999999992951,2.5202610492706299
6.9999999999999414,125.4999999999992895,2.0978007316589355
6.9999999999999414,125.7999999999992724,2.9748487472534180
6.9999999999999414,125.9999999999992610,3.5656270980834961
6.9999999999999414,126.0999999999992554,3.6488907337188721
6.9999999999999414,126.1999999999992497,4.0803875923156738
6.9999999999999414,126.2999999999992440,4.4254207611083984
6.8999999999999417,116.6999999999997897,7.8519825935363770
6.8999999999999417,116.7999999999997840,8.5241651535034180
6.8999999999999417,117.0999999999997669,11.3790836334228516
6.8999999999999417,117.1999999999997613,11.3683910369873047
6.8999999999999417,122.0999999999994827,3.8911981582641602
6.8999999999999417,123.9999999999993747,3.6218945980072021
6.8999999999999417,124.0999999999993690,3.2132484912872314
6.8999999999999417,124.1999999999993634,2.9918830394744873
6.8999999999999417,124.2999999999993577,2.9318428039550781
6.8999999999999417,124.3999999999993520,2.8655278682708740
6.8999999999999417,124.4999999999993463,2.7706425189971924
6.8999999999999417,124.5999999999993406,2.6479094028472900
6.8999999999999417,124.6999999999993349,2.2464978694915771
6.8999999999999417,124.7999999999993292,1.8398296833038330
6.8999999999999417,124.8999999999993236,1.6787654161453247
6.8999999999999417,124.9999999999993179,2.2227547168731689
6.8999999999999417,125.0999999999993122,2.8319330215454102
6.8999999999999417,125.1999999999993065,3.0098729133605957
6.8999999999999417,125.2999999999993008,2.6652371883392334
6.8999999999999417,125.3999999999992951,2.6966381072998047
6.8999999999999417,126.0999999999992554,4.7278690338134766
6.8999999999999417,126.2999999999992440,6.0366768836975098
6.7999999999999421,124.0999999999993690,3.0930655002593994
6.7999999999999421,124.1999999999993634,2.8045945167541504
6.7999999999999421,124.2999999999993577,2.6807053089141846
6.7999999999999421,124.3999999999993520,2.5284867286682129
6.7999999999999421,124.4999999999993463,2.3505709171295166
6.7999999999999421,124.5999999999993406,2.1476280689239502
6.7999999999999421,124.6999999999993349,1.7980279922485352
6.7999999999999421,124.7999999999993292,1.4791647195816040
6.7999999999999421,124.8999999999993236,1.4934054613113403
6.7999999999999421,124.9999999999993179,2.0817706584930420
6.7999999999999421,125.0999999999993122,2.7259728908538818
6.7999999999999421,125.1999999999993065,3.0332965850830078
6.7999999999999421,125.2999999999993008,2.9089267253875732
6.7999999999999421,125.3999999999992951,2.9927730560302734
6.7999999999999421,126.0999999999992554,5.2190909385681152
6.7999999999999421,126.1999999999992497,5.8432240486145020
6.6999999999999424,121.9999999999994884,3.3544273376464844
6.6999999999999424,122.0999999999994827,3.3053679466247559
6.6999999999999424,124.0999999999993690,3.1252386569976807
6.6999999999999424,124.1999999999993634,2.7506108283996582
6.6999999999999424,124.2999999999993577,2.6863191127777100
6.6999999999999424,124.3999999999993520,2.3538863658905029
6.6999999999999424,124.4999999999993463,2.0648598670959473
6.6999999999999424,124.5999999999993406,1.7950507402420044
6.6999999999999424,124.6999999999993349,1.5614044666290283
6.6999999999999424,124.7999999999993292,1.7273087501525879
6.6999999999999424,124.8999999999993236,1.8963148593902588
6.6999999999999424,124.9999999999993179,2.0768516063690186
6.6999999999999424,125.0999999999993122,2.8160524368286133
6.6999999999999424,125.1999999999993065,3.2612938880920410
6.6999999999999424,125.2999999999993008,3.3036007881164551
6.6999999999999424,126.0999999999992554,5.2523913383483887
6.6999999999999424,126.1999999999992497,5.9954080581665039
6.5999999999999428,121.8999999999994941,3.7757956981658936
6.5999999999999428,121.9999999999994884,3.5315091609954834
6.5999999999999428,122.0999999999994827,3.3344640731811523
6.5999999999999428,122.1999999999994770,3.3286182880401611
6.5999999999999428,124.0999999999993690,3.1133537292480469
6.5999999999999428,124.1999999999993634,2.8183453083038330
6.5999999999999428,124.2999999999993577,2.7444999217987061
6.5999999999999428,124.3999999999993520,2.3884546756744385
6.5999999999999428,124.4999999999993463,2.0002639293670654
6.5999999999999428,124.5999999999993406,1.6868165731430054
6.5999999999999428,124.6999999999993349,1.7258973121643066
6.5999999999999428,124.7999999999993292,2.1719758510589600
6.5999999999999428,124.8999999999993236,2.4587111473083496
6.5999999999999428,124.9999999999993179,2.3772430419921875
6.5999999999999428,125.0999999999993122,2.8405404090881348
6.5999999999999428,125.1999999999993065,3.3744692802429199
6.5999999999999428,125.2999999999993008,3.5438749790191650
6.5999999999999428,126.0999999999992554,5.4687685966491699
6.5999999999999428,126.1999999999992497,6.1405086517333984
6.4999999999999432,121.9999999999994884,4.1765985488891602
6.4999999999999432,122.0999999999994827,4.0392928123474121
6.4999999999999432,122.1999999999994770,3.9991490840911865
6.4999999999999432,124.0999999999993690,3.4329061508178711
6.4999999999999432,124.1999999999993634,3.2372760772705078
6.4999999999999432,124.2999999999993577,3.0002191066741943
6.4999999999999432,124.3999999999993520,2.6253225803375244
6.4999999999999432,124.4999999999993463,2.3222320079803467
6.4999999999999432,124.5999999999993406,2.0078473091125488
6.4999999999999432,124.6999999999993349,1.8145374059677124
6.4999999999999432,124.7999999999993292,2.0618879795074463
6.4999999999999432,124.8999999999993236,2.4046142101287842
6.4999999999999432,124.9999999999993179,2.2567477226257324
6.4999999999999432,125.0999999999993122,2.6432676315307617
6.4999999999999432,125.1999999999993065,3.1007087230682373
6.4999999999999432,125.2999999999993008,3.3119711875915527
6.4999999999999432,125.3999999999992951,3.6555993556976318
6.4999999999999432,125.4999999999992895,3.6044569015502930
6.4999999999999432,125.5999999999992838,3.4528267383575439
6.4999999999999432,126.1999999999992497,5.4288778305053711
6.3999999999999435,121.9999999999994884,4.7003688812255859
6.3999999999999435,124.0999999999993690,3.9318754673004150
6.3999999999999435,124.1999999999993634,3.7246532440185547
6.3999999999999435,124.2999999999993577,3.4061830043792725
6.3999999999999435,124.3999999999993520,2.9314031600952148
6.3999999999999435,124.4999999999993463,2.7228074073791504
6.3999999999999435,124.5999999999993406,2.4682745933532715
6.3999999999999435,124.6999999999993349,2.0885047912597656
6.3999999999999435,124.7999999999993292,2.0653455257415771
6.3999999999999435,124.8999999999993236,2.2758848667144775
6.3999999999999435,124.9999999999993179,2.2168200016021729
6.3999999999999435,125.0999999999993122,2.3895614147186279
6.3999999999999435,125.1999999999993065,2.8181591033935547
6.3999999999999435,125.2999999999993008,3.1133804321289062
6.3999999999999435,125.3999999999992951,3.4184830188751221
6.3999999999999435,125.4999999999992895,3.3862688541412354
6.2999999999999439,120.5999999999995680,2.0182642936706543
6.2999999999999439,124.1999999999993634,4.3536119461059570
6.2999999999999439,124.2999999999993577,3.8927638530731201
6.2999999999999439,124.3999999999993520,3.4060184955596924
6.2999999999999439,124.4999999999993463,3.1630663871765137
6.2999999999999439,124.5999999999993406,2.8969159126281738
6.2999999999999439,124.6999999999993349,2.4478557109832764
6.2999999999999439,124.7999999999993292,2.1979277133941650
6.2999999999999439,124.8999999999993236,2.2377574443817139
6.2999999999999439,124.9999999999993179,2.1765489578247070
6.2999999999999439,125.0999999999993122,2.3622460365295410
6.2999999999999439,125.1999999999993065,2.7354815006256104
6.2999999999999439,125.2999999999993008,2.9535953998565674
6.2999999999999439,125.3999999999992951,3.1904439926147461
6.2999999999999439,125.4999999999992895,3.1558775901794434
6.2999999999999439,125.5999999999992838,3.0797441005706787
6.1999999999999442,124.2999999999993577,4.5451073646545410
6.1999999999999442,124.3999999999993520,4.2566914558410645
6.1999999999999442,124.4999999999993463,3.7494676113128662
6.1999999999999442,124.5999999999993406,3.2872996330261230
6.1999999999999442,124.6999999999993349,2.7885336875915527
6.1999999999999442,124.7999999999993292,2.3697330951690674
6.1999999999999442,124.8999999999993236,2.2202391624450684
6.1999999999999442,124.9999999999993179,2.1267867088317871
6.1999999999999442,125.0999999999993122,2.4900214672088623
6.1999999999999442,125.1999999999993065,2.7993013858795166
6.1999999999999442,125.2999999999993008,2.8780832290649414
6.1999999999999442,125.3999999999992951,2.9599528312683105
6.1999999999999442,125.4999999999992895,3.0863277912139893
6.1999999999999442,125.5999999999992838,3.6657137870788574
6.1999999999999442,125.6999999999992781,3.8385202884674072
6.0999999999999446,120.9999999999995453,4.5209946632385254
6.0999999999999446,121.0999999999995396,4.6668148040771484
6.0999999999999446,124.4999999999993463,4.3880939483642578
6.0999999999999446,124.5999999999993406,3.6789720058441162
6.0999999999999446,124.6999999999993349,3.2177779674530029
6.0999999999999446,124.7999999999993292,2.9655756950378418
6.0999999999999446,124.8999999999993236,2.6842720508575439
6.0999999999999446,124.9999999999993179,2.7021803855895996
6.0999999999999446,125.0999999999993122,2.8839819431304932
6.0999999999999446,125.2999999999993008,2.9539585113525391
6.0999999999999446,125.3999999999992951,2.9024217128753662
6.0999999999999446,125.4999999999992895,3.3100819587707520
6.0999999999999446,125.5999999999992838,4.3030085563659668
6.0999999999999446,125.6999999999992781,5.3013377189636230
5.9999999999999449,120.8999999999995509,4.8709936141967773
5.9999999999999449,120.9999999999995453,4.9662747383117676
5.9999999999999449,121.0999999999995396,5.0804271697998047
5.9999999999999449,121.3999999999995225,5.4688496589660645
5.9999999999999449,124.5999999999993406,4.6072878837585449
5.9999999999999449,124.6999999999993349,4.3713560104370117
5.9999999999999449,124.7999999999993292,4.3654427528381348
5.9999999999999449,124.8999999999993236,4.3441352844238281
5.9999999999999449,124.9999999999993179,4.1976990699768066
5.9999999999999449,125.0999999999993122,4.1789326667785645
5.9999999999999449,125.3999999999992951,3.3071768283843994
5.9999999999999449,125.4999999999992895,3.8372380733489990
5.9999999999999449,125.5999999999992838,5.0946974754333496
5.8999999999999453,120.8999999999995509,5.0617208480834961
5.8999999999999453,124.7999999999993292,5.8396878242492676
5.8999999999999453,124.8999999999993236,6.8076891899108887
5.8999999999999453,124.9999999999993179,6.4632596969604492
5.8999999999999453,125.0999999999993122,6.0335254669189453
5.8999999999999453,125.1999999999993065,6.1077055931091309
5.8999999999999453,125.2999999999993008,5.1036996841430664
5.8999999999999453,125.3999999999992951,4.4316830635070801
5.8999999999999453,125.4999999999992895,4.9049148559570312
5.8999999999999453,125.5999999999992838,6.1934137344360352
5.7999999999999456,125.2999999999993008,6.5630517005920410
5.7999999999999456,125.3999999999992951,5.5795164108276367
5.7999999999999456,125.4999999999992895,5.9022340774536133
5.6999999999999460,125.2999999999993008,7.5666518211364746
5.6999999999999460,125.3999999999992951,7.2079372406005859
5.5999999999999464,125.2999999999993008,9.5521316528320312
5.5999999999999464,125.3999999999992951,9.0261764526367188
5.3999999999999471,118.8999999999996646,2.8303675651550293
5.3999999999999471,118.9999999999996589,3.3716115951538086
5.3999999999999471,119.0999999999996533,3.8842759132385254
5.3999999999999471,119.1999999999996476,4.4507269859313965
5.2999999999999474,118.8999999999996646,2.3553287982940674
5.2999999999999474,118.9999999999996589,2.7273175716400146
5.2999999999999474,119.0999999999996533,3.2125680446624756
5.2999999999999474,119.1999999999996476,3.7066862583160400
5.2999999999999474,120.1999999999995907,5.7393288612365723
5.1999999999999478,118.8999999999996646,2.1808187961578369
5.1999999999999478,118.9999999999996589,2.3653864860534668
5.1999999999999478,119.0999999999996533,2.6313002109527588
5.1999999999999478,119.1999999999996476,3.2312040328979492
5.1999999999999478,120.1999999999995907,5.6574158668518066
5.0999999999999481,118.8999999999996646,2.3630323410034180
5.0999999999999481,118.9999999999996589,2.5601384639739990
5.0999999999999481,119.7999999999996135,5.0825352668762207
5.0999999999999481,119.8999999999996078,5.2386088371276855
