latitude,longitude,max_wind_speed
19.3999999999999559,121.3999999999995225,25.3544197082519531
19.3999999999999559,121.4999999999995168,26.4110183715820312
18.8999999999999488,121.8999999999994941,27.0972309112548828
18.5999999999999446,120.7999999999995566,18.5575733184814453
18.5999999999999446,120.8999999999995509,18.7501239776611328
18.5999999999999446,121.0999999999995396,19.8380928039550781
18.5999999999999446,121.1999999999995339,20.4369945526123047
18.4999999999999432,120.6999999999995623,14.9464111328125000
18.4999999999999432,120.7999999999995566,14.4047355651855469
18.4999999999999432,120.8999999999995509,13.9159145355224609
18.4999999999999432,120.9999999999995453,14.0436401367187500
18.4999999999999432,121.0999999999995396,14.5406198501586914
18.4999999999999432,121.1999999999995339,15.0499353408813477
18.4999999999999432,121.2999999999995282,15.9392862319946289
18.4999999999999432,122.1999999999994770,28.0451202392578125
18.3999999999999417,120.5999999999995680,13.1278591156005859
18.3999999999999417,120.6999999999995623,12.0130033493041992
18.3999999999999417,120.7999999999995566,10.8505601882934570
18.3999999999999417,120.8999999999995509,9.7304105758666992
18.3999999999999417,120.9999999999995453,9.4421405792236328
18.3999999999999417,121.0999999999995396,9.8164873123168945
18.3999999999999417,121.1999999999995339,10.4216346740722656
18.3999999999999417,121.2999999999995282,12.2497739791870117
18.3999999999999417,121.3999999999995225,14.4281463623046875
18.3999999999999417,121.4999999999995168,16.0744113922119141
18.3999999999999417,121.5999999999995111,17.6871185302734375
18.3999999999999417,122.0999999999994827,26.9708347320556641
18.3999999999999417,122.1999999999994770,27.6954441070556641
18.3999999999999417,122.2999999999994714,28.3840007781982422
18.2999999999999403,120.6999999999995623,11.2716531753540039
18.2999999999999403,120.7999999999995566,9.9393262863159180
18.2999999999999403,120.8999999999995509,8.6113452911376953
18.2999999999999403,120.9999999999995453,8.2629365921020508
18.2999999999999403,121.0999999999995396,8.4990854263305664
18.2999999999999403,121.1999999999995339,8.7701807022094727
18.2999999999999403,121.2999999999995282,10.1181783676147461
18.2999999999999403,121.3999999999995225,11.8589525222778320
18.2999999999999403,121.4999999999995168,13.5252037048339844
18.2999999999999403,121.5999999999995111,14.9859399795532227
18.2999999999999403,121.6999999999995055,16.6333789825439453
18.2999999999999403,122.0999999999994827,22.4081363677978516
18.2999999999999403,122.1999999999994770,23.9675369262695312
18.2999999999999403,122.2999999999994714,25.3199958801269531
18.1999999999999389,120.4999999999995737,14.5020627975463867
18.1999999999999389,120.5999999999995680,12.8037128448486328
18.1999999999999389,120.6999999999995623,10.9079275131225586
18.1999999999999389,120.7999999999995566,9.4939384460449219
18.1999999999999389,120.8999999999995509,8.1469326019287109
18.1999999999999389,120.9999999999995453,7.6290702819824219
18.1999999999999389,121.0999999999995396,7.7143054008483887
18.1999999999999389,121.1999999999995339,7.8069491386413574
18.1999999999999389,121.2999999999995282,8.3499126434326172
18.1999999999999389,121.3999999999995225,9.5212259292602539
18.1999999999999389,121.4999999999995168,10.6669311523437500
18.1999999999999389,121.5999999999995111,11.4884719848632812
18.1999999999999389,121.6999999999995055,12.3334093093872070
18.1999999999999389,121.7999999999994998,13.5279102325439453
18.1999999999999389,121.8999999999994941,14.7219409942626953
18.1999999999999389,121.9999999999994884,15.9296293258666992
18.1999999999999389,122.0999999999994827,17.6140270233154297
18.1999999999999389,122.1999999999994770,19.9902305603027344
18.0999999999999375,120.4999999999995737,14.8253450393676758
18.0999999999999375,120.5999999999995680,12.3824291229248047
18.0999999999999375,120.6999999999995623,10.4093322753906250
18.0999999999999375,120.7999999999995566,9.0910739898681641
18.0999999999999375,120.8999999999995509,7.7819294929504395
18.0999999999999375,120.9999999999995453,7.3000717163085938
18.0999999999999375,121.0999999999995396,7.2861824035644531
18.0999999999999375,121.1999999999995339,7.2855153083801270
18.0999999999999375,121.2999999999995282,7.3563923835754395
18.0999999999999375,121.3999999999995225,8.0175113677978516
18.0999999999999375,121.4999999999995168,8.6031599044799805
18.0999999999999375,121.5999999999995111,9.0006008148193359
18.0999999999999375,121.6999999999995055,9.3643779754638672
18.0999999999999375,121.7999999999994998,10.0889005661010742
18.0999999999999375,121.8999999999994941,10.8659229278564453
18.0999999999999375,121.9999999999994884,12.1360769271850586
18.0999999999999375,122.0999999999994827,14.0810394287109375
18.0999999999999375,122.1999999999994770,15.9850797653198242
17.9999999999999361,120.5999999999995680,11.3428678512573242
17.9999999999999361,120.6999999999995623,9.6200923919677734
17.9999999999999361,120.7999999999995566,8.7508602142333984
17.9999999999999361,120.8999999999995509,7.9767861366271973
17.9999999999999361,120.9999999999995453,7.6924614906311035
17.9999999999999361,121.0999999999995396,7.7266235351562500
17.9999999999999361,121.1999999999995339,7.7382183074951172
17.9999999999999361,121.2999999999995282,7.9723820686340332
17.9999999999999361,121.3999999999995225,8.4548959732055664
17.9999999999999361,121.4999999999995168,8.9116325378417969
17.9999999999999361,121.5999999999995111,9.0614004135131836
17.9999999999999361,121.6999999999995055,9.2112350463867188
17.9999999999999361,121.7999999999994998,9.3879833221435547
17.9999999999999361,121.8999999999994941,9.5860157012939453
17.9999999999999361,121.9999999999994884,10.3634834289550781
17.9999999999999361,122.0999999999994827,12.0175189971923828
17.8999999999999346,120.4999999999995737,12.9231796264648438
17.8999999999999346,120.5999999999995680,10.3844337463378906
17.8999999999999346,120.6999999999995623,8.7580518722534180
17.8999999999999346,120.7999999999995566,8.4604291915893555
17.8999999999999346,120.8999999999995509,8.1713647842407227
17.8999999999999346,120.9999999999995453,8.0973463058471680
17.8999999999999346,121.0999999999995396,8.1618347167968750
17.8999999999999346,121.1999999999995339,8.3341951370239258
17.8999999999999346,121.2999999999995282,8.6235837936401367
17.8999999999999346,121.3999999999995225,8.9386672973632812
17.8999999999999346,121.4999999999995168,9.1861515045166016
17.8999999999999346,121.5999999999995111,9.1976394653320312
17.8999999999999346,121.6999999999995055,9.1671028137207031
17.8999999999999346,121.7999999999994998,9.1454381942749023
17.8999999999999346,121.8999999999994941,9.0151643753051758
17.8999999999999346,121.9999999999994884,8.9037628173828125
17.8999999999999346,122.0999999999994827,10.0029630661010742
17.7999999999999332,120.4999999999995737,12.3394174575805664
17.7999999999999332,120.5999999999995680,9.7899217605590820
17.7999999999999332,120.6999999999995623,8.3459758758544922
17.7999999999999332,120.7999999999995566,8.2053308486938477
17.7999999999999332,120.8999999999995509,8.1495094299316406
17.7999999999999332,120.9999999999995453,8.0716609954833984
17.7999999999999332,121.0999999999995396,8.1175155639648438
17.7999999999999332,121.1999999999995339,8.2649250030517578
17.7999999999999332,121.2999999999995282,8.3857164382934570
17.7999999999999332,121.3999999999995225,8.5419349670410156
17.7999999999999332,121.4999999999995168,8.7237749099731445
17.7999999999999332,121.5999999999995111,8.6785535812377930
17.7999999999999332,121.6999999999995055,8.6665630340576172
17.7999999999999332,121.7999999999994998,8.6224679946899414
17.7999999999999332,121.8999999999994941,8.3437051773071289
17.7999999999999332,121.9999999999994884,8.0525035858154297
17.7999999999999332,122.0999999999994827,8.9887981414794922
17.6999999999999318,120.3999999999995794,14.6546325683593750
17.6999999999999318,120.4999999999995737,12.3769464492797852
17.6999999999999318,120.5999999999995680,9.8840112686157227
17.6999999999999318,120.6999999999995623,8.2940015792846680
17.6999999999999318,120.7999999999995566,8.0364065170288086
17.6999999999999318,120.8999999999995509,7.9029541015625000
17.6999999999999318,120.9999999999995453,7.6741347312927246
17.6999999999999318,121.0999999999995396,7.4739441871643066
17.6999999999999318,121.1999999999995339,7.2758674621582031
17.6999999999999318,121.2999999999995282,7.0960340499877930
17.6999999999999318,121.3999999999995225,7.0663990974426270
17.6999999999999318,121.4999999999995168,7.1872887611389160
17.6999999999999318,121.5999999999995111,7.3620042800903320
17.6999999999999318,121.6999999999995055,7.5614643096923828
17.6999999999999318,121.7999999999994998,7.6920900344848633
17.6999999999999318,121.8999999999994941,7.5275921821594238
17.6999999999999318,121.9999999999994884,7.3620734214782715
17.6999999999999318,122.0999999999994827,8.3071708679199219
17.5999999999999304,120.3999999999995794,14.8923540115356445
17.5999999999999304,120.4999999999995737,12.4756765365600586
17.5999999999999304,120.5999999999995680,10.1053514480590820
17.5999999999999304,120.6999999999995623,8.6661415100097656
17.5999999999999304,120.7999999999995566,8.2741603851318359
17.5999999999999304,120.8999999999995509,8.0613574981689453
17.5999999999999304,120.9999999999995453,7.3809313774108887
17.5999999999999304,121.0999999999995396,6.8131523132324219
17.5999999999999304,121.1999999999995339,6.2598047256469727
17.5999999999999304,121.2999999999995282,5.8121681213378906
17.5999999999999304,121.3999999999995225,5.6696643829345703
17.5999999999999304,121.4999999999995168,5.8385481834411621
17.5999999999999304,121.5999999999995111,6.2057261466979980
17.5999999999999304,121.6999999999995055,6.8582129478454590
17.5999999999999304,121.7999999999994998,7.2980537414550781
17.5999999999999304,121.8999999999994941,6.7912158966064453
17.5999999999999304,121.9999999999994884,6.8643035888671875
17.5999999999999304,122.0999999999994827,7.9217076301574707
17.4999999999999289,120.4999999999995737,12.1887359619140625
17.4999999999999289,120.5999999999995680,9.7929277420043945
17.4999999999999289,120.6999999999995623,8.2498731613159180
17.4999999999999289,120.7999999999995566,7.8184862136840820
17.4999999999999289,120.8999999999995509,7.5318031311035156
17.4999999999999289,120.9999999999995453,6.8027391433715820
17.4999999999999289,121.0999999999995396,6.1434836387634277
17.4999999999999289,121.1999999999995339,5.5432133674621582
17.4999999999999289,121.2999999999995282,4.7964906692504883
17.4999999999999289,121.3999999999995225,4.4262523651123047
17.4999999999999289,121.4999999999995168,4.6593613624572754
17.4999999999999289,121.5999999999995111,5.6803965568542480
17.4999999999999289,121.6999999999995055,6.6604990959167480
17.4999999999999289,121.7999999999994998,7.1229252815246582
17.4999999999999289,121.8999999999994941,6.1215376853942871
17.4999999999999289,121.9999999999994884,6.0499882698059082
17.4999999999999289,122.0999999999994827,7.0527739524841309
17.3999999999999275,120.4999999999995737,11.6231565475463867
17.3999999999999275,120.5999999999995680,9.1106643676757812
17.3999999999999275,120.6999999999995623,7.6039328575134277
17.3999999999999275,120.7999999999995566,7.0172877311706543
17.3999999999999275,120.8999999999995509,6.6113381385803223
17.3999999999999275,120.9999999999995453,6.0347394943237305
17.3999999999999275,121.0999999999995396,5.4754905700683594
17.3999999999999275,121.1999999999995339,4.9385108947753906
17.3999999999999275,121.2999999999995282,3.9367606639862061
17.3999999999999275,121.3999999999995225,3.3591592311859131
17.3999999999999275,121.4999999999995168,4.4573488235473633
17.3999999999999275,121.5999999999995111,5.3872785568237305
17.3999999999999275,121.6999999999995055,6.2897129058837891
17.3999999999999275,121.7999999999994998,6.5512547492980957
17.3999999999999275,121.8999999999994941,5.6351013183593750
17.3999999999999275,121.9999999999994884,5.2389097213745117
17.3999999999999275,122.0999999999994827,6.0923953056335449
17.3999999999999275,122.1999999999994770,7.7805600166320801
17.2999999999999261,120.4999999999995737,10.8682556152343750
17.2999999999999261,120.5999999999995680,8.4348487854003906
17.2999999999999261,120.6999999999995623,6.7202386856079102
17.2999999999999261,120.7999999999995566,6.2221999168395996
17.2999999999999261,120.8999999999995509,5.7657752037048340
17.2999999999999261,120.9999999999995453,5.3544039726257324
17.2999999999999261,121.0999999999995396,4.9281406402587891
17.2999999999999261,121.1999999999995339,4.7803974151611328
17.2999999999999261,121.2999999999995282,3.3196640014648438
17.2999999999999261,121.3999999999995225,2.8203310966491699
17.2999999999999261,121.4999999999995168,4.2457966804504395
17.2999999999999261,121.5999999999995111,5.1872806549072266
17.2999999999999261,121.6999999999995055,6.0627050399780273
17.2999999999999261,121.7999999999994998,6.4412384033203125
17.2999999999999261,121.8999999999994941,5.5185990333557129
17.2999999999999261,121.9999999999994884,4.9228277206420898
17.2999999999999261,122.0999999999994827,5.2004122734069824
17.2999999999999261,122.1999999999994770,6.5813002586364746
17.2999999999999261,122.2999999999994714,7.9806733131408691
17.1999999999999247,120.4999999999995737,10.5499811172485352
17.1999999999999247,120.5999999999995680,7.6003003120422363
17.1999999999999247,120.6999999999995623,5.9995484352111816
17.1999999999999247,120.7999999999995566,5.4398617744445801
17.1999999999999247,120.8999999999995509,4.9837069511413574
17.1999999999999247,120.9999999999995453,4.7965865135192871
17.1999999999999247,121.0999999999995396,4.6813850402832031
17.1999999999999247,121.1999999999995339,4.4313335418701172
17.1999999999999247,121.2999999999995282,3.2268846035003662
17.1999999999999247,121.3999999999995225,2.9929082393646240
17.1999999999999247,121.4999999999995168,4.1455502510070801
17.1999999999999247,121.5999999999995111,5.1594204902648926
17.1999999999999247,121.6999999999995055,6.1757225990295410
17.1999999999999247,121.7999999999994998,6.6302018165588379
17.1999999999999247,121.8999999999994941,5.9483227729797363
17.1999999999999247,121.9999999999994884,5.4431500434875488
17.1999999999999247,122.0999999999994827,5.5442647933959961
17.1999999999999247,122.1999999999994770,6.2537679672241211
17.1999999999999247,122.2999999999994714,7.1469058990478516
17.1999999999999247,122.3999999999994657,8.1603174209594727
17.0999999999999233,120.4999999999995737,9.9333963394165039
17.0999999999999233,120.5999999999995680,7.3083057403564453
17.0999999999999233,120.6999999999995623,5.4195480346679688
17.0999999999999233,120.7999999999995566,4.9165444374084473
17.0999999999999233,120.8999999999995509,4.5386104583740234
17.0999999999999233,120.9999999999995453,4.6248469352722168
17.0999999999999233,121.0999999999995396,4.6158800125122070
17.0999999999999233,121.1999999999995339,4.7430610656738281
17.0999999999999233,121.2999999999995282,3.4735066890716553
17.0999999999999233,121.3999999999995225,3.2912869453430176
17.0999999999999233,121.4999999999995168,4.0867094993591309
17.0999999999999233,121.5999999999995111,5.2593779563903809
17.0999999999999233,121.6999999999995055,6.4518370628356934
17.0999999999999233,121.7999999999994998,7.1914930343627930
17.0999999999999233,121.8999999999994941,6.6606998443603516
17.0999999999999233,121.9999999999994884,6.3225116729736328
17.0999999999999233,122.0999999999994827,6.2778229713439941
17.0999999999999233,122.1999999999994770,6.3602161407470703
17.0999999999999233,122.2999999999994714,6.5266890525817871
17.0999999999999233,122.3999999999994657,7.9395647048950195
17.0999999999999233,122.4999999999994600,10.4925222396850586
16.9999999999999218,120.4999999999995737,9.8050594329833984
16.9999999999999218,120.5999999999995680,6.9917736053466797
16.9999999999999218,120.6999999999995623,5.1820254325866699
16.9999999999999218,120.7999999999995566,4.6755228042602539
16.9999999999999218,120.8999999999995509,4.4026446342468262
16.9999999999999218,120.9999999999995453,4.5067963600158691
16.9999999999999218,121.0999999999995396,4.5465860366821289
16.9999999999999218,121.1999999999995339,4.7444500923156738
16.9999999999999218,121.2999999999995282,3.9458622932434082
16.9999999999999218,121.3999999999995225,3.6587948799133301
16.9999999999999218,121.4999999999995168,4.1927766799926758
16.9999999999999218,121.5999999999995111,5.4685230255126953
16.9999999999999218,121.6999999999995055,6.7853832244873047
16.9999999999999218,121.7999999999994998,7.6100602149963379
16.9999999999999218,121.8999999999994941,7.2568483352661133
16.9999999999999218,121.9999999999994884,6.9772062301635742
16.9999999999999218,122.0999999999994827,6.8326849937438965
16.9999999999999218,122.1999999999994770,6.6033396720886230
16.9999999999999218,122.2999999999994714,6.4399938583374023
16.9999999999999218,122.3999999999994657,7.6811575889587402
16.8999999999999204,120.3999999999995794,10.4142837524414062
16.8999999999999204,120.4999999999995737,8.8007440567016602
16.8999999999999204,120.5999999999995680,6.5067362785339355
16.8999999999999204,120.6999999999995623,5.0750293731689453
16.8999999999999204,120.7999999999995566,4.6989240646362305
16.8999999999999204,120.8999999999995509,4.6269106864929199
16.8999999999999204,120.9999999999995453,4.6289238929748535
16.8999999999999204,121.0999999999995396,4.6120591163635254
16.8999999999999204,121.1999999999995339,4.8424763679504395
16.8999999999999204,121.2999999999995282,4.1338496208190918
16.8999999999999204,121.3999999999995225,4.0983152389526367
16.8999999999999204,121.4999999999995168,4.6980423927307129
16.8999999999999204,121.5999999999995111,5.7791633605957031
16.8999999999999204,121.6999999999995055,6.9806046485900879
16.8999999999999204,121.7999999999994998,7.7387943267822266
16.8999999999999204,121.8999999999994941,7.2139873504638672
16.8999999999999204,121.9999999999994884,6.7378010749816895
16.8999999999999204,122.0999999999994827,6.4940609931945801
16.8999999999999204,122.1999999999994770,6.3895130157470703
16.8999999999999204,122.2999999999994714,6.2861647605895996
16.8999999999999204,122.3999999999994657,7.8679680824279785
16.7999999999999190,120.3999999999995794,9.3655767440795898
16.7999999999999190,120.4999999999995737,7.7264389991760254
16.7999999999999190,120.5999999999995680,6.0916190147399902
16.7999999999999190,120.6999999999995623,5.0181531906127930
16.7999999999999190,120.7999999999995566,4.7939300537109375
16.7999999999999190,120.8999999999995509,4.9754071235656738
16.7999999999999190,120.9999999999995453,5.0702767372131348
16.7999999999999190,121.0999999999995396,4.8654856681823730
16.7999999999999190,121.1999999999995339,4.7779555320739746
16.7999999999999190,121.2999999999995282,4.3785109519958496
16.7999999999999190,121.3999999999995225,4.5407552719116211
16.7999999999999190,121.4999999999995168,5.1873283386230469
16.7999999999999190,121.5999999999995111,6.1527395248413086
16.7999999999999190,121.6999999999995055,7.1849112510681152
16.7999999999999190,121.7999999999994998,7.7874135971069336
16.7999999999999190,121.8999999999994941,7.0359630584716797
16.7999999999999190,121.9999999999994884,6.3085227012634277
16.7999999999999190,122.0999999999994827,5.9631428718566895
16.7999999999999190,122.1999999999994770,6.0790214538574219
16.7999999999999190,122.2999999999994714,6.2785634994506836
16.7999999999999190,122.3999999999994657,7.2230191230773926
16.6999999999999176,120.3999999999995794,8.3202857971191406
16.6999999999999176,120.4999999999995737,6.8851976394653320
16.6999999999999176,120.5999999999995680,5.6595993041992188
16.6999999999999176,120.6999999999995623,4.9613580703735352
16.6999999999999176,120.7999999999995566,4.9106993675231934
16.6999999999999176,120.8999999999995509,5.4708166122436523
16.6999999999999176,120.9999999999995453,5.5757389068603516
16.6999999999999176,121.0999999999995396,5.1160874366760254
16.6999999999999176,121.1999999999995339,4.8758411407470703
16.6999999999999176,121.2999999999995282,4.6416039466857910
16.6999999999999176,121.3999999999995225,4.8911442756652832
16.6999999999999176,121.4999999999995168,5.5926194190979004
16.6999999999999176,121.5999999999995111,6.3895664215087891
16.6999999999999176,121.6999999999995055,7.2282514572143555
16.6999999999999176,121.7999999999994998,7.6829142570495605
16.6999999999999176,121.8999999999994941,6.8188667297363281
16.6999999999999176,121.9999999999994884,5.9522876739501953
16.6999999999999176,122.0999999999994827,5.6515073776245117
16.6999999999999176,122.1999999999994770,6.1524105072021484
16.6999999999999176,122.2999999999994714,6.6949381828308105
16.5999999999999162,120.2999999999995850,9.9497528076171875
16.5999999999999162,120.3999999999995794,8.4305591583251953
16.5999999999999162,120.4999999999995737,6.9813938140869141
16.5999999999999162,120.5999999999995680,5.5579590797424316
16.5999999999999162,120.6999999999995623,4.9417982101440430
16.5999999999999162,120.7999999999995566,5.0485172271728516
16.5999999999999162,120.8999999999995509,5.5765976905822754
16.5999999999999162,120.9999999999995453,5.6611847877502441
16.5999999999999162,121.0999999999995396,5.2688307762145996
16.5999999999999162,121.1999999999995339,4.9803571701049805
16.5999999999999162,121.2999999999995282,4.8055663108825684
16.5999999999999162,121.3999999999995225,4.9913811683654785
16.5999999999999162,121.4999999999995168,5.5200023651123047
16.5999999999999162,121.5999999999995111,5.9587512016296387
16.5999999999999162,121.6999999999995055,6.3666744232177734
16.5999999999999162,121.7999999999994998,6.6828331947326660
16.5999999999999162,121.8999999999994941,6.2575964927673340
16.5999999999999162,121.9999999999994884,5.8927822113037109
16.5999999999999162,122.0999999999994827,6.1827397346496582
16.5999999999999162,122.1999999999994770,7.4799342155456543
16.5999999999999162,122.2999999999994714,8.3229093551635742
16.4999999999999147,120.2999999999995850,9.7403411865234375
16.4999999999999147,120.3999999999995794,8.6790304183959961
16.4999999999999147,120.4999999999995737,7.1150116920471191
16.4999999999999147,120.5999999999995680,5.6021795272827148
16.4999999999999147,120.6999999999995623,4.9247102737426758
16.4999999999999147,120.7999999999995566,5.2199130058288574
16.4999999999999147,120.8999999999995509,5.8192543983459473
16.4999999999999147,120.9999999999995453,5.8735618591308594
16.4999999999999147,121.0999999999995396,5.4391708374023438
16.4999999999999147,121.1999999999995339,5.1621017456054688
16.4999999999999147,121.2999999999995282,5.1466097831726074
16.4999999999999147,121.3999999999995225,5.4071679115295410
16.4999999999999147,121.4999999999995168,5.6544036865234375
16.4999999999999147,121.5999999999995111,5.6626377105712891
16.4999999999999147,121.6999999999995055,5.6175279617309570
16.4999999999999147,121.7999999999994998,5.6492409706115723
16.4999999999999147,121.8999999999994941,5.7491407394409180
16.4999999999999147,121.9999999999994884,5.8592720031738281
16.4999999999999147,122.0999999999994827,6.8227605819702148
16.4999999999999147,122.1999999999994770,8.9408960342407227
16.3999999999999133,120.3999999999995794,9.2875127792358398
16.3999999999999133,120.4999999999995737,7.6099791526794434
16.3999999999999133,120.5999999999995680,5.9575366973876953
16.3999999999999133,120.6999999999995623,5.0988850593566895
16.3999999999999133,120.7999999999995566,5.2771105766296387
16.3999999999999133,120.8999999999995509,5.6126708984375000
16.3999999999999133,120.9999999999995453,5.5852885246276855
16.3999999999999133,121.0999999999995396,5.4121294021606445
16.3999999999999133,121.1999999999995339,5.5110297203063965
16.3999999999999133,121.2999999999995282,5.5132679939270020
16.3999999999999133,121.3999999999995225,5.6237840652465820
16.3999999999999133,121.4999999999995168,5.6964278221130371
16.3999999999999133,121.5999999999995111,5.4567399024963379
16.3999999999999133,121.6999999999995055,5.2149615287780762
16.3999999999999133,121.7999999999994998,5.2203054428100586
16.3999999999999133,121.8999999999994941,5.8516979217529297
16.3999999999999133,121.9999999999994884,6.5533108711242676
16.3999999999999133,122.0999999999994827,8.0003843307495117
16.3999999999999133,122.1999999999994770,10.2337293624877930
16.2999999999999119,119.7999999999996135,11.3251085281372070
16.2999999999999119,120.3999999999995794,10.4219331741333008
16.2999999999999119,120.4999999999995737,8.6634979248046875
16.2999999999999119,120.5999999999995680,6.7904791831970215
16.2999999999999119,120.6999999999995623,5.6224951744079590
16.2999999999999119,120.7999999999995566,5.3638739585876465
16.2999999999999119,120.8999999999995509,5.1648740768432617
16.2999999999999119,120.9999999999995453,5.2060050964355469
16.2999999999999119,121.0999999999995396,5.4524083137512207
16.2999999999999119,121.1999999999995339,5.9215192794799805
16.2999999999999119,121.2999999999995282,5.7443289756774902
16.2999999999999119,121.3999999999995225,5.4362754821777344
16.2999999999999119,121.4999999999995168,5.3740258216857910
16.2999999999999119,121.5999999999995111,5.2438654899597168
16.2999999999999119,121.6999999999995055,5.1021513938903809
16.2999999999999119,121.7999999999994998,5.3014178276062012
16.2999999999999119,121.8999999999994941,6.7001314163208008
16.2999999999999119,121.9999999999994884,8.1937246322631836
16.2999999999999119,122.0999999999994827,9.9849233627319336
16.1999999999999105,119.7999999999996135,10.0894079208374023
16.1999999999999105,119.8999999999996078,10.8299255371093750
16.1999999999999105,119.9999999999996021,11.5902013778686523
16.1999999999999105,120.4999999999995737,9.6918535232543945
16.1999999999999105,120.5999999999995680,7.5851721763610840
16.1999999999999105,120.6999999999995623,6.1046609878540039
16.1999999999999105,120.7999999999995566,5.4442791938781738
16.1999999999999105,120.8999999999995509,4.8882122039794922
16.1999999999999105,120.9999999999995453,4.9512672424316406
16.1999999999999105,121.0999999999995396,5.5342302322387695
16.1999999999999105,121.1999999999995339,6.1692600250244141
16.1999999999999105,121.2999999999995282,6.0272431373596191
16.1999999999999105,121.3999999999995225,5.4713511466979980
16.1999999999999105,121.4999999999995168,5.1507115364074707
16.1999999999999105,121.5999999999995111,5.0781717300415039
16.1999999999999105,121.6999999999995055,5.0275750160217285
16.1999999999999105,121.7999999999994998,5.6487283706665039
16.1999999999999105,121.8999999999994941,7.5694541931152344
16.1999999999999105,121.9999999999994884,9.7809419631958008
16.0999999999999091,119.7999999999996135,9.9230890274047852
16.0999999999999091,119.8999999999996078,10.1048946380615234
16.0999999999999091,119.9999999999996021,10.7382125854492188
16.0999999999999091,120.4999999999995737,9.1988477706909180
16.0999999999999091,120.5999999999995680,7.2513909339904785
16.0999999999999091,120.6999999999995623,5.8342905044555664
16.0999999999999091,120.7999999999995566,5.0744357109069824
16.0999999999999091,120.8999999999995509,4.6808862686157227
16.0999999999999091,120.9999999999995453,4.5331625938415527
16.0999999999999091,121.0999999999995396,5.2136392593383789
16.0999999999999091,121.1999999999995339,5.9873142242431641
16.0999999999999091,121.2999999999995282,5.7201714515686035
16.0999999999999091,121.3999999999995225,5.2084550857543945
16.0999999999999091,121.4999999999995168,5.1900434494018555
16.0999999999999091,121.5999999999995111,5.4788117408752441
16.0999999999999091,121.6999999999995055,5.8355975151062012
15.9999999999999094,119.7999999999996135,10.4877929687500000
15.9999999999999094,119.8999999999996078,10.0530939102172852
15.9999999999999094,119.9999999999996021,9.6557970046997070
15.9999999999999094,120.0999999999995964,9.3448286056518555
15.9999999999999094,120.1999999999995907,9.0935001373291016
15.9999999999999094,120.2999999999995850,9.0882081985473633
15.9999999999999094,120.3999999999995794,8.8880529403686523
15.9999999999999094,120.4999999999995737,7.4390769004821777
15.9999999999999094,120.5999999999995680,6.0926189422607422
15.9999999999999094,120.6999999999995623,5.0364413261413574
15.9999999999999094,120.7999999999995566,4.6840453147888184
15.9999999999999094,120.8999999999995509,4.6165204048156738
15.9999999999999094,120.9999999999995453,4.6634197235107422
15.9999999999999094,121.0999999999995396,4.6646776199340820
15.9999999999999094,121.1999999999995339,5.0506401062011719
15.9999999999999094,121.2999999999995282,5.1030411720275879
15.9999999999999094,121.3999999999995225,5.1194047927856445
15.9999999999999094,121.4999999999995168,5.2040600776672363
15.9999999999999094,121.5999999999995111,6.0142927169799805
15.8999999999999098,119.9999999999996021,8.7152509689331055
15.8999999999999098,120.0999999999995964,7.5660910606384277
15.8999999999999098,120.1999999999995907,7.2186760902404785
15.8999999999999098,120.2999999999995850,6.9965949058532715
15.8999999999999098,120.3999999999995794,6.6601033210754395
15.8999999999999098,120.4999999999995737,5.8383378982543945
15.8999999999999098,120.5999999999995680,5.1023998260498047
15.8999999999999098,120.6999999999995623,4.4913148880004883
15.8999999999999098,120.7999999999995566,4.7019901275634766
15.8999999999999098,120.8999999999995509,5.2038245201110840
15.8999999999999098,120.9999999999995453,5.3065056800842285
15.8999999999999098,121.0999999999995396,5.1871724128723145
15.8999999999999098,121.1999999999995339,5.0927844047546387
15.8999999999999098,121.2999999999995282,5.0789198875427246
15.8999999999999098,121.3999999999995225,5.2315239906311035
15.8999999999999098,121.4999999999995168,5.6137104034423828
15.8999999999999098,121.5999999999995111,6.2040982246398926
15.7999999999999101,119.9999999999996021,7.9261932373046875
15.7999999999999101,120.0999999999995964,6.3317050933837891
15.7999999999999101,120.1999999999995907,5.5964627265930176
15.7999999999999101,120.2999999999995850,5.1733860969543457
15.7999999999999101,120.3999999999995794,4.7603063583374023
15.7999999999999101,120.4999999999995737,4.3627953529357910
15.7999999999999101,120.5999999999995680,4.1423063278198242
15.7999999999999101,120.6999999999995623,3.8081440925598145
15.7999999999999101,120.7999999999995566,4.1752700805664062
15.7999999999999101,120.8999999999995509,4.8166785240173340
15.7999999999999101,120.9999999999995453,5.0110955238342285
15.7999999999999101,121.0999999999995396,4.9169325828552246
15.7999999999999101,121.1999999999995339,4.8136029243469238
15.7999999999999101,121.2999999999995282,4.5775237083435059
15.7999999999999101,121.3999999999995225,4.8413972854614258
15.7999999999999101,121.4999999999995168,5.4076342582702637
15.6999999999999105,119.9999999999996021,7.1108183860778809
15.6999999999999105,120.0999999999995964,4.9824528694152832
15.6999999999999105,120.1999999999995907,4.1894030570983887
15.6999999999999105,120.2999999999995850,3.5518028736114502
15.6999999999999105,120.3999999999995794,3.1101582050323486
15.6999999999999105,120.4999999999995737,3.0424211025238037
15.6999999999999105,120.5999999999995680,3.0802562236785889
15.6999999999999105,120.6999999999995623,3.1841380596160889
15.6999999999999105,120.7999999999995566,3.4651017189025879
15.6999999999999105,120.8999999999995509,3.9743154048919678
15.6999999999999105,120.9999999999995453,4.2723422050476074
15.6999999999999105,121.0999999999995396,4.2537207603454590
15.6999999999999105,121.1999999999995339,4.2359929084777832
15.6999999999999105,121.2999999999995282,4.3412647247314453
15.6999999999999105,121.3999999999995225,4.6360569000244141
15.6999999999999105,121.4999999999995168,5.3477277755737305
15.5999999999999108,119.9999999999996021,6.5376958847045898
15.5999999999999108,120.0999999999995964,4.0978627204895020
15.5999999999999108,120.1999999999995907,3.1007256507873535
15.5999999999999108,120.2999999999995850,2.3525063991546631
15.5999999999999108,120.3999999999995794,1.8877720832824707
15.5999999999999108,120.4999999999995737,2.1499211788177490
15.5999999999999108,120.5999999999995680,2.4833941459655762
15.5999999999999108,120.6999999999995623,2.8399069309234619
15.5999999999999108,120.7999999999995566,3.2158341407775879
15.5999999999999108,120.8999999999995509,3.6231179237365723
15.5999999999999108,120.9999999999995453,3.6538090705871582
15.5999999999999108,121.0999999999995396,3.8252694606781006
15.5999999999999108,121.1999999999995339,4.1352739334106445
15.5999999999999108,121.2999999999995282,4.6235218048095703
15.5999999999999108,121.3999999999995225,5.1768050193786621
15.5999999999999108,121.4999999999995168,5.8372225761413574
15.4999999999999112,119.9999999999996021,6.5813050270080566
15.4999999999999112,120.0999999999995964,4.2254028320312500
15.4999999999999112,120.1999999999995907,3.4440982341766357
15.4999999999999112,120.2999999999995850,2.9127707481384277
15.4999999999999112,120.3999999999995794,2.5999865531921387
15.4999999999999112,120.4999999999995737,2.7071342468261719
15.4999999999999112,120.5999999999995680,2.9101963043212891
15.4999999999999112,120.6999999999995623,3.1274051666259766
15.4999999999999112,120.7999999999995566,3.4401235580444336
15.4999999999999112,120.8999999999995509,3.7654163837432861
15.4999999999999112,120.9999999999995453,3.8797926902770996
15.4999999999999112,121.0999999999995396,4.3383917808532715
15.4999999999999112,121.1999999999995339,4.9380578994750977
15.4999999999999112,121.2999999999995282,5.8281412124633789
15.4999999999999112,121.3999999999995225,6.7871870994567871
15.4999999999999112,121.4999999999995168,7.4036469459533691
15.3999999999999115,119.8999999999996078,8.9618816375732422
15.3999999999999115,119.9999999999996021,6.8957061767578125
15.3999999999999115,120.0999999999995964,4.8966593742370605
15.3999999999999115,120.1999999999995907,4.4852375984191895
15.3999999999999115,120.2999999999995850,4.2525210380554199
15.3999999999999115,120.3999999999995794,4.0593299865722656
15.3999999999999115,120.4999999999995737,3.8935358524322510
15.3999999999999115,120.5999999999995680,3.7269356250762939
15.3999999999999115,120.6999999999995623,3.6902146339416504
15.3999999999999115,120.7999999999995566,3.7747316360473633
15.3999999999999115,120.8999999999995509,4.0636601448059082
15.3999999999999115,120.9999999999995453,4.3820643424987793
15.3999999999999115,121.0999999999995396,5.0512189865112305
15.3999999999999115,121.1999999999995339,6.0791759490966797
15.3999999999999115,121.2999999999995282,7.4159250259399414
15.2999999999999119,119.9999999999996021,6.7878379821777344
15.2999999999999119,120.0999999999995964,5.3901448249816895
15.2999999999999119,120.1999999999995907,5.1803092956542969
15.2999999999999119,120.2999999999995850,5.1647706031799316
15.2999999999999119,120.3999999999995794,5.0716400146484375
15.2999999999999119,120.4999999999995737,4.8098030090332031
15.2999999999999119,120.5999999999995680,4.5499362945556641
15.2999999999999119,120.6999999999995623,4.3518285751342773
15.2999999999999119,120.7999999999995566,4.1908998489379883
15.2999999999999119,120.8999999999995509,4.4275889396667480
15.2999999999999119,120.9999999999995453,4.8917260169982910
15.2999999999999119,121.0999999999995396,5.9362959861755371
15.2999999999999119,121.1999999999995339,7.3251757621765137
15.2999999999999119,121.2999999999995282,8.8013896942138672
15.2999999999999119,121.3999999999995225,10.0522947311401367
15.1999999999999122,120.0999999999995964,5.4023785591125488
15.1999999999999122,120.1999999999995907,4.9685297012329102
15.1999999999999122,120.2999999999995850,4.7575588226318359
15.1999999999999122,120.3999999999995794,4.7641963958740234
15.1999999999999122,120.4999999999995737,4.7861566543579102
15.1999999999999122,120.5999999999995680,5.1307258605957031
15.1999999999999122,120.6999999999995623,5.1664638519287109
15.1999999999999122,120.7999999999995566,4.8810496330261230
15.1999999999999122,120.8999999999995509,4.9574365615844727
15.1999999999999122,120.9999999999995453,5.2470569610595703
15.1999999999999122,121.0999999999995396,5.9947800636291504
15.1999999999999122,121.1999999999995339,6.9518761634826660
15.1999999999999122,121.2999999999995282,7.9565863609313965
15.0999999999999126,120.0999999999995964,6.1209516525268555
15.0999999999999126,120.1999999999995907,5.2968015670776367
15.0999999999999126,120.2999999999995850,4.9675531387329102
15.0999999999999126,120.3999999999995794,4.8912787437438965
15.0999999999999126,120.4999999999995737,5.1448941230773926
15.0999999999999126,120.5999999999995680,5.8078789710998535
15.0999999999999126,120.6999999999995623,5.9997220039367676
15.0999999999999126,120.7999999999995566,5.6138339042663574
15.0999999999999126,120.8999999999995509,5.5280222892761230
15.0999999999999126,120.9999999999995453,5.5505228042602539
15.0999999999999126,121.0999999999995396,5.9719972610473633
15.0999999999999126,121.1999999999995339,6.5062909126281738
15.0999999999999126,121.2999999999995282,7.1389026641845703
15.0999999999999126,121.3999999999995225,7.8772172927856445
14.9999999999999130,120.0999999999995964,7.0200138092041016
14.9999999999999130,120.1999999999995907,6.0317630767822266
14.9999999999999130,120.2999999999995850,5.5569825172424316
14.9999999999999130,120.3999999999995794,5.4140224456787109
14.9999999999999130,120.4999999999995737,5.7901577949523926
14.9999999999999130,120.5999999999995680,6.4832472801208496
14.9999999999999130,120.6999999999995623,7.0818362236022949
14.9999999999999130,120.7999999999995566,6.5685052871704102
14.9999999999999130,120.8999999999995509,6.2821774482727051
14.9999999999999130,120.9999999999995453,6.0274677276611328
14.9999999999999130,121.0999999999995396,6.1136832237243652
14.9999999999999130,121.1999999999995339,6.3336691856384277
14.9999999999999130,121.2999999999995282,6.6142773628234863
14.9999999999999130,121.3999999999995225,6.9958872795104980
14.9999999999999130,121.4999999999995168,7.4014592170715332
14.9999999999999130,121.8999999999994941,11.4811286926269531
14.9999999999999130,121.9999999999994884,12.2934885025024414
14.8999999999999133,120.0999999999995964,8.5062484741210938
14.8999999999999133,120.1999999999995907,7.4339079856872559
14.8999999999999133,120.2999999999995850,6.8634552955627441
14.8999999999999133,120.3999999999995794,6.5937209129333496
14.8999999999999133,120.4999999999995737,7.1973276138305664
14.8999999999999133,120.7999999999995566,7.9542160034179688
14.8999999999999133,120.8999999999995509,7.3363080024719238
14.8999999999999133,120.9999999999995453,6.7530126571655273
14.8999999999999133,121.0999999999995396,6.4404811859130859
14.8999999999999133,121.1999999999995339,6.4173808097839355
14.8999999999999133,121.2999999999995282,6.3605766296386719
14.8999999999999133,121.3999999999995225,6.4558715820312500
14.8999999999999133,121.4999999999995168,6.7067980766296387
14.8999999999999133,121.8999999999994941,11.9173755645751953
14.8999999999999133,121.9999999999994884,12.5214166641235352
14.7999999999999137,120.1999999999995907,9.1622896194458008
14.7999999999999137,120.2999999999995850,8.0455865859985352
14.7999999999999137,120.3999999999995794,8.1506319046020508
14.7999999999999137,120.4999999999995737,8.9715795516967773
14.7999999999999137,120.8999999999995509,8.4588279724121094
14.7999999999999137,120.9999999999995453,7.7508535385131836
14.7999999999999137,121.0999999999995396,6.9382548332214355
14.7999999999999137,121.1999999999995339,6.5860714912414551
14.7999999999999137,121.2999999999995282,6.4581542015075684
14.7999999999999137,121.3999999999995225,6.3527984619140625
14.7999999999999137,121.4999999999995168,6.3879189491271973
14.7999999999999137,121.5999999999995111,7.8136935234069824
14.7999999999999137,121.8999999999994941,12.9180431365966797
14.7999999999999137,121.9999999999994884,13.8189191818237305
14.7999999999999137,122.1999999999994770,15.0276832580566406
14.6999999999999140,120.2999999999995850,9.3411703109741211
14.6999999999999140,120.3999999999995794,9.5486984252929688
14.6999999999999140,120.4999999999995737,10.3260450363159180
14.6999999999999140,120.9999999999995453,8.6124181747436523
14.6999999999999140,121.0999999999995396,7.7916159629821777
14.6999999999999140,121.1999999999995339,7.6018633842468262
14.6999999999999140,121.2999999999995282,7.2608041763305664
14.6999999999999140,121.3999999999995225,6.8062434196472168
14.6999999999999140,121.4999999999995168,6.6696600914001465
14.6999999999999140,121.5999999999995111,7.8927688598632812
14.6999999999999140,121.9999999999994884,14.0097160339355469
14.6999999999999140,122.3999999999994657,15.5642528533935547
14.5999999999999144,120.3999999999995794,10.9807567596435547
14.5999999999999144,120.4999999999995737,11.4403009414672852
14.5999999999999144,120.5999999999995680,11.9806318283081055
14.5999999999999144,120.9999999999995453,9.1849279403686523
14.5999999999999144,121.0999999999995396,8.8388442993164062
14.5999999999999144,121.1999999999995339,8.8639106750488281
14.5999999999999144,121.2999999999995282,8.3675279617309570
14.5999999999999144,121.3999999999995225,7.6021909713745117
14.5999999999999144,121.4999999999995168,7.0522484779357910
14.5999999999999144,121.5999999999995111,8.5409212112426758
14.4999999999999147,120.4999999999995737,12.8081388473510742
14.4999999999999147,120.5999999999995680,12.6400241851806641
14.4999999999999147,121.0999999999995396,9.7821931838989258
14.4999999999999147,121.1999999999995339,10.3195285797119141
14.4999999999999147,121.2999999999995282,9.5020418167114258
14.4999999999999147,121.3999999999995225,8.7409257888793945
14.4999999999999147,121.4999999999995168,8.2059173583984375
14.4999999999999147,121.5999999999995111,8.9720096588134766
14.3999999999999151,120.7999999999995566,9.2265987396240234
14.3999999999999151,120.8999999999995509,8.3158626556396484
14.3999999999999151,120.9999999999995453,8.7805986404418945
14.3999999999999151,121.2999999999995282,8.6031265258789062
14.3999999999999151,121.4999999999995168,7.6289849281311035
14.3999999999999151,121.5999999999995111,9.0751228332519531
14.3999999999999151,121.6999999999995055,10.1209115982055664
14.2999999999999154,120.6999999999995623,9.6114826202392578
14.2999999999999154,120.7999999999995566,8.3536453247070312
14.2999999999999154,120.8999999999995509,7.3757076263427734
14.2999999999999154,120.9999999999995453,7.3138871192932129
14.2999999999999154,121.0999999999995396,7.8427233695983887
14.2999999999999154,121.4999999999995168,6.8563137054443359
14.2999999999999154,121.5999999999995111,8.3296146392822266
14.2999999999999154,121.6999999999995055,10.4385118484497070
14.2999999999999154,122.4999999999994600,9.7721185684204102
14.2999999999999154,122.6999999999994486,9.5940408706665039
14.1999999999999158,120.5999999999995680,10.0647401809692383
14.1999999999999158,120.6999999999995623,8.7038412094116211
14.1999999999999158,120.7999999999995566,7.1519718170166016
14.1999999999999158,120.8999999999995509,6.2289543151855469
14.1999999999999158,120.9999999999995453,6.1612381935119629
14.1999999999999158,121.0999999999995396,6.5971364974975586
14.1999999999999158,121.3999999999995225,6.3071494102478027
14.1999999999999158,121.4999999999995168,6.0279331207275391
14.1999999999999158,121.5999999999995111,7.7553734779357910
14.1999999999999158,121.6999999999995055,10.0304155349731445
14.1999999999999158,121.9999999999994884,12.4810829162597656
14.1999999999999158,122.3999999999994657,7.4606213569641113
14.1999999999999158,122.4999999999994600,7.5129113197326660
14.1999999999999158,122.5999999999994543,7.2837572097778320
14.1999999999999158,122.6999999999994486,7.2943181991577148
14.1999999999999158,122.7999999999994429,7.4114065170288086
14.1999999999999158,122.8999999999994373,7.4380002021789551
14.0999999999999162,120.5999999999995680,10.2034502029418945
14.0999999999999162,120.6999999999995623,9.1801233291625977
14.0999999999999162,120.7999999999995566,8.1227836608886719
14.0999999999999162,120.8999999999995509,7.1140756607055664
14.0999999999999162,120.9999999999995453,6.5542173385620117
14.0999999999999162,121.0999999999995396,6.4496445655822754
14.0999999999999162,121.1999999999995339,6.5810236930847168
14.0999999999999162,121.2999999999995282,6.3515315055847168
14.0999999999999162,121.3999999999995225,6.1495714187622070
14.0999999999999162,121.4999999999995168,6.4433498382568359
14.0999999999999162,121.5999999999995111,8.0723657608032227
14.0999999999999162,121.6999999999995055,10.0738010406494141
14.0999999999999162,121.7999999999994998,11.7323303222656250
14.0999999999999162,122.0999999999994827,10.1835994720458984
14.0999999999999162,122.2999999999994714,7.5457134246826172
14.0999999999999162,122.3999999999994657,6.7824473381042480
14.0999999999999162,122.4999999999994600,6.6369490623474121
14.0999999999999162,122.5999999999994543,6.4979901313781738
14.0999999999999162,122.6999999999994486,6.5120096206665039
14.0999999999999162,122.7999999999994429,6.5904250144958496
14.0999999999999162,122.8999999999994373,7.0032124519348145
14.0999999999999162,122.9999999999994316,7.6688933372497559
13.9999999999999165,120.6999999999995623,10.7731819152832031
13.9999999999999165,120.7999999999995566,9.8235998153686523
13.9999999999999165,120.8999999999995509,8.8723630905151367
13.9999999999999165,120.9999999999995453,7.9730901718139648
13.9999999999999165,121.0999999999995396,7.1035370826721191
13.9999999999999165,121.1999999999995339,6.4762234687805176
13.9999999999999165,121.2999999999995282,6.2920823097229004
13.9999999999999165,121.3999999999995225,6.5590114593505859
13.9999999999999165,121.4999999999995168,7.2516059875488281
13.9999999999999165,121.5999999999995111,8.6899480819702148
13.9999999999999165,121.6999999999995055,10.2700672149658203
13.9999999999999165,121.7999999999994998,11.6539840698242188
13.9999999999999165,121.8999999999994941,11.1839094161987305
13.9999999999999165,122.3999999999994657,6.2002973556518555
13.9999999999999165,122.4999999999994600,6.2307376861572266
13.9999999999999165,122.5999999999994543,6.2687139511108398
13.9999999999999165,122.6999999999994486,6.2828617095947266
13.9999999999999165,122.7999999999994429,6.3941245079040527
13.9999999999999165,122.8999999999994373,6.6277508735656738
13.9999999999999165,122.9999999999994316,7.8497986793518066
13.9999999999999165,123.2999999999994145,9.9645595550537109
13.9999999999999165,124.1999999999993634,10.2857179641723633
13.9999999999999165,124.2999999999993577,9.5901517868041992
13.8999999999999169,120.5999999999995680,12.6491928100585938
13.8999999999999169,120.9999999999995453,9.1539955139160156
13.8999999999999169,121.0999999999995396,7.6907973289489746
13.8999999999999169,121.1999999999995339,6.2544803619384766
13.8999999999999169,121.2999999999995282,6.3591933250427246
13.8999999999999169,121.3999999999995225,6.9525380134582520
13.8999999999999169,121.4999999999995168,7.8551206588745117
13.8999999999999169,121.9999999999994884,9.7221555709838867
13.8999999999999169,122.0999999999994827,8.4520463943481445
13.8999999999999169,122.1999999999994770,7.3280763626098633
13.8999999999999169,122.2999999999994714,6.3332166671752930
13.8999999999999169,122.3999999999994657,5.8721151351928711
13.8999999999999169,122.6999999999994486,6.2382059097290039
13.8999999999999169,122.7999999999994429,6.3688826560974121
13.8999999999999169,122.8999999999994373,6.6297025680541992
13.8999999999999169,122.9999999999994316,7.6080102920532227
13.8999999999999169,123.3999999999994088,8.5510883331298828
13.8999999999999169,123.4999999999994031,8.2801675796508789
13.8999999999999169,123.5999999999993975,8.8833675384521484
13.8999999999999169,123.6999999999993918,9.6250429153442383
13.8999999999999169,124.1999999999993634,9.8362474441528320
13.8999999999999169,124.2999999999993577,9.0998229980468750
13.7999999999999172,120.0999999999995964,13.3298015594482422
13.7999999999999172,120.1999999999995907,13.0091943740844727
13.7999999999999172,120.8999999999995509,10.6425619125366211
13.7999999999999172,120.9999999999995453,9.5516977310180664
13.7999999999999172,121.0999999999995396,7.9233307838439941
13.7999999999999172,121.1999999999995339,6.3347878456115723
13.7999999999999172,121.2999999999995282,6.2376751899719238
13.7999999999999172,121.3999999999995225,6.6715202331542969
13.7999999999999172,121.9999999999994884,9.3239307403564453
13.7999999999999172,122.0999999999994827,8.4024620056152344
13.7999999999999172,122.1999999999994770,7.4977006912231445
13.7999999999999172,122.2999999999994714,6.5700120925903320
13.7999999999999172,122.3999999999994657,6.1808052062988281
13.7999999999999172,122.7999999999994429,6.8093061447143555
13.7999999999999172,122.8999999999994373,6.9974198341369629
13.7999999999999172,122.9999999999994316,7.8038167953491211
13.7999999999999172,123.2999999999994145,8.4132604598999023
13.7999999999999172,123.3999999999994088,7.7919025421142578
13.7999999999999172,123.4999999999994031,7.4112544059753418
13.7999999999999172,123.5999999999993975,8.1592454910278320
13.7999999999999172,123.6999999999993918,9.1071376800537109
13.7999999999999172,123.7999999999993861,9.8625297546386719
13.7999999999999172,124.1999999999993634,9.5480899810791016
13.7999999999999172,124.2999999999993577,8.8578596115112305
13.6999999999999176,121.0999999999995396,7.9548263549804688
13.6999999999999176,121.1999999999995339,6.2345523834228516
13.6999999999999176,121.2999999999995282,6.1005425453186035
13.6999999999999176,121.3999999999995225,6.5511007308959961
13.6999999999999176,122.1999999999994770,7.5960893630981445
13.6999999999999176,122.2999999999994714,6.9068255424499512
13.6999999999999176,122.3999999999994657,6.9338865280151367
13.6999999999999176,122.8999999999994373,7.4916934967041016
13.6999999999999176,122.9999999999994316,8.0258884429931641
13.6999999999999176,123.0999999999994259,8.7853946685791016
13.6999999999999176,123.1999999999994202,9.4591016769409180
13.6999999999999176,123.2999999999994145,8.2322635650634766
13.6999999999999176,123.3999999999994088,7.0468273162841797
13.6999999999999176,123.4999999999994031,6.5551338195800781
13.6999999999999176,124.0999999999993690,10.2868499755859375
13.6999999999999176,124.1999999999993634,9.3667688369750977
13.6999999999999176,124.2999999999993577,8.7013874053955078
13.5999999999999179,122.2999999999994714,6.9841828346252441
13.5999999999999179,122.3999999999994657,7.6672754287719727
13.5999999999999179,122.4999999999994600,8.1041383743286133
13.5999999999999179,122.8999999999994373,8.2227010726928711
13.5999999999999179,122.9999999999994316,8.8067293167114258
13.5999999999999179,123.0999999999994259,9.4763221740722656
13.5999999999999179,123.1999999999994202,9.5725240707397461
13.5999999999999179,123.2999999999994145,8.2879390716552734
13.5999999999999179,123.3999999999994088,6.7155275344848633
13.5999999999999179,123.4999999999994031,5.8402848243713379
13.5999999999999179,124.1999999999993634,9.7137794494628906
13.5999999999999179,124.2999999999993577,9.0173540115356445
13.4999999999999183,120.6999999999995623,8.2740039825439453
13.4999999999999183,120.7999999999995566,7.6294646263122559
13.4999999999999183,121.8999999999994941,7.5374169349670410
13.4999999999999183,121.9999999999994884,6.8641715049743652
13.4999999999999183,122.4999999999994600,8.6081104278564453
13.4999999999999183,122.5999999999994543,8.9782838821411133
13.4999999999999183,123.1999999999994202,11.8164930343627930
13.4999999999999183,123.2999999999994145,9.5288619995117188
13.4999999999999183,123.3999999999994088,7.1927189826965332
13.4999999999999183,123.4999999999994031,5.8832545280456543
13.4999999999999183,123.5999999999993975,6.1144809722900391
13.3999999999999186,120.4999999999995737,9.1508922576904297
13.3999999999999186,120.5999999999995680,7.9156413078308105
13.3999999999999186,120.6999999999995623,6.6193423271179199
13.3999999999999186,120.7999999999995566,5.7785649299621582
13.3999999999999186,120.8999999999995509,4.9424681663513184
13.3999999999999186,120.9999999999995453,4.2214384078979492
13.3999999999999186,121.0999999999995396,3.3517866134643555
13.3999999999999186,121.1999999999995339,2.7886331081390381
13.3999999999999186,121.7999999999994998,6.0299639701843262
13.3999999999999186,121.8999999999994941,5.5657687187194824
13.3999999999999186,121.9999999999994884,5.4031071662902832
13.3999999999999186,122.0999999999994827,5.7157983779907227
13.3999999999999186,122.4999999999994600,9.1319456100463867
13.3999999999999186,122.5999999999994543,9.4949378967285156
13.3999999999999186,123.1999999999994202,12.9551696777343750
13.3999999999999186,123.2999999999994145,10.7707920074462891
13.3999999999999186,123.3999999999994088,7.9139943122863770
13.3999999999999186,123.4999999999994031,6.0034284591674805
13.3999999999999186,123.5999999999993975,5.9573941230773926
13.2999999999999190,120.5999999999995680,7.4502773284912109
13.2999999999999190,120.6999999999995623,5.9567251205444336
13.2999999999999190,120.7999999999995566,4.7462325096130371
13.2999999999999190,120.8999999999995509,3.7470602989196777
13.2999999999999190,120.9999999999995453,3.1861133575439453
13.2999999999999190,121.0999999999995396,2.6725981235504150
13.2999999999999190,121.1999999999995339,2.1532299518585205
13.2999999999999190,121.2999999999995282,2.4434337615966797
13.2999999999999190,121.8999999999994941,6.3345375061035156
13.2999999999999190,121.9999999999994884,6.4386768341064453
13.2999999999999190,122.5999999999994543,10.6265373229980469
13.2999999999999190,123.2999999999994145,11.6492052078247070
13.2999999999999190,123.4999999999994031,6.5760893821716309
13.2999999999999190,123.5999999999993975,6.2206969261169434
13.2999999999999190,123.6999999999993918,6.2125158309936523
13.2999999999999190,123.8999999999993804,8.4722614288330078
13.1999999999999194,120.6999999999995623,7.2062640190124512
13.1999999999999194,120.7999999999995566,5.6676921844482422
13.1999999999999194,120.8999999999995509,4.4037256240844727
13.1999999999999194,120.9999999999995453,3.6051375865936279
13.1999999999999194,121.0999999999995396,2.9546151161193848
13.1999999999999194,121.1999999999995339,2.5133721828460693
13.1999999999999194,121.3999999999995225,2.0253000259399414
13.1999999999999194,123.2999999999994145,11.7376842498779297
13.1999999999999194,123.3999999999994088,9.1577072143554688
13.1999999999999194,123.4999999999994031,7.2593564987182617
13.1999999999999194,123.5999999999993975,7.3503770828247070
13.1999999999999194,123.6999999999993918,7.4431843757629395
13.0999999999999197,120.6999999999995623,7.6662039756774902
13.0999999999999197,120.7999999999995566,6.6919651031494141
13.0999999999999197,120.8999999999995509,5.2734928131103516
13.0999999999999197,120.9999999999995453,4.1858801841735840
13.0999999999999197,121.0999999999995396,3.4262964725494385
13.0999999999999197,121.1999999999995339,2.9161007404327393
13.0999999999999197,121.2999999999995282,2.0866227149963379
13.0999999999999197,121.3999999999995225,1.5297261476516724
13.0999999999999197,121.4999999999995168,1.7559336423873901
13.0999999999999197,122.9999999999994316,15.7243299484252930
13.0999999999999197,123.3999999999994088,9.8884849548339844
13.0999999999999197,123.4999999999994031,8.4888572692871094
13.0999999999999197,123.5999999999993975,8.4960145950317383
13.0999999999999197,123.6999999999993918,8.6792087554931641
13.0999999999999197,123.7999999999993861,9.3465299606323242
13.0999999999999197,123.8999999999993804,10.5648899078369141
12.9999999999999201,120.7999999999995566,7.2781100273132324
12.9999999999999201,120.8999999999995509,5.9946823120117188
12.9999999999999201,120.9999999999995453,4.7792024612426758
12.9999999999999201,121.0999999999995396,3.9110090732574463
12.9999999999999201,121.1999999999995339,3.2837038040161133
12.9999999999999201,121.2999999999995282,2.6153485774993896
12.9999999999999201,121.3999999999995225,1.9247395992279053
12.9999999999999201,122.9999999999994316,15.9908246994018555
12.9999999999999201,123.0999999999994259,15.4876623153686523
12.9999999999999201,123.4999999999994031,9.6867551803588867
12.9999999999999201,123.5999999999993975,9.9481143951416016
12.9999999999999201,123.6999999999993918,9.9880495071411133
12.9999999999999201,123.7999999999993861,10.2242374420166016
12.9999999999999201,123.8999999999993804,10.9103899002075195
12.9999999999999201,123.9999999999993747,11.9155817031860352
12.9999999999999201,124.0999999999993690,12.7990951538085938
12.8999999999999204,120.7999999999995566,8.0543336868286133
12.8999999999999204,120.8999999999995509,6.7909221649169922
12.8999999999999204,120.9999999999995453,5.4344606399536133
12.8999999999999204,121.0999999999995396,4.3587613105773926
12.8999999999999204,121.1999999999995339,3.5895621776580811
12.8999999999999204,121.2999999999995282,3.2729249000549316
12.8999999999999204,121.3999999999995225,3.1361565589904785
12.8999999999999204,121.4999999999995168,3.0685038566589355
12.8999999999999204,123.1999999999994202,15.0955791473388672
12.8999999999999204,123.7999999999993861,11.2614688873291016
12.8999999999999204,124.0999999999993690,11.4108533859252930
12.7999999999999208,120.7999999999995566,8.9197044372558594
12.7999999999999208,120.8999999999995509,7.6226649284362793
12.7999999999999208,120.9999999999995453,6.2783160209655762
12.7999999999999208,121.0999999999995396,4.9852051734924316
12.7999999999999208,121.1999999999995339,4.0637898445129395
12.7999999999999208,121.2999999999995282,4.1393866539001465
12.7999999999999208,121.3999999999995225,4.5411243438720703
12.7999999999999208,123.8999999999993804,11.2316598892211914
12.7999999999999208,123.9999999999993747,9.9200115203857422
12.7999999999999208,124.0999999999993690,10.4732780456542969
12.6999999999999211,120.8999999999995509,8.6039619445800781
12.6999999999999211,120.9999999999995453,7.3964962959289551
12.6999999999999211,121.0999999999995396,6.1792678833007812
12.6999999999999211,121.1999999999995339,5.1874756813049316
12.6999999999999211,121.2999999999995282,5.6183156967163086
12.6999999999999211,121.3999999999995225,6.4844851493835449
12.6999999999999211,121.4999999999995168,7.3993391990661621
12.6999999999999211,123.8999999999993804,11.8230381011962891
12.6999999999999211,123.9999999999993747,10.5724420547485352
12.6999999999999211,124.0999999999993690,10.7436103820800781
12.5999999999999215,120.9999999999995453,8.6438579559326172
12.5999999999999215,121.0999999999995396,7.5849933624267578
12.5999999999999215,121.1999999999995339,6.6959023475646973
12.5999999999999215,121.2999999999995282,7.4062156677246094
12.5999999999999215,121.3999999999995225,8.7700071334838867
12.5999999999999215,121.4999999999995168,9.7713718414306641
12.5999999999999215,122.0999999999994827,12.1492700576782227
12.5999999999999215,123.9999999999993747,11.7235288619995117
12.4999999999999218,120.9999999999995453,10.0532331466674805
12.4999999999999218,121.0999999999995396,9.3429164886474609
12.4999999999999218,121.1999999999995339,8.6479101181030273
12.4999999999999218,121.2999999999995282,9.5762815475463867
12.4999999999999218,121.3999999999995225,10.8341054916381836
12.4999999999999218,121.9999999999994884,11.5638046264648438
12.4999999999999218,122.4999999999994600,15.0280017852783203
12.4999999999999218,122.5999999999994543,15.5688276290893555
12.4999999999999218,123.2999999999994145,14.7901353836059570
12.4999999999999218,123.3999999999994088,14.6509761810302734
12.4999999999999218,123.4999999999994031,14.5290117263793945
12.4999999999999218,123.6999999999993918,13.7201681137084961
12.4999999999999218,124.2999999999993577,13.9391202926635742
12.4999999999999218,124.3999999999993520,12.1896495819091797
12.4999999999999218,124.4999999999993463,10.5061140060424805
12.4999999999999218,124.5999999999993406,9.1740007400512695
12.4999999999999218,124.6999999999993349,8.5569486618041992
12.4999999999999218,124.7999999999993292,8.2577857971191406
12.4999999999999218,124.8999999999993236,8.5201873779296875
12.4999999999999218,124.9999999999993179,8.5355272293090820
12.4999999999999218,125.0999999999993122,8.5522689819335938
12.4999999999999218,125.1999999999993065,8.7244434356689453
12.3999999999999222,120.9999999999995453,11.0581560134887695
12.3999999999999222,121.0999999999995396,10.5599451065063477
12.3999999999999222,121.1999999999995339,10.2742328643798828
12.3999999999999222,121.2999999999995282,11.0896692276000977
12.3999999999999222,121.9999999999994884,12.3955583572387695
12.3999999999999222,122.0999999999994827,11.9662933349609375
12.3999999999999222,122.4999999999994600,15.0758399963378906
12.3999999999999222,122.5999999999994543,15.5658445358276367
12.3999999999999222,123.2999999999994145,13.8813295364379883
12.3999999999999222,123.3999999999994088,13.2389173507690430
12.3999999999999222,123.4999999999994031,12.7493772506713867
12.3999999999999222,124.3999999999993520,11.7879304885864258
12.3999999999999222,124.4999999999993463,9.9267654418945312
12.3999999999999222,124.5999999999993406,8.3386230468750000
12.3999999999999222,124.6999999999993349,7.9206824302673340
12.3999999999999222,124.7999999999993292,7.7151069641113281
12.3999999999999222,124.8999999999993236,7.7699208259582520
12.3999999999999222,124.9999999999993179,7.8699369430541992
12.3999999999999222,125.0999999999993122,7.9896841049194336
12.3999999999999222,125.1999999999993065,8.3744812011718750
12.2999999999999226,119.8999999999996078,12.6807641983032227
12.2999999999999226,121.1999999999995339,11.8805189132690430
12.2999999999999226,121.9999999999994884,12.9625463485717773
12.2999999999999226,123.2999999999994145,12.7198019027709961
12.2999999999999226,123.3999999999994088,11.4691162109375000
12.2999999999999226,123.4999999999994031,10.5022907257080078
12.2999999999999226,123.5999999999993975,9.9624958038330078
12.2999999999999226,123.6999999999993918,9.4236450195312500
12.2999999999999226,124.3999999999993520,11.4844713211059570
12.2999999999999226,124.4999999999993463,9.1973161697387695
12.2999999999999226,124.5999999999993406,7.4950118064880371
12.2999999999999226,124.6999999999993349,7.0170421600341797
12.2999999999999226,124.7999999999993292,7.0142846107482910
12.2999999999999226,124.8999999999993236,7.1181902885437012
12.2999999999999226,124.9999999999993179,7.3150415420532227
12.2999999999999226,125.0999999999993122,7.5098628997802734
12.2999999999999226,125.1999999999993065,8.0116987228393555
12.2999999999999226,125.2999999999993008,8.9134225845336914
12.1999999999999229,119.8999999999996078,12.5682840347290039
12.1999999999999229,119.9999999999996021,12.9460229873657227
12.1999999999999229,121.9999999999994884,13.9970159530639648
12.1999999999999229,123.2999999999994145,11.9245777130126953
12.1999999999999229,123.3999999999994088,10.7931795120239258
12.1999999999999229,123.5999999999993975,8.7586803436279297
12.1999999999999229,123.6999999999993918,8.6693611145019531
12.1999999999999229,123.7999999999993861,9.4406890869140625
12.1999999999999229,123.8999999999993804,10.3720874786376953
12.1999999999999229,124.3999999999993520,10.8463306427001953
12.1999999999999229,124.4999999999993463,9.1747694015502930
12.1999999999999229,124.5999999999993406,7.1011600494384766
12.1999999999999229,124.6999999999993349,6.7394318580627441
12.1999999999999229,124.7999999999993292,6.7090749740600586
12.1999999999999229,124.8999999999993236,6.7464880943298340
12.1999999999999229,124.9999999999993179,6.9106550216674805
12.1999999999999229,125.0999999999993122,7.0952234268188477
12.1999999999999229,125.1999999999993065,7.6304006576538086
12.1999999999999229,125.2999999999993008,8.6287984848022461
12.1999999999999229,125.3999999999992951,9.6328601837158203
12.1999999999999229,125.4999999999992895,10.2325563430786133
12.0999999999999233,119.9999999999996021,13.1702232360839844
12.0999999999999233,120.0999999999995964,13.6319198608398438
12.0999999999999233,120.1999999999995907,13.7274236679077148
12.0999999999999233,120.2999999999995850,13.8019180297851562
12.0999999999999233,123.2999999999994145,11.8977832794189453
12.0999999999999233,123.6999999999993918,10.0620841979980469
12.0999999999999233,123.7999999999993861,10.5528659820556641
12.0999999999999233,123.8999999999993804,11.6817388534545898
12.0999999999999233,124.4999999999993463,10.2945528030395508
12.0999999999999233,124.5999999999993406,8.7567195892333984
12.0999999999999233,124.6999999999993349,7.9123554229736328
12.0999999999999233,124.7999999999993292,7.4541091918945312
12.0999999999999233,124.8999999999993236,7.0580582618713379
12.0999999999999233,124.9999999999993179,6.9331259727478027
12.0999999999999233,125.0999999999993122,6.8232479095458984
12.0999999999999233,125.1999999999993065,7.1717319488525391
12.0999999999999233,125.2999999999993008,8.1301021575927734
12.0999999999999233,125.3999999999992951,8.9786338806152344
11.9999999999999236,123.1999999999994202,12.1625432968139648
11.9999999999999236,123.7999999999993861,11.8858861923217773
11.9999999999999236,123.8999999999993804,12.4779777526855469
11.9999999999999236,123.9999999999993747,13.1086874008178711
11.9999999999999236,124.6999999999993349,8.8065652847290039
11.9999999999999236,124.7999999999993292,8.2031726837158203
11.9999999999999236,124.8999999999993236,7.4526548385620117
11.9999999999999236,124.9999999999993179,6.9964632987976074
11.9999999999999236,125.0999999999993122,6.5462245941162109
11.9999999999999236,125.1999999999993065,6.7471265792846680
11.9999999999999236,125.2999999999993008,7.6274547576904297
11.9999999999999236,125.3999999999992951,8.5000448226928711
11.8999999999999240,121.9999999999994884,14.4774055480957031
11.8999999999999240,123.7999999999993861,12.8645467758178711
11.8999999999999240,123.8999999999993804,13.0479154586791992
11.8999999999999240,123.9999999999993747,13.2298030853271484
11.8999999999999240,124.7999999999993292,8.9742250442504883
11.8999999999999240,124.8999999999993236,7.9434299468994141
11.8999999999999240,124.9999999999993179,7.1857852935791016
11.8999999999999240,125.0999999999993122,6.7289533615112305
11.8999999999999240,125.1999999999993065,6.6401958465576172
11.8999999999999240,125.2999999999993008,7.3554782867431641
11.7999999999999243,121.8999999999994941,13.6952037811279297
11.7999999999999243,121.9999999999994884,13.9521789550781250
11.7999999999999243,122.0999999999994827,13.2428359985351562
11.7999999999999243,122.1999999999994770,11.5378122329711914
11.7999999999999243,124.2999999999993577,13.4397182464599609
11.7999999999999243,124.8999999999993236,8.6109066009521484
11.7999999999999243,124.9999999999993179,7.5713043212890625
11.7999999999999243,125.0999999999993122,6.8444557189941406
11.7999999999999243,125.1999999999993065,6.5495243072509766
11.7999999999999243,125.2999999999993008,7.1692266464233398
11.7999999999999243,125.3999999999992951,7.7340974807739258
11.6999999999999247,119.9999999999996021,13.6492233276367188
11.6999999999999247,122.0999999999994827,12.1198835372924805
11.6999999999999247,122.1999999999994770,10.5662107467651367
11.6999999999999247,122.2999999999994714,8.7807693481445312
11.6999999999999247,122.3999999999994657,7.9503617286682129
11.6999999999999247,124.9999999999993179,7.8667945861816406
11.6999999999999247,125.0999999999993122,6.9763174057006836
11.6999999999999247,125.1999999999993065,6.5574536323547363
11.6999999999999247,125.2999999999993008,6.9488019943237305
11.6999999999999247,125.3999999999992951,7.3446593284606934
11.5999999999999250,122.1999999999994770,8.7406444549560547
11.5999999999999250,122.2999999999994714,6.9119362831115723
11.5999999999999250,122.6999999999994486,5.5282683372497559
11.5999999999999250,124.4999999999993463,13.4913272857666016
11.5999999999999250,125.0999999999993122,6.7622919082641602
11.5999999999999250,125.1999999999993065,6.2967009544372559
11.5999999999999250,125.2999999999993008,6.5399317741394043
11.5999999999999250,125.3999999999992951,6.9112496376037598
11.4999999999999254,122.0999999999994827,8.0211086273193359
11.4999999999999254,122.1999999999994770,6.8406829833984375
11.4999999999999254,122.2999999999994714,5.4212498664855957
11.4999999999999254,122.3999999999994657,4.5619163513183594
11.4999999999999254,122.4999999999994600,4.3487854003906250
11.4999999999999254,122.5999999999994543,4.2472715377807617
11.4999999999999254,122.6999999999994486,4.9054737091064453
11.4999999999999254,122.7999999999994429,5.7114858627319336
11.4999999999999254,123.0999999999994259,9.9776582717895508
11.4999999999999254,124.3999999999993520,12.8450317382812500
11.4999999999999254,124.4999999999993463,12.6557760238647461
11.4999999999999254,124.8999999999993236,8.0097789764404297
11.4999999999999254,124.9999999999993179,7.2635331153869629
11.4999999999999254,125.0999999999993122,6.2450037002563477
11.4999999999999254,125.1999999999993065,5.8040432929992676
11.4999999999999254,125.2999999999993008,6.1574716567993164
11.4999999999999254,125.3999999999992951,6.6986970901489258
11.4999999999999254,125.4999999999992895,7.6368389129638672
11.3999999999999257,122.0999999999994827,6.5041871070861816
11.3999999999999257,122.1999999999994770,5.3249163627624512
11.3999999999999257,122.2999999999994714,4.1581859588623047
11.3999999999999257,122.3999999999994657,3.5311267375946045
11.3999999999999257,122.4999999999994600,3.3972260951995850
11.3999999999999257,122.5999999999994543,3.4531223773956299
11.3999999999999257,122.6999999999994486,4.2036967277526855
11.3999999999999257,122.7999999999994429,5.1670455932617188
11.3999999999999257,122.8999999999994373,6.2722291946411133
11.3999999999999257,122.9999999999994316,8.4453821182250977
11.3999999999999257,123.0999999999994259,10.8712692260742188
11.3999999999999257,124.2999999999993577,12.8599138259887695
11.3999999999999257,124.3999999999993520,12.4688787460327148
11.3999999999999257,124.4999999999993463,11.9225215911865234
11.3999999999999257,124.8999999999993236,7.6005640029907227
11.3999999999999257,124.9999999999993179,6.7069683074951172
11.3999999999999257,125.0999999999993122,5.8575806617736816
11.3999999999999257,125.1999999999993065,5.7210936546325684
11.3999999999999257,125.2999999999993008,6.2188301086425781
11.3999999999999257,125.3999999999992951,6.7493891716003418
11.3999999999999257,125.4999999999992895,8.0177383422851562
11.2999999999999261,119.4999999999996305,11.2458028793334961
11.2999999999999261,122.0999999999994827,5.6401147842407227
11.2999999999999261,122.1999999999994770,4.7190842628479004
11.2999999999999261,122.2999999999994714,3.8589966297149658
11.2999999999999261,122.3999999999994657,3.4563333988189697
11.2999999999999261,122.4999999999994600,3.5072941780090332
11.2999999999999261,122.5999999999994543,3.6666507720947266
11.2999999999999261,122.6999999999994486,4.6301875114440918
11.2999999999999261,122.7999999999994429,5.8438320159912109
11.2999999999999261,122.8999999999994373,7.0952501296997070
11.2999999999999261,122.9999999999994316,9.0163621902465820
11.2999999999999261,123.0999999999994259,10.6902904510498047
11.2999999999999261,124.3999999999993520,11.6757650375366211
11.2999999999999261,124.4999999999993463,10.8661546707153320
11.2999999999999261,124.5999999999993406,9.7541055679321289
11.2999999999999261,124.6999999999993349,8.5524053573608398
11.2999999999999261,124.7999999999993292,7.6550536155700684
11.2999999999999261,124.8999999999993236,6.8779411315917969
11.2999999999999261,125.1999999999993065,6.4194345474243164
11.2999999999999261,125.2999999999993008,6.9788327217102051
11.2999999999999261,125.3999999999992951,7.5380759239196777
11.2999999999999261,125.4999999999992895,8.7170886993408203
11.1999999999999265,119.4999999999996305,10.0931682586669922
11.1999999999999265,122.0999999999994827,5.3124651908874512
11.1999999999999265,122.1999999999994770,4.5621995925903320
11.1999999999999265,122.2999999999994714,3.9169602394104004
11.1999999999999265,122.3999999999994657,3.7458722591400146
11.1999999999999265,122.4999999999994600,4.0093426704406738
11.1999999999999265,122.5999999999994543,4.6328110694885254
11.1999999999999265,122.6999999999994486,5.7477154731750488
11.1999999999999265,122.7999999999994429,7.0859518051147461
11.1999999999999265,122.8999999999994373,8.4345989227294922
11.1999999999999265,122.9999999999994316,9.8367404937744141
11.1999999999999265,123.7999999999993861,10.7417287826538086
11.1999999999999265,123.9999999999993747,11.4531898498535156
11.1999999999999265,124.3999999999993520,10.9923276901245117
11.1999999999999265,124.4999999999993463,9.6634807586669922
11.1999999999999265,124.5999999999993406,8.5750589370727539
11.1999999999999265,124.6999999999993349,7.6024122238159180
11.1999999999999265,124.7999999999993292,6.6652660369873047
11.1999999999999265,124.8999999999993236,6.0861268043518066
11.1999999999999265,124.9999999999993179,6.2629313468933105
11.1999999999999265,125.1999999999993065,7.3488407135009766
11.1999999999999265,125.2999999999993008,8.0082349777221680
11.1999999999999265,125.3999999999992951,8.6256561279296875
11.1999999999999265,125.4999999999992895,9.6001777648925781
11.0999999999999268,119.4999999999996305,9.1343402862548828
11.0999999999999268,122.0999999999994827,5.3228316307067871
11.0999999999999268,122.1999999999994770,4.6484818458557129
11.0999999999999268,122.2999999999994714,4.0903258323669434
11.0999999999999268,122.3999999999994657,4.1395058631896973
11.0999999999999268,122.4999999999994600,4.7997303009033203
11.0999999999999268,122.5999999999994543,5.5798339843750000
11.0999999999999268,122.6999999999994486,6.8429870605468750
11.0999999999999268,122.7999999999994429,8.2800817489624023
11.0999999999999268,122.8999999999994373,9.7432775497436523
11.0999999999999268,124.3999999999993520,10.0481309890747070
11.0999999999999268,124.4999999999993463,8.8863830566406250
11.0999999999999268,124.5999999999993406,7.7440309524536133
11.0999999999999268,124.6999999999993349,6.7989969253540039
11.0999999999999268,124.7999999999993292,5.9207129478454590
11.0999999999999268,124.8999999999993236,5.5257263183593750
11.0999999999999268,124.9999999999993179,6.1627845764160156
11.0999999999999268,125.4999999999992895,10.0762062072753906
10.9999999999999272,119.3999999999996362,9.8746471405029297
10.9999999999999272,122.0999999999994827,5.6010131835937500
10.9999999999999272,122.1999999999994770,5.1265749931335449
10.9999999999999272,122.2999999999994714,4.6629147529602051
10.9999999999999272,122.3999999999994657,4.8683481216430664
10.9999999999999272,122.4999999999994600,5.6755843162536621
10.9999999999999272,122.5999999999994543,6.5746765136718750
10.9999999999999272,122.6999999999994486,7.8096747398376465
10.9999999999999272,122.7999999999994429,9.0664644241333008
10.9999999999999272,123.9999999999993747,11.1070709228515625
10.9999999999999272,124.4999999999993463,9.3708934783935547
10.9999999999999272,124.5999999999993406,8.1464576721191406
10.9999999999999272,124.6999999999993349,7.0787611007690430
10.9999999999999272,124.7999999999993292,6.1026239395141602
10.9999999999999272,124.8999999999993236,5.7048511505126953
10.9999999999999272,124.9999999999993179,6.4501471519470215
10.8999999999999275,119.3999999999996362,9.3240156173706055
10.8999999999999275,119.4999999999996305,7.9255380630493164
10.8999999999999275,121.9999999999994884,6.9189424514770508
10.8999999999999275,122.0999999999994827,6.0353384017944336
10.8999999999999275,122.1999999999994770,5.6586098670959473
10.8999999999999275,122.2999999999994714,5.3486518859863281
10.8999999999999275,122.3999999999994657,5.6703338623046875
10.8999999999999275,122.4999999999994600,6.5668287277221680
10.8999999999999275,122.5999999999994543,7.5461826324462891
10.8999999999999275,122.6999999999994486,8.7380161285400391
10.8999999999999275,123.1999999999994202,8.9417591094970703
10.8999999999999275,123.2999999999994145,7.9867882728576660
10.8999999999999275,123.3999999999994088,6.9835071563720703
10.8999999999999275,123.9999999999993747,11.2952470779418945
10.8999999999999275,124.4999999999993463,9.8211326599121094
10.8999999999999275,124.7999999999993292,6.5155606269836426
10.8999999999999275,124.8999999999993236,5.9842205047607422
10.8999999999999275,124.9999999999993179,6.6191835403442383
10.7999999999999279,119.2999999999996419,11.3429832458496094
10.7999999999999279,119.3999999999996362,9.9672517776489258
10.7999999999999279,119.4999999999996305,6.8542957305908203
10.7999999999999279,121.9999999999994884,7.6187982559204102
10.7999999999999279,122.0999999999994827,6.4795498847961426
10.7999999999999279,122.1999999999994770,6.3334569931030273
10.7999999999999279,122.2999999999994714,6.2546224594116211
10.7999999999999279,122.3999999999994657,6.6051158905029297
10.7999999999999279,122.4999999999994600,7.4825682640075684
10.7999999999999279,122.9999999999994316,10.1461668014526367
10.7999999999999279,123.0999999999994259,8.8239736557006836
10.7999999999999279,123.1999999999994202,7.4307532310485840
10.7999999999999279,123.2999999999994145,6.5314812660217285
10.7999999999999279,123.3999999999994088,5.7304306030273438
10.7999999999999279,123.4999999999994031,5.6645655632019043
10.7999999999999279,123.8999999999993804,10.4349575042724609
10.7999999999999279,123.9999999999993747,11.1879911422729492
10.7999999999999279,124.8999999999993236,6.2896122932434082
10.6999999999999282,119.3999999999996362,8.4254465103149414
10.6999999999999282,119.4999999999996305,6.9666156768798828
10.6999999999999282,119.5999999999996248,7.2453694343566895
10.6999999999999282,121.9999999999994884,8.0596342086791992
10.6999999999999282,122.0999999999994827,7.2705621719360352
10.6999999999999282,122.1999999999994770,7.3575768470764160
10.6999999999999282,122.2999999999994714,7.3141460418701172
10.6999999999999282,122.3999999999994657,7.7544007301330566
10.6999999999999282,122.4999999999994600,8.2886009216308594
10.6999999999999282,122.5999999999994543,9.1130056381225586
10.6999999999999282,122.6999999999994486,9.5495767593383789
10.6999999999999282,122.9999999999994316,8.9943647384643555
10.6999999999999282,123.0999999999994259,7.4136791229248047
10.6999999999999282,123.1999999999994202,6.3486704826354980
10.6999999999999282,123.2999999999994145,5.9850096702575684
10.6999999999999282,123.3999999999994088,6.0249238014221191
10.6999999999999282,123.4999999999994031,6.1233992576599121
10.6999999999999282,123.8999999999993804,10.0703659057617188
10.6999999999999282,124.7999999999993292,6.7354011535644531
10.6999999999999282,124.8999999999993236,5.8749585151672363
10.6999999999999282,124.9999999999993179,6.0488071441650391
10.6999999999999282,125.7999999999992724,11.7938709259033203
10.5999999999999286,119.3999999999996362,8.2949800491333008
10.5999999999999286,119.4999999999996305,6.9469470977783203
10.5999999999999286,119.5999999999996248,7.5214662551879883
10.5999999999999286,119.7999999999996135,10.7974481582641602
10.5999999999999286,119.8999999999996078,11.1441936492919922
10.5999999999999286,121.9999999999994884,8.6648359298706055
10.5999999999999286,122.4999999999994600,10.0430049896240234
10.5999999999999286,122.5999999999994543,10.0268230438232422
10.5999999999999286,122.6999999999994486,9.7974205017089844
10.5999999999999286,122.8999999999994373,7.9894685745239258
10.5999999999999286,122.9999999999994316,7.4773888587951660
10.5999999999999286,123.0999999999994259,6.2472839355468750
10.5999999999999286,123.1999999999994202,5.5542273521423340
10.5999999999999286,123.2999999999994145,6.0175304412841797
10.5999999999999286,123.3999999999994088,6.8613066673278809
10.5999999999999286,123.6999999999993918,8.1527280807495117
10.5999999999999286,123.7999999999993861,8.7841205596923828
10.5999999999999286,123.8999999999993804,9.6975612640380859
10.5999999999999286,123.9999999999993747,10.6868343353271484
10.5999999999999286,124.7999999999993292,6.1372022628784180
10.5999999999999286,124.8999999999993236,5.4982910156250000
10.5999999999999286,124.9999999999993179,5.4506483078002930
10.5999999999999286,125.0999999999993122,5.7721786499023438
10.4999999999999289,119.2999999999996419,9.1051940917968750
10.4999999999999289,119.3999999999996362,8.1141929626464844
10.4999999999999289,119.4999999999996305,7.3022174835205078
10.4999999999999289,119.5999999999996248,7.7297139167785645
10.4999999999999289,119.7999999999996135,10.6505107879638672
10.4999999999999289,119.8999999999996078,10.9725704193115234
10.4999999999999289,121.9999999999994884,9.5142917633056641
10.4999999999999289,122.4999999999994600,10.6554527282714844
10.4999999999999289,122.5999999999994543,10.6939201354980469
10.4999999999999289,122.6999999999994486,10.2582283020019531
10.4999999999999289,122.7999999999994429,8.3568677902221680
10.4999999999999289,122.8999999999994373,7.4419894218444824
10.4999999999999289,122.9999999999994316,6.5341048240661621
10.4999999999999289,123.0999999999994259,5.6508088111877441
10.4999999999999289,123.1999999999994202,5.3733530044555664
10.4999999999999289,123.2999999999994145,6.2475900650024414
10.4999999999999289,123.3999999999994088,7.2596712112426758
10.4999999999999289,123.7999999999993861,8.6752347946166992
10.4999999999999289,123.8999999999993804,9.6631622314453125
10.4999999999999289,123.9999999999993747,10.7412557601928711
10.4999999999999289,124.7999999999993292,6.5745940208435059
10.4999999999999289,124.8999999999993236,5.1834292411804199
10.4999999999999289,124.9999999999993179,5.2211351394653320
10.4999999999999289,125.0999999999993122,5.4194216728210449
10.3999999999999293,119.0999999999996533,7.6601462364196777
10.3999999999999293,119.1999999999996476,7.9447331428527832
10.3999999999999293,119.2999999999996419,8.1025362014770508
10.3999999999999293,119.3999999999996362,8.1524181365966797
10.3999999999999293,119.4999999999996305,8.2089262008666992
10.3999999999999293,122.8999999999994373,6.7089138031005859
10.3999999999999293,122.9999999999994316,6.1920905113220215
10.3999999999999293,123.0999999999994259,5.8109450340270996
10.3999999999999293,123.1999999999994202,5.8490862846374512
10.3999999999999293,123.2999999999994145,6.9981460571289062
10.3999999999999293,123.6999999999993918,7.9837961196899414
10.3999999999999293,123.7999999999993861,8.4777145385742188
10.3999999999999293,123.8999999999993804,9.5160703659057617
10.3999999999999293,123.9999999999993747,10.3556509017944336
10.3999999999999293,124.7999999999993292,6.4220695495605469
10.3999999999999293,124.8999999999993236,5.2791419029235840
10.3999999999999293,124.9999999999993179,5.4054207801818848
10.3999999999999293,125.0999999999993122,5.6740336418151855
10.3999999999999293,125.1999999999993065,6.5388622283935547
10.3999999999999293,125.5999999999992838,11.6573925018310547
10.2999999999999297,118.9999999999996589,6.6274933815002441
10.2999999999999297,119.0999999999996533,6.4158678054809570
10.2999999999999297,119.1999999999996476,6.7350974082946777
10.2999999999999297,119.2999999999996419,7.0121593475341797
10.2999999999999297,122.8999999999994373,6.6056618690490723
10.2999999999999297,122.9999999999994316,6.3312358856201172
10.2999999999999297,123.0999999999994259,6.1522698402404785
10.2999999999999297,123.1999999999994202,6.4886150360107422
10.2999999999999297,123.2999999999994145,7.6792793273925781
10.2999999999999297,123.5999999999993975,8.6894359588623047
10.2999999999999297,123.6999999999993918,8.0443754196166992
10.2999999999999297,123.7999999999993861,8.2946977615356445
10.2999999999999297,124.7999999999993292,6.4929461479187012
10.2999999999999297,124.8999999999993236,5.4685969352722168
10.2999999999999297,125.0999999999993122,6.2336068153381348
10.2999999999999297,125.1999999999993065,7.1171832084655762
10.2999999999999297,125.5999999999992838,11.9293994903564453
10.1999999999999300,118.7999999999996703,7.9628562927246094
10.1999999999999300,118.9999999999996589,6.5000057220458984
10.1999999999999300,119.0999999999996533,6.6045894622802734
10.1999999999999300,119.1999999999996476,6.8513360023498535
10.1999999999999300,122.8999999999994373,6.5926475524902344
10.1999999999999300,122.9999999999994316,6.3066620826721191
10.1999999999999300,123.0999999999994259,6.3727407455444336
10.1999999999999300,123.1999999999994202,6.5431580543518066
10.1999999999999300,123.2999999999994145,7.3536634445190430
10.1999999999999300,123.5999999999993975,8.5867967605590820
10.1999999999999300,123.6999999999993918,8.1301412582397461
10.1999999999999300,124.8999999999993236,6.9150743484497070
10.1999999999999300,125.5999999999992838,11.7491874694824219
10.0999999999999304,118.8999999999996646,7.9399523735046387
10.0999999999999304,118.9999999999996589,8.0227699279785156
10.0999999999999304,119.0999999999996533,8.3752508163452148
10.0999999999999304,119.1999999999996476,8.6520633697509766
10.0999999999999304,122.8999999999994373,6.1571745872497559
10.0999999999999304,122.9999999999994316,6.1731958389282227
10.0999999999999304,123.0999999999994259,6.3073067665100098
10.0999999999999304,123.1999999999994202,6.4908518791198730
10.0999999999999304,123.4999999999994031,7.6383585929870605
10.0999999999999304,123.5999999999993975,7.8520736694335938
10.0999999999999304,124.1999999999993634,8.7643976211547852
10.0999999999999304,124.2999999999993577,8.3204574584960938
10.0999999999999304,124.3999999999993520,8.4696245193481445
10.0999999999999304,125.1999999999993065,10.4754495620727539
10.0999999999999304,125.5999999999992838,11.3105802536010742
9.9999999999999307,118.7999999999996703,7.9932246208190918
9.9999999999999307,118.8999999999996646,8.6315155029296875
9.9999999999999307,118.9999999999996589,9.2497167587280273
9.9999999999999307,119.0999999999996533,9.7243423461914062
9.9999999999999307,122.7999999999994429,6.4957709312438965
9.9999999999999307,122.8999999999994373,6.0482478141784668
9.9999999999999307,122.9999999999994316,6.0956254005432129
9.9999999999999307,123.0999999999994259,6.2975292205810547
9.9999999999999307,123.1999999999994202,6.4519543647766113
9.9999999999999307,123.3999999999994088,6.3748340606689453
9.9999999999999307,123.4999999999994031,6.6246371269226074
9.9999999999999307,123.5999999999993975,7.3021593093872070
9.9999999999999307,124.0999999999993690,8.2831554412841797
9.9999999999999307,124.1999999999993634,7.8538274765014648
9.9999999999999307,124.2999999999993577,7.4015688896179199
9.9999999999999307,124.3999999999993520,7.8064527511596680
9.9999999999999307,124.4999999999993463,8.9705276489257812
9.9999999999999307,125.1999999999993065,11.5483493804931641
9.9999999999999307,125.5999999999992838,11.0420894622802734
9.8999999999999311,118.5999999999996817,6.6352972984313965
9.8999999999999311,118.6999999999996760,6.3999366760253906
9.8999999999999311,122.3999999999994657,10.6914119720458984
9.8999999999999311,122.4999999999994600,9.3166875839233398
9.8999999999999311,122.5999999999994543,7.9491128921508789
9.8999999999999311,122.6999999999994486,7.0102257728576660
9.8999999999999311,122.7999999999994429,6.3055515289306641
9.8999999999999311,122.8999999999994373,6.0240864753723145
9.8999999999999311,122.9999999999994316,6.3201880455017090
9.8999999999999311,123.0999999999994259,6.7449984550476074
9.8999999999999311,123.3999999999994088,6.1479759216308594
9.8999999999999311,123.4999999999994031,6.2984361648559570
9.8999999999999311,123.5999999999993975,7.2711033821105957
9.8999999999999311,123.8999999999993804,8.0637264251708984
9.8999999999999311,123.9999999999993747,7.9256443977355957
9.8999999999999311,124.0999999999993690,7.5582876205444336
9.8999999999999311,124.1999999999993634,7.0667338371276855
9.8999999999999311,124.2999999999993577,6.6118988990783691
9.8999999999999311,124.3999999999993520,7.3961725234985352
9.8999999999999311,124.4999999999993463,8.9522476196289062
9.8999999999999311,125.5999999999992838,8.7608194351196289
9.8999999999999311,125.9999999999992610,7.5163083076477051
9.7999999999999314,118.5999999999996817,6.6418042182922363
9.7999999999999314,118.6999999999996760,5.4417738914489746
9.7999999999999314,122.4999999999994600,8.9195194244384766
9.7999999999999314,122.5999999999994543,7.4923939704895020
9.7999999999999314,122.6999999999994486,6.7987809181213379
9.7999999999999314,122.7999999999994429,6.3311553001403809
9.7999999999999314,122.8999999999994373,6.3302497863769531
9.7999999999999314,122.9999999999994316,6.7667584419250488
9.7999999999999314,123.0999999999994259,7.2783885002136230
9.7999999999999314,123.3999999999994088,6.6152648925781250
9.7999999999999314,123.4999999999994031,6.3462224006652832
9.7999999999999314,123.8999999999993804,8.1292991638183594
9.7999999999999314,123.9999999999993747,7.1895403861999512
9.7999999999999314,124.0999999999993690,6.7644162178039551
9.7999999999999314,124.1999999999993634,6.4097967147827148
9.7999999999999314,124.2999999999993577,6.2699451446533203
9.7999999999999314,124.3999999999993520,7.2169423103332520
9.7999999999999314,124.4999999999993463,9.0075712203979492
9.7999999999999314,125.9999999999992610,6.1031484603881836
9.7999999999999314,126.0999999999992554,5.3320469856262207
9.6999999999999318,118.3999999999996930,9.4661464691162109
9.6999999999999318,118.4999999999996874,7.9003648757934570
9.6999999999999318,118.5999999999996817,6.3956189155578613
9.6999999999999318,118.6999999999996760,5.7057695388793945
9.6999999999999318,122.4999999999994600,8.7295217514038086
9.6999999999999318,122.5999999999994543,7.4482979774475098
9.6999999999999318,122.6999999999994486,6.8973736763000488
9.6999999999999318,122.7999999999994429,6.6775593757629395
9.6999999999999318,122.8999999999994373,6.5810475349426270
9.6999999999999318,122.9999999999994316,7.0760421752929688
9.6999999999999318,123.0999999999994259,7.6048932075500488
9.6999999999999318,123.3999999999994088,6.9406223297119141
9.6999999999999318,123.8999999999993804,8.2030906677246094
9.6999999999999318,123.9999999999993747,6.9074630737304688
9.6999999999999318,124.0999999999993690,6.4702329635620117
9.6999999999999318,124.1999999999993634,6.1790418624877930
9.6999999999999318,124.2999999999993577,6.0217237472534180
9.6999999999999318,124.3999999999993520,7.1322703361511230
9.6999999999999318,125.4999999999992895,5.5448446273803711
9.5999999999999321,118.3999999999996930,8.2254991531372070
9.5999999999999321,118.4999999999996874,7.0220232009887695
9.5999999999999321,118.5999999999996817,6.6038236618041992
9.5999999999999321,118.6999999999996760,6.3234429359436035
9.5999999999999321,122.4999999999994600,8.9942378997802734
9.5999999999999321,122.5999999999994543,8.3497619628906250
9.5999999999999321,122.6999999999994486,7.7629203796386719
9.5999999999999321,122.7999999999994429,7.2974963188171387
9.5999999999999321,122.8999999999994373,6.8624663352966309
9.5999999999999321,122.9999999999994316,6.8284854888916016
9.5999999999999321,123.0999999999994259,6.9560246467590332
9.5999999999999321,123.2999999999994145,6.8136930465698242
9.5999999999999321,123.3999999999994088,6.7107863426208496
9.5999999999999321,123.7999999999993861,9.6845359802246094
9.5999999999999321,125.3999999999992951,5.2970962524414062
9.5999999999999321,125.4999999999992895,4.7855501174926758
9.5999999999999321,125.5999999999992838,4.2117509841918945
9.5999999999999321,125.6999999999992781,3.9144253730773926
9.4999999999999325,118.2999999999996987,7.4876174926757812
9.4999999999999325,118.3999999999996930,6.5232419967651367
9.4999999999999325,118.4999999999996874,6.4547181129455566
9.4999999999999325,118.5999999999996817,6.8752079010009766
9.4999999999999325,122.5999999999994543,9.5986480712890625
9.4999999999999325,122.6999999999994486,8.8491563796997070
9.4999999999999325,122.7999999999994429,8.0100193023681641
9.4999999999999325,122.8999999999994373,7.1871671676635742
9.4999999999999325,122.9999999999994316,6.5244469642639160
9.4999999999999325,123.0999999999994259,6.2218155860900879
9.4999999999999325,123.3999999999994088,6.3725228309631348
9.4999999999999325,125.4999999999992895,4.4939756393432617
9.4999999999999325,125.5999999999992838,3.9734330177307129
9.4999999999999325,125.6999999999992781,3.6553268432617188
9.4999999999999325,125.7999999999992724,2.2947363853454590
9.3999999999999329,118.1999999999997044,7.0761046409606934
9.3999999999999329,118.2999999999996987,6.3710813522338867
9.3999999999999329,118.3999999999996930,5.6086435317993164
9.3999999999999329,118.4999999999996874,6.4939031600952148
9.3999999999999329,122.7999999999994429,8.7548694610595703
9.3999999999999329,122.8999999999994373,7.7047543525695801
9.3999999999999329,122.9999999999994316,6.6463093757629395
9.3999999999999329,123.0999999999994259,5.8476262092590332
9.3999999999999329,123.1999999999994202,5.4655218124389648
9.3999999999999329,125.5999999999992838,3.6731235980987549
9.3999999999999329,125.6999999999992781,3.5288929939270020
9.3999999999999329,125.7999999999992724,2.4180443286895752
9.3999999999999329,125.8999999999992667,2.2343230247497559
9.2999999999999332,118.0999999999997101,7.3246569633483887
9.2999999999999332,118.1999999999997044,7.1419186592102051
9.2999999999999332,118.2999999999996987,6.9566798210144043
9.2999999999999332,118.3999999999996930,6.7140331268310547
9.2999999999999332,122.8999999999994373,8.7512378692626953
9.2999999999999332,122.9999999999994316,7.5101323127746582
9.2999999999999332,123.0999999999994259,6.2029910087585449
9.2999999999999332,123.1999999999994202,5.3859815597534180
9.2999999999999332,123.2999999999994145,6.1745414733886719
9.2999999999999332,125.5999999999992838,3.2377932071685791
9.2999999999999332,125.6999999999992781,3.4255819320678711
9.2999999999999332,125.7999999999992724,2.6223287582397461
9.2999999999999332,125.8999999999992667,2.1165745258331299
9.1999999999999336,117.8999999999997215,6.3546090126037598
9.1999999999999336,117.9999999999997158,6.8422994613647461
9.1999999999999336,118.0999999999997101,6.9050779342651367
9.1999999999999336,118.1999999999997044,7.2806005477905273
9.1999999999999336,122.8999999999994373,9.9593982696533203
9.1999999999999336,122.9999999999994316,8.5004825592041016
9.1999999999999336,123.0999999999994259,7.0005698204040527
9.1999999999999336,123.1999999999994202,6.0658183097839355
9.1999999999999336,123.4999999999994031,10.5721893310546875
9.1999999999999336,123.5999999999993975,10.9342622756958008
9.1999999999999336,124.6999999999993349,10.0503997802734375
9.1999999999999336,124.7999999999993292,9.5715160369873047
9.1999999999999336,125.5999999999992838,3.4127056598663330
9.1999999999999336,125.6999999999992781,3.2252552509307861
9.1999999999999336,125.7999999999992724,2.7781157493591309
9.1999999999999336,125.8999999999992667,2.2634086608886719
9.1999999999999336,125.9999999999992610,2.0772614479064941
9.1999999999999336,126.0999999999992554,3.5393950939178467
9.0999999999999339,117.7999999999997272,5.4855446815490723
9.0999999999999339,117.8999999999997215,5.4916691780090332
9.0999999999999339,117.9999999999997158,6.1604852676391602
9.0999999999999339,122.9999999999994316,9.4906501770019531
9.0999999999999339,123.0999999999994259,7.9831380844116211
9.0999999999999339,123.5999999999993975,11.0917558670043945
9.0999999999999339,125.5999999999992838,3.3729982376098633
9.0999999999999339,125.6999999999992781,2.8775982856750488
9.0999999999999339,125.7999999999992724,2.8447127342224121
9.0999999999999339,125.8999999999992667,2.6078450679779053
9.0999999999999339,125.9999999999992610,2.4354994297027588
9.0999999999999339,126.0999999999992554,3.4447641372680664
8.9999999999999343,117.5999999999997385,6.9380559921264648
8.9999999999999343,117.6999999999997328,6.1781182289123535
8.9999999999999343,117.7999999999997272,5.0495843887329102
8.9999999999999343,117.8999999999997215,5.3795032501220703
8.9999999999999343,117.9999999999997158,6.6068263053894043
8.9999999999999343,125.2999999999993008,3.4617707729339600
8.9999999999999343,125.3999999999992951,4.0697231292724609
8.9999999999999343,125.5999999999992838,3.2564313411712646
8.9999999999999343,125.6999999999992781,2.6018028259277344
8.9999999999999343,125.7999999999992724,2.6997945308685303
8.9999999999999343,125.8999999999992667,2.8374509811401367
8.9999999999999343,125.9999999999992610,3.0194978713989258
8.9999999999999343,126.0999999999992554,3.7022571563720703
8.9999999999999343,126.1999999999992497,4.7979412078857422
8.8999999999999346,117.4999999999997442,6.5961098670959473
8.8999999999999346,117.5999999999997385,5.8062763214111328
8.8999999999999346,117.6999999999997328,5.2080631256103516
8.8999999999999346,117.7999999999997272,4.6178426742553711
8.8999999999999346,117.8999999999997215,5.2199101448059082
8.8999999999999346,117.9999999999997158,6.7012548446655273
8.8999999999999346,124.7999999999993292,5.0075778961181641
8.8999999999999346,124.8999999999993236,4.0585966110229492
8.8999999999999346,124.9999999999993179,3.1613292694091797
8.8999999999999346,125.1999999999993065,2.0197596549987793
8.8999999999999346,125.2999999999993008,2.8213551044464111
8.8999999999999346,125.3999999999992951,3.6038985252380371
8.8999999999999346,125.4999999999992895,3.5527818202972412
8.8999999999999346,125.5999999999992838,3.0073029994964600
8.8999999999999346,125.6999999999992781,2.6351571083068848
8.8999999999999346,125.7999999999992724,2.7595255374908447
8.8999999999999346,125.8999999999992667,3.1027388572692871
8.8999999999999346,125.9999999999992610,3.4717278480529785
8.8999999999999346,126.0999999999992554,3.9912457466125488
8.8999999999999346,126.1999999999992497,4.7884397506713867
8.8999999999999346,126.2999999999992440,5.6085381507873535
8.7999999999999350,117.4999999999997442,6.4277005195617676
8.7999999999999350,117.5999999999997385,5.8617863655090332
8.7999999999999350,117.6999999999997328,5.6097073554992676
8.7999999999999350,117.7999999999997272,5.5133371353149414
8.7999999999999350,117.8999999999997215,5.7076849937438965
8.7999999999999350,124.8999999999993236,3.7172524929046631
8.7999999999999350,124.9999999999993179,2.9383680820465088
8.7999999999999350,125.0999999999993122,2.2635912895202637
8.7999999999999350,125.1999999999993065,1.7789720296859741
8.7999999999999350,125.2999999999993008,2.0846006870269775
8.7999999999999350,125.3999999999992951,2.8949763774871826
8.7999999999999350,125.4999999999992895,3.0554578304290771
8.7999999999999350,125.5999999999992838,2.8417241573333740
8.7999999999999350,125.6999999999992781,2.7176685333251953
8.7999999999999350,125.7999999999992724,2.8920345306396484
8.7999999999999350,125.8999999999992667,3.2973413467407227
8.7999999999999350,125.9999999999992610,3.7609391212463379
8.7999999999999350,126.0999999999992554,4.1962833404541016
8.7999999999999350,126.1999999999992497,4.8048634529113770
8.7999999999999350,126.2999999999992440,5.2867598533630371
8.6999999999999353,117.3999999999997499,7.3998255729675293
8.6999999999999353,117.4999999999997442,7.1456470489501953
8.6999999999999353,117.5999999999997385,7.2844166755676270
8.6999999999999353,123.4999999999994031,7.0557646751403809
8.6999999999999353,124.7999999999993292,4.1201133728027344
8.6999999999999353,124.8999999999993236,3.5467772483825684
8.6999999999999353,124.9999999999993179,3.0526208877563477
8.6999999999999353,125.0999999999993122,2.5706739425659180
8.6999999999999353,125.1999999999993065,2.1060345172882080
8.6999999999999353,125.2999999999993008,1.7846381664276123
8.6999999999999353,125.3999999999992951,2.2599105834960938
8.6999999999999353,125.4999999999992895,2.5890755653381348
8.6999999999999353,125.5999999999992838,2.7280349731445312
8.6999999999999353,125.6999999999992781,2.8861019611358643
8.6999999999999353,125.7999999999992724,3.1090145111083984
8.6999999999999353,125.8999999999992667,3.4773375988006592
8.6999999999999353,125.9999999999992610,3.9432723522186279
8.6999999999999353,126.0999999999992554,4.3526649475097656
8.5999999999999357,117.3999999999997499,7.4470906257629395
8.5999999999999357,117.4999999999997442,7.7759799957275391
8.5999999999999357,123.3999999999994088,7.0349864959716797
8.5999999999999357,123.4999999999994031,6.3805937767028809
8.5999999999999357,123.5999999999993975,6.2557368278503418
8.5999999999999357,123.6999999999993918,6.5300483703613281
8.5999999999999357,124.7999999999993292,4.0658993721008301
8.5999999999999357,124.8999999999993236,3.6366770267486572
8.5999999999999357,124.9999999999993179,3.2541351318359375
8.5999999999999357,125.0999999999993122,2.8757350444793701
8.5999999999999357,125.1999999999993065,2.5381581783294678
8.5999999999999357,125.2999999999993008,2.2185766696929932
8.5999999999999357,125.3999999999992951,2.2885537147521973
8.5999999999999357,125.4999999999992895,2.5884778499603271
8.5999999999999357,125.5999999999992838,2.8756656646728516
8.5999999999999357,125.6999999999992781,3.1673891544342041
8.5999999999999357,125.7999999999992724,3.3978226184844971
8.5999999999999357,125.8999999999992667,3.7589418888092041
8.5999999999999357,125.9999999999992610,4.2164225578308105
8.5999999999999357,126.0999999999992554,4.5292229652404785
8.4999999999999361,117.1999999999997613,9.1889553070068359
8.4999999999999361,117.2999999999997556,8.0922574996948242
8.4999999999999361,117.3999999999997499,7.8507685661315918
8.4999999999999361,123.0999999999994259,8.8834209442138672
8.4999999999999361,123.2999999999994145,7.0768651962280273
8.4999999999999361,123.3999999999994088,6.3016371726989746
8.4999999999999361,123.4999999999994031,5.5834236145019531
8.4999999999999361,123.5999999999993975,5.8090233802795410
8.4999999999999361,123.6999999999993918,6.1977319717407227
8.4999999999999361,123.7999999999993861,6.9053583145141602
8.4999999999999361,124.2999999999993577,7.3313651084899902
8.4999999999999361,124.3999999999993520,6.8536872863769531
8.4999999999999361,124.4999999999993463,5.9161019325256348
8.4999999999999361,124.6999999999993349,4.2183551788330078
8.4999999999999361,124.7999999999993292,3.8427581787109375
8.4999999999999361,124.8999999999993236,3.5194272994995117
8.4999999999999361,124.9999999999993179,3.1411299705505371
8.4999999999999361,125.0999999999993122,2.7825825214385986
8.4999999999999361,125.1999999999993065,2.4996573925018311
8.4999999999999361,125.2999999999993008,2.4333202838897705
8.4999999999999361,125.3999999999992951,2.6052849292755127
8.4999999999999361,125.4999999999992895,2.8951823711395264
8.4999999999999361,125.5999999999992838,3.2050023078918457
8.4999999999999361,125.6999999999992781,3.5203092098236084
8.4999999999999361,125.7999999999992724,3.7185270786285400
8.4999999999999361,125.8999999999992667,3.9806571006774902
8.4999999999999361,125.9999999999992610,4.2768821716308594
8.4999999999999361,126.0999999999992554,4.4607758522033691
8.4999999999999361,126.1999999999992497,4.7454090118408203
8.4999999999999361,126.2999999999992440,5.4691691398620605
8.3999999999999364,123.0999999999994259,8.4279718399047852
8.3999999999999364,123.1999999999994202,7.8004035949707031
8.3999999999999364,123.2999999999994145,6.9050712585449219
8.3999999999999364,123.3999999999994088,5.9718580245971680
8.3999999999999364,123.4999999999994031,5.4198608398437500
8.3999999999999364,123.5999999999993975,5.5585060119628906
8.3999999999999364,123.6999999999993918,6.0038456916809082
8.3999999999999364,123.7999999999993861,6.7403635978698730
8.3999999999999364,124.2999999999993577,7.1334915161132812
8.3999999999999364,124.3999999999993520,6.3244481086730957
8.3999999999999364,124.4999999999993463,5.5325431823730469
8.3999999999999364,124.5999999999993406,4.8444323539733887
8.3999999999999364,124.6999999999993349,4.1531162261962891
8.3999999999999364,124.7999999999993292,3.6155862808227539
8.3999999999999364,124.8999999999993236,3.2460207939147949
8.3999999999999364,124.9999999999993179,2.8275995254516602
8.3999999999999364,125.0999999999993122,2.4365124702453613
8.3999999999999364,125.1999999999993065,2.2888369560241699
8.3999999999999364,125.2999999999993008,2.4563572406768799
8.3999999999999364,125.3999999999992951,2.8931210041046143
8.3999999999999364,125.4999999999992895,3.2911775112152100
8.3999999999999364,125.5999999999992838,3.6329636573791504
8.3999999999999364,125.6999999999992781,3.9634761810302734
8.3999999999999364,125.7999999999992724,4.0807232856750488
8.3999999999999364,125.8999999999992667,4.1643695831298828
8.3999999999999364,125.9999999999992610,4.3950247764587402
8.3999999999999364,126.0999999999992554,4.4233469963073730
8.3999999999999364,126.1999999999992497,4.4546246528625488
8.3999999999999364,126.2999999999992440,4.6395740509033203
8.2999999999999368,117.2999999999997556,11.8407373428344727
8.2999999999999368,122.9999999999994316,8.3249902725219727
8.2999999999999368,123.0999999999994259,7.7850437164306641
8.2999999999999368,123.1999999999994202,7.1376857757568359
8.2999999999999368,123.2999999999994145,6.3985471725463867
8.2999999999999368,123.3999999999994088,5.6549153327941895
8.2999999999999368,123.4999999999994031,5.2023882865905762
8.2999999999999368,123.5999999999993975,5.4005494117736816
8.2999999999999368,123.6999999999993918,5.9175405502319336
8.2999999999999368,123.7999999999993861,6.6115632057189941
8.2999999999999368,124.2999999999993577,6.7070503234863281
8.2999999999999368,124.3999999999993520,5.9277219772338867
8.2999999999999368,124.4999999999993463,5.3230290412902832
8.2999999999999368,124.5999999999993406,4.7237467765808105
8.2999999999999368,124.6999999999993349,3.9731864929199219
8.2999999999999368,124.7999999999993292,3.3932538032531738
8.2999999999999368,124.8999999999993236,3.0389478206634521
8.2999999999999368,124.9999999999993179,2.5748302936553955
8.2999999999999368,125.0999999999993122,2.2023212909698486
8.2999999999999368,125.1999999999993065,2.2571418285369873
8.2999999999999368,125.2999999999993008,2.6519346237182617
8.2999999999999368,125.3999999999992951,3.2478232383728027
8.2999999999999368,125.4999999999992895,3.7225852012634277
8.2999999999999368,125.5999999999992838,4.0871868133544922
8.2999999999999368,125.6999999999992781,4.4380040168762207
8.2999999999999368,125.7999999999992724,4.4423575401306152
8.2999999999999368,125.8999999999992667,4.4682826995849609
8.2999999999999368,125.9999999999992610,4.5374817848205566
8.2999999999999368,126.0999999999992554,4.4227762222290039
8.2999999999999368,126.1999999999992497,4.2567467689514160
8.2999999999999368,126.2999999999992440,4.0645070075988770
8.1999999999999371,122.9999999999994316,7.2795591354370117
8.1999999999999371,123.0999999999994259,6.6742653846740723
8.1999999999999371,123.1999999999994202,6.1118931770324707
8.1999999999999371,123.2999999999994145,5.6419200897216797
8.1999999999999371,123.3999999999994088,5.2524585723876953
8.1999999999999371,123.4999999999994031,5.1318531036376953
8.1999999999999371,123.5999999999993975,5.4894762039184570
8.1999999999999371,123.6999999999993918,5.9072098731994629
8.1999999999999371,123.7999999999993861,6.3981842994689941
8.1999999999999371,124.0999999999993690,7.3085956573486328
8.1999999999999371,124.1999999999993634,6.8874564170837402
8.1999999999999371,124.2999999999993577,6.5046629905700684
8.1999999999999371,124.3999999999993520,5.9685530662536621
8.1999999999999371,124.4999999999993463,5.4333758354187012
8.1999999999999371,124.5999999999993406,4.9473500251770020
8.1999999999999371,124.6999999999993349,4.1052060127258301
8.1999999999999371,124.7999999999993292,3.3784077167510986
8.1999999999999371,124.8999999999993236,2.9029552936553955
8.1999999999999371,124.9999999999993179,2.6930484771728516
8.1999999999999371,125.0999999999993122,2.6457042694091797
8.1999999999999371,125.1999999999993065,2.9050481319427490
8.1999999999999371,125.2999999999993008,3.3332357406616211
8.1999999999999371,125.3999999999992951,3.7649323940277100
8.1999999999999371,125.4999999999992895,4.1643815040588379
8.1999999999999371,125.5999999999992838,4.4406132698059082
8.1999999999999371,125.6999999999992781,4.6898655891418457
8.1999999999999371,125.7999999999992724,4.6372537612915039
8.1999999999999371,125.8999999999992667,4.6333627700805664
8.1999999999999371,125.9999999999992610,4.6454682350158691
8.1999999999999371,126.0999999999992554,4.3381528854370117
8.1999999999999371,126.1999999999992497,3.9821255207061768
8.1999999999999371,126.2999999999992440,3.6054768562316895
8.1999999999999371,126.3999999999992383,3.8181631565093994
8.0999999999999375,116.9999999999997726,12.4830570220947266
8.0999999999999375,122.7999999999994429,6.5459451675415039
8.0999999999999375,122.8999999999994373,6.1684722900390625
8.0999999999999375,122.9999999999994316,5.7023968696594238
8.0999999999999375,123.0999999999994259,5.3267230987548828
8.0999999999999375,123.1999999999994202,5.0492291450500488
8.0999999999999375,123.2999999999994145,5.1034121513366699
8.0999999999999375,123.3999999999994088,5.2079606056213379
8.0999999999999375,123.4999999999994031,5.4009337425231934
8.0999999999999375,123.5999999999993975,5.6509733200073242
8.0999999999999375,123.6999999999993918,5.9262456893920898
8.0999999999999375,123.7999999999993861,6.1518497467041016
8.0999999999999375,123.9999999999993747,6.5608539581298828
8.0999999999999375,124.0999999999993690,6.5646715164184570
8.0999999999999375,124.1999999999993634,6.5174646377563477
8.0999999999999375,124.2999999999993577,6.4029579162597656
8.0999999999999375,124.3999999999993520,6.1210651397705078
8.0999999999999375,124.4999999999993463,5.8341593742370605
8.0999999999999375,124.5999999999993406,5.3990678787231445
8.0999999999999375,124.6999999999993349,4.4901704788208008
8.0999999999999375,124.7999999999993292,3.6521239280700684
8.0999999999999375,124.8999999999993236,3.1158807277679443
8.0999999999999375,124.9999999999993179,3.2170588970184326
8.0999999999999375,125.0999999999993122,3.4245166778564453
8.0999999999999375,125.1999999999993065,3.7815058231353760
8.0999999999999375,125.2999999999993008,4.1848316192626953
8.0999999999999375,125.3999999999992951,4.5944066047668457
8.0999999999999375,125.4999999999992895,4.7504739761352539
8.0999999999999375,125.5999999999992838,4.8058691024780273
8.0999999999999375,125.6999999999992781,4.9155335426330566
8.0999999999999375,125.7999999999992724,4.7871217727661133
8.0999999999999375,125.8999999999992667,4.7482233047485352
8.0999999999999375,125.9999999999992610,4.7005085945129395
8.0999999999999375,126.0999999999992554,4.2486705780029297
8.0999999999999375,126.1999999999992497,3.7021200656890869
8.0999999999999375,126.2999999999992440,3.1274063587188721
8.0999999999999375,126.3999999999992383,4.0647220611572266
7.9999999999999378,116.9999999999997726,12.5927543640136719
7.9999999999999378,122.2999999999994714,6.1997842788696289
7.9999999999999378,122.3999999999994657,5.6945452690124512
7.9999999999999378,122.4999999999994600,6.1861581802368164
7.9999999999999378,122.5999999999994543,6.7464280128479004
7.9999999999999378,122.6999999999994486,6.3770084381103516
7.9999999999999378,122.7999999999994429,5.7298607826232910
7.9999999999999378,122.8999999999994373,5.3982849121093750
7.9999999999999378,122.9999999999994316,4.6426062583923340
7.9999999999999378,123.0999999999994259,4.3880295753479004
7.9999999999999378,123.1999999999994202,4.2557358741760254
7.9999999999999378,123.2999999999994145,4.7907032966613770
7.9999999999999378,123.3999999999994088,5.4284257888793945
7.9999999999999378,123.4999999999994031,5.8771123886108398
7.9999999999999378,123.5999999999993975,6.0031046867370605
7.9999999999999378,123.6999999999993918,6.1120214462280273
7.9999999999999378,123.7999999999993861,6.0226669311523438
7.9999999999999378,123.8999999999993804,5.8433294296264648
7.9999999999999378,123.9999999999993747,5.6643748283386230
7.9999999999999378,124.0999999999993690,5.7304797172546387
7.9999999999999378,124.1999999999993634,5.9134821891784668
7.9999999999999378,124.2999999999993577,6.0825681686401367
7.9999999999999378,124.3999999999993520,6.0762109756469727
7.9999999999999378,124.4999999999993463,6.0164561271667480
7.9999999999999378,124.5999999999993406,5.8385987281799316
7.9999999999999378,124.6999999999993349,4.9219784736633301
7.9999999999999378,124.7999999999993292,4.0760960578918457
7.9999999999999378,124.8999999999993236,3.5981583595275879
7.9999999999999378,124.9999999999993179,3.8578193187713623
7.9999999999999378,125.0999999999993122,4.1444849967956543
7.9999999999999378,125.1999999999993065,4.5118045806884766
7.9999999999999378,125.2999999999993008,4.8476247787475586
7.9999999999999378,125.3999999999992951,5.1986784934997559
7.9999999999999378,125.4999999999992895,5.2156100273132324
7.9999999999999378,125.5999999999992838,5.0884828567504883
7.9999999999999378,125.6999999999992781,5.0039262771606445
7.9999999999999378,125.7999999999992724,4.8809046745300293
7.9999999999999378,125.8999999999992667,4.8279628753662109
7.9999999999999378,125.9999999999992610,4.7459630966186523
7.9999999999999378,126.0999999999992554,4.1461772918701172
7.9999999999999378,126.1999999999992497,3.4776349067687988
7.9999999999999378,126.2999999999992440,2.7780308723449707
7.8999999999999382,116.9999999999997726,12.7242174148559570
7.8999999999999382,122.2999999999994714,5.8362278938293457
7.8999999999999382,122.3999999999994657,5.5223770141601562
7.8999999999999382,122.4999999999994600,6.2837953567504883
7.8999999999999382,122.5999999999994543,7.0249667167663574
7.8999999999999382,122.6999999999994486,6.6003580093383789
7.8999999999999382,122.7999999999994429,5.6965041160583496
7.8999999999999382,122.8999999999994373,5.1145305633544922
7.8999999999999382,122.9999999999994316,4.4969267845153809
7.8999999999999382,123.0999999999994259,4.3330230712890625
7.8999999999999382,123.1999999999994202,4.4636659622192383
7.8999999999999382,123.2999999999994145,5.3027424812316895
7.8999999999999382,123.3999999999994088,6.2607846260070801
7.8999999999999382,123.4999999999994031,6.8365492820739746
7.8999999999999382,123.5999999999993975,6.8084850311279297
7.8999999999999382,123.6999999999993918,6.8573532104492188
7.8999999999999382,123.7999999999993861,6.4130010604858398
7.8999999999999382,123.8999999999993804,5.6353945732116699
7.8999999999999382,123.9999999999993747,4.9038219451904297
7.8999999999999382,124.0999999999993690,4.7817730903625488
7.8999999999999382,124.1999999999993634,4.9404015541076660
7.8999999999999382,124.2999999999993577,5.1017155647277832
7.8999999999999382,124.3999999999993520,5.2617945671081543
7.8999999999999382,124.4999999999993463,5.4367561340332031
7.8999999999999382,124.5999999999993406,5.4263381958007812
7.8999999999999382,124.6999999999993349,4.8618407249450684
7.8999999999999382,124.7999999999993292,4.3154945373535156
7.8999999999999382,124.8999999999993236,4.0452356338500977
7.8999999999999382,124.9999999999993179,4.3030242919921875
7.8999999999999382,125.0999999999993122,4.6037888526916504
7.8999999999999382,125.1999999999993065,4.7911686897277832
7.8999999999999382,125.2999999999993008,4.9174928665161133
7.8999999999999382,125.3999999999992951,5.1000490188598633
7.8999999999999382,125.4999999999992895,5.0192608833312988
7.8999999999999382,125.5999999999992838,4.8713054656982422
7.8999999999999382,125.6999999999992781,4.8584756851196289
7.8999999999999382,125.7999999999992724,4.8006072044372559
7.8999999999999382,125.8999999999992667,4.7923846244812012
7.8999999999999382,125.9999999999992610,4.7743659019470215
7.8999999999999382,126.0999999999992554,4.0653624534606934
7.8999999999999382,126.1999999999992497,3.3378419876098633
7.8999999999999382,126.2999999999992440,2.5619869232177734
7.7999999999999385,122.0999999999994827,8.5111761093139648
7.7999999999999385,122.1999999999994770,6.8724160194396973
7.7999999999999385,122.2999999999994714,5.5676712989807129
7.7999999999999385,122.3999999999994657,5.4790191650390625
7.7999999999999385,122.4999999999994600,6.5042462348937988
7.7999999999999385,122.5999999999994543,7.4960107803344727
7.7999999999999385,122.6999999999994486,6.9844036102294922
7.7999999999999385,122.7999999999994429,5.8419847488403320
7.7999999999999385,122.8999999999994373,4.9636511802673340
7.7999999999999385,122.9999999999994316,4.7350873947143555
7.7999999999999385,123.0999999999994259,4.8121085166931152
7.7999999999999385,123.1999999999994202,5.0100483894348145
7.7999999999999385,123.2999999999994145,6.0140204429626465
7.7999999999999385,123.3999999999994088,7.3182449340820312
7.7999999999999385,123.6999999999993918,7.4110035896301270
7.7999999999999385,123.7999999999993861,6.9430351257324219
7.7999999999999385,123.8999999999993804,5.6012315750122070
7.7999999999999385,123.9999999999993747,4.4908413887023926
7.7999999999999385,124.0999999999993690,4.1657443046569824
7.7999999999999385,124.1999999999993634,3.9313187599182129
7.7999999999999385,124.2999999999993577,4.0219068527221680
7.7999999999999385,124.3999999999993520,4.3661303520202637
7.7999999999999385,124.4999999999993463,4.7427539825439453
7.7999999999999385,124.5999999999993406,5.1031732559204102
7.7999999999999385,124.6999999999993349,4.9639229774475098
7.7999999999999385,124.7999999999993292,4.7419176101684570
7.7999999999999385,124.8999999999993236,4.6482787132263184
7.7999999999999385,124.9999999999993179,4.8998222351074219
7.7999999999999385,125.0999999999993122,5.1565179824829102
7.7999999999999385,125.1999999999993065,5.2419095039367676
7.7999999999999385,125.2999999999993008,5.0732684135437012
7.7999999999999385,125.3999999999992951,4.9118180274963379
7.7999999999999385,125.4999999999992895,4.7824711799621582
7.7999999999999385,125.5999999999992838,4.6536035537719727
7.7999999999999385,125.6999999999992781,4.7105355262756348
7.7999999999999385,125.7999999999992724,4.6910800933837891
7.7999999999999385,125.8999999999992667,4.7344188690185547
7.7999999999999385,125.9999999999992610,4.7512378692626953
7.7999999999999385,126.0999999999992554,4.0215139389038086
7.7999999999999385,126.1999999999992497,3.2850866317749023
7.7999999999999385,126.2999999999992440,2.4166567325592041
7.7999999999999385,126.3999999999992383,2.8224956989288330
7.6999999999999389,122.1999999999994770,6.6389303207397461
7.6999999999999389,122.2999999999994714,5.3819890022277832
7.6999999999999389,122.3999999999994657,5.5411496162414551
7.6999999999999389,122.4999999999994600,6.5075368881225586
7.6999999999999389,122.8999999999994373,5.3657803535461426
7.6999999999999389,122.9999999999994316,5.2626600265502930
7.6999999999999389,123.0999999999994259,5.4712743759155273
7.6999999999999389,123.1999999999994202,5.8839359283447266
7.6999999999999389,123.2999999999994145,6.8078546524047852
7.6999999999999389,123.3999999999994088,8.1916446685791016
7.6999999999999389,123.4999999999994031,9.1600360870361328
7.6999999999999389,123.8999999999993804,5.5210533142089844
7.6999999999999389,123.9999999999993747,4.7637157440185547
7.6999999999999389,124.0999999999993690,4.1481394767761230
7.6999999999999389,124.1999999999993634,3.7980415821075439
7.6999999999999389,124.2999999999993577,3.5557937622070312
7.6999999999999389,124.3999999999993520,3.6756868362426758
7.6999999999999389,124.4999999999993463,4.3098263740539551
7.6999999999999389,124.5999999999993406,4.8571610450744629
7.6999999999999389,124.6999999999993349,4.9322004318237305
7.6999999999999389,124.7999999999993292,4.9370145797729492
7.6999999999999389,124.8999999999993236,5.0201478004455566
7.6999999999999389,124.9999999999993179,5.2161941528320312
7.6999999999999389,125.0999999999993122,5.4338808059692383
7.6999999999999389,125.1999999999993065,5.4293870925903320
7.6999999999999389,125.2999999999993008,5.1304340362548828
7.6999999999999389,125.3999999999992951,4.8293437957763672
7.6999999999999389,125.4999999999992895,4.5449771881103516
7.6999999999999389,125.5999999999992838,4.4384260177612305
7.6999999999999389,125.6999999999992781,4.5949125289916992
7.6999999999999389,125.7999999999992724,4.5670304298400879
7.6999999999999389,125.8999999999992667,4.5846095085144043
7.6999999999999389,125.9999999999992610,4.7571578025817871
7.6999999999999389,126.0999999999992554,3.9322741031646729
7.6999999999999389,126.1999999999992497,3.1569323539733887
7.6999999999999389,126.2999999999992440,2.3094460964202881
7.6999999999999389,126.3999999999992383,2.6545953750610352
7.6999999999999389,126.4999999999992326,4.8360710144042969
7.5999999999999392,122.1999999999994770,6.3668012619018555
7.5999999999999392,122.2999999999994714,5.5199518203735352
7.5999999999999392,122.3999999999994657,5.9011807441711426
7.5999999999999392,122.8999999999994373,6.4005198478698730
7.5999999999999392,122.9999999999994316,6.1018080711364746
7.5999999999999392,123.1999999999994202,6.8517398834228516
7.5999999999999392,123.2999999999994145,7.5015859603881836
7.5999999999999392,123.3999999999994088,8.0065784454345703
7.5999999999999392,124.0999999999993690,4.6198983192443848
7.5999999999999392,124.1999999999993634,4.0457158088684082
7.5999999999999392,124.2999999999993577,3.4542963504791260
7.5999999999999392,124.3999999999993520,3.3487057685852051
7.5999999999999392,124.4999999999993463,3.8325977325439453
7.5999999999999392,124.5999999999993406,4.4552087783813477
7.5999999999999392,124.6999999999993349,4.4954123497009277
7.5999999999999392,124.7999999999993292,4.5588126182556152
7.5999999999999392,124.8999999999993236,4.6922054290771484
7.5999999999999392,124.9999999999993179,4.8507819175720215
7.5999999999999392,125.0999999999993122,5.0378108024597168
7.5999999999999392,125.1999999999993065,5.0192236900329590
7.5999999999999392,125.2999999999993008,4.7149562835693359
7.5999999999999392,125.3999999999992951,4.4713025093078613
7.5999999999999392,125.4999999999992895,4.2344756126403809
7.5999999999999392,125.5999999999992838,4.2633123397827148
7.5999999999999392,125.6999999999992781,4.6927828788757324
7.5999999999999392,125.7999999999992724,4.4562139511108398
7.5999999999999392,125.8999999999992667,4.2305102348327637
7.5999999999999392,125.9999999999992610,4.1290712356567383
7.5999999999999392,126.0999999999992554,3.5265743732452393
7.5999999999999392,126.1999999999992497,2.8724126815795898
7.5999999999999392,126.2999999999992440,2.3042080402374268
7.5999999999999392,126.3999999999992383,2.7010259628295898
7.5999999999999392,126.4999999999992326,4.3419022560119629
7.4999999999999396,122.0999999999994827,7.0871214866638184
7.4999999999999396,122.1999999999994770,6.1192083358764648
7.4999999999999396,122.2999999999994714,5.6599383354187012
7.4999999999999396,123.2999999999994145,8.3040714263916016
7.4999999999999396,123.3999999999994088,8.7945041656494141
7.4999999999999396,124.1999999999993634,4.3607559204101562
7.4999999999999396,124.2999999999993577,3.5211589336395264
7.4999999999999396,124.3999999999993520,3.2401976585388184
7.4999999999999396,124.4999999999993463,3.6836092472076416
7.4999999999999396,124.5999999999993406,4.2335662841796875
7.4999999999999396,124.6999999999993349,4.0853466987609863
7.4999999999999396,124.7999999999993292,4.1801600456237793
7.4999999999999396,124.8999999999993236,4.3605780601501465
7.4999999999999396,124.9999999999993179,4.4846405982971191
7.4999999999999396,125.0999999999993122,4.6481389999389648
7.4999999999999396,125.1999999999993065,4.6062493324279785
7.4999999999999396,125.2999999999993008,4.3978004455566406
7.4999999999999396,125.3999999999992951,4.1691741943359375
7.4999999999999396,125.4999999999992895,3.9375460147857666
7.4999999999999396,125.5999999999992838,4.1975884437561035
7.4999999999999396,125.6999999999992781,5.0085515975952148
7.4999999999999396,125.7999999999992724,4.5825381278991699
7.4999999999999396,125.8999999999992667,3.9618287086486816
7.4999999999999396,125.9999999999992610,3.6878080368041992
7.4999999999999396,126.0999999999992554,3.2058126926422119
7.4999999999999396,126.1999999999992497,2.7341132164001465
7.4999999999999396,126.2999999999992440,2.3619911670684814
7.4999999999999396,126.3999999999992383,2.9145514965057373
7.4999999999999396,126.4999999999992326,4.3739280700683594
7.4999999999999396,126.5999999999992269,6.1345901489257812
7.3999999999999400,122.0999999999994827,6.5021424293518066
7.3999999999999400,122.1999999999994770,6.0196132659912109
7.3999999999999400,122.2999999999994714,5.8939900398254395
7.3999999999999400,122.7999999999994429,9.0861206054687500
7.3999999999999400,123.3999999999994088,8.9928922653198242
7.3999999999999400,124.1999999999993634,4.3892970085144043
7.3999999999999400,124.2999999999993577,3.4461095333099365
7.3999999999999400,124.3999999999993520,3.2927684783935547
7.3999999999999400,124.4999999999993463,3.6534266471862793
7.3999999999999400,124.5999999999993406,3.9898488521575928
7.3999999999999400,124.6999999999993349,3.6671848297119141
7.3999999999999400,124.7999999999993292,3.7177145481109619
7.3999999999999400,124.8999999999993236,3.9204585552215576
7.3999999999999400,124.9999999999993179,4.0527863502502441
7.3999999999999400,125.0999999999993122,4.2560310363769531
7.3999999999999400,125.1999999999993065,4.3158340454101562
7.3999999999999400,125.2999999999993008,4.0119237899780273
7.3999999999999400,125.3999999999992951,3.7219800949096680
7.3999999999999400,125.4999999999992895,3.5412068367004395
7.3999999999999400,125.5999999999992838,4.3171706199645996
7.3999999999999400,125.6999999999992781,5.6824049949645996
7.3999999999999400,125.7999999999992724,4.8721833229064941
7.3999999999999400,125.8999999999992667,3.9778532981872559
7.3999999999999400,125.9999999999992610,3.3494331836700439
7.3999999999999400,126.0999999999992554,3.0390031337738037
7.3999999999999400,126.1999999999992497,2.8542547225952148
7.3999999999999400,126.2999999999992440,2.9136683940887451
7.3999999999999400,126.3999999999992383,3.7801089286804199
7.3999999999999400,126.4999999999992326,5.1978330612182617
7.2999999999999403,116.8999999999997783,11.9092168807983398
7.2999999999999403,117.0999999999997669,12.1877441406250000
7.2999999999999403,117.1999999999997613,12.2596969604492188
7.2999999999999403,122.0999999999994827,5.8592514991760254
7.2999999999999403,122.1999999999994770,6.1494150161743164
7.2999999999999403,124.1999999999993634,3.7703428268432617
7.2999999999999403,124.2999999999993577,3.1911630630493164
7.2999999999999403,124.3999999999993520,3.3162996768951416
7.2999999999999403,124.4999999999993463,3.4744725227355957
7.2999999999999403,124.5999999999993406,3.6578509807586670
7.2999999999999403,124.6999999999993349,3.2824234962463379
7.2999999999999403,124.7999999999993292,3.1612265110015869
7.2999999999999403,124.8999999999993236,3.3277869224548340
7.2999999999999403,124.9999999999993179,3.5532860755920410
7.2999999999999403,125.0999999999993122,3.8605129718780518
7.2999999999999403,125.1999999999993065,3.8290522098541260
7.2999999999999403,125.2999999999993008,3.4420287609100342
7.2999999999999403,125.3999999999992951,3.1011917591094971
7.2999999999999403,125.4999999999992895,3.2503302097320557
7.2999999999999403,125.5999999999992838,4.7370285987854004
7.2999999999999403,125.6999999999992781,6.2027783393859863
7.2999999999999403,125.8999999999992667,4.4566183090209961
7.2999999999999403,125.9999999999992610,3.4607050418853760
7.2999999999999403,126.0999999999992554,3.1934773921966553
7.2999999999999403,126.1999999999992497,3.2320914268493652
7.2999999999999403,126.2999999999992440,3.6845471858978271
7.2999999999999403,126.3999999999992383,5.0639877319335938
7.2999999999999403,126.4999999999992326,6.7111945152282715
7.2999999999999403,126.5999999999992269,8.6338853836059570
7.1999999999999407,117.0999999999997669,12.1217575073242188
7.1999999999999407,117.1999999999997613,12.0488843917846680
7.1999999999999407,121.9999999999994884,6.5192403793334961
7.1999999999999407,122.0999999999994827,5.7039365768432617
7.1999999999999407,122.1999999999994770,6.2693796157836914
7.1999999999999407,124.1999999999993634,3.7224237918853760
7.1999999999999407,124.2999999999993577,3.3262288570404053
7.1999999999999407,124.3999999999993520,3.3350439071655273
7.1999999999999407,124.4999999999993463,3.3516960144042969
7.1999999999999407,124.5999999999993406,3.2958817481994629
7.1999999999999407,124.6999999999993349,2.9924669265747070
7.1999999999999407,124.7999999999993292,2.7202568054199219
7.1999999999999407,124.8999999999993236,2.7450051307678223
7.1999999999999407,124.9999999999993179,3.0724287033081055
7.1999999999999407,125.0999999999993122,3.4794147014617920
7.1999999999999407,125.1999999999993065,3.4375233650207520
7.1999999999999407,125.2999999999993008,2.8781318664550781
7.1999999999999407,125.3999999999992951,2.5583391189575195
7.1999999999999407,125.4999999999992895,3.6294465065002441
7.1999999999999407,125.5999999999992838,5.8954920768737793
7.1999999999999407,125.9999999999992610,3.8895485401153564
7.1999999999999407,126.0999999999992554,3.4485504627227783
7.1999999999999407,126.1999999999992497,3.6880626678466797
7.1999999999999407,126.2999999999992440,4.5815711021423340
7.1999999999999407,126.3999999999992383,6.3112974166870117
7.1999999999999407,126.4999999999992326,8.2001686096191406
7.0999999999999410,121.9999999999994884,6.4906253814697266
7.0999999999999410,122.0999999999994827,5.7801184654235840
7.0999999999999410,122.1999999999994770,6.2821412086486816
7.0999999999999410,124.0999999999993690,4.8987460136413574
7.0999999999999410,124.1999999999993634,3.5907461643218994
7.0999999999999410,124.2999999999993577,3.4479928016662598
7.0999999999999410,124.3999999999993520,3.2038998603820801
7.0999999999999410,124.4999999999993463,2.9467718601226807
7.0999999999999410,124.5999999999993406,2.7576131820678711
7.0999999999999410,124.6999999999993349,2.3939139842987061
7.0999999999999410,124.7999999999993292,2.0756227970123291
7.0999999999999410,124.8999999999993236,2.1563258171081543
7.0999999999999410,124.9999999999993179,2.5370767116546631
7.0999999999999410,125.0999999999993122,3.1085264682769775
7.0999999999999410,125.1999999999993065,3.1275780200958252
7.0999999999999410,125.2999999999993008,2.7026700973510742
7.0999999999999410,125.3999999999992951,2.5505397319793701
7.0999999999999410,125.4999999999992895,3.8017940521240234
7.0999999999999410,125.5999999999992838,6.0797209739685059
7.0999999999999410,125.6999999999992781,8.6962795257568359
7.0999999999999410,125.8999999999992667,5.8538661003112793
7.0999999999999410,125.9999999999992610,4.9456615447998047
7.0999999999999410,126.0999999999992554,4.2066774368286133
7.0999999999999410,126.1999999999992497,4.2361016273498535
7.0999999999999410,126.2999999999992440,5.4030346870422363
7.0999999999999410,126.3999999999992383,7.3664145469665527
6.9999999999999414,117.0999999999997669,10.4970779418945312
6.9999999999999414,121.9999999999994884,6.6991596221923828
6.9999999999999414,122.0999999999994827,6.2221708297729492
6.9999999999999414,122.1999999999994770,7.1217088699340820
6.9999999999999414,123.9999999999993747,5.2101035118103027
6.9999999999999414,124.0999999999993690,4.3451204299926758
6.9999999999999414,124.1999999999993634,3.9275152683258057
6.9999999999999414,124.2999999999993577,3.5758702754974365
6.9999999999999414,124.3999999999993520,3.0810139179229736
6.9999999999999414,124.4999999999993463,2.5347027778625488
6.9999999999999414,124.5999999999993406,2.0317981243133545
6.9999999999999414,124.6999999999993349,1.9862533807754517
6.9999999999999414,124.7999999999993292,1.9072332382202148
6.9999999999999414,124.8999999999993236,1.7628705501556396
6.9999999999999414,124.9999999999993179,2.0826430320739746
6.9999999999999414,125.0999999999993122,2.7635943889617920
6.9999999999999414,125.1999999999993065,3.0438768863677979
6.9999999999999414,125.2999999999993008,2.7811663150787354
6.9999999999999414,125.3999999999992951,2.6830770969390869
6.9999999999999414,125.4999999999992895,2.9204227924346924
6.9999999999999414,125.7999999999992724,8.6560983657836914
6.9999999999999414,125.9999999999992610,6.2666544914245605
6.9999999999999414,126.0999999999992554,5.9090900421142578
6.9999999999999414,126.1999999999992497,6.4502339363098145
6.9999999999999414,126.2999999999992440,7.4065837860107422
6.8999999999999417,116.6999999999997897,6.9874186515808105
6.8999999999999417,116.7999999999997840,7.4247422218322754
6.8999999999999417,117.0999999999997669,9.4697103500366211
6.8999999999999417,117.1999999999997613,9.8764810562133789
6.8999999999999417,122.0999999999994827,6.4514408111572266
6.8999999999999417,123.9999999999993747,5.7842888832092285
6.8999999999999417,124.0999999999993690,4.9609408378601074
6.8999999999999417,124.1999999999993634,4.3834414482116699
6.8999999999999417,124.2999999999993577,3.8703699111938477
6.8999999999999417,124.3999999999993520,3.1028957366943359
6.8999999999999417,124.4999999999993463,2.2847223281860352
6.8999999999999417,124.5999999999993406,1.8708815574645996
6.8999999999999417,124.6999999999993349,1.9565813541412354
6.8999999999999417,124.7999999999993292,2.0150845050811768
6.8999999999999417,124.8999999999993236,1.9396146535873413
6.8999999999999417,124.9999999999993179,1.7814687490463257
6.8999999999999417,125.0999999999993122,2.5980296134948730
6.8999999999999417,125.1999999999993065,2.9763460159301758
6.8999999999999417,125.2999999999993008,2.8501870632171631
6.8999999999999417,125.3999999999992951,2.8464255332946777
6.8999999999999417,126.0999999999992554,8.0739068984985352
6.8999999999999417,126.2999999999992440,9.2542238235473633
6.7999999999999421,124.0999999999993690,5.3253684043884277
6.7999999999999421,124.1999999999993634,4.6053175926208496
6.7999999999999421,124.2999999999993577,3.9830255508422852
6.7999999999999421,124.3999999999993520,3.1512560844421387
6.7999999999999421,124.4999999999993463,2.2646267414093018
6.7999999999999421,124.5999999999993406,1.4724109172821045
6.7999999999999421,124.6999999999993349,1.3816837072372437
6.7999999999999421,124.7999999999993292,1.4829308986663818
6.7999999999999421,124.8999999999993236,1.3816339969635010
6.7999999999999421,124.9999999999993179,1.5742758512496948
6.7999999999999421,125.0999999999993122,2.4179420471191406
6.7999999999999421,125.1999999999993065,2.8580060005187988
6.7999999999999421,125.2999999999993008,2.8487062454223633
6.7999999999999421,125.3999999999992951,2.9143700599670410
6.7999999999999421,126.0999999999992554,9.3462696075439453
6.7999999999999421,126.1999999999992497,9.7948017120361328
6.6999999999999424,121.9999999999994884,6.6170945167541504
6.6999999999999424,122.0999999999994827,6.4932298660278320
6.6999999999999424,124.0999999999993690,5.6315045356750488
6.6999999999999424,124.1999999999993634,4.7396759986877441
6.6999999999999424,124.2999999999993577,4.0029044151306152
6.6999999999999424,124.3999999999993520,3.1753637790679932
6.6999999999999424,124.4999999999993463,2.3120160102844238
6.6999999999999424,124.5999999999993406,1.5037127733230591
6.6999999999999424,124.6999999999993349,1.0711010694503784
6.6999999999999424,124.7999999999993292,0.9758201241493225
6.6999999999999424,124.8999999999993236,0.9344480633735657
6.6999999999999424,124.9999999999993179,1.4171695709228516
6.6999999999999424,125.0999999999993122,2.2399024963378906
6.6999999999999424,125.1999999999993065,2.7260503768920898
6.6999999999999424,125.2999999999993008,2.8296258449554443
6.6999999999999424,126.0999999999992554,10.1324901580810547
6.6999999999999424,126.1999999999992497,10.6684808731079102
6.5999999999999428,121.8999999999994941,7.6814584732055664
6.5999999999999428,121.9999999999994884,6.9646582603454590
6.5999999999999428,122.0999999999994827,6.8199272155761719
6.5999999999999428,122.1999999999994770,7.6723132133483887
6.5999999999999428,124.0999999999993690,6.0254631042480469
6.5999999999999428,124.1999999999993634,4.7858252525329590
6.5999999999999428,124.2999999999993577,3.9823167324066162
6.5999999999999428,124.3999999999993520,3.1624546051025391
6.5999999999999428,124.4999999999993463,2.4081718921661377
6.5999999999999428,124.5999999999993406,1.7038366794586182
6.5999999999999428,124.6999999999993349,1.2134382724761963
6.5999999999999428,124.7999999999993292,1.1246595382690430
6.5999999999999428,124.8999999999993236,1.3350195884704590
6.5999999999999428,124.9999999999993179,1.4035805463790894
6.5999999999999428,125.0999999999993122,2.1669492721557617
6.5999999999999428,125.1999999999993065,2.6847372055053711
6.5999999999999428,125.2999999999993008,2.8915491104125977
6.5999999999999428,126.0999999999992554,11.0394220352172852
6.5999999999999428,126.1999999999992497,11.3422994613647461
6.4999999999999432,121.9999999999994884,7.4426922798156738
6.4999999999999432,122.0999999999994827,7.3974370956420898
6.4999999999999432,122.1999999999994770,7.8485345840454102
6.4999999999999432,124.0999999999993690,5.7728118896484375
6.4999999999999432,124.1999999999993634,4.4829282760620117
6.4999999999999432,124.2999999999993577,3.5435216426849365
6.4999999999999432,124.3999999999993520,3.0091297626495361
6.4999999999999432,124.4999999999993463,2.5692558288574219
6.4999999999999432,124.5999999999993406,2.1406674385070801
6.4999999999999432,124.6999999999993349,1.7260316610336304
6.4999999999999432,124.7999999999993292,1.3445297479629517
6.4999999999999432,124.8999999999993236,1.5703285932540894
6.4999999999999432,124.9999999999993179,1.8781490325927734
6.4999999999999432,125.0999999999993122,2.5088894367218018
6.4999999999999432,125.1999999999993065,2.9886426925659180
6.4999999999999432,125.2999999999993008,3.2801432609558105
6.4999999999999432,125.3999999999992951,3.5846998691558838
6.4999999999999432,125.4999999999992895,4.0393195152282715
6.4999999999999432,125.5999999999992838,4.8827972412109375
6.4999999999999432,126.1999999999992497,10.9721374511718750
6.3999999999999435,121.9999999999994884,7.8395605087280273
6.3999999999999435,124.0999999999993690,5.4586448669433594
6.3999999999999435,124.1999999999993634,4.1768736839294434
6.3999999999999435,124.2999999999993577,3.0516340732574463
6.3999999999999435,124.3999999999993520,2.8199293613433838
6.3999999999999435,124.4999999999993463,2.7939007282257080
6.3999999999999435,124.5999999999993406,2.7240791320800781
6.3999999999999435,124.6999999999993349,2.4281649589538574
6.3999999999999435,124.7999999999993292,2.1314885616302490
6.3999999999999435,124.8999999999993236,2.0829508304595947
6.3999999999999435,124.9999999999993179,2.5274596214294434
6.3999999999999435,125.0999999999993122,3.0076990127563477
6.3999999999999435,125.1999999999993065,3.4369487762451172
6.3999999999999435,125.2999999999993008,3.7622785568237305
6.3999999999999435,125.3999999999992951,4.1037864685058594
6.3999999999999435,125.4999999999992895,4.8601317405700684
6.2999999999999439,120.5999999999995680,10.5628089904785156
6.2999999999999439,124.1999999999993634,4.1410598754882812
6.2999999999999439,124.2999999999993577,2.9114663600921631
6.2999999999999439,124.3999999999993520,2.6757628917694092
6.2999999999999439,124.4999999999993463,2.9492468833923340
6.2999999999999439,124.5999999999993406,3.2013263702392578
6.2999999999999439,124.6999999999993349,2.9979932308197021
6.2999999999999439,124.7999999999993292,2.7157440185546875
6.2999999999999439,124.8999999999993236,2.6487002372741699
6.2999999999999439,124.9999999999993179,3.0667445659637451
6.2999999999999439,125.0999999999993122,3.5049834251403809
6.2999999999999439,125.1999999999993065,3.8739111423492432
6.2999999999999439,125.2999999999993008,4.1536722183227539
6.2999999999999439,125.3999999999992951,4.6171817779541016
6.2999999999999439,125.4999999999992895,5.5062222480773926
6.2999999999999439,125.5999999999992838,6.8551588058471680
6.1999999999999442,124.2999999999993577,2.7332355976104736
6.1999999999999442,124.3999999999993520,2.4409852027893066
6.1999999999999442,124.4999999999993463,2.4598038196563721
6.1999999999999442,124.5999999999993406,2.7452409267425537
6.1999999999999442,124.6999999999993349,2.7214195728302002
6.1999999999999442,124.7999999999993292,2.6465373039245605
6.1999999999999442,124.8999999999993236,2.7511458396911621
6.1999999999999442,124.9999999999993179,3.2905554771423340
6.1999999999999442,125.0999999999993122,3.8416640758514404
6.1999999999999442,125.1999999999993065,4.1872215270996094
6.1999999999999442,125.2999999999993008,4.2871031761169434
6.1999999999999442,125.3999999999992951,4.4147405624389648
6.1999999999999442,125.4999999999992895,5.4031434059143066
6.1999999999999442,125.5999999999992838,7.0917863845825195
6.1999999999999442,125.6999999999992781,8.2598743438720703
6.0999999999999446,120.9999999999995453,10.3202896118164062
6.0999999999999446,121.0999999999995396,10.1476612091064453
6.0999999999999446,124.4999999999993463,2.0611548423767090
6.0999999999999446,124.5999999999993406,2.2580251693725586
6.0999999999999446,124.6999999999993349,2.5012831687927246
6.0999999999999446,124.7999999999993292,2.6999459266662598
6.0999999999999446,124.8999999999993236,2.9988260269165039
6.0999999999999446,124.9999999999993179,3.4914026260375977
6.0999999999999446,125.0999999999993122,4.1035275459289551
6.0999999999999446,125.2999999999993008,4.4067449569702148
6.0999999999999446,125.3999999999992951,4.3969626426696777
6.0999999999999446,125.4999999999992895,5.3615250587463379
6.0999999999999446,125.5999999999992838,7.3518428802490234
6.0999999999999446,125.6999999999992781,9.1295890808105469
5.9999999999999449,120.8999999999995509,10.4442625045776367
5.9999999999999449,120.9999999999995453,10.3379898071289062
5.9999999999999449,121.0999999999995396,10.1508216857910156
5.9999999999999449,121.3999999999995225,9.5610790252685547
5.9999999999999449,124.5999999999993406,1.9343791007995605
5.9999999999999449,124.6999999999993349,2.3499536514282227
5.9999999999999449,124.7999999999993292,2.8521091938018799
5.9999999999999449,124.8999999999993236,3.3430123329162598
5.9999999999999449,124.9999999999993179,3.8628520965576172
5.9999999999999449,125.0999999999993122,4.5463147163391113
5.9999999999999449,125.3999999999992951,4.3108558654785156
5.9999999999999449,125.4999999999992895,5.3063983917236328
5.9999999999999449,125.5999999999992838,7.4032874107360840
5.8999999999999453,120.8999999999995509,10.3429145812988281
5.8999999999999453,124.7999999999993292,2.9995584487915039
5.8999999999999453,124.8999999999993236,3.9899003505706787
5.8999999999999453,124.9999999999993179,4.3568978309631348
5.8999999999999453,125.0999999999993122,4.8086080551147461
5.8999999999999453,125.1999999999993065,5.1781473159790039
5.8999999999999453,125.2999999999993008,4.6765441894531250
5.8999999999999453,125.3999999999992951,4.2946209907531738
5.8999999999999453,125.4999999999992895,5.1602826118469238
5.8999999999999453,125.5999999999992838,7.1874246597290039
5.7999999999999456,125.2999999999993008,4.8806500434875488
5.7999999999999456,125.3999999999992951,4.1993894577026367
5.7999999999999456,125.4999999999992895,4.9569525718688965
5.6999999999999460,125.2999999999993008,5.1378498077392578
5.6999999999999460,125.3999999999992951,4.7732191085815430
5.5999999999999464,125.2999999999993008,5.7384343147277832
5.5999999999999464,125.3999999999992951,5.5043053627014160
5.3999999999999471,118.8999999999996646,5.9057188034057617
5.3999999999999471,118.9999999999996589,6.8820796012878418
5.3999999999999471,119.0999999999996533,8.3898506164550781
5.3999999999999471,119.1999999999996476,9.5840721130371094
5.2999999999999474,118.8999999999996646,5.7602496147155762
5.2999999999999474,118.9999999999996589,6.7353734970092773
5.2999999999999474,119.0999999999996533,8.1477737426757812
5.2999999999999474,119.1999999999996476,9.4223136901855469
5.2999999999999474,120.1999999999995907,10.5380239486694336
5.1999999999999478,118.8999999999996646,5.8749036788940430
5.1999999999999478,118.9999999999996589,6.7310223579406738
5.1999999999999478,119.0999999999996533,8.1805171966552734
5.1999999999999478,119.1999999999996476,9.6433134078979492
5.1999999999999478,120.1999999999995907,10.5704965591430664
5.0999999999999481,118.8999999999996646,7.0853352546691895
5.0999999999999481,118.9999999999996589,7.7899427413940430
5.0999999999999481,119.7999999999996135,10.8762388229370117
5.0999999999999481,119.8999999999996078,10.7948865890502930
