latitude,longitude,max_wind_speed
19.3999999999999559,121.3999999999995225,11.3326158523559570
19.3999999999999559,121.4999999999995168,11.2758350372314453
18.8999999999999488,121.8999999999994941,10.7455511093139648
18.5999999999999446,120.7999999999995566,9.9111204147338867
18.5999999999999446,120.8999999999995509,9.6394863128662109
18.5999999999999446,121.0999999999995396,9.0124387741088867
18.5999999999999446,121.1999999999995339,8.7712593078613281
18.4999999999999432,120.6999999999995623,7.7937293052673340
18.4999999999999432,120.7999999999995566,7.2830924987792969
18.4999999999999432,120.8999999999995509,6.9187278747558594
18.4999999999999432,120.9999999999995453,6.5530352592468262
18.4999999999999432,121.0999999999995396,6.1814494132995605
18.4999999999999432,121.1999999999995339,5.8999223709106445
18.4999999999999432,121.2999999999995282,6.1478872299194336
18.4999999999999432,122.1999999999994770,10.4248294830322266
18.3999999999999417,120.5999999999995680,6.3464522361755371
18.3999999999999417,120.6999999999995623,5.5890069007873535
18.3999999999999417,120.7999999999995566,4.9910130500793457
18.3999999999999417,120.8999999999995509,4.7278709411621094
18.3999999999999417,120.9999999999995453,4.5199589729309082
18.3999999999999417,121.0999999999995396,4.2605290412902832
18.3999999999999417,121.1999999999995339,4.0470938682556152
18.3999999999999417,121.2999999999995282,4.2229514122009277
18.3999999999999417,121.3999999999995225,4.5490870475769043
18.3999999999999417,121.4999999999995168,5.0100855827331543
18.3999999999999417,121.5999999999995111,5.9833288192749023
18.3999999999999417,122.0999999999994827,9.8045291900634766
18.3999999999999417,122.1999999999994770,10.1402006149291992
18.3999999999999417,122.2999999999994714,10.3206424713134766
18.2999999999999403,120.6999999999995623,4.7770748138427734
18.2999999999999403,120.7999999999995566,4.4326448440551758
18.2999999999999403,120.8999999999995509,4.2936525344848633
18.2999999999999403,120.9999999999995453,4.0612497329711914
18.2999999999999403,121.0999999999995396,3.7260262966156006
18.2999999999999403,121.1999999999995339,3.3998277187347412
18.2999999999999403,121.2999999999995282,3.4913978576660156
18.2999999999999403,121.3999999999995225,3.7140519618988037
18.2999999999999403,121.4999999999995168,4.3029294013977051
18.2999999999999403,121.5999999999995111,5.1126723289489746
18.2999999999999403,121.6999999999995055,6.1154618263244629
18.2999999999999403,122.0999999999994827,8.1241369247436523
18.2999999999999403,122.1999999999994770,8.8354902267456055
18.2999999999999403,122.2999999999994714,9.3780851364135742
18.1999999999999389,120.4999999999995737,6.4795341491699219
18.1999999999999389,120.5999999999995680,5.2787094116210938
18.1999999999999389,120.6999999999995623,4.2406830787658691
18.1999999999999389,120.7999999999995566,4.1398243904113770
18.1999999999999389,120.8999999999995509,4.1208119392395020
18.1999999999999389,120.9999999999995453,3.8419156074523926
18.1999999999999389,121.0999999999995396,3.4041566848754883
18.1999999999999389,121.1999999999995339,3.0126695632934570
18.1999999999999389,121.2999999999995282,2.9585168361663818
18.1999999999999389,121.3999999999995225,3.0805802345275879
18.1999999999999389,121.4999999999995168,3.4214680194854736
18.1999999999999389,121.5999999999995111,3.8871166706085205
18.1999999999999389,121.6999999999995055,4.5284543037414551
18.1999999999999389,121.7999999999994998,5.1590909957885742
18.1999999999999389,121.8999999999994941,5.3459410667419434
18.1999999999999389,121.9999999999994884,5.5896930694580078
18.1999999999999389,122.0999999999994827,6.2464976310729980
18.1999999999999389,122.1999999999994770,7.3280849456787109
18.0999999999999375,120.4999999999995737,6.5896759033203125
18.0999999999999375,120.5999999999995680,4.7921876907348633
18.0999999999999375,120.6999999999995623,3.9526684284210205
18.0999999999999375,120.7999999999995566,4.0056128501892090
18.0999999999999375,120.8999999999995509,4.1834864616394043
18.0999999999999375,120.9999999999995453,3.7737488746643066
18.0999999999999375,121.0999999999995396,3.2500827312469482
18.0999999999999375,121.1999999999995339,2.7775859832763672
18.0999999999999375,121.2999999999995282,2.6696140766143799
18.0999999999999375,121.3999999999995225,2.6527812480926514
18.0999999999999375,121.4999999999995168,2.7387731075286865
18.0999999999999375,121.5999999999995111,2.9077260494232178
18.0999999999999375,121.6999999999995055,3.2769281864166260
18.0999999999999375,121.7999999999994998,3.6884081363677979
18.0999999999999375,121.8999999999994941,3.8637278079986572
18.0999999999999375,121.9999999999994884,4.1144766807556152
18.0999999999999375,122.0999999999994827,4.7073669433593750
18.0999999999999375,122.1999999999994770,5.5385603904724121
17.9999999999999361,120.5999999999995680,4.7178783416748047
17.9999999999999361,120.6999999999995623,3.9952630996704102
17.9999999999999361,120.7999999999995566,4.1831312179565430
17.9999999999999361,120.8999999999995509,4.5178666114807129
17.9999999999999361,120.9999999999995453,4.1872301101684570
17.9999999999999361,121.0999999999995396,3.5587594509124756
17.9999999999999361,121.1999999999995339,3.0429191589355469
17.9999999999999361,121.2999999999995282,2.7589361667633057
17.9999999999999361,121.3999999999995225,2.5531227588653564
17.9999999999999361,121.4999999999995168,2.4842197895050049
17.9999999999999361,121.5999999999995111,2.5527310371398926
17.9999999999999361,121.6999999999995055,2.8944642543792725
17.9999999999999361,121.7999999999994998,3.2122194766998291
17.9999999999999361,121.8999999999994941,3.3322107791900635
17.9999999999999361,121.9999999999994884,3.5920896530151367
17.9999999999999361,122.0999999999994827,4.1449513435363770
17.8999999999999346,120.4999999999995737,6.0911588668823242
17.8999999999999346,120.5999999999995680,4.6763687133789062
17.8999999999999346,120.6999999999995623,4.1266117095947266
17.8999999999999346,120.7999999999995566,4.4669675827026367
17.8999999999999346,120.8999999999995509,5.0197997093200684
17.8999999999999346,120.9999999999995453,4.6914091110229492
17.8999999999999346,121.0999999999995396,3.9468123912811279
17.8999999999999346,121.1999999999995339,3.3229959011077881
17.8999999999999346,121.2999999999995282,2.8637859821319580
17.8999999999999346,121.3999999999995225,2.4521946907043457
17.8999999999999346,121.4999999999995168,2.3975441455841064
17.8999999999999346,121.5999999999995111,2.3620011806488037
17.8999999999999346,121.6999999999995055,2.5149405002593994
17.8999999999999346,121.7999999999994998,2.7165787220001221
17.8999999999999346,121.8999999999994941,2.8051755428314209
17.8999999999999346,121.9999999999994884,3.0775780677795410
17.8999999999999346,122.0999999999994827,3.6898045539855957
17.7999999999999332,120.4999999999995737,6.0422239303588867
17.7999999999999332,120.5999999999995680,4.6677236557006836
17.7999999999999332,120.6999999999995623,4.2126073837280273
17.7999999999999332,120.7999999999995566,4.5556235313415527
17.7999999999999332,120.8999999999995509,5.1454429626464844
17.7999999999999332,120.9999999999995453,4.8673062324523926
17.7999999999999332,121.0999999999995396,4.0527114868164062
17.7999999999999332,121.1999999999995339,3.3370289802551270
17.7999999999999332,121.2999999999995282,2.7467319965362549
17.7999999999999332,121.3999999999995225,2.4240305423736572
17.7999999999999332,121.4999999999995168,2.5775878429412842
17.7999999999999332,121.5999999999995111,2.4285123348236084
17.7999999999999332,121.6999999999995055,2.2555534839630127
17.7999999999999332,121.7999999999994998,2.3278682231903076
17.7999999999999332,121.8999999999994941,2.4322936534881592
17.7999999999999332,121.9999999999994884,2.6358084678649902
17.7999999999999332,122.0999999999994827,3.2887320518493652
17.6999999999999318,120.3999999999995794,7.8328962326049805
17.6999999999999318,120.4999999999995737,6.2085857391357422
17.6999999999999318,120.5999999999995680,4.7768287658691406
17.6999999999999318,120.6999999999995623,4.1747164726257324
17.6999999999999318,120.7999999999995566,4.4154939651489258
17.6999999999999318,120.8999999999995509,4.9575715065002441
17.6999999999999318,120.9999999999995453,4.6260967254638672
17.6999999999999318,121.0999999999995396,3.8290486335754395
17.6999999999999318,121.1999999999995339,3.0394206047058105
17.6999999999999318,121.2999999999995282,2.5391578674316406
17.6999999999999318,121.3999999999995225,2.5642757415771484
17.6999999999999318,121.4999999999995168,2.7953953742980957
17.6999999999999318,121.5999999999995111,2.6760256290435791
17.6999999999999318,121.6999999999995055,2.4544017314910889
17.6999999999999318,121.7999999999994998,2.2566521167755127
17.6999999999999318,121.8999999999994941,2.2579786777496338
17.6999999999999318,121.9999999999994884,2.5527520179748535
17.6999999999999318,122.0999999999994827,3.1977305412292480
17.5999999999999304,120.3999999999995794,8.2352838516235352
17.5999999999999304,120.4999999999995737,6.3940186500549316
17.5999999999999304,120.5999999999995680,4.8511519432067871
17.5999999999999304,120.6999999999995623,4.1771116256713867
17.5999999999999304,120.7999999999995566,4.2653889656066895
17.5999999999999304,120.8999999999995509,4.7680191993713379
17.5999999999999304,120.9999999999995453,4.4461150169372559
17.5999999999999304,121.0999999999995396,3.6151015758514404
17.5999999999999304,121.1999999999995339,2.7884805202484131
17.5999999999999304,121.2999999999995282,2.4991970062255859
17.5999999999999304,121.3999999999995225,2.7025804519653320
17.5999999999999304,121.4999999999995168,3.1271536350250244
17.5999999999999304,121.5999999999995111,2.9335205554962158
17.5999999999999304,121.6999999999995055,2.7124631404876709
17.5999999999999304,121.7999999999994998,2.5064623355865479
17.5999999999999304,121.8999999999994941,2.1582775115966797
17.5999999999999304,121.9999999999994884,2.6252107620239258
17.5999999999999304,122.0999999999994827,3.2195937633514404
17.4999999999999289,120.4999999999995737,6.3771271705627441
17.4999999999999289,120.5999999999995680,4.5846629142761230
17.4999999999999289,120.6999999999995623,3.7826168537139893
17.4999999999999289,120.7999999999995566,3.7722525596618652
17.4999999999999289,120.8999999999995509,4.3117218017578125
17.4999999999999289,120.9999999999995453,4.0721325874328613
17.4999999999999289,121.0999999999995396,3.3775763511657715
17.4999999999999289,121.1999999999995339,2.6833984851837158
17.4999999999999289,121.2999999999995282,2.5042469501495361
17.4999999999999289,121.3999999999995225,2.7884993553161621
17.4999999999999289,121.4999999999995168,3.1843025684356689
17.4999999999999289,121.5999999999995111,3.0554366111755371
17.4999999999999289,121.6999999999995055,2.8049700260162354
17.4999999999999289,121.7999999999994998,2.5084502696990967
17.4999999999999289,121.8999999999994941,2.1076111793518066
17.4999999999999289,121.9999999999994884,2.4784691333770752
17.4999999999999289,122.0999999999994827,3.0365333557128906
17.3999999999999275,120.4999999999995737,6.2346858978271484
17.3999999999999275,120.5999999999995680,4.1244039535522461
17.3999999999999275,120.6999999999995623,3.2128889560699463
17.3999999999999275,120.7999999999995566,3.1439576148986816
17.3999999999999275,120.8999999999995509,3.5990958213806152
17.3999999999999275,120.9999999999995453,3.6103878021240234
17.3999999999999275,121.0999999999995396,3.1303107738494873
17.3999999999999275,121.1999999999995339,2.6350805759429932
17.3999999999999275,121.2999999999995282,2.5422439575195312
17.3999999999999275,121.3999999999995225,2.8346185684204102
17.3999999999999275,121.4999999999995168,3.3112523555755615
17.3999999999999275,121.5999999999995111,3.0911285877227783
17.3999999999999275,121.6999999999995055,2.8569331169128418
17.3999999999999275,121.7999999999994998,2.5489983558654785
17.3999999999999275,121.8999999999994941,2.0968863964080811
17.3999999999999275,121.9999999999994884,2.1995239257812500
17.3999999999999275,122.0999999999994827,2.6915166378021240
17.3999999999999275,122.1999999999994770,2.8606047630310059
17.2999999999999261,120.4999999999995737,5.9302139282226562
17.2999999999999261,120.5999999999995680,3.7363626956939697
17.2999999999999261,120.6999999999995623,2.5720009803771973
17.2999999999999261,120.7999999999995566,2.7015953063964844
17.2999999999999261,120.8999999999995509,3.0300719738006592
17.2999999999999261,120.9999999999995453,3.2725772857666016
17.2999999999999261,121.0999999999995396,3.0124745368957520
17.2999999999999261,121.1999999999995339,2.7543909549713135
17.2999999999999261,121.2999999999995282,2.5950384140014648
17.2999999999999261,121.3999999999995225,2.8472051620483398
17.2999999999999261,121.4999999999995168,3.2165307998657227
17.2999999999999261,121.5999999999995111,3.0950269699096680
17.2999999999999261,121.6999999999995055,2.8870162963867188
17.2999999999999261,121.7999999999994998,2.6108276844024658
17.2999999999999261,121.8999999999994941,2.0871863365173340
17.2999999999999261,121.9999999999994884,2.2670090198516846
17.2999999999999261,122.0999999999994827,2.5928866863250732
17.2999999999999261,122.1999999999994770,2.4872665405273438
17.2999999999999261,122.2999999999994714,2.7631995677947998
17.1999999999999247,120.4999999999995737,5.6923708915710449
17.1999999999999247,120.5999999999995680,3.1558184623718262
17.1999999999999247,120.6999999999995623,2.1196162700653076
17.1999999999999247,120.7999999999995566,2.4398803710937500
17.1999999999999247,120.8999999999995509,3.0381574630737305
17.1999999999999247,120.9999999999995453,3.2861344814300537
17.1999999999999247,121.0999999999995396,3.0310986042022705
17.1999999999999247,121.1999999999995339,2.7812635898590088
17.1999999999999247,121.2999999999995282,2.6992609500885010
17.1999999999999247,121.3999999999995225,2.6818785667419434
17.1999999999999247,121.4999999999995168,3.0369265079498291
17.1999999999999247,121.5999999999995111,2.8354156017303467
17.1999999999999247,121.6999999999995055,2.6306436061859131
17.1999999999999247,121.7999999999994998,2.3552577495574951
17.1999999999999247,121.8999999999994941,2.0718801021575928
17.1999999999999247,121.9999999999994884,2.5706751346588135
17.1999999999999247,122.0999999999994827,2.7894506454467773
17.1999999999999247,122.1999999999994770,2.5309681892395020
17.1999999999999247,122.2999999999994714,2.6150243282318115
17.1999999999999247,122.3999999999994657,2.9900510311126709
17.0999999999999233,120.4999999999995737,4.8766479492187500
17.0999999999999233,120.5999999999995680,2.5127818584442139
17.0999999999999233,120.6999999999995623,1.8119047880172729
17.0999999999999233,120.7999999999995566,2.4499673843383789
17.0999999999999233,120.8999999999995509,3.2290983200073242
17.0999999999999233,120.9999999999995453,3.4469187259674072
17.0999999999999233,121.0999999999995396,3.1099874973297119
17.0999999999999233,121.1999999999995339,3.0563836097717285
17.0999999999999233,121.2999999999995282,2.8392560482025146
17.0999999999999233,121.3999999999995225,2.5621511936187744
17.0999999999999233,121.4999999999995168,2.5874257087707520
17.0999999999999233,121.5999999999995111,2.4716999530792236
17.0999999999999233,121.6999999999995055,2.4365813732147217
17.0999999999999233,121.7999999999994998,2.5250570774078369
17.0999999999999233,121.8999999999994941,2.6893100738525391
17.0999999999999233,121.9999999999994884,2.9806754589080811
17.0999999999999233,122.0999999999994827,3.1050000190734863
17.0999999999999233,122.1999999999994770,2.7487885951995850
17.0999999999999233,122.2999999999994714,2.6124765872955322
17.0999999999999233,122.3999999999994657,3.3328146934509277
17.0999999999999233,122.4999999999994600,5.0241537094116211
16.9999999999999218,120.4999999999995737,4.5900845527648926
16.9999999999999218,120.5999999999995680,2.0574994087219238
16.9999999999999218,120.6999999999995623,1.8062628507614136
16.9999999999999218,120.7999999999995566,2.4946200847625732
16.9999999999999218,120.8999999999995509,3.4141452312469482
16.9999999999999218,120.9999999999995453,3.5131068229675293
16.9999999999999218,121.0999999999995396,3.1588878631591797
16.9999999999999218,121.1999999999995339,3.0829014778137207
16.9999999999999218,121.2999999999995282,2.9128580093383789
16.9999999999999218,121.3999999999995225,2.5487394332885742
16.9999999999999218,121.4999999999995168,2.6882243156433105
16.9999999999999218,121.5999999999995111,2.7743530273437500
16.9999999999999218,121.6999999999995055,2.9291880130767822
16.9999999999999218,121.7999999999994998,3.0962271690368652
16.9999999999999218,121.8999999999994941,3.1849513053894043
16.9999999999999218,121.9999999999994884,3.3016986846923828
16.9999999999999218,122.0999999999994827,3.2594251632690430
16.9999999999999218,122.1999999999994770,2.9816424846649170
16.9999999999999218,122.2999999999994714,2.7558505535125732
16.9999999999999218,122.3999999999994657,3.4235246181488037
16.8999999999999204,120.3999999999995794,5.4713931083679199
16.8999999999999204,120.4999999999995737,3.6221256256103516
16.8999999999999204,120.5999999999995680,1.9107450246810913
16.8999999999999204,120.6999999999995623,1.8156201839447021
16.8999999999999204,120.7999999999995566,2.3922574520111084
16.8999999999999204,120.8999999999995509,3.1748666763305664
16.8999999999999204,120.9999999999995453,3.2737963199615479
16.8999999999999204,121.0999999999995396,2.9809658527374268
16.8999999999999204,121.1999999999995339,3.0194001197814941
16.8999999999999204,121.2999999999995282,2.8332815170288086
16.8999999999999204,121.3999999999995225,2.8905208110809326
16.8999999999999204,121.4999999999995168,2.9785966873168945
16.8999999999999204,121.5999999999995111,2.9666187763214111
16.8999999999999204,121.6999999999995055,3.0538010597229004
16.8999999999999204,121.7999999999994998,3.0945134162902832
16.8999999999999204,121.8999999999994941,3.0703153610229492
16.8999999999999204,121.9999999999994884,3.0738713741302490
16.8999999999999204,122.0999999999994827,3.0985772609710693
16.8999999999999204,122.1999999999994770,2.9156765937805176
16.8999999999999204,122.2999999999994714,2.7364163398742676
16.8999999999999204,122.3999999999994657,3.7893557548522949
16.7999999999999190,120.3999999999995794,4.7753305435180664
16.7999999999999190,120.4999999999995737,2.8502430915832520
16.7999999999999190,120.5999999999995680,1.8703758716583252
16.7999999999999190,120.6999999999995623,1.7703622579574585
16.7999999999999190,120.7999999999995566,2.2539043426513672
16.7999999999999190,120.8999999999995509,3.0261275768280029
16.7999999999999190,120.9999999999995453,3.0541760921478271
16.7999999999999190,121.0999999999995396,2.7766807079315186
16.7999999999999190,121.1999999999995339,2.8429625034332275
16.7999999999999190,121.2999999999995282,2.9846596717834473
16.7999999999999190,121.3999999999995225,3.2304065227508545
16.7999999999999190,121.4999999999995168,3.4549412727355957
16.7999999999999190,121.5999999999995111,3.4229905605316162
16.7999999999999190,121.6999999999995055,3.3705856800079346
16.7999999999999190,121.7999999999994998,3.2796249389648438
16.7999999999999190,121.8999999999994941,3.0167806148529053
16.7999999999999190,121.9999999999994884,2.9309716224670410
16.7999999999999190,122.0999999999994827,2.9373955726623535
16.7999999999999190,122.1999999999994770,2.9177653789520264
16.7999999999999190,122.2999999999994714,3.0483736991882324
16.7999999999999190,122.3999999999994657,3.7044551372528076
16.6999999999999176,120.3999999999995794,3.5908405780792236
16.6999999999999176,120.4999999999995737,2.3838634490966797
16.6999999999999176,120.5999999999995680,1.8990800380706787
16.6999999999999176,120.6999999999995623,1.7464867830276489
16.6999999999999176,120.7999999999995566,2.1413388252258301
16.6999999999999176,120.8999999999995509,2.8604278564453125
16.6999999999999176,120.9999999999995453,2.9914073944091797
16.6999999999999176,121.0999999999995396,2.8426849842071533
16.6999999999999176,121.1999999999995339,2.9191513061523438
16.6999999999999176,121.2999999999995282,3.1445379257202148
16.6999999999999176,121.3999999999995225,3.4302909374237061
16.6999999999999176,121.4999999999995168,3.6533937454223633
16.6999999999999176,121.5999999999995111,3.6333980560302734
16.6999999999999176,121.6999999999995055,3.5283157825469971
16.6999999999999176,121.7999999999994998,3.3678741455078125
16.6999999999999176,121.8999999999994941,3.0878572463989258
16.6999999999999176,121.9999999999994884,2.9550209045410156
16.6999999999999176,122.0999999999994827,3.0439920425415039
16.6999999999999176,122.1999999999994770,3.2655568122863770
16.6999999999999176,122.2999999999994714,3.6986045837402344
16.5999999999999162,120.2999999999995850,3.7923779487609863
16.5999999999999162,120.3999999999995794,3.6054525375366211
16.5999999999999162,120.4999999999995737,2.3402230739593506
16.5999999999999162,120.5999999999995680,1.6618150472640991
16.5999999999999162,120.6999999999995623,1.8055857419967651
16.5999999999999162,120.7999999999995566,2.3915874958038330
16.5999999999999162,120.8999999999995509,2.9849617481231689
16.5999999999999162,120.9999999999995453,3.0268709659576416
16.5999999999999162,121.0999999999995396,2.9755761623382568
16.5999999999999162,121.1999999999995339,3.1331372261047363
16.5999999999999162,121.2999999999995282,3.1909067630767822
16.5999999999999162,121.3999999999995225,3.2118327617645264
16.5999999999999162,121.4999999999995168,3.2330210208892822
16.5999999999999162,121.5999999999995111,3.0332920551300049
16.5999999999999162,121.6999999999995055,2.8034856319427490
16.5999999999999162,121.7999999999994998,2.6883785724639893
16.5999999999999162,121.8999999999994941,2.8748254776000977
16.5999999999999162,121.9999999999994884,3.2599487304687500
16.5999999999999162,122.0999999999994827,3.8009614944458008
16.5999999999999162,122.1999999999994770,4.4153594970703125
16.5999999999999162,122.2999999999994714,4.7118639945983887
16.4999999999999147,120.2999999999995850,3.6992764472961426
16.4999999999999147,120.3999999999995794,3.4633374214172363
16.4999999999999147,120.4999999999995737,2.3239555358886719
16.4999999999999147,120.5999999999995680,1.5196424722671509
16.4999999999999147,120.6999999999995623,2.1826577186584473
16.4999999999999147,120.7999999999995566,2.8854947090148926
16.4999999999999147,120.8999999999995509,3.5666499137878418
16.4999999999999147,120.9999999999995453,3.3843088150024414
16.4999999999999147,121.0999999999995396,3.3505508899688721
16.4999999999999147,121.1999999999995339,3.4634497165679932
16.4999999999999147,121.2999999999995282,3.2637667655944824
16.4999999999999147,121.3999999999995225,2.9801585674285889
16.4999999999999147,121.4999999999995168,2.7208845615386963
16.4999999999999147,121.5999999999995111,2.3961577415466309
16.4999999999999147,121.6999999999995055,2.1059393882751465
16.4999999999999147,121.7999999999994998,2.2877879142761230
16.4999999999999147,121.8999999999994941,2.5971398353576660
16.4999999999999147,121.9999999999994884,3.5702805519104004
16.4999999999999147,122.0999999999994827,4.6100430488586426
16.4999999999999147,122.1999999999994770,5.6306624412536621
16.3999999999999133,120.3999999999995794,3.8003571033477783
16.3999999999999133,120.4999999999995737,2.4937832355499268
16.3999999999999133,120.5999999999995680,1.9721308946609497
16.3999999999999133,120.6999999999995623,2.3644897937774658
16.3999999999999133,120.7999999999995566,2.9346125125885010
16.3999999999999133,120.8999999999995509,3.7378454208374023
16.3999999999999133,120.9999999999995453,3.6510972976684570
16.3999999999999133,121.0999999999995396,3.5669345855712891
16.3999999999999133,121.1999999999995339,3.6230194568634033
16.3999999999999133,121.2999999999995282,3.3275170326232910
16.3999999999999133,121.3999999999995225,2.9007961750030518
16.3999999999999133,121.4999999999995168,2.5259859561920166
16.3999999999999133,121.5999999999995111,2.2089748382568359
16.3999999999999133,121.6999999999995055,2.0440745353698730
16.3999999999999133,121.7999999999994998,2.2089037895202637
16.3999999999999133,121.8999999999994941,3.0461010932922363
16.3999999999999133,121.9999999999994884,4.4188265800476074
16.3999999999999133,122.0999999999994827,5.7203249931335449
16.3999999999999133,122.1999999999994770,6.6809687614440918
16.2999999999999119,119.7999999999996135,5.4551610946655273
16.2999999999999119,120.3999999999995794,4.2317385673522949
16.2999999999999119,120.4999999999995737,2.9638609886169434
16.2999999999999119,120.5999999999995680,2.8191921710968018
16.2999999999999119,120.6999999999995623,2.9003946781158447
16.2999999999999119,120.7999999999995566,2.9193186759948730
16.2999999999999119,120.8999999999995509,3.1503708362579346
16.2999999999999119,120.9999999999995453,3.4036533832550049
16.2999999999999119,121.0999999999995396,3.5025486946105957
16.2999999999999119,121.1999999999995339,3.7610564231872559
16.2999999999999119,121.2999999999995282,3.4919533729553223
16.2999999999999119,121.3999999999995225,3.1134567260742188
16.2999999999999119,121.4999999999995168,2.8577690124511719
16.2999999999999119,121.5999999999995111,2.8136727809906006
16.2999999999999119,121.6999999999995055,2.7897138595581055
16.2999999999999119,121.7999999999994998,3.0779881477355957
16.2999999999999119,121.8999999999994941,4.5251173973083496
16.2999999999999119,121.9999999999994884,6.0649237632751465
16.2999999999999119,122.0999999999994827,7.2683119773864746
16.1999999999999105,119.7999999999996135,5.6087093353271484
16.1999999999999105,119.8999999999996078,5.4838485717773438
16.1999999999999105,119.9999999999996021,5.5473041534423828
16.1999999999999105,120.4999999999995737,3.9108560085296631
16.1999999999999105,120.5999999999995680,3.6395192146301270
16.1999999999999105,120.6999999999995623,3.4276463985443115
16.1999999999999105,120.7999999999995566,3.2954146862030029
16.1999999999999105,120.8999999999995509,3.2694933414459229
16.1999999999999105,120.9999999999995453,3.2740142345428467
16.1999999999999105,121.0999999999995396,3.4458830356597900
16.1999999999999105,121.1999999999995339,3.8439333438873291
16.1999999999999105,121.2999999999995282,3.7396285533905029
16.1999999999999105,121.3999999999995225,3.4099354743957520
16.1999999999999105,121.4999999999995168,3.1882007122039795
16.1999999999999105,121.5999999999995111,3.4897093772888184
16.1999999999999105,121.6999999999995055,3.8210926055908203
16.1999999999999105,121.7999999999994998,4.5183625221252441
16.1999999999999105,121.8999999999994941,5.9794950485229492
16.1999999999999105,121.9999999999994884,7.6579651832580566
16.0999999999999091,119.7999999999996135,7.1719245910644531
16.0999999999999091,119.8999999999996078,6.7489118576049805
16.0999999999999091,119.9999999999996021,6.5534081459045410
16.0999999999999091,120.4999999999995737,4.6074805259704590
16.0999999999999091,120.5999999999995680,4.2331466674804688
16.0999999999999091,120.6999999999995623,3.9367775917053223
16.0999999999999091,120.7999999999995566,3.7354993820190430
16.0999999999999091,120.8999999999995509,3.6815466880798340
16.0999999999999091,120.9999999999995453,3.6590054035186768
16.0999999999999091,121.0999999999995396,3.4920918941497803
16.0999999999999091,121.1999999999995339,3.9818820953369141
16.0999999999999091,121.2999999999995282,3.9279935359954834
16.0999999999999091,121.3999999999995225,3.7857444286346436
16.0999999999999091,121.4999999999995168,3.8372020721435547
16.0999999999999091,121.5999999999995111,4.5127983093261719
16.0999999999999091,121.6999999999995055,5.2863268852233887
15.9999999999999094,119.7999999999996135,9.2998085021972656
15.9999999999999094,119.8999999999996078,8.2541723251342773
15.9999999999999094,119.9999999999996021,7.3570704460144043
15.9999999999999094,120.0999999999995964,6.7535104751586914
15.9999999999999094,120.1999999999995907,6.1870555877685547
15.9999999999999094,120.2999999999995850,5.5976395606994629
15.9999999999999094,120.3999999999995794,5.1356754302978516
15.9999999999999094,120.4999999999995737,4.9080748558044434
15.9999999999999094,120.5999999999995680,4.6831479072570801
15.9999999999999094,120.6999999999995623,4.4731583595275879
15.9999999999999094,120.7999999999995566,4.2844982147216797
15.9999999999999094,120.8999999999995509,4.3973126411437988
15.9999999999999094,120.9999999999995453,4.3217525482177734
15.9999999999999094,121.0999999999995396,3.9331753253936768
15.9999999999999094,121.1999999999995339,3.9888560771942139
15.9999999999999094,121.2999999999995282,4.0768108367919922
15.9999999999999094,121.3999999999995225,4.1868481636047363
15.9999999999999094,121.4999999999995168,4.3756761550903320
15.9999999999999094,121.5999999999995111,5.5501675605773926
15.8999999999999098,119.9999999999996021,8.0848379135131836
15.8999999999999098,120.0999999999995964,7.0044384002685547
15.8999999999999098,120.1999999999995907,6.3497128486633301
15.8999999999999098,120.2999999999995850,5.7446365356445312
15.8999999999999098,120.3999999999995794,5.3210191726684570
15.8999999999999098,120.4999999999995737,5.2200293540954590
15.8999999999999098,120.5999999999995680,5.1340637207031250
15.8999999999999098,120.6999999999995623,5.0175395011901855
15.8999999999999098,120.7999999999995566,4.8553371429443359
15.8999999999999098,120.8999999999995509,5.0610375404357910
15.8999999999999098,120.9999999999995453,4.8827919960021973
15.8999999999999098,121.0999999999995396,4.3206357955932617
15.8999999999999098,121.1999999999995339,4.2087168693542480
15.8999999999999098,121.2999999999995282,4.2869844436645508
15.8999999999999098,121.3999999999995225,4.5411548614501953
15.8999999999999098,121.4999999999995168,5.1427521705627441
15.8999999999999098,121.5999999999995111,5.8696279525756836
15.7999999999999101,119.9999999999996021,8.1420831680297852
15.7999999999999101,120.0999999999995964,6.7677254676818848
15.7999999999999101,120.1999999999995907,6.1149458885192871
15.7999999999999101,120.2999999999995850,5.5899910926818848
15.7999999999999101,120.3999999999995794,5.2490515708923340
15.7999999999999101,120.4999999999995737,5.3271827697753906
15.7999999999999101,120.5999999999995680,5.4179296493530273
15.7999999999999101,120.6999999999995623,5.3934340476989746
15.7999999999999101,120.7999999999995566,5.2436227798461914
15.7999999999999101,120.8999999999995509,5.2540035247802734
15.7999999999999101,120.9999999999995453,4.8927621841430664
15.7999999999999101,121.0999999999995396,4.1597423553466797
15.7999999999999101,121.1999999999995339,3.8758859634399414
15.7999999999999101,121.2999999999995282,4.0291428565979004
15.7999999999999101,121.3999999999995225,4.4510521888732910
15.7999999999999101,121.4999999999995168,5.1509695053100586
15.6999999999999105,119.9999999999996021,7.8695483207702637
15.6999999999999105,120.0999999999995964,6.1794185638427734
15.6999999999999105,120.1999999999995907,5.6750259399414062
15.6999999999999105,120.2999999999995850,5.2879924774169922
15.6999999999999105,120.3999999999995794,5.1151728630065918
15.6999999999999105,120.4999999999995737,5.3503232002258301
15.6999999999999105,120.5999999999995680,5.6093568801879883
15.6999999999999105,120.6999999999995623,5.6917195320129395
15.6999999999999105,120.7999999999995566,5.5502429008483887
15.6999999999999105,120.8999999999995509,5.5429663658142090
15.6999999999999105,120.9999999999995453,5.0932087898254395
15.6999999999999105,121.0999999999995396,4.2796120643615723
15.6999999999999105,121.1999999999995339,3.4649777412414551
15.6999999999999105,121.2999999999995282,3.5675101280212402
15.6999999999999105,121.3999999999995225,4.2853670120239258
15.6999999999999105,121.4999999999995168,5.3967771530151367
15.5999999999999108,119.9999999999996021,7.7199978828430176
15.5999999999999108,120.0999999999995964,5.9078669548034668
15.5999999999999108,120.1999999999995907,5.4620518684387207
15.5999999999999108,120.2999999999995850,5.1890978813171387
15.5999999999999108,120.3999999999995794,5.1686806678771973
15.5999999999999108,120.4999999999995737,5.4834771156311035
15.5999999999999108,120.5999999999995680,5.8633728027343750
15.5999999999999108,120.6999999999995623,6.0066776275634766
15.5999999999999108,120.7999999999995566,5.8896369934082031
15.5999999999999108,120.8999999999995509,5.9654884338378906
15.5999999999999108,120.9999999999995453,5.4594349861145020
15.5999999999999108,121.0999999999995396,4.5971589088439941
15.5999999999999108,121.1999999999995339,3.8118042945861816
15.5999999999999108,121.2999999999995282,3.7938687801361084
15.5999999999999108,121.3999999999995225,4.7081365585327148
15.5999999999999108,121.4999999999995168,6.1083106994628906
15.4999999999999112,119.9999999999996021,8.0994405746459961
15.4999999999999112,120.0999999999995964,6.4771904945373535
15.4999999999999112,120.1999999999995907,6.1506943702697754
15.4999999999999112,120.2999999999995850,6.1297254562377930
15.4999999999999112,120.3999999999995794,6.3035140037536621
15.4999999999999112,120.4999999999995737,6.4344687461853027
15.4999999999999112,120.5999999999995680,6.5767521858215332
15.4999999999999112,120.6999999999995623,6.6144332885742188
15.4999999999999112,120.7999999999995566,6.5426030158996582
15.4999999999999112,120.8999999999995509,6.4623136520385742
15.4999999999999112,120.9999999999995453,6.1998558044433594
15.4999999999999112,121.0999999999995396,5.7460165023803711
15.4999999999999112,121.1999999999995339,5.3214354515075684
15.4999999999999112,121.2999999999995282,5.5771975517272949
15.4999999999999112,121.3999999999995225,6.7322263717651367
15.4999999999999112,121.4999999999995168,7.7786126136779785
15.3999999999999115,119.8999999999996078,10.4872455596923828
15.3999999999999115,119.9999999999996021,8.6424341201782227
15.3999999999999115,120.0999999999995964,7.3376202583312988
15.3999999999999115,120.1999999999995907,7.1078591346740723
15.3999999999999115,120.2999999999995850,7.4046063423156738
15.3999999999999115,120.3999999999995794,7.6899685859680176
15.3999999999999115,120.4999999999995737,7.6487803459167480
15.3999999999999115,120.5999999999995680,7.6029815673828125
15.3999999999999115,120.6999999999995623,7.4795999526977539
15.3999999999999115,120.7999999999995566,7.3574728965759277
15.3999999999999115,120.8999999999995509,7.4074025154113770
15.3999999999999115,120.9999999999995453,7.3847742080688477
15.3999999999999115,121.0999999999995396,7.3654623031616211
15.3999999999999115,121.1999999999995339,7.4104528427124023
15.3999999999999115,121.2999999999995282,8.2024822235107422
15.2999999999999119,119.9999999999996021,8.6756610870361328
15.2999999999999119,120.0999999999995964,7.9480643272399902
15.2999999999999119,120.1999999999995907,7.7392983436584473
15.2999999999999119,120.2999999999995850,8.2257957458496094
15.2999999999999119,120.3999999999995794,8.7750759124755859
15.2999999999999119,120.4999999999995737,8.6631526947021484
15.2999999999999119,120.5999999999995680,8.5279970169067383
15.2999999999999119,120.6999999999995623,8.3661327362060547
15.2999999999999119,120.7999999999995566,8.2188844680786133
15.2999999999999119,120.8999999999995509,8.1941175460815430
15.2999999999999119,120.9999999999995453,8.2938413619995117
15.2999999999999119,121.0999999999995396,8.4582109451293945
15.2999999999999119,121.1999999999995339,8.8416833877563477
15.2999999999999119,121.2999999999995282,10.0282840728759766
15.2999999999999119,121.3999999999995225,11.1982812881469727
15.1999999999999122,120.0999999999995964,7.7938766479492188
15.1999999999999122,120.1999999999995907,7.4453525543212891
15.1999999999999122,120.2999999999995850,7.8659586906433105
15.1999999999999122,120.3999999999995794,8.4339466094970703
15.1999999999999122,120.4999999999995737,8.4650230407714844
15.1999999999999122,120.5999999999995680,8.5474824905395508
15.1999999999999122,120.6999999999995623,8.5404996871948242
15.1999999999999122,120.7999999999995566,8.4214859008789062
15.1999999999999122,120.8999999999995509,8.3701705932617188
15.1999999999999122,120.9999999999995453,8.1775026321411133
15.1999999999999122,121.0999999999995396,7.8245964050292969
15.1999999999999122,121.1999999999995339,8.0062427520751953
15.1999999999999122,121.2999999999995282,8.9097747802734375
15.0999999999999126,120.0999999999995964,7.7396187782287598
15.0999999999999126,120.1999999999995907,7.1380705833435059
15.0999999999999126,120.2999999999995850,7.5426130294799805
15.0999999999999126,120.3999999999995794,8.0337705612182617
15.0999999999999126,120.4999999999995737,8.2748451232910156
15.0999999999999126,120.5999999999995680,8.6860218048095703
15.0999999999999126,120.6999999999995623,8.8657894134521484
15.0999999999999126,120.7999999999995566,8.7072992324829102
15.0999999999999126,120.8999999999995509,8.5210704803466797
15.0999999999999126,120.9999999999995453,7.9327464103698730
15.0999999999999126,121.0999999999995396,7.0272836685180664
15.0999999999999126,121.1999999999995339,7.0080132484436035
15.0999999999999126,121.2999999999995282,7.9504976272583008
15.0999999999999126,121.3999999999995225,9.1160430908203125
14.9999999999999130,120.0999999999995964,7.8199810981750488
14.9999999999999130,120.1999999999995907,7.0172214508056641
14.9999999999999130,120.2999999999995850,7.1935315132141113
14.9999999999999130,120.3999999999995794,7.6318917274475098
14.9999999999999130,120.4999999999995737,8.2559413909912109
14.9999999999999130,120.5999999999995680,8.8929243087768555
14.9999999999999130,120.6999999999995623,9.2371301651000977
14.9999999999999130,120.7999999999995566,8.9203243255615234
14.9999999999999130,120.8999999999995509,8.7893791198730469
14.9999999999999130,120.9999999999995453,7.9347047805786133
14.9999999999999130,121.0999999999995396,6.8753056526184082
14.9999999999999130,121.1999999999995339,6.3824625015258789
14.9999999999999130,121.2999999999995282,6.9068541526794434
14.9999999999999130,121.3999999999995225,8.0607738494873047
14.9999999999999130,121.4999999999995168,9.6138992309570312
14.9999999999999130,121.8999999999994941,16.6844482421875000
14.9999999999999130,121.9999999999994884,16.8956871032714844
14.8999999999999133,120.0999999999995964,9.3246440887451172
14.8999999999999133,120.1999999999995907,8.0695400238037109
14.8999999999999133,120.2999999999995850,7.3421154022216797
14.8999999999999133,120.3999999999995794,7.6163182258605957
14.8999999999999133,120.4999999999995737,8.8830566406250000
14.8999999999999133,120.7999999999995566,10.0893135070800781
14.8999999999999133,120.8999999999995509,9.7790708541870117
14.8999999999999133,120.9999999999995453,8.9720478057861328
14.8999999999999133,121.0999999999995396,7.6953282356262207
14.8999999999999133,121.1999999999995339,6.5160012245178223
14.8999999999999133,121.2999999999995282,6.1591081619262695
14.8999999999999133,121.3999999999995225,7.1133513450622559
14.8999999999999133,121.4999999999995168,8.4962873458862305
14.8999999999999133,121.8999999999994941,16.6321144104003906
14.8999999999999133,121.9999999999994884,16.7753677368164062
14.7999999999999137,120.1999999999995907,10.1471490859985352
14.7999999999999137,120.2999999999995850,9.3499422073364258
14.7999999999999137,120.3999999999995794,9.6019601821899414
14.7999999999999137,120.4999999999995737,10.5305299758911133
14.7999999999999137,120.8999999999995509,11.4436006546020508
14.7999999999999137,120.9999999999995453,10.4071912765502930
14.7999999999999137,121.0999999999995396,8.7832040786743164
14.7999999999999137,121.1999999999995339,7.2480053901672363
14.7999999999999137,121.2999999999995282,6.1825666427612305
14.7999999999999137,121.3999999999995225,6.2165651321411133
14.7999999999999137,121.4999999999995168,7.4582214355468750
14.7999999999999137,121.5999999999995111,10.0216321945190430
14.7999999999999137,121.8999999999994941,16.5762290954589844
14.7999999999999137,121.9999999999994884,16.8064937591552734
14.7999999999999137,122.1999999999994770,16.7031631469726562
14.6999999999999140,120.2999999999995850,11.0147895812988281
14.6999999999999140,120.3999999999995794,11.5361242294311523
14.6999999999999140,120.4999999999995737,12.0397586822509766
14.6999999999999140,120.9999999999995453,11.1712808609008789
14.6999999999999140,121.0999999999995396,9.8372964859008789
14.6999999999999140,121.1999999999995339,8.5149002075195312
14.6999999999999140,121.2999999999995282,7.2079782485961914
14.6999999999999140,121.3999999999995225,5.8643608093261719
14.6999999999999140,121.4999999999995168,6.8432621955871582
14.6999999999999140,121.5999999999995111,9.5121355056762695
14.6999999999999140,121.9999999999994884,16.4897480010986328
14.6999999999999140,122.3999999999994657,16.1255569458007812
14.5999999999999144,120.3999999999995794,13.4788627624511719
14.5999999999999144,120.4999999999995737,13.2946624755859375
14.5999999999999144,120.5999999999995680,14.0935859680175781
14.5999999999999144,120.9999999999995453,11.6839780807495117
14.5999999999999144,121.0999999999995396,10.9844150543212891
14.5999999999999144,121.1999999999995339,10.2156963348388672
14.5999999999999144,121.2999999999995282,8.7992048263549805
14.5999999999999144,121.3999999999995225,7.0461416244506836
14.5999999999999144,121.4999999999995168,6.4272084236145020
14.5999999999999144,121.5999999999995111,8.9850873947143555
14.4999999999999147,120.4999999999995737,14.8189058303833008
14.4999999999999147,120.5999999999995680,14.6441812515258789
14.4999999999999147,121.0999999999995396,12.1726045608520508
14.4999999999999147,121.1999999999995339,11.9303178787231445
14.4999999999999147,121.2999999999995282,10.0235347747802734
14.4999999999999147,121.3999999999995225,8.0787878036499023
14.4999999999999147,121.4999999999995168,6.5619101524353027
14.4999999999999147,121.5999999999995111,8.5705127716064453
14.3999999999999151,120.7999999999995566,8.9976282119750977
14.3999999999999151,120.8999999999995509,10.5638408660888672
14.3999999999999151,120.9999999999995453,11.3253173828125000
14.3999999999999151,121.2999999999995282,8.5071296691894531
14.3999999999999151,121.4999999999995168,5.6584224700927734
14.3999999999999151,121.5999999999995111,9.0583658218383789
14.3999999999999151,121.6999999999995055,12.0941162109375000
14.2999999999999154,120.6999999999995623,10.8425836563110352
14.2999999999999154,120.7999999999995566,9.0117130279541016
14.2999999999999154,120.8999999999995509,9.0964860916137695
14.2999999999999154,120.9999999999995453,10.1609611511230469
14.2999999999999154,121.0999999999995396,9.7388496398925781
14.2999999999999154,121.4999999999995168,5.2033948898315430
14.2999999999999154,121.5999999999995111,8.7931470870971680
14.2999999999999154,121.6999999999995055,13.6859312057495117
14.2999999999999154,122.4999999999994600,10.9649219512939453
14.2999999999999154,122.6999999999994486,10.5023317337036133
14.1999999999999158,120.5999999999995680,12.5211925506591797
14.1999999999999158,120.6999999999995623,10.9657449722290039
14.1999999999999158,120.7999999999995566,9.0805177688598633
14.1999999999999158,120.8999999999995509,9.3998994827270508
14.1999999999999158,120.9999999999995453,9.8179206848144531
14.1999999999999158,121.0999999999995396,8.9724206924438477
14.1999999999999158,121.3999999999995225,5.6289038658142090
14.1999999999999158,121.4999999999995168,4.8267211914062500
14.1999999999999158,121.5999999999995111,8.5484428405761719
14.1999999999999158,121.6999999999995055,13.6292352676391602
14.1999999999999158,121.9999999999994884,14.8939361572265625
14.1999999999999158,122.3999999999994657,8.4050273895263672
14.1999999999999158,122.4999999999994600,8.3458404541015625
14.1999999999999158,122.5999999999994543,8.0237550735473633
14.1999999999999158,122.6999999999994486,7.9111909866333008
14.1999999999999158,122.7999999999994429,8.3040437698364258
14.1999999999999158,122.8999999999994373,8.7440443038940430
14.0999999999999162,120.5999999999995680,13.4157590866088867
14.0999999999999162,120.6999999999995623,12.1955251693725586
14.0999999999999162,120.7999999999995566,10.8324728012084961
14.0999999999999162,120.8999999999995509,10.4901676177978516
14.0999999999999162,120.9999999999995453,9.7624654769897461
14.0999999999999162,121.0999999999995396,8.4305906295776367
14.0999999999999162,121.1999999999995339,7.3862886428833008
14.0999999999999162,121.2999999999995282,6.3637681007385254
14.0999999999999162,121.3999999999995225,5.4860787391662598
14.0999999999999162,121.4999999999995168,5.4601283073425293
14.0999999999999162,121.5999999999995111,8.4306354522705078
14.0999999999999162,121.6999999999995055,13.1068391799926758
14.0999999999999162,121.7999999999994998,16.5377292633056641
14.0999999999999162,122.0999999999994827,12.4343910217285156
14.0999999999999162,122.2999999999994714,8.6805562973022461
14.0999999999999162,122.3999999999994657,7.6777825355529785
14.0999999999999162,122.4999999999994600,7.1392369270324707
14.0999999999999162,122.5999999999994543,7.1693449020385742
14.0999999999999162,122.6999999999994486,6.9829120635986328
14.0999999999999162,122.7999999999994429,7.0456161499023438
14.0999999999999162,122.8999999999994373,7.6176362037658691
14.0999999999999162,122.9999999999994316,8.5151739120483398
13.9999999999999165,120.6999999999995623,14.1280031204223633
13.9999999999999165,120.7999999999995566,12.3090553283691406
13.9999999999999165,120.8999999999995509,11.3183526992797852
13.9999999999999165,120.9999999999995453,9.7818212509155273
13.9999999999999165,121.0999999999995396,7.6581730842590332
13.9999999999999165,121.1999999999995339,6.0801291465759277
13.9999999999999165,121.2999999999995282,5.8415145874023438
13.9999999999999165,121.3999999999995225,5.7040853500366211
13.9999999999999165,121.4999999999995168,5.7277503013610840
13.9999999999999165,121.5999999999995111,8.6281709671020508
13.9999999999999165,121.6999999999995055,12.7397212982177734
13.9999999999999165,121.7999999999994998,15.3238248825073242
13.9999999999999165,121.8999999999994941,13.3882570266723633
13.9999999999999165,122.3999999999994657,7.6817502975463867
13.9999999999999165,122.4999999999994600,7.4794116020202637
13.9999999999999165,122.5999999999994543,7.3979945182800293
13.9999999999999165,122.6999999999994486,6.9934978485107422
13.9999999999999165,122.7999999999994429,6.5369219779968262
13.9999999999999165,122.8999999999994373,6.6396002769470215
13.9999999999999165,122.9999999999994316,8.4226379394531250
13.9999999999999165,123.2999999999994145,12.1063852310180664
13.9999999999999165,124.1999999999993634,12.8072662353515625
13.9999999999999165,124.2999999999993577,11.3706560134887695
13.8999999999999169,120.5999999999995680,18.2804298400878906
13.8999999999999169,120.9999999999995453,9.8234262466430664
13.8999999999999169,121.0999999999995396,7.2637872695922852
13.8999999999999169,121.1999999999995339,6.1757545471191406
13.8999999999999169,121.2999999999995282,6.2852849960327148
13.8999999999999169,121.3999999999995225,6.6630873680114746
13.8999999999999169,121.4999999999995168,7.0103411674499512
13.8999999999999169,121.9999999999994884,11.3925695419311523
13.8999999999999169,122.0999999999994827,10.2269239425659180
13.8999999999999169,122.1999999999994770,8.5870532989501953
13.8999999999999169,122.2999999999994714,7.7508878707885742
13.8999999999999169,122.3999999999994657,8.0195293426513672
13.8999999999999169,122.6999999999994486,7.7495470046997070
13.8999999999999169,122.7999999999994429,6.8052186965942383
13.8999999999999169,122.8999999999994373,6.3407936096191406
13.8999999999999169,122.9999999999994316,7.6857886314392090
13.8999999999999169,123.3999999999994088,10.2930040359497070
13.8999999999999169,123.4999999999994031,10.4161052703857422
13.8999999999999169,123.5999999999993975,12.4373302459716797
13.8999999999999169,123.6999999999993918,14.6316261291503906
13.8999999999999169,124.1999999999993634,11.5480155944824219
13.8999999999999169,124.2999999999993577,9.9422159194946289
13.7999999999999172,120.0999999999995964,17.0883216857910156
13.7999999999999172,120.1999999999995907,17.2434921264648438
13.7999999999999172,120.8999999999995509,11.3452482223510742
13.7999999999999172,120.9999999999995453,9.6112747192382812
13.7999999999999172,121.0999999999995396,7.9027085304260254
13.7999999999999172,121.1999999999995339,7.1095862388610840
13.7999999999999172,121.2999999999995282,7.4843950271606445
13.7999999999999172,121.3999999999995225,8.2862987518310547
13.7999999999999172,121.9999999999994884,11.2420892715454102
13.7999999999999172,122.0999999999994827,10.4562883377075195
13.7999999999999172,122.1999999999994770,9.1372251510620117
13.7999999999999172,122.2999999999994714,8.3332643508911133
13.7999999999999172,122.3999999999994657,8.6411485671997070
13.7999999999999172,122.7999999999994429,7.4469671249389648
13.7999999999999172,122.8999999999994373,6.8101296424865723
13.7999999999999172,122.9999999999994316,7.2569417953491211
13.7999999999999172,123.2999999999994145,8.4464969635009766
13.7999999999999172,123.3999999999994088,8.0530843734741211
13.7999999999999172,123.4999999999994031,8.4493894577026367
13.7999999999999172,123.5999999999993975,11.1689405441284180
13.7999999999999172,123.6999999999993918,14.0209350585937500
13.7999999999999172,123.7999999999993861,15.1863031387329102
13.7999999999999172,124.1999999999993634,10.9594106674194336
13.7999999999999172,124.2999999999993577,9.3115825653076172
13.6999999999999176,121.0999999999995396,8.9995775222778320
13.6999999999999176,121.1999999999995339,7.9576773643493652
13.6999999999999176,121.2999999999995282,8.8209466934204102
13.6999999999999176,121.3999999999995225,9.9485092163085938
13.6999999999999176,122.1999999999994770,10.0079536437988281
13.6999999999999176,122.2999999999994714,9.0905284881591797
13.6999999999999176,122.3999999999994657,9.4139823913574219
13.6999999999999176,122.8999999999994373,7.4150705337524414
13.6999999999999176,122.9999999999994316,7.3308348655700684
13.6999999999999176,123.0999999999994259,7.5653080940246582
13.6999999999999176,123.1999999999994202,7.8142976760864258
13.6999999999999176,123.2999999999994145,7.2518572807312012
13.6999999999999176,123.3999999999994088,6.4460515975952148
13.6999999999999176,123.4999999999994031,6.9026093482971191
13.6999999999999176,124.0999999999993690,13.1234312057495117
13.6999999999999176,124.1999999999993634,10.7976112365722656
13.6999999999999176,124.2999999999993577,9.1836023330688477
13.5999999999999179,122.2999999999994714,10.2866678237915039
13.5999999999999179,122.3999999999994657,10.1064748764038086
13.5999999999999179,122.4999999999994600,10.5672969818115234
13.5999999999999179,122.8999999999994373,8.1747570037841797
13.5999999999999179,122.9999999999994316,8.2121553421020508
13.5999999999999179,123.0999999999994259,8.2278680801391602
13.5999999999999179,123.1999999999994202,7.7481708526611328
13.5999999999999179,123.2999999999994145,6.5321655273437500
13.5999999999999179,123.3999999999994088,5.4541869163513184
13.5999999999999179,123.4999999999994031,5.6206746101379395
13.5999999999999179,124.1999999999993634,10.8950014114379883
13.5999999999999179,124.2999999999993577,9.4199199676513672
13.4999999999999183,120.6999999999995623,9.1385593414306641
13.4999999999999183,120.7999999999995566,7.9436936378479004
13.4999999999999183,121.8999999999994941,13.8109722137451172
13.4999999999999183,121.9999999999994884,11.8427505493164062
13.4999999999999183,122.4999999999994600,10.7439985275268555
13.4999999999999183,122.5999999999994543,10.9212074279785156
13.4999999999999183,123.1999999999994202,9.5713615417480469
13.4999999999999183,123.2999999999994145,7.4883775711059570
13.4999999999999183,123.3999999999994088,5.8638906478881836
13.4999999999999183,123.4999999999994031,5.4400343894958496
13.4999999999999183,123.5999999999993975,6.5086855888366699
13.3999999999999186,120.4999999999995737,10.4257116317749023
13.3999999999999186,120.5999999999995680,8.7144165039062500
13.3999999999999186,120.6999999999995623,6.9987573623657227
13.3999999999999186,120.7999999999995566,5.8267364501953125
13.3999999999999186,120.8999999999995509,4.8724870681762695
13.3999999999999186,120.9999999999995453,4.1360850334167480
13.3999999999999186,121.0999999999995396,3.6665191650390625
13.3999999999999186,121.1999999999995339,3.8877224922180176
13.3999999999999186,121.7999999999994998,14.2450742721557617
13.3999999999999186,121.8999999999994941,13.3363313674926758
13.3999999999999186,121.9999999999994884,11.7925195693969727
13.3999999999999186,122.0999999999994827,10.7237567901611328
13.3999999999999186,122.4999999999994600,11.0436201095581055
13.3999999999999186,122.5999999999994543,10.9639978408813477
13.3999999999999186,123.1999999999994202,10.6978168487548828
13.3999999999999186,123.2999999999994145,8.7983436584472656
13.3999999999999186,123.3999999999994088,6.6282153129577637
13.3999999999999186,123.4999999999994031,5.2728466987609863
13.3999999999999186,123.5999999999993975,5.8076586723327637
13.2999999999999190,120.5999999999995680,7.0132193565368652
13.2999999999999190,120.6999999999995623,5.5676183700561523
13.2999999999999190,120.7999999999995566,4.4489483833312988
13.2999999999999190,120.8999999999995509,3.3741762638092041
13.2999999999999190,120.9999999999995453,2.5861506462097168
13.2999999999999190,121.0999999999995396,2.5972664356231689
13.2999999999999190,121.1999999999995339,3.1894714832305908
13.2999999999999190,121.2999999999995282,5.0133519172668457
13.2999999999999190,121.8999999999994941,12.9221124649047852
13.2999999999999190,121.9999999999994884,12.0657196044921875
13.2999999999999190,122.5999999999994543,11.2333040237426758
13.2999999999999190,123.2999999999994145,9.9558229446411133
13.2999999999999190,123.4999999999994031,5.4853148460388184
13.2999999999999190,123.5999999999993975,5.0933771133422852
13.2999999999999190,123.6999999999993918,5.0272855758666992
13.2999999999999190,123.8999999999993804,8.5270900726318359
13.1999999999999194,120.6999999999995623,6.4062037467956543
13.1999999999999194,120.7999999999995566,5.0151891708374023
13.1999999999999194,120.8999999999995509,3.6898553371429443
13.1999999999999194,120.9999999999995453,2.9437406063079834
13.1999999999999194,121.0999999999995396,2.5054881572723389
13.1999999999999194,121.1999999999995339,2.7916278839111328
13.1999999999999194,121.3999999999995225,5.4249587059020996
13.1999999999999194,123.2999999999994145,10.6294794082641602
13.1999999999999194,123.3999999999994088,8.1103868484497070
13.1999999999999194,123.4999999999994031,6.1262660026550293
13.1999999999999194,123.5999999999993975,5.4914445877075195
13.1999999999999194,123.6999999999993918,5.6584577560424805
13.0999999999999197,120.6999999999995623,6.5652909278869629
13.0999999999999197,120.7999999999995566,5.6227903366088867
13.0999999999999197,120.8999999999995509,4.3164138793945312
13.0999999999999197,120.9999999999995453,3.4887752532958984
13.0999999999999197,121.0999999999995396,2.8573336601257324
13.0999999999999197,121.1999999999995339,2.6501207351684570
13.0999999999999197,121.2999999999995282,2.8740854263305664
13.0999999999999197,121.3999999999995225,3.8046660423278809
13.0999999999999197,121.4999999999995168,4.7260999679565430
13.0999999999999197,122.9999999999994316,13.7631988525390625
13.0999999999999197,123.3999999999994088,9.1059064865112305
13.0999999999999197,123.4999999999994031,7.4366092681884766
13.0999999999999197,123.5999999999993975,6.5719852447509766
13.0999999999999197,123.6999999999993918,6.7348155975341797
13.0999999999999197,123.7999999999993861,7.5789427757263184
13.0999999999999197,123.8999999999993804,9.2011985778808594
12.9999999999999201,120.7999999999995566,5.6723694801330566
12.9999999999999201,120.8999999999995509,4.3993296623229980
12.9999999999999201,120.9999999999995453,3.5290927886962891
12.9999999999999201,121.0999999999995396,2.9097216129302979
12.9999999999999201,121.1999999999995339,2.5979912281036377
12.9999999999999201,121.2999999999995282,2.5958425998687744
12.9999999999999201,121.3999999999995225,3.2251505851745605
12.9999999999999201,122.9999999999994316,13.8280706405639648
12.9999999999999201,123.0999999999994259,14.4418201446533203
12.9999999999999201,123.4999999999994031,9.0179777145385742
12.9999999999999201,123.5999999999993975,8.3617458343505859
12.9999999999999201,123.6999999999993918,8.4196166992187500
12.9999999999999201,123.7999999999993861,8.8299970626831055
12.9999999999999201,123.8999999999993804,9.3901739120483398
12.9999999999999201,123.9999999999993747,9.9434156417846680
12.9999999999999201,124.0999999999993690,11.3788719177246094
12.8999999999999204,120.7999999999995566,6.0415005683898926
12.8999999999999204,120.8999999999995509,4.8645205497741699
12.8999999999999204,120.9999999999995453,3.7801299095153809
12.8999999999999204,121.0999999999995396,3.0632855892181396
12.8999999999999204,121.1999999999995339,2.5984871387481689
12.8999999999999204,121.2999999999995282,2.5915076732635498
12.8999999999999204,121.3999999999995225,3.0750002861022949
12.8999999999999204,121.4999999999995168,3.8237643241882324
12.8999999999999204,123.1999999999994202,14.7540388107299805
12.8999999999999204,123.7999999999993861,10.2425575256347656
12.8999999999999204,124.0999999999993690,10.1605396270751953
12.7999999999999208,120.7999999999995566,6.8518514633178711
12.7999999999999208,120.8999999999995509,5.5386576652526855
12.7999999999999208,120.9999999999995453,4.3135418891906738
12.7999999999999208,121.0999999999995396,3.3296885490417480
12.7999999999999208,121.1999999999995339,2.7361721992492676
12.7999999999999208,121.2999999999995282,2.9699370861053467
12.7999999999999208,121.3999999999995225,3.6625595092773438
12.7999999999999208,123.8999999999993804,9.9097099304199219
12.7999999999999208,123.9999999999993747,8.8324298858642578
12.7999999999999208,124.0999999999993690,10.0803594589233398
12.6999999999999211,120.8999999999995509,6.6008868217468262
12.6999999999999211,120.9999999999995453,5.4480695724487305
12.6999999999999211,121.0999999999995396,4.3492379188537598
12.6999999999999211,121.1999999999995339,3.5693540573120117
12.6999999999999211,121.2999999999995282,3.9488101005554199
12.6999999999999211,121.3999999999995225,5.1569204330444336
12.6999999999999211,121.4999999999995168,6.3041911125183105
12.6999999999999211,123.8999999999993804,11.2177267074584961
12.6999999999999211,123.9999999999993747,10.0075826644897461
12.6999999999999211,124.0999999999993690,10.6583404541015625
12.5999999999999215,120.9999999999995453,6.7886986732482910
12.5999999999999215,121.0999999999995396,5.7050004005432129
12.5999999999999215,121.1999999999995339,5.0017867088317871
12.5999999999999215,121.2999999999995282,5.8844251632690430
12.5999999999999215,121.3999999999995225,7.2620439529418945
12.5999999999999215,121.4999999999995168,8.3273639678955078
12.5999999999999215,122.0999999999994827,9.1258201599121094
12.5999999999999215,123.9999999999993747,11.4614782333374023
12.4999999999999218,120.9999999999995453,8.0432567596435547
12.4999999999999218,121.0999999999995396,7.0376935005187988
12.4999999999999218,121.1999999999995339,6.4912233352661133
12.4999999999999218,121.2999999999995282,7.6907382011413574
12.4999999999999218,121.3999999999995225,9.2416076660156250
12.4999999999999218,121.9999999999994884,8.3660478591918945
12.4999999999999218,122.4999999999994600,12.6517047882080078
12.4999999999999218,122.5999999999994543,13.4143571853637695
12.4999999999999218,123.2999999999994145,13.2551031112670898
12.4999999999999218,123.3999999999994088,13.2018413543701172
12.4999999999999218,123.4999999999994031,13.4128131866455078
12.4999999999999218,123.6999999999993918,14.2814254760742188
12.4999999999999218,124.2999999999993577,14.2651004791259766
12.4999999999999218,124.3999999999993520,12.3190517425537109
12.4999999999999218,124.4999999999993463,9.9819889068603516
12.4999999999999218,124.5999999999993406,8.0108966827392578
12.4999999999999218,124.6999999999993349,7.1329407691955566
12.4999999999999218,124.7999999999993292,6.9446792602539062
12.4999999999999218,124.8999999999993236,7.4611411094665527
12.4999999999999218,124.9999999999993179,7.8903965950012207
12.4999999999999218,125.0999999999993122,8.3686904907226562
12.4999999999999218,125.1999999999993065,9.0879631042480469
12.3999999999999222,120.9999999999995453,8.7121381759643555
12.3999999999999222,121.0999999999995396,8.1499118804931641
12.3999999999999222,121.1999999999995339,7.9292383193969727
12.3999999999999222,121.2999999999995282,8.8564453125000000
12.3999999999999222,121.9999999999994884,9.8105392456054688
12.3999999999999222,122.0999999999994827,9.0430278778076172
12.3999999999999222,122.4999999999994600,12.4304666519165039
12.3999999999999222,122.5999999999994543,13.0596179962158203
12.3999999999999222,123.2999999999994145,12.2076358795166016
12.3999999999999222,123.3999999999994088,11.7761650085449219
12.3999999999999222,123.4999999999994031,11.6558179855346680
12.3999999999999222,124.3999999999993520,11.8969335556030273
12.3999999999999222,124.4999999999993463,9.5669183731079102
12.3999999999999222,124.5999999999993406,7.4431815147399902
12.3999999999999222,124.6999999999993349,7.0030751228332520
12.3999999999999222,124.7999999999993292,6.6785283088684082
12.3999999999999222,124.8999999999993236,6.5796751976013184
12.3999999999999222,124.9999999999993179,6.9830846786499023
12.3999999999999222,125.0999999999993122,7.3469123840332031
12.3999999999999222,125.1999999999993065,8.1964292526245117
12.2999999999999226,119.8999999999996078,10.2784824371337891
12.2999999999999226,121.1999999999995339,9.7930622100830078
12.2999999999999226,121.9999999999994884,11.2072124481201172
12.2999999999999226,123.2999999999994145,11.7475337982177734
12.2999999999999226,123.3999999999994088,10.7340612411499023
12.2999999999999226,123.4999999999994031,10.0260725021362305
12.2999999999999226,123.5999999999993975,9.4349365234375000
12.2999999999999226,123.6999999999993918,9.0483350753784180
12.2999999999999226,124.3999999999993520,12.1944370269775391
12.2999999999999226,124.4999999999993463,9.7629680633544922
12.2999999999999226,124.5999999999993406,8.1135406494140625
12.2999999999999226,124.6999999999993349,7.3041505813598633
12.2999999999999226,124.7999999999993292,6.6428442001342773
12.2999999999999226,124.8999999999993236,6.1259741783142090
12.2999999999999226,124.9999999999993179,6.2038173675537109
12.2999999999999226,125.0999999999993122,6.4559364318847656
12.2999999999999226,125.1999999999993065,7.2515435218811035
12.2999999999999226,125.2999999999993008,8.7059936523437500
12.1999999999999229,119.8999999999996078,10.3740987777709961
12.1999999999999229,119.9999999999996021,10.2462368011474609
12.1999999999999229,121.9999999999994884,12.2402238845825195
12.1999999999999229,123.2999999999994145,11.6633987426757812
12.1999999999999229,123.3999999999994088,10.5994358062744141
12.1999999999999229,123.5999999999993975,8.6456203460693359
12.1999999999999229,123.6999999999993918,8.1939802169799805
12.1999999999999229,123.7999999999993861,8.7454519271850586
12.1999999999999229,123.8999999999993804,9.9339647293090820
12.1999999999999229,124.3999999999993520,12.1211500167846680
12.1999999999999229,124.4999999999993463,10.6965494155883789
12.1999999999999229,124.5999999999993406,9.1490278244018555
12.1999999999999229,124.6999999999993349,7.9916200637817383
12.1999999999999229,124.7999999999993292,6.9869170188903809
12.1999999999999229,124.8999999999993236,6.3231148719787598
12.1999999999999229,124.9999999999993179,6.0282530784606934
12.1999999999999229,125.0999999999993122,5.8821210861206055
12.1999999999999229,125.1999999999993065,6.4772891998291016
12.1999999999999229,125.2999999999993008,7.8022909164428711
12.1999999999999229,125.3999999999992951,9.4615259170532227
12.1999999999999229,125.4999999999992895,10.3046150207519531
12.0999999999999233,119.9999999999996021,10.1553020477294922
12.0999999999999233,120.0999999999995964,10.0836782455444336
12.0999999999999233,120.1999999999995907,10.1114645004272461
12.0999999999999233,120.2999999999995850,10.1680898666381836
12.0999999999999233,123.2999999999994145,12.2820138931274414
12.0999999999999233,123.6999999999993918,9.8969364166259766
12.0999999999999233,123.7999999999993861,10.1105527877807617
12.0999999999999233,123.8999999999993804,11.3422155380249023
12.0999999999999233,124.4999999999993463,12.2818937301635742
12.0999999999999233,124.5999999999993406,11.2846479415893555
12.0999999999999233,124.6999999999993349,9.8744678497314453
12.0999999999999233,124.7999999999993292,8.5605335235595703
12.0999999999999233,124.8999999999993236,7.4738221168518066
12.0999999999999233,124.9999999999993179,6.6834926605224609
12.0999999999999233,125.0999999999993122,6.0064234733581543
12.0999999999999233,125.1999999999993065,6.1184749603271484
12.0999999999999233,125.2999999999993008,6.9485206604003906
12.0999999999999233,125.3999999999992951,8.2703561782836914
11.9999999999999236,123.1999999999994202,13.8909339904785156
11.9999999999999236,123.7999999999993861,12.1448869705200195
11.9999999999999236,123.8999999999993804,12.7389726638793945
11.9999999999999236,123.9999999999993747,13.6413850784301758
11.9999999999999236,124.6999999999993349,11.1950864791870117
11.9999999999999236,124.7999999999993292,10.1446161270141602
11.9999999999999236,124.8999999999993236,8.7542848587036133
11.9999999999999236,124.9999999999993179,7.4356298446655273
11.9999999999999236,125.0999999999993122,6.1514825820922852
11.9999999999999236,125.1999999999993065,5.7801222801208496
11.9999999999999236,125.2999999999993008,6.1553215980529785
11.9999999999999236,125.3999999999992951,7.5544819831848145
11.8999999999999240,121.9999999999994884,12.4724731445312500
11.8999999999999240,123.7999999999993861,13.3810129165649414
11.8999999999999240,123.8999999999993804,13.8613920211791992
11.8999999999999240,123.9999999999993747,14.3869676589965820
11.8999999999999240,124.7999999999993292,11.2136363983154297
11.8999999999999240,124.8999999999993236,9.5879354476928711
11.8999999999999240,124.9999999999993179,7.8969268798828125
11.8999999999999240,125.0999999999993122,6.2227673530578613
11.8999999999999240,125.1999999999993065,5.4641094207763672
11.8999999999999240,125.2999999999993008,5.5686817169189453
11.7999999999999243,121.8999999999994941,12.2015409469604492
11.7999999999999243,121.9999999999994884,12.1418399810791016
11.7999999999999243,122.0999999999994827,11.7103862762451172
11.7999999999999243,122.1999999999994770,10.7511711120605469
11.7999999999999243,124.2999999999993577,15.7182607650756836
11.7999999999999243,124.8999999999993236,10.1570825576782227
11.7999999999999243,124.9999999999993179,8.4647674560546875
11.7999999999999243,125.0999999999993122,6.9425191879272461
11.7999999999999243,125.1999999999993065,6.0598115921020508
11.7999999999999243,125.2999999999993008,5.7665319442749023
11.7999999999999243,125.3999999999992951,5.6685729026794434
11.6999999999999247,119.9999999999996021,11.0639877319335938
11.6999999999999247,122.0999999999994827,11.1218605041503906
11.6999999999999247,122.1999999999994770,10.0855607986450195
11.6999999999999247,122.2999999999994714,9.0482320785522461
11.6999999999999247,122.3999999999994657,8.7215614318847656
11.6999999999999247,124.9999999999993179,10.2810411453247070
11.6999999999999247,125.0999999999993122,8.8983545303344727
11.6999999999999247,125.1999999999993065,7.6458950042724609
11.6999999999999247,125.2999999999993008,6.8939232826232910
11.6999999999999247,125.3999999999992951,6.1406445503234863
11.5999999999999250,122.1999999999994770,8.3601341247558594
11.5999999999999250,122.2999999999994714,7.1443967819213867
11.5999999999999250,122.6999999999994486,8.5520648956298828
11.5999999999999250,124.4999999999993463,14.9237060546875000
11.5999999999999250,125.0999999999993122,9.2993984222412109
11.5999999999999250,125.1999999999993065,8.1429491043090820
11.5999999999999250,125.2999999999993008,7.4913554191589355
11.5999999999999250,125.3999999999992951,6.9343948364257812
11.4999999999999254,122.0999999999994827,6.7264547348022461
11.4999999999999254,122.1999999999994770,5.9856314659118652
11.4999999999999254,122.2999999999994714,5.0030193328857422
11.4999999999999254,122.3999999999994657,4.8030347824096680
11.4999999999999254,122.4999999999994600,5.2077651023864746
11.4999999999999254,122.5999999999994543,5.6616430282592773
11.4999999999999254,122.6999999999994486,6.2168989181518555
11.4999999999999254,122.7999999999994429,6.9112911224365234
11.4999999999999254,123.0999999999994259,10.2738332748413086
11.4999999999999254,124.3999999999993520,13.6031084060668945
11.4999999999999254,124.4999999999993463,13.5426111221313477
11.4999999999999254,124.8999999999993236,10.8870000839233398
11.4999999999999254,124.9999999999993179,10.0417785644531250
11.4999999999999254,125.0999999999993122,8.8117952346801758
11.4999999999999254,125.1999999999993065,8.0231389999389648
11.4999999999999254,125.2999999999993008,7.7889838218688965
11.4999999999999254,125.3999999999992951,7.6870098114013672
11.4999999999999254,125.4999999999992895,8.6355295181274414
11.3999999999999257,122.0999999999994827,4.9281430244445801
11.3999999999999257,122.1999999999994770,3.9950792789459229
11.3999999999999257,122.2999999999994714,3.1163127422332764
11.3999999999999257,122.3999999999994657,2.9495348930358887
11.3999999999999257,122.4999999999994600,3.2408072948455811
11.3999999999999257,122.5999999999994543,4.1849160194396973
11.3999999999999257,122.6999999999994486,5.2177333831787109
11.3999999999999257,122.7999999999994429,6.3028225898742676
11.3999999999999257,122.8999999999994373,7.4486169815063477
11.3999999999999257,122.9999999999994316,8.9283199310302734
11.3999999999999257,123.0999999999994259,10.5050516128540039
11.3999999999999257,124.2999999999993577,14.1815719604492188
11.3999999999999257,124.3999999999993520,13.7827262878417969
11.3999999999999257,124.4999999999993463,13.1364326477050781
11.3999999999999257,124.8999999999993236,9.8303060531616211
11.3999999999999257,124.9999999999993179,9.2605533599853516
11.3999999999999257,125.0999999999993122,8.6856622695922852
11.3999999999999257,125.1999999999993065,8.2241201400756836
11.3999999999999257,125.2999999999993008,8.4393377304077148
11.3999999999999257,125.3999999999992951,8.8643856048583984
11.3999999999999257,125.4999999999992895,10.3003969192504883
11.2999999999999261,119.4999999999996305,9.3994836807250977
11.2999999999999261,122.0999999999994827,4.3225474357604980
11.2999999999999261,122.1999999999994770,3.4462769031524658
11.2999999999999261,122.2999999999994714,2.6607072353363037
11.2999999999999261,122.3999999999994657,2.5230090618133545
11.2999999999999261,122.4999999999994600,3.1675622463226318
11.2999999999999261,122.5999999999994543,4.0904541015625000
11.2999999999999261,122.6999999999994486,5.1871380805969238
11.2999999999999261,122.7999999999994429,6.3794789314270020
11.2999999999999261,122.8999999999994373,7.6408143043518066
11.2999999999999261,122.9999999999994316,8.9470109939575195
11.2999999999999261,123.0999999999994259,10.0739040374755859
11.2999999999999261,124.3999999999993520,13.2277793884277344
11.2999999999999261,124.4999999999993463,12.1970996856689453
11.2999999999999261,124.5999999999993406,11.1923122406005859
11.2999999999999261,124.6999999999993349,9.3849000930786133
11.2999999999999261,124.7999999999993292,8.3644332885742188
11.2999999999999261,124.8999999999993236,7.8857579231262207
11.2999999999999261,125.1999999999993065,9.0818643569946289
11.2999999999999261,125.2999999999993008,9.6332197189331055
11.2999999999999261,125.3999999999992951,10.2890777587890625
11.2999999999999261,125.4999999999992895,11.5838022232055664
11.1999999999999265,119.4999999999996305,8.2695417404174805
11.1999999999999265,122.0999999999994827,4.3492641448974609
11.1999999999999265,122.1999999999994770,3.5166642665863037
11.1999999999999265,122.2999999999994714,2.7662515640258789
11.1999999999999265,122.3999999999994657,2.5792777538299561
11.1999999999999265,122.4999999999994600,3.3354127407073975
11.1999999999999265,122.5999999999994543,4.2168483734130859
11.1999999999999265,122.6999999999994486,5.4004073143005371
11.1999999999999265,122.7999999999994429,6.7516903877258301
11.1999999999999265,122.8999999999994373,8.1291551589965820
11.1999999999999265,122.9999999999994316,9.1093063354492188
11.1999999999999265,123.7999999999993861,11.7630662918090820
11.1999999999999265,123.9999999999993747,12.3959970474243164
11.1999999999999265,124.3999999999993520,12.5798740386962891
11.1999999999999265,124.4999999999993463,10.8916645050048828
11.1999999999999265,124.5999999999993406,9.4142293930053711
11.1999999999999265,124.6999999999993349,7.6912598609924316
11.1999999999999265,124.7999999999993292,5.9652948379516602
11.1999999999999265,124.8999999999993236,5.6298503875732422
11.1999999999999265,124.9999999999993179,6.8842072486877441
11.1999999999999265,125.1999999999993065,10.2655754089355469
11.1999999999999265,125.2999999999993008,11.0049848556518555
11.1999999999999265,125.3999999999992951,11.8545866012573242
11.1999999999999265,125.4999999999992895,12.8233938217163086
11.0999999999999268,119.4999999999996305,7.3968420028686523
11.0999999999999268,122.0999999999994827,4.4207139015197754
11.0999999999999268,122.1999999999994770,3.6222331523895264
11.0999999999999268,122.2999999999994714,3.0430674552917480
11.0999999999999268,122.3999999999994657,2.9130799770355225
11.0999999999999268,122.4999999999994600,3.5947961807250977
11.0999999999999268,122.5999999999994543,4.4249453544616699
11.0999999999999268,122.6999999999994486,5.6975193023681641
11.0999999999999268,122.7999999999994429,7.1691083908081055
11.0999999999999268,122.8999999999994373,8.7116184234619141
11.0999999999999268,124.3999999999993520,11.4894523620605469
11.0999999999999268,124.4999999999993463,10.0427389144897461
11.0999999999999268,124.5999999999993406,8.4436225891113281
11.0999999999999268,124.6999999999993349,6.3380279541015625
11.0999999999999268,124.7999999999993292,4.6056151390075684
11.0999999999999268,124.8999999999993236,4.7124633789062500
11.0999999999999268,124.9999999999993179,7.2807588577270508
11.0999999999999268,125.4999999999992895,13.9041080474853516
10.9999999999999272,119.3999999999996362,8.2039289474487305
10.9999999999999272,122.0999999999994827,4.5565791130065918
10.9999999999999272,122.1999999999994770,4.0102076530456543
10.9999999999999272,122.2999999999994714,3.6357557773590088
10.9999999999999272,122.3999999999994657,3.6654253005981445
10.9999999999999272,122.4999999999994600,4.1919560432434082
10.9999999999999272,122.5999999999994543,5.0295128822326660
10.9999999999999272,122.6999999999994486,6.2708086967468262
10.9999999999999272,122.7999999999994429,7.5760016441345215
10.9999999999999272,123.9999999999993747,11.6504373550415039
10.9999999999999272,124.4999999999993463,10.5333547592163086
10.9999999999999272,124.5999999999993406,9.1582078933715820
10.9999999999999272,124.6999999999993349,6.9745855331420898
10.9999999999999272,124.7999999999993292,5.1300449371337891
10.9999999999999272,124.8999999999993236,4.9985866546630859
10.9999999999999272,124.9999999999993179,7.6536922454833984
10.8999999999999275,119.3999999999996362,8.0963878631591797
10.8999999999999275,119.4999999999996305,6.8806939125061035
10.8999999999999275,121.9999999999994884,5.9061007499694824
10.8999999999999275,122.0999999999994827,4.9529547691345215
10.8999999999999275,122.1999999999994770,4.4148459434509277
10.8999999999999275,122.2999999999994714,4.3724784851074219
10.8999999999999275,122.3999999999994657,4.6780123710632324
10.8999999999999275,122.4999999999994600,5.0746684074401855
10.8999999999999275,122.5999999999994543,5.8704037666320801
10.8999999999999275,122.6999999999994486,7.0377430915832520
10.8999999999999275,123.1999999999994202,7.1061186790466309
10.8999999999999275,123.2999999999994145,6.5256476402282715
10.8999999999999275,123.3999999999994088,6.1413130760192871
10.8999999999999275,123.9999999999993747,11.1186132431030273
10.8999999999999275,124.4999999999993463,11.0955038070678711
10.8999999999999275,124.7999999999993292,6.1146397590637207
10.8999999999999275,124.8999999999993236,5.3253784179687500
10.8999999999999275,124.9999999999993179,7.3348808288574219
10.7999999999999279,119.2999999999996419,10.8613691329956055
10.7999999999999279,119.3999999999996362,9.2743568420410156
10.7999999999999279,119.4999999999996305,6.3956551551818848
10.7999999999999279,121.9999999999994884,6.5787720680236816
10.7999999999999279,122.0999999999994827,5.3214244842529297
10.7999999999999279,122.1999999999994770,4.9708366394042969
10.7999999999999279,122.2999999999994714,5.2952637672424316
10.7999999999999279,122.3999999999994657,5.7920875549316406
10.7999999999999279,122.4999999999994600,6.3141765594482422
10.7999999999999279,122.9999999999994316,8.6037693023681641
10.7999999999999279,123.0999999999994259,7.1420025825500488
10.7999999999999279,123.1999999999994202,5.7294816970825195
10.7999999999999279,123.2999999999994145,5.4033927917480469
10.7999999999999279,123.3999999999994088,5.2529540061950684
10.7999999999999279,123.4999999999994031,5.4820485115051270
10.7999999999999279,123.8999999999993804,9.5157136917114258
10.7999999999999279,123.9999999999993747,10.3681173324584961
10.7999999999999279,124.8999999999993236,5.8395504951477051
10.6999999999999282,119.3999999999996362,8.2869243621826172
10.6999999999999282,119.4999999999996305,6.8601303100585938
10.6999999999999282,119.5999999999996248,6.9387602806091309
10.6999999999999282,121.9999999999994884,6.9816021919250488
10.6999999999999282,122.0999999999994827,6.1873154640197754
10.6999999999999282,122.1999999999994770,6.1389093399047852
10.6999999999999282,122.2999999999994714,6.3356180191040039
10.6999999999999282,122.3999999999994657,6.9257245063781738
10.6999999999999282,122.4999999999994600,7.2561359405517578
10.6999999999999282,122.5999999999994543,7.7531108856201172
10.6999999999999282,122.6999999999994486,7.8957686424255371
10.6999999999999282,122.9999999999994316,7.5691556930541992
10.6999999999999282,123.0999999999994259,6.0586490631103516
10.6999999999999282,123.1999999999994202,5.1586008071899414
10.6999999999999282,123.2999999999994145,5.1953763961791992
10.6999999999999282,123.3999999999994088,5.6329469680786133
10.6999999999999282,123.4999999999994031,5.8393239974975586
10.6999999999999282,123.8999999999993804,9.0299558639526367
10.6999999999999282,124.7999999999993292,6.5020728111267090
10.6999999999999282,124.8999999999993236,5.3835592269897461
10.6999999999999282,124.9999999999993179,6.1684126853942871
10.6999999999999282,125.7999999999992724,13.2425804138183594
10.5999999999999286,119.3999999999996362,8.2982664108276367
10.5999999999999286,119.4999999999996305,6.9417605400085449
10.5999999999999286,119.5999999999996248,7.1501550674438477
10.5999999999999286,119.7999999999996135,9.5669689178466797
10.5999999999999286,119.8999999999996078,9.7134733200073242
10.5999999999999286,121.9999999999994884,7.4455251693725586
10.5999999999999286,122.4999999999994600,8.8323841094970703
10.5999999999999286,122.5999999999994543,8.5921535491943359
10.5999999999999286,122.6999999999994486,8.0305938720703125
10.5999999999999286,122.8999999999994373,6.5357155799865723
10.5999999999999286,122.9999999999994316,6.1408939361572266
10.5999999999999286,123.0999999999994259,4.9867315292358398
10.5999999999999286,123.1999999999994202,4.5835781097412109
10.5999999999999286,123.2999999999994145,5.3036017417907715
10.5999999999999286,123.3999999999994088,6.1396913528442383
10.5999999999999286,123.6999999999993918,7.6670432090759277
10.5999999999999286,123.7999999999993861,8.1682529449462891
10.5999999999999286,123.8999999999993804,8.8193960189819336
10.5999999999999286,123.9999999999993747,9.5620117187500000
10.5999999999999286,124.7999999999993292,5.8930268287658691
10.5999999999999286,124.8999999999993236,5.1571149826049805
10.5999999999999286,124.9999999999993179,5.1314630508422852
10.5999999999999286,125.0999999999993122,5.4383931159973145
10.4999999999999289,119.2999999999996419,8.8974857330322266
10.4999999999999289,119.3999999999996362,8.0039749145507812
10.4999999999999289,119.4999999999996305,7.1657834053039551
10.4999999999999289,119.5999999999996248,7.3763432502746582
10.4999999999999289,119.7999999999996135,9.6505155563354492
10.4999999999999289,119.8999999999996078,9.7912807464599609
10.4999999999999289,121.9999999999994884,7.9804739952087402
10.4999999999999289,122.4999999999994600,9.5203342437744141
10.4999999999999289,122.5999999999994543,9.2879543304443359
10.4999999999999289,122.6999999999994486,8.5715999603271484
10.4999999999999289,122.7999999999994429,6.9210681915283203
10.4999999999999289,122.8999999999994373,6.1542611122131348
10.4999999999999289,122.9999999999994316,5.2196798324584961
10.4999999999999289,123.0999999999994259,4.4472770690917969
10.4999999999999289,123.1999999999994202,4.5708599090576172
10.4999999999999289,123.2999999999994145,5.6679921150207520
10.4999999999999289,123.3999999999994088,6.6484313011169434
10.4999999999999289,123.7999999999993861,7.9139757156372070
10.4999999999999289,123.8999999999993804,8.7202081680297852
10.4999999999999289,123.9999999999993747,9.5309638977050781
10.4999999999999289,124.7999999999993292,6.5319981575012207
10.4999999999999289,124.8999999999993236,4.9973444938659668
10.4999999999999289,124.9999999999993179,4.6555585861206055
10.4999999999999289,125.0999999999993122,4.7621183395385742
10.3999999999999293,119.0999999999996533,7.3867640495300293
10.3999999999999293,119.1999999999996476,7.4335412979125977
10.3999999999999293,119.2999999999996419,7.5115628242492676
10.3999999999999293,119.3999999999996362,7.5296626091003418
10.3999999999999293,119.4999999999996305,7.5472908020019531
10.3999999999999293,122.8999999999994373,5.7246928215026855
10.3999999999999293,122.9999999999994316,5.1548409461975098
10.3999999999999293,123.0999999999994259,4.7468800544738770
10.3999999999999293,123.1999999999994202,5.1758127212524414
10.3999999999999293,123.2999999999994145,6.4123816490173340
10.3999999999999293,123.6999999999993918,7.1011328697204590
10.3999999999999293,123.7999999999993861,7.5818624496459961
10.3999999999999293,123.8999999999993804,8.4529495239257812
10.3999999999999293,123.9999999999993747,9.1856479644775391
10.3999999999999293,124.7999999999993292,6.2223606109619141
10.3999999999999293,124.8999999999993236,4.8991909027099609
10.3999999999999293,124.9999999999993179,4.8614592552185059
10.3999999999999293,125.0999999999993122,5.3773112297058105
10.3999999999999293,125.1999999999993065,6.1755204200744629
10.3999999999999293,125.5999999999992838,13.0149230957031250
10.2999999999999297,118.9999999999996589,6.3508524894714355
10.2999999999999297,119.0999999999996533,6.1831469535827637
10.2999999999999297,119.1999999999996476,5.9574704170227051
10.2999999999999297,119.2999999999996419,5.9198012351989746
10.2999999999999297,122.8999999999994373,6.5302329063415527
10.2999999999999297,122.9999999999994316,5.9329581260681152
10.2999999999999297,123.0999999999994259,5.4012188911437988
10.2999999999999297,123.1999999999994202,5.8949871063232422
10.2999999999999297,123.2999999999994145,7.0984330177307129
10.2999999999999297,123.5999999999993975,8.0235061645507812
10.2999999999999297,123.6999999999993918,7.1447095870971680
10.2999999999999297,123.7999999999993861,7.3747558593750000
10.2999999999999297,124.7999999999993292,6.3315868377685547
10.2999999999999297,124.8999999999993236,5.0858478546142578
10.2999999999999297,125.0999999999993122,6.0874962806701660
10.2999999999999297,125.1999999999993065,6.8336653709411621
10.2999999999999297,125.5999999999992838,13.3249568939208984
10.1999999999999300,118.7999999999996703,7.8487195968627930
10.1999999999999300,118.9999999999996589,6.2619938850402832
10.1999999999999300,119.0999999999996533,6.2382884025573730
10.1999999999999300,119.1999999999996476,6.1901936531066895
10.1999999999999300,122.8999999999994373,6.2074437141418457
10.1999999999999300,122.9999999999994316,5.6242504119873047
10.1999999999999300,123.0999999999994259,5.2090926170349121
10.1999999999999300,123.1999999999994202,5.5205879211425781
10.1999999999999300,123.2999999999994145,6.6348891258239746
10.1999999999999300,123.5999999999993975,7.7741594314575195
10.1999999999999300,123.6999999999993918,7.1026768684387207
10.1999999999999300,124.8999999999993236,6.6452922821044922
10.1999999999999300,125.5999999999992838,13.4921073913574219
10.0999999999999304,118.8999999999996646,7.6263904571533203
10.0999999999999304,118.9999999999996589,7.5676255226135254
10.0999999999999304,119.0999999999996533,7.7913188934326172
10.0999999999999304,119.1999999999996476,8.0030603408813477
10.0999999999999304,122.8999999999994373,4.7902631759643555
10.0999999999999304,122.9999999999994316,4.4845337867736816
10.0999999999999304,123.0999999999994259,4.2981486320495605
10.0999999999999304,123.1999999999994202,4.6745977401733398
10.0999999999999304,123.4999999999994031,6.6021771430969238
10.0999999999999304,123.5999999999993975,6.8921017646789551
10.0999999999999304,124.1999999999993634,7.5392642021179199
10.0999999999999304,124.2999999999993577,7.3594121932983398
10.0999999999999304,124.3999999999993520,7.8351764678955078
10.0999999999999304,125.1999999999993065,10.4178400039672852
10.0999999999999304,125.5999999999992838,13.1507701873779297
9.9999999999999307,118.7999999999996703,7.7413110733032227
9.9999999999999307,118.8999999999996646,8.1644659042358398
9.9999999999999307,118.9999999999996589,8.8554143905639648
9.9999999999999307,119.0999999999996533,9.4229774475097656
9.9999999999999307,122.7999999999994429,5.6975302696228027
9.9999999999999307,122.8999999999994373,4.6220040321350098
9.9999999999999307,122.9999999999994316,4.5118994712829590
9.9999999999999307,123.0999999999994259,4.6133589744567871
9.9999999999999307,123.1999999999994202,4.7398395538330078
9.9999999999999307,123.3999999999994088,5.6593914031982422
9.9999999999999307,123.4999999999994031,5.9910788536071777
9.9999999999999307,123.5999999999993975,6.4736905097961426
9.9999999999999307,124.0999999999993690,6.8994574546813965
9.9999999999999307,124.1999999999993634,6.6618485450744629
9.9999999999999307,124.2999999999993577,6.5141859054565430
9.9999999999999307,124.3999999999993520,7.1088843345642090
9.9999999999999307,124.4999999999993463,8.8846511840820312
9.9999999999999307,125.1999999999993065,12.1348657608032227
9.9999999999999307,125.5999999999992838,13.2843647003173828
9.8999999999999311,118.5999999999996817,6.7477765083312988
9.8999999999999311,118.6999999999996760,6.4386329650878906
9.8999999999999311,122.3999999999994657,9.8133115768432617
9.8999999999999311,122.4999999999994600,8.6959381103515625
9.8999999999999311,122.5999999999994543,7.4040575027465820
9.8999999999999311,122.6999999999994486,6.3558320999145508
9.8999999999999311,122.7999999999994429,5.4152889251708984
9.8999999999999311,122.8999999999994373,4.5889916419982910
9.8999999999999311,122.9999999999994316,4.7989163398742676
9.8999999999999311,123.0999999999994259,5.1101069450378418
9.8999999999999311,123.3999999999994088,5.6350264549255371
9.8999999999999311,123.4999999999994031,5.8360204696655273
9.8999999999999311,123.5999999999993975,6.4770550727844238
9.8999999999999311,123.8999999999993804,6.9545679092407227
9.8999999999999311,123.9999999999993747,6.6761503219604492
9.8999999999999311,124.0999999999993690,6.3426232337951660
9.8999999999999311,124.1999999999993634,6.1033878326416016
9.8999999999999311,124.2999999999993577,5.9584317207336426
9.8999999999999311,124.3999999999993520,6.8737578392028809
9.8999999999999311,124.4999999999993463,8.8594322204589844
9.8999999999999311,125.5999999999992838,11.9937009811401367
9.8999999999999311,125.9999999999992610,11.5418910980224609
9.7999999999999314,118.5999999999996817,6.4905095100402832
9.7999999999999314,118.6999999999996760,5.1924095153808594
9.7999999999999314,122.4999999999994600,8.4342069625854492
9.7999999999999314,122.5999999999994543,6.9158182144165039
9.7999999999999314,122.6999999999994486,6.0563182830810547
9.7999999999999314,122.7999999999994429,5.4189848899841309
9.7999999999999314,122.8999999999994373,4.9560456275939941
9.7999999999999314,122.9999999999994316,5.1529097557067871
9.7999999999999314,123.0999999999994259,5.6029963493347168
9.7999999999999314,123.3999999999994088,5.8082532882690430
9.7999999999999314,123.4999999999994031,5.8195791244506836
9.7999999999999314,123.8999999999993804,6.7384214401245117
9.7999999999999314,123.9999999999993747,6.1583909988403320
9.7999999999999314,124.0999999999993690,5.8541975021362305
9.7999999999999314,124.1999999999993634,5.7577114105224609
9.7999999999999314,124.2999999999993577,5.8571534156799316
9.7999999999999314,124.3999999999993520,7.1641640663146973
9.7999999999999314,124.4999999999993463,9.1647539138793945
9.7999999999999314,125.9999999999992610,10.6616840362548828
9.7999999999999314,126.0999999999992554,10.0044870376586914
9.6999999999999318,118.3999999999996930,9.1261453628540039
9.6999999999999318,118.4999999999996874,7.5990009307861328
9.6999999999999318,118.5999999999996817,5.8299903869628906
9.6999999999999318,118.6999999999996760,5.0879449844360352
9.6999999999999318,122.4999999999994600,8.4982290267944336
9.6999999999999318,122.5999999999994543,7.0475277900695801
9.6999999999999318,122.6999999999994486,6.2192149162292480
9.6999999999999318,122.7999999999994429,5.6892604827880859
9.6999999999999318,122.8999999999994373,5.3750243186950684
9.6999999999999318,122.9999999999994316,5.7547826766967773
9.6999999999999318,123.0999999999994259,6.4272756576538086
9.6999999999999318,123.3999999999994088,5.9432039260864258
9.6999999999999318,123.8999999999993804,6.9764814376831055
9.6999999999999318,123.9999999999993747,6.3828716278076172
9.6999999999999318,124.0999999999993690,6.1918516159057617
9.6999999999999318,124.1999999999993634,6.2220501899719238
9.6999999999999318,124.2999999999993577,6.4576067924499512
9.6999999999999318,124.3999999999993520,7.5826840400695801
9.6999999999999318,125.4999999999992895,8.3274126052856445
9.5999999999999321,118.3999999999996930,8.1025381088256836
9.5999999999999321,118.4999999999996874,6.6928539276123047
9.5999999999999321,118.5999999999996817,5.4668388366699219
9.5999999999999321,118.6999999999996760,4.6796789169311523
9.5999999999999321,122.4999999999994600,8.7103757858276367
9.5999999999999321,122.5999999999994543,7.9677209854125977
9.5999999999999321,122.6999999999994486,7.1205730438232422
9.5999999999999321,122.7999999999994429,6.3562011718750000
9.5999999999999321,122.8999999999994373,5.8787660598754883
9.5999999999999321,122.9999999999994316,5.6769537925720215
9.5999999999999321,123.0999999999994259,5.8450651168823242
9.5999999999999321,123.2999999999994145,5.6657428741455078
9.5999999999999321,123.3999999999994088,5.6127605438232422
9.5999999999999321,123.7999999999993861,8.4980611801147461
9.5999999999999321,125.3999999999992951,7.3311705589294434
9.5999999999999321,125.4999999999992895,7.4290208816528320
9.5999999999999321,125.5999999999992838,7.6963987350463867
9.5999999999999321,125.6999999999992781,7.9186863899230957
9.4999999999999325,118.2999999999996987,7.6758060455322266
9.4999999999999325,118.3999999999996930,6.6961107254028320
9.4999999999999325,118.4999999999996874,5.9808068275451660
9.4999999999999325,118.5999999999996817,5.4314455986022949
9.4999999999999325,122.5999999999994543,9.1698665618896484
9.4999999999999325,122.6999999999994486,8.2273063659667969
9.4999999999999325,122.7999999999994429,7.1550107002258301
9.4999999999999325,122.8999999999994373,6.4486575126647949
9.4999999999999325,122.9999999999994316,5.6123337745666504
9.4999999999999325,123.0999999999994259,5.0644769668579102
9.4999999999999325,123.3999999999994088,5.3395190238952637
9.4999999999999325,125.4999999999992895,6.7021751403808594
9.4999999999999325,125.5999999999992838,6.4256787300109863
9.4999999999999325,125.6999999999992781,6.1780867576599121
9.4999999999999325,125.7999999999992724,5.4448685646057129
9.3999999999999329,118.1999999999997044,7.1976203918457031
9.3999999999999329,118.2999999999996987,6.5268645286560059
9.3999999999999329,118.3999999999996930,5.7669572830200195
9.3999999999999329,118.4999999999996874,5.7182846069335938
9.3999999999999329,122.7999999999994429,8.0515079498291016
9.3999999999999329,122.8999999999994373,7.0922579765319824
9.3999999999999329,122.9999999999994316,5.8296389579772949
9.3999999999999329,123.0999999999994259,4.6749482154846191
9.3999999999999329,123.1999999999994202,4.2198510169982910
9.3999999999999329,125.5999999999992838,5.0957474708557129
9.3999999999999329,125.6999999999992781,4.3762545585632324
9.3999999999999329,125.7999999999992724,3.5543570518493652
9.3999999999999329,125.8999999999992667,2.7793197631835938
9.2999999999999332,118.0999999999997101,7.1611909866333008
9.2999999999999332,118.1999999999997044,6.5822768211364746
9.2999999999999332,118.2999999999996987,6.2017378807067871
9.2999999999999332,118.3999999999996930,6.0611138343811035
9.2999999999999332,122.8999999999994373,8.0683774948120117
9.2999999999999332,122.9999999999994316,6.6077294349670410
9.2999999999999332,123.0999999999994259,5.2906298637390137
9.2999999999999332,123.1999999999994202,4.3360390663146973
9.2999999999999332,123.2999999999994145,4.9711227416992188
9.2999999999999332,125.5999999999992838,3.8361887931823730
9.2999999999999332,125.6999999999992781,3.4843196868896484
9.2999999999999332,125.7999999999992724,2.6597297191619873
9.2999999999999332,125.8999999999992667,2.2228069305419922
9.1999999999999336,117.8999999999997215,6.3752489089965820
9.1999999999999336,117.9999999999997158,6.4966425895690918
9.1999999999999336,118.0999999999997101,6.1132969856262207
9.1999999999999336,118.1999999999997044,5.9417362213134766
9.1999999999999336,122.8999999999994373,9.1778335571289062
9.1999999999999336,122.9999999999994316,7.7133402824401855
9.1999999999999336,123.0999999999994259,6.2322530746459961
9.1999999999999336,123.1999999999994202,5.3241958618164062
9.1999999999999336,123.4999999999994031,9.8455152511596680
9.1999999999999336,123.5999999999993975,10.6177120208740234
9.1999999999999336,124.6999999999993349,10.8573560714721680
9.1999999999999336,124.7999999999993292,10.7837886810302734
9.1999999999999336,125.5999999999992838,2.7877216339111328
9.1999999999999336,125.6999999999992781,3.0404114723205566
9.1999999999999336,125.7999999999992724,2.4372725486755371
9.1999999999999336,125.8999999999992667,1.9035133123397827
9.1999999999999336,125.9999999999992610,1.9047642946243286
9.1999999999999336,126.0999999999992554,3.1804611682891846
9.0999999999999339,117.7999999999997272,6.0998196601867676
9.0999999999999339,117.8999999999997215,5.4968423843383789
9.0999999999999339,117.9999999999997158,5.3398208618164062
9.0999999999999339,122.9999999999994316,8.7328310012817383
9.0999999999999339,123.0999999999994259,7.2848792076110840
9.0999999999999339,123.5999999999993975,10.8645277023315430
9.0999999999999339,125.5999999999992838,2.4088079929351807
9.0999999999999339,125.6999999999992781,2.6278469562530518
9.0999999999999339,125.7999999999992724,2.3617329597473145
9.0999999999999339,125.8999999999992667,2.1491672992706299
9.0999999999999339,125.9999999999992610,2.0857276916503906
9.0999999999999339,126.0999999999992554,3.0143826007843018
8.9999999999999343,117.5999999999997385,6.7784647941589355
8.9999999999999343,117.6999999999997328,6.3099412918090820
8.9999999999999343,117.7999999999997272,5.3421978950500488
8.9999999999999343,117.8999999999997215,5.0289855003356934
8.9999999999999343,117.9999999999997158,5.1447820663452148
8.9999999999999343,125.2999999999993008,2.3109323978424072
8.9999999999999343,125.3999999999992951,2.3801870346069336
8.9999999999999343,125.5999999999992838,1.8195415735244751
8.9999999999999343,125.6999999999992781,2.1465032100677490
8.9999999999999343,125.7999999999992724,2.0416750907897949
8.9999999999999343,125.8999999999992667,2.0825634002685547
8.9999999999999343,125.9999999999992610,2.2966816425323486
8.9999999999999343,126.0999999999992554,2.7661380767822266
8.9999999999999343,126.1999999999992497,3.8594753742218018
8.8999999999999346,117.4999999999997442,6.5079202651977539
8.8999999999999346,117.5999999999997385,5.6622347831726074
8.8999999999999346,117.6999999999997328,4.8666677474975586
8.8999999999999346,117.7999999999997272,4.3062419891357422
8.8999999999999346,117.8999999999997215,4.4978456497192383
8.8999999999999346,117.9999999999997158,5.1311750411987305
8.8999999999999346,124.7999999999993292,4.8272504806518555
8.8999999999999346,124.8999999999993236,4.2729606628417969
8.8999999999999346,124.9999999999993179,3.3870065212249756
8.8999999999999346,125.1999999999993065,1.7164748907089233
8.8999999999999346,125.2999999999993008,1.8389769792556763
8.8999999999999346,125.3999999999992951,1.9075644016265869
8.8999999999999346,125.4999999999992895,1.6313885450363159
8.8999999999999346,125.5999999999992838,1.2258956432342529
8.8999999999999346,125.6999999999992781,1.6097877025604248
8.8999999999999346,125.7999999999992724,1.7574660778045654
8.8999999999999346,125.8999999999992667,2.0830252170562744
8.8999999999999346,125.9999999999992610,2.5042700767517090
8.8999999999999346,126.0999999999992554,2.8494615554809570
8.8999999999999346,126.1999999999992497,3.6327376365661621
8.8999999999999346,126.2999999999992440,4.4845204353332520
8.7999999999999350,117.4999999999997442,6.4260802268981934
8.7999999999999350,117.5999999999997385,5.6241469383239746
8.7999999999999350,117.6999999999997328,5.0613183975219727
8.7999999999999350,117.7999999999997272,4.8599081039428711
8.7999999999999350,117.8999999999997215,4.7334718704223633
8.7999999999999350,124.8999999999993236,3.0864174365997314
8.7999999999999350,124.9999999999993179,2.4838125705718994
8.7999999999999350,125.0999999999993122,1.9640991687774658
8.7999999999999350,125.1999999999993065,1.4372564554214478
8.7999999999999350,125.2999999999993008,1.2473871707916260
8.7999999999999350,125.3999999999992951,1.4614660739898682
8.7999999999999350,125.4999999999992895,1.3947734832763672
8.7999999999999350,125.5999999999992838,1.1532633304595947
8.7999999999999350,125.6999999999992781,1.0545909404754639
8.7999999999999350,125.7999999999992724,1.5018014907836914
8.7999999999999350,125.8999999999992667,2.0241487026214600
8.7999999999999350,125.9999999999992610,2.5598883628845215
8.7999999999999350,126.0999999999992554,3.0763092041015625
8.7999999999999350,126.1999999999992497,3.7927622795104980
8.7999999999999350,126.2999999999992440,4.1968674659729004
8.6999999999999353,117.3999999999997499,7.2500653266906738
8.6999999999999353,117.4999999999997442,7.0524611473083496
8.6999999999999353,117.5999999999997385,6.8576483726501465
8.6999999999999353,123.4999999999994031,8.0956106185913086
8.6999999999999353,124.7999999999993292,3.1091382503509521
8.6999999999999353,124.8999999999993236,3.1103572845458984
8.6999999999999353,124.9999999999993179,2.6911916732788086
8.6999999999999353,125.0999999999993122,2.3092265129089355
8.6999999999999353,125.1999999999993065,1.7433800697326660
8.6999999999999353,125.2999999999993008,1.0185035467147827
8.6999999999999353,125.3999999999992951,1.1771582365036011
8.6999999999999353,125.4999999999992895,1.0924488306045532
8.6999999999999353,125.5999999999992838,0.9852215647697449
8.6999999999999353,125.6999999999992781,0.9878169298171997
8.6999999999999353,125.7999999999992724,1.3124785423278809
8.6999999999999353,125.8999999999992667,1.8985865116119385
8.6999999999999353,125.9999999999992610,2.6358165740966797
8.6999999999999353,126.0999999999992554,3.4336426258087158
8.5999999999999357,117.3999999999997499,7.3393592834472656
8.5999999999999357,117.4999999999997442,7.5641498565673828
8.5999999999999357,123.3999999999994088,6.9957733154296875
8.5999999999999357,123.4999999999994031,6.6353683471679688
8.5999999999999357,123.5999999999993975,7.0836420059204102
8.5999999999999357,123.6999999999993918,7.5980982780456543
8.5999999999999357,124.7999999999993292,3.0184326171875000
8.5999999999999357,124.8999999999993236,3.2212536334991455
8.5999999999999357,124.9999999999993179,2.9984068870544434
8.5999999999999357,125.0999999999993122,2.7227766513824463
8.5999999999999357,125.1999999999993065,2.4502055644989014
8.5999999999999357,125.2999999999993008,1.5675430297851562
8.5999999999999357,125.3999999999992951,1.2228218317031860
8.5999999999999357,125.4999999999992895,1.1762253046035767
8.5999999999999357,125.5999999999992838,1.1129167079925537
8.5999999999999357,125.6999999999992781,1.1627967357635498
8.5999999999999357,125.7999999999992724,1.3865488767623901
8.5999999999999357,125.8999999999992667,2.0128085613250732
8.5999999999999357,125.9999999999992610,2.8526477813720703
8.5999999999999357,126.0999999999992554,3.7500555515289307
8.4999999999999361,117.1999999999997613,8.6234960556030273
8.4999999999999361,117.2999999999997556,7.9748497009277344
8.4999999999999361,117.3999999999997499,7.7140359878540039
8.4999999999999361,123.0999999999994259,8.1976985931396484
8.4999999999999361,123.2999999999994145,5.6009726524353027
8.4999999999999361,123.3999999999994088,5.2238669395446777
8.4999999999999361,123.4999999999994031,4.6831712722778320
8.4999999999999361,123.5999999999993975,5.2943892478942871
8.4999999999999361,123.6999999999993918,5.9097914695739746
8.4999999999999361,123.7999999999993861,5.7261147499084473
8.4999999999999361,124.2999999999993577,4.3094134330749512
8.4999999999999361,124.3999999999993520,4.2080378532409668
8.4999999999999361,124.4999999999993463,3.9345645904541016
8.4999999999999361,124.6999999999993349,3.0366833209991455
8.4999999999999361,124.7999999999993292,3.2742478847503662
8.4999999999999361,124.8999999999993236,3.4726574420928955
8.4999999999999361,124.9999999999993179,3.1803126335144043
8.4999999999999361,125.0999999999993122,2.8889644145965576
8.4999999999999361,125.1999999999993065,2.5753278732299805
8.4999999999999361,125.2999999999993008,1.8056792020797729
8.4999999999999361,125.3999999999992951,1.4227961301803589
8.4999999999999361,125.4999999999992895,1.1064702272415161
8.4999999999999361,125.5999999999992838,1.1017904281616211
8.4999999999999361,125.6999999999992781,1.2763878107070923
8.4999999999999361,125.7999999999992724,1.5515178442001343
8.4999999999999361,125.8999999999992667,2.1960735321044922
8.4999999999999361,125.9999999999992610,2.9399778842926025
8.4999999999999361,126.0999999999992554,3.7895455360412598
8.4999999999999361,126.1999999999992497,4.6588010787963867
8.4999999999999361,126.2999999999992440,5.5919232368469238
8.3999999999999364,123.0999999999994259,7.3054485321044922
8.3999999999999364,123.1999999999994202,5.9817962646484375
8.3999999999999364,123.2999999999994145,4.5619211196899414
8.3999999999999364,123.3999999999994088,3.5488069057464600
8.3999999999999364,123.4999999999994031,3.0440077781677246
8.3999999999999364,123.5999999999993975,3.4686062335968018
8.3999999999999364,123.6999999999993918,4.1461768150329590
8.3999999999999364,123.7999999999993861,4.5627880096435547
8.3999999999999364,124.2999999999993577,4.3690233230590820
8.3999999999999364,124.3999999999993520,3.9562776088714600
8.3999999999999364,124.4999999999993463,3.5118680000305176
8.3999999999999364,124.5999999999993406,3.1947484016418457
8.3999999999999364,124.6999999999993349,3.3471872806549072
8.3999999999999364,124.7999999999993292,3.6031532287597656
8.3999999999999364,124.8999999999993236,3.6728069782257080
8.3999999999999364,124.9999999999993179,3.3323380947113037
8.3999999999999364,125.0999999999993122,2.9345369338989258
8.3999999999999364,125.1999999999993065,2.4366323947906494
8.3999999999999364,125.2999999999993008,1.7996938228607178
8.3999999999999364,125.3999999999992951,1.3201441764831543
8.3999999999999364,125.4999999999992895,1.0939513444900513
8.3999999999999364,125.5999999999992838,1.1636365652084351
8.3999999999999364,125.6999999999992781,1.6228948831558228
8.3999999999999364,125.7999999999992724,2.0916986465454102
8.3999999999999364,125.8999999999992667,2.5780603885650635
8.3999999999999364,125.9999999999992610,3.2083327770233154
8.3999999999999364,126.0999999999992554,3.8140580654144287
8.3999999999999364,126.1999999999992497,4.4264655113220215
8.3999999999999364,126.2999999999992440,4.8202238082885742
8.2999999999999368,117.2999999999997556,10.3313922882080078
8.2999999999999368,122.9999999999994316,7.1421117782592773
8.2999999999999368,123.0999999999994259,6.1251201629638672
8.2999999999999368,123.1999999999994202,4.6027269363403320
8.2999999999999368,123.2999999999994145,3.0917387008666992
8.2999999999999368,123.3999999999994088,2.7432022094726562
8.2999999999999368,123.4999999999994031,2.5767736434936523
8.2999999999999368,123.5999999999993975,2.6175942420959473
8.2999999999999368,123.6999999999993918,3.0700175762176514
8.2999999999999368,123.7999999999993861,3.7417626380920410
8.2999999999999368,124.2999999999993577,4.4361476898193359
8.2999999999999368,124.3999999999993520,4.2259721755981445
8.2999999999999368,124.4999999999993463,4.0458846092224121
8.2999999999999368,124.5999999999993406,3.9117112159729004
8.2999999999999368,124.6999999999993349,3.8143534660339355
8.2999999999999368,124.7999999999993292,3.9135358333587646
8.2999999999999368,124.8999999999993236,3.8758225440979004
8.2999999999999368,124.9999999999993179,3.4019937515258789
8.2999999999999368,125.0999999999993122,2.9209120273590088
8.2999999999999368,125.1999999999993065,2.3941321372985840
8.2999999999999368,125.2999999999993008,1.8810522556304932
8.2999999999999368,125.3999999999992951,1.4843856096267700
8.2999999999999368,125.4999999999992895,1.4740711450576782
8.2999999999999368,125.5999999999992838,1.8251143693923950
8.2999999999999368,125.6999999999992781,2.3184864521026611
8.2999999999999368,125.7999999999992724,2.6645123958587646
8.2999999999999368,125.8999999999992667,2.9349670410156250
8.2999999999999368,125.9999999999992610,3.3950717449188232
8.2999999999999368,126.0999999999992554,3.7997553348541260
8.2999999999999368,126.1999999999992497,4.1775546073913574
8.2999999999999368,126.2999999999992440,4.3765182495117188
8.1999999999999371,122.9999999999994316,5.9316377639770508
8.1999999999999371,123.0999999999994259,4.7266707420349121
8.1999999999999371,123.1999999999994202,3.4653923511505127
8.1999999999999371,123.2999999999994145,2.8494427204132080
8.1999999999999371,123.3999999999994088,2.7065114974975586
8.1999999999999371,123.4999999999994031,2.6801741123199463
8.1999999999999371,123.5999999999993975,2.6268076896667480
8.1999999999999371,123.6999999999993918,2.7815082073211670
8.1999999999999371,123.7999999999993861,3.1816170215606689
8.1999999999999371,124.0999999999993690,4.5694603919982910
8.1999999999999371,124.1999999999993634,4.5096240043640137
8.1999999999999371,124.2999999999993577,4.5511131286621094
8.1999999999999371,124.3999999999993520,4.4695701599121094
8.1999999999999371,124.4999999999993463,4.4066939353942871
8.1999999999999371,124.5999999999993406,4.3745846748352051
8.1999999999999371,124.6999999999993349,4.0000624656677246
8.1999999999999371,124.7999999999993292,3.7353219985961914
8.1999999999999371,124.8999999999993236,3.4535701274871826
8.1999999999999371,124.9999999999993179,2.9870755672454834
8.1999999999999371,125.0999999999993122,2.5271809101104736
8.1999999999999371,125.1999999999993065,2.3014581203460693
8.1999999999999371,125.2999999999993008,2.0279285907745361
8.1999999999999371,125.3999999999992951,1.9799259901046753
8.1999999999999371,125.4999999999992895,2.1602020263671875
8.1999999999999371,125.5999999999992838,2.4714148044586182
8.1999999999999371,125.6999999999992781,2.8328938484191895
8.1999999999999371,125.7999999999992724,3.0438752174377441
8.1999999999999371,125.8999999999992667,3.1792457103729248
8.1999999999999371,125.9999999999992610,3.3607912063598633
8.1999999999999371,126.0999999999992554,3.5657830238342285
8.1999999999999371,126.1999999999992497,3.7647759914398193
8.1999999999999371,126.2999999999992440,3.9245178699493408
8.1999999999999371,126.3999999999992383,3.4698052406311035
8.0999999999999375,116.9999999999997726,10.6435737609863281
8.0999999999999375,122.7999999999994429,5.0999898910522461
8.0999999999999375,122.8999999999994373,4.7730784416198730
8.0999999999999375,122.9999999999994316,4.0419373512268066
8.0999999999999375,123.0999999999994259,3.2454545497894287
8.0999999999999375,123.1999999999994202,2.7754712104797363
8.0999999999999375,123.2999999999994145,2.6707921028137207
8.0999999999999375,123.3999999999994088,2.6997494697570801
8.0999999999999375,123.4999999999994031,2.7470035552978516
8.0999999999999375,123.5999999999993975,2.6803607940673828
8.0999999999999375,123.6999999999993918,2.7481112480163574
8.0999999999999375,123.7999999999993861,2.9612531661987305
8.0999999999999375,123.9999999999993747,4.0414905548095703
8.0999999999999375,124.0999999999993690,4.1911916732788086
8.0999999999999375,124.1999999999993634,4.4542365074157715
8.0999999999999375,124.2999999999993577,4.7486052513122559
8.0999999999999375,124.3999999999993520,4.7796697616577148
8.0999999999999375,124.4999999999993463,4.7555370330810547
8.0999999999999375,124.5999999999993406,4.6523218154907227
8.0999999999999375,124.6999999999993349,4.1007499694824219
8.0999999999999375,124.7999999999993292,3.4627165794372559
8.0999999999999375,124.8999999999993236,2.9072592258453369
8.0999999999999375,124.9999999999993179,2.5520281791687012
8.0999999999999375,125.0999999999993122,2.2829346656799316
8.0999999999999375,125.1999999999993065,2.2913308143615723
8.0999999999999375,125.2999999999993008,2.4068856239318848
8.0999999999999375,125.3999999999992951,2.7728581428527832
8.0999999999999375,125.4999999999992895,2.9508152008056641
8.0999999999999375,125.5999999999992838,3.0879976749420166
8.0999999999999375,125.6999999999992781,3.3110532760620117
8.0999999999999375,125.7999999999992724,3.3734428882598877
8.0999999999999375,125.8999999999992667,3.3800773620605469
8.0999999999999375,125.9999999999992610,3.3749251365661621
8.0999999999999375,126.0999999999992554,3.2715559005737305
8.0999999999999375,126.1999999999992497,3.3466618061065674
8.0999999999999375,126.2999999999992440,3.4017729759216309
8.0999999999999375,126.3999999999992383,2.9148783683776855
7.9999999999999378,116.9999999999997726,10.6330518722534180
7.9999999999999378,122.2999999999994714,5.7700634002685547
7.9999999999999378,122.3999999999994657,5.0056333541870117
7.9999999999999378,122.4999999999994600,4.5028071403503418
7.9999999999999378,122.5999999999994543,4.1438765525817871
7.9999999999999378,122.6999999999994486,3.8173620700836182
7.9999999999999378,122.7999999999994429,3.4949536323547363
7.9999999999999378,122.8999999999994373,3.2861111164093018
7.9999999999999378,122.9999999999994316,3.0236630439758301
7.9999999999999378,123.0999999999994259,2.7469968795776367
7.9999999999999378,123.1999999999994202,2.5544347763061523
7.9999999999999378,123.2999999999994145,2.6182615756988525
7.9999999999999378,123.3999999999994088,2.8021149635314941
7.9999999999999378,123.4999999999994031,2.9010543823242188
7.9999999999999378,123.5999999999993975,2.8246474266052246
7.9999999999999378,123.6999999999993918,2.8393223285675049
7.9999999999999378,123.7999999999993861,2.9359292984008789
7.9999999999999378,123.8999999999993804,3.1227986812591553
7.9999999999999378,123.9999999999993747,3.5270822048187256
7.9999999999999378,124.0999999999993690,3.9303047657012939
7.9999999999999378,124.1999999999993634,4.3234758377075195
7.9999999999999378,124.2999999999993577,4.8096060752868652
7.9999999999999378,124.3999999999993520,4.9405322074890137
7.9999999999999378,124.4999999999993463,4.9918289184570312
7.9999999999999378,124.5999999999993406,4.9790759086608887
7.9999999999999378,124.6999999999993349,4.1748046875000000
7.9999999999999378,124.7999999999993292,3.3217012882232666
7.9999999999999378,124.8999999999993236,2.6415960788726807
7.9999999999999378,124.9999999999993179,2.5013356208801270
7.9999999999999378,125.0999999999993122,2.4953656196594238
7.9999999999999378,125.1999999999993065,2.6075918674468994
7.9999999999999378,125.2999999999993008,2.8341379165649414
7.9999999999999378,125.3999999999992951,3.3623435497283936
7.9999999999999378,125.4999999999992895,3.4937469959259033
7.9999999999999378,125.5999999999992838,3.4955992698669434
7.9999999999999378,125.6999999999992781,3.5770490169525146
7.9999999999999378,125.7999999999992724,3.5801775455474854
7.9999999999999378,125.8999999999992667,3.5314090251922607
7.9999999999999378,125.9999999999992610,3.4373180866241455
7.9999999999999378,126.0999999999992554,3.1146361827850342
7.9999999999999378,126.1999999999992497,3.1038277149200439
7.9999999999999378,126.2999999999992440,3.0339882373809814
7.8999999999999382,116.9999999999997726,10.5408582687377930
7.8999999999999382,122.2999999999994714,5.3818588256835938
7.8999999999999382,122.3999999999994657,4.5744447708129883
7.8999999999999382,122.4999999999994600,4.4641914367675781
7.8999999999999382,122.5999999999994543,4.3344721794128418
7.8999999999999382,122.6999999999994486,3.9723412990570068
7.8999999999999382,122.7999999999994429,3.4953749179840088
7.8999999999999382,122.8999999999994373,3.1810207366943359
7.8999999999999382,122.9999999999994316,2.9787616729736328
7.8999999999999382,123.0999999999994259,2.7964293956756592
7.8999999999999382,123.1999999999994202,2.7101581096649170
7.8999999999999382,123.2999999999994145,2.9110705852508545
7.8999999999999382,123.3999999999994088,3.2188289165496826
7.8999999999999382,123.4999999999994031,3.3596298694610596
7.8999999999999382,123.5999999999993975,3.2014474868774414
7.8999999999999382,123.6999999999993918,3.0967373847961426
7.8999999999999382,123.7999999999993861,3.0976021289825439
7.8999999999999382,123.8999999999993804,3.2414553165435791
7.8999999999999382,123.9999999999993747,3.4444143772125244
7.8999999999999382,124.0999999999993690,3.6988313198089600
7.8999999999999382,124.1999999999993634,4.0397796630859375
7.8999999999999382,124.2999999999993577,4.3658590316772461
7.8999999999999382,124.3999999999993520,4.4961647987365723
7.8999999999999382,124.4999999999993463,4.6689624786376953
7.8999999999999382,124.5999999999993406,4.6996932029724121
7.8999999999999382,124.6999999999993349,4.1463794708251953
7.8999999999999382,124.7999999999993292,3.5085413455963135
7.8999999999999382,124.8999999999993236,3.0551226139068604
7.8999999999999382,124.9999999999993179,2.9743967056274414
7.8999999999999382,125.0999999999993122,2.9677703380584717
7.8999999999999382,125.1999999999993065,2.9687178134918213
7.8999999999999382,125.2999999999993008,2.9568431377410889
7.8999999999999382,125.3999999999992951,3.2340466976165771
7.8999999999999382,125.4999999999992895,3.2497987747192383
7.8999999999999382,125.5999999999992838,3.1978507041931152
7.8999999999999382,125.6999999999992781,3.3366713523864746
7.8999999999999382,125.7999999999992724,3.4412236213684082
7.8999999999999382,125.8999999999992667,3.5084276199340820
7.8999999999999382,125.9999999999992610,3.5144875049591064
7.8999999999999382,126.0999999999992554,3.0572082996368408
7.8999999999999382,126.1999999999992497,2.7708537578582764
7.8999999999999382,126.2999999999992440,2.4701879024505615
7.7999999999999385,122.0999999999994827,8.1339130401611328
7.7999999999999385,122.1999999999994770,6.5105319023132324
7.7999999999999385,122.2999999999994714,5.0251946449279785
7.7999999999999385,122.3999999999994657,4.5464234352111816
7.7999999999999385,122.4999999999994600,4.7144904136657715
7.7999999999999385,122.5999999999994543,4.8628849983215332
7.7999999999999385,122.6999999999994486,4.3581705093383789
7.7999999999999385,122.7999999999994429,3.8816688060760498
7.7999999999999385,122.8999999999994373,3.4785888195037842
7.7999999999999385,122.9999999999994316,3.1977448463439941
7.7999999999999385,123.0999999999994259,2.9539737701416016
7.7999999999999385,123.1999999999994202,3.0946049690246582
7.7999999999999385,123.2999999999994145,3.4485619068145752
7.7999999999999385,123.3999999999994088,4.1284785270690918
7.7999999999999385,123.6999999999993918,3.6639022827148438
7.7999999999999385,123.7999999999993861,3.7431077957153320
7.7999999999999385,123.8999999999993804,3.6094920635223389
7.7999999999999385,123.9999999999993747,3.5090565681457520
7.7999999999999385,124.0999999999993690,3.4811961650848389
7.7999999999999385,124.1999999999993634,3.7394990921020508
7.7999999999999385,124.2999999999993577,3.9820184707641602
7.7999999999999385,124.3999999999993520,4.1255116462707520
7.7999999999999385,124.4999999999993463,4.2535829544067383
7.7999999999999385,124.5999999999993406,4.4934449195861816
7.7999999999999385,124.6999999999993349,4.1483917236328125
7.7999999999999385,124.7999999999993292,3.8119282722473145
7.7999999999999385,124.8999999999993236,3.6241989135742188
7.7999999999999385,124.9999999999993179,3.5395386219024658
7.7999999999999385,125.0999999999993122,3.4683473110198975
7.7999999999999385,125.1999999999993065,3.3341925144195557
7.7999999999999385,125.2999999999993008,3.0993089675903320
7.7999999999999385,125.3999999999992951,2.9679827690124512
7.7999999999999385,125.4999999999992895,2.8667387962341309
7.7999999999999385,125.5999999999992838,2.8134841918945312
7.7999999999999385,125.6999999999992781,3.0899147987365723
7.7999999999999385,125.7999999999992724,3.2935545444488525
7.7999999999999385,125.8999999999992667,3.4670596122741699
7.7999999999999385,125.9999999999992610,3.5580556392669678
7.7999999999999385,126.0999999999992554,3.0033490657806396
7.7999999999999385,126.1999999999992497,2.4387471675872803
7.7999999999999385,126.2999999999992440,2.0379116535186768
7.7999999999999385,126.3999999999992383,2.1770215034484863
7.6999999999999389,122.1999999999994770,6.5529999732971191
7.6999999999999389,122.2999999999994714,5.1055073738098145
7.6999999999999389,122.3999999999994657,4.6690993309020996
7.6999999999999389,122.4999999999994600,5.0213813781738281
7.6999999999999389,122.8999999999994373,3.9712359905242920
7.6999999999999389,122.9999999999994316,3.7743847370147705
7.6999999999999389,123.0999999999994259,3.7740621566772461
7.6999999999999389,123.1999999999994202,4.0636386871337891
7.6999999999999389,123.2999999999994145,4.6126852035522461
7.6999999999999389,123.3999999999994088,5.3894762992858887
7.6999999999999389,123.4999999999994031,6.0894064903259277
7.6999999999999389,123.8999999999993804,4.0387444496154785
7.6999999999999389,123.9999999999993747,3.7865912914276123
7.6999999999999389,124.0999999999993690,3.4355587959289551
7.6999999999999389,124.1999999999993634,3.4684915542602539
7.6999999999999389,124.2999999999993577,3.6572721004486084
7.6999999999999389,124.3999999999993520,3.8156275749206543
7.6999999999999389,124.4999999999993463,3.9770691394805908
7.6999999999999389,124.5999999999993406,4.2737231254577637
7.6999999999999389,124.6999999999993349,4.1417913436889648
7.6999999999999389,124.7999999999993292,4.0651574134826660
7.6999999999999389,124.8999999999993236,4.0511999130249023
7.6999999999999389,124.9999999999993179,3.9227023124694824
7.6999999999999389,125.0999999999993122,3.7724390029907227
7.6999999999999389,125.1999999999993065,3.5327537059783936
7.6999999999999389,125.2999999999993008,3.2165825366973877
7.6999999999999389,125.3999999999992951,2.9490292072296143
7.6999999999999389,125.4999999999992895,2.5348355770111084
7.6999999999999389,125.5999999999992838,2.4821958541870117
7.6999999999999389,125.6999999999992781,2.9098670482635498
7.6999999999999389,125.7999999999992724,3.1169862747192383
7.6999999999999389,125.8999999999992667,3.2825782299041748
7.6999999999999389,125.9999999999992610,3.5310480594635010
7.6999999999999389,126.0999999999992554,2.7948067188262939
7.6999999999999389,126.1999999999992497,2.1265394687652588
7.6999999999999389,126.2999999999992440,1.7134957313537598
7.6999999999999389,126.3999999999992383,2.0750710964202881
7.6999999999999389,126.4999999999992326,2.7736909389495850
7.5999999999999392,122.1999999999994770,6.4934792518615723
7.5999999999999392,122.2999999999994714,5.3188695907592773
7.5999999999999392,122.3999999999994657,5.1813645362854004
7.5999999999999392,122.8999999999994373,5.4676203727722168
7.5999999999999392,122.9999999999994316,5.0577654838562012
7.5999999999999392,123.1999999999994202,5.6713881492614746
7.5999999999999392,123.2999999999994145,6.0166373252868652
7.5999999999999392,123.3999999999994088,5.9508013725280762
7.5999999999999392,124.0999999999993690,4.6595921516418457
7.5999999999999392,124.1999999999993634,3.8744332790374756
7.5999999999999392,124.2999999999993577,3.5098817348480225
7.5999999999999392,124.3999999999993520,3.6972458362579346
7.5999999999999392,124.4999999999993463,4.0727963447570801
7.5999999999999392,124.5999999999993406,4.3660430908203125
7.5999999999999392,124.6999999999993349,4.1667146682739258
7.5999999999999392,124.7999999999993292,4.0753502845764160
7.5999999999999392,124.8999999999993236,4.0534243583679199
7.5999999999999392,124.9999999999993179,3.8629033565521240
7.5999999999999392,125.0999999999993122,3.6850533485412598
7.5999999999999392,125.1999999999993065,3.5014882087707520
7.5999999999999392,125.2999999999993008,3.3236520290374756
7.5999999999999392,125.3999999999992951,3.1633350849151611
7.5999999999999392,125.4999999999992895,2.5577633380889893
7.5999999999999392,125.5999999999992838,2.2159154415130615
7.5999999999999392,125.6999999999992781,2.6561231613159180
7.5999999999999392,125.7999999999992724,2.7377185821533203
7.5999999999999392,125.8999999999992667,2.7057199478149414
7.5999999999999392,125.9999999999992610,2.7144851684570312
7.5999999999999392,126.0999999999992554,2.2157003879547119
7.5999999999999392,126.1999999999992497,1.7100161314010620
7.5999999999999392,126.2999999999992440,1.3329230546951294
7.5999999999999392,126.3999999999992383,1.5108320713043213
7.5999999999999392,126.4999999999992326,2.2685573101043701
7.4999999999999396,122.0999999999994827,7.5449385643005371
7.4999999999999396,122.1999999999994770,6.5644941329956055
7.4999999999999396,122.2999999999994714,5.7207393646240234
7.4999999999999396,123.2999999999994145,7.5324611663818359
7.4999999999999396,123.3999999999994088,7.9582166671752930
7.4999999999999396,124.1999999999993634,4.6314282417297363
7.4999999999999396,124.2999999999993577,3.6745829582214355
7.4999999999999396,124.3999999999993520,3.9276735782623291
7.4999999999999396,124.4999999999993463,4.1997828483581543
7.4999999999999396,124.5999999999993406,4.4062662124633789
7.4999999999999396,124.6999999999993349,4.2197241783142090
7.4999999999999396,124.7999999999993292,4.1311931610107422
7.4999999999999396,124.8999999999993236,4.0945992469787598
7.4999999999999396,124.9999999999993179,3.9223036766052246
7.4999999999999396,125.0999999999993122,3.7656369209289551
7.4999999999999396,125.1999999999993065,3.6321499347686768
7.4999999999999396,125.2999999999993008,3.5035932064056396
7.4999999999999396,125.3999999999992951,3.3485949039459229
7.4999999999999396,125.4999999999992895,2.7453331947326660
7.4999999999999396,125.5999999999992838,2.1591539382934570
7.4999999999999396,125.6999999999992781,2.5330328941345215
7.4999999999999396,125.7999999999992724,2.3893966674804688
7.4999999999999396,125.8999999999992667,2.1902408599853516
7.4999999999999396,125.9999999999992610,2.2556879520416260
7.4999999999999396,126.0999999999992554,1.7529858350753784
7.4999999999999396,126.1999999999992497,1.4076491594314575
7.4999999999999396,126.2999999999992440,1.2325741052627563
7.4999999999999396,126.3999999999992383,0.9967041611671448
7.4999999999999396,126.4999999999992326,1.7414000034332275
7.4999999999999396,126.5999999999992269,2.5943095684051514
7.3999999999999400,122.0999999999994827,6.8724308013916016
7.3999999999999400,122.1999999999994770,6.2636556625366211
7.3999999999999400,122.2999999999994714,5.8712582588195801
7.3999999999999400,122.7999999999994429,8.0089530944824219
7.3999999999999400,123.3999999999994088,8.4600248336791992
7.3999999999999400,124.1999999999993634,4.8533692359924316
7.3999999999999400,124.2999999999993577,3.8334150314331055
7.3999999999999400,124.3999999999993520,3.9539003372192383
7.3999999999999400,124.4999999999993463,4.1160531044006348
7.3999999999999400,124.5999999999993406,4.2357683181762695
7.3999999999999400,124.6999999999993349,4.0380735397338867
7.3999999999999400,124.7999999999993292,3.9046037197113037
7.3999999999999400,124.8999999999993236,3.8645050525665283
7.3999999999999400,124.9999999999993179,3.7553083896636963
7.3999999999999400,125.0999999999993122,3.6825523376464844
7.3999999999999400,125.1999999999993065,3.5629601478576660
7.3999999999999400,125.2999999999993008,3.3603754043579102
7.3999999999999400,125.3999999999992951,3.1604957580566406
7.3999999999999400,125.4999999999992895,2.4646940231323242
7.3999999999999400,125.5999999999992838,1.9553734064102173
7.3999999999999400,125.6999999999992781,2.5792944431304932
7.3999999999999400,125.7999999999992724,2.1163599491119385
7.3999999999999400,125.8999999999992667,1.6704241037368774
7.3999999999999400,125.9999999999992610,1.7245875597000122
7.3999999999999400,126.0999999999992554,1.5342104434967041
7.3999999999999400,126.1999999999992497,1.4535764455795288
7.3999999999999400,126.2999999999992440,1.3427369594573975
7.3999999999999400,126.3999999999992383,1.3817763328552246
7.3999999999999400,126.4999999999992326,2.1007268428802490
7.2999999999999403,116.8999999999997783,10.8885393142700195
7.2999999999999403,117.0999999999997669,11.0660543441772461
7.2999999999999403,117.1999999999997613,11.0038671493530273
7.2999999999999403,122.0999999999994827,5.7064490318298340
7.2999999999999403,122.1999999999994770,5.5485558509826660
7.2999999999999403,124.1999999999993634,4.5678229331970215
7.2999999999999403,124.2999999999993577,4.0464005470275879
7.2999999999999403,124.3999999999993520,3.7426373958587646
7.2999999999999403,124.4999999999993463,3.7793269157409668
7.2999999999999403,124.5999999999993406,3.7930836677551270
7.2999999999999403,124.6999999999993349,3.5796773433685303
7.2999999999999403,124.7999999999993292,3.4600706100463867
7.2999999999999403,124.8999999999993236,3.4232988357543945
7.2999999999999403,124.9999999999993179,3.3747916221618652
7.2999999999999403,125.0999999999993122,3.4100186824798584
7.2999999999999403,125.1999999999993065,3.2622332572937012
7.2999999999999403,125.2999999999993008,3.0011687278747559
7.2999999999999403,125.3999999999992951,2.7309837341308594
7.2999999999999403,125.4999999999992895,1.7588095664978027
7.2999999999999403,125.5999999999992838,2.1329579353332520
7.2999999999999403,125.6999999999992781,2.9611268043518066
7.2999999999999403,125.8999999999992667,1.7174849510192871
7.2999999999999403,125.9999999999992610,1.2692451477050781
7.2999999999999403,126.0999999999992554,1.4887572526931763
7.2999999999999403,126.1999999999992497,1.7824566364288330
7.2999999999999403,126.2999999999992440,1.9867032766342163
7.2999999999999403,126.3999999999992383,2.3514742851257324
7.2999999999999403,126.4999999999992326,3.3416607379913330
7.2999999999999403,126.5999999999992269,4.6565971374511719
7.1999999999999407,117.0999999999997669,11.2396087646484375
7.1999999999999407,117.1999999999997613,11.1524400711059570
7.1999999999999407,121.9999999999994884,5.1492834091186523
7.1999999999999407,122.0999999999994827,4.6750664710998535
7.1999999999999407,122.1999999999994770,4.8569750785827637
7.1999999999999407,124.1999999999993634,4.8663635253906250
7.1999999999999407,124.2999999999993577,4.3242135047912598
7.1999999999999407,124.3999999999993520,3.9826524257659912
7.1999999999999407,124.4999999999993463,3.7234129905700684
7.1999999999999407,124.5999999999993406,3.6584763526916504
7.1999999999999407,124.6999999999993349,3.2417221069335938
7.1999999999999407,124.7999999999993292,3.0567767620086670
7.1999999999999407,124.8999999999993236,3.0391101837158203
7.1999999999999407,124.9999999999993179,3.0962433815002441
7.1999999999999407,125.0999999999993122,3.1895999908447266
7.1999999999999407,125.1999999999993065,3.3056418895721436
7.1999999999999407,125.2999999999993008,2.8418829441070557
7.1999999999999407,125.3999999999992951,2.3772501945495605
7.1999999999999407,125.4999999999992895,1.6072978973388672
7.1999999999999407,125.5999999999992838,2.7597715854644775
7.1999999999999407,125.9999999999992610,1.3549982309341431
7.1999999999999407,126.0999999999992554,1.5763678550720215
7.1999999999999407,126.1999999999992497,2.2492434978485107
7.1999999999999407,126.2999999999992440,2.7995934486389160
7.1999999999999407,126.3999999999992383,3.3992209434509277
7.1999999999999407,126.4999999999992326,4.6068754196166992
7.0999999999999410,121.9999999999994884,5.4640932083129883
7.0999999999999410,122.0999999999994827,5.0247173309326172
7.0999999999999410,122.1999999999994770,4.9484615325927734
7.0999999999999410,124.0999999999993690,5.2032418251037598
7.0999999999999410,124.1999999999993634,4.5916967391967773
7.0999999999999410,124.2999999999993577,4.0838003158569336
7.0999999999999410,124.3999999999993520,3.7476639747619629
7.0999999999999410,124.4999999999993463,3.4524650573730469
7.0999999999999410,124.5999999999993406,3.3313860893249512
7.0999999999999410,124.6999999999993349,2.8194439411163330
7.0999999999999410,124.7999999999993292,2.3873240947723389
7.0999999999999410,124.8999999999993236,2.3621094226837158
7.0999999999999410,124.9999999999993179,2.6244409084320068
7.0999999999999410,125.0999999999993122,2.9657983779907227
7.0999999999999410,125.1999999999993065,3.0562925338745117
7.0999999999999410,125.2999999999993008,2.6330604553222656
7.0999999999999410,125.3999999999992951,2.2079248428344727
7.0999999999999410,125.4999999999992895,1.7486016750335693
7.0999999999999410,125.5999999999992838,3.0513231754302979
7.0999999999999410,125.6999999999992781,4.6711397171020508
7.0999999999999410,125.8999999999992667,2.4206919670104980
7.0999999999999410,125.9999999999992610,1.8173329830169678
7.0999999999999410,126.0999999999992554,2.0764100551605225
7.0999999999999410,126.1999999999992497,2.9611556529998779
7.0999999999999410,126.2999999999992440,3.7563374042510986
7.0999999999999410,126.3999999999992383,4.4346556663513184
6.9999999999999414,117.0999999999997669,10.4748010635375977
6.9999999999999414,121.9999999999994884,6.6248722076416016
6.9999999999999414,122.0999999999994827,6.4576849937438965
6.9999999999999414,122.1999999999994770,6.4826741218566895
6.9999999999999414,123.9999999999993747,4.8502168655395508
6.9999999999999414,124.0999999999993690,4.4971251487731934
6.9999999999999414,124.1999999999993634,4.0197968482971191
6.9999999999999414,124.2999999999993577,3.6207172870635986
6.9999999999999414,124.3999999999993520,3.2356095314025879
6.9999999999999414,124.4999999999993463,2.9127264022827148
6.9999999999999414,124.5999999999993406,2.7923910617828369
6.9999999999999414,124.6999999999993349,2.3582248687744141
6.9999999999999414,124.7999999999993292,1.8122256994247437
6.9999999999999414,124.8999999999993236,1.7234656810760498
6.9999999999999414,124.9999999999993179,2.1494457721710205
6.9999999999999414,125.0999999999993122,2.6674623489379883
6.9999999999999414,125.1999999999993065,2.7369515895843506
6.9999999999999414,125.2999999999993008,2.4097356796264648
6.9999999999999414,125.3999999999992951,2.3356118202209473
6.9999999999999414,125.4999999999992895,1.9728826284408569
6.9999999999999414,125.7999999999992724,4.8721880912780762
6.9999999999999414,125.9999999999992610,2.6319122314453125
6.9999999999999414,126.0999999999992554,2.8913991451263428
6.9999999999999414,126.1999999999992497,3.9192678928375244
6.9999999999999414,126.2999999999992440,4.8411788940429688
6.8999999999999417,116.6999999999997897,7.1366052627563477
6.8999999999999417,116.7999999999997840,7.6898345947265625
6.8999999999999417,117.0999999999997669,9.7950153350830078
6.8999999999999417,117.1999999999997613,10.1899452209472656
6.8999999999999417,122.0999999999994827,7.5299506187438965
6.8999999999999417,123.9999999999993747,4.3629770278930664
6.8999999999999417,124.0999999999993690,3.9084784984588623
6.8999999999999417,124.1999999999993634,3.5548596382141113
6.8999999999999417,124.2999999999993577,3.2678825855255127
6.8999999999999417,124.3999999999993520,2.8114511966705322
6.8999999999999417,124.4999999999993463,2.4380736351013184
6.8999999999999417,124.5999999999993406,2.6249580383300781
6.8999999999999417,124.6999999999993349,2.1820862293243408
6.8999999999999417,124.7999999999993292,2.1932671070098877
6.8999999999999417,124.8999999999993236,2.1962404251098633
6.8999999999999417,124.9999999999993179,1.7975677251815796
6.8999999999999417,125.0999999999993122,2.4463424682617188
6.8999999999999417,125.1999999999993065,2.6321134567260742
6.8999999999999417,125.2999999999993008,2.5576202869415283
6.8999999999999417,125.3999999999992951,2.7031369209289551
6.8999999999999417,126.0999999999992554,4.1794724464416504
6.8999999999999417,126.2999999999992440,6.0082759857177734
6.7999999999999421,124.0999999999993690,3.6157450675964355
6.7999999999999421,124.1999999999993634,3.4655194282531738
6.7999999999999421,124.2999999999993577,3.3668055534362793
6.7999999999999421,124.3999999999993520,2.8423650264739990
6.7999999999999421,124.4999999999993463,2.3561866283416748
6.7999999999999421,124.5999999999993406,2.1249475479125977
6.7999999999999421,124.6999999999993349,2.0321300029754639
6.7999999999999421,124.7999999999993292,2.2116460800170898
6.7999999999999421,124.8999999999993236,2.1631350517272949
6.7999999999999421,124.9999999999993179,1.6795448064804077
6.7999999999999421,125.0999999999993122,2.3352439403533936
6.7999999999999421,125.1999999999993065,2.6776978969573975
6.7999999999999421,125.2999999999993008,2.8734149932861328
6.7999999999999421,125.3999999999992951,3.0527372360229492
6.7999999999999421,126.0999999999992554,5.0780744552612305
6.7999999999999421,126.1999999999992497,5.8411054611206055
6.6999999999999424,121.9999999999994884,5.8859019279479980
6.6999999999999424,122.0999999999994827,5.8620343208312988
6.6999999999999424,124.0999999999993690,3.7915532588958740
6.6999999999999424,124.1999999999993634,3.5046818256378174
6.6999999999999424,124.2999999999993577,3.5919163227081299
6.6999999999999424,124.3999999999993520,3.0541017055511475
6.6999999999999424,124.4999999999993463,2.4583601951599121
6.6999999999999424,124.5999999999993406,2.0434334278106689
6.6999999999999424,124.6999999999993349,1.7244706153869629
6.6999999999999424,124.7999999999993292,2.0946815013885498
6.6999999999999424,124.8999999999993236,2.2628979682922363
6.6999999999999424,124.9999999999993179,2.0216746330261230
6.6999999999999424,125.0999999999993122,2.5066144466400146
6.6999999999999424,125.1999999999993065,2.9640204906463623
6.6999999999999424,125.2999999999993008,3.2634327411651611
6.6999999999999424,126.0999999999992554,5.4496145248413086
6.6999999999999424,126.1999999999992497,6.2235980033874512
6.5999999999999428,121.8999999999994941,5.7690706253051758
6.5999999999999428,121.9999999999994884,5.2360286712646484
6.5999999999999428,122.0999999999994827,4.9637947082519531
6.5999999999999428,122.1999999999994770,5.3149023056030273
6.5999999999999428,124.0999999999993690,3.9820351600646973
6.5999999999999428,124.1999999999993634,3.7452309131622314
6.5999999999999428,124.2999999999993577,3.7710635662078857
6.5999999999999428,124.3999999999993520,3.2242264747619629
6.5999999999999428,124.4999999999993463,2.5748300552368164
6.5999999999999428,124.5999999999993406,2.0452091693878174
6.5999999999999428,124.6999999999993349,1.7590757608413696
6.5999999999999428,124.7999999999993292,1.9188172817230225
6.5999999999999428,124.8999999999993236,2.1773955821990967
6.5999999999999428,124.9999999999993179,2.3369779586791992
6.5999999999999428,125.0999999999993122,2.7403938770294189
6.5999999999999428,125.1999999999993065,3.1879930496215820
6.5999999999999428,125.2999999999993008,3.5592761039733887
6.5999999999999428,126.0999999999992554,6.1120643615722656
6.5999999999999428,126.1999999999992497,6.6428785324096680
6.4999999999999432,121.9999999999994884,5.2273011207580566
6.4999999999999432,122.0999999999994827,5.0213518142700195
6.4999999999999432,122.1999999999994770,5.2321543693542480
6.4999999999999432,124.0999999999993690,4.0094037055969238
6.4999999999999432,124.1999999999993634,3.7544052600860596
6.4999999999999432,124.2999999999993577,3.5405871868133545
6.4999999999999432,124.3999999999993520,3.2098031044006348
6.4999999999999432,124.4999999999993463,2.6776685714721680
6.4999999999999432,124.5999999999993406,2.1900753974914551
6.4999999999999432,124.6999999999993349,1.9806318283081055
6.4999999999999432,124.7999999999993292,2.0200254917144775
6.4999999999999432,124.8999999999993236,2.2210214138031006
6.4999999999999432,124.9999999999993179,2.4211356639862061
6.4999999999999432,125.0999999999993122,2.7965781688690186
6.4999999999999432,125.1999999999993065,3.2077202796936035
6.4999999999999432,125.2999999999993008,3.5686547756195068
6.4999999999999432,125.3999999999992951,3.9506900310516357
6.4999999999999432,125.4999999999992895,3.5740571022033691
6.4999999999999432,125.5999999999992838,3.0599627494812012
6.4999999999999432,126.1999999999992497,6.4766082763671875
6.3999999999999435,121.9999999999994884,5.7944116592407227
6.3999999999999435,124.0999999999993690,3.9707064628601074
6.3999999999999435,124.1999999999993634,3.7000436782836914
6.3999999999999435,124.2999999999993577,3.3968491554260254
6.3999999999999435,124.3999999999993520,3.1480910778045654
6.3999999999999435,124.4999999999993463,2.9576752185821533
6.3999999999999435,124.5999999999993406,2.7069051265716553
6.3999999999999435,124.6999999999993349,2.3064081668853760
6.3999999999999435,124.7999999999993292,2.1666536331176758
6.3999999999999435,124.8999999999993236,2.2973768711090088
6.3999999999999435,124.9999999999993179,2.4939050674438477
6.3999999999999435,125.0999999999993122,2.8284788131713867
6.3999999999999435,125.1999999999993065,3.2088284492492676
6.3999999999999435,125.2999999999993008,3.5322206020355225
6.3999999999999435,125.3999999999992951,3.8651485443115234
6.3999999999999435,125.4999999999992895,3.4408998489379883
6.2999999999999439,120.5999999999995680,7.6316623687744141
6.2999999999999439,124.1999999999993634,3.8422703742980957
6.2999999999999439,124.2999999999993577,3.4933218955993652
6.2999999999999439,124.3999999999993520,3.3808813095092773
6.2999999999999439,124.4999999999993463,3.3152813911437988
6.2999999999999439,124.5999999999993406,3.1770722866058350
6.2999999999999439,124.6999999999993349,2.7418403625488281
6.2999999999999439,124.7999999999993292,2.4501860141754150
6.2999999999999439,124.8999999999993236,2.5269050598144531
6.2999999999999439,124.9999999999993179,2.6392822265625000
6.2999999999999439,125.0999999999993122,2.9367821216583252
6.2999999999999439,125.1999999999993065,3.2690129280090332
6.2999999999999439,125.2999999999993008,3.5541374683380127
6.2999999999999439,125.3999999999992951,3.8503301143646240
6.2999999999999439,125.4999999999992895,3.4474406242370605
6.2999999999999439,125.5999999999992838,3.0510537624359131
6.1999999999999442,124.2999999999993577,4.1728887557983398
6.1999999999999442,124.3999999999993520,3.7500777244567871
6.1999999999999442,124.4999999999993463,3.6673636436462402
6.1999999999999442,124.5999999999993406,3.5668578147888184
6.1999999999999442,124.6999999999993349,3.2534365653991699
6.1999999999999442,124.7999999999993292,2.9664123058319092
6.1999999999999442,124.8999999999993236,2.8432059288024902
6.1999999999999442,124.9999999999993179,2.9777371883392334
6.1999999999999442,125.0999999999993122,3.2371413707733154
6.1999999999999442,125.1999999999993065,3.5208568572998047
6.1999999999999442,125.2999999999993008,3.7438805103302002
6.1999999999999442,125.3999999999992951,3.9612867832183838
6.1999999999999442,125.4999999999992895,3.8172883987426758
6.1999999999999442,125.5999999999992838,3.4787423610687256
6.1999999999999442,125.6999999999992781,3.8522715568542480
6.0999999999999446,120.9999999999995453,8.0212020874023438
6.0999999999999446,121.0999999999995396,8.0083074569702148
6.0999999999999446,124.4999999999993463,4.0513105392456055
6.0999999999999446,124.5999999999993406,3.9488534927368164
6.0999999999999446,124.6999999999993349,3.7627220153808594
6.0999999999999446,124.7999999999993292,3.5583491325378418
6.0999999999999446,124.8999999999993236,3.4283773899078369
6.0999999999999446,124.9999999999993179,3.5133347511291504
6.0999999999999446,125.0999999999993122,3.7761270999908447
6.0999999999999446,125.2999999999993008,4.0313191413879395
6.0999999999999446,125.3999999999992951,4.1656670570373535
6.0999999999999446,125.4999999999992895,4.3113527297973633
6.0999999999999446,125.5999999999992838,4.4796562194824219
6.0999999999999446,125.6999999999992781,4.9530668258666992
5.9999999999999449,120.8999999999995509,8.0838661193847656
5.9999999999999449,120.9999999999995453,8.0906515121459961
5.9999999999999449,121.0999999999995396,8.0876092910766602
5.9999999999999449,121.3999999999995225,7.7718763351440430
5.9999999999999449,124.5999999999993406,4.5351996421813965
5.9999999999999449,124.6999999999993349,4.5054001808166504
5.9999999999999449,124.7999999999993292,4.6630721092224121
5.9999999999999449,124.8999999999993236,4.6568884849548340
5.9999999999999449,124.9999999999993179,4.6303815841674805
5.9999999999999449,125.0999999999993122,4.8432297706604004
5.9999999999999449,125.3999999999992951,4.6228065490722656
5.9999999999999449,125.4999999999992895,4.9451694488525391
5.9999999999999449,125.5999999999992838,5.5537676811218262
5.8999999999999453,120.8999999999995509,8.0720729827880859
5.8999999999999453,124.7999999999993292,5.7100181579589844
5.8999999999999453,124.8999999999993236,6.5887508392333984
5.8999999999999453,124.9999999999993179,6.4282751083374023
5.8999999999999453,125.0999999999993122,6.1984586715698242
5.8999999999999453,125.1999999999993065,6.4750185012817383
5.8999999999999453,125.2999999999993008,5.8299236297607422
5.8999999999999453,125.3999999999992951,5.4467239379882812
5.8999999999999453,125.4999999999992895,5.8199629783630371
5.8999999999999453,125.5999999999992838,6.6360001564025879
5.7999999999999456,125.2999999999993008,6.8909282684326172
5.7999999999999456,125.3999999999992951,6.2294044494628906
5.7999999999999456,125.4999999999992895,6.5531225204467773
5.6999999999999460,125.2999999999993008,7.5343852043151855
5.6999999999999460,125.3999999999992951,7.3364758491516113
5.5999999999999464,125.2999999999993008,8.9353237152099609
5.5999999999999464,125.3999999999992951,8.6565704345703125
5.3999999999999471,118.8999999999996646,4.0838890075683594
5.3999999999999471,118.9999999999996589,4.7286415100097656
5.3999999999999471,119.0999999999996533,5.7219638824462891
5.3999999999999471,119.1999999999996476,6.5631418228149414
5.2999999999999474,118.8999999999996646,3.8008563518524170
5.2999999999999474,118.9999999999996589,4.4326014518737793
5.2999999999999474,119.0999999999996533,5.4800820350646973
5.2999999999999474,119.1999999999996476,6.4298968315124512
5.2999999999999474,120.1999999999995907,8.0971994400024414
5.1999999999999478,118.8999999999996646,3.7276022434234619
5.1999999999999478,118.9999999999996589,4.3484721183776855
5.1999999999999478,119.0999999999996533,5.4760537147521973
5.1999999999999478,119.1999999999996476,6.6108078956604004
5.1999999999999478,120.1999999999995907,8.1433391571044922
5.0999999999999481,118.8999999999996646,4.6040430068969727
5.0999999999999481,118.9999999999996589,5.1020402908325195
5.0999999999999481,119.7999999999996135,7.8519520759582520
5.0999999999999481,119.8999999999996078,7.9096932411193848
