latitude,longitude,max_wind_speed
19.3999999999999559,121.3999999999995225,13.9978084564208984
19.3999999999999559,121.4999999999995168,14.0251579284667969
18.8999999999999488,121.8999999999994941,13.7326812744140625
18.5999999999999446,120.7999999999995566,12.7232227325439453
18.5999999999999446,120.8999999999995509,12.4269542694091797
18.5999999999999446,121.0999999999995396,11.4380331039428711
18.5999999999999446,121.1999999999995339,10.9923191070556641
18.4999999999999432,120.6999999999995623,10.3846912384033203
18.4999999999999432,120.7999999999995566,9.8024282455444336
18.4999999999999432,120.8999999999995509,9.2771339416503906
18.4999999999999432,120.9999999999995453,8.8704900741577148
18.4999999999999432,121.0999999999995396,8.5239009857177734
18.4999999999999432,121.1999999999995339,8.2084846496582031
18.4999999999999432,121.2999999999995282,8.5019187927246094
18.4999999999999432,122.1999999999994770,13.2142686843872070
18.3999999999999417,120.5999999999995680,8.2539319992065430
18.3999999999999417,120.6999999999995623,7.8436179161071777
18.3999999999999417,120.7999999999995566,7.1800627708435059
18.3999999999999417,120.8999999999995509,6.6029782295227051
18.3999999999999417,120.9999999999995453,6.2071990966796875
18.3999999999999417,121.0999999999995396,5.9193315505981445
18.3999999999999417,121.1999999999995339,5.7075209617614746
18.3999999999999417,121.2999999999995282,6.2055077552795410
18.3999999999999417,121.3999999999995225,6.9832820892333984
18.3999999999999417,121.4999999999995168,7.5173606872558594
18.3999999999999417,121.5999999999995111,8.6026229858398438
18.3999999999999417,122.0999999999994827,12.6861362457275391
18.3999999999999417,122.1999999999994770,12.8360271453857422
18.3999999999999417,122.2999999999994714,12.8204793930053711
18.2999999999999403,120.6999999999995623,6.9021377563476562
18.2999999999999403,120.7999999999995566,6.3149037361145020
18.2999999999999403,120.8999999999995509,5.7551789283752441
18.2999999999999403,120.9999999999995453,5.3131690025329590
18.2999999999999403,121.0999999999995396,4.9451217651367188
18.2999999999999403,121.1999999999995339,4.6567802429199219
18.2999999999999403,121.2999999999995282,5.1058144569396973
18.2999999999999403,121.3999999999995225,5.7793393135070801
18.2999999999999403,121.4999999999995168,6.5255222320556641
18.2999999999999403,121.5999999999995111,7.4855494499206543
18.2999999999999403,121.6999999999995055,8.6336536407470703
18.2999999999999403,122.0999999999994827,10.7273950576782227
18.2999999999999403,122.1999999999994770,11.4279661178588867
18.2999999999999403,122.2999999999994714,11.9567241668701172
18.1999999999999389,120.4999999999995737,7.6041493415832520
18.1999999999999389,120.5999999999995680,7.1077289581298828
18.1999999999999389,120.6999999999995623,6.2615919113159180
18.1999999999999389,120.7999999999995566,5.7261686325073242
18.1999999999999389,120.8999999999995509,5.2232804298400879
18.1999999999999389,120.9999999999995453,4.6952848434448242
18.1999999999999389,121.0999999999995396,4.2840223312377930
18.1999999999999389,121.1999999999995339,3.9294936656951904
18.1999999999999389,121.2999999999995282,4.2029466629028320
18.1999999999999389,121.3999999999995225,4.7016673088073730
18.1999999999999389,121.4999999999995168,5.2252840995788574
18.1999999999999389,121.5999999999995111,5.9551362991333008
18.1999999999999389,121.6999999999995055,6.6985697746276855
18.1999999999999389,121.7999999999994998,7.4103899002075195
18.1999999999999389,121.8999999999994941,7.6556301116943359
18.1999999999999389,121.9999999999994884,7.8668751716613770
18.1999999999999389,122.0999999999994827,8.4100284576416016
18.1999999999999389,122.1999999999994770,9.7816343307495117
18.0999999999999375,120.4999999999995737,7.3978300094604492
18.0999999999999375,120.5999999999995680,6.7040996551513672
18.0999999999999375,120.6999999999995623,5.8944602012634277
18.0999999999999375,120.7999999999995566,5.3198270797729492
18.0999999999999375,120.8999999999995509,4.9122891426086426
18.0999999999999375,120.9999999999995453,4.3676185607910156
18.0999999999999375,121.0999999999995396,3.8946797847747803
18.0999999999999375,121.1999999999995339,3.4494359493255615
18.0999999999999375,121.2999999999995282,3.5933523178100586
18.0999999999999375,121.3999999999995225,3.8903794288635254
18.0999999999999375,121.4999999999995168,4.2287893295288086
18.0999999999999375,121.5999999999995111,4.6831583976745605
18.0999999999999375,121.6999999999995055,5.1812324523925781
18.0999999999999375,121.7999999999994998,5.6007189750671387
18.0999999999999375,121.8999999999994941,5.8315753936767578
18.0999999999999375,121.9999999999994884,6.0946660041809082
18.0999999999999375,122.0999999999994827,6.7635397911071777
18.0999999999999375,122.1999999999994770,7.6564307212829590
17.9999999999999361,120.5999999999995680,6.2678427696228027
17.9999999999999361,120.6999999999995623,5.7037234306335449
17.9999999999999361,120.7999999999995566,5.4236226081848145
17.9999999999999361,120.8999999999995509,5.1461625099182129
17.9999999999999361,120.9999999999995453,4.7097086906433105
17.9999999999999361,121.0999999999995396,4.2122883796691895
17.9999999999999361,121.1999999999995339,3.7566022872924805
17.9999999999999361,121.2999999999995282,3.7083292007446289
17.9999999999999361,121.3999999999995225,3.8112285137176514
17.9999999999999361,121.4999999999995168,3.9311280250549316
17.9999999999999361,121.5999999999995111,4.1919183731079102
17.9999999999999361,121.6999999999995055,4.4638104438781738
17.9999999999999361,121.7999999999994998,4.7524347305297852
17.9999999999999361,121.8999999999994941,5.0082716941833496
17.9999999999999361,121.9999999999994884,5.2687849998474121
17.9999999999999361,122.0999999999994827,6.0623898506164551
17.8999999999999346,120.4999999999995737,6.9250974655151367
17.8999999999999346,120.5999999999995680,5.9794874191284180
17.8999999999999346,120.6999999999995623,5.6895117759704590
17.8999999999999346,120.7999999999995566,5.5562343597412109
17.8999999999999346,120.8999999999995509,5.4303731918334961
17.8999999999999346,120.9999999999995453,5.0611100196838379
17.8999999999999346,121.0999999999995396,4.5383715629577637
17.8999999999999346,121.1999999999995339,4.0293741226196289
17.8999999999999346,121.2999999999995282,3.8440761566162109
17.8999999999999346,121.3999999999995225,3.7314767837524414
17.8999999999999346,121.4999999999995168,3.6588802337646484
17.8999999999999346,121.5999999999995111,3.6889834403991699
17.8999999999999346,121.6999999999995055,3.7532320022583008
17.8999999999999346,121.7999999999994998,3.8788070678710938
17.8999999999999346,121.8999999999994941,4.1888527870178223
17.8999999999999346,121.9999999999994884,4.5533914566040039
17.8999999999999346,122.0999999999994827,5.3635082244873047
17.7999999999999332,120.4999999999995737,6.9868469238281250
17.7999999999999332,120.5999999999995680,5.8685321807861328
17.7999999999999332,120.6999999999995623,5.5289192199707031
17.7999999999999332,120.7999999999995566,5.4832234382629395
17.7999999999999332,120.8999999999995509,5.4400944709777832
17.7999999999999332,120.9999999999995453,5.0698084831237793
17.7999999999999332,121.0999999999995396,4.4944744110107422
17.7999999999999332,121.1999999999995339,3.9755475521087646
17.7999999999999332,121.2999999999995282,3.6617345809936523
17.7999999999999332,121.3999999999995225,3.4089910984039307
17.7999999999999332,121.4999999999995168,3.1958134174346924
17.7999999999999332,121.5999999999995111,3.1220304965972900
17.7999999999999332,121.6999999999995055,3.0629281997680664
17.7999999999999332,121.7999999999994998,3.1192455291748047
17.7999999999999332,121.8999999999994941,3.5247108936309814
17.7999999999999332,121.9999999999994884,3.9704515933990479
17.7999999999999332,122.0999999999994827,4.9070539474487305
17.6999999999999318,120.3999999999995794,8.7192153930664062
17.6999999999999318,120.4999999999995737,7.3922119140625000
17.6999999999999318,120.5999999999995680,5.9963626861572266
17.6999999999999318,120.6999999999995623,5.3035564422607422
17.6999999999999318,120.7999999999995566,5.2931313514709473
17.6999999999999318,120.8999999999995509,5.3601279258728027
17.6999999999999318,120.9999999999995453,4.8478293418884277
17.6999999999999318,121.0999999999995396,4.1132082939147949
17.6999999999999318,121.1999999999995339,3.4813461303710938
17.6999999999999318,121.2999999999995282,3.0863833427429199
17.6999999999999318,121.3999999999995225,2.7879815101623535
17.6999999999999318,121.4999999999995168,2.6296482086181641
17.6999999999999318,121.5999999999995111,2.5465996265411377
17.6999999999999318,121.6999999999995055,2.4788942337036133
17.6999999999999318,121.7999999999994998,2.5320665836334229
17.6999999999999318,121.8999999999994941,3.0210502147674561
17.6999999999999318,121.9999999999994884,3.5999886989593506
17.6999999999999318,122.0999999999994827,4.5333218574523926
17.5999999999999304,120.3999999999995794,9.4242029190063477
17.5999999999999304,120.4999999999995737,7.7614450454711914
17.5999999999999304,120.5999999999995680,6.0986962318420410
17.5999999999999304,120.6999999999995623,5.2760763168334961
17.5999999999999304,120.7999999999995566,5.1876564025878906
17.5999999999999304,120.8999999999995509,5.3017163276672363
17.5999999999999304,120.9999999999995453,4.7207145690917969
17.5999999999999304,121.0999999999995396,3.8019013404846191
17.5999999999999304,121.1999999999995339,3.0233905315399170
17.5999999999999304,121.2999999999995282,2.5304765701293945
17.5999999999999304,121.3999999999995225,2.3138604164123535
17.5999999999999304,121.4999999999995168,2.3697628974914551
17.5999999999999304,121.5999999999995111,2.2746007442474365
17.5999999999999304,121.6999999999995055,2.1607234477996826
17.5999999999999304,121.7999999999994998,2.1745798587799072
17.5999999999999304,121.8999999999994941,2.6323788166046143
17.5999999999999304,121.9999999999994884,3.2820017337799072
17.5999999999999304,122.0999999999994827,4.2794675827026367
17.4999999999999289,120.4999999999995737,7.0597271919250488
17.4999999999999289,120.5999999999995680,5.5015740394592285
17.4999999999999289,120.6999999999995623,4.4253282546997070
17.4999999999999289,120.7999999999995566,4.4312968254089355
17.4999999999999289,120.8999999999995509,4.7415590286254883
17.4999999999999289,120.9999999999995453,4.2847652435302734
17.4999999999999289,121.0999999999995396,3.4414303302764893
17.4999999999999289,121.1999999999995339,2.6535911560058594
17.4999999999999289,121.2999999999995282,2.2255210876464844
17.4999999999999289,121.3999999999995225,2.0885865688323975
17.4999999999999289,121.4999999999995168,2.2895281314849854
17.4999999999999289,121.5999999999995111,2.2247638702392578
17.4999999999999289,121.6999999999995055,2.0940907001495361
17.4999999999999289,121.7999999999994998,2.0393395423889160
17.4999999999999289,121.8999999999994941,2.3807482719421387
17.4999999999999289,121.9999999999994884,3.0503184795379639
17.4999999999999289,122.0999999999994827,3.9696877002716064
17.3999999999999275,120.4999999999995737,5.6320495605468750
17.3999999999999275,120.5999999999995680,4.3845834732055664
17.3999999999999275,120.6999999999995623,3.6287333965301514
17.3999999999999275,120.7999999999995566,3.3412172794342041
17.3999999999999275,120.8999999999995509,3.8635072708129883
17.3999999999999275,120.9999999999995453,3.7331240177154541
17.3999999999999275,121.0999999999995396,3.0922996997833252
17.3999999999999275,121.1999999999995339,2.4484732151031494
17.3999999999999275,121.2999999999995282,2.0855317115783691
17.3999999999999275,121.3999999999995225,1.9540908336639404
17.3999999999999275,121.4999999999995168,2.2847740650177002
17.3999999999999275,121.5999999999995111,2.1834449768066406
17.3999999999999275,121.6999999999995055,2.1021344661712646
17.3999999999999275,121.7999999999994998,2.0680463314056396
17.3999999999999275,121.8999999999994941,2.3055315017700195
17.3999999999999275,121.9999999999994884,2.8843469619750977
17.3999999999999275,122.0999999999994827,3.7409999370574951
17.3999999999999275,122.1999999999994770,4.6727857589721680
17.2999999999999261,120.4999999999995737,4.0546445846557617
17.2999999999999261,120.5999999999995680,3.2696981430053711
17.2999999999999261,120.6999999999995623,2.7945713996887207
17.2999999999999261,120.7999999999995566,2.7908980846405029
17.2999999999999261,120.8999999999995509,3.3359754085540771
17.2999999999999261,120.9999999999995453,3.3924026489257812
17.2999999999999261,121.0999999999995396,2.8410387039184570
17.2999999999999261,121.1999999999995339,2.3250236511230469
17.2999999999999261,121.2999999999995282,1.9675967693328857
17.2999999999999261,121.3999999999995225,1.9034591913223267
17.2999999999999261,121.4999999999995168,2.1589210033416748
17.2999999999999261,121.5999999999995111,2.1962575912475586
17.2999999999999261,121.6999999999995055,2.1587588787078857
17.2999999999999261,121.7999999999994998,2.1417310237884521
17.2999999999999261,121.8999999999994941,2.3259592056274414
17.2999999999999261,121.9999999999994884,2.8123617172241211
17.2999999999999261,122.0999999999994827,3.5590798854827881
17.2999999999999261,122.1999999999994770,4.2883181571960449
17.2999999999999261,122.2999999999994714,5.0318474769592285
17.1999999999999247,120.4999999999995737,3.3422095775604248
17.1999999999999247,120.5999999999995680,2.3121738433837891
17.1999999999999247,120.6999999999995623,2.2692801952362061
17.1999999999999247,120.7999999999995566,2.4117012023925781
17.1999999999999247,120.8999999999995509,3.2605059146881104
17.1999999999999247,120.9999999999995453,3.3560132980346680
17.1999999999999247,121.0999999999995396,2.8000097274780273
17.1999999999999247,121.1999999999995339,2.2912929058074951
17.1999999999999247,121.2999999999995282,1.9864730834960938
17.1999999999999247,121.3999999999995225,1.9740601778030396
17.1999999999999247,121.4999999999995168,2.2492997646331787
17.1999999999999247,121.5999999999995111,2.3280889987945557
17.1999999999999247,121.6999999999995055,2.3989415168762207
17.1999999999999247,121.7999999999994998,2.4547882080078125
17.1999999999999247,121.8999999999994941,2.6001448631286621
17.1999999999999247,121.9999999999994884,3.0346653461456299
17.1999999999999247,122.0999999999994827,3.6808555126190186
17.1999999999999247,122.1999999999994770,4.1817855834960938
17.1999999999999247,122.2999999999994714,4.7310304641723633
17.1999999999999247,122.3999999999994657,5.4760818481445312
17.0999999999999233,120.4999999999995737,3.7445476055145264
17.0999999999999233,120.5999999999995680,2.1882498264312744
17.0999999999999233,120.6999999999995623,1.9530988931655884
17.0999999999999233,120.7999999999995566,2.1329157352447510
17.0999999999999233,120.8999999999995509,3.2921600341796875
17.0999999999999233,120.9999999999995453,3.4299798011779785
17.0999999999999233,121.0999999999995396,2.8409302234649658
17.0999999999999233,121.1999999999995339,2.3201923370361328
17.0999999999999233,121.2999999999995282,2.0620059967041016
17.0999999999999233,121.3999999999995225,2.1074535846710205
17.0999999999999233,121.4999999999995168,2.3343157768249512
17.0999999999999233,121.5999999999995111,2.5448806285858154
17.0999999999999233,121.6999999999995055,2.7350437641143799
17.0999999999999233,121.7999999999994998,2.8908829689025879
17.0999999999999233,121.8999999999994941,3.0281770229339600
17.0999999999999233,121.9999999999994884,3.3817856311798096
17.0999999999999233,122.0999999999994827,3.8923704624176025
17.0999999999999233,122.1999999999994770,4.1305594444274902
17.0999999999999233,122.2999999999994714,4.3769593238830566
17.0999999999999233,122.3999999999994657,5.7658114433288574
17.0999999999999233,122.4999999999994600,7.9645543098449707
16.9999999999999218,120.4999999999995737,4.2105073928833008
16.9999999999999218,120.5999999999995680,2.4264714717864990
16.9999999999999218,120.6999999999995623,1.8411986827850342
16.9999999999999218,120.7999999999995566,2.1586778163909912
16.9999999999999218,120.8999999999995509,3.4021534919738770
16.9999999999999218,120.9999999999995453,3.4526047706604004
16.9999999999999218,121.0999999999995396,2.8247342109680176
16.9999999999999218,121.1999999999995339,2.2752773761749268
16.9999999999999218,121.2999999999995282,2.1649780273437500
16.9999999999999218,121.3999999999995225,2.2950809001922607
16.9999999999999218,121.4999999999995168,2.5009992122650146
16.9999999999999218,121.5999999999995111,2.7721738815307617
16.9999999999999218,121.6999999999995055,3.0567374229431152
16.9999999999999218,121.7999999999994998,3.2466318607330322
16.9999999999999218,121.8999999999994941,3.3587937355041504
16.9999999999999218,121.9999999999994884,3.6373870372772217
16.9999999999999218,122.0999999999994827,4.0086035728454590
16.9999999999999218,122.1999999999994770,4.0716295242309570
16.9999999999999218,122.2999999999994714,4.1967415809631348
16.9999999999999218,122.3999999999994657,5.5393872261047363
16.8999999999999204,120.3999999999995794,4.6080098152160645
16.8999999999999204,120.4999999999995737,3.3811788558959961
16.8999999999999204,120.5999999999995680,1.6431057453155518
16.8999999999999204,120.6999999999995623,1.8333425521850586
16.8999999999999204,120.7999999999995566,2.2586188316345215
16.8999999999999204,120.8999999999995509,3.2224004268646240
16.8999999999999204,120.9999999999995453,3.2310760021209717
16.8999999999999204,121.0999999999995396,2.5624496936798096
16.8999999999999204,121.1999999999995339,2.0494155883789062
16.8999999999999204,121.2999999999995282,2.2310864925384521
16.8999999999999204,121.3999999999995225,2.5106661319732666
16.8999999999999204,121.4999999999995168,2.7897822856903076
16.8999999999999204,121.5999999999995111,3.0194365978240967
16.8999999999999204,121.6999999999995055,3.2528560161590576
16.8999999999999204,121.7999999999994998,3.4108593463897705
16.8999999999999204,121.8999999999994941,3.3254940509796143
16.8999999999999204,121.9999999999994884,3.4768826961517334
16.8999999999999204,122.0999999999994827,3.7443735599517822
16.8999999999999204,122.1999999999994770,3.8600282669067383
16.8999999999999204,122.2999999999994714,3.9800963401794434
16.8999999999999204,122.3999999999994657,5.5502319335937500
16.7999999999999190,120.3999999999995794,3.8400585651397705
16.7999999999999190,120.4999999999995737,2.3204152584075928
16.7999999999999190,120.5999999999995680,1.3779755830764771
16.7999999999999190,120.6999999999995623,1.8947801589965820
16.7999999999999190,120.7999999999995566,2.3928604125976562
16.7999999999999190,120.8999999999995509,3.1837105751037598
16.7999999999999190,120.9999999999995453,2.9752650260925293
16.7999999999999190,121.0999999999995396,2.2826514244079590
16.7999999999999190,121.1999999999995339,2.0090634822845459
16.7999999999999190,121.2999999999995282,2.3076512813568115
16.7999999999999190,121.3999999999995225,2.7314965724945068
16.7999999999999190,121.4999999999995168,3.1336371898651123
16.7999999999999190,121.5999999999995111,3.2716898918151855
16.7999999999999190,121.6999999999995055,3.5756282806396484
16.7999999999999190,121.7999999999994998,3.7250671386718750
16.7999999999999190,121.8999999999994941,3.3958697319030762
16.7999999999999190,121.9999999999994884,3.2592427730560303
16.7999999999999190,122.0999999999994827,3.3777945041656494
16.7999999999999190,122.1999999999994770,3.6178691387176514
16.7999999999999190,122.2999999999994714,4.0791702270507812
16.7999999999999190,122.3999999999994657,5.0508508682250977
16.6999999999999176,120.3999999999995794,2.6706695556640625
16.6999999999999176,120.4999999999995737,1.5240312814712524
16.6999999999999176,120.5999999999995680,1.4315532445907593
16.6999999999999176,120.6999999999995623,2.0575454235076904
16.6999999999999176,120.7999999999995566,2.5274970531463623
16.6999999999999176,120.8999999999995509,3.0523803234100342
16.6999999999999176,120.9999999999995453,2.8262083530426025
16.6999999999999176,121.0999999999995396,2.3115215301513672
16.6999999999999176,121.1999999999995339,2.0763020515441895
16.6999999999999176,121.2999999999995282,2.4496431350708008
16.6999999999999176,121.3999999999995225,2.9235694408416748
16.6999999999999176,121.4999999999995168,3.2931280136108398
16.6999999999999176,121.5999999999995111,3.4376568794250488
16.6999999999999176,121.6999999999995055,3.7197828292846680
16.6999999999999176,121.7999999999994998,3.8456501960754395
16.6999999999999176,121.8999999999994941,3.4350819587707520
16.6999999999999176,121.9999999999994884,3.1860597133636475
16.6999999999999176,122.0999999999994827,3.3212943077087402
16.6999999999999176,122.1999999999994770,3.7957279682159424
16.6999999999999176,122.2999999999994714,4.5746588706970215
16.5999999999999162,120.2999999999995850,2.5302274227142334
16.5999999999999162,120.3999999999995794,3.1444382667541504
16.5999999999999162,120.4999999999995737,1.5600855350494385
16.5999999999999162,120.5999999999995680,1.5571368932723999
16.5999999999999162,120.6999999999995623,2.1819314956665039
16.5999999999999162,120.7999999999995566,2.7095656394958496
16.5999999999999162,120.8999999999995509,3.2816259860992432
16.5999999999999162,120.9999999999995453,3.0329315662384033
16.5999999999999162,121.0999999999995396,2.6541817188262939
16.5999999999999162,121.1999999999995339,2.6012418270111084
16.5999999999999162,121.2999999999995282,2.8034253120422363
16.5999999999999162,121.3999999999995225,3.0637230873107910
16.5999999999999162,121.4999999999995168,3.2815778255462646
16.5999999999999162,121.5999999999995111,3.1541662216186523
16.5999999999999162,121.6999999999995055,3.1944687366485596
16.5999999999999162,121.7999999999994998,3.2676546573638916
16.5999999999999162,121.8999999999994941,3.2669646739959717
16.5999999999999162,121.9999999999994884,3.5193011760711670
16.5999999999999162,122.0999999999994827,4.1823740005493164
16.5999999999999162,122.1999999999994770,5.2081313133239746
16.5999999999999162,122.2999999999994714,6.0081477165222168
16.4999999999999147,120.2999999999995850,3.3587927818298340
16.4999999999999147,120.3999999999995794,3.1721348762512207
16.4999999999999147,120.4999999999995737,1.6403149366378784
16.4999999999999147,120.5999999999995680,1.7955353260040283
16.4999999999999147,120.6999999999995623,2.5039649009704590
16.4999999999999147,120.7999999999995566,3.0202796459197998
16.4999999999999147,120.8999999999995509,3.6036927700042725
16.4999999999999147,120.9999999999995453,3.4236373901367188
16.4999999999999147,121.0999999999995396,3.0716679096221924
16.4999999999999147,121.1999999999995339,3.1583652496337891
16.4999999999999147,121.2999999999995282,3.2319350242614746
16.4999999999999147,121.3999999999995225,3.2530951499938965
16.4999999999999147,121.4999999999995168,3.1856935024261475
16.4999999999999147,121.5999999999995111,2.8846704959869385
16.4999999999999147,121.6999999999995055,2.7219741344451904
16.4999999999999147,121.7999999999994998,2.6555302143096924
16.4999999999999147,121.8999999999994941,3.0352222919464111
16.4999999999999147,121.9999999999994884,3.8601839542388916
16.4999999999999147,122.0999999999994827,5.1104688644409180
16.4999999999999147,122.1999999999994770,6.7134490013122559
16.3999999999999133,120.3999999999995794,3.3252704143524170
16.3999999999999133,120.4999999999995737,1.8901163339614868
16.3999999999999133,120.5999999999995680,1.9685959815979004
16.3999999999999133,120.6999999999995623,2.7007875442504883
16.3999999999999133,120.7999999999995566,3.3343977928161621
16.3999999999999133,120.8999999999995509,4.0126891136169434
16.3999999999999133,120.9999999999995453,3.8780405521392822
16.3999999999999133,121.0999999999995396,3.4668526649475098
16.3999999999999133,121.1999999999995339,3.5992822647094727
16.3999999999999133,121.2999999999995282,3.5605285167694092
16.3999999999999133,121.3999999999995225,3.3966045379638672
16.3999999999999133,121.4999999999995168,3.1972565650939941
16.3999999999999133,121.5999999999995111,2.7933628559112549
16.3999999999999133,121.6999999999995055,2.5924766063690186
16.3999999999999133,121.7999999999994998,2.6554367542266846
16.3999999999999133,121.8999999999994941,3.5022833347320557
16.3999999999999133,121.9999999999994884,4.7857813835144043
16.3999999999999133,122.0999999999994827,6.4370908737182617
16.3999999999999133,122.1999999999994770,8.0522050857543945
16.2999999999999119,119.7999999999996135,6.8069972991943359
16.2999999999999119,120.3999999999995794,4.3723382949829102
16.2999999999999119,120.4999999999995737,2.9185531139373779
16.2999999999999119,120.5999999999995680,2.0912127494812012
16.2999999999999119,120.6999999999995623,2.7983489036560059
16.2999999999999119,120.7999999999995566,3.5380172729492188
16.2999999999999119,120.8999999999995509,4.2760200500488281
16.2999999999999119,120.9999999999995453,4.2605919837951660
16.2999999999999119,121.0999999999995396,3.8875579833984375
16.2999999999999119,121.1999999999995339,3.9548056125640869
16.2999999999999119,121.2999999999995282,3.7600753307342529
16.2999999999999119,121.3999999999995225,3.4237909317016602
16.2999999999999119,121.4999999999995168,3.1319828033447266
16.2999999999999119,121.5999999999995111,2.9374961853027344
16.2999999999999119,121.6999999999995055,2.9747104644775391
16.2999999999999119,121.7999999999994998,3.3272643089294434
16.2999999999999119,121.8999999999994941,4.8341550827026367
16.2999999999999119,121.9999999999994884,6.5847845077514648
16.2999999999999119,122.0999999999994827,8.3629417419433594
16.1999999999999105,119.7999999999996135,6.5034694671630859
16.1999999999999105,119.8999999999996078,7.0891761779785156
16.1999999999999105,119.9999999999996021,7.6566305160522461
16.1999999999999105,120.4999999999995737,3.9467909336090088
16.1999999999999105,120.5999999999995680,2.4209365844726562
16.1999999999999105,120.6999999999995623,2.9402599334716797
16.1999999999999105,120.7999999999995566,3.7418882846832275
16.1999999999999105,120.8999999999995509,4.5655570030212402
16.1999999999999105,120.9999999999995453,4.6328582763671875
16.1999999999999105,121.0999999999995396,4.3164529800415039
16.1999999999999105,121.1999999999995339,4.2077784538269043
16.1999999999999105,121.2999999999995282,3.9586927890777588
16.1999999999999105,121.3999999999995225,3.4663915634155273
16.1999999999999105,121.4999999999995168,3.0200784206390381
16.1999999999999105,121.5999999999995111,3.1202578544616699
16.1999999999999105,121.6999999999995055,3.3984773159027100
16.1999999999999105,121.7999999999994998,4.2604670524597168
16.1999999999999105,121.8999999999994941,6.1605048179626465
16.1999999999999105,121.9999999999994884,8.3671045303344727
16.0999999999999091,119.7999999999996135,6.6044144630432129
16.0999999999999091,119.8999999999996078,6.8330636024475098
16.0999999999999091,119.9999999999996021,7.2770376205444336
16.0999999999999091,120.4999999999995737,4.3300504684448242
16.0999999999999091,120.5999999999995680,2.6585688591003418
16.0999999999999091,120.6999999999995623,3.2556300163269043
16.0999999999999091,120.7999999999995566,3.9624695777893066
16.0999999999999091,120.8999999999995509,4.8372926712036133
16.0999999999999091,120.9999999999995453,4.9733214378356934
16.0999999999999091,121.0999999999995396,4.6868090629577637
16.0999999999999091,121.1999999999995339,4.4562258720397949
16.0999999999999091,121.2999999999995282,4.0738196372985840
16.0999999999999091,121.3999999999995225,3.5927319526672363
16.0999999999999091,121.4999999999995168,3.3057832717895508
16.0999999999999091,121.5999999999995111,3.8137702941894531
16.0999999999999091,121.6999999999995055,4.5360779762268066
15.9999999999999094,119.7999999999996135,7.1346254348754883
15.9999999999999094,119.8999999999996078,6.7011847496032715
15.9999999999999094,119.9999999999996021,6.3298778533935547
15.9999999999999094,120.0999999999995964,6.4418263435363770
15.9999999999999094,120.1999999999995907,6.1191754341125488
15.9999999999999094,120.2999999999995850,5.8463554382324219
15.9999999999999094,120.3999999999995794,5.4667758941650391
15.9999999999999094,120.4999999999995737,4.1395545005798340
15.9999999999999094,120.5999999999995680,3.0963222980499268
15.9999999999999094,120.6999999999995623,3.7504727840423584
15.9999999999999094,120.7999999999995566,4.3392043113708496
15.9999999999999094,120.8999999999995509,5.1050243377685547
15.9999999999999094,120.9999999999995453,5.2893900871276855
15.9999999999999094,121.0999999999995396,5.0502848625183105
15.9999999999999094,121.1999999999995339,4.8032660484313965
15.9999999999999094,121.2999999999995282,4.4219098091125488
15.9999999999999094,121.3999999999995225,3.9615142345428467
15.9999999999999094,121.4999999999995168,3.5894818305969238
15.9999999999999094,121.5999999999995111,4.7413144111633301
15.8999999999999098,119.9999999999996021,5.5356707572937012
15.8999999999999098,120.0999999999995964,5.3506164550781250
15.8999999999999098,120.1999999999995907,5.0339574813842773
15.8999999999999098,120.2999999999995850,4.9204530715942383
15.8999999999999098,120.3999999999995794,4.7636184692382812
15.8999999999999098,120.4999999999995737,3.9558169841766357
15.8999999999999098,120.5999999999995680,4.2118787765502930
15.8999999999999098,120.6999999999995623,4.4759635925292969
15.8999999999999098,120.7999999999995566,4.7749996185302734
15.8999999999999098,120.8999999999995509,5.3458909988403320
15.8999999999999098,120.9999999999995453,5.5934934616088867
15.8999999999999098,121.0999999999995396,5.4087572097778320
15.8999999999999098,121.1999999999995339,5.2306394577026367
15.8999999999999098,121.2999999999995282,4.8738698959350586
15.8999999999999098,121.3999999999995225,4.4848923683166504
15.8999999999999098,121.4999999999995168,4.4274029731750488
15.8999999999999098,121.5999999999995111,5.0136065483093262
15.7999999999999101,119.9999999999996021,4.5754213333129883
15.7999999999999101,120.0999999999995964,4.7944507598876953
15.7999999999999101,120.1999999999995907,4.8640007972717285
15.7999999999999101,120.2999999999995850,4.8016309738159180
15.7999999999999101,120.3999999999995794,4.7636189460754395
15.7999999999999101,120.4999999999995737,4.8401727676391602
15.7999999999999101,120.5999999999995680,4.9559025764465332
15.7999999999999101,120.6999999999995623,5.0785541534423828
15.7999999999999101,120.7999999999995566,5.2371325492858887
15.7999999999999101,120.8999999999995509,5.4745273590087891
15.7999999999999101,120.9999999999995453,5.5894742012023926
15.7999999999999101,121.0999999999995396,5.3508749008178711
15.7999999999999101,121.1999999999995339,5.1199717521667480
15.7999999999999101,121.2999999999995282,4.8950095176696777
15.7999999999999101,121.3999999999995225,4.6775455474853516
15.7999999999999101,121.4999999999995168,4.5551681518554688
15.6999999999999105,119.9999999999996021,4.0314078330993652
15.6999999999999105,120.0999999999995964,4.5823197364807129
15.6999999999999105,120.1999999999995907,4.8839526176452637
15.6999999999999105,120.2999999999995850,5.1304731369018555
15.6999999999999105,120.3999999999995794,5.3047547340393066
15.6999999999999105,120.4999999999995737,5.3978285789489746
15.6999999999999105,120.5999999999995680,5.5188350677490234
15.6999999999999105,120.6999999999995623,5.5983624458312988
15.6999999999999105,120.7999999999995566,5.6055426597595215
15.6999999999999105,120.8999999999995509,5.6397194862365723
15.6999999999999105,120.9999999999995453,5.4245572090148926
15.6999999999999105,121.0999999999995396,5.0831060409545898
15.6999999999999105,121.1999999999995339,4.7420201301574707
15.6999999999999105,121.2999999999995282,4.6563606262207031
15.6999999999999105,121.3999999999995225,4.6783313751220703
15.6999999999999105,121.4999999999995168,5.0861601829528809
15.5999999999999108,119.9999999999996021,3.7904422283172607
15.5999999999999108,120.0999999999995964,4.4111366271972656
15.5999999999999108,120.1999999999995907,4.9822082519531250
15.5999999999999108,120.2999999999995850,5.4739813804626465
15.5999999999999108,120.3999999999995794,5.8455619812011719
15.5999999999999108,120.4999999999995737,5.9258508682250977
15.5999999999999108,120.5999999999995680,6.0197401046752930
15.5999999999999108,120.6999999999995623,6.0219964981079102
15.5999999999999108,120.7999999999995566,5.9089465141296387
15.5999999999999108,120.8999999999995509,5.8257136344909668
15.5999999999999108,120.9999999999995453,5.3570981025695801
15.5999999999999108,121.0999999999995396,4.9458394050598145
15.5999999999999108,121.1999999999995339,4.6308908462524414
15.5999999999999108,121.2999999999995282,4.6898303031921387
15.5999999999999108,121.3999999999995225,4.9464435577392578
15.5999999999999108,121.4999999999995168,5.4670953750610352
15.4999999999999112,119.9999999999996021,3.8205940723419189
15.4999999999999112,120.0999999999995964,4.6289381980895996
15.4999999999999112,120.1999999999995907,5.2476396560668945
15.4999999999999112,120.2999999999995850,5.8054127693176270
15.4999999999999112,120.3999999999995794,6.1825170516967773
15.4999999999999112,120.4999999999995737,6.1778573989868164
15.4999999999999112,120.5999999999995680,6.1586642265319824
15.4999999999999112,120.6999999999995623,6.0851926803588867
15.4999999999999112,120.7999999999995566,5.9424033164978027
15.4999999999999112,120.8999999999995509,5.7886366844177246
15.4999999999999112,120.9999999999995453,5.4951701164245605
15.4999999999999112,121.0999999999995396,5.3219547271728516
15.4999999999999112,121.1999999999995339,5.2240705490112305
15.4999999999999112,121.2999999999995282,5.6637134552001953
15.4999999999999112,121.3999999999995225,6.2783007621765137
15.4999999999999112,121.4999999999995168,6.8145780563354492
15.3999999999999115,119.8999999999996078,3.6297397613525391
15.3999999999999115,119.9999999999996021,3.9250118732452393
15.3999999999999115,120.0999999999995964,5.0015854835510254
15.3999999999999115,120.1999999999995907,5.6065053939819336
15.3999999999999115,120.2999999999995850,6.1744089126586914
15.3999999999999115,120.3999999999995794,6.5285620689392090
15.3999999999999115,120.4999999999995737,6.3824415206909180
15.3999999999999115,120.5999999999995680,6.2012553215026855
15.3999999999999115,120.6999999999995623,6.0444674491882324
15.3999999999999115,120.7999999999995566,5.8902683258056641
15.3999999999999115,120.8999999999995509,5.7394580841064453
15.3999999999999115,120.9999999999995453,5.6410727500915527
15.3999999999999115,121.0999999999995396,5.8382353782653809
15.3999999999999115,121.1999999999995339,6.1621351242065430
15.3999999999999115,121.2999999999995282,6.9557428359985352
15.2999999999999119,119.9999999999996021,4.3959984779357910
15.2999999999999119,120.0999999999995964,5.4722385406494141
15.2999999999999119,120.1999999999995907,6.0138702392578125
15.2999999999999119,120.2999999999995850,6.4749131202697754
15.2999999999999119,120.3999999999995794,6.7582278251647949
15.2999999999999119,120.4999999999995737,6.5451502799987793
15.2999999999999119,120.5999999999995680,6.2997736930847168
15.2999999999999119,120.6999999999995623,6.1001539230346680
15.2999999999999119,120.7999999999995566,5.9491672515869141
15.2999999999999119,120.8999999999995509,5.8181395530700684
15.2999999999999119,120.9999999999995453,5.8652544021606445
15.2999999999999119,121.0999999999995396,6.2770934104919434
15.2999999999999119,121.1999999999995339,6.7505979537963867
15.2999999999999119,121.2999999999995282,7.8232378959655762
15.2999999999999119,121.3999999999995225,8.9218549728393555
15.1999999999999122,120.0999999999995964,5.9310469627380371
15.1999999999999122,120.1999999999995907,6.2889218330383301
15.1999999999999122,120.2999999999995850,6.5729408264160156
15.1999999999999122,120.3999999999995794,6.7209653854370117
15.1999999999999122,120.4999999999995737,6.6231236457824707
15.1999999999999122,120.5999999999995680,6.5290145874023438
15.1999999999999122,120.6999999999995623,6.4510445594787598
15.1999999999999122,120.7999999999995566,6.3613371849060059
15.1999999999999122,120.8999999999995509,6.2709889411926270
15.1999999999999122,120.9999999999995453,6.2609400749206543
15.1999999999999122,121.0999999999995396,6.4644060134887695
15.1999999999999122,121.1999999999995339,6.7580409049987793
15.1999999999999122,121.2999999999995282,7.5470719337463379
15.0999999999999126,120.0999999999995964,6.4012126922607422
15.0999999999999126,120.1999999999995907,6.5707235336303711
15.0999999999999126,120.2999999999995850,6.6432099342346191
15.0999999999999126,120.3999999999995794,6.7226395606994629
15.0999999999999126,120.4999999999995737,6.8235726356506348
15.0999999999999126,120.5999999999995680,6.9468226432800293
15.0999999999999126,120.6999999999995623,6.9753332138061523
15.0999999999999126,120.7999999999995566,6.9184813499450684
15.0999999999999126,120.8999999999995509,6.8510665893554688
15.0999999999999126,120.9999999999995453,6.6653232574462891
15.0999999999999126,121.0999999999995396,6.6324911117553711
15.0999999999999126,121.1999999999995339,6.6615028381347656
15.0999999999999126,121.2999999999995282,7.2032823562622070
15.0999999999999126,121.3999999999995225,7.8916978836059570
14.9999999999999130,120.0999999999995964,7.0948762893676758
14.9999999999999130,120.1999999999995907,6.9302616119384766
14.9999999999999130,120.2999999999995850,6.8645105361938477
14.9999999999999130,120.3999999999995794,6.8911547660827637
14.9999999999999130,120.4999999999995737,7.1040883064270020
14.9999999999999130,120.5999999999995680,7.3013558387756348
14.9999999999999130,120.6999999999995623,7.4696397781372070
14.9999999999999130,120.7999999999995566,7.3652935028076172
14.9999999999999130,120.8999999999995509,7.2616844177246094
14.9999999999999130,120.9999999999995453,6.9709529876708984
14.9999999999999130,121.0999999999995396,6.7876181602478027
14.9999999999999130,121.1999999999995339,6.6597142219543457
14.9999999999999130,121.2999999999995282,6.8402953147888184
14.9999999999999130,121.3999999999995225,7.2093534469604492
14.9999999999999130,121.4999999999995168,7.7193613052368164
14.9999999999999130,121.8999999999994941,13.4927177429199219
14.9999999999999130,121.9999999999994884,13.8327398300170898
14.8999999999999133,120.0999999999995964,7.9011945724487305
14.8999999999999133,120.1999999999995907,7.6581358909606934
14.8999999999999133,120.2999999999995850,7.3892154693603516
14.8999999999999133,120.3999999999995794,7.3857736587524414
14.8999999999999133,120.4999999999995737,7.5926847457885742
14.8999999999999133,120.7999999999995566,7.5692605972290039
14.8999999999999133,120.8999999999995509,7.2925310134887695
14.8999999999999133,120.9999999999995453,7.0811247825622559
14.8999999999999133,121.0999999999995396,6.8450336456298828
14.8999999999999133,121.1999999999995339,6.6337680816650391
14.8999999999999133,121.2999999999995282,6.5610971450805664
14.8999999999999133,121.3999999999995225,6.5266470909118652
14.8999999999999133,121.4999999999995168,7.1718697547912598
14.8999999999999133,121.8999999999994941,13.4373426437377930
14.8999999999999133,121.9999999999994884,13.6215419769287109
14.7999999999999137,120.1999999999995907,8.5645847320556641
14.7999999999999137,120.2999999999995850,7.8794188499450684
14.7999999999999137,120.3999999999995794,7.9146537780761719
14.7999999999999137,120.4999999999995737,8.0929336547851562
14.7999999999999137,120.8999999999995509,7.4487810134887695
14.7999999999999137,120.9999999999995453,7.2007770538330078
14.7999999999999137,121.0999999999995396,6.9083333015441895
14.7999999999999137,121.1999999999995339,6.6151380538940430
14.7999999999999137,121.2999999999995282,6.2396225929260254
14.7999999999999137,121.3999999999995225,5.8728098869323730
14.7999999999999137,121.4999999999995168,6.4475679397583008
14.7999999999999137,121.5999999999995111,8.3690299987792969
14.7999999999999137,121.8999999999994941,13.4185848236083984
14.7999999999999137,121.9999999999994884,13.7513332366943359
14.7999999999999137,122.1999999999994770,14.2133369445800781
14.6999999999999140,120.2999999999995850,8.5831584930419922
14.6999999999999140,120.3999999999995794,8.7970752716064453
14.6999999999999140,120.4999999999995737,8.8609933853149414
14.6999999999999140,120.9999999999995453,7.3870363235473633
14.6999999999999140,121.0999999999995396,7.1384000778198242
14.6999999999999140,121.1999999999995339,6.8951711654663086
14.6999999999999140,121.2999999999995282,6.3138689994812012
14.6999999999999140,121.3999999999995225,5.9835553169250488
14.6999999999999140,121.4999999999995168,6.5054478645324707
14.6999999999999140,121.5999999999995111,8.1806726455688477
14.6999999999999140,121.9999999999994884,13.7405862808227539
14.6999999999999140,122.3999999999994657,13.9190273284912109
14.5999999999999144,120.3999999999995794,10.0200767517089844
14.5999999999999144,120.4999999999995737,9.8880338668823242
14.5999999999999144,120.5999999999995680,9.8618555068969727
14.5999999999999144,120.9999999999995453,7.6563849449157715
14.5999999999999144,121.0999999999995396,7.5304117202758789
14.5999999999999144,121.1999999999995339,7.3450932502746582
14.5999999999999144,121.2999999999995282,6.7739162445068359
14.5999999999999144,121.3999999999995225,6.6641650199890137
14.5999999999999144,121.4999999999995168,6.8934812545776367
14.5999999999999144,121.5999999999995111,8.7889900207519531
14.4999999999999147,120.4999999999995737,10.8228960037231445
14.4999999999999147,120.5999999999995680,10.5284280776977539
14.4999999999999147,121.0999999999995396,7.9801363945007324
14.4999999999999147,121.1999999999995339,7.8771581649780273
14.4999999999999147,121.2999999999995282,7.2906827926635742
14.4999999999999147,121.3999999999995225,7.3138680458068848
14.4999999999999147,121.4999999999995168,7.6327586174011230
14.4999999999999147,121.5999999999995111,8.8936767578125000
14.3999999999999151,120.7999999999995566,8.6553297042846680
14.3999999999999151,120.8999999999995509,8.1327791213989258
14.3999999999999151,120.9999999999995453,7.9956321716308594
14.3999999999999151,121.2999999999995282,6.8629765510559082
14.3999999999999151,121.4999999999995168,7.1883893013000488
14.3999999999999151,121.5999999999995111,9.1249456405639648
14.3999999999999151,121.6999999999995055,10.7413606643676758
14.2999999999999154,120.6999999999995623,9.2254428863525391
14.2999999999999154,120.7999999999995566,8.6720352172851562
14.2999999999999154,120.8999999999995509,8.0246543884277344
14.2999999999999154,120.9999999999995453,7.6012797355651855
14.2999999999999154,121.0999999999995396,7.3314075469970703
14.2999999999999154,121.4999999999995168,6.7318696975708008
14.2999999999999154,121.5999999999995111,8.6429681777954102
14.2999999999999154,121.6999999999995055,11.4097404479980469
14.2999999999999154,122.4999999999994600,9.2346591949462891
14.2999999999999154,122.6999999999994486,9.1887683868408203
14.1999999999999158,120.5999999999995680,9.9350280761718750
14.1999999999999158,120.6999999999995623,9.1387557983398438
14.1999999999999158,120.7999999999995566,8.4736413955688477
14.1999999999999158,120.8999999999995509,7.8149151802062988
14.1999999999999158,120.9999999999995453,7.3068537712097168
14.1999999999999158,121.0999999999995396,6.8924040794372559
14.1999999999999158,121.3999999999995225,5.6295423507690430
14.1999999999999158,121.4999999999995168,5.9546937942504883
14.1999999999999158,121.5999999999995111,8.2709484100341797
14.1999999999999158,121.6999999999995055,11.2893686294555664
14.1999999999999158,121.9999999999994884,12.2448682785034180
14.1999999999999158,122.3999999999994657,7.3229455947875977
14.1999999999999158,122.4999999999994600,7.3200287818908691
14.1999999999999158,122.5999999999994543,7.0540437698364258
14.1999999999999158,122.6999999999994486,6.9719481468200684
14.1999999999999158,122.7999999999994429,7.2015781402587891
14.1999999999999158,122.8999999999994373,7.4255304336547852
14.0999999999999162,120.5999999999995680,9.6657905578613281
14.0999999999999162,120.6999999999995623,9.2319431304931641
14.0999999999999162,120.7999999999995566,8.6198186874389648
14.0999999999999162,120.8999999999995509,8.0168170928955078
14.0999999999999162,120.9999999999995453,7.4118032455444336
14.0999999999999162,121.0999999999995396,6.8000302314758301
14.0999999999999162,121.1999999999995339,6.1881814002990723
14.0999999999999162,121.2999999999995282,5.7296986579895020
14.0999999999999162,121.3999999999995225,5.5686821937561035
14.0999999999999162,121.4999999999995168,6.2768778800964355
14.0999999999999162,121.5999999999995111,8.5658321380615234
14.0999999999999162,121.6999999999995055,11.2606124877929688
14.0999999999999162,121.7999999999994998,13.3536367416381836
14.0999999999999162,122.0999999999994827,9.6234626770019531
14.0999999999999162,122.2999999999994714,7.4431324005126953
14.0999999999999162,122.3999999999994657,6.7729387283325195
14.0999999999999162,122.4999999999994600,6.5192012786865234
14.0999999999999162,122.5999999999994543,6.3725037574768066
14.0999999999999162,122.6999999999994486,6.4098224639892578
14.0999999999999162,122.7999999999994429,6.5030841827392578
14.0999999999999162,122.8999999999994373,7.0367832183837891
14.0999999999999162,122.9999999999994316,8.0616884231567383
13.9999999999999165,120.6999999999995623,9.4388475418090820
13.9999999999999165,120.7999999999995566,8.9066600799560547
13.9999999999999165,120.8999999999995509,8.3686523437500000
13.9999999999999165,120.9999999999995453,7.6581811904907227
13.9999999999999165,121.0999999999995396,6.8402695655822754
13.9999999999999165,121.1999999999995339,6.0600104331970215
13.9999999999999165,121.2999999999995282,5.7907733917236328
13.9999999999999165,121.3999999999995225,6.0087676048278809
13.9999999999999165,121.4999999999995168,7.0445160865783691
13.9999999999999165,121.5999999999995111,9.0848588943481445
13.9999999999999165,121.6999999999995055,11.2565450668334961
13.9999999999999165,121.7999999999994998,12.8713626861572266
13.9999999999999165,121.8999999999994941,11.6747484207153320
13.9999999999999165,122.3999999999994657,6.6623239517211914
13.9999999999999165,122.4999999999994600,6.6868677139282227
13.9999999999999165,122.5999999999994543,6.7183032035827637
13.9999999999999165,122.6999999999994486,6.6192989349365234
13.9999999999999165,122.7999999999994429,6.5005106925964355
13.9999999999999165,122.8999999999994373,6.8298358917236328
13.9999999999999165,122.9999999999994316,8.2902030944824219
13.9999999999999165,123.2999999999994145,11.1208734512329102
13.9999999999999165,124.1999999999993634,11.9818372726440430
13.9999999999999165,124.2999999999993577,10.5196447372436523
13.8999999999999169,120.5999999999995680,10.4755601882934570
13.8999999999999169,120.9999999999995453,7.8887338638305664
13.8999999999999169,121.0999999999995396,6.8738083839416504
13.8999999999999169,121.1999999999995339,5.9998455047607422
13.8999999999999169,121.2999999999995282,6.0740375518798828
13.8999999999999169,121.3999999999995225,6.7576570510864258
13.8999999999999169,121.4999999999995168,8.0140180587768555
13.8999999999999169,121.9999999999994884,9.4373950958251953
13.8999999999999169,122.0999999999994827,8.2802991867065430
13.8999999999999169,122.1999999999994770,7.5556845664978027
13.8999999999999169,122.2999999999994714,6.9135746955871582
13.8999999999999169,122.3999999999994657,6.7235021591186523
13.8999999999999169,122.6999999999994486,6.9899067878723145
13.8999999999999169,122.7999999999994429,6.6764583587646484
13.8999999999999169,122.8999999999994373,6.8250403404235840
13.8999999999999169,122.9999999999994316,7.7763891220092773
13.8999999999999169,123.3999999999994088,8.9521455764770508
13.8999999999999169,123.4999999999994031,9.1922044754028320
13.8999999999999169,123.5999999999993975,10.9631099700927734
13.8999999999999169,123.6999999999993918,12.8865480422973633
13.8999999999999169,124.1999999999993634,10.7925348281860352
13.8999999999999169,124.2999999999993577,9.1966505050659180
13.7999999999999172,120.0999999999995964,13.9395942687988281
13.7999999999999172,120.1999999999995907,13.5812187194824219
13.7999999999999172,120.8999999999995509,8.7709693908691406
13.7999999999999172,120.9999999999995453,8.0499429702758789
13.7999999999999172,121.0999999999995396,6.9782013893127441
13.7999999999999172,121.1999999999995339,6.1681427955627441
13.7999999999999172,121.2999999999995282,6.5887908935546875
13.7999999999999172,121.3999999999995225,7.7467675209045410
13.7999999999999172,121.9999999999994884,9.3396329879760742
13.7999999999999172,122.0999999999994827,8.4495935440063477
13.7999999999999172,122.1999999999994770,7.9278955459594727
13.7999999999999172,122.2999999999994714,7.3821506500244141
13.7999999999999172,122.3999999999994657,7.2670865058898926
13.7999999999999172,122.7999999999994429,7.0354599952697754
13.7999999999999172,122.8999999999994373,6.8755846023559570
13.7999999999999172,122.9999999999994316,7.3404521942138672
13.7999999999999172,123.2999999999994145,7.5669260025024414
13.7999999999999172,123.3999999999994088,7.3421230316162109
13.7999999999999172,123.4999999999994031,7.6728115081787109
13.7999999999999172,123.5999999999993975,9.5795745849609375
13.7999999999999172,123.6999999999993918,11.8815908432006836
13.7999999999999172,123.7999999999993861,13.1320867538452148
13.7999999999999172,124.1999999999993634,10.3601837158203125
13.7999999999999172,124.2999999999993577,8.8134021759033203
13.6999999999999176,121.0999999999995396,7.2585568428039551
13.6999999999999176,121.1999999999995339,6.1632199287414551
13.6999999999999176,121.2999999999995282,7.1210942268371582
13.6999999999999176,121.3999999999995225,8.5363397598266602
13.6999999999999176,122.1999999999994770,8.2902822494506836
13.6999999999999176,122.2999999999994714,7.9393544197082520
13.6999999999999176,122.3999999999994657,8.0051298141479492
13.6999999999999176,122.8999999999994373,7.1804475784301758
13.6999999999999176,122.9999999999994316,6.9804534912109375
13.6999999999999176,123.0999999999994259,7.2064108848571777
13.6999999999999176,123.1999999999994202,7.3412570953369141
13.6999999999999176,123.2999999999994145,6.8002791404724121
13.6999999999999176,123.3999999999994088,6.0258364677429199
13.6999999999999176,123.4999999999994031,6.1862163543701172
13.6999999999999176,124.0999999999993690,11.4977750778198242
13.6999999999999176,124.1999999999993634,9.9874830245971680
13.6999999999999176,124.2999999999993577,8.6594753265380859
13.5999999999999179,122.2999999999994714,8.3948373794555664
13.5999999999999179,122.3999999999994657,8.6970233917236328
13.5999999999999179,122.4999999999994600,9.0502958297729492
13.5999999999999179,122.8999999999994373,7.4259920120239258
13.5999999999999179,122.9999999999994316,7.0876860618591309
13.5999999999999179,123.0999999999994259,7.1077775955200195
13.5999999999999179,123.1999999999994202,6.8294906616210938
13.5999999999999179,123.2999999999994145,6.0803794860839844
13.5999999999999179,123.3999999999994088,5.2140130996704102
13.5999999999999179,123.4999999999994031,5.0150723457336426
13.5999999999999179,124.1999999999993634,10.0796461105346680
13.5999999999999179,124.2999999999993577,8.8311004638671875
13.4999999999999183,120.6999999999995623,8.4397325515747070
13.4999999999999183,120.7999999999995566,7.5019440650939941
13.4999999999999183,121.8999999999994941,10.6945724487304688
13.4999999999999183,121.9999999999994884,9.2717132568359375
13.4999999999999183,122.4999999999994600,8.7762269973754883
13.4999999999999183,122.5999999999994543,8.8599977493286133
13.4999999999999183,123.1999999999994202,8.1711988449096680
13.4999999999999183,123.2999999999994145,6.4394493103027344
13.4999999999999183,123.3999999999994088,4.8688673973083496
13.4999999999999183,123.4999999999994031,4.3743014335632324
13.4999999999999183,123.5999999999993975,4.8259048461914062
13.3999999999999186,120.4999999999995737,9.7525997161865234
13.3999999999999186,120.5999999999995680,8.3854627609252930
13.3999999999999186,120.6999999999995623,7.0616421699523926
13.3999999999999186,120.7999999999995566,6.0889334678649902
13.3999999999999186,120.8999999999995509,5.1349849700927734
13.3999999999999186,120.9999999999995453,4.6006336212158203
13.3999999999999186,121.0999999999995396,4.1873025894165039
13.3999999999999186,121.1999999999995339,4.0951137542724609
13.3999999999999186,121.7999999999994998,10.6980295181274414
13.3999999999999186,121.8999999999994941,9.9755649566650391
13.3999999999999186,121.9999999999994884,8.7546024322509766
13.3999999999999186,122.0999999999994827,8.0513629913330078
13.3999999999999186,122.4999999999994600,8.6142024993896484
13.3999999999999186,122.5999999999994543,8.5471401214599609
13.3999999999999186,123.1999999999994202,8.6616630554199219
13.3999999999999186,123.2999999999994145,7.0286302566528320
13.3999999999999186,123.3999999999994088,4.7253293991088867
13.3999999999999186,123.4999999999994031,3.5799012184143066
13.3999999999999186,123.5999999999993975,3.9869003295898438
13.2999999999999190,120.5999999999995680,5.9905524253845215
13.2999999999999190,120.6999999999995623,4.7597279548645020
13.2999999999999190,120.7999999999995566,4.3061261177062988
13.2999999999999190,120.8999999999995509,4.0067362785339355
13.2999999999999190,120.9999999999995453,3.8163485527038574
13.2999999999999190,121.0999999999995396,3.6604125499725342
13.2999999999999190,121.1999999999995339,3.7441806793212891
13.2999999999999190,121.2999999999995282,5.2342162132263184
13.2999999999999190,121.8999999999994941,9.8719081878662109
13.2999999999999190,121.9999999999994884,9.1098690032958984
13.2999999999999190,122.5999999999994543,8.9143009185791016
13.2999999999999190,123.2999999999994145,7.3130044937133789
13.2999999999999190,123.4999999999994031,3.5098967552185059
13.2999999999999190,123.5999999999993975,3.7471933364868164
13.2999999999999190,123.6999999999993918,4.4874939918518066
13.2999999999999190,123.8999999999993804,7.5891280174255371
13.1999999999999194,120.6999999999995623,2.7686817646026611
13.1999999999999194,120.7999999999995566,3.0872151851654053
13.1999999999999194,120.8999999999995509,3.9511344432830811
13.1999999999999194,120.9999999999995453,4.0365867614746094
13.1999999999999194,121.0999999999995396,3.7633299827575684
13.1999999999999194,121.1999999999995339,3.8049347400665283
13.1999999999999194,121.3999999999995225,6.2657327651977539
13.1999999999999194,123.2999999999994145,7.0574750900268555
13.1999999999999194,123.3999999999994088,5.4822273254394531
13.1999999999999194,123.4999999999994031,4.5779590606689453
13.1999999999999194,123.5999999999993975,4.9545559883117676
13.1999999999999194,123.6999999999993918,5.5188164710998535
13.0999999999999197,120.6999999999995623,2.1897273063659668
13.0999999999999197,120.7999999999995566,2.6667139530181885
13.0999999999999197,120.8999999999995509,3.7242026329040527
13.0999999999999197,120.9999999999995453,4.2388415336608887
13.0999999999999197,121.0999999999995396,3.8437929153442383
13.0999999999999197,121.1999999999995339,3.8269398212432861
13.0999999999999197,121.2999999999995282,4.2963290214538574
13.0999999999999197,121.3999999999995225,4.8981204032897949
13.0999999999999197,121.4999999999995168,5.7949333190917969
13.0999999999999197,122.9999999999994316,10.2036390304565430
13.0999999999999197,123.3999999999994088,6.4662981033325195
13.0999999999999197,123.4999999999994031,6.0383377075195312
13.0999999999999197,123.5999999999993975,6.2651185989379883
13.0999999999999197,123.6999999999993918,6.6760473251342773
13.0999999999999197,123.7999999999993861,8.0158576965332031
13.0999999999999197,123.8999999999993804,10.1216602325439453
12.9999999999999201,120.7999999999995566,2.4158034324645996
12.9999999999999201,120.8999999999995509,3.4055945873260498
12.9999999999999201,120.9999999999995453,4.1110143661499023
12.9999999999999201,121.0999999999995396,3.7752058506011963
12.9999999999999201,121.1999999999995339,3.6757493019104004
12.9999999999999201,121.2999999999995282,3.9999284744262695
12.9999999999999201,121.3999999999995225,4.4958419799804688
12.9999999999999201,122.9999999999994316,10.4918479919433594
12.9999999999999201,123.0999999999994259,10.1142168045043945
12.9999999999999201,123.4999999999994031,7.6123986244201660
12.9999999999999201,123.5999999999993975,7.9702162742614746
12.9999999999999201,123.6999999999993918,8.0916604995727539
12.9999999999999201,123.7999999999993861,8.9502429962158203
12.9999999999999201,123.8999999999993804,10.2610015869140625
12.9999999999999201,123.9999999999993747,11.6755790710449219
12.9999999999999201,124.0999999999993690,13.0233192443847656
12.8999999999999204,120.7999999999995566,1.9957903623580933
12.8999999999999204,120.8999999999995509,2.9616804122924805
12.8999999999999204,120.9999999999995453,3.7678360939025879
12.8999999999999204,121.0999999999995396,3.6919071674346924
12.8999999999999204,121.1999999999995339,3.9449660778045654
12.8999999999999204,121.2999999999995282,4.2341938018798828
12.8999999999999204,121.3999999999995225,4.7007627487182617
12.8999999999999204,121.4999999999995168,5.3459925651550293
12.8999999999999204,123.1999999999994202,10.7743091583251953
12.8999999999999204,123.7999999999993861,9.7700538635253906
12.8999999999999204,124.0999999999993690,11.6649942398071289
12.7999999999999208,120.7999999999995566,1.9252592325210571
12.7999999999999208,120.8999999999995509,2.6978008747100830
12.7999999999999208,120.9999999999995453,3.3462555408477783
12.7999999999999208,121.0999999999995396,3.6059420108795166
12.7999999999999208,121.1999999999995339,4.2389631271362305
12.7999999999999208,121.2999999999995282,4.7240605354309082
12.7999999999999208,121.3999999999995225,5.2964329719543457
12.7999999999999208,123.8999999999993804,10.1860675811767578
12.7999999999999208,123.9999999999993747,9.8396625518798828
12.7999999999999208,124.0999999999993690,10.9880018234252930
12.6999999999999211,120.8999999999995509,4.1766114234924316
12.6999999999999211,120.9999999999995453,4.1417846679687500
12.6999999999999211,121.0999999999995396,3.7762360572814941
12.6999999999999211,121.1999999999995339,4.7651405334472656
12.6999999999999211,121.2999999999995282,5.6953101158142090
12.6999999999999211,121.3999999999995225,6.7455577850341797
12.6999999999999211,121.4999999999995168,8.0974559783935547
12.6999999999999211,123.8999999999993804,11.1867952346801758
12.6999999999999211,123.9999999999993747,10.7970180511474609
12.6999999999999211,124.0999999999993690,11.4418382644653320
12.5999999999999215,120.9999999999995453,6.0804314613342285
12.5999999999999215,121.0999999999995396,5.5752043724060059
12.5999999999999215,121.1999999999995339,5.3402118682861328
12.5999999999999215,121.2999999999995282,6.8884201049804688
12.5999999999999215,121.3999999999995225,8.6897077560424805
12.5999999999999215,121.4999999999995168,10.1922407150268555
12.5999999999999215,122.0999999999994827,9.5219745635986328
12.5999999999999215,123.9999999999993747,12.5390520095825195
12.4999999999999218,120.9999999999995453,8.0120630264282227
12.4999999999999218,121.0999999999995396,7.3879084587097168
12.4999999999999218,121.1999999999995339,6.9072108268737793
12.4999999999999218,121.2999999999995282,8.3980035781860352
12.4999999999999218,121.3999999999995225,10.2429924011230469
12.4999999999999218,121.9999999999994884,8.4414844512939453
12.4999999999999218,122.4999999999994600,14.3130321502685547
12.4999999999999218,122.5999999999994543,15.0180635452270508
12.4999999999999218,123.2999999999994145,14.2418575286865234
12.4999999999999218,123.3999999999994088,14.1474351882934570
12.4999999999999218,123.4999999999994031,13.9890613555908203
12.4999999999999218,123.6999999999993918,13.4678592681884766
12.4999999999999218,124.2999999999993577,15.3422479629516602
12.4999999999999218,124.3999999999993520,13.5325622558593750
12.4999999999999218,124.4999999999993463,10.9778308868408203
12.4999999999999218,124.5999999999993406,8.9364805221557617
12.4999999999999218,124.6999999999993349,8.1725358963012695
12.4999999999999218,124.7999999999993292,7.9410614967346191
12.4999999999999218,124.8999999999993236,8.4333477020263672
12.4999999999999218,124.9999999999993179,9.4391345977783203
12.4999999999999218,125.0999999999993122,10.4605178833007812
12.4999999999999218,125.1999999999993065,11.6548013687133789
12.3999999999999222,120.9999999999995453,9.4937534332275391
12.3999999999999222,121.0999999999995396,9.0875444412231445
12.3999999999999222,121.1999999999995339,9.1026382446289062
12.3999999999999222,121.2999999999995282,10.4670867919921875
12.3999999999999222,121.9999999999994884,9.8988533020019531
12.3999999999999222,122.0999999999994827,9.5778169631958008
12.3999999999999222,122.4999999999994600,14.3661222457885742
12.3999999999999222,122.5999999999994543,15.0024776458740234
12.3999999999999222,123.2999999999994145,13.4199829101562500
12.3999999999999222,123.3999999999994088,12.7925157546997070
12.3999999999999222,123.4999999999994031,12.3900976181030273
12.3999999999999222,124.3999999999993520,12.3181629180908203
12.3999999999999222,124.4999999999993463,10.0597181320190430
12.3999999999999222,124.5999999999993406,7.9791064262390137
12.3999999999999222,124.6999999999993349,7.5536165237426758
12.3999999999999222,124.7999999999993292,7.3038473129272461
12.3999999999999222,124.8999999999993236,7.5667018890380859
12.3999999999999222,124.9999999999993179,8.5153732299804688
12.3999999999999222,125.0999999999993122,9.5949783325195312
12.3999999999999222,125.1999999999993065,11.1035890579223633
12.2999999999999226,119.8999999999996078,12.8162765502929688
12.2999999999999226,121.1999999999995339,11.5818662643432617
12.2999999999999226,121.9999999999994884,11.4427881240844727
12.2999999999999226,123.2999999999994145,12.4327774047851562
12.2999999999999226,123.3999999999994088,11.2867794036865234
12.2999999999999226,123.4999999999994031,10.4858608245849609
12.2999999999999226,123.5999999999993975,10.2991571426391602
12.2999999999999226,123.6999999999993918,10.1606349945068359
12.2999999999999226,124.3999999999993520,11.0495033264160156
12.2999999999999226,124.4999999999993463,8.9262037277221680
12.2999999999999226,124.5999999999993406,7.1206817626953125
12.2999999999999226,124.6999999999993349,6.6842565536499023
12.2999999999999226,124.7999999999993292,6.4872975349426270
12.2999999999999226,124.8999999999993236,6.8361973762512207
12.2999999999999226,124.9999999999993179,7.8526883125305176
12.2999999999999226,125.0999999999993122,8.9241333007812500
12.2999999999999226,125.1999999999993065,10.4830493927001953
12.2999999999999226,125.2999999999993008,12.6502437591552734
12.1999999999999229,119.8999999999996078,13.6653394699096680
12.1999999999999229,119.9999999999996021,13.6410207748413086
12.1999999999999229,121.9999999999994884,12.9802389144897461
12.1999999999999229,123.2999999999994145,12.1405811309814453
12.1999999999999229,123.3999999999994088,10.9811658859252930
12.1999999999999229,123.5999999999993975,9.3805713653564453
12.1999999999999229,123.6999999999993918,9.4127101898193359
12.1999999999999229,123.7999999999993861,10.2815256118774414
12.1999999999999229,123.8999999999993804,11.4705696105957031
12.1999999999999229,124.3999999999993520,10.2925987243652344
12.1999999999999229,124.4999999999993463,8.6704692840576172
12.1999999999999229,124.5999999999993406,6.6849875450134277
12.1999999999999229,124.6999999999993349,6.2940559387207031
12.1999999999999229,124.7999999999993292,6.0810852050781250
12.1999999999999229,124.8999999999993236,6.4369902610778809
12.1999999999999229,124.9999999999993179,7.3295888900756836
12.1999999999999229,125.0999999999993122,8.3142061233520508
12.1999999999999229,125.1999999999993065,9.7955198287963867
12.1999999999999229,125.2999999999993008,11.9235754013061523
12.1999999999999229,125.3999999999992951,14.0714178085327148
12.1999999999999229,125.4999999999992895,15.1063680648803711
12.0999999999999233,119.9999999999996021,14.1562023162841797
12.0999999999999233,120.0999999999995964,14.1554269790649414
12.0999999999999233,120.1999999999995907,13.9637098312377930
12.0999999999999233,120.2999999999995850,13.7928695678710938
12.0999999999999233,123.2999999999994145,12.7342061996459961
12.0999999999999233,123.6999999999993918,11.3022947311401367
12.0999999999999233,123.7999999999993861,11.6999664306640625
12.0999999999999233,123.8999999999993804,12.8221578598022461
12.0999999999999233,124.4999999999993463,9.9348497390747070
12.0999999999999233,124.5999999999993406,8.5746726989746094
12.0999999999999233,124.6999999999993349,7.6402263641357422
12.0999999999999233,124.7999999999993292,6.7958326339721680
12.0999999999999233,124.8999999999993236,6.5391054153442383
12.0999999999999233,124.9999999999993179,7.1716670989990234
12.0999999999999233,125.0999999999993122,7.8557143211364746
12.0999999999999233,125.1999999999993065,8.9941272735595703
12.0999999999999233,125.2999999999993008,10.6638288497924805
12.0999999999999233,125.3999999999992951,12.1269741058349609
11.9999999999999236,123.1999999999994202,14.1786546707153320
11.9999999999999236,123.7999999999993861,13.3837499618530273
11.9999999999999236,123.8999999999993804,13.6150856018066406
11.9999999999999236,123.9999999999993747,14.3126316070556641
11.9999999999999236,124.6999999999993349,8.6734857559204102
11.9999999999999236,124.7999999999993292,7.8591852188110352
11.9999999999999236,124.8999999999993236,6.8773884773254395
11.9999999999999236,124.9999999999993179,7.0835027694702148
11.9999999999999236,125.0999999999993122,7.4300770759582520
11.9999999999999236,125.1999999999993065,8.2106065750122070
11.9999999999999236,125.2999999999993008,9.4669885635375977
11.9999999999999236,125.3999999999992951,10.7100305557250977
11.8999999999999240,121.9999999999994884,16.0605659484863281
11.8999999999999240,123.7999999999993861,14.4295883178710938
11.8999999999999240,123.8999999999993804,14.4134082794189453
11.8999999999999240,123.9999999999993747,15.0794963836669922
11.8999999999999240,124.7999999999993292,8.7921075820922852
11.8999999999999240,124.8999999999993236,7.5514531135559082
11.8999999999999240,124.9999999999993179,7.1371426582336426
11.8999999999999240,125.0999999999993122,7.2798981666564941
11.8999999999999240,125.1999999999993065,7.7495617866516113
11.8999999999999240,125.2999999999993008,8.6500310897827148
11.7999999999999243,121.8999999999994941,16.1101226806640625
11.7999999999999243,121.9999999999994884,15.9727354049682617
11.7999999999999243,122.0999999999994827,15.2785940170288086
11.7999999999999243,122.1999999999994770,13.8688802719116211
11.7999999999999243,124.2999999999993577,15.2504138946533203
11.7999999999999243,124.8999999999993236,8.3150405883789062
11.7999999999999243,124.9999999999993179,7.7888040542602539
11.7999999999999243,125.0999999999993122,7.4639587402343750
11.7999999999999243,125.1999999999993065,7.7205157279968262
11.7999999999999243,125.2999999999993008,8.3463563919067383
11.7999999999999243,125.3999999999992951,8.9013738632202148
11.6999999999999247,119.9999999999996021,16.1735801696777344
11.6999999999999247,122.0999999999994827,14.6144704818725586
11.6999999999999247,122.1999999999994770,13.3712425231933594
11.6999999999999247,122.2999999999994714,12.3693323135375977
11.6999999999999247,122.3999999999994657,12.1337604522705078
11.6999999999999247,124.9999999999993179,8.3889598846435547
11.6999999999999247,125.0999999999993122,7.7745122909545898
11.6999999999999247,125.1999999999993065,7.7779040336608887
11.6999999999999247,125.2999999999993008,8.0776968002319336
11.6999999999999247,125.3999999999992951,8.3767757415771484
11.5999999999999250,122.1999999999994770,11.3547191619873047
11.5999999999999250,122.2999999999994714,10.2710275650024414
11.5999999999999250,122.6999999999994486,12.7576904296875000
11.5999999999999250,124.4999999999993463,13.6331729888916016
11.5999999999999250,125.0999999999993122,7.6734704971313477
11.5999999999999250,125.1999999999993065,7.6643576622009277
11.5999999999999250,125.2999999999993008,7.8565688133239746
11.5999999999999250,125.3999999999992951,8.0572776794433594
11.4999999999999254,122.0999999999994827,9.2203750610351562
11.4999999999999254,122.1999999999994770,8.5386238098144531
11.4999999999999254,122.2999999999994714,7.6216135025024414
11.4999999999999254,122.3999999999994657,7.8322167396545410
11.4999999999999254,122.4999999999994600,9.0975799560546875
11.4999999999999254,122.5999999999994543,10.1501684188842773
11.4999999999999254,122.6999999999994486,11.1298351287841797
11.4999999999999254,122.7999999999994429,11.7662744522094727
11.4999999999999254,123.0999999999994259,14.7109746932983398
11.4999999999999254,124.3999999999993520,13.8913373947143555
11.4999999999999254,124.4999999999993463,12.6297225952148438
11.4999999999999254,124.8999999999993236,8.1101284027099609
11.4999999999999254,124.9999999999993179,7.6483368873596191
11.4999999999999254,125.0999999999993122,7.3794026374816895
11.4999999999999254,125.1999999999993065,7.4695959091186523
11.4999999999999254,125.2999999999993008,7.6830072402954102
11.4999999999999254,125.3999999999992951,7.8975377082824707
11.4999999999999254,125.4999999999992895,8.9341583251953125
11.3999999999999257,122.0999999999994827,6.8586091995239258
11.3999999999999257,122.1999999999994770,5.9642305374145508
11.3999999999999257,122.2999999999994714,5.0788769721984863
11.3999999999999257,122.3999999999994657,5.3889355659484863
11.3999999999999257,122.4999999999994600,6.6006340980529785
11.3999999999999257,122.5999999999994543,7.9557614326477051
11.3999999999999257,122.6999999999994486,8.9340324401855469
11.3999999999999257,122.7999999999994429,9.9193153381347656
11.3999999999999257,122.8999999999994373,10.9902276992797852
11.3999999999999257,122.9999999999994316,12.8374862670898438
11.3999999999999257,123.0999999999994259,14.9337234497070312
11.3999999999999257,124.2999999999993577,13.8623275756835938
11.3999999999999257,124.3999999999993520,12.7026920318603516
11.3999999999999257,124.4999999999993463,11.8908863067626953
11.3999999999999257,124.8999999999993236,7.5804681777954102
11.3999999999999257,124.9999999999993179,7.1956858634948730
11.3999999999999257,125.0999999999993122,7.3741712570190430
11.3999999999999257,125.1999999999993065,7.5731101036071777
11.3999999999999257,125.2999999999993008,7.7817869186401367
11.3999999999999257,125.3999999999992951,8.0300216674804688
11.3999999999999257,125.4999999999992895,9.1884384155273438
11.2999999999999261,119.4999999999996305,14.2028284072875977
11.2999999999999261,122.0999999999994827,5.3827300071716309
11.2999999999999261,122.1999999999994770,4.7437653541564941
11.2999999999999261,122.2999999999994714,4.2464637756347656
11.2999999999999261,122.3999999999994657,4.6412177085876465
11.2999999999999261,122.4999999999994600,6.0069561004638672
11.2999999999999261,122.5999999999994543,7.3892970085144043
11.2999999999999261,122.6999999999994486,8.3300304412841797
11.2999999999999261,122.7999999999994429,9.3020687103271484
11.2999999999999261,122.8999999999994373,10.3966856002807617
11.2999999999999261,122.9999999999994316,12.4429979324340820
11.2999999999999261,123.0999999999994259,14.1991376876831055
11.2999999999999261,124.3999999999993520,11.2166233062744141
11.2999999999999261,124.4999999999993463,10.4091262817382812
11.2999999999999261,124.5999999999993406,9.2681961059570312
11.2999999999999261,124.6999999999993349,7.9776496887207031
11.2999999999999261,124.7999999999993292,7.3262052536010742
11.2999999999999261,124.8999999999993236,6.9143595695495605
11.2999999999999261,125.1999999999993065,8.9856805801391602
11.2999999999999261,125.2999999999993008,9.2281551361083984
11.2999999999999261,125.3999999999992951,9.4636430740356445
11.2999999999999261,125.4999999999992895,10.3268737792968750
11.1999999999999265,119.4999999999996305,12.4135255813598633
11.1999999999999265,122.0999999999994827,4.5970187187194824
11.1999999999999265,122.1999999999994770,4.5082688331604004
11.1999999999999265,122.2999999999994714,4.4253363609313965
11.1999999999999265,122.3999999999994657,5.0645489692687988
11.1999999999999265,122.4999999999994600,6.3026204109191895
11.1999999999999265,122.5999999999994543,7.5170221328735352
11.1999999999999265,122.6999999999994486,8.4386434555053711
11.1999999999999265,122.7999999999994429,9.4604158401489258
11.1999999999999265,122.8999999999994373,10.5845785140991211
11.1999999999999265,122.9999999999994316,12.2636537551879883
11.1999999999999265,123.7999999999993861,15.7838382720947266
11.1999999999999265,123.9999999999993747,15.1784410476684570
11.1999999999999265,124.3999999999993520,10.1703395843505859
11.1999999999999265,124.4999999999993463,8.5973596572875977
11.1999999999999265,124.5999999999993406,7.4544906616210938
11.1999999999999265,124.6999999999993349,6.5555386543273926
11.1999999999999265,124.7999999999993292,6.0394301414489746
11.1999999999999265,124.8999999999993236,6.1410880088806152
11.1999999999999265,124.9999999999993179,7.3660135269165039
11.1999999999999265,125.1999999999993065,10.8556623458862305
11.1999999999999265,125.2999999999993008,11.2632808685302734
11.1999999999999265,125.3999999999992951,11.5474061965942383
11.1999999999999265,125.4999999999992895,12.0040035247802734
11.0999999999999268,119.4999999999996305,10.9874162673950195
11.0999999999999268,122.0999999999994827,4.0038270950317383
11.0999999999999268,122.1999999999994770,4.3300523757934570
11.0999999999999268,122.2999999999994714,4.7641496658325195
11.0999999999999268,122.3999999999994657,5.5430941581726074
11.0999999999999268,122.4999999999994600,6.6929206848144531
11.0999999999999268,122.5999999999994543,7.8752503395080566
11.0999999999999268,122.6999999999994486,8.7475442886352539
11.0999999999999268,122.7999999999994429,9.7125005722045898
11.0999999999999268,122.8999999999994373,10.7444047927856445
11.0999999999999268,124.3999999999993520,9.1739063262939453
11.0999999999999268,124.4999999999993463,7.5225524902343750
11.0999999999999268,124.5999999999993406,5.8287663459777832
11.0999999999999268,124.6999999999993349,5.2441754341125488
11.0999999999999268,124.7999999999993292,4.9594912528991699
11.0999999999999268,124.8999999999993236,5.4720788002014160
11.0999999999999268,124.9999999999993179,7.6745500564575195
11.0999999999999268,125.4999999999992895,12.9532661437988281
10.9999999999999272,119.3999999999996362,11.8596820831298828
10.9999999999999272,122.0999999999994827,3.1996369361877441
10.9999999999999272,122.1999999999994770,3.8963029384613037
10.9999999999999272,122.2999999999994714,4.6011505126953125
10.9999999999999272,122.3999999999994657,5.6667218208312988
10.9999999999999272,122.4999999999994600,7.0578184127807617
10.9999999999999272,122.5999999999994543,8.4390201568603516
10.9999999999999272,122.6999999999994486,9.3595237731933594
10.9999999999999272,122.7999999999994429,10.1184930801391602
10.9999999999999272,123.9999999999993747,13.1272926330566406
10.9999999999999272,124.4999999999993463,7.9662828445434570
10.9999999999999272,124.5999999999993406,6.2353959083557129
10.9999999999999272,124.6999999999993349,5.3355789184570312
10.9999999999999272,124.7999999999993292,4.6406469345092773
10.9999999999999272,124.8999999999993236,5.2555413246154785
10.9999999999999272,124.9999999999993179,7.8840894699096680
10.8999999999999275,119.3999999999996362,11.3564081192016602
10.8999999999999275,119.4999999999996305,9.8560934066772461
10.8999999999999275,121.9999999999994884,3.7987627983093262
10.8999999999999275,122.0999999999994827,2.8504750728607178
10.8999999999999275,122.1999999999994770,3.4063122272491455
10.8999999999999275,122.2999999999994714,4.3857998847961426
10.8999999999999275,122.3999999999994657,5.7434124946594238
10.8999999999999275,122.4999999999994600,7.4192147254943848
10.8999999999999275,122.5999999999994543,9.0755472183227539
10.8999999999999275,122.6999999999994486,10.0484972000122070
10.8999999999999275,123.1999999999994202,9.7213830947875977
10.8999999999999275,123.2999999999994145,9.5501089096069336
10.8999999999999275,123.3999999999994088,10.5211753845214844
10.8999999999999275,123.9999999999993747,12.1436719894409180
10.8999999999999275,124.4999999999993463,8.3481483459472656
10.8999999999999275,124.7999999999993292,4.9711704254150391
10.8999999999999275,124.8999999999993236,5.3234891891479492
10.8999999999999275,124.9999999999993179,7.5180940628051758
10.7999999999999279,119.2999999999996419,13.4181823730468750
10.7999999999999279,119.3999999999996362,11.9246301651000977
10.7999999999999279,119.4999999999996305,8.8918256759643555
10.7999999999999279,121.9999999999994884,4.8546953201293945
10.7999999999999279,122.0999999999994827,3.4865713119506836
10.7999999999999279,122.1999999999994770,3.7371459007263184
10.7999999999999279,122.2999999999994714,4.7671098709106445
10.7999999999999279,122.3999999999994657,5.8144865036010742
10.7999999999999279,122.4999999999994600,7.6476058959960938
10.7999999999999279,122.9999999999994316,9.0114650726318359
10.7999999999999279,123.0999999999994259,7.7214322090148926
10.7999999999999279,123.1999999999994202,7.0746383666992188
10.7999999999999279,123.2999999999994145,7.5108633041381836
10.7999999999999279,123.3999999999994088,8.8171911239624023
10.7999999999999279,123.4999999999994031,9.4326915740966797
10.7999999999999279,123.8999999999993804,11.8096065521240234
10.7999999999999279,123.9999999999993747,11.4871110916137695
10.7999999999999279,124.8999999999993236,5.5206322669982910
10.6999999999999282,119.3999999999996362,10.1176519393920898
10.6999999999999282,119.4999999999996305,8.6684741973876953
10.6999999999999282,119.5999999999996248,9.4569330215454102
10.6999999999999282,121.9999999999994884,5.4994587898254395
10.6999999999999282,122.0999999999994827,4.3080706596374512
10.6999999999999282,122.1999999999994770,4.9971795082092285
10.6999999999999282,122.2999999999994714,5.5877633094787598
10.6999999999999282,122.3999999999994657,6.7418913841247559
10.6999999999999282,122.4999999999994600,7.5883684158325195
10.6999999999999282,122.5999999999994543,9.1348047256469727
10.6999999999999282,122.6999999999994486,9.7444009780883789
10.6999999999999282,122.9999999999994316,7.2154765129089355
10.6999999999999282,123.0999999999994259,5.6111683845520020
10.6999999999999282,123.1999999999994202,5.0146951675415039
10.6999999999999282,123.2999999999994145,6.3938155174255371
10.6999999999999282,123.3999999999994088,8.1872148513793945
10.6999999999999282,123.4999999999994031,9.4319248199462891
10.6999999999999282,123.8999999999993804,10.1664705276489258
10.6999999999999282,124.7999999999993292,4.8464236259460449
10.6999999999999282,124.8999999999993236,4.7128071784973145
10.6999999999999282,124.9999999999993179,5.8024349212646484
10.6999999999999282,125.7999999999992724,13.4210348129272461
10.5999999999999286,119.3999999999996362,9.9526834487915039
10.5999999999999286,119.4999999999996305,8.4182596206665039
10.5999999999999286,119.5999999999996248,9.1843137741088867
10.5999999999999286,119.7999999999996135,13.6138277053833008
10.5999999999999286,119.8999999999996078,13.6193990707397461
10.5999999999999286,121.9999999999994884,6.1937179565429688
10.5999999999999286,122.4999999999994600,8.7288808822631836
10.5999999999999286,122.5999999999994543,8.8129692077636719
10.5999999999999286,122.6999999999994486,8.6479740142822266
10.5999999999999286,122.8999999999994373,6.2972984313964844
10.5999999999999286,122.9999999999994316,5.1373729705810547
10.5999999999999286,123.0999999999994259,3.9871208667755127
10.5999999999999286,123.1999999999994202,3.5107095241546631
10.5999999999999286,123.2999999999994145,5.4954519271850586
10.5999999999999286,123.3999999999994088,7.7157106399536133
10.5999999999999286,123.6999999999993918,7.8722515106201172
10.5999999999999286,123.7999999999993861,8.1792345046997070
10.5999999999999286,123.8999999999993804,9.1228437423706055
10.5999999999999286,123.9999999999993747,9.8995876312255859
10.5999999999999286,124.7999999999993292,4.0992217063903809
10.5999999999999286,124.8999999999993236,3.9454016685485840
10.5999999999999286,124.9999999999993179,4.3122906684875488
10.5999999999999286,125.0999999999993122,5.3422842025756836
10.4999999999999289,119.2999999999996419,10.7295522689819336
10.4999999999999289,119.3999999999996362,9.6100435256958008
10.4999999999999289,119.4999999999996305,8.6437530517578125
10.4999999999999289,119.5999999999996248,9.2737607955932617
10.4999999999999289,119.7999999999996135,13.2135906219482422
10.4999999999999289,119.8999999999996078,13.2418403625488281
10.4999999999999289,121.9999999999994884,6.8243169784545898
10.4999999999999289,122.4999999999994600,9.1587867736816406
10.4999999999999289,122.5999999999994543,8.8698558807373047
10.4999999999999289,122.6999999999994486,8.2924365997314453
10.4999999999999289,122.7999999999994429,6.6631908416748047
10.4999999999999289,122.8999999999994373,5.7913088798522949
10.4999999999999289,122.9999999999994316,3.6801490783691406
10.4999999999999289,123.0999999999994259,3.1922402381896973
10.4999999999999289,123.1999999999994202,3.3836538791656494
10.4999999999999289,123.2999999999994145,4.7263236045837402
10.4999999999999289,123.3999999999994088,6.7714791297912598
10.4999999999999289,123.7999999999993861,7.2947416305541992
10.4999999999999289,123.8999999999993804,8.3349027633666992
10.4999999999999289,123.9999999999993747,9.4753074645996094
10.4999999999999289,124.7999999999993292,4.5290861129760742
10.4999999999999289,124.8999999999993236,3.6673500537872314
10.4999999999999289,124.9999999999993179,3.6058743000030518
10.4999999999999289,125.0999999999993122,4.0273208618164062
10.3999999999999293,119.0999999999996533,8.5427627563476562
10.3999999999999293,119.1999999999996476,8.7606077194213867
10.3999999999999293,119.2999999999996419,8.9886426925659180
10.3999999999999293,119.3999999999996362,8.9498691558837891
10.3999999999999293,119.4999999999996305,8.9946346282958984
10.3999999999999293,122.8999999999994373,4.3591003417968750
10.3999999999999293,122.9999999999994316,3.6500248908996582
10.3999999999999293,123.0999999999994259,3.2544038295745850
10.3999999999999293,123.1999999999994202,3.5433666706085205
10.3999999999999293,123.2999999999994145,4.7128734588623047
10.3999999999999293,123.6999999999993918,6.2642059326171875
10.3999999999999293,123.7999999999993861,6.6556754112243652
10.3999999999999293,123.8999999999993804,7.6707210540771484
10.3999999999999293,123.9999999999993747,8.6255540847778320
10.3999999999999293,124.7999999999993292,4.9940881729125977
10.3999999999999293,124.8999999999993236,4.2205839157104492
10.3999999999999293,124.9999999999993179,4.1755986213684082
10.3999999999999293,125.0999999999993122,4.2888498306274414
10.3999999999999293,125.1999999999993065,5.5411033630371094
10.3999999999999293,125.5999999999992838,11.9803485870361328
10.2999999999999297,118.9999999999996589,7.0466318130493164
10.2999999999999297,119.0999999999996533,6.9881148338317871
10.2999999999999297,119.1999999999996476,6.9011044502258301
10.2999999999999297,119.2999999999996419,7.5123996734619141
10.2999999999999297,122.8999999999994373,4.6951236724853516
10.2999999999999297,122.9999999999994316,3.9888625144958496
10.2999999999999297,123.0999999999994259,3.4727389812469482
10.2999999999999297,123.1999999999994202,4.1688199043273926
10.2999999999999297,123.2999999999994145,5.0588412284851074
10.2999999999999297,123.5999999999993975,7.1284608840942383
10.2999999999999297,123.6999999999993918,6.2095298767089844
10.2999999999999297,123.7999999999993861,6.0595073699951172
10.2999999999999297,124.7999999999993292,5.7830915451049805
10.2999999999999297,124.8999999999993236,4.8903546333312988
10.2999999999999297,125.0999999999993122,4.9877681732177734
10.2999999999999297,125.1999999999993065,5.7843079566955566
10.2999999999999297,125.5999999999992838,11.8062572479248047
10.1999999999999300,118.7999999999996703,6.9284071922302246
10.1999999999999300,118.9999999999996589,5.9411940574645996
10.1999999999999300,119.0999999999996533,6.1797308921813965
10.1999999999999300,119.1999999999996476,6.5728139877319336
10.1999999999999300,122.8999999999994373,4.7043757438659668
10.1999999999999300,122.9999999999994316,3.9727716445922852
10.1999999999999300,123.0999999999994259,3.3788018226623535
10.1999999999999300,123.1999999999994202,4.0513768196105957
10.1999999999999300,123.2999999999994145,4.8113794326782227
10.1999999999999300,123.5999999999993975,6.8112058639526367
10.1999999999999300,123.6999999999993918,5.9594273567199707
10.1999999999999300,124.8999999999993236,6.0169038772583008
10.1999999999999300,125.5999999999992838,11.7132368087768555
10.0999999999999304,118.8999999999996646,6.6285896301269531
10.0999999999999304,118.9999999999996589,6.9572238922119141
10.0999999999999304,119.0999999999996533,7.4715552330017090
10.0999999999999304,119.1999999999996476,8.0044298171997070
10.0999999999999304,122.8999999999994373,4.4075307846069336
10.0999999999999304,122.9999999999994316,3.7077820301055908
10.0999999999999304,123.0999999999994259,3.0587487220764160
10.0999999999999304,123.1999999999994202,3.4449388980865479
10.0999999999999304,123.4999999999994031,6.1393408775329590
10.0999999999999304,123.5999999999993975,6.0574688911437988
10.0999999999999304,124.1999999999993634,6.0795316696166992
10.0999999999999304,124.2999999999993577,6.5536332130432129
10.0999999999999304,124.3999999999993520,7.2338767051696777
10.0999999999999304,125.1999999999993065,7.4643754959106445
10.0999999999999304,125.5999999999992838,11.5180988311767578
9.9999999999999307,118.7999999999996703,5.7989177703857422
9.9999999999999307,118.8999999999996646,6.8548126220703125
9.9999999999999307,118.9999999999996589,7.7825284004211426
9.9999999999999307,119.0999999999996533,8.3919525146484375
9.9999999999999307,122.7999999999994429,3.9235038757324219
9.9999999999999307,122.8999999999994373,4.0406799316406250
9.9999999999999307,122.9999999999994316,3.4972968101501465
9.9999999999999307,123.0999999999994259,3.0835969448089600
9.9999999999999307,123.1999999999994202,3.2992510795593262
9.9999999999999307,123.3999999999994088,4.6118412017822266
9.9999999999999307,123.4999999999994031,5.0507173538208008
9.9999999999999307,123.5999999999993975,5.4422097206115723
9.9999999999999307,124.0999999999993690,4.5092635154724121
9.9999999999999307,124.1999999999993634,4.9043145179748535
9.9999999999999307,124.2999999999993577,5.4168691635131836
9.9999999999999307,124.3999999999993520,6.5013537406921387
9.9999999999999307,124.4999999999993463,7.7399930953979492
9.9999999999999307,125.1999999999993065,8.6810102462768555
9.9999999999999307,125.5999999999992838,11.6077184677124023
9.8999999999999311,118.5999999999996817,4.9594316482543945
9.8999999999999311,118.6999999999996760,4.8058776855468750
9.8999999999999311,122.3999999999994657,8.7743320465087891
9.8999999999999311,122.4999999999994600,6.6652975082397461
9.8999999999999311,122.5999999999994543,4.2650609016418457
9.8999999999999311,122.6999999999994486,3.7704274654388428
9.8999999999999311,122.7999999999994429,3.7480008602142334
9.8999999999999311,122.8999999999994373,3.9824101924896240
9.8999999999999311,122.9999999999994316,3.6049664020538330
9.8999999999999311,123.0999999999994259,3.4381237030029297
9.8999999999999311,123.3999999999994088,4.2430872917175293
9.8999999999999311,123.4999999999994031,4.6238813400268555
9.8999999999999311,123.5999999999993975,5.4228277206420898
9.8999999999999311,123.8999999999993804,5.3709611892700195
9.8999999999999311,123.9999999999993747,4.5688080787658691
9.8999999999999311,124.0999999999993690,4.0083498954772949
9.8999999999999311,124.1999999999993634,4.1355557441711426
9.8999999999999311,124.2999999999993577,4.5428757667541504
9.8999999999999311,124.3999999999993520,5.7056879997253418
9.8999999999999311,124.4999999999993463,7.0617957115173340
9.8999999999999311,125.5999999999992838,10.1497421264648438
9.8999999999999311,125.9999999999992610,12.5935630798339844
9.7999999999999314,118.5999999999996817,5.0396981239318848
9.7999999999999314,118.6999999999996760,4.4788751602172852
9.7999999999999314,122.4999999999994600,6.0750122070312500
9.7999999999999314,122.5999999999994543,4.3457183837890625
9.7999999999999314,122.6999999999994486,3.8370769023895264
9.7999999999999314,122.7999999999994429,3.7188205718994141
9.7999999999999314,122.8999999999994373,3.9304311275482178
9.7999999999999314,122.9999999999994316,3.8351922035217285
9.7999999999999314,123.0999999999994259,4.0181150436401367
9.7999999999999314,123.3999999999994088,4.3937096595764160
9.7999999999999314,123.4999999999994031,4.4362030029296875
9.7999999999999314,123.8999999999993804,5.4364552497863770
9.7999999999999314,123.9999999999993747,4.3240747451782227
9.7999999999999314,124.0999999999993690,3.8887879848480225
9.7999999999999314,124.1999999999993634,3.6552543640136719
9.7999999999999314,124.2999999999993577,4.0818653106689453
9.7999999999999314,124.3999999999993520,5.0686049461364746
9.7999999999999314,124.4999999999993463,6.3441472053527832
9.7999999999999314,125.9999999999992610,12.7010231018066406
9.7999999999999314,126.0999999999992554,12.4441070556640625
9.6999999999999318,118.3999999999996930,6.0536136627197266
9.6999999999999318,118.4999999999996874,5.4810338020324707
9.6999999999999318,118.5999999999996817,5.0372796058654785
9.6999999999999318,118.6999999999996760,4.9719147682189941
9.6999999999999318,122.4999999999994600,5.5363569259643555
9.6999999999999318,122.5999999999994543,4.8052701950073242
9.6999999999999318,122.6999999999994486,4.2384061813354492
9.6999999999999318,122.7999999999994429,3.8568010330200195
9.6999999999999318,122.8999999999994373,3.9764318466186523
9.6999999999999318,122.9999999999994316,4.0068454742431641
9.6999999999999318,123.0999999999994259,4.5354161262512207
9.6999999999999318,123.3999999999994088,4.6228070259094238
9.6999999999999318,123.8999999999993804,5.4849638938903809
9.6999999999999318,123.9999999999993747,4.4719376564025879
9.6999999999999318,124.0999999999993690,3.9258248805999756
9.6999999999999318,124.1999999999993634,3.5617461204528809
9.6999999999999318,124.2999999999993577,3.7742466926574707
9.6999999999999318,124.3999999999993520,4.5298285484313965
9.6999999999999318,125.4999999999992895,4.6912198066711426
9.5999999999999321,118.3999999999996930,5.6522159576416016
9.5999999999999321,118.4999999999996874,5.3752913475036621
9.5999999999999321,118.5999999999996817,5.5429944992065430
9.5999999999999321,118.6999999999996760,5.7829384803771973
9.5999999999999321,122.4999999999994600,5.3862853050231934
9.5999999999999321,122.5999999999994543,5.0396533012390137
9.5999999999999321,122.6999999999994486,4.4290089607238770
9.5999999999999321,122.7999999999994429,3.8818697929382324
9.5999999999999321,122.8999999999994373,3.7843708992004395
9.5999999999999321,122.9999999999994316,3.7676591873168945
9.5999999999999321,123.0999999999994259,3.9661731719970703
9.5999999999999321,123.2999999999994145,4.5457816123962402
9.5999999999999321,123.3999999999994088,4.5836043357849121
9.5999999999999321,123.7999999999993861,6.9914374351501465
9.5999999999999321,125.3999999999992951,2.6593427658081055
9.5999999999999321,125.4999999999992895,2.9495809078216553
9.5999999999999321,125.5999999999992838,4.4499750137329102
9.5999999999999321,125.6999999999992781,5.6947779655456543
9.4999999999999325,118.2999999999996987,5.8256940841674805
9.4999999999999325,118.3999999999996930,4.9866938591003418
9.4999999999999325,118.4999999999996874,5.3046655654907227
9.4999999999999325,118.5999999999996817,6.0080075263977051
9.4999999999999325,122.5999999999994543,5.4419889450073242
9.4999999999999325,122.6999999999994486,4.6704769134521484
9.4999999999999325,122.7999999999994429,3.9495434761047363
9.4999999999999325,122.8999999999994373,3.8159177303314209
9.4999999999999325,122.9999999999994316,3.4506764411926270
9.4999999999999325,123.0999999999994259,3.3816404342651367
9.4999999999999325,123.3999999999994088,4.4031748771667480
9.4999999999999325,125.4999999999992895,2.2612833976745605
9.4999999999999325,125.5999999999992838,2.8306176662445068
9.4999999999999325,125.6999999999992781,4.0861082077026367
9.4999999999999325,125.7999999999992724,5.5838379859924316
9.3999999999999329,118.1999999999997044,5.6264605522155762
9.3999999999999329,118.2999999999996987,5.2426290512084961
9.3999999999999329,118.3999999999996930,4.7981367111206055
9.3999999999999329,118.4999999999996874,5.5663046836853027
9.3999999999999329,122.7999999999994429,4.0910496711730957
9.3999999999999329,122.8999999999994373,3.9761054515838623
9.3999999999999329,122.9999999999994316,3.3700630664825439
9.3999999999999329,123.0999999999994259,3.0190870761871338
9.3999999999999329,123.1999999999994202,3.4474718570709229
9.3999999999999329,125.5999999999992838,1.9718135595321655
9.3999999999999329,125.6999999999992781,2.5615577697753906
9.3999999999999329,125.7999999999992724,4.0366611480712891
9.3999999999999329,125.8999999999992667,5.5193343162536621
9.2999999999999332,118.0999999999997101,5.4704256057739258
9.2999999999999332,118.1999999999997044,5.5630221366882324
9.2999999999999332,118.2999999999996987,5.7914276123046875
9.2999999999999332,118.3999999999996930,5.8541436195373535
9.2999999999999332,122.8999999999994373,4.3133473396301270
9.2999999999999332,122.9999999999994316,3.6413683891296387
9.2999999999999332,123.0999999999994259,2.9368195533752441
9.2999999999999332,123.1999999999994202,3.0176482200622559
9.2999999999999332,123.2999999999994145,3.7758615016937256
9.2999999999999332,125.5999999999992838,2.1856498718261719
9.2999999999999332,125.6999999999992781,2.2256283760070801
9.2999999999999332,125.7999999999992724,3.0927677154541016
9.2999999999999332,125.8999999999992667,4.3840107917785645
9.1999999999999336,117.8999999999997215,4.3114175796508789
9.1999999999999336,117.9999999999997158,4.6591506004333496
9.1999999999999336,118.0999999999997101,4.8023076057434082
9.1999999999999336,118.1999999999997044,5.5198159217834473
9.1999999999999336,122.8999999999994373,4.7277598381042480
9.1999999999999336,122.9999999999994316,3.9641325473785400
9.1999999999999336,123.0999999999994259,3.2254302501678467
9.1999999999999336,123.1999999999994202,2.9373965263366699
9.1999999999999336,123.4999999999994031,7.2164492607116699
9.1999999999999336,123.5999999999993975,7.3923950195312500
9.1999999999999336,124.6999999999993349,7.5091519355773926
9.1999999999999336,124.7999999999993292,7.4058160781860352
9.1999999999999336,125.5999999999992838,2.6000399589538574
9.1999999999999336,125.6999999999992781,2.0685942173004150
9.1999999999999336,125.7999999999992724,2.5628697872161865
9.1999999999999336,125.8999999999992667,3.1938414573669434
9.1999999999999336,125.9999999999992610,3.9169321060180664
9.1999999999999336,126.0999999999992554,5.4253473281860352
9.0999999999999339,117.7999999999997272,3.7715349197387695
9.0999999999999339,117.8999999999997215,3.7043297290802002
9.0999999999999339,117.9999999999997158,3.9437901973724365
9.0999999999999339,122.9999999999994316,4.2094888687133789
9.0999999999999339,123.0999999999994259,3.4509668350219727
9.0999999999999339,123.5999999999993975,7.3293614387512207
9.0999999999999339,125.5999999999992838,2.9472210407257080
9.0999999999999339,125.6999999999992781,2.2499117851257324
9.0999999999999339,125.7999999999992724,2.1512885093688965
9.0999999999999339,125.8999999999992667,2.2571756839752197
9.0999999999999339,125.9999999999992610,2.3980860710144043
9.0999999999999339,126.0999999999992554,3.7355182170867920
8.9999999999999343,117.5999999999997385,4.3702344894409180
8.9999999999999343,117.6999999999997328,3.9565808773040771
8.9999999999999343,117.7999999999997272,3.1611604690551758
8.9999999999999343,117.8999999999997215,3.4292609691619873
8.9999999999999343,117.9999999999997158,4.4980893135070801
8.9999999999999343,125.2999999999993008,4.5540819168090820
8.9999999999999343,125.3999999999992951,4.6055650711059570
8.9999999999999343,125.5999999999992838,3.1069211959838867
8.9999999999999343,125.6999999999992781,2.3552670478820801
8.9999999999999343,125.7999999999992724,2.0929877758026123
8.9999999999999343,125.8999999999992667,1.8980107307434082
8.9999999999999343,125.9999999999992610,1.9177477359771729
8.9999999999999343,126.0999999999992554,3.0434668064117432
8.9999999999999343,126.1999999999992497,4.3545107841491699
8.8999999999999346,117.4999999999997442,4.4227690696716309
8.8999999999999346,117.5999999999997385,3.3920497894287109
8.8999999999999346,117.6999999999997328,3.0190675258636475
8.8999999999999346,117.7999999999997272,2.7597568035125732
8.8999999999999346,117.8999999999997215,3.4654917716979980
8.8999999999999346,117.9999999999997158,4.7481093406677246
8.8999999999999346,124.7999999999993292,2.8514008522033691
8.8999999999999346,124.8999999999993236,2.7534284591674805
8.8999999999999346,124.9999999999993179,2.8802945613861084
8.8999999999999346,125.1999999999993065,3.9667718410491943
8.8999999999999346,125.2999999999993008,4.1823024749755859
8.8999999999999346,125.3999999999992951,4.4539690017700195
8.8999999999999346,125.4999999999992895,4.0239524841308594
8.8999999999999346,125.5999999999992838,3.1665482521057129
8.8999999999999346,125.6999999999992781,2.4722964763641357
8.8999999999999346,125.7999999999992724,2.0287489891052246
8.8999999999999346,125.8999999999992667,1.5923222303390503
8.8999999999999346,125.9999999999992610,1.6939331293106079
8.8999999999999346,126.0999999999992554,2.3821501731872559
8.8999999999999346,126.1999999999992497,3.6225373744964600
8.8999999999999346,126.2999999999992440,4.7688088417053223
8.7999999999999350,117.4999999999997442,3.8511898517608643
8.7999999999999350,117.5999999999997385,3.3586184978485107
8.7999999999999350,117.6999999999997328,3.3655312061309814
8.7999999999999350,117.7999999999997272,3.2802813053131104
8.7999999999999350,117.8999999999997215,3.5879557132720947
8.7999999999999350,124.8999999999993236,1.8220443725585938
8.7999999999999350,124.9999999999993179,2.1326310634613037
8.7999999999999350,125.0999999999993122,2.9313385486602783
8.7999999999999350,125.1999999999993065,3.4677152633666992
8.7999999999999350,125.2999999999993008,3.6972217559814453
8.7999999999999350,125.3999999999992951,3.9453907012939453
8.7999999999999350,125.4999999999992895,3.6506443023681641
8.7999999999999350,125.5999999999992838,2.9882183074951172
8.7999999999999350,125.6999999999992781,2.5027449131011963
8.7999999999999350,125.7999999999992724,2.0986909866333008
8.7999999999999350,125.8999999999992667,1.6881681680679321
8.7999999999999350,125.9999999999992610,1.9065383672714233
8.7999999999999350,126.0999999999992554,2.6087980270385742
8.7999999999999350,126.1999999999992497,3.7330806255340576
8.7999999999999350,126.2999999999992440,4.3711695671081543
8.6999999999999353,117.3999999999997499,4.1954011917114258
8.6999999999999353,117.4999999999997442,4.3577990531921387
8.6999999999999353,117.5999999999997385,4.5383024215698242
8.6999999999999353,123.4999999999994031,4.1529912948608398
8.6999999999999353,124.7999999999993292,1.3285064697265625
8.6999999999999353,124.8999999999993236,1.5825799703598022
8.6999999999999353,124.9999999999993179,2.0095498561859131
8.6999999999999353,125.0999999999993122,2.7065007686614990
8.6999999999999353,125.1999999999993065,3.1706898212432861
8.6999999999999353,125.2999999999993008,3.1982574462890625
8.6999999999999353,125.3999999999992951,3.2294814586639404
8.6999999999999353,125.4999999999992895,3.0352571010589600
8.6999999999999353,125.5999999999992838,2.7131400108337402
8.6999999999999353,125.6999999999992781,2.4758279323577881
8.6999999999999353,125.7999999999992724,2.2661011219024658
8.6999999999999353,125.8999999999992667,2.0515906810760498
8.6999999999999353,125.9999999999992610,2.3505439758300781
8.6999999999999353,126.0999999999992554,3.1236386299133301
8.5999999999999357,117.3999999999997499,4.2748560905456543
8.5999999999999357,117.4999999999997442,4.9133582115173340
8.5999999999999357,123.3999999999994088,3.4896175861358643
8.5999999999999357,123.4999999999994031,3.3282675743103027
8.5999999999999357,123.5999999999993975,3.9342193603515625
8.5999999999999357,123.6999999999993918,4.8550333976745605
8.5999999999999357,124.7999999999993292,1.4719672203063965
8.5999999999999357,124.8999999999993236,1.6256519556045532
8.5999999999999357,124.9999999999993179,2.0478913784027100
8.5999999999999357,125.0999999999993122,2.6667387485504150
8.5999999999999357,125.1999999999993065,3.0503914356231689
8.5999999999999357,125.2999999999993008,2.9577605724334717
8.5999999999999357,125.3999999999992951,2.8616881370544434
8.5999999999999357,125.4999999999992895,2.7203347682952881
8.5999999999999357,125.5999999999992838,2.5709791183471680
8.5999999999999357,125.6999999999992781,2.4618835449218750
8.5999999999999357,125.7999999999992724,2.3932430744171143
8.5999999999999357,125.8999999999992667,2.4723629951477051
8.5999999999999357,125.9999999999992610,2.7499909400939941
8.5999999999999357,126.0999999999992554,3.5826933383941650
8.4999999999999361,117.1999999999997613,4.7178125381469727
8.4999999999999361,117.2999999999997556,4.3111152648925781
8.4999999999999361,117.3999999999997499,4.4448833465576172
8.4999999999999361,123.0999999999994259,4.9888463020324707
8.4999999999999361,123.2999999999994145,3.0867147445678711
8.4999999999999361,123.3999999999994088,2.8213973045349121
8.4999999999999361,123.4999999999994031,2.6922605037689209
8.4999999999999361,123.5999999999993975,2.8391962051391602
8.4999999999999361,123.6999999999993918,3.5818023681640625
8.4999999999999361,123.7999999999993861,3.3673176765441895
8.4999999999999361,124.2999999999993577,2.6690669059753418
8.4999999999999361,124.3999999999993520,2.6224532127380371
8.4999999999999361,124.4999999999993463,3.0256795883178711
8.4999999999999361,124.6999999999993349,2.0035054683685303
8.4999999999999361,124.7999999999993292,1.4311459064483643
8.4999999999999361,124.8999999999993236,1.6801108121871948
8.4999999999999361,124.9999999999993179,2.0603377819061279
8.4999999999999361,125.0999999999993122,2.6030275821685791
8.4999999999999361,125.1999999999993065,2.8893637657165527
8.4999999999999361,125.2999999999993008,2.7113997936248779
8.4999999999999361,125.3999999999992951,2.5396728515625000
8.4999999999999361,125.4999999999992895,2.3919136524200439
8.4999999999999361,125.5999999999992838,2.2792577743530273
8.4999999999999361,125.6999999999992781,2.2006943225860596
8.4999999999999361,125.7999999999992724,2.2999105453491211
8.4999999999999361,125.8999999999992667,2.5686714649200439
8.4999999999999361,125.9999999999992610,2.9409039020538330
8.4999999999999361,126.0999999999992554,3.6813745498657227
8.4999999999999361,126.1999999999992497,4.5691823959350586
8.4999999999999361,126.2999999999992440,5.3653893470764160
8.3999999999999364,123.0999999999994259,3.8835754394531250
8.3999999999999364,123.1999999999994202,3.2184133529663086
8.3999999999999364,123.2999999999994145,2.4476566314697266
8.3999999999999364,123.3999999999994088,2.7480468750000000
8.3999999999999364,123.4999999999994031,2.9403700828552246
8.3999999999999364,123.5999999999993975,2.5778887271881104
8.3999999999999364,123.6999999999993918,2.6301908493041992
8.3999999999999364,123.7999999999993861,2.6605622768402100
8.3999999999999364,124.2999999999993577,1.9501483440399170
8.3999999999999364,124.3999999999993520,1.9564492702484131
8.3999999999999364,124.4999999999993463,2.4026350975036621
8.3999999999999364,124.5999999999993406,2.7379169464111328
8.3999999999999364,124.6999999999993349,1.6165208816528320
8.3999999999999364,124.7999999999993292,1.3526147603988647
8.3999999999999364,124.8999999999993236,1.8081521987915039
8.3999999999999364,124.9999999999993179,2.1091830730438232
8.3999999999999364,125.0999999999993122,2.5407004356384277
8.3999999999999364,125.1999999999993065,2.6587510108947754
8.3999999999999364,125.2999999999993008,2.4104590415954590
8.3999999999999364,125.3999999999992951,2.1564195156097412
8.3999999999999364,125.4999999999992895,2.0671987533569336
8.3999999999999364,125.5999999999992838,2.1137695312500000
8.3999999999999364,125.6999999999992781,2.1655974388122559
8.3999999999999364,125.7999999999992724,2.2487027645111084
8.3999999999999364,125.8999999999992667,2.5122306346893311
8.3999999999999364,125.9999999999992610,2.8541638851165771
8.3999999999999364,126.0999999999992554,3.5032339096069336
8.3999999999999364,126.1999999999992497,4.2639360427856445
8.3999999999999364,126.2999999999992440,5.0014510154724121
8.2999999999999368,117.2999999999997556,7.1784830093383789
8.2999999999999368,122.9999999999994316,3.3995440006256104
8.2999999999999368,123.0999999999994259,2.7651424407958984
8.2999999999999368,123.1999999999994202,2.7707118988037109
8.2999999999999368,123.2999999999994145,3.0777041912078857
8.2999999999999368,123.3999999999994088,3.6508922576904297
8.2999999999999368,123.4999999999994031,3.8495097160339355
8.2999999999999368,123.5999999999993975,3.2434575557708740
8.2999999999999368,123.6999999999993918,2.7845015525817871
8.2999999999999368,123.7999999999993861,2.5730597972869873
8.2999999999999368,124.2999999999993577,1.7777144908905029
8.2999999999999368,124.3999999999993520,2.1398460865020752
8.2999999999999368,124.4999999999993463,2.4532771110534668
8.2999999999999368,124.5999999999993406,2.5401535034179688
8.2999999999999368,124.6999999999993349,1.2813675403594971
8.2999999999999368,124.7999999999993292,1.5219134092330933
8.2999999999999368,124.8999999999993236,1.9921884536743164
8.2999999999999368,124.9999999999993179,2.2007176876068115
8.2999999999999368,125.0999999999993122,2.4762635231018066
8.2999999999999368,125.1999999999993065,2.4635372161865234
8.2999999999999368,125.2999999999993008,2.1216402053833008
8.2999999999999368,125.3999999999992951,2.0141687393188477
8.2999999999999368,125.4999999999992895,2.0539362430572510
8.2999999999999368,125.5999999999992838,2.1229577064514160
8.2999999999999368,125.6999999999992781,2.1924867630004883
8.2999999999999368,125.7999999999992724,2.2160685062408447
8.2999999999999368,125.8999999999992667,2.4571130275726318
8.2999999999999368,125.9999999999992610,2.8228702545166016
8.2999999999999368,126.0999999999992554,3.3116629123687744
8.2999999999999368,126.1999999999992497,3.9438784122467041
8.2999999999999368,126.2999999999992440,4.6189804077148438
8.1999999999999371,122.9999999999994316,2.9522666931152344
8.1999999999999371,123.0999999999994259,2.7606925964355469
8.1999999999999371,123.1999999999994202,2.9312109947204590
8.1999999999999371,123.2999999999994145,3.3734912872314453
8.1999999999999371,123.3999999999994088,3.8159461021423340
8.1999999999999371,123.4999999999994031,3.9054923057556152
8.1999999999999371,123.5999999999993975,3.3879210948944092
8.1999999999999371,123.6999999999993918,2.9131252765655518
8.1999999999999371,123.7999999999993861,2.6560068130493164
8.1999999999999371,124.0999999999993690,1.9198007583618164
8.1999999999999371,124.1999999999993634,1.3801684379577637
8.1999999999999371,124.2999999999993577,1.4744451045989990
8.1999999999999371,124.3999999999993520,1.6770088672637939
8.1999999999999371,124.4999999999993463,1.7715563774108887
8.1999999999999371,124.5999999999993406,1.7778036594390869
8.1999999999999371,124.6999999999993349,1.3891441822052002
8.1999999999999371,124.7999999999993292,1.6904217004776001
8.1999999999999371,124.8999999999993236,2.0863449573516846
8.1999999999999371,124.9999999999993179,2.1599452495574951
8.1999999999999371,125.0999999999993122,2.2167320251464844
8.1999999999999371,125.1999999999993065,2.1107807159423828
8.1999999999999371,125.2999999999993008,1.9596399068832397
8.1999999999999371,125.3999999999992951,1.9920357465744019
8.1999999999999371,125.4999999999992895,2.0753817558288574
8.1999999999999371,125.5999999999992838,2.1541483402252197
8.1999999999999371,125.6999999999992781,2.2188093662261963
8.1999999999999371,125.7999999999992724,2.1542594432830811
8.1999999999999371,125.8999999999992667,2.3113074302673340
8.1999999999999371,125.9999999999992610,2.6781051158905029
8.1999999999999371,126.0999999999992554,3.0301342010498047
8.1999999999999371,126.1999999999992497,3.5116996765136719
8.1999999999999371,126.2999999999992440,4.1057910919189453
8.1999999999999371,126.3999999999992383,4.5478568077087402
8.0999999999999375,116.9999999999997726,7.3101415634155273
8.0999999999999375,122.7999999999994429,3.0867199897766113
8.0999999999999375,122.8999999999994373,2.8486673831939697
8.0999999999999375,122.9999999999994316,2.7979874610900879
8.0999999999999375,123.0999999999994259,2.9404969215393066
8.0999999999999375,123.1999999999994202,3.1936092376708984
8.0999999999999375,123.2999999999994145,3.4569518566131592
8.0999999999999375,123.3999999999994088,3.7360258102416992
8.0999999999999375,123.4999999999994031,3.7760162353515625
8.0999999999999375,123.5999999999993975,3.3429615497589111
8.0999999999999375,123.6999999999993918,3.0319385528564453
8.0999999999999375,123.7999999999993861,2.6989045143127441
8.0999999999999375,123.9999999999993747,2.2790174484252930
8.0999999999999375,124.0999999999993690,1.9352514743804932
8.0999999999999375,124.1999999999993634,1.5132390260696411
8.0999999999999375,124.2999999999993577,1.4903690814971924
8.0999999999999375,124.3999999999993520,1.5190787315368652
8.0999999999999375,124.4999999999993463,1.5657804012298584
8.0999999999999375,124.5999999999993406,1.6978322267532349
8.0999999999999375,124.6999999999993349,1.6953452825546265
8.0999999999999375,124.7999999999993292,1.9620524644851685
8.0999999999999375,124.8999999999993236,2.1822462081909180
8.0999999999999375,124.9999999999993179,2.0467925071716309
8.0999999999999375,125.0999999999993122,1.9093195199966431
8.0999999999999375,125.1999999999993065,1.7563430070877075
8.0999999999999375,125.2999999999993008,1.8161160945892334
8.0999999999999375,125.3999999999992951,1.9840575456619263
8.0999999999999375,125.4999999999992895,2.1109461784362793
8.0999999999999375,125.5999999999992838,2.1950399875640869
8.0999999999999375,125.6999999999992781,2.2810633182525635
8.0999999999999375,125.7999999999992724,2.0934214591979980
8.0999999999999375,125.8999999999992667,2.1303763389587402
8.0999999999999375,125.9999999999992610,2.5012812614440918
8.0999999999999375,126.0999999999992554,2.7293229103088379
8.0999999999999375,126.1999999999992497,3.0433681011199951
8.0999999999999375,126.2999999999992440,3.5648608207702637
8.0999999999999375,126.3999999999992383,4.4048209190368652
7.9999999999999378,116.9999999999997726,7.7434115409851074
7.9999999999999378,122.2999999999994714,3.3448069095611572
7.9999999999999378,122.3999999999994657,3.0493006706237793
7.9999999999999378,122.4999999999994600,3.6762754917144775
7.9999999999999378,122.5999999999994543,4.2849321365356445
7.9999999999999378,122.6999999999994486,4.1290593147277832
7.9999999999999378,122.7999999999994429,3.6979227066040039
7.9999999999999378,122.8999999999994373,3.3553264141082764
7.9999999999999378,122.9999999999994316,3.2967822551727295
7.9999999999999378,123.0999999999994259,3.3807320594787598
7.9999999999999378,123.1999999999994202,3.5337772369384766
7.9999999999999378,123.2999999999994145,3.5553262233734131
7.9999999999999378,123.3999999999994088,3.7030708789825439
7.9999999999999378,123.4999999999994031,3.6849982738494873
7.9999999999999378,123.5999999999993975,3.4099416732788086
7.9999999999999378,123.6999999999993918,3.4838581085205078
7.9999999999999378,123.7999999999993861,3.2343144416809082
7.9999999999999378,123.8999999999993804,2.5218064785003662
7.9999999999999378,123.9999999999993747,2.2668161392211914
7.9999999999999378,124.0999999999993690,1.9463791847229004
7.9999999999999378,124.1999999999993634,1.6802419424057007
7.9999999999999378,124.2999999999993577,1.5660754442214966
7.9999999999999378,124.3999999999993520,1.6289622783660889
7.9999999999999378,124.4999999999993463,1.8882468938827515
7.9999999999999378,124.5999999999993406,2.1614315509796143
7.9999999999999378,124.6999999999993349,2.0548830032348633
7.9999999999999378,124.7999999999993292,2.1384804248809814
7.9999999999999378,124.8999999999993236,2.1666624546051025
7.9999999999999378,124.9999999999993179,1.8784735202789307
7.9999999999999378,125.0999999999993122,1.7354832887649536
7.9999999999999378,125.1999999999993065,1.6526298522949219
7.9999999999999378,125.2999999999993008,1.6791814565658569
7.9999999999999378,125.3999999999992951,1.9565370082855225
7.9999999999999378,125.4999999999992895,2.0815052986145020
7.9999999999999378,125.5999999999992838,2.1370961666107178
7.9999999999999378,125.6999999999992781,2.1660184860229492
7.9999999999999378,125.7999999999992724,1.9220883846282959
7.9999999999999378,125.8999999999992667,1.8029806613922119
7.9999999999999378,125.9999999999992610,2.2005128860473633
7.9999999999999378,126.0999999999992554,2.3519048690795898
7.9999999999999378,126.1999999999992497,2.5822136402130127
7.9999999999999378,126.2999999999992440,3.0159730911254883
7.8999999999999382,116.9999999999997726,8.2119874954223633
7.8999999999999382,122.2999999999994714,3.2521793842315674
7.8999999999999382,122.3999999999994657,3.1928858757019043
7.8999999999999382,122.4999999999994600,3.9487800598144531
7.8999999999999382,122.5999999999994543,4.7310528755187988
7.8999999999999382,122.6999999999994486,4.5967040061950684
7.8999999999999382,122.7999999999994429,4.0465688705444336
7.8999999999999382,122.8999999999994373,3.6820070743560791
7.8999999999999382,122.9999999999994316,3.5663633346557617
7.8999999999999382,123.0999999999994259,3.5782535076141357
7.8999999999999382,123.1999999999994202,3.6416501998901367
7.8999999999999382,123.2999999999994145,3.6366775035858154
7.8999999999999382,123.3999999999994088,3.8264062404632568
7.8999999999999382,123.4999999999994031,3.8782916069030762
7.8999999999999382,123.5999999999993975,3.6925218105316162
7.8999999999999382,123.6999999999993918,3.7593111991882324
7.8999999999999382,123.7999999999993861,3.4979085922241211
7.8999999999999382,123.8999999999993804,2.8299098014831543
7.8999999999999382,123.9999999999993747,2.3792719841003418
7.8999999999999382,124.0999999999993690,2.0194935798645020
7.8999999999999382,124.1999999999993634,1.7370773553848267
7.8999999999999382,124.2999999999993577,1.5554965734481812
7.8999999999999382,124.3999999999993520,1.6226288080215454
7.8999999999999382,124.4999999999993463,1.8854267597198486
7.8999999999999382,124.5999999999993406,2.1394021511077881
7.8999999999999382,124.6999999999993349,2.0530183315277100
7.8999999999999382,124.7999999999993292,1.8843338489532471
7.8999999999999382,124.8999999999993236,1.7669284343719482
7.8999999999999382,124.9999999999993179,1.6829900741577148
7.8999999999999382,125.0999999999993122,1.6108313798904419
7.8999999999999382,125.1999999999993065,1.6091703176498413
7.8999999999999382,125.2999999999993008,1.5808633565902710
7.8999999999999382,125.3999999999992951,1.8423041105270386
7.8999999999999382,125.4999999999992895,1.8665035963058472
7.8999999999999382,125.5999999999992838,1.8332089185714722
7.8999999999999382,125.6999999999992781,1.9871766567230225
7.8999999999999382,125.7999999999992724,1.6473658084869385
7.8999999999999382,125.8999999999992667,1.3474185466766357
7.8999999999999382,125.9999999999992610,1.5283451080322266
7.8999999999999382,126.0999999999992554,1.7756340503692627
7.8999999999999382,126.1999999999992497,2.0901544094085693
7.8999999999999382,126.2999999999992440,2.7620620727539062
7.7999999999999385,122.0999999999994827,4.9363093376159668
7.7999999999999385,122.1999999999994770,4.1303477287292480
7.7999999999999385,122.2999999999994714,3.3009431362152100
7.7999999999999385,122.3999999999994657,3.4500043392181396
7.7999999999999385,122.4999999999994600,4.4435372352600098
7.7999999999999385,122.5999999999994543,5.3872733116149902
7.7999999999999385,122.6999999999994486,5.0883679389953613
7.7999999999999385,122.7999999999994429,4.6149649620056152
7.7999999999999385,122.8999999999994373,4.0103249549865723
7.7999999999999385,122.9999999999994316,3.7528789043426514
7.7999999999999385,123.0999999999994259,3.6775515079498291
7.7999999999999385,123.1999999999994202,3.6656687259674072
7.7999999999999385,123.2999999999994145,3.7856664657592773
7.7999999999999385,123.3999999999994088,4.0020875930786133
7.7999999999999385,123.6999999999993918,3.9720101356506348
7.7999999999999385,123.7999999999993861,3.8855335712432861
7.7999999999999385,123.8999999999993804,3.2542364597320557
7.7999999999999385,123.9999999999993747,2.6437983512878418
7.7999999999999385,124.0999999999993690,2.2075970172882080
7.7999999999999385,124.1999999999993634,1.9246660470962524
7.7999999999999385,124.2999999999993577,1.7362273931503296
7.7999999999999385,124.3999999999993520,1.7526361942291260
7.7999999999999385,124.4999999999993463,2.0461635589599609
7.7999999999999385,124.5999999999993406,2.3064739704132080
7.7999999999999385,124.6999999999993349,1.9348160028457642
7.7999999999999385,124.7999999999993292,1.7163802385330200
7.7999999999999385,124.8999999999993236,1.6612384319305420
7.7999999999999385,124.9999999999993179,1.5491777658462524
7.7999999999999385,125.0999999999993122,1.6194169521331787
7.7999999999999385,125.1999999999993065,1.6509122848510742
7.7999999999999385,125.2999999999993008,1.5052846670150757
7.7999999999999385,125.3999999999992951,1.7322303056716919
7.7999999999999385,125.4999999999992895,1.6584488153457642
7.7999999999999385,125.5999999999992838,1.6226059198379517
7.7999999999999385,125.6999999999992781,1.6778552532196045
7.7999999999999385,125.7999999999992724,1.5027767419815063
7.7999999999999385,125.8999999999992667,1.3021156787872314
7.7999999999999385,125.9999999999992610,1.1547111272811890
7.7999999999999385,126.0999999999992554,1.1612707376480103
7.7999999999999385,126.1999999999992497,1.6720807552337646
7.7999999999999385,126.2999999999992440,2.5213563442230225
7.7999999999999385,126.3999999999992383,3.5644958019256592
7.6999999999999389,122.1999999999994770,4.2713274955749512
7.6999999999999389,122.2999999999994714,3.4234814643859863
7.6999999999999389,122.3999999999994657,3.7469377517700195
7.6999999999999389,122.4999999999994600,4.5561189651489258
7.6999999999999389,122.8999999999994373,4.5227799415588379
7.6999999999999389,122.9999999999994316,4.1646652221679688
7.6999999999999389,123.0999999999994259,3.8824536800384521
7.6999999999999389,123.1999999999994202,3.8447687625885010
7.6999999999999389,123.2999999999994145,3.9888007640838623
7.6999999999999389,123.3999999999994088,4.1843504905700684
7.6999999999999389,123.4999999999994031,4.7164449691772461
7.6999999999999389,123.8999999999993804,3.4309921264648438
7.6999999999999389,123.9999999999993747,3.0259673595428467
7.6999999999999389,124.0999999999993690,2.5477509498596191
7.6999999999999389,124.1999999999993634,2.2838048934936523
7.6999999999999389,124.2999999999993577,2.1291313171386719
7.6999999999999389,124.3999999999993520,2.0961740016937256
7.6999999999999389,124.4999999999993463,2.2627253532409668
7.6999999999999389,124.5999999999993406,2.3756844997406006
7.6999999999999389,124.6999999999993349,1.9049763679504395
7.6999999999999389,124.7999999999993292,1.6595718860626221
7.6999999999999389,124.8999999999993236,1.8326047658920288
7.6999999999999389,124.9999999999993179,1.6332827806472778
7.6999999999999389,125.0999999999993122,1.6472011804580688
7.6999999999999389,125.1999999999993065,1.6814955472946167
7.6999999999999389,125.2999999999993008,1.5095089673995972
7.6999999999999389,125.3999999999992951,1.6889976263046265
7.6999999999999389,125.4999999999992895,1.6021063327789307
7.6999999999999389,125.5999999999992838,1.4309809207916260
7.6999999999999389,125.6999999999992781,1.7146480083465576
7.6999999999999389,125.7999999999992724,1.5099406242370605
7.6999999999999389,125.8999999999992667,1.2218362092971802
7.6999999999999389,125.9999999999992610,1.3803089857101440
7.6999999999999389,126.0999999999992554,1.0799437761306763
7.6999999999999389,126.1999999999992497,1.3799393177032471
7.6999999999999389,126.2999999999992440,2.1890225410461426
7.6999999999999389,126.3999999999992383,3.2099606990814209
7.6999999999999389,126.4999999999992326,4.6839704513549805
7.5999999999999392,122.1999999999994770,4.4149541854858398
7.5999999999999392,122.2999999999994714,3.7024972438812256
7.5999999999999392,122.3999999999994657,3.9475679397583008
7.5999999999999392,122.8999999999994373,4.7794399261474609
7.5999999999999392,122.9999999999994316,4.5123205184936523
7.5999999999999392,123.1999999999994202,4.2715864181518555
7.5999999999999392,123.2999999999994145,4.3160367012023926
7.5999999999999392,123.3999999999994088,4.2925539016723633
7.5999999999999392,124.0999999999993690,2.5935325622558594
7.5999999999999392,124.1999999999993634,2.2149560451507568
7.5999999999999392,124.2999999999993577,1.8818107843399048
7.5999999999999392,124.3999999999993520,1.7740375995635986
7.5999999999999392,124.4999999999993463,1.7995539903640747
7.5999999999999392,124.5999999999993406,1.8256943225860596
7.5999999999999392,124.6999999999993349,1.5220507383346558
7.5999999999999392,124.7999999999993292,1.4742978811264038
7.5999999999999392,124.8999999999993236,1.6475993394851685
7.5999999999999392,124.9999999999993179,1.4276592731475830
7.5999999999999392,125.0999999999993122,1.5990766286849976
7.5999999999999392,125.1999999999993065,1.6878880262374878
7.5999999999999392,125.2999999999993008,1.6819177865982056
7.5999999999999392,125.3999999999992951,1.8739670515060425
7.5999999999999392,125.4999999999992895,1.7587196826934814
7.5999999999999392,125.5999999999992838,1.5897283554077148
7.5999999999999392,125.6999999999992781,1.8823994398117065
7.5999999999999392,125.7999999999992724,1.5914524793624878
7.5999999999999392,125.8999999999992667,1.0832146406173706
7.5999999999999392,125.9999999999992610,1.1084640026092529
7.5999999999999392,126.0999999999992554,1.0109981298446655
7.5999999999999392,126.1999999999992497,1.0065102577209473
7.5999999999999392,126.2999999999992440,1.7636959552764893
7.5999999999999392,126.3999999999992383,2.6407208442687988
7.5999999999999392,126.4999999999992326,3.8606498241424561
7.4999999999999396,122.0999999999994827,5.2317161560058594
7.4999999999999396,122.1999999999994770,4.5921382904052734
7.4999999999999396,122.2999999999994714,3.9858603477478027
7.4999999999999396,123.2999999999994145,4.6498765945434570
7.4999999999999396,123.3999999999994088,4.7556848526000977
7.4999999999999396,124.1999999999993634,2.3633151054382324
7.4999999999999396,124.2999999999993577,2.0335454940795898
7.4999999999999396,124.3999999999993520,1.7789349555969238
7.4999999999999396,124.4999999999993463,1.5636154413223267
7.4999999999999396,124.5999999999993406,1.6725165843963623
7.4999999999999396,124.6999999999993349,1.3480077981948853
7.4999999999999396,124.7999999999993292,1.2917380332946777
7.4999999999999396,124.8999999999993236,1.3844304084777832
7.4999999999999396,124.9999999999993179,1.2390216588973999
7.4999999999999396,125.0999999999993122,1.5606731176376343
7.4999999999999396,125.1999999999993065,1.8108108043670654
7.4999999999999396,125.2999999999993008,1.9283373355865479
7.4999999999999396,125.3999999999992951,2.0223488807678223
7.4999999999999396,125.4999999999992895,2.0106983184814453
7.4999999999999396,125.5999999999992838,1.9190877676010132
7.4999999999999396,125.6999999999992781,2.1421117782592773
7.4999999999999396,125.7999999999992724,1.9712804555892944
7.4999999999999396,125.8999999999992667,1.4193260669708252
7.4999999999999396,125.9999999999992610,1.2628767490386963
7.4999999999999396,126.0999999999992554,0.9579623937606812
7.4999999999999396,126.1999999999992497,0.9163202047348022
7.4999999999999396,126.2999999999992440,1.4078513383865356
7.4999999999999396,126.3999999999992383,2.0802679061889648
7.4999999999999396,126.4999999999992326,2.9997646808624268
7.4999999999999396,126.5999999999992269,3.5065968036651611
7.3999999999999400,122.0999999999994827,4.9325060844421387
7.3999999999999400,122.1999999999994770,4.5109519958496094
7.3999999999999400,122.2999999999994714,4.1640038490295410
7.3999999999999400,122.7999999999994429,5.8213615417480469
7.3999999999999400,123.3999999999994088,4.9955892562866211
7.3999999999999400,124.1999999999993634,2.3836727142333984
7.3999999999999400,124.2999999999993577,2.0250871181488037
7.3999999999999400,124.3999999999993520,1.6907522678375244
7.3999999999999400,124.4999999999993463,1.4191151857376099
7.3999999999999400,124.5999999999993406,1.7196320295333862
7.3999999999999400,124.6999999999993349,1.3903684616088867
7.3999999999999400,124.7999999999993292,1.1664755344390869
7.3999999999999400,124.8999999999993236,1.2086364030838013
7.3999999999999400,124.9999999999993179,1.2068768739700317
7.3999999999999400,125.0999999999993122,1.4802564382553101
7.3999999999999400,125.1999999999993065,1.9137908220291138
7.3999999999999400,125.2999999999993008,1.9715300798416138
7.3999999999999400,125.3999999999992951,2.2115480899810791
7.3999999999999400,125.4999999999992895,2.2974915504455566
7.3999999999999400,125.5999999999992838,2.3453462123870850
7.3999999999999400,125.6999999999992781,2.4868175983428955
7.3999999999999400,125.7999999999992724,2.1557567119598389
7.3999999999999400,125.8999999999992667,1.6763849258422852
7.3999999999999400,125.9999999999992610,1.2051008939743042
7.3999999999999400,126.0999999999992554,0.9915651679039001
7.3999999999999400,126.1999999999992497,1.0219475030899048
7.3999999999999400,126.2999999999992440,1.3078917264938354
7.3999999999999400,126.3999999999992383,1.9594581127166748
7.3999999999999400,126.4999999999992326,2.6539833545684814
7.2999999999999403,116.8999999999997783,8.5632247924804688
7.2999999999999403,117.0999999999997669,8.5943975448608398
7.2999999999999403,117.1999999999997613,8.5155868530273438
7.2999999999999403,122.0999999999994827,4.2400999069213867
7.2999999999999403,122.1999999999994770,4.1606345176696777
7.2999999999999403,124.1999999999993634,2.3193762302398682
7.2999999999999403,124.2999999999993577,2.1211121082305908
7.2999999999999403,124.3999999999993520,1.8319026231765747
7.2999999999999403,124.4999999999993463,1.5297200679779053
7.2999999999999403,124.5999999999993406,1.9403945207595825
7.2999999999999403,124.6999999999993349,1.4643470048904419
7.2999999999999403,124.7999999999993292,1.1124036312103271
7.2999999999999403,124.8999999999993236,1.0899726152420044
7.2999999999999403,124.9999999999993179,1.1239987611770630
7.2999999999999403,125.0999999999993122,1.3548592329025269
7.2999999999999403,125.1999999999993065,1.7426242828369141
7.2999999999999403,125.2999999999993008,1.7887367010116577
7.2999999999999403,125.3999999999992951,2.2858777046203613
7.2999999999999403,125.4999999999992895,2.6202194690704346
7.2999999999999403,125.5999999999992838,3.0162749290466309
7.2999999999999403,125.6999999999992781,3.3435428142547607
7.2999999999999403,125.8999999999992667,2.0588488578796387
7.2999999999999403,125.9999999999992610,1.5642586946487427
7.2999999999999403,126.0999999999992554,1.4044209718704224
7.2999999999999403,126.1999999999992497,1.3406115770339966
7.2999999999999403,126.2999999999992440,1.7885617017745972
7.2999999999999403,126.3999999999992383,2.3287441730499268
7.2999999999999403,126.4999999999992326,2.8874950408935547
7.2999999999999403,126.5999999999992269,3.6188645362854004
7.1999999999999407,117.0999999999997669,8.6245450973510742
7.1999999999999407,117.1999999999997613,8.4912700653076172
7.1999999999999407,121.9999999999994884,4.2847189903259277
7.1999999999999407,122.0999999999994827,3.6143994331359863
7.1999999999999407,122.1999999999994770,3.7806036472320557
7.1999999999999407,124.1999999999993634,2.6442785263061523
7.1999999999999407,124.2999999999993577,2.2708268165588379
7.1999999999999407,124.3999999999993520,2.0147492885589600
7.1999999999999407,124.4999999999993463,1.6844778060913086
7.1999999999999407,124.5999999999993406,1.9528882503509521
7.1999999999999407,124.6999999999993349,1.5571191310882568
7.1999999999999407,124.7999999999993292,1.3291933536529541
7.1999999999999407,124.8999999999993236,1.2803474664688110
7.1999999999999407,124.9999999999993179,1.1092903614044189
7.1999999999999407,125.0999999999993122,1.2166196107864380
7.1999999999999407,125.1999999999993065,1.5809694528579712
7.1999999999999407,125.2999999999993008,1.8362270593643188
7.1999999999999407,125.3999999999992951,2.3613150119781494
7.1999999999999407,125.4999999999992895,2.9047338962554932
7.1999999999999407,125.5999999999992838,3.7177708148956299
7.1999999999999407,125.9999999999992610,2.4297909736633301
7.1999999999999407,126.0999999999992554,2.1202981472015381
7.1999999999999407,126.1999999999992497,2.1692738533020020
7.1999999999999407,126.2999999999992440,2.3906388282775879
7.1999999999999407,126.3999999999992383,2.7375736236572266
7.1999999999999407,126.4999999999992326,3.6533718109130859
7.0999999999999410,121.9999999999994884,3.8112454414367676
7.0999999999999410,122.0999999999994827,3.0757400989532471
7.0999999999999410,122.1999999999994770,3.4358878135681152
7.0999999999999410,124.0999999999993690,3.2029666900634766
7.0999999999999410,124.1999999999993634,2.3164515495300293
7.0999999999999410,124.2999999999993577,2.0912697315216064
7.0999999999999410,124.3999999999993520,1.9074065685272217
7.0999999999999410,124.4999999999993463,1.7496597766876221
7.0999999999999410,124.5999999999993406,2.0958545207977295
7.0999999999999410,124.6999999999993349,1.6834851503372192
7.0999999999999410,124.7999999999993292,1.3925931453704834
7.0999999999999410,124.8999999999993236,1.3533657789230347
7.0999999999999410,124.9999999999993179,1.1632434129714966
7.0999999999999410,125.0999999999993122,1.1605570316314697
7.0999999999999410,125.1999999999993065,1.5400545597076416
7.0999999999999410,125.2999999999993008,1.8847365379333496
7.0999999999999410,125.3999999999992951,2.3467693328857422
7.0999999999999410,125.4999999999992895,2.9973106384277344
7.0999999999999410,125.5999999999992838,3.8230652809143066
7.0999999999999410,125.6999999999992781,4.9367623329162598
7.0999999999999410,125.8999999999992667,3.6467146873474121
7.0999999999999410,125.9999999999992610,3.3136608600616455
7.0999999999999410,126.0999999999992554,2.9260957241058350
7.0999999999999410,126.1999999999992497,2.9130659103393555
7.0999999999999410,126.2999999999992440,2.9803948402404785
7.0999999999999410,126.3999999999992383,3.1488451957702637
6.9999999999999414,117.0999999999997669,7.6760978698730469
6.9999999999999414,121.9999999999994884,3.6257874965667725
6.9999999999999414,122.0999999999994827,3.5739278793334961
6.9999999999999414,122.1999999999994770,4.1442461013793945
6.9999999999999414,123.9999999999993747,2.6924586296081543
6.9999999999999414,124.0999999999993690,2.3076045513153076
6.9999999999999414,124.1999999999993634,1.8931849002838135
6.9999999999999414,124.2999999999993577,1.8169243335723877
6.9999999999999414,124.3999999999993520,1.6742807626724243
6.9999999999999414,124.4999999999993463,1.7710955142974854
6.9999999999999414,124.5999999999993406,2.0695731639862061
6.9999999999999414,124.6999999999993349,1.7303689718246460
6.9999999999999414,124.7999999999993292,1.4331810474395752
6.9999999999999414,124.8999999999993236,1.4059612751007080
6.9999999999999414,124.9999999999993179,1.2370702028274536
6.9999999999999414,125.0999999999993122,1.1844849586486816
6.9999999999999414,125.1999999999993065,1.6122184991836548
6.9999999999999414,125.2999999999993008,1.9137624502182007
6.9999999999999414,125.3999999999992951,2.4321072101593018
6.9999999999999414,125.4999999999992895,2.9200060367584229
6.9999999999999414,125.7999999999992724,5.0421433448791504
6.9999999999999414,125.9999999999992610,4.2371497154235840
6.9999999999999414,126.0999999999992554,3.7948217391967773
6.9999999999999414,126.1999999999992497,3.7005033493041992
6.9999999999999414,126.2999999999992440,3.6664700508117676
6.8999999999999417,116.6999999999997897,4.7969565391540527
6.8999999999999417,116.7999999999997840,5.2997331619262695
6.8999999999999417,117.0999999999997669,7.0116715431213379
6.8999999999999417,117.1999999999997613,7.3001637458801270
6.8999999999999417,122.0999999999994827,3.9911024570465088
6.8999999999999417,123.9999999999993747,2.7447466850280762
6.8999999999999417,124.0999999999993690,1.8558527231216431
6.8999999999999417,124.1999999999993634,1.5864126682281494
6.8999999999999417,124.2999999999993577,1.6640236377716064
6.8999999999999417,124.3999999999993520,1.5467882156372070
6.8999999999999417,124.4999999999993463,1.8465774059295654
6.8999999999999417,124.5999999999993406,2.2230765819549561
6.8999999999999417,124.6999999999993349,1.7859731912612915
6.8999999999999417,124.7999999999993292,1.5293476581573486
6.8999999999999417,124.8999999999993236,1.7444764375686646
6.8999999999999417,124.9999999999993179,1.3012509346008301
6.8999999999999417,125.0999999999993122,1.2724328041076660
6.8999999999999417,125.1999999999993065,1.6978365182876587
6.8999999999999417,125.2999999999993008,1.9373911619186401
6.8999999999999417,125.3999999999992951,2.5038106441497803
6.8999999999999417,126.0999999999992554,4.6750726699829102
6.8999999999999417,126.2999999999992440,4.5852575302124023
6.7999999999999421,124.0999999999993690,2.7839682102203369
6.7999999999999421,124.1999999999993634,1.5573217868804932
6.7999999999999421,124.2999999999993577,1.5701936483383179
6.7999999999999421,124.3999999999993520,1.4044064283370972
6.7999999999999421,124.4999999999993463,1.5944458246231079
6.7999999999999421,124.5999999999993406,1.9383088350296021
6.7999999999999421,124.6999999999993349,1.6760400533676147
6.7999999999999421,124.7999999999993292,1.5316997766494751
6.7999999999999421,124.8999999999993236,1.6042817831039429
6.7999999999999421,124.9999999999993179,1.3314769268035889
6.7999999999999421,125.0999999999993122,1.4353410005569458
6.7999999999999421,125.1999999999993065,1.8836938142776489
6.7999999999999421,125.2999999999993008,2.1167690753936768
6.7999999999999421,125.3999999999992951,2.4465267658233643
6.7999999999999421,126.0999999999992554,4.9216289520263672
6.7999999999999421,126.1999999999992497,4.8234338760375977
6.6999999999999424,121.9999999999994884,3.1849629878997803
6.6999999999999424,122.0999999999994827,3.1555392742156982
6.6999999999999424,124.0999999999993690,3.8140568733215332
6.6999999999999424,124.1999999999993634,2.4923832416534424
6.6999999999999424,124.2999999999993577,1.4944933652877808
6.6999999999999424,124.3999999999993520,1.3538866043090820
6.6999999999999424,124.4999999999993463,1.3341232538223267
6.6999999999999424,124.5999999999993406,1.8290400505065918
6.6999999999999424,124.6999999999993349,1.5305508375167847
6.6999999999999424,124.7999999999993292,1.4678317308425903
6.6999999999999424,124.8999999999993236,1.6333097219467163
6.6999999999999424,124.9999999999993179,1.4188408851623535
6.6999999999999424,125.0999999999993122,1.6160041093826294
6.6999999999999424,125.1999999999993065,2.1298172473907471
6.6999999999999424,125.2999999999993008,2.3082039356231689
6.6999999999999424,126.0999999999992554,4.9564695358276367
6.6999999999999424,126.1999999999992497,4.9495534896850586
6.5999999999999428,121.8999999999994941,5.1418800354003906
6.5999999999999428,121.9999999999994884,3.2846813201904297
6.5999999999999428,122.0999999999994827,3.1170153617858887
6.5999999999999428,122.1999999999994770,3.6322231292724609
6.5999999999999428,124.0999999999993690,4.5760855674743652
6.5999999999999428,124.1999999999993634,3.2552211284637451
6.5999999999999428,124.2999999999993577,1.9649538993835449
6.5999999999999428,124.3999999999993520,1.3817279338836670
6.5999999999999428,124.4999999999993463,1.3436033725738525
6.5999999999999428,124.5999999999993406,1.5828731060028076
6.5999999999999428,124.6999999999993349,1.4837627410888672
6.5999999999999428,124.7999999999993292,1.5506252050399780
6.5999999999999428,124.8999999999993236,1.6035056114196777
6.5999999999999428,124.9999999999993179,1.6641504764556885
6.5999999999999428,125.0999999999993122,1.7554273605346680
6.5999999999999428,125.1999999999993065,2.2875947952270508
6.5999999999999428,125.2999999999993008,2.4364316463470459
6.5999999999999428,126.0999999999992554,5.0338420867919922
6.5999999999999428,126.1999999999992497,5.1545295715332031
6.4999999999999432,121.9999999999994884,3.5639886856079102
6.4999999999999432,122.0999999999994827,3.6065177917480469
6.4999999999999432,122.1999999999994770,3.7645914554595947
6.4999999999999432,124.0999999999993690,4.4925341606140137
6.4999999999999432,124.1999999999993634,3.3381111621856689
6.4999999999999432,124.2999999999993577,2.2506608963012695
6.4999999999999432,124.3999999999993520,1.6339042186737061
6.4999999999999432,124.4999999999993463,1.5573711395263672
6.4999999999999432,124.5999999999993406,1.5446362495422363
6.4999999999999432,124.6999999999993349,1.6712375879287720
6.4999999999999432,124.7999999999993292,1.8157944679260254
6.4999999999999432,124.8999999999993236,1.9006063938140869
6.4999999999999432,124.9999999999993179,1.8185640573501587
6.4999999999999432,125.0999999999993122,1.7661975622177124
6.4999999999999432,125.1999999999993065,2.1897990703582764
6.4999999999999432,125.2999999999993008,2.3223288059234619
6.4999999999999432,125.3999999999992951,2.6117551326751709
6.4999999999999432,125.4999999999992895,3.1531476974487305
6.4999999999999432,125.5999999999992838,3.5819327831268311
6.4999999999999432,126.1999999999992497,4.6330265998840332
6.3999999999999435,121.9999999999994884,3.9333152770996094
6.3999999999999435,124.0999999999993690,4.3923645019531250
6.3999999999999435,124.1999999999993634,3.4879422187805176
6.3999999999999435,124.2999999999993577,2.4656932353973389
6.3999999999999435,124.3999999999993520,2.0742321014404297
6.3999999999999435,124.4999999999993463,1.8634935617446899
6.3999999999999435,124.5999999999993406,1.7258583307266235
6.3999999999999435,124.6999999999993349,1.9000383615493774
6.3999999999999435,124.7999999999993292,2.1045980453491211
6.3999999999999435,124.8999999999993236,2.1829314231872559
6.3999999999999435,124.9999999999993179,1.9941769838333130
6.3999999999999435,125.0999999999993122,1.7892013788223267
6.3999999999999435,125.1999999999993065,2.0340480804443359
6.3999999999999435,125.2999999999993008,2.1547293663024902
6.3999999999999435,125.3999999999992951,2.3871729373931885
6.3999999999999435,125.4999999999992895,3.0005607604980469
6.2999999999999439,120.5999999999995680,7.6272864341735840
6.2999999999999439,124.1999999999993634,3.7950623035430908
6.2999999999999439,124.2999999999993577,2.9270873069763184
6.2999999999999439,124.3999999999993520,2.5542120933532715
6.2999999999999439,124.4999999999993463,2.2463853359222412
6.2999999999999439,124.5999999999993406,2.0126385688781738
6.2999999999999439,124.6999999999993349,2.1175386905670166
6.2999999999999439,124.7999999999993292,2.3166658878326416
6.2999999999999439,124.8999999999993236,2.3835697174072266
6.2999999999999439,124.9999999999993179,2.1084070205688477
6.2999999999999439,125.0999999999993122,1.8255890607833862
6.2999999999999439,125.1999999999993065,1.7854321002960205
6.2999999999999439,125.2999999999993008,1.9047092199325562
6.2999999999999439,125.3999999999992951,2.1115515232086182
6.2999999999999439,125.4999999999992895,2.7883148193359375
6.2999999999999439,125.5999999999992838,3.6701159477233887
6.1999999999999442,124.2999999999993577,3.3747606277465820
6.1999999999999442,124.3999999999993520,3.1009728908538818
6.1999999999999442,124.4999999999993463,2.6642150878906250
6.1999999999999442,124.5999999999993406,2.2867283821105957
6.1999999999999442,124.6999999999993349,2.2457737922668457
6.1999999999999442,124.7999999999993292,2.3291134834289551
6.1999999999999442,124.8999999999993236,2.3148863315582275
6.1999999999999442,124.9999999999993179,2.0313940048217773
6.1999999999999442,125.0999999999993122,1.7579876184463501
6.1999999999999442,125.1999999999993065,1.6603486537933350
6.1999999999999442,125.2999999999993008,1.6331601142883301
6.1999999999999442,125.3999999999992951,1.8564045429229736
6.1999999999999442,125.4999999999992895,2.4543840885162354
6.1999999999999442,125.5999999999992838,3.3583712577819824
6.1999999999999442,125.6999999999992781,4.0631556510925293
6.0999999999999446,120.9999999999995453,7.4638071060180664
6.0999999999999446,121.0999999999995396,7.4982242584228516
6.0999999999999446,124.4999999999993463,3.0991818904876709
6.0999999999999446,124.5999999999993406,2.5978066921234131
6.0999999999999446,124.6999999999993349,2.4537937641143799
6.0999999999999446,124.7999999999993292,2.3919000625610352
6.0999999999999446,124.8999999999993236,2.2708673477172852
6.0999999999999446,124.9999999999993179,2.2155385017395020
6.0999999999999446,125.0999999999993122,2.3300862312316895
6.0999999999999446,125.2999999999993008,1.7032761573791504
6.0999999999999446,125.3999999999992951,1.7306517362594604
6.0999999999999446,125.4999999999992895,2.4234340190887451
6.0999999999999446,125.5999999999992838,3.3334681987762451
6.0999999999999446,125.6999999999992781,4.1230335235595703
5.9999999999999449,120.8999999999995509,7.4006767272949219
5.9999999999999449,120.9999999999995453,7.4379315376281738
5.9999999999999449,121.0999999999995396,7.4802165031433105
5.9999999999999449,121.3999999999995225,7.3523874282836914
5.9999999999999449,124.5999999999993406,2.8358378410339355
5.9999999999999449,124.6999999999993349,2.6922729015350342
5.9999999999999449,124.7999999999993292,2.5663499832153320
5.9999999999999449,124.8999999999993236,2.3793838024139404
5.9999999999999449,124.9999999999993179,2.5468845367431641
5.9999999999999449,125.0999999999993122,2.9228625297546387
5.9999999999999449,125.3999999999992951,1.8176906108856201
5.9999999999999449,125.4999999999992895,2.4310717582702637
5.9999999999999449,125.5999999999992838,3.2890856266021729
5.8999999999999453,120.8999999999995509,7.3660750389099121
5.8999999999999453,124.7999999999993292,2.7236061096191406
5.8999999999999453,124.8999999999993236,2.7174220085144043
5.8999999999999453,124.9999999999993179,2.6626911163330078
5.8999999999999453,125.0999999999993122,3.0287997722625732
5.8999999999999453,125.1999999999993065,3.0905966758728027
5.8999999999999453,125.2999999999993008,2.4472563266754150
5.8999999999999453,125.3999999999992951,2.1260843276977539
5.8999999999999453,125.4999999999992895,2.4755258560180664
5.8999999999999453,125.5999999999992838,3.5022308826446533
5.7999999999999456,125.2999999999993008,2.8699665069580078
5.7999999999999456,125.3999999999992951,2.4882884025573730
5.7999999999999456,125.4999999999992895,2.6022236347198486
5.6999999999999460,125.2999999999993008,3.3371732234954834
5.6999999999999460,125.3999999999992951,3.1294257640838623
5.5999999999999464,125.2999999999993008,4.4224910736083984
5.5999999999999464,125.3999999999992951,4.1546902656555176
5.3999999999999471,118.8999999999996646,5.3297271728515625
5.3999999999999471,118.9999999999996589,6.0812911987304688
5.3999999999999471,119.0999999999996533,6.8314375877380371
5.3999999999999471,119.1999999999996476,7.4738693237304688
5.2999999999999474,118.8999999999996646,4.6354413032531738
5.2999999999999474,118.9999999999996589,5.4496197700500488
5.2999999999999474,119.0999999999996533,6.3121323585510254
5.2999999999999474,119.1999999999996476,7.0835385322570801
5.2999999999999474,120.1999999999995907,7.2743105888366699
5.1999999999999478,118.8999999999996646,4.1273241043090820
5.1999999999999478,118.9999999999996589,4.8631272315979004
5.1999999999999478,119.0999999999996533,5.9132623672485352
5.1999999999999478,119.1999999999996476,6.9565172195434570
5.1999999999999478,120.1999999999995907,7.2822661399841309
5.0999999999999481,118.8999999999996646,4.7098217010498047
5.0999999999999481,118.9999999999996589,5.2953915596008301
5.0999999999999481,119.7999999999996135,7.1560959815979004
5.0999999999999481,119.8999999999996078,7.1333456039428711
