longitude_latitude,return_level_10years,return_level_25years,return_level_50years,return_level_100years,return_level_150years,return_level_250years,return_level_500years
grid_116.6999999999997897_6.8999999999999417,14.770080507431398,15.312834523338314,15.466281223734175,15.533219949849883,15.553134042717197,15.567716719051836,15.57746960019729
grid_116.7999999999997840_6.8999999999999417,15.101916712723149,15.744051103384109,16.229807017903557,16.715562932423005,16.99971192692039,17.357697323083965,17.84345323760341
grid_116.8999999999997783_7.2999999999999403,22.503792539213237,23.64870428211847,24.514796581187724,25.38088888025698,25.887520397375866,26.525800623162212,27.391892922231467
grid_116.9999999999997726_7.8999999999999382,22.98838935430642,24.290221959224453,25.275020307903898,26.25981865658334,26.83588876133293,27.561651261501375,28.54644961018082
grid_116.9999999999997726_7.9999999999999378,23.204205067439045,24.33891357164802,25.197287418605,26.05566126556198,26.557777777631575,27.190369769770957,28.048743616727936
grid_116.9999999999997726_8.0999999999999375,23.158783061704668,24.388790631855564,25.31925543921387,26.24972024657217,26.794007267117514,27.47972781672307,28.410192624081372
grid_117.0999999999997669_6.8999999999999417,18.94599444089162,19.629031485897972,19.81532898956009,19.894226161698146,19.91712232309917,19.933570424526295,19.94430152323009
grid_117.0999999999997669_6.9999999999999414,20.87137931691533,21.536670733361124,21.64501352209432,21.675122578072806,21.681231362717945,21.684577940267687,21.686117747160356
grid_117.0999999999997669_7.1999999999999407,22.748880714763168,23.673353071058628,24.37268941156831,25.072025752077987,25.481111286667712,25.99649810837345,26.69583444888313
grid_117.0999999999997669_7.2999999999999403,22.60562127305968,23.508360230200687,24.19125588892252,24.874151547644356,25.273619899901902,25.77689050478536,26.459786163507196
grid_117.1999999999997613_6.8999999999999417,20.269905689468846,20.747682995490845,20.812517179214378,20.828068287666248,20.830846644864582,20.832232072330626,20.83279709619533
grid_117.1999999999997613_7.1999999999999407,23.54929263299669,24.374679824342028,24.570152821743207,24.643858596698447,24.663255879900763,24.67618355426716,24.683838938810407
grid_117.1999999999997613_7.2999999999999403,22.554087206472147,23.507196949323113,24.228196636474912,24.949196323626712,25.370954103642198,25.902306066477674,26.623305753629474
grid_117.1999999999997613_8.4999999999999361,18.378580881422625,20.042585979639945,21.301357243109535,22.56012850657913,23.296462492694232,24.224133604796446,25.48290486826604
grid_117.2999999999997556_8.2999999999999368,22.088974045250016,23.276668897575608,24.175125369541874,25.07358184150814,25.599145186138635,26.26127669383373,27.1597331658
grid_117.2999999999997556_8.4999999999999361,16.70370981365562,18.30346334956392,19.513630182461597,20.723797015359274,21.431699232220897,22.32355055126757,23.533717384165247
grid_117.3999999999997499_8.4999999999999361,16.740685702448754,18.81328197449597,20.381140529029384,21.9489990835628,22.866137544399727,24.021595355610017,25.589453910143433
grid_117.3999999999997499_8.5999999999999357,16.39715481575724,18.061481095917117,19.320495324146897,20.579509552376678,21.31598566376549,22.243835832536554,23.502850060766335
grid_117.3999999999997499_8.6999999999999353,16.35714831336921,17.713519180390623,18.739574131690365,19.765629082990106,20.365832753179728,21.12199995001152,22.148054901311262
grid_117.4999999999997442_8.5999999999999357,18.768641008751338,20.149673635669394,20.464651220090225,20.57980823984147,20.60933358601912,20.628623671579305,20.639757200557224
grid_117.4999999999997442_8.6999999999999353,16.992444231420752,18.193706166805026,18.49430861881484,18.612899566991175,18.64532339186333,18.66757280986334,18.681254181413205
grid_117.4999999999997442_8.7999999999999350,14.0548031195289,15.262913377979963,16.176813508496515,17.09071363901307,17.625310944769428,18.298823897464132,19.212724027980688
grid_117.4999999999997442_8.8999999999999346,14.025501986316417,15.058170281697553,15.83935369051914,16.62053709934073,17.07750009968688,17.653205394721866,18.434388803543452
grid_117.5999999999997385_8.6999999999999353,15.141303836652403,16.730363803115434,17.932441263008158,19.134518722900886,19.83768895990027,20.72357868936392,21.925656149256643
grid_117.5999999999997385_8.7999999999999350,12.353388326136116,13.543859707592109,14.444416542763562,15.344973377935016,15.87176535627844,16.53544475939101,17.436001594562462
grid_117.5999999999997385_8.8999999999999346,12.098151050179093,13.057023189104928,13.782381960610225,14.507740732115522,14.932048413015286,15.466612871041356,16.191971642546655
grid_117.5999999999997385_8.9999999999999343,14.299727399387015,15.469530923434814,16.354453128032844,17.239375332630875,17.757021638376216,18.409178856678672,19.294101061276702
grid_117.6999999999997328_8.7999999999999350,11.620591848775952,13.05848787321865,14.146214225358264,15.233940577497878,15.870219704545766,16.671836601940576,17.75956295408019
grid_117.6999999999997328_8.8999999999999346,10.542111821661848,11.202556507509728,11.702163625629229,12.20177074374873,12.494022172942003,12.862215429596608,13.361822547716109
grid_117.6999999999997328_8.9999999999999343,13.761780646004626,14.668432085944152,14.933877675507627,15.05306741234389,15.089393171847787,15.116495876929033,15.135066195615154
grid_117.7999999999997272_8.7999999999999350,11.232630974004618,12.882411594747815,14.130422456400446,15.378433318053077,16.108472872612563,17.028213938796274,18.2762248004489
grid_117.7999999999997272_8.8999999999999346,9.429807549618042,10.487324038856023,11.287304380697604,12.087284722539184,12.555243223830601,13.144801211777168,13.944781553618746
grid_117.7999999999997272_8.9999999999999343,10.630840566106908,11.488536078284298,12.137357686278394,12.78617929427249,13.165715604606637,13.64387480644988,14.292696414443977
grid_117.7999999999997272_9.0999999999999339,12.084882439409718,13.36736064664558,14.337517958677848,15.307675270710117,15.875180918049427,16.590153477945975,17.560310789978246
grid_117.8999999999997215_8.7999999999999350,11.653076737903652,13.386346907223807,14.697515174260179,16.00868344129655,16.77566770964837,17.741953610616704,19.053121877653076
grid_117.8999999999997215_8.8999999999999346,10.848987922680799,12.457289335829799,13.673922388239536,14.890555440649273,15.602240153446886,16.498856853798273,17.71548990620801
grid_117.8999999999997215_8.9999999999999343,10.550666908934142,11.652079853402096,12.485266581733036,13.318453310063978,13.805836302236123,14.419866254531932,15.253052982862872
grid_117.8999999999997215_9.0999999999999339,11.409226434842445,13.071871402353393,14.329613766663018,15.58735613097264,16.32308824966214,17.25000109848359,18.507743462793215
grid_117.8999999999997215_9.1999999999999336,15.01505412353809,16.41234840385139,16.765288907890266,16.905601621750737,16.944213424298074,16.970840819880333,16.987319492838036
grid_117.9999999999997158_8.8999999999999346,13.458353284936821,15.775502410308931,17.52835805679517,19.28121370328141,20.306568525653198,21.59836282865352,23.35121847513976
grid_117.9999999999997158_8.9999999999999343,12.720020907884026,14.895425255908732,16.54105511765251,18.186684979396286,19.149316738583337,20.362089327420993,22.00771918916477
grid_117.9999999999997158_9.0999999999999339,12.224542140677976,14.084047773356279,15.490709482015056,16.897371190673837,17.720215541439572,18.75687682335214,20.163538532010918
grid_117.9999999999997158_9.1999999999999336,14.285715347813312,16.243513296379895,17.72453027161363,19.205547246847374,20.071886640290582,21.163345195413953,22.644362170647696
grid_118.0999999999997101_9.1999999999999336,14.759735294955076,17.11532263896442,18.8972556753525,20.679188711740576,21.721552716823787,23.034776055749923,24.816709092137998
grid_118.0999999999997101_9.2999999999999332,16.72261414663465,18.440270579676415,19.739627511180405,21.038984442684395,21.79905952266634,22.756640875726156,24.05599780723015
grid_118.1999999999997044_9.1999999999999336,14.976531635318565,16.940425764659608,18.426054322624694,19.91168288058978,20.7807198769998,21.875577009930822,23.361205567895908
grid_118.1999999999997044_9.2999999999999332,15.391928919392548,16.637670769542236,17.580038100237203,18.52240543093217,19.07365498129342,19.76814728108186,20.710514611776826
grid_118.1999999999997044_9.3999999999999329,16.618239264406963,17.778714709285875,18.656580494397122,19.53444627950837,20.047964844464587,20.69492172438728,21.57278750949853
grid_118.2999999999996987_9.2999999999999332,14.436328505749424,15.66248771820919,16.590041355356334,17.517594992503476,18.06017908764207,18.743754204963242,19.671307842110384
grid_118.2999999999996987_9.3999999999999329,14.546773002351836,15.529381488451005,16.27269611342907,17.01601073840714,17.450821920256917,17.998619224506307,18.741933849484376
grid_118.2999999999996987_9.4999999999999325,17.898067745091904,18.65429031313382,18.858332846104602,18.943978874197715,18.96864853177283,18.98626890146961,18.99767951608047
grid_118.3999999999996930_9.2999999999999332,15.150507293788344,16.44670335624323,16.853062239510834,17.04615523675188,17.107851631058484,17.155604315170383,17.18991672096228
grid_118.3999999999996930_9.3999999999999329,13.45915278140319,13.920899017622375,14.008670650815391,14.036325155966537,14.042573253912064,14.046282949988724,14.04817579020218
grid_118.3999999999996930_9.4999999999999325,15.515255702534265,16.013833370188596,16.11373701221087,16.146595260680876,16.154296025748653,16.158996101341813,16.16148094819024
grid_118.3999999999996930_9.5999999999999321,19.648968524657704,20.556276741655722,20.79941551150045,20.90089813034603,20.929991346877827,20.95069563048419,20.96404027202728
grid_118.3999999999996930_9.6999999999999318,22.87390366040888,23.986909416631587,24.270955598929387,24.384840686698215,24.416404542937862,24.438291060796768,24.45193193787238
grid_118.4999999999996874_9.3999999999999329,15.25332309252681,16.292253624235318,16.509469572771224,16.58343245651608,16.6012857138098,16.61242790672357,16.618490173668107
grid_118.4999999999996874_9.4999999999999325,14.91675730336869,15.279949740017955,15.323052267122545,15.33233549218432,15.333845736449522,15.334548904588198,15.334811585356036
grid_118.4999999999996874_9.5999999999999321,17.488783877262314,17.994871871218084,18.06453653076769,18.08143968611366,18.084489884891745,18.08602207186186,18.086652852174545
grid_118.4999999999996874_9.6999999999999318,20.101437977153775,20.972776457632786,21.142698152152022,21.197362839781377,21.20993498373488,21.217499985856946,21.221426976412967
grid_118.5999999999996817_9.4999999999999325,15.426226898501085,16.468741803640278,16.74713167029453,16.86299117543774,16.896125219767175,16.9196610149554,16.934793948776168
grid_118.5999999999996817_9.5999999999999321,15.099583885362668,15.557484670668885,15.636985453712406,15.660256106562896,15.665192689479355,15.667988501070834,15.669331000227658
grid_118.5999999999996817_9.6999999999999318,16.4037730870423,17.318014632320825,17.523671537750992,17.598015590435637,17.616895299306215,17.629140684927915,17.636142216030457
grid_118.5999999999996817_9.7999999999999314,17.424102769969956,18.76489058988576,19.150789018284573,19.32163368028949,19.373091060836607,19.41113389135632,19.43689336670285
grid_118.5999999999996817_9.8999999999999311,16.308189208089477,18.21094405412717,19.650322529701384,21.089701005275597,21.931683437831694,22.992455851313288,24.431834326887504
grid_118.6999999999996760_9.5999999999999321,15.180083159747898,16.34154863809666,16.61820079969552,16.723009783604027,16.750702739450787,16.76921547736883,16.780221318951295
grid_118.6999999999996760_9.6999999999999318,14.794444282109877,15.783360405397188,16.034616078492252,16.134985696544593,16.162717990637265,16.18190223015228,16.19382239704338
grid_118.6999999999996760_9.7999999999999314,13.812935818377298,15.31764120554658,16.455906889579488,17.594172573612397,18.260015314629364,19.098877960781678,20.237143644814587
grid_118.6999999999996760_9.8999999999999311,15.823160855639623,17.56276461138346,18.878724051591945,20.194683491800426,20.96447041679239,21.934287247544265,23.250246687752746
grid_118.7999999999996703_10.1999999999999300,18.292684530487573,21.177584986168327,28.611981859453778,50.64950745413557,80.18898835781475,157.26135414188104,432.0003934421238
grid_118.7999999999996703_9.9999999999999307,18.879142839224173,20.929913439157428,22.48126151010375,24.03260958105007,24.94009002811977,26.083380180983326,27.634728251929644
grid_118.8999999999996646_10.0999999999999304,19.18616045240858,21.63198629421104,23.482182118977786,25.332377943744532,26.41467312022393,27.778203785546992,29.62839961031374
grid_118.8999999999996646_5.0999999999999481,11.022284137741257,11.758244543711537,12.314977098845702,12.871709653979867,13.197377321664026,13.607670059950145,14.16440261508431
grid_118.8999999999996646_5.1999999999999478,9.192521407604309,9.939640989839353,10.50481513594047,11.069989282041588,11.400594963887842,11.817108864276632,12.38228301037775
grid_118.8999999999996646_5.2999999999999474,9.035049506615136,9.530705959573798,10.31012138895068,11.790080355469104,13.213052335843914,15.961400705031961,22.520765405957626
grid_118.8999999999996646_5.3999999999999471,9.979951547787758,10.951377473077493,12.254049845476468,14.401336710461823,16.25514534290278,19.51168316205097,26.364606233757954
grid_118.8999999999996646_9.9999999999999307,20.47927201495996,23.137005856518652,25.147503894829235,27.158001933139822,28.334067893324956,29.81573577469851,31.826233813009097
grid_118.9999999999996589_10.0999999999999304,19.15940498543828,21.461220998511017,23.202477593310046,24.943734188109076,25.96230400019992,27.245550201181814,28.98680679598084
grid_118.9999999999996589_10.1999999999999300,16.557216659374873,18.259713793303128,19.547603157719216,20.8354925221353,21.588859505396314,22.537989656063555,23.825879020479643
grid_118.9999999999996589_10.2999999999999297,16.571036788218162,19.1014719209375,21.01567220346871,22.929872485999923,24.04960787015052,25.460307618719256,27.374507901250468
grid_118.9999999999996589_5.0999999999999481,12.189189854756899,13.117373639497085,13.819517567241714,14.521661494986343,14.932389362826017,15.449845279726532,16.15198920747116
grid_118.9999999999996589_5.1999999999999478,10.617085690220604,11.543804160750991,12.244839621086943,12.945875081422892,13.355954537395217,13.872593551953281,14.573629012289231
grid_118.9999999999996589_5.2999999999999474,10.596887916753925,11.426275255563358,12.525407777469882,14.318342899479433,15.853891936535037,18.532544853401163,24.11734969029014
grid_118.9999999999996589_5.3999999999999471,11.378642663212293,12.078771456125104,13.188599552177696,15.311099825741678,17.362976058751297,21.345115678130746,30.91009913945524
grid_118.9999999999996589_9.9999999999999307,21.656082179476392,24.611392996764913,26.846999327183614,29.082605657602315,30.39035152727208,32.037916474890835,34.27352280530953
grid_119.0999999999996533_10.0999999999999304,19.834009483307366,22.054786677216537,23.734739771865303,25.41469286651407,26.397402429854058,27.635470060423245,29.31542315507201
grid_119.0999999999996533_10.1999999999999300,16.776692509679307,18.830802176104818,20.384676153342994,21.93855013058117,22.84750813811194,23.99265979700668,25.546533774244857
grid_119.0999999999996533_10.2999999999999297,16.54280846569288,18.831794852690585,20.563346210022722,22.294897567354862,23.307790179466984,24.583883954352565,26.315435311684706
grid_119.0999999999996533_10.3999999999999293,19.1315903794407,21.963571772821336,24.105882995597746,26.24819421837416,27.501365948572445,29.080175611754797,31.222486834531207
grid_119.0999999999996533_5.1999999999999478,13.05814560476336,14.421573569090611,15.45296700841639,16.48436044774217,17.08768693323757,17.84778841206942,18.879181851395195
grid_119.0999999999996533_5.2999999999999474,12.868519034335044,13.823410323854905,15.201457157041949,17.625718805227894,19.82525387661376,23.861263959328035,32.860061358687716
grid_119.0999999999996533_5.3999999999999471,13.532387650795041,14.477663088881101,15.887384577028982,18.440815216348266,20.809573388709744,25.242007908581687,35.38485844396489
grid_119.0999999999996533_9.9999999999999307,22.617396997397904,25.176205262684736,27.111868991433052,29.04753272018137,30.179823415505222,31.6063409854682,33.54200471421652
grid_119.1999999999996476_10.0999999999999304,20.797932488524445,23.141046085791547,24.91354309703538,26.686040108279215,27.72288439249718,29.029153705546317,30.80165071679015
grid_119.1999999999996476_10.1999999999999300,17.572251849000573,20.015667748494213,21.864040522281,23.712413296067787,24.79364205608701,26.155829195561424,28.004201969348216
grid_119.1999999999996476_10.2999999999999297,17.02219508029965,19.42659051378128,21.24544544453037,23.064300375279466,24.128262304019458,25.468695808761094,27.287550739510188
grid_119.1999999999996476_10.3999999999999293,20.011744581620142,22.993662695883643,25.24939666946076,27.50513064303788,28.824650429183222,30.48704875730138,32.7427827308785
grid_119.1999999999996476_5.1999999999999478,15.748131762059508,17.477181110758664,18.785156450254327,20.093131789749993,20.85824831522298,21.822181138449146,23.130156477944812
grid_119.1999999999996476_5.2999999999999474,15.095247228888017,16.49049681248378,18.150498767237956,20.6126251608363,22.572669694336234,25.78121162410398,31.930551307280073
grid_119.1999999999996476_5.3999999999999471,15.476977701138942,16.67157676800831,18.395743992466954,21.429193555671837,24.18164761931839,29.232556179445346,40.49516507444051
grid_119.2999999999996419_10.2999999999999297,17.630199139373286,20.172581806152984,22.09582004930139,24.019058292449806,25.14408054464446,26.5614409592295,28.48467920237791
grid_119.2999999999996419_10.3999999999999293,20.127198364041643,23.007941925477265,25.187140304403528,27.366338683329793,28.641088016633987,30.247082244765416,32.42628062369168
grid_119.2999999999996419_10.4999999999999289,23.302229318012916,26.844307288872752,29.52378583582174,32.203264382770726,33.770658854222695,35.74534235363056,38.42482090057955
grid_119.2999999999996419_10.7999999999999279,26.536672862269683,30.139500098969325,32.86493369148755,35.59036728400578,37.18464373383469,39.193194520705426,41.918628113223654
grid_119.3999999999996362_10.3999999999999293,19.62022218978107,21.939009863870627,23.693105024611675,25.44720018535272,26.47328007708268,27.765987859442276,29.52008302018332
grid_119.3999999999996362_10.4999999999999289,20.863591215225483,23.72907407681315,25.89672818195706,28.064382287100976,29.33237865314444,30.929865148688638,33.09751925383255
grid_119.3999999999996362_10.5999999999999286,21.249024789602434,24.16362697633044,26.368438416529354,28.573249856728268,29.862981870405633,31.48785204345627,33.69266348365519
grid_119.3999999999996362_10.6999999999999282,20.57239380665528,23.333724602409085,25.422590711264334,27.511456820119587,28.733365162827226,30.27278761587339,32.36165372472864
grid_119.3999999999996362_10.7999999999999279,23.13167970373464,26.363438065795904,28.808168890838722,31.25289971588154,32.68297557288868,34.4846580779428,36.92938890298562
grid_119.3999999999996362_10.8999999999999275,20.896338351099622,23.555703886563386,25.567436253663395,27.579168620763408,28.75595661700392,30.238534156227168,32.250266523327184
grid_119.3999999999996362_10.9999999999999272,21.809022595217854,24.767752273480983,27.00594487238723,29.244137471293474,30.553396211045253,32.2028671495566,34.44105974846285
grid_119.4999999999996305_10.3999999999999293,19.77335212683191,22.308307773346037,24.225927692552098,26.14354761175816,27.265283355129636,28.678503258272286,30.596123177478347
grid_119.4999999999996305_10.4999999999999289,18.786568741398963,21.026656186445123,22.72121692216883,24.41577765789253,25.40703214348535,26.65586510293869,28.350425838662396
grid_119.4999999999996305_10.5999999999999286,18.004778081160588,20.224849947888195,21.904269483121524,23.583689018354846,24.566086469444897,25.803760885082458,27.483180420315783
grid_119.4999999999996305_10.6999999999999282,17.0587782517275,19.556652866430994,21.44622206793611,23.335791269441227,24.441118394839336,25.83366588414472,27.723235085649836
grid_119.4999999999996305_10.7999999999999279,15.927379412805534,18.508925389789404,20.461789533435457,22.41465367708151,23.557005970117388,24.996199654065382,26.94906379771144
grid_119.4999999999996305_10.8999999999999275,17.657658244719276,20.11896513072103,21.980871913337275,23.842778695953523,24.931924343622406,26.304085581955277,28.165992364571522
grid_119.4999999999996305_11.0999999999999268,19.755457903164313,22.582553994103154,24.721169628246045,26.85978526238894,28.110795211818527,29.68688135332778,31.82549698747067
grid_119.4999999999996305_11.1999999999999265,22.39231880684102,25.312885829924387,27.522209494637195,29.731533159350008,31.02390465516284,32.65210018243338,34.861423847146185
grid_119.4999999999996305_11.2999999999999261,28.305632375086713,30.70523643113813,31.424684924882875,31.75414601520347,31.856219702608705,31.933353552904155,31.987083497534528
grid_119.5999999999996248_10.4999999999999289,19.594479109619634,22.13092599046695,24.0496739848981,25.96842197932925,27.090817604405395,28.504868860176565,30.423616854607715
grid_119.5999999999996248_10.5999999999999286,18.705417301379846,21.178905779301793,23.050027580471095,24.921149381640397,26.015685469606268,27.394637859562348,29.265759660731653
grid_119.5999999999996248_10.6999999999999282,17.38020383476084,20.23512004773521,22.39478079177714,24.554441535819066,25.817762085363146,27.409357748793436,29.569018492835365
grid_119.7999999999996135_10.4999999999999289,26.817439461431427,29.684635288201083,31.853585201482076,34.02253511476307,35.29128947997486,36.889730941532726,39.058680854813716
grid_119.7999999999996135_10.5999999999999286,26.604598800197742,29.6525565963286,31.95824766070572,34.26393872508284,35.6126815359913,37.3118965212137,39.61758758559081
grid_119.7999999999996135_15.9999999999999094,29.292686211798127,30.712463992312806,31.78648442202132,32.860504851729836,33.488766528117736,34.280282632244514,35.35430306195303
grid_119.7999999999996135_16.0999999999999091,28.71523656581698,29.88190267136874,30.764451510495398,31.647000349622058,32.16325832556614,32.813666455173816,33.69621529430048
grid_119.7999999999996135_16.1999999999999105,29.921345673483042,30.7101708508355,30.85391539960588,30.89767652591876,30.907277626351604,30.91285385299755,30.91561955837197
grid_119.7999999999996135_16.2999999999999119,30.86325545596508,32.13489563823213,32.47867186049393,32.623200917766354,32.66488713642629,32.69469235912167,32.714019412462626
grid_119.7999999999996135_5.0999999999999481,18.16677314675706,20.28530730706702,21.887916532563867,23.490525758060713,24.427992058286144,25.609059918370672,27.211669143867518
grid_119.8999999999996078_10.4999999999999289,26.988765681695522,30.526521470037363,33.202730412130606,35.878939354223846,37.44442122944302,39.416695142565686,42.092904084658926
grid_119.8999999999996078_10.5999999999999286,26.990408573534094,30.58064082846423,33.29654668508047,36.01245254169671,37.601155623306184,39.602684796626846,42.31859065324309
grid_119.8999999999996078_12.1999999999999229,31.628129169660678,34.582008980784046,36.816532796827964,39.051056612871875,40.358169252225906,42.00493642399525,44.23946024003916
grid_119.8999999999996078_12.2999999999999226,31.864077658270006,35.04142845406135,37.44500154406521,39.84857463406907,41.2545747594638,43.0259254298604,45.42949851986427
grid_119.8999999999996078_15.3999999999999115,24.798283436868534,26.7572035279303,28.239069371192134,29.720935214453963,30.587771163861667,31.67985530551573,33.16172114877756
grid_119.8999999999996078_15.9999999999999094,28.066669146112744,29.109121127672207,29.414138146475448,29.55102651101366,29.592728596030057,29.623832338214495,29.645135013788174
grid_119.8999999999996078_16.0999999999999091,28.64432379161315,29.36665443011037,29.48050206517123,29.511314855349,29.5174256456791,29.520717130289096,29.52219903720135
grid_119.8999999999996078_16.1999999999999105,30.33890244824886,31.225998852405436,31.392395651713663,31.44425853461817,31.455868305438074,31.462713678883034,31.466175396146298
grid_119.8999999999996078_5.0999999999999481,18.155165665553316,20.118654906565897,21.603977178334304,23.08929945010271,23.95815728057319,25.052788691115293,26.5381109628837
grid_119.9999999999996021_11.6999999999999247,32.58968713276362,34.68083480713324,35.34928754682077,35.67208737689014,35.776621437640415,35.85838141584247,35.91793185422205
grid_119.9999999999996021_12.0999999999999233,31.21593143712845,33.39430297516125,35.042177429496384,36.69005188383152,37.653996645513914,38.86842342186432,40.51629787619946
grid_119.9999999999996021_12.1999999999999229,31.832868938922775,34.13228095181867,35.87171899068706,37.61115702955544,38.6286630546214,39.91056904245134,41.65000708131973
grid_119.9999999999996021_15.2999999999999119,18.963938090212494,20.242266192081587,21.209284070597903,22.176301949114222,22.741971145573196,23.454630050983315,24.421647929499635
grid_119.9999999999996021_15.3999999999999115,19.106971072870483,20.096683129184772,20.845371397587616,21.594059665990457,22.032014227735978,22.583771722304746,23.33245999070759
grid_119.9999999999996021_15.4999999999999112,18.484638752265997,19.572208253617987,20.3949228214967,21.21763738937541,21.69889456038147,22.305206890727398,23.12792145860611
grid_119.9999999999996021_15.5999999999999108,18.46949525591939,19.604808125438822,20.463639157104105,21.322470188769383,21.824854136749238,22.457783058288815,23.316614089954093
grid_119.9999999999996021_15.6999999999999105,19.892086440154834,20.572214576021654,20.712203678785382,20.759265001820864,20.770501896043054,20.77745740192687,20.78120189893215
grid_119.9999999999996021_15.7999999999999101,21.734358108964088,22.620819795121722,22.876231477140657,22.989407840847896,23.023521268307253,23.0487561222752,23.065855839748593
grid_119.9999999999996021_15.8999999999999098,23.14750686992167,24.429044196873775,25.39848976044756,26.36793532402135,26.9350246252025,27.64947265097345,28.61891821454724
grid_119.9999999999996021_15.9999999999999094,26.767178368471413,27.83268623924941,28.086297605883523,28.18232035952357,28.20767901385912,28.224624752593247,28.234694011803125
grid_119.9999999999996021_16.0999999999999091,29.60695688611731,30.698363706516442,30.93721043847757,31.021630218367598,31.04266343299924,31.05610920548213,31.06365469011693
grid_119.9999999999996021_16.1999999999999105,31.27409252522264,32.21952943908622,32.438905212818554,32.52024975765035,32.541356369251915,32.55527215287908,32.5633986232322
grid_120.0999999999995964_12.0999999999999233,31.699819561625695,34.13131747848524,35.970674646445815,37.8100318144064,38.885986783096,40.24152973126594,42.08088689922651
grid_120.0999999999995964_13.7999999999999172,37.165187683838134,39.897676349442726,40.59208969382219,40.869542664266724,40.946216007284086,40.999262666034745,41.03222869491329
grid_120.0999999999995964_14.8999999999999133,22.856880878980753,23.744335707968734,23.94122750269874,24.011602589533435,24.02930394185261,24.040701717188387,24.04715768461559
grid_120.0999999999995964_14.9999999999999130,19.51570919888785,21.3624508097351,22.759456908621747,24.156463007508393,24.97365918863583,26.00320461835564,27.400210717242288
grid_120.0999999999995964_15.0999999999999126,17.590998255775578,18.866507177211442,19.831392428057512,20.796277678903586,21.36069936814746,22.071786600339447,23.036671851185517
grid_120.0999999999995964_15.1999999999999122,16.165831635155712,17.56380531776762,18.621331584149775,19.678857850531934,20.297471059893148,21.076831533143842,22.134357799526
grid_120.0999999999995964_15.2999999999999119,15.817445709050832,17.21403907324265,18.27052116904894,19.32700326485523,19.945005673585207,20.723596629047048,21.78007872485334
grid_120.0999999999995964_15.3999999999999115,14.644333140751407,15.490219120028847,16.130107161253598,16.76999520247835,17.14430571125474,17.61588118175579,18.25576922298054
grid_120.0999999999995964_15.4999999999999112,13.4180401205819,14.265572280138436,14.906705608671523,15.54783893720461,15.922877892359002,16.395371096761146,17.036504425294233
grid_120.0999999999995964_15.5999999999999108,13.912209500075317,14.467339021979944,14.596322875013836,14.644202916588375,14.656638037780192,14.664842463636523,14.669638044123776
grid_120.0999999999995964_15.6999999999999105,14.714331876329423,15.472104539953637,16.045337431027626,16.618570322101615,16.953890067559875,17.37634298572583,17.94957587679982
grid_120.0999999999995964_15.7999999999999101,19.61401288161981,20.015072690848005,20.03901381858589,20.042001162613353,20.04230100098963,20.042399869123425,20.04242366977178
grid_120.0999999999995964_15.8999999999999098,21.625966384710722,22.737360127810383,23.029314352762253,23.149188357572346,23.183083558623256,23.206950673377733,23.222124370590883
grid_120.0999999999995964_15.9999999999999094,25.754663306116313,27.01496265268438,27.396441885141684,27.572517757930356,27.627429767055435,27.669137622748927,27.698383430081513
grid_120.1999999999995907_12.0999999999999233,31.213823441896125,33.912751816322505,35.95441231575863,37.99607281519476,39.19036764656852,40.69500118962114,42.73666168905727
grid_120.1999999999995907_13.7999999999999172,33.93397626018225,36.319222866561766,38.1235922688043,39.92796167104684,40.98345010880737,42.313208277426355,44.11757767966889
grid_120.1999999999995907_14.7999999999999137,23.72760410289499,25.76887814285729,27.313042343510148,28.85720654416301,29.76048469650099,30.89848058412531,32.44264478477817
grid_120.1999999999995907_14.8999999999999133,19.927859683413086,20.639197355387985,20.771903819160336,20.81308378231123,20.82226740319406,20.827666941319897,20.830387561271458
grid_120.1999999999995907_14.9999999999999130,17.936049969200962,18.827436624342717,19.027463926784772,19.09962867806124,19.11792398526167,19.129775076083657,19.13653993243414
grid_120.1999999999995907_15.0999999999999126,15.61517213274462,16.752214496670668,17.612353840348764,18.472493184026856,18.975642445473447,19.609535547952905,20.469674891631
grid_120.1999999999995907_15.1999999999999122,16.492407026697812,16.876944915706286,16.90599629682719,16.910362460638332,16.910879860888095,16.91107166361524,16.911125243058418
grid_120.1999999999995907_15.2999999999999119,15.83303337905657,16.71433996524546,16.955261392180983,17.057482973988428,17.087194541354286,17.10856453119531,17.122528617978762
grid_120.1999999999995907_15.3999999999999115,15.005918999374199,15.751159429953384,15.906707438704494,15.959598794250859,15.972350746352237,15.980302130581302,15.98462337055778
grid_120.1999999999995907_15.4999999999999112,13.843984201440758,14.581524613664271,14.733719382727626,14.784990862056926,14.797254769957224,14.804856178010146,14.808955474975797
grid_120.1999999999995907_15.5999999999999108,13.853227700571605,14.59883582123054,14.706777680586594,14.7340541732153,14.73915246818676,14.741780734200432,14.742899310213827
grid_120.1999999999995907_15.6999999999999105,15.45485160850128,16.56955497708411,16.90651112973264,17.06186410762099,17.110268445622467,17.147006988476715,17.172744254880627
grid_120.1999999999995907_15.7999999999999101,17.347923211849192,18.392714202136546,19.183068075640065,19.973421949143585,20.435749327442853,21.01821293943094,21.808566812934455
grid_120.1999999999995907_15.8999999999999098,20.66639234229679,22.040697394737386,23.08031903358129,24.119940672425194,24.728080346087147,25.49424572486579,26.533867363709696
grid_120.1999999999995907_15.9999999999999094,24.568315285890986,25.49733355956637,26.2001087538212,26.90288394807603,27.313981083152132,27.831902221751417,28.534677416006247
grid_120.1999999999995907_5.1999999999999478,18.32653730212251,20.01760292372176,21.29684468289123,22.576086442060696,23.3243949005314,24.26715206365995,25.546393822829415
grid_120.1999999999995907_5.2999999999999474,18.29610409552563,20.02750096307791,21.337252132032226,22.647003300986544,23.413158620100518,24.37840016853882,25.68815133749314
grid_120.2999999999995850_12.0999999999999233,31.319863739752602,33.70823685518456,35.51497137022296,37.321705885261366,38.37857782531745,39.71007900069332,41.51681351573172
grid_120.2999999999995850_14.6999999999999140,21.691893220155936,23.39184765755633,24.677813546302527,25.963779435048725,26.716021257171803,27.663733872449118,28.949699761195312
grid_120.2999999999995850_14.7999999999999137,18.836636498100457,20.432790620577364,21.640234602326544,22.847678584075727,23.55398803512044,24.443832706552634,25.651276688301817
grid_120.2999999999995850_14.8999999999999133,17.726953228393377,18.601346588825333,18.81797126255651,18.902730942657413,18.925744676254478,18.941453080137926,18.951046211533324
grid_120.2999999999995850_14.9999999999999130,15.775252185337044,16.4176465113774,16.51420706288313,16.539358791651136,16.544184756391612,16.546721292287213,16.54782797566386
grid_120.2999999999995850_15.0999999999999126,15.16549309158307,16.159327484440773,16.40391694578515,16.499099077738006,16.52482437707066,16.542322032540707,16.552959498207905
grid_120.2999999999995850_15.1999999999999122,15.764994118084203,16.83200341229525,17.120829377049418,17.242384775266444,17.277475836000267,17.30258272828934,17.318877555290747
grid_120.2999999999995850_15.2999999999999119,17.629126225788028,18.520089588370748,18.654276292810017,18.689284129520985,18.696010414753932,18.69954934173765,18.701095370514558
grid_120.2999999999995850_15.3999999999999115,16.042604858107364,17.116813455540324,17.342780913332,17.420108373664718,17.438853055436805,17.450589172124218,17.457001025981853
grid_120.2999999999995850_15.4999999999999112,14.582102106793778,15.55087471944791,15.777089578966494,15.861405473764435,15.883379054799835,15.897914872811945,15.906440060734026
grid_120.2999999999995850_15.5999999999999108,14.9242699709436,15.680481185058992,15.763918056645617,15.780869509351078,15.78349014153449,15.784665865621427,15.785084738133119
grid_120.2999999999995850_15.6999999999999105,16.38250807938119,17.698608614461143,18.052920499517796,18.201366712832467,18.244059148916268,18.27451589887828,18.294208639141985
grid_120.2999999999995850_15.7999999999999101,18.04306343768008,19.57655688522973,20.736599896253203,21.89664290727667,22.57522456794906,23.430136354826324,24.590179365849796
grid_120.2999999999995850_15.8999999999999098,21.464027657140143,22.78387808007209,23.78230638191131,24.78073468375053,25.36477779998518,26.10058510668248,27.0990134085217
grid_120.2999999999995850_15.9999999999999094,25.05139036346405,26.30365380443259,27.250954528134386,28.19825525183618,28.752390652107746,29.450518692804717,30.397819416506515
grid_120.2999999999995850_16.4999999999999147,27.225753014390026,27.536449458037435,27.552115325708257,27.553827106042924,27.553979583313634,27.554025844122553,27.554035864850245
grid_120.2999999999995850_16.5999999999999162,27.681167632738166,29.004167920526335,29.35247018116881,29.495737925811863,29.536309205237245,29.56491050021599,29.58312135342729
grid_120.3999999999995794_14.5999999999999144,26.106785554542505,26.51427882551517,26.60826585475923,26.642945120640707,26.65190602373277,26.657795314737495,26.66122046485966
grid_120.3999999999995794_14.6999999999999140,22.553418137623453,23.5480403158025,23.844765358204636,23.980087168755503,24.021868516029,24.0533571084967,24.075215686008328
grid_120.3999999999995794_14.7999999999999137,20.254900613046708,21.381739600429814,21.68635742463849,21.81441925058079,21.85135479206428,21.877762740768112,21.894886355033055
grid_120.3999999999995794_14.8999999999999133,17.722618098127295,18.65536678923186,18.8576128274837,18.92855752260012,18.946120354576184,18.95729309959672,18.96352377744153
grid_120.3999999999995794_14.9999999999999130,15.857738458841123,17.0299747427305,17.379206165338278,17.538292247546956,17.587364246229264,17.624320165480306,17.649949513911807
grid_120.3999999999995794_15.0999999999999126,15.815890162838375,17.058937092719525,17.403787447771037,17.55189348627611,17.59538236780868,17.626908386469623,17.6477192781134
grid_120.3999999999995794_15.1999999999999122,17.00950142335799,18.22735973276583,18.502301259048814,18.601984349847864,18.627362099839786,18.643853355511094,18.653305627776327
grid_120.3999999999995794_15.2999999999999119,17.904864601458996,19.325546599564756,19.71459133824488,19.87989738377447,19.928002733885776,19.96263448399656,19.98529151321068
grid_120.3999999999995794_15.3999999999999115,17.27672851975144,18.423211562267856,18.648776193965013,18.72186628220785,18.738779629177653,18.749004070094646,18.754343290041874
grid_120.3999999999995794_15.4999999999999112,16.086792377402908,17.001503899387757,17.152968593326,17.195633509431154,17.204390793773662,17.209229934130907,17.21148133061636
grid_120.3999999999995794_15.5999999999999108,16.096749846958645,16.918297778370388,17.036516117558932,17.066244047143687,17.071777145569985,17.074620688917555,17.075826063115
grid_120.3999999999995794_15.6999999999999105,17.691070378341056,19.088215764923728,19.407950446746813,19.52517177521741,19.555297119857684,19.575014462685278,19.58642088893969
grid_120.3999999999995794_15.7999999999999101,18.763989145868962,20.674347625539234,22.11947802791036,23.56460843028149,24.409955524320672,25.47496690995176,26.920097312322888
grid_120.3999999999995794_15.8999999999999098,21.69353006806902,23.654507309685194,25.137929327267216,26.62135134484924,27.489097597878843,28.58232858646541,30.065750604047437
grid_120.3999999999995794_15.9999999999999094,24.95040893696759,26.569150027409222,27.79368039082476,29.0182107542403,29.73451509783284,30.63695184468193,31.86148220809747
grid_120.3999999999995794_16.2999999999999119,27.308457475215274,28.306419911905234,28.566640706484606,28.672835222346002,28.702708824550804,28.723661371231657,28.73691439595702
grid_120.3999999999995794_16.3999999999999133,24.95163313332852,25.997924840840046,26.276942722138646,26.392933276582575,26.426073534935767,26.449596663104927,26.46470726556996
grid_120.3999999999995794_16.4999999999999147,23.484153817898342,24.331191929229117,24.510253017890648,24.57177605620216,24.58674075454085,24.596134511624534,24.601283809498735
grid_120.3999999999995794_16.5999999999999162,24.01730249668435,24.869865525430292,24.996657512332217,25.029400600756766,25.035636597954365,25.038896262515756,25.040308444114977
grid_120.3999999999995794_16.6999999999999176,24.252336796082396,25.941104609580258,26.473920393401187,26.728444587397963,26.810127912228637,26.87356747853918,26.919354570391437
grid_120.3999999999995794_16.7999999999999190,25.670868362459778,28.220449498797592,30.14913317395245,32.0778168491073,33.20602447482595,34.627397985445114,36.55608166059997
grid_120.3999999999995794_16.8999999999999204,27.22908687944934,29.469757663203012,31.164759677623916,32.85976169204482,33.851274309127874,35.10043247579849,36.7954344902194
grid_120.3999999999995794_17.5999999999999304,39.0591295818363,41.29916526233285,41.949465451040865,42.23942544527032,42.3272818419591,42.392535234633364,42.43698422523772
grid_120.3999999999995794_17.6999999999999318,38.36777551962291,40.68579603810733,41.27266050408021,41.506415683672614,41.57084469062892,41.61533082307653,41.642905395696985
grid_120.4999999999995737_13.3999999999999186,24.87153884251592,27.693486491660174,29.828207479933518,31.96292846820686,33.21166019584918,34.78487611735111,36.91959710562446
grid_120.4999999999995737_14.4999999999999147,30.007867612380352,31.542719811906405,32.70379067912088,33.86486154633536,34.54404446433562,35.39971374586141,36.56078461307589
grid_120.4999999999995737_14.5999999999999144,27.9373916816749,29.259814476646405,29.63025802761793,29.790633271510703,29.838041411693123,29.87258687757814,29.895544123144372
grid_120.4999999999995737_14.6999999999999140,23.895549363648293,25.772356849577584,27.192106904961047,28.61185696034451,29.442357503140624,30.488664446273802,31.90841450165727
grid_120.4999999999995737_14.7999999999999137,21.57836058652265,23.18730833662933,24.404430324072806,25.621552311516282,26.333523032973922,27.23050006162296,28.447622049066435
grid_120.4999999999995737_14.8999999999999133,19.022153725052092,20.654785686920587,21.88982408892051,23.124862490920435,23.84731364304097,24.75749445278893,25.992532854788855
grid_120.4999999999995737_14.9999999999999130,16.961982523257475,18.797159191784814,20.18541674953323,21.57367430728164,22.385752919907194,23.408850975808978,24.79710853355739
grid_120.4999999999995737_15.0999999999999126,17.468107015459612,18.97511350828728,19.427696001805113,19.635235206975537,19.699608976646438,19.748297616700402,19.782252392316796
grid_120.4999999999995737_15.1999999999999122,17.872971802461887,19.02721197288065,19.347280680202356,19.484692307444174,19.525028354357197,19.554261768011393,19.573553253339565
grid_120.4999999999995737_15.2999999999999119,18.240079081664987,19.19728418458571,19.442341877383157,19.540850582057246,19.568212556539827,19.587217335422714,19.599087863032295
grid_120.4999999999995737_15.3999999999999115,17.931987756556243,18.744629908767077,18.895551923405023,18.94221249987122,18.95258571723426,18.958670312674528,18.961726819475277
grid_120.4999999999995737_15.4999999999999112,17.196867116556426,18.385363531673324,18.72228639265467,18.86959332853406,18.913499011974743,18.945696878362547,18.967271218354583
grid_120.4999999999995737_15.5999999999999108,17.42971461139152,18.888767856400662,19.24464802591355,19.382123729053546,19.419050033799333,19.444047338322147,19.459151231643887
grid_120.4999999999995737_15.6999999999999105,18.344653668143884,20.03431254643018,20.555894931421122,20.80058369635005,20.877935507685564,20.937309897638038,20.9795160370399
grid_120.4999999999995737_15.7999999999999101,18.53853572360311,20.711825426091885,22.355855620240945,23.99988581439001,24.96158182802053,26.17317551687878,27.81720571102784
grid_120.4999999999995737_15.8999999999999098,19.972231540698957,22.192568209022813,23.872188058930796,25.55180790883878,26.534322536501847,27.772144577162635,29.45176442707062
grid_120.4999999999995737_15.9999999999999094,21.315601891754977,23.185588478182527,24.600178722281157,26.014768966379787,26.84225121306347,27.884755552807334,29.299345796905964
grid_120.4999999999995737_16.0999999999999091,24.218253032534854,25.415902875057007,25.764250344667012,25.919817481961395,25.96701536653352,26.002106164493,26.02604058448763
grid_120.4999999999995737_16.1999999999999105,24.241595689534503,25.3031807936915,25.584772091465076,25.70131957050733,25.734496372137425,25.757978695712264,25.773007840841277
grid_120.4999999999995737_16.2999999999999119,21.105989488520127,22.140527138480664,22.413831121315248,22.526570619066437,22.558573319316274,22.581175675687962,22.59560123038686
grid_120.4999999999995737_16.3999999999999133,18.736171314808796,19.712038243075032,19.98747803504971,20.107470333047928,20.143126919666074,20.169214425230905,20.186641780758528
grid_120.4999999999995737_16.4999999999999147,17.41312017727627,18.4678290523702,18.80543398760579,18.968649364133864,19.021553907086854,19.062962804322055,19.093151876983217
grid_120.4999999999995737_16.5999999999999162,16.441457574185485,17.511640847896196,18.32120324228793,19.13076563667966,19.60432927939285,20.20094891039037,21.0105113047821
grid_120.4999999999995737_16.6999999999999176,18.149083927184968,19.006195794795197,19.16976355480044,19.221464754816168,19.2331778181826,19.240146556869387,19.243711716366274
grid_120.4999999999995737_16.7999999999999190,18.69211692109203,20.286778970346525,21.49309424227542,22.699409514204316,23.405058712329964,24.294071563458814,25.500386835387708
grid_120.4999999999995737_16.8999999999999204,21.488067233942157,23.46120353009824,24.953823517363283,26.44644350462833,27.319570225005272,28.419579800784412,29.912199788049456
grid_120.4999999999995737_16.9999999999999218,24.302946727887274,26.604018731664425,28.344712505158377,30.085406278652325,31.103646861385094,32.38647828242948,34.127172055923424
grid_120.4999999999995737_17.0999999999999233,26.192794592687616,27.278762637644565,27.504841525699078,27.581553239914932,27.600014983929334,27.61151101643114,27.6177476831865
grid_120.4999999999995737_17.1999999999999247,28.701024911881227,29.693614827709705,29.87930420459904,29.937054961816777,29.94995884662648,29.957556684011205,29.961392056463346
grid_120.4999999999995737_17.2999999999999261,29.68563015159094,31.19779668262872,31.589767884255153,31.74895072822369,31.793547230611303,31.82472762498123,31.84436988042593
grid_120.4999999999995737_17.3999999999999275,30.82366991073057,32.6355152374824,33.13328606418125,33.345355436150044,33.40720758193558,33.45181280201231,33.48105998455655
grid_120.4999999999995737_17.4999999999999289,31.81122143570816,33.74476997266547,34.195450829528454,34.36318197883474,34.40683968054294,34.435692252351636,34.45259329805871
grid_120.4999999999995737_17.5999999999999304,32.18274230603538,34.03595210728878,34.46981025591125,34.631863407596796,34.674171924205126,34.70219788125315,34.71866400640759
grid_120.4999999999995737_17.6999999999999318,31.625166535678424,33.68420857000698,34.20374393297277,34.41010576900657,34.46685126165927,34.50596180127726,34.53014809649996
grid_120.4999999999995737_17.7999999999999332,31.674009770854877,33.548245913997654,34.02222725720435,34.210846954246264,34.26279538328985,34.29864288275351,34.32084586516542
grid_120.4999999999995737_17.8999999999999346,32.84173366419883,33.83103151144518,33.939190225324836,33.96100378276739,33.9643545060642,33.96585079523843,33.96638071313574
grid_120.4999999999995737_18.0999999999999375,34.12040656450855,35.77455809874033,36.107185567651996,36.216902134719795,36.24267882790483,36.25844049662588,36.26679329858968
grid_120.4999999999995737_18.1999999999999389,31.291271736038464,33.42400518432981,34.11596740293794,34.45427078721962,34.564955932257966,34.6522232554773,34.71644864155369
grid_120.5999999999995680_13.2999999999999190,21.0413461898475,24.108266719488533,26.42830253800433,28.74833835652013,30.105472310681783,31.81525888616116,34.13529470467696
grid_120.5999999999995680_13.3999999999999186,20.585991305029832,22.155929114380587,24.661722759356596,29.483418951900795,34.16636377187651,43.29220779902302,65.33255559613998
grid_120.5999999999995680_13.8999999999999169,34.51907386569474,35.96653919402741,36.25771080552918,36.35378173613985,36.37635824266216,36.39016572702522,36.397484717713006
grid_120.5999999999995680_14.0999999999999162,29.336111096733113,31.514509893208615,32.077314905672814,32.30525461800692,32.36896819979246,32.41343649390189,32.4413860603954
grid_120.5999999999995680_14.1999999999999158,27.94676447597436,29.755915546727408,30.241016254078627,30.443589326341392,30.501687178119592,30.543045778281247,30.569713753093644
grid_120.5999999999995680_14.4999999999999147,31.883882299304737,33.31322472649002,33.700546492219026,33.86369961089342,33.910834346172365,33.94457758670416,33.966493818814676
grid_120.5999999999995680_14.5999999999999144,30.732006122248926,32.708109034343465,33.31930703764918,33.60650152020533,33.69741294809762,33.76726883605893,33.816993302252044
grid_120.5999999999995680_14.9999999999999130,19.523023649687044,21.51538542256394,23.022548921533726,24.52971242050351,25.411346549856525,26.52207419338041,28.029237692350193
grid_120.5999999999995680_15.0999999999999126,18.640280512616247,20.65335638666959,22.17618949827304,23.699022609876486,24.58982287502102,25.71209848392983,27.23493159553328
grid_120.5999999999995680_15.1999999999999122,19.622032855175355,20.710664525663905,20.91413927348532,20.97737548613703,20.99149628236196,20.999806767026577,21.003999368937805
grid_120.5999999999995680_15.2999999999999119,19.217044265477988,19.999602941310545,20.136736963677105,20.177180680732906,20.18581586644218,20.190730012302108,20.193104370156473
grid_120.5999999999995680_15.3999999999999115,18.870435624688206,20.115383610385713,20.446938137404082,20.58461831782561,20.623919581631675,20.651796144010454,20.669686941572056
grid_120.5999999999995680_15.4999999999999112,17.492353013104285,19.706071016368316,21.380684039440993,23.055297062513667,24.034882884230477,25.269015065777698,26.943628088850375
grid_120.5999999999995680_15.5999999999999108,18.89094161563727,20.86906255628164,21.506436365911632,21.81626690543553,21.917153556574974,21.996399563426447,22.054440422356464
grid_120.5999999999995680_15.6999999999999105,17.98688051793931,20.29998575064088,22.049782310414173,23.799578870187467,24.823144241545727,26.112684102889038,27.862480662662332
grid_120.5999999999995680_15.7999999999999101,18.38127403526369,20.559525938372747,22.20730989238173,23.855093846390716,24.818985668776,26.033345749499773,27.68112970350876
grid_120.5999999999995680_15.8999999999999098,18.571588349002628,21.075755603791638,22.970085003759777,24.86441440372792,25.972526066722892,27.36858165851693,29.262911058485074
grid_120.5999999999995680_15.9999999999999094,18.24721200688639,20.112475134351623,21.5234922196827,22.934509305013783,23.75990138780933,24.799772432479017,26.2107895178101
grid_120.5999999999995680_16.0999999999999091,19.532923647229435,20.314075436712955,20.46694488929116,20.516264499313934,20.52763502107688,20.53448954320979,20.538056138743567
grid_120.5999999999995680_16.1999999999999105,17.525354799356236,18.524283816971497,19.27994444743898,20.035605077906457,20.47763821000124,21.034534095521717,21.7901947259892
grid_120.5999999999995680_16.2999999999999119,15.36324112902733,15.972057500573722,16.141696556758554,16.21481598674512,16.2363512215041,16.25199900928282,16.262359592775955
grid_120.5999999999995680_16.3999999999999133,13.188687709768296,13.822876784394069,14.026932646374663,14.126009438923433,14.158239392397036,14.183536696318967,14.20204659275979
grid_120.5999999999995680_16.4999999999999147,12.268477682858833,13.001178454498296,13.230740318177718,13.339767805782495,13.374589158031613,13.401531827174434,13.42088306086748
grid_120.5999999999995680_16.5999999999999162,11.80202205779554,12.252155850138331,12.36902773201372,12.416554651589804,12.429884901741639,12.439213119726157,12.445096121306035
grid_120.5999999999995680_16.6999999999999176,11.324121508095368,12.04173816817109,12.58459421522172,13.12745026227235,13.445000693086687,13.845066922348073,14.387922969398701
grid_120.5999999999995680_16.7999999999999190,12.95806815736181,13.559868587618226,13.720208157952143,13.786813513286738,13.805831820941608,13.819324643389775,13.827986685438448
grid_120.5999999999995680_16.8999999999999204,15.120132181002242,15.846329724402084,16.01047549543752,16.070048008367763,16.085227106335065,16.095097326945073,16.100759339642792
grid_120.5999999999995680_16.9999999999999218,16.227192996441907,17.241705713440997,18.009154957407276,18.776604201373555,19.22553323030063,19.791116918372644,20.558566162338924
grid_120.5999999999995680_17.0999999999999233,19.014515575517645,20.218291830083007,20.552041411802314,20.69530688189702,20.7373564500163,20.76782903278647,20.787935956671156
grid_120.5999999999995680_17.1999999999999247,21.460128028089454,22.669599854936813,22.904945602360367,22.98052258208803,22.997877840119255,23.008309011472676,23.013715849272945
grid_120.5999999999995680_17.2999999999999261,23.24152710630979,24.93705198269799,25.366523028298968,25.537654278421286,25.584838233859358,25.617425552628184,25.637631362061978
grid_120.5999999999995680_17.3999999999999275,22.39314176718818,24.802357007612517,26.62485798156271,28.4473589555129,29.513453682801547,30.85657419593724,32.67907516988743
grid_120.5999999999995680_17.4999999999999289,23.634774345683304,26.118371485309467,27.997140193858463,29.87590890240746,30.974918144436938,32.35950604203362,34.23827475058262
grid_120.5999999999995680_17.5999999999999304,24.035080618226857,26.484873559382518,28.338070378960214,30.191267198537908,31.27531784444657,32.64106013969357,34.49425695927127
grid_120.5999999999995680_17.6999999999999318,25.463721434468923,26.968801972622302,27.29894724640799,27.41585902847713,27.445034789190572,27.46370871260634,27.474204727050044
grid_120.5999999999995680_17.7999999999999332,24.976859407040518,26.372119161563177,26.711218427603598,26.841825728607862,26.876819935007425,26.900464242080453,26.914715550351765
grid_120.5999999999995680_17.8999999999999346,25.435522964756377,26.848014510518322,27.176386710086774,27.29833672633707,27.330020971835758,27.350931648375816,27.36315877305335
grid_120.5999999999995680_17.9999999999999361,26.3230965929433,27.954923724327692,28.351529693893767,28.504290092635056,28.54522074822142,28.572876546305242,28.589546079758755
grid_120.5999999999995680_18.0999999999999375,28.55570165736396,29.78311290120431,29.967192778622724,30.01505376359824,30.02422258321024,30.02903611338133,30.031133103487143
grid_120.5999999999995680_18.1999999999999389,28.43991415676829,29.549525255582225,29.693656541782765,29.72703295327093,29.732816628022736,29.735636707882,29.7367542798129
grid_120.5999999999995680_18.3999999999999417,30.404842202972073,31.611098513343492,31.775293375699484,31.814775149537017,31.821844180493986,31.825374745866227,31.826817556357945
grid_120.5999999999995680_6.2999999999999439,19.52068389385651,20.69762865657565,21.587952999685566,22.478277342795487,22.999083696993985,23.655222105514625,24.545546448624542
grid_120.6999999999995623_13.0999999999999197,25.593945079777384,28.336604881297184,29.033583856565787,29.312055622578974,29.389009040628665,29.442248691882742,29.475334031880116
grid_120.6999999999995623_13.1999999999999194,23.483576083208753,26.229920231839575,27.03473336816976,27.39638733291558,27.506680574107506,27.589011632634936,27.645459972100266
grid_120.6999999999995623_13.2999999999999190,16.98940265937923,19.147648712954442,20.78029882601457,22.4129489390747,23.36798803201303,24.57119499264991,26.203845105710037
grid_120.6999999999995623_13.3999999999999186,17.9318132244267,19.654764388338254,20.958126629125154,22.261488869912053,23.023906905628287,23.984440033823603,25.287802274610506
grid_120.6999999999995623_13.4999999999999183,20.93497127187672,23.091432165308333,24.722731856851208,26.354031548394083,27.308280695384653,28.510492441825697,30.141792133368572
grid_120.6999999999995623_13.9999999999999165,29.61456676983099,31.254456414894996,31.664426739484668,31.826036920540734,31.870193219433595,31.900478096615913,31.91908829591209
grid_120.6999999999995623_14.0999999999999162,26.867838984872222,28.92126674347284,29.489593190768375,29.733202838584276,29.804618150355736,29.85632347324795,29.890399526127872
grid_120.6999999999995623_14.1999999999999158,23.775338522186466,26.561891936018906,28.669838218883765,30.77778450174862,32.01085403075911,33.56433791558106,35.67228419844592
grid_120.6999999999995623_14.2999999999999154,24.973868348035232,27.494072438317914,29.400533236019182,31.306994033720454,32.42220210947064,33.82719812400313,35.733658921704404
grid_120.6999999999995623_14.9999999999999130,21.304200070447592,23.302027517291563,24.813325639005356,26.324623760719152,27.208676489332042,28.32245120756312,29.83374932927692
grid_120.6999999999995623_15.0999999999999126,21.406751636318646,22.574035281220024,22.80775064298482,22.884570779024987,22.90256487577753,22.913542898065074,22.919343741169598
grid_120.6999999999995623_15.1999999999999122,20.150566722047646,21.056723087395167,21.209854059816035,21.253705074316066,21.262834156633406,21.267932265166866,21.27033651199789
grid_120.6999999999995623_15.2999999999999119,19.349475484812228,20.071088502105226,20.20053525667846,20.23944375743974,20.24788743264329,20.252751453084887,20.25513865782043
grid_120.6999999999995623_15.3999999999999115,18.206936218220992,19.771722641594017,20.955437874990547,22.139153108387077,22.83158213145644,23.703939531760103,24.887654765156633
grid_120.6999999999995623_15.4999999999999112,19.392344729827453,21.173302217301774,21.70178450175794,21.941736973960115,22.015550774049245,22.071021670004153,22.10938568036999
grid_120.6999999999995623_15.5999999999999108,18.196115450510614,21.03766546289269,23.18721506651481,25.33676467013693,26.5941705816959,28.17831468251901,30.32786428614113
grid_120.6999999999995623_15.6999999999999105,17.968341183975514,20.07499466891918,21.668616510448445,23.262238351977707,24.194447369602518,25.36889183692137,26.962513678450634
grid_120.6999999999995623_15.7999999999999101,17.547202560674044,19.968220203439966,21.799649350100324,23.631078496760686,24.702395870284747,26.052096139526608,27.883525286186966
grid_120.6999999999995623_15.8999999999999098,17.13196306222139,19.316736723150388,20.969454196497647,22.622171669844906,23.588949416039668,24.806945330773903,26.45966280412116
grid_120.6999999999995623_15.9999999999999094,15.873548803614955,17.126901239303255,18.075025755709035,19.02315027211482,19.57776756022658,20.276502707803115,21.224627224208895
grid_120.6999999999995623_16.0999999999999091,14.895604099888502,15.769790022532751,16.431086144481604,17.09238226643046,17.479215699642864,17.966568189074707,18.62786431102356
grid_120.6999999999995623_16.1999999999999105,13.924492117847269,14.674574551945689,15.241990008958375,15.80940546597106,16.14132223065304,16.55948790006948,17.126903357082167
grid_120.6999999999995623_16.2999999999999119,12.41163564734332,12.904678402507747,13.020866826325648,13.064499685671207,13.075943285046156,13.083550132653318,13.08803948248088
grid_120.6999999999995623_16.3999999999999133,10.68010387363404,11.22644792423439,11.387900371496553,11.460955669885255,11.483364615932112,11.500167555172649,11.51175522567891
grid_120.6999999999995623_16.4999999999999147,9.760675885828874,10.130668671586006,10.219078190790636,10.252659223022055,10.261551636362213,10.267506202833053,10.271053878347983
grid_120.6999999999995623_16.5999999999999162,9.08242236351884,9.308001235661013,9.367854330917318,9.392632672058141,9.399687550028105,9.404681704374994,9.407878687639245
grid_120.6999999999995623_16.6999999999999176,9.187458322432864,9.561171728123975,9.660166221122502,9.701092949216987,9.712732306484078,9.720964590565668,9.726228472006376
grid_120.6999999999995623_16.7999999999999190,9.701197805339865,10.275852793551657,10.415766597219143,10.469735412361729,10.484213559817059,10.494005245842212,10.499914330051501
grid_120.6999999999995623_16.8999999999999204,10.01715119120633,10.79959914818193,11.391498178092682,11.983397208003435,12.329635944714456,12.765845164979035,13.357744194889788
grid_120.6999999999995623_16.9999999999999218,11.175636592532609,12.055176014896997,12.720521903047842,13.38586779119869,13.775070185775947,14.265407213563078,14.930753101713924
grid_120.6999999999995623_17.0999999999999233,12.69773107968739,13.873141381976033,14.76230495058057,15.651468519185105,16.171595863826163,16.82687882147375,17.716042390078286
grid_120.6999999999995623_17.1999999999999247,15.915545161503898,16.89096834005922,17.079039899944945,17.138986532836665,17.152665102535405,17.160847128770236,17.16506207513162
grid_120.6999999999995623_17.2999999999999261,17.593010676211144,18.948063136292806,19.328967116738845,19.494344216493317,19.543348427544885,19.579123202719945,19.602954496535652
grid_120.6999999999995623_17.3999999999999275,19.26703306278986,20.92159235906295,21.38419530192492,21.584154869770042,21.6431867865937,21.686158635813886,21.71467815908584
grid_120.6999999999995623_17.4999999999999289,20.522567519124518,22.544066492313963,23.15569240708289,23.4378955197975,23.52587909595161,23.59269086274241,23.63952583247839
grid_120.6999999999995623_17.5999999999999304,21.480090290164675,23.30714999743884,23.843392903209434,24.08466811048723,24.158327898954468,24.21335839457828,24.251129055061174
grid_120.6999999999995623_17.6999999999999318,20.462372250738486,21.88985442198828,22.33683237848966,22.5490144772983,22.616753738809727,22.669149588300872,22.706766693089634
grid_120.6999999999995623_17.7999999999999332,20.126965410978265,21.383255513816746,21.72271364354006,21.86536899420264,21.90650067455309,21.935901637741047,21.954960037712432
grid_120.6999999999995623_17.8999999999999346,20.597060415404975,21.692928578726953,21.95699252862139,22.057986461356514,22.084886088850645,22.102978904589634,22.113820429759528
grid_120.6999999999995623_17.9999999999999361,21.64637498532091,22.96804884359574,23.245926820708398,23.340977718001195,23.36401030340071,23.378427125533776,23.386300751499874
grid_120.6999999999995623_18.0999999999999375,23.413739348499874,24.81690987654705,25.132179576468417,25.24603853116948,25.274929507395274,25.293656590607856,25.304355597613704
grid_120.6999999999995623_18.1999999999999389,23.19685834487951,24.508401627288553,24.769081899982908,24.854254398640137,24.874103557228434,24.886166896387795,24.892509774069985
grid_120.6999999999995623_18.2999999999999403,24.91549706758896,26.210338916018454,26.45436870512755,26.530721301896676,26.54786944352229,26.558005336130524,26.563147367281438
grid_120.6999999999995623_18.3999999999999417,26.64340128993758,28.470623372727708,28.939090866610535,29.127629213631383,29.180050179983244,29.21648799942689,29.239269823860365
grid_120.6999999999995623_18.4999999999999432,32.04216659070819,33.66404470961173,33.930502016003494,34.005081420820446,34.02030573193948,34.02868419278015,34.03256187690848
grid_120.7999999999995566_12.7999999999999208,26.49473818646069,28.868533495500362,29.47252475707101,29.714090836034423,29.780903116917244,29.82715721242539,29.855925953798135
grid_120.7999999999995566_12.8999999999999204,24.547050929681987,26.62786300868999,27.064233673760704,27.213188127521608,27.249218732472308,27.27174124211009,27.28402051605929
grid_120.7999999999995566_12.9999999999999201,23.204529112340296,25.1066630279697,25.486351239771118,25.610841356704157,25.639939800129994,25.657664125841094,25.667010499058627
grid_120.7999999999995566_13.0999999999999197,21.756940145717103,23.716473041137846,24.161168082032933,24.323087560745435,24.36445912815929,24.391417776617217,24.40692458857862
grid_120.7999999999995566_13.1999999999999194,17.628141858142854,19.4045369910462,19.911177477530536,20.13379679345823,20.200427884257913,20.249449547919546,20.28243453346596
grid_120.7999999999995566_13.2999999999999190,12.95690382796831,14.727704968885666,16.067264319932093,17.406823670978522,18.190415658831046,19.177624811895875,20.517184162942304
grid_120.7999999999995566_13.3999999999999186,14.797511900903105,16.369107413305112,17.557973523708732,18.746839634112355,19.44228172707669,20.31843514651436,21.50730125691798
grid_120.7999999999995566_13.4999999999999183,19.0862977316095,20.673024137403935,21.873336326796984,23.073648516190033,23.775786136143477,24.660374921984467,25.860687111377516
grid_120.7999999999995566_13.9999999999999165,26.945306450436632,28.050602895701566,28.21752510597042,28.26116939995775,28.269571040235945,28.27399766130194,28.275934989289063
grid_120.7999999999995566_14.0999999999999162,23.526081875209183,25.327945997693778,25.804691659146787,26.001600230181207,26.05755477047556,26.0971056765313,26.12237495550987
grid_120.7999999999995566_14.1999999999999158,22.817489637334894,24.46256047909476,24.790917110232222,24.89857188696523,24.9237342217942,24.9390605418251,24.947142089422677
grid_120.7999999999995566_14.2999999999999154,24.215571643385825,25.88724658600319,26.260160275219242,26.394048790916514,26.42785356405431,26.449683048077674,26.46209381978684
grid_120.7999999999995566_14.3999999999999151,25.556523175577514,26.846207910077133,27.068568751147353,27.133289171771715,27.14695242401738,27.154662576234802,27.158347669239173
grid_120.7999999999995566_14.8999999999999133,22.079520870264396,24.96915139883788,27.155072508881084,29.340993618924294,30.61967549783433,32.23062414749778,34.41654525754098
grid_120.7999999999995566_14.9999999999999130,22.244060010726294,23.54127085041248,23.81410161346834,23.90745290586679,23.9300791750475,23.944244291572673,23.9519822949326
grid_120.7999999999995566_15.0999999999999126,20.14795436414223,21.216231245437676,21.50922463475347,21.633877042622736,21.670190669015856,21.69635494884836,21.713490593944602
grid_120.7999999999995566_15.1999999999999122,18.866178591716434,19.72994879157121,19.969530705630103,20.072409070747977,20.102613395446696,20.124506804808593,20.138957031091547
grid_120.7999999999995566_15.2999999999999119,18.0932724839113,18.969273778376994,19.227516616732,19.34413388988832,19.379845029767154,19.4065875508583,19.424998723052273
grid_120.7999999999995566_15.3999999999999115,18.069773313775922,19.152623774875973,19.465520180812774,19.60449931264618,19.646473671638713,19.67757142674995,19.69868607064459
grid_120.7999999999995566_15.4999999999999112,17.326000820149517,19.12095211365038,20.478780349878164,21.836608586105946,22.630887186719548,23.631559879606808,24.989388115834593
grid_120.7999999999995566_15.5999999999999108,17.487378114597696,19.626715818763415,21.24506231766887,22.863408816574328,23.810080831607387,25.002746520740047,26.6210930196455
grid_120.7999999999995566_15.6999999999999105,16.84021449332701,19.23457913033576,21.045846056478794,22.857112982621828,23.91663621321198,25.251477619630577,27.06274454577361
grid_120.7999999999995566_15.7999999999999101,16.42072119861711,18.151721190009717,19.461172133739073,20.77062307746843,21.53660277608403,22.501623068861036,23.811074012590396
grid_120.7999999999995566_15.8999999999999098,15.765422514451505,17.100923017760547,18.111190148381468,19.121457279002392,19.712425666126798,20.456957782311434,21.46722491293236
grid_120.7999999999995566_15.9999999999999094,14.134809484283663,15.330008115238437,16.234140976607584,17.13827383797673,17.6671576575474,18.333472468931504,19.23760533030065
grid_120.7999999999995566_16.0999999999999091,12.97935960471228,13.920652035519275,14.63271227120645,15.344772506893626,15.761301043025291,16.28606493770062,16.998125173387795
grid_120.7999999999995566_16.1999999999999105,12.03116480741317,12.78912099747296,13.36249272093601,13.935864444399057,14.2712654015988,14.693820634458849,15.267192357921896
grid_120.7999999999995566_16.2999999999999119,10.865486684610296,11.47635020573233,11.938450620637337,12.400551035542343,12.670862449829457,13.011414556664375,13.473514971569381
grid_120.7999999999995566_16.3999999999999133,10.38114353798743,10.868878752095492,11.237836198415307,11.606793644735124,11.822619915194055,12.094528858843184,12.463486305163
grid_120.7999999999995566_16.4999999999999147,9.998135487538855,10.207113072065209,10.246193851941133,10.258344763116789,10.261059106654356,10.26265702324478,10.263463456572122
grid_120.7999999999995566_16.5999999999999162,9.408573354416353,9.858032526304955,9.981857445532091,10.03473291190416,10.050184300143995,10.061343774692887,10.068675003292658
grid_120.7999999999995566_16.6999999999999176,9.485867746748875,9.9689663958964,10.084496742629113,10.128408613442357,10.140043258717132,10.147837453338411,10.152483752005914
grid_120.7999999999995566_16.7999999999999190,9.47683063049618,9.90738792717884,9.983794576536653,10.006560156436992,10.01146365377467,10.014272510642627,10.015641144150997
grid_120.7999999999995566_16.8999999999999204,9.30850506861942,9.93986649548891,10.12141996919684,10.201738113080447,10.225914579304101,10.243779917350224,10.255869404102642
grid_120.7999999999995566_16.9999999999999218,9.222977637856877,10.129303270712057,10.814912144871288,11.500521019030518,11.901576500575318,12.406846651885699,13.09245552604493
grid_120.7999999999995566_17.0999999999999233,10.31220141324949,10.961949978030724,11.453465792918216,11.94498160780571,12.232499928026296,12.594730172586944,13.086245987474438
grid_120.7999999999995566_17.1999999999999247,12.317709445087855,12.654903922102392,12.704879490085176,12.717749665669992,12.720194971373365,12.721470918903739,12.722022445564587
grid_120.7999999999995566_17.2999999999999261,13.845751369890833,14.663753849483577,14.855742475862886,14.927602149898346,14.94639602422163,14.95886208483434,14.96619892319216
grid_120.7999999999995566_17.3999999999999275,15.559718456344783,16.62464308004475,16.865412104588724,16.95281066969559,16.975083654106356,16.98956855938075,16.997879158128146
grid_120.7999999999995566_17.4999999999999289,17.23276293798564,18.590340784873895,18.95735198134291,19.111650268147013,19.156154416743554,19.187974547036223,19.20860825506186
grid_120.7999999999995566_17.5999999999999304,18.83378268464545,19.956542891141076,20.169877026375527,20.23707058369893,20.25224759408978,20.261256748074537,20.26585232817424
grid_120.7999999999995566_17.6999999999999318,17.542383829024363,18.635765212109725,18.94862178152724,19.086461912859164,19.127811073734694,19.15828536210946,19.17883668874059
grid_120.7999999999995566_17.7999999999999332,17.568764605573612,18.404549607156824,18.570953942130846,18.625399532852544,18.638103007724073,18.64583048835864,18.649898280383425
grid_120.7999999999995566_17.8999999999999346,17.411597891583916,18.32864931663037,18.573897993909327,18.676089252881827,18.70534428540256,18.726141102824837,18.739526557182828
grid_120.7999999999995566_17.9999999999999361,17.88330008171885,18.828074873853133,19.026956238704955,19.095054168593624,19.111569692517303,19.121913985161353,19.12756815483558
grid_120.7999999999995566_18.0999999999999375,19.71737445282226,20.097724120466108,20.117211890456616,20.11936824462141,20.11956251422807,20.119621921032472,20.1196349185134
grid_120.7999999999995566_18.1999999999999389,20.146187936981114,20.92993277891582,21.016830302767392,21.03455385077226,21.03730321666927,21.038539756911952,21.038981693311797
grid_120.7999999999995566_18.2999999999999403,20.658757676859288,22.006924229636823,22.38233187078046,22.544057562580036,22.591668007470183,22.62625048398082,22.6491377531229
grid_120.7999999999995566_18.3999999999999417,23.941761132081442,25.360435818520585,25.618587274021046,25.69708711734899,25.71429276307284,25.72427821672585,25.729226089517187
grid_120.7999999999995566_18.4999999999999432,29.467298765098313,31.007283557206836,31.298155329514852,31.389327608132042,31.409835575462548,31.421971375403693,31.42813711839659
grid_120.7999999999995566_18.5999999999999446,36.59223788325529,38.75070509653476,39.23398826326914,39.40802703359908,39.45208151278075,39.480585056414945,39.49683087697812
grid_120.8999999999995509_12.6999999999999211,24.266186798108034,26.02393093512174,26.55261337825872,26.79535304434396,26.870723844487685,26.927776256752413,26.967605618711254
grid_120.8999999999995509_12.7999999999999208,21.494569719365167,22.957144576327977,23.235262884636278,23.32291694508615,23.342726085463923,23.354489680663225,23.36049344571194
grid_120.8999999999995509_12.8999999999999204,19.124782580025087,20.421357750377933,20.65379746139108,20.72362728891538,20.73877466109974,20.747497510409517,20.751776774360255
grid_120.8999999999995509_12.9999999999999201,17.2665364216317,18.433241924137256,18.714549116861637,18.822192567464086,18.85087558273519,18.870174236246978,18.881743212752667
grid_120.8999999999995509_13.0999999999999197,14.417656156577134,15.816840290309607,16.875282227616108,17.93372416492261,18.552873007437565,19.33290829865508,20.391350235961582
grid_120.8999999999995509_13.1999999999999194,12.40366283401866,12.832932018039623,12.900933282777267,12.919413317436273,12.923091229849634,12.92507747852847,12.92597474796286
grid_120.8999999999995509_13.2999999999999190,10.876565316564875,11.770835062618994,12.007232757233231,12.104799069363105,12.132506785649941,12.152082347102938,12.164581548715002
grid_120.8999999999995509_13.3999999999999186,13.768078116815438,14.874739499171005,15.191517690406855,15.331129952784638,15.373021843880913,15.403902470573183,15.424733365121671
grid_120.8999999999995509_13.7999999999999172,27.292448603003514,29.01714564754438,29.539479922674207,29.780678615364135,29.855928733478272,29.913101038842672,29.95320592033333
grid_120.8999999999995509_13.9999999999999165,22.05148469979688,24.278465782419104,25.9631119377094,27.647758092999698,28.63321292082859,29.874739175621922,31.55938533091222
grid_120.8999999999995509_14.0999999999999162,19.35481693149752,21.535036301689384,23.184308587091287,24.83358087249319,25.798343312931983,27.013800242685058,28.663072528086957
grid_120.8999999999995509_14.1999999999999158,19.969764259697776,21.867671793485762,22.30437585399223,22.465196163986505,22.50668250287881,22.533913880619668,22.549725665624038
grid_120.8999999999995509_14.2999999999999154,21.994946568722565,23.548372638159254,23.84219809191301,23.934402135912908,23.955162563651108,23.967456829948595,23.97370901707537
grid_120.8999999999995509_14.3999999999999151,23.181289983780335,24.49664735443663,24.804653092930934,24.919718255829878,24.949763645961976,24.96966850305698,24.981364915855792
grid_120.8999999999995509_14.7999999999999137,23.34849213371801,25.882440740328658,27.799298863255956,29.71615698618325,30.837447107298463,32.2501055927939,34.166963715721195
grid_120.8999999999995509_14.8999999999999133,21.54770728287945,23.577822131042,25.113544728976144,26.649267326910284,27.547607458211832,28.67938217507284,30.215104773006978
grid_120.8999999999995509_14.9999999999999130,21.373272353401788,22.535809883008216,22.836833440442827,22.95897491680006,22.993168814280992,23.017062562795864,23.032103582457896
grid_120.8999999999995509_15.0999999999999126,19.649229990647207,20.781752651913763,21.100468843076687,21.238976877941255,21.28005184190947,21.310056360695587,21.330059653157708
grid_120.8999999999995509_15.1999999999999122,18.56653638578277,19.470422330099087,19.75776047641529,19.895881413156296,19.94043913589888,19.975185601117246,20.00039577116923
grid_120.8999999999995509_15.2999999999999119,17.675463219498305,18.534414032299548,19.184185238557504,19.833956444815456,20.214048234524714,20.6929072576167,21.342678463874655
grid_120.8999999999995509_15.3999999999999115,17.99789384776394,18.87710266518225,19.15127010887859,19.280974110864243,19.322264416423256,19.354131426622796,19.376944385105293
grid_120.8999999999995509_15.4999999999999112,17.339591836159663,18.865150867513115,20.01919172439001,21.1732325812669,21.848303206839994,22.69879161262035,23.852832469497244
grid_120.8999999999995509_15.5999999999999108,17.530719200878615,19.622492461072998,21.204857847121183,22.787223233169367,23.71284764644671,24.87899649336375,26.461361879411935
grid_120.8999999999995509_15.6999999999999105,16.675576220849226,18.388415581105736,19.684128537718898,20.979841494332064,21.7377849856493,22.692680854588573,23.988393811201732
grid_120.8999999999995509_15.7999999999999101,16.09813309074858,17.28341408983274,18.18004455231274,19.07667501479274,19.601170212347807,20.2619560138769,21.1585864763569
grid_120.8999999999995509_15.8999999999999098,15.144998641149938,15.968022073470184,16.590615265568406,17.213208457666628,17.577402128248373,18.036231889986876,18.658825082085098
grid_120.8999999999995509_15.9999999999999094,13.495887679784135,14.392317705494465,15.070440841826407,15.748563978158352,16.14524058378396,16.644994003868682,17.323117140200626
grid_120.8999999999995509_16.0999999999999091,12.141181806119006,13.199766748942105,14.000555344719167,14.801343940496231,15.269775240030965,15.85992888331933,16.66071747909639
grid_120.8999999999995509_16.1999999999999105,12.294708537354687,13.129481248026606,13.372689412030239,13.481453223243625,13.514489537323934,13.539073480959516,13.555860945270869
grid_120.8999999999995509_16.2999999999999119,11.377133125750811,12.503417714136301,13.355419114773344,14.207420515410387,14.705809385344958,15.333705103795875,16.18570650443292
grid_120.8999999999995509_16.3999999999999133,11.68026897815125,12.548063221293344,13.204524224352692,13.86098522741204,14.244990297387556,14.728779470554134,15.385240473613482
grid_120.8999999999995509_16.4999999999999147,11.412951748370363,11.9951689912894,12.164541070006173,12.240190934052867,12.263145227861814,12.280212897842809,12.291855636500708
grid_120.8999999999995509_16.5999999999999162,10.565126400564342,10.927838598490407,11.007842602790143,11.036302386358772,11.043431952765717,11.04800855135282,11.050590598716742
grid_120.8999999999995509_16.6999999999999176,10.314391952312967,10.924030012641,11.074090332051945,11.132494133106622,11.148280953045365,11.159019641084674,11.165548803974508
grid_120.8999999999995509_16.7999999999999190,9.892922016757968,10.50559177576397,10.63708748512397,10.682831054060307,10.694075316393668,10.701190161084009,10.705130528248882
grid_120.8999999999995509_16.8999999999999204,9.784765575573086,10.245835919566739,10.309228903855976,10.324595716192276,10.327366396586077,10.32875733147218,10.329329515772242
grid_120.8999999999995509_16.9999999999999218,8.877302421524018,9.800854997929852,10.499495551813025,11.198136105696197,11.606814631200912,12.121688682102032,12.820329235985206
grid_120.8999999999995509_17.0999999999999233,9.038515468714516,9.506300623305599,9.860166432195106,10.214032241084611,10.421030469572333,10.681817395675694,11.0356832045652
grid_120.8999999999995509_17.1999999999999247,9.874362594391108,10.312084425241412,10.426321915176446,10.472975360951189,10.486107456847588,10.495322275468002,10.501154416435782
grid_120.8999999999995509_17.2999999999999261,11.292731161368554,11.780373111961563,11.873878883431388,11.903549878775385,11.910294311378307,11.914316984281607,11.916381586200355
grid_120.8999999999995509_17.3999999999999275,12.80044850062832,13.57807004849057,13.818548131330342,13.931531801446715,13.967293082918374,13.994769658423511,14.01432585340098
grid_120.8999999999995509_17.4999999999999289,15.067671116851091,15.90263563536759,16.17245047671694,16.30392412685793,16.346819985069494,16.380567039072112,16.405333834236494
grid_120.8999999999995509_17.5999999999999304,16.378046441567335,17.20526445441171,17.470351833373165,17.598629283289355,17.640241650155282,17.672831961055238,17.69661069055031
grid_120.8999999999995509_17.6999999999999318,16.300245491144096,17.029666492599056,17.243235838193574,17.339136884311845,17.368366075992324,17.390174706516994,17.405118222356514
grid_120.8999999999995509_17.7999999999999332,16.553465628232857,17.172139094635423,17.325758068622243,17.385977038882473,17.402353172290915,17.413544388539936,17.420389466274628
grid_120.8999999999995509_17.8999999999999346,16.0668472440153,16.7014583552573,16.875935057019852,16.950314186757414,16.9720187089693,16.987677298749944,16.997949719816262
grid_120.8999999999995509_17.9999999999999361,15.913566696348557,16.678381176769452,16.89185711064623,16.984003336864244,17.011174939168683,17.030936481310405,17.044036516805164
grid_120.8999999999995509_18.0999999999999375,16.073192238409984,16.871482573785997,17.064857468925517,17.13913622715546,17.158992647291022,17.172385485632887,17.180439662899747
grid_120.8999999999995509_18.1999999999999389,16.545716353587505,17.535947363532543,17.822989637510766,17.950819740015053,17.989511589351533,18.018226105701437,18.03776546196569
grid_120.8999999999995509_18.2999999999999403,17.729509400633543,18.876101949102907,19.141624303110095,19.239919577293453,19.26538927286938,19.282164036216052,19.29194680359219
grid_120.8999999999995509_18.3999999999999417,20.583647155013473,21.952761489673065,22.240883044645667,22.339513170921187,22.363428588942057,22.37840536174089,22.38658998022861
grid_120.8999999999995509_18.4999999999999432,27.152332577264755,28.658598612692554,29.038612375264172,29.18954065773773,29.231039543351983,29.259639878983574,29.277325113990155
grid_120.8999999999995509_18.5999999999999446,35.987944253268616,37.94521861552606,38.353388457308846,38.49208059571576,38.525498627110444,38.54632664689013,38.5576391141416
grid_120.8999999999995509_5.8999999999999453,18.480434741228333,18.955467462407707,19.060093802906074,19.09726819198849,19.10657149082521,19.112538871310015,19.115902250763895
grid_120.8999999999995509_5.9999999999999449,18.696069434094145,19.12962352830982,19.212401446899815,19.238576596220877,19.24450865814024,19.248038860767647,19.24984547861483
grid_120.9999999999995453_12.3999999999999222,29.032982218304657,32.029786949964006,34.29678221487264,36.56377747978128,37.889884699065256,39.560582211440625,41.82757747634926
grid_120.9999999999995453_12.4999999999999218,29.970411686953625,31.64116634309459,31.95348345403606,32.05055560669338,32.07223390633923,32.0849930148499,32.09143046021881
grid_120.9999999999995453_12.5999999999999215,25.395015259797933,26.69677876669921,26.9483984761509,27.028763624497945,27.047133059372,27.05813532242923,27.063812619465438
grid_120.9999999999995453_12.6999999999999211,20.808977221068655,22.048515242873318,22.282475959689418,22.355768270933346,22.37224641473168,22.381993983892073,22.386944043103572
grid_120.9999999999995453_12.7999999999999208,16.692419338935913,17.987600149558645,18.287678849324493,18.39881135649286,18.427617142199445,18.446594020915224,18.457664722159105
grid_120.9999999999995453_12.8999999999999204,14.939716356909221,15.798844106053647,15.953934234562718,16.000789977499583,16.011003020917784,16.01690565895921,16.019814869040104
grid_120.9999999999995453_12.9999999999999201,12.726964579194094,14.029337929773002,15.014545336753697,15.99975274373439,16.576062132250822,17.302126094313298,18.287333501293993
grid_120.9999999999995453_13.0999999999999197,11.797153506768783,12.889945004188206,13.716609859595893,14.54327471500358,15.026842656081154,15.636066212423003,16.46273106783069
grid_120.9999999999995453_13.1999999999999194,10.40980914363096,11.697554518788497,12.671696289538335,13.645838060288174,14.215674466562934,14.933583435445708,15.907725206195547
grid_120.9999999999995453_13.2999999999999190,10.063904729307636,11.566637379150261,12.703410745004678,13.840184110859095,14.505153901702503,15.342916760701721,16.47969012655614
grid_120.9999999999995453_13.3999999999999186,14.22009046749559,15.276682382994831,15.528119209422346,15.623302371223682,15.64843567049161,15.665228966800482,15.675206224793943
grid_120.9999999999995453_13.7999999999999172,23.479926069453324,25.61098406906645,27.223067213267047,28.835150357467644,29.778158544869648,30.966208357080767,32.57829150128136
grid_120.9999999999995453_13.8999999999999169,22.203959247571937,24.633955086678377,26.472175976683356,28.31039686668834,29.385687155383522,30.740392705794775,32.57861359579976
grid_120.9999999999995453_13.9999999999999165,19.928104843231385,22.24749528252788,24.00204641754565,25.756597552563417,26.78294417214655,28.07598799185991,29.83053912687768
grid_120.9999999999995453_14.0999999999999162,18.04778490559003,20.52674345387996,22.402003203542176,24.277262953204392,25.374219585868534,26.756221501494323,28.63148125115654
grid_120.9999999999995453_14.1999999999999158,20.336789958739292,22.008453615946657,22.334464487108615,22.439348048937635,22.46347067926744,22.47798629577374,22.48552159658434
grid_120.9999999999995453_14.2999999999999154,21.521675404957794,23.214400836536594,23.637543958590182,23.80433516367264,23.84990436863125,23.881156882470513,23.900360576895626
grid_120.9999999999995453_14.3999999999999151,24.6885091826542,25.665020158893228,25.842161710004365,25.895891974132972,25.907643208053724,25.914452116692438,25.917818973309338
grid_120.9999999999995453_14.5999999999999144,23.63630307187374,25.40384920610566,26.74094623964933,28.078043273192993,28.860194897641534,29.845589407424914,31.18268644096858
grid_120.9999999999995453_14.6999999999999140,24.46159554753387,26.026101255974524,26.447142697631207,26.623496763804877,26.674203334452304,26.710370750606085,26.733750370410544
grid_120.9999999999995453_14.7999999999999137,23.07984586553786,24.392960707438412,24.688045480281367,24.794629219986703,24.82167727994721,24.839211327336283,24.84922987301129
grid_120.9999999999995453_14.8999999999999133,20.882498304387074,22.54403553849149,23.04610881145836,23.27751942599489,23.34960352821376,23.404304226360928,23.442615290582452
grid_120.9999999999995453_14.9999999999999130,18.606413261873513,20.026944877562148,21.101535561565786,22.17612624556942,22.804721499335848,23.59665786125806,24.671248545261697
grid_120.9999999999995453_15.0999999999999126,17.723764423871422,18.95660570743454,19.889214136237293,20.821822565040044,21.367363523746132,22.054663848603163,22.987272277405918
grid_120.9999999999995453_15.1999999999999122,17.278192350491302,18.77088673930049,19.900066453826774,21.02924616835306,21.689773957925954,22.521940557162246,23.65112027168853
grid_120.9999999999995453_15.2999999999999119,18.437207665567723,19.288532547051886,19.513445618947653,19.606227049726016,19.632565197644713,19.651167333782517,19.663040189326683
grid_120.9999999999995453_15.3999999999999115,17.90832414892214,18.727477040564793,18.931520596141308,19.011714400347962,19.033570403071217,19.048531579087772,19.057702404379377
grid_120.9999999999995453_15.4999999999999112,17.570038978048412,18.894858845978487,19.299950026625094,19.488499054328184,19.547713815717806,19.592934967219914,19.6248684158942
grid_120.9999999999995453_15.5999999999999108,16.25049137147736,18.241316081813686,19.747316837857802,21.25331759390192,22.134271562245438,23.244142304238245,24.75014306028236
grid_120.9999999999995453_15.6999999999999105,15.569055649281744,17.25033701851259,18.5221772764913,19.794017534470008,20.53799639229507,21.475298903700853,22.747139161679563
grid_120.9999999999995453_15.7999999999999101,16.07420305347584,17.051283215583155,17.328385504898023,17.44957898544142,17.485711599768695,17.51221493400263,17.529978640004277
grid_120.9999999999995453_15.8999999999999098,15.44947901477363,16.125060566431028,16.28692541599131,16.348543295627255,16.364890454812674,16.375852496976872,16.38239560011109
grid_120.9999999999995453_15.9999999999999094,13.215063197494485,14.493109242282138,15.459913752853153,16.426718263424167,16.99226264763628,17.704764308211818,18.671568818782834
grid_120.9999999999995453_16.0999999999999091,13.339594911746516,14.26179782006529,14.512769255496384,14.61886135320163,14.649602270699626,14.671659723375903,14.686028451376572
grid_120.9999999999995453_16.1999999999999105,12.312227702845203,13.975808878493005,15.234259456918416,16.492710035343826,17.22885643273354,18.156291210991633,19.414741789417043
grid_120.9999999999995453_16.2999999999999119,12.261579443903232,13.682248117001908,14.756942480933803,15.831636844865699,16.460292747502233,17.252305517964373,18.32699988189627
grid_120.9999999999995453_16.3999999999999133,12.646203970406047,13.763733786613242,14.609112457759814,15.454491128906385,15.94900595043661,16.572020945113582,17.417399616260152
grid_120.9999999999995453_16.4999999999999147,13.071238915694757,14.068235098400098,14.310672547271144,14.404091023109036,14.42913041986706,14.446053463879215,14.456257381672682
grid_120.9999999999995453_16.5999999999999162,11.323555976782433,12.03713321437971,12.57693355628717,13.116733898194632,13.432496856086953,13.830311135791906,14.370111477699368
grid_120.9999999999995453_16.6999999999999176,11.493919395650671,12.062370972371923,12.212818379963377,12.274972051235288,12.292637515025811,12.305126107692395,12.31310673402561
grid_120.9999999999995453_16.7999999999999190,10.228462631979747,11.253656226340906,12.029185242121837,12.80471425790277,13.258369650355801,13.82990785226393,14.605436868044862
grid_120.9999999999995453_16.8999999999999204,9.568645626228898,10.727616158219838,11.604343520678754,12.481070883137672,12.993923513532303,13.64004141512861,14.516768777587528
grid_120.9999999999995453_16.9999999999999218,10.312685008732014,11.057038293083153,11.207491027077598,11.257326587538541,11.269076876945514,11.276281258256137,11.280112479386453
grid_120.9999999999995453_17.0999999999999233,9.80919174204031,10.432614766853643,10.594518086973965,10.660370453927936,10.678843663029765,10.691772465461808,10.699927586019495
grid_120.9999999999995453_17.1999999999999247,9.81698097569387,10.305396692073783,10.429468383377895,10.47902467273087,10.492715557870834,10.502185588107668,10.508069129211238
grid_120.9999999999995453_17.2999999999999261,10.689948926708524,11.361548221137873,11.558989305766623,11.647946854890083,11.675136093869545,11.695466911807653,11.70943716409536
grid_120.9999999999995453_17.3999999999999275,12.13431832919796,12.774595002545256,12.945136153315199,13.015962237787308,13.036181638625203,13.050524365861886,13.059730175381826
grid_120.9999999999995453_17.4999999999999289,14.096047102504127,14.87120621036943,15.079043726510486,15.165830588529495,15.190720064432753,15.208437821010332,15.219861774207306
grid_120.9999999999995453_17.5999999999999304,15.35917953999858,16.1154221813102,16.337709094842793,16.43784677248771,16.468449507021024,16.491330669966377,16.507051511194803
grid_120.9999999999995453_17.6999999999999318,16.2928841187899,16.80773935417738,16.864430184038234,16.875928969596718,16.877704098643044,16.878499668691422,16.87878272896737
grid_120.9999999999995453_17.7999999999999332,15.958617323379823,16.60750366192597,16.7761787570511,16.844838721012145,16.864112101186116,16.877607681178677,16.886125825489785
grid_120.9999999999995453_17.8999999999999346,16.191532126923903,16.757007139966575,16.85275498783185,16.880217436934927,16.885942527509535,16.889142959460127,16.89065425448316
grid_120.9999999999995453_17.9999999999999361,15.32569006895222,16.236666056230384,16.527847371145697,16.668452665386223,16.713983528460272,16.749593611265972,16.775529231572857
grid_120.9999999999995453_18.0999999999999375,15.167420487222289,16.18529162807727,16.489738061543594,16.62887836894529,16.671915445210793,16.704395381719383,16.726982607432248
grid_120.9999999999995453_18.1999999999999389,16.06374174996753,16.95190150042217,17.148939700277758,17.2193641951963,17.237077352243954,17.24848242386294,17.254942301555573
grid_120.9999999999995453_18.2999999999999403,17.014737706849402,18.13899792984848,18.391903918875542,18.483330014686537,18.50654808475908,18.521607514431615,18.53021816233365
grid_120.9999999999995453_18.3999999999999417,19.00365109673158,20.797865966697568,21.3798078090777,21.664245248766996,21.757285886338387,21.830628974695067,21.88459444651756
grid_120.9999999999995453_18.4999999999999432,27.299773853707293,28.6556452600866,28.877590900647018,28.939528932620302,28.952140672522386,28.95906825862482,28.962266694852467
grid_120.9999999999995453_5.9999999999999449,18.707759598889485,19.17577277934641,19.26921931165618,19.299864904375617,19.307029399834533,19.31139403511856,19.313696015775218
grid_120.9999999999995453_6.0999999999999446,18.79552501376354,19.41705354874774,19.572492492127243,19.633785145531363,19.65053626481552,19.662027385562787,19.66909052699887
grid_121.0999999999995396_12.3999999999999222,28.541168293206216,30.646959286723444,31.19338077749715,31.41547986772933,31.477748351549277,31.521308826005484,31.54876986906546
grid_121.0999999999995396_12.4999999999999218,24.98421460557799,26.625083551923897,27.13196019634652,27.369888274769984,27.445139302283998,27.502922916298395,27.544018308371026
grid_121.0999999999995396_12.5999999999999215,21.022701106237317,22.024431976258896,22.227478699484774,22.29489012207449,22.310815604726507,22.320594333709167,22.325804471583236
grid_121.0999999999995396_12.6999999999999211,16.40866213719057,17.42425518392656,17.63377563888282,17.704344817846486,17.721221756872822,17.731681056132995,17.73732061924441
grid_121.0999999999995396_12.7999999999999208,13.18202325310032,14.035651886405605,14.20998005357735,14.268211718681838,14.282040294657286,14.290564885502906,14.295129852574494
grid_121.0999999999995396_12.8999999999999204,11.97376298994412,13.054462937730387,13.36094532830875,13.494986065422067,13.534948354041497,13.564260417381353,13.583906359844606
grid_121.0999999999995396_12.9999999999999201,11.846453102565198,13.081007619985465,13.474895468097992,13.664807188501545,13.726226893585896,13.77421650584473,13.809123834734361
grid_121.0999999999995396_13.0999999999999197,10.734974510312137,11.922063187501458,12.820061105679047,13.718059023856636,14.243354131716192,14.905147701045955,15.803145619223546
grid_121.0999999999995396_13.1999999999999194,11.309087162534796,12.683969001802753,13.724026963037856,14.76408492427296,15.372479830171994,16.138966763540914,17.17902472477602
grid_121.0999999999995396_13.2999999999999190,13.45298185747695,14.96520002607575,15.456816163939486,15.697567649471786,15.776444493253026,15.838700098277755,15.884581698466128
grid_121.0999999999995396_13.3999999999999186,14.520383285522506,16.295166291796832,17.637737807704855,18.980309323612875,19.765663314955425,20.755092329887205,22.097663845795225
grid_121.0999999999995396_13.6999999999999176,22.20405776943983,24.259734255670743,25.81479348633644,27.36985271700214,28.27950405334186,29.425529203233047,30.980588433898745
grid_121.0999999999995396_13.7999999999999172,20.4754573067841,22.870013051301374,24.681424544693765,26.492836038086153,27.552443835096007,28.887391782603427,30.698803275995814
grid_121.0999999999995396_13.8999999999999169,19.0744687658386,21.538978309508217,23.40330780912416,25.267637308740106,26.358200155003672,27.732146852409723,29.596476352025668
grid_121.0999999999995396_13.9999999999999165,18.050879777559263,20.112730457378344,21.672460285190773,23.2321901130032,24.144573573529737,25.29404079282228,26.85377062063471
grid_121.0999999999995396_14.0999999999999162,17.571363628255295,19.241033520117007,20.504090034551687,21.767146548986368,22.505987246222226,23.43681644084808,24.69987295528276
grid_121.0999999999995396_14.1999999999999158,17.885502077090692,20.065175617797667,21.714034999133908,23.362894380470152,24.32741528751414,25.542567921177124,27.191427302513368
grid_121.0999999999995396_14.2999999999999154,20.496682943422133,22.75323963251734,24.460258870418837,26.167278108320335,27.16582035050232,28.42383479741554,30.130854035317043
grid_121.0999999999995396_14.4999999999999147,26.29446158654712,27.30860066812334,27.573975788952712,27.682589298058097,27.713218210785925,27.734740935615413,27.748387729600232
grid_121.0999999999995396_14.5999999999999144,24.18931597392661,25.40651219231131,25.709465239756792,25.828455455316472,25.860867282871734,25.88304498135089,25.896631996345626
grid_121.0999999999995396_14.6999999999999140,21.176718854927014,22.818356323640625,24.060207128584363,25.302057933528097,26.028494085910566,26.943695402241712,28.185546207185446
grid_121.0999999999995396_14.7999999999999137,19.162608564582687,21.08584699202995,22.54072069876597,23.99559440550199,24.84664096722775,25.918832832949256,27.373706539685273
grid_121.0999999999995396_14.8999999999999133,17.448913644957333,19.15606944142315,20.44748294800369,21.738896454584225,22.494324928858653,23.446052251050045,24.73746575763058
grid_121.0999999999995396_14.9999999999999130,16.398954693759844,17.831805444247017,18.91571519397456,19.999624943702102,20.63367150145877,21.43247569418927,22.516385443916818
grid_121.0999999999995396_15.0999999999999126,16.254945612625672,17.814808467003736,18.994799164236763,20.17478986146979,20.86504017055092,21.734652715847854,22.91464341308088
grid_121.0999999999995396_15.1999999999999122,17.088619356848483,19.016398699410317,20.474707475823827,21.933016252237337,22.786072200911793,23.86079559479917,25.31910437121268
grid_121.0999999999995396_15.2999999999999119,19.47420088345148,20.617839185475567,20.847840345168525,20.923714145668015,20.941541523350914,20.952443195690165,20.958220996949777
grid_121.0999999999995396_15.3999999999999115,17.81163235692935,18.84027013140817,19.11506158589157,19.22946031741501,19.262185443679726,19.28543561156228,19.30038891473225
grid_121.0999999999995396_15.4999999999999112,16.20961555515947,17.523237732602,17.881282392012956,18.032829443028493,18.076788054011303,18.108355480984656,18.128941076295874
grid_121.0999999999995396_15.5999999999999108,15.922906589462709,17.3609629381155,17.699271555636614,17.8261407334621,17.859375413262843,17.881447414112607,17.89445853616501
grid_121.0999999999995396_15.6999999999999105,14.033284549348405,15.477012003458032,16.569149661847568,17.661287320237108,18.3001468960204,19.105014774346735,20.19715243273627
grid_121.0999999999995396_15.7999999999999101,14.828310238964306,15.623512639088053,15.79727894257913,15.858621681975997,15.87388951322189,15.883642058338847,15.889109469292148
grid_121.0999999999995396_15.8999999999999098,14.246109908328949,15.190699231295557,15.552594144540974,15.755803914357156,15.830362355352761,15.894684637034858,15.947893185832614
grid_121.0999999999995396_15.9999999999999094,14.20250806360685,15.232314107377992,15.561984310392598,15.721378273616523,15.773048093399204,15.813492971280153,15.842981505808648
grid_121.0999999999995396_16.0999999999999091,13.351481480976583,14.920247198666472,16.106972652007833,17.293698105349193,17.987887994205206,18.862463823039082,20.049189276380446
grid_121.0999999999995396_16.1999999999999105,15.439357013943784,16.698477257894464,16.93725174863674,17.012338164405694,17.02927481074563,17.039318187837907,17.04443457079354
grid_121.0999999999995396_16.2999999999999119,13.550699474236932,15.206027141201528,16.458234181332283,17.710441221463043,18.442935383078567,19.365768888427635,20.617975928558394
grid_121.0999999999995396_16.3999999999999133,13.635701961614492,15.345472459266212,16.638863910937722,17.932255362609233,18.688840860590368,19.642025860260954,20.935417311932465
grid_121.0999999999995396_16.4999999999999147,13.38568212148224,14.905497876444283,16.055194112449875,17.204890348455468,17.877419533738998,18.72470610341751,19.874402339423103
grid_121.0999999999995396_16.5999999999999162,13.849514226054122,14.996995900341794,15.285900069631136,15.400449720348222,15.43190138495676,15.45355378867774,15.46692392529116
grid_121.0999999999995396_16.6999999999999176,13.909775626247027,14.874486806758924,15.10780720323978,15.197313979083363,15.221215113378175,15.23732260975259,15.246998904335854
grid_121.0999999999995396_16.7999999999999190,13.062286167065752,13.810575943201734,13.981676655080351,14.044362397799269,14.060462933595769,14.070996208414321,14.077086180643807
grid_121.0999999999995396_16.8999999999999204,11.654441208624347,12.811395532515306,13.686597692425178,14.561799852335048,15.073760296432482,15.718754176226009,16.59395633613588
grid_121.0999999999995396_16.9999999999999218,10.986258279862675,12.051708540594964,12.857690548884962,13.663672557174962,14.135141808280538,14.72912281790725,15.535104826197248
grid_121.0999999999995396_17.0999999999999233,10.263734831617914,11.291769227228455,12.069447226195667,12.847125225162877,13.302037692194562,13.87515962077342,14.65283761974063
grid_121.0999999999995396_17.1999999999999247,10.691971301732908,11.24859394292076,11.36455657419166,11.403927559368919,11.413407496004263,11.419312846707362,11.42251810332218
grid_121.0999999999995396_17.2999999999999261,10.801145671149861,11.31520818064364,11.431726846464695,11.474110477452303,11.484930631855994,11.491976749302047,11.496026362181185
grid_121.0999999999995396_17.3999999999999275,11.990696260521185,12.37168504230075,12.416412804149303,12.425962845219448,12.427504777415763,12.428218748429112,12.428483589564443
grid_121.0999999999995396_17.4999999999999289,12.258968725928655,13.101728436945942,13.739251547527154,14.376774658108365,14.749701771141481,15.219534369125652,15.857057479706864
grid_121.0999999999995396_17.5999999999999304,13.384759575546612,14.396618144147737,15.162059602359081,15.927501060570425,16.37525561012138,16.939359629171552,17.704801087382894
grid_121.0999999999995396_17.6999999999999318,14.35208591961816,15.223684203021344,15.883022851450214,16.542361499879085,16.928049884486143,17.41395978328227,18.07329843171114
grid_121.0999999999995396_17.7999999999999332,15.35329448349316,16.301046738016442,17.017993641701118,17.734940545385797,18.154327599049477,18.682692799909077,19.399639703593756
grid_121.0999999999995396_17.8999999999999346,15.438728104457585,16.311403447827885,16.97155686066889,17.631710273509896,18.017875264744976,18.504385616880196,19.1645390297212
grid_121.0999999999995396_17.9999999999999361,15.05592244626814,16.02373213812854,16.755851907428752,17.48797167672896,17.91623428780621,18.455781368589363,19.187901137889575
grid_121.0999999999995396_18.0999999999999375,16.147185823336475,17.18820819575511,17.444132826741996,17.543637238865823,17.570510517094018,17.588778476520073,17.599875984983907
grid_121.0999999999995396_18.1999999999999389,17.356323385800824,18.477119245051288,18.672022615706595,18.729146615839504,18.74127822868782,18.748154614399596,18.751460053974697
grid_121.0999999999995396_18.2999999999999403,17.900938398096265,19.610973854631162,20.10828376286637,20.330349753503167,20.39771636537001,20.447798504175793,20.481954771050926
grid_121.0999999999995396_18.3999999999999417,21.23523959309479,23.1298412073058,23.55733183156342,23.712254665860563,23.751680799300793,23.77729382600869,23.791969012055386
grid_121.0999999999995396_18.4999999999999432,27.51464408168273,29.36851484147661,29.826557141822015,30.005379455907036,30.053841951973467,30.08687340978348,30.107008404577808
grid_121.0999999999995396_18.5999999999999446,37.17993450809067,38.932800098507876,39.21608803391777,39.29433129015905,39.31012195100933,39.31873847953861,39.322683027441364
grid_121.0999999999995396_5.9999999999999449,18.63689363550728,19.122836594623823,19.25425492411976,19.309521987424514,19.325466591798534,19.336869047533902,19.344264781721996
grid_121.0999999999995396_6.0999999999999446,18.976020319490573,19.552776183798876,19.669451773244777,19.708125728060033,19.717249672906448,19.72284625888021,19.72582416810782
grid_121.1999999999995339_12.2999999999999226,29.380221359108816,32.06521129398257,34.096327770936284,36.127444247890004,37.31557122150479,38.81243418276376,40.84355065971747
grid_121.1999999999995339_12.3999999999999222,25.00474393495972,27.148559831735838,28.77029395257604,30.392028073416242,31.340681720247755,32.53584397019236,34.15757809103257
grid_121.1999999999995339_12.4999999999999218,20.96268376795141,22.53603318410608,23.72622607147998,24.916418958853882,25.612637166592656,26.489768375008556,27.679961262382456
grid_121.1999999999995339_12.5999999999999215,16.889124072315973,18.494208605517837,19.708408182188933,20.92260775886003,21.632868979604122,22.527692292061893,23.741891868732992
grid_121.1999999999995339_12.6999999999999211,12.78250936872161,13.956244129608463,14.844140200072765,15.732036270537067,16.25142217629635,16.905771031423917,17.79366710188822
grid_121.1999999999995339_12.7999999999999208,9.90645670989943,11.00060049285751,11.828288312784892,12.655976132712274,13.140142469673437,13.750119915670352,14.577807735597734
grid_121.1999999999995339_12.8999999999999204,9.493372556852604,10.768381438173485,11.732888423275062,12.69739540837664,13.261595826344681,13.97240428969752,14.936911274799098
grid_121.1999999999995339_12.9999999999999201,10.009481206576591,11.511245405419851,12.647286166374569,13.783326927329286,14.447868171778522,15.285091126172546,16.421131887127263
grid_121.1999999999995339_13.0999999999999197,12.897765083531693,14.021678290743498,14.223205311344426,14.283758261142383,14.296895156946903,14.304461039571585,14.308173220572954
grid_121.1999999999995339_13.1999999999999194,12.840247987960034,14.666591413213304,16.04816688037885,17.429742347544398,18.237912187752553,19.256085772797665,20.63766123996321
grid_121.1999999999995339_13.2999999999999190,15.054947982883036,17.4610619780252,19.281216950483955,21.10137192294271,22.16609432733223,23.507485918084875,25.32764089054363
grid_121.1999999999995339_13.3999999999999186,17.886958569874313,19.85676705260432,20.49422021989747,20.80520647634075,20.906772907644235,20.986739430085166,21.045485626655545
grid_121.1999999999995339_13.6999999999999176,19.840363700315415,22.2777391624465,24.121542521765203,25.965345881083902,27.043901704989036,28.402721343214992,30.24652470253369
grid_121.1999999999995339_13.7999999999999172,17.985019813757038,20.608464749760998,22.593024232345783,24.577583714930576,25.738476592693253,27.201028650934532,29.185588133519325
grid_121.1999999999995339_13.8999999999999169,16.84265893593852,19.5572979228132,21.6108430417752,23.6643881607372,24.86563504886894,26.37902714761188,28.43257226657388
grid_121.1999999999995339_13.9999999999999165,16.80722292751587,18.823305799977785,20.348413618065045,21.873521436152306,22.765652319290016,23.88960430861422,25.41471212670148
grid_121.1999999999995339_14.0999999999999162,17.40844229787027,19.661466704090405,21.365813873148873,23.070161042207342,24.06714022431681,25.323185448427473,27.027532617485946
grid_121.1999999999995339_14.4999999999999147,28.29784482929461,29.45530753383956,29.699104012876678,29.78262107531298,29.80288438460661,29.81557996626409,29.82252210058539
grid_121.1999999999995339_14.5999999999999144,24.305927861087838,25.767491969238264,26.203535234147196,26.402399216935958,26.463801085346702,26.510077615327596,26.54220240556637
grid_121.1999999999995339_14.6999999999999140,20.04817426970699,21.63979620773121,22.84381172429365,24.047827240856098,24.752131168331537,25.639449178880312,26.84346469544276
grid_121.1999999999995339_14.7999999999999137,17.42971378128644,19.37810845358657,20.85201212492517,22.32591579626377,23.18809417367209,24.274310468563897,25.7482141399025
grid_121.1999999999995339_14.8999999999999133,15.83251705418235,17.779800955596716,19.252864361197673,20.725927766798634,21.587614620259792,22.673211668212996,24.146275073813953
grid_121.1999999999995339_14.9999999999999130,15.566926897051523,17.2521332386385,18.526942623585093,19.801752008531686,20.54746769429284,21.486958350118663,22.761767735065256
grid_121.1999999999995339_15.0999999999999126,16.375839698042867,18.36137473803095,19.863374012928926,21.365373287826905,22.243986539752587,23.350908327814984,24.85290760271296
grid_121.1999999999995339_15.1999999999999122,19.285111241082987,20.8610162931649,21.292373079582152,21.47558938323266,21.52889011145533,21.56725285087612,21.592342978471248
grid_121.1999999999995339_15.2999999999999119,20.876836132703833,22.259452125823245,22.554874508783904,22.65726832698907,22.682359805838473,22.69819920466668,22.706944870477265
grid_121.1999999999995339_15.3999999999999115,19.147516475556586,20.305685351909474,20.53716085589669,20.613133776203366,20.6309073059424,20.64174059368826,20.647458047878224
grid_121.1999999999995339_15.4999999999999112,15.503608751366606,16.765278465099623,17.12591715723265,17.284674378488855,17.33226436152047,17.367318830693378,17.39094211880965
grid_121.1999999999995339_15.5999999999999108,14.079395418293426,15.314795331960228,15.69265073669575,15.868563880989779,15.92382101006135,15.966026166924458,15.995835665120868
grid_121.1999999999995339_15.6999999999999105,13.741654612350917,14.722736690877829,15.003905367820348,15.127946495570004,15.16519701144518,15.192673872487232,15.211224115456815
grid_121.1999999999995339_15.7999999999999101,14.185469552318185,15.297246105203843,15.638368701161827,15.79759763696275,15.847723466450518,15.886074501001831,15.91322155448564
grid_121.1999999999995339_15.8999999999999098,14.17189574730888,15.69200021609368,16.841914855674982,17.991829495256283,18.664486438441628,19.511933964041084,20.661848603622385
grid_121.1999999999995339_15.9999999999999094,14.048998853965571,15.763660681633485,17.060752281622527,18.357843881611565,19.11659382760556,20.07250570927948,21.36959730926852
grid_121.1999999999995339_16.0999999999999091,14.754783364334516,16.69360732817765,18.16027103805843,19.62693474793921,20.484878019388038,21.565758711782344,23.03242242166312
grid_121.1999999999995339_16.1999999999999105,16.191338254086837,17.622801816886177,17.96464938761783,18.09443288131302,18.128786253011107,18.15178296193367,18.16547872496315
grid_121.1999999999995339_16.2999999999999119,16.29478497080036,17.907009072702667,18.37678574179422,18.586894479382117,18.650719368926886,18.69821788995649,18.73065577557663
grid_121.1999999999995339_16.3999999999999133,16.794553822169544,18.301777693582668,18.66383078029026,18.80194719856319,18.838654852485902,18.86330380624004,18.878042392604442
grid_121.1999999999995339_16.4999999999999147,16.494316603566574,17.956634321898218,18.32634227474675,18.473433245687495,18.513936356999565,18.54188181182406,18.559187202399947
grid_121.1999999999995339_16.5999999999999162,16.62557767857646,17.72924974793949,17.912358205565585,17.964017589293718,17.974635360970467,17.980508474192412,17.98324445037819
grid_121.1999999999995339_16.6999999999999176,17.19545805743752,18.277144863127962,18.459639743607394,18.511830212118223,18.522683065759875,18.528738662121725,18.531591341424317
grid_121.1999999999995339_16.7999999999999190,15.741742708813053,16.499129464426098,16.61413394871887,16.644335944652703,16.6501719892948,16.65325550380634,16.654609883577283
grid_121.1999999999995339_16.8999999999999204,14.668276803795294,15.697235616121706,15.968093790310412,16.079495262173424,16.111039856649608,16.13327623510856,16.147433280036694
grid_121.1999999999995339_16.9999999999999218,13.108362621138994,14.307424702023365,15.214480150441336,16.121535598859307,16.652129022258634,17.320597679743678,18.22765312816165
grid_121.1999999999995339_17.0999999999999233,12.22754160246655,13.208587121436738,13.950719407424486,14.692851693412234,15.126971251289536,15.673897212382421,16.416029498370172
grid_121.1999999999995339_17.1999999999999247,12.006918072532965,12.488033211688686,12.596307151694617,12.635461908626066,12.645408336253753,12.65186110141319,12.655551704912167
grid_121.1999999999995339_17.2999999999999261,11.512010911135594,12.166253991238996,12.359442427087634,12.446801887940078,12.473584146683608,12.493658000860519,12.507493927353798
grid_121.1999999999995339_17.3999999999999275,12.775039868698482,13.177917942296878,13.20636009507974,13.21041143425086,13.21086914724692,13.211033181311022,13.21107707504969
grid_121.1999999999995339_17.4999999999999289,11.813860186401941,12.898060871764336,13.718227028725224,14.538393185686111,15.018159631868812,15.622593871048506,16.442760028009396
grid_121.1999999999995339_17.5999999999999304,12.966042160792611,14.149758553806812,15.045205437485507,15.9406523211642,16.464455169503854,17.124368714178402,18.019815597857097
grid_121.1999999999995339_17.6999999999999318,14.29575906164934,15.312378796506458,16.081421937951866,16.85046507939727,17.30032647857963,17.86708481425439,18.6361279556998
grid_121.1999999999995339_17.7999999999999332,16.032728471515092,17.177798403294467,18.04401036762748,18.91022233196049,19.41692384877131,20.055292263739865,20.921504228072877
grid_121.1999999999995339_17.8999999999999346,16.6846047400567,17.794749398900642,18.63454141416796,19.474333429435276,19.965580266771703,20.58447808827922,21.424270103546533
grid_121.1999999999995339_17.9999999999999361,17.54497245046814,18.66384450940464,18.92338648543898,19.019601245788994,19.04456112159449,19.061014817030063,19.070621420420235
grid_121.1999999999995339_18.0999999999999375,17.284983943450733,18.71220942717027,19.128484039745622,19.314813224388345,19.37145253922067,19.413625449007395,19.442445716715763
grid_121.1999999999995339_18.1999999999999389,18.143018217607583,19.806537047230094,20.24715495943797,20.429304003394158,20.481103152142712,20.51773794827836,20.54116153655961
grid_121.1999999999995339_18.2999999999999403,20.27856558142176,22.00580311715606,22.357891177044888,22.475324353531583,22.503176204003267,22.520328840120886,22.529502762086857
grid_121.1999999999995339_18.3999999999999417,22.601265524673277,24.907860282472896,25.5388191653227,25.806674465996004,25.88456376656727,25.940604862182298,25.977240934848112
grid_121.1999999999995339_18.4999999999999432,29.23105440292372,31.691667916625427,32.36336447895516,32.64802687894604,32.73068492795825,32.79009142398236,32.828872104490884
grid_121.1999999999995339_18.5999999999999446,36.995274134276606,39.65453551749874,40.40845844761923,40.738103973449405,40.83636193896261,40.90842155274711,40.956708016516814
grid_121.2999999999995282_12.3999999999999222,26.63077292015737,28.298971431397423,29.56091488936001,30.822858347322597,31.561047948261095,32.49105685856265,33.75300031652524
grid_121.2999999999995282_12.4999999999999218,23.168812235376137,24.710562916121788,25.876852282925064,27.043141649728344,27.725377194298083,28.58489233047399,29.751181697277275
grid_121.2999999999995282_12.5999999999999215,19.045494173694376,20.42312941438299,21.46527024338625,22.50741107238951,23.117024377826873,23.88504631307812,24.92718714208138
grid_121.2999999999995282_12.6999999999999211,14.896664435191205,16.442234399902524,17.61141294349268,18.78059148708284,19.46451709173086,20.32616145179416,21.495339995384317
grid_121.2999999999995282_12.7999999999999208,11.812832152451573,13.466432010555483,14.717332013739703,15.96823201692392,16.699961610938665,17.62183187502783,18.87273187821205
grid_121.2999999999995282_12.8999999999999204,11.26648613380284,12.766095801034753,13.900506721743486,15.034917642452218,15.698505491475387,16.53452730968413,17.668938230392865
grid_121.2999999999995282_12.9999999999999201,13.831524892099933,15.034038674356129,15.266250767885095,15.340359218540286,15.357287212282966,15.367421033630865,15.372646820503004
grid_121.2999999999995282_13.0999999999999197,13.507264463727266,15.59227677392915,17.169527698745558,18.746778623561966,19.669411268807327,20.83179093376385,22.40904185858026
grid_121.2999999999995282_13.2999999999999190,19.27025206630804,21.631031388908987,23.416892005482165,25.20275262205534,26.24741411426541,27.56353194465629,29.349392561229465
grid_121.2999999999995282_13.6999999999999176,21.167380343616625,23.945781268893164,26.04756043223962,28.149339595586078,29.37880159094084,30.927740520862613,33.02951968420907
grid_121.2999999999995282_13.7999999999999172,18.66818669297619,21.78868131360975,24.149244367456824,26.509807421303897,27.89064828839225,29.630302041937455,31.99086509578453
grid_121.2999999999995282_13.8999999999999169,17.523384949567486,19.84709436340745,21.604912676541918,23.36273098967639,24.39098878594097,25.686440403516354,27.444258716650822
grid_121.2999999999995282_13.9999999999999165,16.883629398793797,19.081908018806043,20.7448415993194,22.40777517983276,23.38052896562304,24.606053799845004,26.26898738035836
grid_121.2999999999995282_14.0999999999999162,16.593282966912987,18.507952797332564,19.95634461064274,21.40473642395292,22.25199132109089,23.319406254372495,24.767798067682676
grid_121.2999999999995282_14.3999999999999151,21.29300491219384,23.78528636507133,25.670624502990126,27.555962640908927,28.658814752770876,30.048244093786415,31.933582231705216
grid_121.2999999999995282_14.4999999999999147,25.867080438826804,27.323362150012933,27.60694492411,27.698067669189804,27.71900365099961,27.731591883563038,27.73812007768809
grid_121.2999999999995282_14.5999999999999144,22.71041762022762,24.358764984078,24.84646117745928,25.06735746023024,25.13517139469914,25.186053209821324,25.221171696686184
grid_121.2999999999995282_14.6999999999999140,18.49840201000079,20.0765912033221,21.270445240788323,22.464299278254543,23.162659121506834,24.04248847157585,25.236342509042075
grid_121.2999999999995282_14.7999999999999137,16.56926048125281,18.44358847862671,19.861462873325618,21.279337268024527,22.108740619656096,23.153665265398423,24.571539660097336
grid_121.2999999999995282_14.8999999999999133,16.192969293981776,17.972535495121612,19.3187253582635,20.664915221405387,21.452385810194336,22.444481422545223,23.79067128568711
grid_121.2999999999995282_14.9999999999999130,16.38662259296764,18.45553157017019,20.02060079383234,21.58567001749449,22.50117682436962,23.65457899469704,25.21964821835919
grid_121.2999999999995282_15.0999999999999126,18.03533032312074,20.16642658540328,21.778538674195918,23.390650762988557,24.333675881891505,25.521747025271097,27.13385911406374
grid_121.2999999999995282_15.1999999999999122,21.489746805121943,23.162928211609927,23.605705941847923,23.78861192276569,23.84059387785586,23.87734031622546,23.900820709033702
grid_121.2999999999995282_15.2999999999999119,23.983280430741612,25.42795036721069,25.72832701334108,25.830144544127172,25.854627000809106,25.86986205008684,25.878120137925222
grid_121.2999999999995282_15.3999999999999115,21.45810973409472,22.815718192493204,23.128171115573792,23.24325604402725,23.27294880052027,23.292441262904298,23.30376121698636
grid_121.2999999999995282_15.4999999999999112,17.1738934291499,18.458013738819854,18.763475406311063,18.87907279048693,18.909588197892354,18.92997341603189,18.94208146372666
grid_121.2999999999995282_15.5999999999999108,13.975831768901148,15.102438487670735,15.433857737964427,15.583258562170862,15.628942065386974,15.663113732610244,15.686605107442446
grid_121.2999999999995282_15.6999999999999105,12.31979394754972,13.561519417488281,14.500848473842414,15.440177530196546,15.989649804001504,16.681903000135108,17.62123205648924
grid_121.2999999999995282_15.7999999999999101,13.033610654348665,14.246283716708938,15.16363547513692,16.0809872335649,16.61760361221588,17.29366029592517,18.211012054353155
grid_121.2999999999995282_15.8999999999999098,13.952319929178806,15.712491586350044,17.04401004335146,18.37552850035287,19.154416866716794,20.135700157524113,21.467218614525525
grid_121.2999999999995282_15.9999999999999094,14.026533273615716,15.931975081824607,17.373386165814953,18.814797249805302,19.65796868206349,20.720239058014194,22.16165014200454
grid_121.2999999999995282_16.0999999999999091,16.34009593697268,17.44027672301046,17.60241883737242,17.643985857279894,17.651852551147403,17.655945450804477,17.657708028196843
grid_121.2999999999995282_16.1999999999999105,15.525036072491194,16.746266237622674,17.026864527405106,17.130075736342512,17.15667429110644,17.17412016350213,17.184240115734156
grid_121.2999999999995282_16.2999999999999119,16.34194407542645,17.36235641989013,17.53281761485104,17.58117712147049,17.591164275264063,17.59670827753881,17.599302777141737
grid_121.2999999999995282_16.3999999999999133,17.184395701401264,18.316003551402666,18.51859182843967,18.579386051310685,18.59256089026706,18.600142421003056,18.603858370104607
grid_121.2999999999995282_16.4999999999999147,17.30429249992056,18.334727131893356,18.523131105760637,18.58064501121715,18.593292953673597,18.600651633055637,18.604309630313374
grid_121.2999999999995282_16.5999999999999162,17.395300569637346,18.149368013688413,18.243870559541094,18.265133757916328,18.26872731487452,18.270447685316356,18.271113646526775
grid_121.2999999999995282_16.6999999999999176,17.93749155114177,18.864637059668542,19.00365958916497,19.039800306611454,19.046722975113223,19.05035695969993,19.051939896360764
grid_121.2999999999995282_16.7999999999999190,16.894888007365918,17.71027458805178,17.865723309668642,17.914818021903983,17.92593280975891,17.93254212875214,17.935921126906642
grid_121.2999999999995282_16.8999999999999204,16.735256250106676,17.378023208339442,17.48995854553221,17.52280361628061,17.529785974143294,17.53374662549582,17.5356523075019
grid_121.2999999999995282_16.9999999999999218,16.45500977184358,17.287692627873337,17.455714926835313,17.511293558956407,17.52438259313343,17.53240068697461,17.536659773310333
grid_121.2999999999995282_17.0999999999999233,14.494765621606568,16.047467503997893,17.222041135042193,18.396614766086497,19.083696294583298,19.949316648477822,21.123890279522122
grid_121.2999999999995282_17.1999999999999247,13.769456829729219,15.456164204341523,16.732109076937657,18.008053949533792,18.754433852989962,19.694761324146096,20.97070619674223
grid_121.2999999999995282_17.2999999999999261,15.05390443659,16.309510235527586,16.592180706816578,16.69443125605191,16.72041213204029,16.737270394017735,16.74691463055173
grid_121.2999999999995282_17.3999999999999275,15.504466611985443,16.517504243713407,16.699521417382922,16.75430295730504,16.76620463249274,16.77306640871454,16.776437725126563
grid_121.2999999999995282_17.4999999999999289,14.221568346875092,16.232766452852207,17.754179087741765,19.275591722631322,20.165561062165082,21.28678982860844,22.808202463498
grid_121.2999999999995282_17.5999999999999304,14.866737528692372,16.985839908285154,18.588878975075957,20.191918041866757,21.129635783130414,22.31102042145954,23.91405948825034
grid_121.2999999999995282_17.6999999999999318,17.334728422826984,18.891403061114477,19.30556789919813,19.477412853442186,19.52643309901551,19.56118511983159,19.583473352896938
grid_121.2999999999995282_17.7999999999999332,18.46652334249308,19.846620654079487,20.23672968228709,20.406883346144273,20.45749730577948,20.494557289366956,20.519339887305946
grid_121.2999999999995282_17.8999999999999346,18.86479502208832,20.209827530460302,20.558208093315944,20.69959905044312,20.739189954096915,20.766859304011813,20.78428056695544
grid_121.2999999999995282_17.9999999999999361,18.895580622528346,20.665319220731398,21.118615547588117,21.30090477433234,21.351554724147,21.3867436366667,21.408730183740506
grid_121.2999999999995282_18.0999999999999375,19.11390071579421,21.308886422169955,21.96920059907681,22.272423814263277,22.366586725444854,22.43787096338506,22.487642175004616
grid_121.2999999999995282_18.1999999999999389,20.94079425499757,23.16638656872236,23.683540118327922,23.875524380097183,23.925388013132576,23.95828828293588,23.977519858219587
grid_121.2999999999995282_18.2999999999999403,22.93943951760286,25.266169603222675,25.850463594621264,26.08164267194512,26.145003533547325,26.18856351782457,26.21541373486896
grid_121.2999999999995282_18.3999999999999417,26.743662787105585,29.316253456050653,29.96727418558134,30.226487167329545,30.297910639403877,30.347214381846232,30.377765654622593
grid_121.2999999999995282_18.4999999999999432,31.740954354370064,34.60573783201812,35.41102670237641,35.76065933716316,35.86426186048268,35.939895344645734,35.9902784759083
grid_121.3999999999995225_12.4999999999999218,26.54625813630191,28.164458213104165,29.388579315500536,30.61270041789691,31.32876535914023,32.23090049469917,33.45502159709554
grid_121.3999999999995225_12.5999999999999215,22.728725531376366,24.67288862119425,26.14359122395839,27.61429382672253,28.474599699052554,29.558456916540415,31.029159519304557
grid_121.3999999999995225_12.6999999999999211,19.6125096420871,21.21117208235998,21.710066121026,21.946232155442406,22.02145303745852,22.079530523091314,22.121128898901407
grid_121.3999999999995225_12.7999999999999208,15.559501585044332,17.336494512920993,18.680737769985644,20.0249810270503,20.81131292428039,21.801973954926957,23.146217211991612
grid_121.3999999999995225_12.8999999999999204,16.503601490218347,17.988908538610357,18.37905489054523,18.539234991495427,18.58452445648963,18.616413390593788,18.63668587963166
grid_121.3999999999995225_12.9999999999999201,15.593328635643156,17.961097983249815,19.752246349612665,21.54339471597552,22.59114934352575,23.911164063582177,25.70231242994503
grid_121.3999999999995225_13.0999999999999197,17.132897916410595,20.06037176300081,22.274920237999105,24.4894687129974,25.784896526900624,27.41694255958761,29.63149103458591
grid_121.3999999999995225_13.1999999999999194,20.68743053505813,23.56869673224521,25.74829046985511,27.927884207465013,29.20286481077347,30.809150404652094,32.98874414226199
grid_121.3999999999995225_13.6999999999999176,23.74401542942739,26.701130564409496,28.938101808472567,31.175073052535637,32.483617345504086,34.13218818751774,36.36915943158081
grid_121.3999999999995225_13.7999999999999172,21.177970061155953,24.173529834608075,26.43958332498901,28.70563681536994,30.03119313187107,31.70119658882206,33.967250079203
grid_121.3999999999995225_13.8999999999999169,19.285278279955698,21.241086441548983,22.720598201044442,24.2001099605399,25.065568859220722,26.155918122133183,27.635429881628642
grid_121.3999999999995225_13.9999999999999165,17.822102040058404,19.418475081551723,20.626084669143808,21.833694256735896,22.540100580988604,23.430067298229215,24.6376768858213
grid_121.3999999999995225_14.0999999999999162,16.349434329887877,18.377882938221237,19.91234507438319,21.44680721054514,22.34441001897636,23.475255818878498,25.00971795504045
grid_121.3999999999995225_14.1999999999999158,16.014316552936105,17.87285170729943,19.278779277453445,20.684706847607465,21.50712175487758,22.54324200197079,23.94916957212481
grid_121.3999999999995225_14.4999999999999147,23.994578717367848,25.379446954772703,25.57147712487595,25.61834565816939,25.626846412376924,25.631132609585734,25.632905688344614
grid_121.3999999999995225_14.5999999999999144,18.914670441022917,21.26038516189854,23.034849847192557,24.809314532486574,25.847309832237542,27.155029253362194,28.929493938656215
grid_121.3999999999995225_14.6999999999999140,16.877142743766687,19.05148661542136,20.696314257759912,22.341141900098464,23.303304391016106,24.51548577175314,26.160313414091693
grid_121.3999999999995225_14.7999999999999137,16.225903760113066,18.261838677984358,19.8019639886918,21.342089299399237,22.243004852574607,23.37802421727053,24.91814952797797
grid_121.3999999999995225_14.8999999999999133,17.06738679247372,19.106347238107606,20.648761272214067,22.191175306320527,23.093429676858847,24.230135751954414,25.77254978606087
grid_121.3999999999995225_14.9999999999999130,18.508372371337668,20.883730672015552,22.680619859759368,24.477509047503187,25.528621840284615,26.85286734818107,28.649756535924887
grid_121.3999999999995225_15.0999999999999126,22.234670017546676,24.087277429508976,24.62566024890431,24.865922979565692,24.93877337576312,24.99291133573588,25.029815187455263
grid_121.3999999999995225_15.2999999999999119,27.216598637734386,29.246528470736706,29.787372127530972,30.012040649489613,30.07619212826363,30.121705492247518,30.15092400690486
grid_121.3999999999995225_15.4999999999999112,17.356804762096004,19.655013104892536,21.39354060248109,23.132068100069645,24.14904149263154,25.430276442866173,27.16880394045473
grid_121.3999999999995225_15.5999999999999108,13.12211639205691,14.951481519582575,16.335342816275528,17.719204112968477,18.528711077733206,19.548569240494146,20.932430537187095
grid_121.3999999999995225_15.6999999999999105,12.441853798402834,13.894870292262652,14.994034837958782,16.093199383654913,16.736169425009354,17.546215877514733,18.645380423210863
grid_121.3999999999995225_15.7999999999999101,14.288826275077696,15.472443038254685,15.816748432345557,15.970525045901741,16.017183405572986,16.051875210898782,16.07553937441019
grid_121.3999999999995225_15.8999999999999098,14.231193492780664,16.52349921683897,18.257561555724074,19.991623894609173,21.00598533676978,22.28392961866748,24.01799195755258
grid_121.3999999999995225_15.9999999999999094,13.751160238933705,16.041336730104643,17.773788366489654,19.50624000287467,20.51965924447291,21.79641649404561,23.528868130430624
grid_121.3999999999995225_16.0999999999999091,15.094983452450709,16.278603642573135,16.491789408405083,16.556078948329137,16.570070011687484,16.578146653954548,16.58212134174981
grid_121.3999999999995225_16.1999999999999105,15.10840576120632,16.437107544936506,16.744410014929024,16.85805336902657,16.887473969783773,16.906837825698865,16.91812070664041
grid_121.3999999999995225_16.2999999999999119,15.911925500097388,17.042257644330054,17.316510758431104,17.421997020898317,17.450227710134804,17.469285266734275,17.480758840008342
grid_121.3999999999995225_16.3999999999999133,16.936321681287485,17.849076690096062,18.057211538732393,18.13329422536182,18.152798571688287,18.165540220297892,18.172893250640513
grid_121.3999999999995225_16.4999999999999147,17.50568074569334,18.574847457738407,18.857799791919806,18.974689453535532,19.00791087267095,19.031396068758518,19.046403334660184
grid_121.3999999999995225_16.5999999999999162,18.251127675500655,19.294633060879413,19.521971199784804,19.60202803177627,19.621912027144543,19.634593054924586,19.641687672604267
grid_121.3999999999995225_16.6999999999999176,19.382930668392824,20.283694460531443,20.48077810442212,20.550424629631358,20.567774506473008,20.578864404265804,20.58508691727677
grid_121.3999999999995225_16.7999999999999190,19.05754719493701,20.034597198153893,20.31154006771909,20.432609362041642,20.468691364028114,20.49514987091416,20.51287685308928
grid_121.3999999999995225_16.8999999999999204,19.220634563743772,20.107661701903538,20.257012418481796,20.299654224335335,20.30850898141212,20.313444507665825,20.315766408100007
grid_121.3999999999995225_16.9999999999999218,18.939746250188044,21.15456661602691,22.83001354419556,24.505460472364206,25.48553409729132,26.720280838203074,28.39572776637172
grid_121.3999999999995225_17.0999999999999233,18.434994323439046,20.473150678220712,22.01495644107904,23.556762203937367,24.458660758605266,25.594918558719037,27.13672432157736
grid_121.3999999999995225_17.1999999999999247,17.636815667780684,19.869054519658324,21.557678023849636,23.246301528040945,24.234082955829216,25.478540379918584,27.167163884109897
grid_121.3999999999995225_17.2999999999999261,17.690743362135017,19.648000502900786,21.12860837282622,22.609216242751657,23.475316324930667,24.566473383517426,26.04708125344286
grid_121.3999999999995225_17.3999999999999275,19.183560775399307,21.140668338939697,21.733834513963586,22.007911579189077,22.09346356482826,22.158489041111334,22.20412652103178
grid_121.3999999999995225_17.4999999999999289,17.841605230637548,20.539158370467863,22.579778545092537,24.620398719717212,25.8140850000877,27.317951859547524,29.358572034172198
grid_121.3999999999995225_17.5999999999999304,18.273908370340624,20.88269070344041,22.856158355114815,24.829626006789223,25.98403057940499,27.43840833988901,29.411875991563413
grid_121.3999999999995225_17.6999999999999318,20.32600512573391,22.311482977935896,22.831654189995906,23.044760789544274,23.104906341208494,23.147197060544205,23.174034126082784
grid_121.3999999999995225_17.7999999999999332,22.11329140842097,23.15723791394072,23.256733036608026,23.27471685217943,23.27722591767737,23.278271131748536,23.278609878494514
grid_121.3999999999995225_17.8999999999999346,21.701608050544117,23.531559488148936,23.921625871702076,24.056558419108374,24.089568424886743,24.110380226866997,24.12185270503078
grid_121.3999999999995225_17.9999999999999361,21.529179501268658,23.704118091851274,24.211298469799136,24.400128976845398,24.44929430041079,24.481794722264027,24.500838599551486
grid_121.3999999999995225_18.0999999999999375,22.429659903532144,24.847357432552823,25.364332597439265,25.543626834548725,25.587585549007123,25.615346145463977,25.630681853153177
grid_121.3999999999995225_18.1999999999999389,23.683470439435528,26.45918638720829,27.235171228240613,27.570559252786012,27.669564718174488,27.74163077813319,27.78945588448393
grid_121.3999999999995225_18.2999999999999403,27.522054175696482,30.064368519783024,30.555932152537935,30.71297391335716,30.748877599472358,30.77038546927142,30.781486155169283
grid_121.3999999999995225_18.3999999999999417,30.23240256451652,33.43831605682127,34.29799007423485,34.6569980929151,34.75996549460811,34.8332679952695,34.88053522673717
grid_121.3999999999995225_19.3999999999999559,43.31060736516442,47.590454391036296,50.82803368330222,54.06561297556815,55.959475454655056,58.34546000144002,61.58303929370595
grid_121.3999999999995225_5.9999999999999449,18.232172559081057,18.77761882771625,18.943062806630692,19.019556665049393,19.04344670927024,19.06161237927248,19.07436865811653
grid_121.4999999999995168_12.5999999999999215,25.92465832885378,27.885741425861514,29.369243519956,30.852745614050484,31.720538708837065,32.81382871105822,34.297330805152704
grid_121.4999999999995168_12.6999999999999211,23.013024980084197,24.48024309076001,24.81781784146432,24.942124211223224,24.974189268290814,24.995235630190145,25.007455404391983
grid_121.4999999999995168_12.8999999999999204,19.826337177300232,21.619927565645256,22.082179436686527,22.2690170277025,22.321153184281357,22.357493715845013,22.38029631051946
grid_121.4999999999995168_13.0999999999999197,20.851450907716785,24.073174391487715,26.51031412414877,28.94745385680983,30.37308920943413,32.16917734058076,34.60631707324181
grid_121.4999999999995168_13.8999999999999169,21.894449361467917,24.18534497877134,25.918340613075202,27.651336247379064,28.6650737073603,29.942231864682483,31.67522749898635
grid_121.4999999999995168_13.9999999999999165,19.4587624709362,22.144055314725758,24.17540093342854,26.20674655213132,27.395007565076668,28.892039395920882,30.923385014623666
grid_121.4999999999995168_14.0999999999999162,17.8964810606142,20.166522948291025,21.883743345116205,23.60096374194138,24.605473279557614,25.871005629618207,27.588226026443387
grid_121.4999999999995168_14.1999999999999158,16.430075257613044,18.30102464030522,19.716343211661847,21.13166178301848,21.959570073836346,23.002611165710654,24.417929737067283
grid_121.4999999999995168_14.2999999999999154,17.689417808880666,19.359292537294383,20.622504004598888,21.885715471903396,22.624646810757483,23.555590200317113,24.81880166762162
grid_121.4999999999995168_14.3999999999999151,18.610835026553602,21.050646654049114,22.896292901323555,24.741939148598,25.82157299285027,27.18175077609351,29.027397023367953
grid_121.4999999999995168_14.4999999999999147,22.160520851791816,24.031687592295064,24.4994398265153,24.68381561032397,24.734189326964085,24.768737006824637,24.789965565502207
grid_121.4999999999995168_14.5999999999999144,21.13717472954652,22.248098392700125,22.380717977911303,22.409416153961615,22.41410419450388,22.41629350705538,22.41711451010437
grid_121.4999999999995168_14.6999999999999140,17.33683755363258,18.813569791391146,19.930674604784485,21.04777941817783,21.70124384338804,22.52451165593639,23.641616469329733
grid_121.4999999999995168_14.7999999999999137,17.40558363664907,18.76996322370259,19.802076537830896,20.834189851959206,21.4379374372193,22.198569439012722,23.230682753141032
grid_121.4999999999995168_14.8999999999999133,19.245159583256935,20.900038335744007,22.151905785182006,23.40377323462,24.13606874841467,25.058651987107076,26.31051943654507
grid_121.4999999999995168_14.9999999999999130,22.652492137705615,24.200714683168517,24.564507139742567,24.700799946752976,24.736473808289894,24.760150829620656,24.77409675977233
grid_121.4999999999995168_15.4999999999999112,18.74277708850925,20.838060525294257,22.423081257426848,24.00810198955944,24.935279680722594,26.103385426344445,27.688406158477036
grid_121.4999999999995168_15.5999999999999108,15.001145773531551,17.35487584787811,19.135403914003454,20.915931980128804,21.95747413029369,23.26966205447536,25.050190120600707
grid_121.4999999999995168_15.6999999999999105,14.448185456397031,16.435883137258912,17.939518386823107,19.4431536363873,20.322723872144852,21.430851317249186,22.934486566813376
grid_121.4999999999995168_15.7999999999999101,15.831231738445284,17.302616050942206,17.75688649691791,17.970023582392145,18.037408082343543,18.089135800856944,18.125910122931465
grid_121.4999999999995168_15.8999999999999098,15.71318747907148,18.514370177147832,20.633383086329573,22.752395995511314,23.991939085926678,25.553578693587664,27.67259160276941
grid_121.4999999999995168_15.9999999999999094,13.708308394170679,16.224668857165327,18.12822206306724,20.031775268969156,21.145282512549315,22.548135731963804,24.45168893786572
grid_121.4999999999995168_16.0999999999999091,14.846508587643747,16.221753636468648,16.53605361208121,16.65115563018911,16.680708763534348,16.700037865649193,16.711209464068048
grid_121.4999999999995168_16.1999999999999105,13.217173330283966,15.121208076595138,16.561554759349775,18.001901442104415,18.84445023955399,19.905936188415588,21.346282871170224
grid_121.4999999999995168_16.2999999999999119,14.648208780552247,16.27712505350623,17.50935264535023,18.74158023719423,19.462387170776903,20.37049651014821,21.602724101992212
grid_121.4999999999995168_16.3999999999999133,16.257185673914126,18.018466241656615,19.350823557122066,20.683180872587517,21.462559939696312,22.444461440330002,23.776818755795453
grid_121.4999999999995168_16.4999999999999147,17.322316400959505,19.046582228558457,20.350938974033234,21.65529571950801,22.418295503173447,23.379561547106963,24.68391829258174
grid_121.4999999999995168_16.5999999999999162,18.633597658862506,19.960196813520813,20.963730333830284,21.967263854139752,22.554293331737487,23.29386300879806,24.29739652910753
grid_121.4999999999995168_16.6999999999999176,21.68921880134269,22.487801010831443,22.587863854210138,22.610374792490763,22.61417873154614,22.61599964803669,22.616704445905754
grid_121.4999999999995168_16.7999999999999190,21.851083104774865,22.975180954255016,23.158141846576566,23.208965514836322,23.219273191010736,23.224918472858437,23.227515014997756
grid_121.4999999999995168_16.8999999999999204,21.98590456438851,23.410347790049507,23.80603687174886,23.976159856563207,24.026158670736173,24.06242909400524,24.08639340141138
grid_121.4999999999995168_16.9999999999999218,24.69730030597377,27.226902990550887,27.976187583254408,28.31588665954713,28.42025436312058,28.49861075583557,28.55273480895243
grid_121.4999999999995168_17.0999999999999233,23.666911327333153,26.231388274915123,27.029433661327968,27.406331118297132,27.526143004778138,27.618508977183147,27.684537085387667
grid_121.4999999999995168_17.1999999999999247,21.95038938964677,24.635373281411145,26.666485186929087,28.697597092447033,29.88572139194332,31.38258098421141,33.413692889729354
grid_121.4999999999995168_17.2999999999999261,23.68000954633398,25.825775603726033,26.401111364152186,26.641357427254086,26.710257889128187,26.759305545414723,26.790930507520454
grid_121.4999999999995168_17.3999999999999275,22.094586909458247,25.20320986501714,27.55479235091912,29.9063748368211,31.281962408426395,33.01499779237999,35.36658027828197
grid_121.4999999999995168_17.4999999999999289,21.867671769013455,25.4143801831096,28.097361525145715,30.780342867181833,32.349786342407484,34.327051281277974,37.01003262331409
grid_121.4999999999995168_17.5999999999999304,22.659217548947048,25.581373808819976,27.79189968475418,30.002425560688387,31.295500304983683,32.924581820561315,35.13510769649552
grid_121.4999999999995168_17.6999999999999318,23.597916710924004,26.0733439538781,26.74147226066654,27.021990213341525,27.102809024386715,27.16054390024084,27.197940127696455
grid_121.4999999999995168_17.7999999999999332,23.6476284008641,25.796663837249206,26.272790135988004,26.442778927571787,26.485494845197756,26.512979213724833,26.52853233204506
grid_121.4999999999995168_17.8999999999999346,23.583064329810217,25.71282084128046,26.177732235838644,26.34171632458009,26.382501785111224,26.40853994588901,26.423127088975484
grid_121.4999999999995168_17.9999999999999361,23.48874212510532,25.942751036941413,26.611202557523825,26.893986761325586,26.975977127224574,27.03483607559223,27.07320225178679
grid_121.4999999999995168_18.0999999999999375,23.973258536606266,26.56360514046908,27.177125959598897,27.408480915979958,27.469371138816655,27.50995463666608,27.533988578742658
grid_121.4999999999995168_18.1999999999999389,27.243505078948232,30.22521824457209,30.938258436998296,31.209271323046227,31.281076004529652,31.329178150581335,31.35785240012504
grid_121.4999999999995168_18.2999999999999403,32.1757108221707,34.45742496776087,34.756698842000176,34.82654507166893,34.83873089867723,34.844702278437225,34.84708381147256
grid_121.4999999999995168_18.3999999999999417,35.02619727041585,38.24650693004174,38.87844610004153,39.08278242510679,39.129981626816424,39.1584757597894,39.173329481371994
grid_121.4999999999995168_19.3999999999999559,44.8785633492093,49.12444802269025,52.3363357871626,55.54822355163493,57.42705745037635,59.794108225115885,63.00599598958823
grid_121.5999999999995111_13.9999999999999165,23.72496203563106,26.545151559390316,28.678542577151806,30.8119335949133,32.05988733967911,33.63212311867255,35.76551413643404
grid_121.5999999999995111_14.0999999999999162,22.368923781474205,25.016053294312144,27.018529467619807,29.02100564092747,30.192379110900056,31.66813515376541,33.670611327073075
grid_121.5999999999995111_14.1999999999999158,22.107192246457796,24.216632063107753,25.812361683204596,27.40809130330144,28.34153329234811,29.5175311199514,31.113260740048243
grid_121.5999999999995111_14.2999999999999154,22.635036681151682,24.133786933564082,25.26754773205903,26.401308530553976,27.064516082461193,27.900058782966376,29.03381958146132
grid_121.5999999999995111_14.3999999999999151,23.38645982647095,25.44509056206699,27.002384596105543,28.559678630144095,29.470637242653424,30.618309365740135,32.17560339977869
grid_121.5999999999995111_14.4999999999999147,24.289819788762482,26.351622640683114,26.983663665665976,27.278465175672423,27.371211476113434,27.4421365937221,27.492309698647315
grid_121.5999999999995111_14.5999999999999144,23.597003231919096,25.12772463750441,25.587329167146862,25.79805049721176,25.86340146477051,25.91282343436631,25.947284415707603
grid_121.5999999999995111_14.6999999999999140,21.706093082477988,23.422890636657236,24.721597851383258,26.020305066109284,26.780000086140028,27.737102620288532,29.035809835014554
grid_121.5999999999995111_14.7999999999999137,22.214120586672244,24.06409855445477,25.463552862852804,26.86300717125084,27.68163546313635,28.712985139033364,30.1124394474314
grid_121.5999999999995111_15.8999999999999098,17.8400982325282,21.37700934486807,24.052579314232585,26.728149283597098,28.293257383730992,30.26506039593697,32.94063036530149
grid_121.5999999999995111_15.9999999999999094,17.417272498921104,20.568208253863975,22.951799136854742,25.33539001984551,26.729701303455933,28.486325774788376,30.869916657779143
grid_121.5999999999995111_16.0999999999999091,15.598339639938395,18.003261884198853,19.822515331917863,21.641768779636873,22.70596382586017,24.04669102389733,25.86594447161634
grid_121.5999999999995111_16.1999999999999105,16.438657144274703,18.01910857673501,18.440466847114788,18.615593563071617,18.665621239717918,18.70112640430558,18.723929996559537
grid_121.5999999999995111_16.2999999999999119,15.845717652024002,17.563849859533303,18.863566700528118,20.163283541522937,20.923569155060665,21.881415749032236,23.181132590027055
grid_121.5999999999995111_16.3999999999999133,16.457558559351128,18.116938950625546,19.37221175834646,20.627484566067373,21.361772086759064,22.286864957341788,23.542137765062705
grid_121.5999999999995111_16.4999999999999147,17.530405614472617,18.75914892419674,19.68865735546192,20.618165786727104,21.161893363121383,21.846909096451228,22.77641752771641
grid_121.5999999999995111_16.5999999999999162,19.76531991787655,20.971179487762427,21.35164873294535,21.533402973535342,21.591734013063686,21.637037846481274,21.669736415094945
grid_121.5999999999995111_16.6999999999999176,21.682499165375987,22.88833685735899,23.212962508597528,23.348970376228365,23.388085435591375,23.41598999622672,23.434032464074903
grid_121.5999999999995111_16.7999999999999190,23.037527621388666,23.668701953766746,23.726436708622664,23.736536549517194,23.73790562658479,23.738464260178226,23.738640591655503
grid_121.5999999999995111_16.8999999999999204,23.864997914276035,25.417848537077454,25.77150944113767,25.900658535537175,25.933738669191072,25.95533500511449,25.9677875420022
grid_121.5999999999995111_16.9999999999999218,25.777298910991362,28.093934802791317,28.656930685483772,28.873763914539694,28.93185876898569,28.971110174683577,28.99476755815523
grid_121.5999999999995111_17.0999999999999233,22.77203495342317,25.82513373455555,28.134713803956018,30.444293873356486,31.79531160636872,33.49739265448886,35.80697272388933
grid_121.5999999999995111_17.1999999999999247,22.376744862010522,25.71890338342009,28.24714870503446,30.775394026648826,32.25432273241693,34.11755254805839,36.64579786967276
grid_121.5999999999995111_17.2999999999999261,25.602098239130857,27.613125301836114,28.084588934371954,28.2608903036857,28.30696333207029,28.33750553294341,28.355467148161466
grid_121.5999999999995111_17.3999999999999275,22.870794626254554,26.222364785636554,28.757729736532447,31.293094687428336,32.77618810934517,34.644664846810336,37.180029797706226
grid_121.5999999999995111_17.4999999999999289,23.418474690476508,26.40993288597299,28.672883652407354,30.935834418841722,32.25957575818403,33.9272926143382,36.19024338077257
grid_121.5999999999995111_17.5999999999999304,23.33845287653754,26.836934225156067,29.483433200515705,32.129932175875346,33.678034834657694,35.628413524493865,38.27491249985351
grid_121.5999999999995111_17.6999999999999318,24.700748494008085,27.244023519879583,27.87733213919256,28.126173005224558,28.19397735491879,28.240384034230708,28.26882406857792
grid_121.5999999999995111_17.7999999999999332,24.570555556100878,26.371788427256302,26.701496317423487,26.80223824899398,26.824409893613797,26.83731713147754,26.843738169266874
grid_121.5999999999995111_17.8999999999999346,24.049444856592558,26.307737268169348,26.81889920731735,27.004623548218785,27.05199178884348,27.082815609759464,27.100514294658826
grid_121.5999999999995111_17.9999999999999361,24.12871925371526,26.602163538922234,27.207857641151733,27.4425974458979,27.50582218172469,27.54871207697208,27.57469730194209
grid_121.5999999999995111_18.0999999999999375,25.098965710003966,27.749301254790335,28.354799107988114,28.57647898465785,28.633382767017174,28.670593547561193,28.69209503853456
grid_121.5999999999995111_18.1999999999999389,27.55454402070586,30.47679081815989,31.248177104047663,31.566170585485864,31.65638797762183,31.720078369821582,31.76070544972167
grid_121.5999999999995111_18.2999999999999403,32.705536908463095,35.482530439305236,36.10564460193387,36.330435427028966,36.387421941017394,36.42433454499735,36.44540404682175
grid_121.5999999999995111_18.3999999999999417,37.28931589087952,40.416839515491965,41.09253483896089,41.32886074236704,41.387218709581035,41.42427329146444,41.444886984904834
grid_121.6999999999995055_13.9999999999999165,30.09002362300611,33.00846210450897,35.216175589675146,37.42388907484133,38.715318675999946,40.34232755634418,42.550041041510354
grid_121.6999999999995055_14.0999999999999162,29.78309770879528,32.83336461741124,35.14080245795117,37.4482402984911,38.79800490795196,40.49850720710705,42.805945047646986
grid_121.6999999999995055_14.1999999999999158,29.888964013771357,32.31879623064246,34.15689334520461,35.99499045976676,37.07020834446938,38.42482267663786,40.26291979120001
grid_121.6999999999995055_14.2999999999999154,29.678703230588336,32.04025752371108,33.82670438285281,35.613151241994544,36.65815566412354,37.97470553511728,39.761152394259014
grid_121.6999999999995055_14.3999999999999151,27.369101918432836,29.969070733806454,31.93587121669895,33.902671699591444,35.053176228483814,36.50264051496506,38.469440997857554
grid_121.6999999999995055_16.0999999999999091,19.65453900633141,22.806058880614817,25.190091632828874,27.574124385042932,28.968694145579207,30.725644259326337,33.1096770115404
grid_121.6999999999995055_16.1999999999999105,19.6744654118881,21.76744684101687,22.374264319276037,22.64454453785022,22.726364303138993,22.787091728141505,22.82842039228617
grid_121.6999999999995055_16.2999999999999119,19.759317211785,21.22927527523209,21.521835996756213,21.617529951400435,21.639851992179747,21.65342781038179,21.66057243837215
grid_121.6999999999995055_16.3999999999999133,17.453420825360777,19.410584616398356,20.891121869980477,22.3716591235626,23.23771789782883,24.32882291460018,25.8093601681823
grid_121.6999999999995055_16.4999999999999147,18.28084909373328,19.658350686941187,20.700390415528148,21.742430144115108,22.351984309600134,23.119931737323014,24.161971465909975
grid_121.6999999999995055_16.5999999999999162,20.91456945547787,22.268302561349174,22.64896577454894,22.814284986780034,22.86328362392591,22.899060863067188,22.922899430159422
grid_121.6999999999995055_16.6999999999999176,23.01213953432921,24.16914491731313,24.440453287728666,24.541926321895655,24.568448507670162,24.58603237663865,24.59637488844868
grid_121.6999999999995055_16.7999999999999190,24.300996772180927,25.564846212438972,25.86868858134624,25.984677258069453,26.015521584498206,26.036242404149004,26.048639194176985
grid_121.6999999999995055_16.8999999999999204,25.751570262784476,27.402649015859893,27.759542680850757,27.884418888725953,27.91526650955616,27.934858546141662,27.945761475007075
grid_121.6999999999995055_16.9999999999999218,26.942922111320904,29.216630067043162,29.784862583250128,30.008797625337955,30.069968491783033,30.111915414938913,30.137686042562038
grid_121.6999999999995055_17.0999999999999233,26.182758694023427,28.963162245300346,29.77105620893045,30.131550952458483,30.240846407959555,30.32206197439506,30.377418220993462
grid_121.6999999999995055_17.1999999999999247,23.85078218563804,27.29942107884121,29.908215692210113,32.51701030557902,34.04305732648318,35.965649198782195,38.5744438121511
grid_121.6999999999995055_17.2999999999999261,28.041718255954358,29.71743884592944,29.96595952881481,30.029994646821716,30.042166723785968,30.048520188244744,30.0512676511767
grid_121.6999999999995055_17.3999999999999275,26.1809647506519,28.97088370344195,29.79975830807029,30.176474359320448,30.292455129142034,30.37967039511567,30.440039185995197
grid_121.6999999999995055_17.4999999999999289,24.28768319902522,27.64960460667833,30.192799974607603,32.73599534253688,34.22366926478325,36.09791675018999,38.64111211811927
grid_121.6999999999995055_17.5999999999999304,26.38676656157726,29.379728752351866,30.25591898571984,30.64931535812123,30.76920452635843,30.858649830122687,30.91993253541054
grid_121.6999999999995055_17.6999999999999318,25.93351045974963,27.984447193865183,28.337267975000632,28.439773696898044,28.461380169270516,28.473558482657698,28.47937044862619
grid_121.6999999999995055_17.7999999999999332,23.87244488083098,26.1552948026006,26.81338818071336,27.10512553359272,27.193092617393766,27.25818322938093,27.302306259592804
grid_121.6999999999995055_17.8999999999999346,24.699441245389004,26.747067698922443,27.140727224458736,27.265907690060395,27.29441373280725,27.31143917254073,27.320192674313112
grid_121.6999999999995055_17.9999999999999361,24.28657972804276,26.929257610015455,27.649194912450483,27.95379262041233,28.042115557890085,28.105524921614453,28.14686092565978
grid_121.6999999999995055_18.0999999999999375,25.80661853086722,28.636234241467555,29.366063571206062,29.6612425130608,29.743655259739715,29.801123320672858,29.83720211246085
grid_121.6999999999995055_18.1999999999999389,29.652495569322554,32.79609868933475,33.62413180444149,33.964872494454944,34.061399544489255,34.12946629916884,34.172820728987574
grid_121.6999999999995055_18.2999999999999403,35.8969971016011,38.77502980096107,39.435126090705474,39.677571204499934,39.739974383214296,39.78086575571028,39.80455706054497
grid_121.7999999999994998_13.3999999999999186,32.83825955801184,36.26534671138506,38.85783806294017,41.45032941449528,42.96683963859893,44.877416567868494,47.469907919423605
grid_121.7999999999994998_13.9999999999999165,34.868407232833626,38.681459385652225,41.565921988093166,44.450384590534114,46.13768704769463,48.26343674335271,51.14789934579366
grid_121.7999999999994998_14.0999999999999162,38.04740504640079,40.794776535983225,41.647098882194676,42.048600241750435,42.175961356092735,42.27398425237087,42.343905567875154
grid_121.7999999999994998_16.1999999999999105,21.531680885954884,24.632078804575343,26.97743929022614,29.322799775876938,30.69474771065581,32.4231976944974,34.76855818014819
grid_121.7999999999994998_16.2999999999999119,21.33335839570111,23.01182516738019,23.48304444504534,23.687420314727596,23.747927645714547,23.792070272266443,23.82145010762047
grid_121.7999999999994998_16.3999999999999133,18.81752863499652,20.47534920886028,21.7294420602608,22.983534911661327,23.717132202153103,24.641355485525082,25.89544833692561
grid_121.7999999999994998_16.4999999999999147,19.173772948088104,20.744750117576405,21.93314846962305,23.121546821669693,23.816715293535797,24.69252399115799,25.880922343204638
grid_121.7999999999994998_16.5999999999999162,22.30628463399688,23.351945124223562,23.548264948901128,23.60950008135381,23.623216641375205,23.631308106861685,23.63540250249419
grid_121.7999999999994998_16.6999999999999176,25.00255758090541,26.14705497725144,26.339088600226404,26.39376293060115,26.405088885764645,26.41139045916058,26.414348157608977
grid_121.7999999999994998_16.7999999999999190,25.345956440897748,27.018520855986804,27.47023293158359,27.659984044550388,27.714675856390322,27.753759183971006,27.779085181872745
grid_121.7999999999994998_16.8999999999999204,25.68332533546443,27.88699864469089,28.5732842959437,28.897603864176027,29.00075570078129,29.080310404252597,29.137210343240653
grid_121.7999999999994998_16.9999999999999218,27.185460210419944,29.693408523160507,30.40479715680192,30.715976549553694,30.808763130359882,30.876828815005453,30.92245514340965
grid_121.7999999999994998_17.0999999999999233,28.077697269923497,30.400597506252414,30.841972086891353,30.980992118546602,31.012392748239243,31.03103240549975,31.040540567031428
grid_121.7999999999994998_17.1999999999999247,26.21386501346276,28.88005319291966,29.713763310549496,30.10908227347372,30.23516953594709,30.33262580941833,30.402527292398325
grid_121.7999999999994998_17.2999999999999261,24.54696110429833,27.746466684756314,30.166799222382426,32.58713176000854,34.002935533795096,35.78663734046653,38.206969878092636
grid_121.7999999999994998_17.3999999999999275,25.801528270902136,28.63083761203228,29.488608962427378,29.885046719895197,30.008818547521248,30.102908815489133,30.168958809111558
grid_121.7999999999994998_17.4999999999999289,26.84730388938391,29.229288063157423,29.73381093410962,29.907433681107612,29.949722186391014,29.976294974261965,29.99088033452684
grid_121.7999999999994998_17.5999999999999304,25.79219833649954,28.3531253415018,29.038976961102026,29.325096884755716,29.407087447627546,29.465417238485344,29.502996967107194
grid_121.7999999999994998_17.6999999999999318,25.567231520620197,27.259460809120696,27.506104812141196,27.568771143684167,27.58053950033463,27.58662744245057,27.58923001471238
grid_121.7999999999994998_17.7999999999999332,23.96853743951638,25.926024812968045,26.36049998907222,26.515848601067034,26.554934754588242,26.58010769094954,26.594370352242603
grid_121.7999999999994998_17.8999999999999346,24.772672727806434,26.552231569754156,26.865988316206334,26.958981632807845,26.978921287325953,26.990304738167964,26.995827362874106
grid_121.7999999999994998_17.9999999999999361,25.567899784420895,27.957770177719183,28.435274925958694,28.591959289599366,28.628607297650337,28.650941423771215,28.662726267504723
grid_121.7999999999994998_18.0999999999999375,27.02640835298583,29.75920396335701,30.343786253767377,30.546592754263727,30.596329690660582,30.62774581844666,30.645105566813438
grid_121.7999999999994998_18.1999999999999389,33.07013850176058,35.205827648218545,35.47819661603948,35.54034586392177,35.55097831281834,35.55611415170948,35.55812511490427
grid_121.8999999999994941_11.7999999999999243,32.068117819688695,36.054520518728424,39.07011774709311,42.08571497545779,43.84972627132978,46.07211767449752,49.0877149028622
grid_121.8999999999994941_13.2999999999999190,30.24275107314378,33.00793759793936,35.09972045321727,37.191503308495186,38.41511783848419,39.95668983329076,42.04847268856867
grid_121.8999999999994941_13.3999999999999186,30.34846478367103,33.185661869798714,35.331918611826296,37.47817535385388,38.733655064859974,40.31537243998156,42.46162918200914
grid_121.8999999999994941_13.4999999999999183,31.104129440622774,33.83377295931739,35.89866856842933,37.963564177541265,39.17145067677552,40.69320769623589,42.758103305347824
grid_121.8999999999994941_13.9999999999999165,32.83050773521299,36.52159284449017,39.31379094025097,42.105989036011756,43.73932021661684,45.79707414528894,48.589272241049734
grid_121.8999999999994941_14.7999999999999137,36.03219687208324,39.05827828602355,41.34742050612151,43.63656272621946,44.975625083794334,46.66264414015977,48.95178636025772
grid_121.8999999999994941_14.8999999999999133,35.7146296907143,38.86222445671045,41.24328797912871,43.62435150154696,45.01718437399667,46.771946267543115,49.153009789961374
grid_121.8999999999994941_14.9999999999999130,36.103933299964204,39.81897990496034,42.629304172493725,45.439628440027114,47.08356275140079,49.15467504502325,51.964999312556635
grid_121.8999999999994941_16.1999999999999105,27.89237695136073,29.907196466372653,30.399442238988463,30.589852254239766,30.641055053052032,30.675747019331276,30.69673219179516
grid_121.8999999999994941_16.2999999999999119,23.852792599940127,25.300263482430083,25.68655873136408,25.847246220250074,25.893181232704126,25.925799352615776,25.946763298895345
grid_121.8999999999994941_16.3999999999999133,19.89979141418404,21.539285388893553,22.779514703218858,24.019744017544163,24.745231658719575,25.659237992253672,26.899467306578977
grid_121.8999999999994941_16.4999999999999147,19.20178305930195,20.304612087610483,21.138870042013444,21.973127996416405,22.461137615670477,23.07595702472494,23.9102149791279
grid_121.8999999999994941_16.5999999999999162,20.990007238709474,21.656622306427828,21.750123110852922,21.773155471872684,21.777366512823345,21.779502328040294,21.780392551178025
grid_121.8999999999994941_16.6999999999999176,21.46452794144034,22.863798128618154,23.275045493648932,23.4602896078937,23.51689682015359,23.559218432818515,23.58829374575574
grid_121.8999999999994941_16.7999999999999190,22.078044531814356,23.693869787314824,24.196173668731895,24.43319294845226,24.508484293895673,24.566495476268017,24.607934596554465
grid_121.8999999999994941_16.8999999999999204,24.490171849230318,25.603957272752425,25.730900954025916,25.757370159198825,25.761556226078362,25.76346552428652,25.764160243454683
grid_121.8999999999994941_16.9999999999999218,24.593736739233908,26.503031498000297,26.94137783394253,27.102508473109225,27.14401070580814,27.17122048133847,27.18699576009217
grid_121.8999999999994941_17.0999999999999233,23.620194719179363,25.61159170237669,26.109044442781574,26.305012621923975,26.3585271163035,26.395214958020198,26.417747581932254
grid_121.8999999999994941_17.1999999999999247,21.043552444360166,23.489264018576392,25.339373403251066,27.18948278792574,28.271727400192717,29.635194362141966,31.48530374681664
grid_121.8999999999994941_17.2999999999999261,20.962288317940708,23.362842718476898,25.178792019971038,26.99474132146518,28.05700356605003,29.39529572200137,31.211245023495515
grid_121.8999999999994941_17.3999999999999275,22.648511244403267,24.473980084934595,24.94974203898463,25.143819393123497,25.198396849020867,25.236666057404634,25.260864175413904
grid_121.8999999999994941_17.4999999999999289,22.218281776089476,23.756493843608272,24.156105191286606,24.318688448032617,24.364307859620226,24.39624122529082,24.41638862270809
grid_121.8999999999994941_17.5999999999999304,22.36825077485888,23.737699575279425,24.00086958993147,24.084527329548788,24.10357236640126,24.11494469556166,24.120790068281565
grid_121.8999999999994941_17.6999999999999318,21.835269405777677,23.675292814578516,24.16480105509283,24.367892520128496,24.425822527347805,24.466889013799936,24.493225417566546
grid_121.8999999999994941_17.7999999999999332,22.165465601006126,24.472246857720464,25.114048154287637,25.390344395630933,25.471635971051587,25.53065666411304,25.5696948674858
grid_121.8999999999994941_17.8999999999999346,22.997008109963605,25.17556954284693,25.72451262332783,25.942310959843233,26.002144731882833,26.043353948019544,26.068814257907196
grid_121.8999999999994941_17.9999999999999361,23.47777810290981,25.588639462981554,26.17596528924122,26.428821887179655,26.503220063092574,26.557237567175573,26.59296793146427
grid_121.8999999999994941_18.0999999999999375,26.53318959059051,28.673907137893963,29.018844339016837,29.11388461609973,29.133025256922515,29.143453612602592,29.14821811173353
grid_121.8999999999994941_18.1999999999999389,31.5614803197334,33.72051404378701,34.11905143169672,34.24165895741943,34.268801007338475,34.28467118028882,34.29261083345846
grid_121.8999999999994941_18.8999999999999488,50.60899653435914,53.85656928718375,54.3658612268261,54.5031423691487,54.530272900133056,54.54484845830312,54.551388904555445
grid_121.8999999999994941_6.5999999999999428,14.921241336449777,15.772635143877583,16.416689696255,17.06074424863241,17.43749201019195,17.91213805606022,18.556192608437634
grid_121.9999999999994884_10.4999999999999289,21.786825036112077,26.042895753973085,29.262488963559612,32.48208217314614,34.36542346833073,36.73815289100715,39.95774610059368
grid_121.9999999999994884_10.5999999999999286,23.35750345114056,27.103855520895014,28.12255337618159,28.55288819598982,28.677509006611544,28.766888238061036,28.8250785468815
grid_121.9999999999994884_10.6999999999999282,18.65041962876484,22.450248962111246,25.324708887762633,28.19916881341402,29.880620079745803,31.998998146760428,34.87345807241181
grid_121.9999999999994884_10.7999999999999279,17.75691565175242,21.30418044358865,23.987582669137446,26.670984894686242,28.240674570983984,30.218249686522473,32.90165191207127
grid_121.9999999999994884_10.8999999999999275,16.27083406302729,19.312606670683966,21.61361882060416,23.91463097052435,25.260636791931432,26.956403578181025,29.25741572810122
grid_121.9999999999994884_11.7999999999999243,32.28176912986797,36.496790408713544,39.68533091643664,42.87387142415974,44.739048053208144,47.088892703005314,50.27743321072841
grid_121.9999999999994884_11.8999999999999240,33.55641192920828,37.19991550603002,39.95611956199434,42.71232361795866,44.324599635033344,46.355827194780396,49.11203125074472
grid_121.9999999999994884_12.1999999999999229,32.52106947342494,35.391779181879286,37.56338724404014,39.73499530620101,41.00530458882885,42.60570501465535,44.77731307681621
grid_121.9999999999994884_12.2999999999999226,29.786245245104652,32.017767817635914,33.70584947741893,35.393931137201946,36.381395606330145,37.62545370973321,39.313535369516224
grid_121.9999999999994884_12.3999999999999222,26.8760437346886,29.137308409900506,30.847889101813692,32.55846979372688,33.55909535295374,34.81973446893878,36.53031516085197
grid_121.9999999999994884_12.4999999999999218,24.37802634331545,26.98585409815797,28.958599639256953,30.931345180355933,32.08532734536371,33.53917293519845,35.51191847629744
grid_121.9999999999994884_13.2999999999999190,27.44729147037839,29.18122078913555,30.49288768347212,31.804554577808688,32.57183052443296,33.53848389656585,34.85015079090242
grid_121.9999999999994884_13.3999999999999186,27.30717371262849,29.701844781111017,31.513343513715355,33.3248422463197,34.38450107499714,35.71951331480223,37.53101204740657
grid_121.9999999999994884_13.4999999999999183,28.703291597553598,31.678635717608238,33.9293966565443,36.18015759548036,37.4967683428459,39.155501715534996,41.40626265447106
grid_121.9999999999994884_13.7999999999999172,29.06394553607083,31.52659935580872,33.38952505446235,35.252450753115966,36.34219242845809,37.71510457285386,39.57803027150748
grid_121.9999999999994884_13.8999999999999169,29.442143024606068,32.31857001165349,34.494503028110415,36.670436044567346,37.94327526327572,39.54686303161477,41.7227960480717
grid_121.9999999999994884_14.1999999999999158,36.980629266871595,39.032936162263866,39.4392786802957,39.5716268284656,39.60238756824688,39.62104469392716,39.63082908822632
grid_121.9999999999994884_14.6999999999999140,36.83484181407606,40.22378564555904,42.78742268798966,45.35105973042028,46.85069126570188,48.740003561903265,51.303640604333886
grid_121.9999999999994884_14.7999999999999137,36.980070146454956,40.43166637271789,43.04269812218459,45.653729871651294,47.18108553328167,49.10532609791423,51.71635784738093
grid_121.9999999999994884_14.8999999999999133,36.42884309004548,39.823652636908506,42.39172692172979,44.95980120655107,46.462028362237824,48.35461075341409,50.92268503823538
grid_121.9999999999994884_14.9999999999999130,37.33387309825257,40.61399480645222,43.09531109051163,45.57662737457104,47.028104353174555,48.85674908277068,51.338065366830094
grid_121.9999999999994884_16.1999999999999105,34.017300243677646,35.952517123473086,36.347743035023036,36.47976648204765,36.511119636697586,36.53044761090371,36.54079812797475
grid_121.9999999999994884_16.2999999999999119,28.06694629025006,29.884388872238173,30.391791771096436,30.610852048027564,30.675457635003568,30.722450157087174,30.75360668693034
grid_121.9999999999994884_16.3999999999999133,23.029311318402822,24.23172010437553,24.600356427734877,24.772314353861006,24.826417452375495,24.867793719306192,24.897065929094584
grid_121.9999999999994884_16.4999999999999147,19.776780214892625,20.671626173079844,21.348551008589496,22.02547584409915,22.421451488679136,22.920321802286367,23.597246637796022
grid_121.9999999999994884_16.5999999999999162,19.51090616084876,20.230410375390363,20.452483748306697,20.55665245674609,20.58957942897877,20.61485190779437,20.63281503870446
grid_121.9999999999994884_16.6999999999999176,20.02789302078895,21.19223710310329,21.457631534410282,21.554612235794366,21.579466791870306,21.595700030642288,21.605065365265407
grid_121.9999999999994884_16.7999999999999190,18.865691638686812,20.661559519637773,22.02008112750479,23.378602735371807,24.17328693239342,25.174470616322765,26.532992224189783
grid_121.9999999999994884_16.8999999999999204,20.893541835799464,22.305087160113917,22.692126124011043,22.856754012922043,22.904704544094322,22.93924847077479,22.96186805581014
grid_121.9999999999994884_16.9999999999999218,20.463527099449983,22.38955752110577,23.84654328992695,25.30352905874813,26.155811097592903,27.229559480403914,28.686545249225095
grid_121.9999999999994884_17.0999999999999233,19.467068290350962,21.376798519670487,22.821453668997837,24.26610881832519,25.11117790715541,26.175839047644715,27.620494196972068
grid_121.9999999999994884_17.1999999999999247,18.48032908752165,20.17273305589378,21.452987235313678,22.733241414733573,23.48214210108575,24.425645383105703,25.7058995625256
grid_121.9999999999994884_17.2999999999999261,19.54357278996479,20.987780030523165,21.392999573959674,21.56866692216944,21.620654185922486,21.65856943289107,21.683794520624552
grid_121.9999999999994884_17.3999999999999275,19.093102956019585,20.138562377518763,20.397260672112044,20.498384174785837,20.525818446413563,20.544532397329505,20.55595174678014
grid_121.9999999999994884_17.4999999999999289,19.611355903204267,20.457051364995362,20.644070342394812,20.71073928706474,20.727470729626653,20.738225576992107,20.7443039563461
grid_121.9999999999994884_17.5999999999999304,20.399863781539185,21.39638686310418,21.643912632017138,21.740970751883353,21.767371338522214,21.785416421624,21.796456254800894
grid_121.9999999999994884_17.6999999999999318,19.288403796511933,20.996465639940162,22.2885645445888,23.580663449237445,24.33649285567978,25.28872529266567,26.580824197314314
grid_121.9999999999994884_17.7999999999999332,19.600071213120074,21.968048345042252,23.759353894171944,25.55065944330164,26.59850601687623,27.918636575223815,29.70994212435351
grid_121.9999999999994884_17.8999999999999346,20.47871617577339,23.178727703764956,25.221207577242208,27.263687450719463,28.458461585181347,29.96369897871103,32.006178852188285
grid_121.9999999999994884_17.9999999999999361,23.827070963992625,25.714385068089893,26.247939963829538,26.480686285854194,26.549925538522345,26.60062678235484,26.63453467239097
grid_121.9999999999994884_18.0999999999999375,26.409675769541053,29.438644113854373,30.331906236672786,30.73540887615621,30.859003110850878,30.951575807291654,31.015324816802334
grid_121.9999999999994884_18.1999999999999389,32.71151758187179,35.51574071383949,36.271104203813195,36.587727432081294,36.678822590616164,36.74382948437867,36.785878132245244
grid_121.9999999999994884_6.3999999999999435,15.637362725992766,16.927456182591825,17.90337420838201,18.879292234172198,19.45016768303728,20.169385690771257,21.145303716561443
grid_121.9999999999994884_6.4999999999999432,14.277095831000622,15.422040110823458,16.288157023120714,17.15427393541797,17.660919850352258,18.299218215240806,19.16533512753806
grid_121.9999999999994884_6.5999999999999428,12.96340366832547,14.226776535877176,15.182481216364625,16.13818589685207,16.697237296700923,17.40155876440378,18.357263444891228
grid_121.9999999999994884_6.6999999999999424,13.421151258541602,15.082030829184683,16.338437722318,17.594844615451322,18.329795533581887,19.2557241860944,20.51213107922772
grid_121.9999999999994884_6.9999999999999414,14.509392603587319,15.982064157020424,17.096097181304238,18.210130205588047,18.86179774935906,19.682801759021153,20.796834783304966
grid_121.9999999999994884_7.0999999999999410,12.71205650000122,13.843430857869789,14.699282520486108,15.555134183102425,16.055775311912825,16.686508540970998,17.542360203587315
grid_121.9999999999994884_7.1999999999999407,12.169873301040283,13.690333691879083,14.840517576100375,15.990701460321667,16.663515901524928,17.511161851160466,18.661345735381758
grid_122.0999999999994827_10.6999999999999282,16.979037817008695,20.13386053019805,22.520391783592864,24.906923036987678,26.3029543270227,28.06174575017703,30.448277003571846
grid_122.0999999999994827_10.7999999999999279,15.078812331093438,18.120346142719686,20.421177650416336,22.722009158112986,24.067909310593244,25.763542969739234,28.064374477435884
grid_122.0999999999994827_10.8999999999999275,13.966687442852573,16.84726092726637,19.026330647892316,21.205400368518262,22.480074441541362,24.085973852932057,26.265043573558003
grid_122.0999999999994827_10.9999999999999272,13.70390588462604,16.4671988772188,18.557549330681407,20.647899784144016,21.87067641278511,23.411192776736776,25.501543230199385
grid_122.0999999999994827_11.0999999999999268,13.681711358303557,16.375240940759422,18.4128174117288,20.450393882698176,21.64229971056701,23.14392346515404,25.181499936123416
grid_122.0999999999994827_11.1999999999999265,14.87456242204279,16.618951903947167,17.05603421055903,17.22865241726948,17.275890309271865,17.308327609598585,17.328291394753336
grid_122.0999999999994827_11.2999999999999261,14.766544008515911,16.681706970113595,17.285595619998283,17.573930085676732,17.666426341929036,17.73824102338917,17.790051502354192
grid_122.0999999999994827_11.3999999999999257,14.86881344585263,17.602594544831913,19.67062011260095,21.738645680369988,22.94836308804745,24.47242677934927,26.540452347118304
grid_122.0999999999994827_11.4999999999999254,20.96333358403185,23.50767832366482,24.27345390335737,24.625244620584503,24.734525591367618,24.81727578499664,24.875071717267964
grid_122.0999999999994827_11.6999999999999247,28.952998452392134,33.9271252577849,37.689906928460104,41.452688599135314,43.653774774881214,46.42681540452808,50.18959707520329
grid_122.0999999999994827_11.7999999999999243,30.923646922000845,35.203968207679175,38.44190626363905,41.67984431959892,43.57391666199341,45.96016560527724,49.19810366123711
grid_122.0999999999994827_12.3999999999999222,26.126250939055875,28.53327679512878,30.354121563752905,32.174966332377025,33.24009224165643,34.58199218844993,36.40283695707406
grid_122.0999999999994827_12.5999999999999215,26.07169180114609,28.80445245352936,30.87170608324825,32.93895971296713,34.14822556583238,35.6717203653504,37.73897399506929
grid_122.0999999999994827_13.3999999999999186,26.382592249531005,28.920490665055933,30.84033670308206,32.76018274110819,33.883220680511556,35.29808115663312,37.21792719465924
grid_122.0999999999994827_13.7999999999999172,27.566008557466652,30.08959855222303,31.998620687781326,33.90764282333962,35.02434918568784,36.431232818096,38.340254953654295
grid_122.0999999999994827_13.8999999999999169,26.744341118186266,29.79308908582229,32.09937789186798,34.40566669791367,35.75475916528336,37.45441466554969,39.76070347159538
grid_122.0999999999994827_14.0999999999999162,32.19883559103401,34.05812154357029,34.37877820833502,34.472129447822496,34.49184077585405,34.502965436524946,34.508283480948705
grid_122.0999999999994827_16.2999999999999119,30.523857821706255,32.43208328572017,33.875600124036936,35.31911696235371,36.16352018192858,37.22734242636762,38.670859264684395
grid_122.0999999999994827_16.3999999999999133,26.446700893158514,27.682851298962216,28.058717081149467,28.232852918670652,28.287329822021533,28.32880775670451,28.357983931450654
grid_122.0999999999994827_16.4999999999999147,23.01856170458624,24.162955476605195,24.512313010468763,24.674703564859815,24.725646278364195,24.764516513025306,24.7919343746454
grid_122.0999999999994827_16.5999999999999162,19.808914428553745,20.82158705370032,21.5876443219157,22.35370159013108,22.80181636544197,23.366374215277656,24.132431483493036
grid_122.0999999999994827_16.6999999999999176,18.3531063712241,19.777672461498284,20.8553151077086,21.932957753918917,22.563338291129867,23.357523844193096,24.43516649040341
grid_122.0999999999994827_16.7999999999999190,19.20221006692534,20.419789654869412,20.77363138887121,20.931540611345625,20.97942078316923,21.015002570275843,21.0392575139062
grid_122.0999999999994827_16.8999999999999204,18.81465933395286,20.68817440495151,22.105433844587136,23.522693284222758,24.35173691020268,25.39620835522141,26.813467794857033
grid_122.0999999999994827_16.9999999999999218,19.990459304776074,21.93583010767332,23.407446310113592,24.879062512553865,25.739902806435097,26.82443331545111,28.296049517891383
grid_122.0999999999994827_17.0999999999999233,19.112214875630354,20.868263986499205,22.196663857612073,23.525063728724945,24.30212783928879,25.281112839593796,26.609512710706667
grid_122.0999999999994827_17.1999999999999247,18.937635305544987,20.123188451548476,20.467303528270747,20.620717481313964,20.66719548370415,20.701712745695396,20.725222186592852
grid_122.0999999999994827_17.2999999999999261,18.611952088051414,19.45030489758141,19.718211740006584,19.847553672203134,19.88943059968259,19.922178864487623,19.946026341830148
grid_122.0999999999994827_17.3999999999999275,19.761232669476254,20.734654856452185,21.471020314407653,22.20738577236312,22.63813195209343,23.180807959339052,23.91717341729452
grid_122.0999999999994827_17.4999999999999289,21.1813318788536,22.476467234987396,23.456199310538867,24.435931386090335,25.009037911041652,25.73106674222413,26.7107988177756
grid_122.0999999999994827_17.5999999999999304,22.630088196501596,23.72132504189305,24.546813848441513,25.372302654989976,25.85518265158589,26.46353950038143,27.289028306929893
grid_122.0999999999994827_17.6999999999999318,22.227777672531705,23.566633697766452,24.579439182734095,25.59224466770174,26.184697896932512,26.931100692936486,27.94390617790413
grid_122.0999999999994827_17.7999999999999332,23.241569008215613,25.345156236548316,26.936458544494155,28.52776085243999,29.458613029899336,30.631348080772696,32.222650388718534
grid_122.0999999999994827_17.8999999999999346,25.36177214800823,27.275737138865544,27.7694874223242,27.969214452213652,28.02498448481296,28.06387783178845,28.088298377995656
grid_122.0999999999994827_17.9999999999999361,27.476139158630314,29.45390051395775,29.86806212505237,30.009269052216773,30.0433914129225,30.06470492834489,30.076313716082513
grid_122.0999999999994827_18.0999999999999375,30.66262988923041,33.7669125547133,34.45455695358555,34.7000277817241,34.76170384857613,34.801383941212194,34.8238358255519
grid_122.0999999999994827_18.1999999999999389,35.031178489788225,38.505095296141185,39.57870847940911,40.08285526453415,40.24235570122751,40.36486290199669,40.452017296946025
grid_122.0999999999994827_18.2999999999999403,41.94716777384028,45.10728445482482,46.05402388056269,46.487294741494935,46.62145975048757,46.722802342815925,46.7933580702589
grid_122.0999999999994827_18.3999999999999417,48.30979768169555,51.15550015468872,51.99292792407395,52.370542471096314,52.48603675251184,52.57244375262671,52.631858867675675
grid_122.0999999999994827_6.4999999999999432,13.73355108970069,14.807083286851991,15.619179044029142,16.431274801206293,16.90632036614968,17.504806998357594,18.316902755534745
grid_122.0999999999994827_6.5999999999999428,12.340096429408359,13.681325621757374,14.69592633834423,15.710527054931084,16.304030427339207,17.051756247280096,18.06635696386695
grid_122.0999999999994827_6.6999999999999424,13.199346299828655,14.788505715720987,15.990658406202794,17.1928110966846,17.896025340757504,18.781970512576933,19.984123203058736
grid_122.0999999999994827_6.8999999999999417,15.880314808729855,17.38074940089407,18.515784353224113,19.65081930555415,20.31477218967505,21.15125389771837,22.28628885004841
grid_122.0999999999994827_6.9999999999999414,13.924425293362587,15.333126755122413,16.398768273150562,17.46440979117871,18.087770118436744,18.873111252938536,19.938752770966683
grid_122.0999999999994827_7.0999999999999410,11.676341515498505,12.876515120715442,13.78441140483156,14.692307688947679,15.223392969699688,15.892481294164616,16.800377578280735
grid_122.0999999999994827_7.1999999999999407,11.214158882063357,12.371949566855273,13.247784409362776,14.123619251870277,14.635949791562187,15.281409936662193,16.157244779169694
grid_122.0999999999994827_7.2999999999999403,12.960453892093694,14.380724769694451,15.455118212948847,16.529511656203244,17.15799153152775,17.949782533804,19.024175977058395
grid_122.0999999999994827_7.3999999999999400,16.123091577715225,17.772552765293597,18.274603928678072,18.50739769637839,18.580276720594902,18.635796252890067,18.67487728441662
grid_122.0999999999994827_7.4999999999999396,17.47846027732366,19.073445334589103,19.554185124801403,19.775297309978814,19.844052673645066,19.896156292154583,19.932584045174455
grid_122.0999999999994827_7.7999999999999385,18.977210778499348,20.42604228514623,20.748873073189458,20.8646711137648,20.893885014999782,20.912738504722487,20.923448952162968
grid_122.1999999999994770_10.6999999999999282,17.181710904284948,20.768300337150308,23.481450505254546,26.194600673358785,27.781691780525062,29.781190106224145,32.49434027432838
grid_122.1999999999994770_10.7999999999999279,14.623941578234039,17.779399128608013,20.16641061779407,22.55342210698013,23.949734316944536,25.7088796573541,28.095891146540158
grid_122.1999999999994770_10.8999999999999275,12.852857850225163,15.31972034222535,17.185829778541084,19.051939214856816,20.143543257343413,21.518801706857,23.384911143172737
grid_122.1999999999994770_10.9999999999999272,12.011446275141646,14.307801468930307,16.044927113411237,17.78205275789217,18.798206118954585,20.07840795168083,21.815533596161764
grid_122.1999999999994770_11.0999999999999268,11.61425756458731,13.93497690150172,15.690533308760127,17.446089716018534,18.473024382165462,19.766809052932942,21.522365460191352
grid_122.1999999999994770_11.1999999999999265,12.819471531608428,14.189151884367107,14.487272163940226,14.592174749171111,14.618212908126253,14.634810600650525,14.644090584799587
grid_122.1999999999994770_11.2999999999999261,12.465391786260547,13.811207656122466,14.12117105113781,14.23540682526817,14.264895302748194,14.284261070780493,14.295513002147201
grid_122.1999999999994770_11.3999999999999257,14.252651877534678,16.05971344230971,16.548801831547188,16.754618794141418,16.81402971927939,16.85653414897591,16.884117944517918
grid_122.1999999999994770_11.4999999999999254,16.749529360055146,19.883908700261287,22.254975138994638,24.626041577727985,26.013026531105453,27.760420917934127,30.131487356667478
grid_122.1999999999994770_11.5999999999999250,24.804482784032686,27.738259499522034,28.609823879616133,29.00592331287011,29.127866888956458,29.21956325819187,29.28303126702997
grid_122.1999999999994770_11.6999999999999247,26.636560144312753,31.320363686913378,34.86352428749031,38.40668488806724,40.47930097343739,43.09048843066786,46.6336490312448
grid_122.1999999999994770_11.7999999999999243,28.12420198866704,32.537164134597916,35.87544112787634,39.213718121154784,41.16648497924284,43.62668026708565,46.96495726036409
grid_122.1999999999994770_13.6999999999999176,27.194538219333822,30.392087424688683,32.81094002168059,35.22979261867249,36.64473068268474,38.42734182402735,40.846194421019256
grid_122.1999999999994770_13.7999999999999172,25.324075180807597,28.078488193122254,30.162121200823286,32.245754208524325,33.464601383294266,35.000167220838975,37.083800228540014
grid_122.1999999999994770_13.8999999999999169,23.900466355479377,26.70854487440905,28.8327742706902,30.95700366697135,32.19959820672536,33.76508218590102,35.889311582182174
grid_122.1999999999994770_14.7999999999999137,38.28757777298036,41.3094335621054,43.59537922042996,45.881324878754526,47.218517367560736,48.90318066787955,51.18912632620412
grid_122.1999999999994770_16.3999999999999133,30.5896343375161,31.518677075845503,31.72493521141869,31.79869896589149,31.81726137927277,31.829217850797626,31.835993393020615
grid_122.1999999999994770_16.4999999999999147,26.753811714816973,28.405300710153927,29.654603907297698,30.90390710444147,31.634702626801623,32.55539609977842,33.804699296922195
grid_122.1999999999994770_16.5999999999999162,22.982425854880436,24.04050278425722,24.84090708269748,25.64131138113774,26.109517881141315,26.699388310514525,27.499792608954785
grid_122.1999999999994770_16.6999999999999176,20.723063058260102,21.71027641213812,21.996208022948554,22.12345673627291,22.16195066119765,22.190505683909848,22.20992541068488
grid_122.1999999999994770_16.7999999999999190,19.78828917950031,20.80106969421969,21.042024509014237,21.13322217457619,21.157299202914295,21.17338474574879,21.182939989711247
grid_122.1999999999994770_16.8999999999999204,19.1268964834729,20.69929289817134,21.88876486777375,23.078236837376167,23.77403333525251,24.650633252074606,25.840105221677018
grid_122.1999999999994770_16.9999999999999218,19.992300638205833,21.477786413111335,22.601513021729996,23.725239630348657,24.382577557453132,25.21072540525416,26.33445201387282
grid_122.1999999999994770_17.0999999999999233,20.951764402829653,22.064450397163796,22.338117651601955,22.444560349345664,22.47331654644274,22.492869208568358,22.504750865150566
grid_122.1999999999994770_17.1999999999999247,21.14742047153872,21.989851479273312,22.152279637221316,22.204052297255444,22.215865678841148,22.22293199072683,22.226572162806235
grid_122.1999999999994770_17.2999999999999261,22.273303936296163,23.167956115396365,23.407242963132443,23.50695978717367,23.5355087928684,23.555804994921832,23.568869307581114
grid_122.1999999999994770_17.3999999999999275,25.21450810704688,26.398753399901416,26.668069177596593,26.766299189319184,26.791434154020017,26.80783079211859,26.817275723818412
grid_122.1999999999994770_18.0999999999999375,33.746530732902364,37.450257294332935,38.475312194473574,38.91468715651571,39.04348989133164,39.13674304830926,39.1981999286196
grid_122.1999999999994770_18.1999999999999389,40.24113827906017,43.998986657164735,44.961242853288795,45.34811679512127,45.45559076951132,45.53024690754666,45.576884188125426
grid_122.1999999999994770_18.2999999999999403,45.28926087765547,48.54482419588188,49.389317960475665,49.73247934942755,49.82866748435307,49.89594503934995,49.93834807144324
grid_122.1999999999994770_18.3999999999999417,50.72542064219184,53.433828881791115,53.98933043621134,54.17554119163604,54.219894202005555,54.24729741651861,54.26201480434767
grid_122.1999999999994770_18.4999999999999432,49.403755900185566,52.51319182067475,53.43058267081449,53.84513356884609,53.97215003213965,54.067308133454794,54.13285729346892
grid_122.1999999999994770_6.4999999999999432,14.528868477600119,15.467489431842408,16.177528773522535,16.88756811520266,17.302914504122274,17.82618906944495,18.53622841112508
grid_122.1999999999994770_6.5999999999999428,13.602310190043191,14.984093993696431,16.029373089433463,17.074652185170496,17.686101258964378,18.456435988823735,19.501715084560765
grid_122.1999999999994770_6.9999999999999414,14.756580533810705,16.071620613380254,17.066410030940517,18.06119944850078,18.64311395388777,19.376239528070325,20.371028945630588
grid_122.1999999999994770_7.0999999999999410,11.759677131809486,12.86347288673399,13.69846214159097,14.533451396447948,15.02188879904438,15.637247151372451,16.472236406229428
grid_122.1999999999994770_7.1999999999999407,11.597820885757391,12.675669911959693,13.491031224251147,14.306392536542601,14.783348328771893,15.384241562744904,16.199602875036355
grid_122.1999999999994770_7.2999999999999403,13.422793786740169,14.784485214373461,15.160297966365537,15.321013179606227,15.368035737984922,15.402029251632362,15.424388849677749
grid_122.1999999999994770_7.3999999999999400,14.627269384492166,15.721026860633183,15.983093787145517,16.082859172893258,16.10932751875703,16.12707695915479,16.13767164727854
grid_122.1999999999994770_7.4999999999999396,15.184812422431028,16.339596005825076,16.676684946925583,16.827672188497882,16.873594503372864,16.907802706576913,16.931193333078294
grid_122.1999999999994770_7.5999999999999392,15.405846091693203,16.69923917331497,17.074006954948047,17.24084792788916,17.29133338619507,17.32879213396579,17.35427445290436
grid_122.1999999999994770_7.6999999999999389,15.83546077018507,17.325109670583764,17.695988903273964,17.841695240935824,17.88139276412497,17.908560120101097,17.92520752948199
grid_122.1999999999994770_7.7999999999999385,16.045879726918876,17.509008353539024,17.841360162142742,17.962466590320393,17.993430189384235,18.013616720836005,18.02523554783309
grid_122.2999999999994714_10.6999999999999282,16.944332313912746,20.139184183609807,22.555996324945895,24.972808466281986,26.386552940251196,28.16766033597905,30.58447247731514
grid_122.2999999999994714_10.7999999999999279,17.200915678462472,19.596396402296612,20.23802553754276,20.505726635515657,20.58244623761325,20.637030069137662,20.67219967318895
grid_122.2999999999994714_10.8999999999999275,12.452649537052126,14.91567922576547,16.778889258322657,18.64209929087984,19.732007290893243,21.105128979593186,22.968339012150373
grid_122.2999999999994714_10.9999999999999272,10.902280322594823,13.030286171363867,14.64006045258176,16.249834733799652,17.191492322937474,18.377840582568695,19.98761486378659
grid_122.2999999999994714_11.0999999999999268,10.24101682042575,12.126629388584053,13.55304023154217,14.97945107450029,15.81384792825284,16.86506364265859,18.29147448561671
grid_122.2999999999994714_11.1999999999999265,10.816220528725909,12.045635358701965,12.371103690216877,12.505593343788412,12.54382556343612,12.570857760723712,12.588135493486737
grid_122.2999999999994714_11.2999999999999261,11.752143448293415,13.116127465212823,13.39270695649633,13.48455981662363,13.506265171810558,13.519595585158612,13.526699902304511
grid_122.2999999999994714_11.3999999999999257,10.865493522330759,13.255546734799022,15.06355219418213,16.871557653565237,17.929173048403484,19.2616108660335,21.069616325416607
grid_122.2999999999994714_11.4999999999999254,14.94173526378649,17.66875239898608,19.731661225681336,21.794570052376592,23.001294358399996,24.521587187576177,26.584496014271433
grid_122.2999999999994714_11.5999999999999250,20.194733995083542,23.97039416782068,26.826570829274303,29.682747490727927,31.353503733113243,33.45840766346507,36.314584324918684
grid_122.2999999999994714_11.6999999999999247,24.663182761069077,29.08786853142979,32.435014104228685,35.78215967702758,37.74011432156976,40.20684544738829,43.55399102018719
grid_122.2999999999994714_13.5999999999999179,31.05600215459627,33.25579047025862,33.7185676563742,33.876942927687224,33.91533620071107,33.939375357447304,33.95250948674557
grid_122.2999999999994714_13.6999999999999176,28.342293664109945,30.60651172257854,31.221799143654604,31.481582150821268,31.556779617687322,31.610693617972117,31.645778870188646
grid_122.2999999999994714_13.7999999999999172,25.551411159366136,27.686922272503004,28.29802097023162,28.56728071520929,28.64805763357307,28.70759277126245,28.747744524256028
grid_122.2999999999994714_13.8999999999999169,23.75223660156059,25.72871691199407,26.211603283321857,26.398395238756116,26.44862564142676,26.48265904445587,26.50324606632187
grid_122.2999999999994714_14.0999999999999162,25.839059038577105,27.43902782501181,27.765195453534865,27.873989451197446,27.899793573510987,27.91568568877467,27.92418583143008
grid_122.2999999999994714_16.5999999999999162,26.03438654762785,27.736088639832968,29.023376578402814,30.31066451697266,31.06367968866666,32.012366609177775,33.29965454774762
grid_122.2999999999994714_16.6999999999999176,23.80547035923538,25.001955355169613,25.30137575511869,25.419504691275996,25.451803193165937,25.473967137131197,25.48759636555912
grid_122.2999999999994714_16.7999999999999190,21.9653462499072,23.126725905447,23.381882389731256,23.472355970524557,23.49495877108383,23.509437734544342,23.517584641968813
grid_122.2999999999994714_16.8999999999999204,21.382682867740666,22.32760353808976,22.522300318815336,22.58780977858406,22.60346306296936,22.61315764888344,22.618380466946796
grid_122.2999999999994714_16.9999999999999218,21.956257472703435,22.92616602503483,23.15789904318665,23.24591127212422,23.26921551062466,23.284819644971446,23.294115732370194
grid_122.2999999999994714_17.0999999999999233,22.146600454097744,22.95584303868159,23.10682686274302,23.153681557009936,23.16413130283361,23.17027552458528,23.173371531553528
grid_122.2999999999994714_17.1999999999999247,23.627577462286503,24.637355861652328,24.896817722303314,25.00143007685548,25.03056087393228,25.050833476025243,25.06352764524011
grid_122.2999999999994714_17.2999999999999261,26.422987189408534,28.071645463685922,28.562417255396074,28.78583081857883,28.854707122478814,28.90655522824273,28.94249241168353
grid_122.2999999999994714_18.2999999999999403,46.71018278032895,50.15529128126999,51.23169180839537,51.741742829182506,51.90433261877963,52.02994773885888,52.119995386592194
grid_122.2999999999994714_18.3999999999999417,51.460357877881385,55.290101034434024,56.3974160919487,56.889504258266996,57.03818805499296,57.14838075054988,57.223231158585975
grid_122.2999999999994714_7.3999999999999400,12.913806168338933,13.925921655987539,14.691557465955587,15.457193275923636,15.905061513964213,16.46930876357224,17.23494457354029
grid_122.2999999999994714_7.4999999999999396,12.684299292470469,13.749525350349385,14.555337755728122,15.361150161106858,15.832520200869334,16.426376218985773,17.23218862436451
grid_122.2999999999994714_7.5999999999999392,12.267705050183434,13.348089733900679,14.165369197054309,14.98264866020794,15.46072649876233,16.063033343925184,16.880312807078816
grid_122.2999999999994714_7.6999999999999389,12.970479342465001,14.292697096014901,14.643198884165914,14.788191404257637,14.829447246407431,14.858637942364426,14.877312353223898
grid_122.2999999999994714_7.7999999999999385,13.64148576454479,14.867483131853295,15.05388092224757,15.102882409322307,15.11235957565929,15.11737020180901,15.119572892107717
grid_122.2999999999994714_7.8999999999999382,13.33983696356069,14.7604337753422,15.142450227055068,15.302356465499548,15.348309204977607,15.381072333670023,15.402240026292304
grid_122.2999999999994714_7.9999999999999378,14.409138984328019,15.742970619378017,16.10451143726873,16.256839640371616,16.300855532277517,16.33237069597427,16.35284371438315
grid_122.3999999999994657_10.6999999999999282,17.681472857586773,20.89926440932804,23.33342975023143,25.767595091134826,27.19149053611844,28.985386642876094,31.419551983779485
grid_122.3999999999994657_10.7999999999999279,15.461933736883474,18.52572281734667,20.843389786005996,23.161056754665324,24.516805020491105,26.22484583512852,28.542512803787847
grid_122.3999999999994657_10.8999999999999275,13.39100118094693,16.01531098843408,18.00052472103938,19.98573845364468,21.147014043135453,22.61004826113183,24.59526199373713
grid_122.3999999999994657_10.9999999999999272,13.444399983991914,15.270141787780057,15.763120498106838,15.970171137495168,16.02984061934401,16.072476329197254,16.10010032365276
grid_122.3999999999994657_11.0999999999999268,12.245466644378746,13.754916737466539,14.139018232654667,14.292651075287544,14.335145504810683,14.364565802546469,14.38286554918446
grid_122.3999999999994657_11.1999999999999265,11.593952154933998,13.089565723099966,13.505674357233026,13.684807302064826,13.737511025117062,13.775775557067957,13.80108468580583
grid_122.3999999999994657_11.2999999999999261,10.181182204727554,12.32712497307324,13.950468010145567,15.573811047217895,16.523405849712,17.719753815563582,19.34309685263591
grid_122.3999999999994657_11.3999999999999257,11.343474290784929,13.683680989322866,15.453979016567182,17.2242770438115,18.259835004850064,19.564483742349438,21.334781769593754
grid_122.3999999999994657_11.4999999999999254,15.197988574757858,17.853817648435435,19.862874785468193,21.871931922500956,23.047155009471325,24.52776099617853,26.53681813321129
grid_122.3999999999994657_11.6999999999999247,24.39448307904394,28.28865607574983,31.234484227649197,34.18031237954857,35.9035113819784,38.07448537625446,41.02031352815382
grid_122.3999999999994657_13.5999999999999179,30.38276741985866,32.65827061014892,33.27455531646821,33.53404128653441,33.60897880645362,33.662610502584165,33.69743147839867
grid_122.3999999999994657_13.6999999999999176,28.076602445438155,30.51819020854729,31.183692756822712,31.465381049716548,31.547090565868324,31.60576832824448,31.644033629626406
grid_122.3999999999994657_13.7999999999999172,25.4751448763716,27.67703231197332,28.228727372641334,28.446603424154812,28.506224866032003,28.547164908772228,28.572361144265397
grid_122.3999999999994657_13.8999999999999169,25.99051963138616,26.24096278033671,26.24371872687493,26.24381125399415,26.243814026952847,26.243814432194988,26.2438144671688
grid_122.3999999999994657_13.9999999999999165,23.0200829268816,24.87630609951594,25.327471638364234,25.50125348015358,25.547818158315124,25.579281513272683,25.5982466679623
grid_122.3999999999994657_14.0999999999999162,24.141968504669926,26.243784290241837,26.77379759941003,26.984218617430475,27.04205653228488,27.081907440649033,27.106541557881492
grid_122.3999999999994657_14.1999999999999158,23.734862588458128,26.95270065582989,29.38690118444937,31.82110171306885,33.24501774154686,35.03893978044061,37.473140309060085
grid_122.3999999999994657_14.6999999999999140,40.29673104794719,43.97660288813994,46.760318473295335,49.54403405845074,51.172403288439696,53.22390589864348,56.007621483798886
grid_122.3999999999994657_16.7999999999999190,24.61834657075729,26.119317287663534,26.53034346948847,26.70498769164508,26.7558100868714,26.792397635039556,26.816333994944713
grid_122.3999999999994657_16.8999999999999204,25.59309066751096,26.885189743071138,27.26374567144135,27.433820754676553,27.485679643564197,27.524385912699845,27.55091946428422
grid_122.3999999999994657_16.9999999999999218,26.52196694683288,27.9324847665169,28.289686329496664,28.43199478647594,28.471225842092785,28.4983173926398,28.51511302489061
grid_122.3999999999994657_17.0999999999999233,27.52459770910773,28.3245019238853,28.463481699369606,28.50418627190493,28.512825586202585,28.517720260405873,28.52007173030504
grid_122.3999999999994657_17.1999999999999247,27.362772641688586,28.671265041882343,28.991156383845723,29.114963232365774,29.148271058702317,29.170846318255997,29.184508235845914
grid_122.3999999999994657_7.5999999999999392,11.764175903387239,13.018338063787354,13.967075113291532,14.91581216279571,15.470787759800487,16.169974323195827,17.118711372700005
grid_122.3999999999994657_7.6999999999999389,12.195512154466927,13.325271601952814,13.612552956027365,13.727393180549784,13.759142197100218,13.781114872211308,13.794775515065895
grid_122.3999999999994657_7.7999999999999385,11.950522778144638,13.094037822834903,13.418183152633013,13.559894234871129,13.602129707592294,13.63310141549646,13.653853014539756
grid_122.3999999999994657_7.8999999999999382,11.156296242812612,12.47123976773097,13.465956144517257,14.460672521303543,15.042544300576738,15.7756160462219,16.77033242300819
grid_122.3999999999994657_7.9999999999999378,11.825421705272014,13.434211804888893,14.651214534340648,15.868217263792403,16.580118223796973,17.47700736340928,18.694010092861035
grid_122.3999999999994657_9.8999999999999311,21.862827107055086,24.358202196663846,29.49451721968883,41.91170524834682,56.226004156393664,88.75729834006188,185.18116846742475
grid_122.4999999999994600_10.4999999999999289,23.04545001368736,26.377026563162254,28.897266932029495,31.41750730089673,32.89175340948772,34.749083850371626,37.26932421923886
grid_122.4999999999994600_10.5999999999999286,21.89514690200769,24.99240506023304,27.335390408834208,29.67837575743538,31.04893432610615,32.77563391566073,35.118619264261895
grid_122.4999999999994600_10.6999999999999282,19.01565077458503,22.050636453869615,24.346514490672508,26.6423925274754,27.9853950852344,29.67737820675999,31.97325624356288
grid_122.4999999999994600_10.7999999999999279,17.24005588833015,20.176064869589165,22.397069924716,24.61807497984283,25.91727965100415,27.554083961101846,29.775089016228677
grid_122.4999999999994600_10.8999999999999275,15.329549701788709,18.35742005864161,20.647915561811082,22.93841106498056,24.27826504240514,25.966281421833457,28.25677692500293
grid_122.4999999999994600_10.9999999999999272,13.685315791310455,16.426173969470742,18.499553140970857,20.572932312470975,21.785781377574843,23.313790490631263,25.387169662131377
grid_122.4999999999994600_11.0999999999999268,15.145505914165355,16.87516639365068,17.249797280869778,17.381094961497,17.41357404494737,17.434224059560673,17.445731405297487
grid_122.4999999999994600_11.1999999999999265,14.953862647696758,16.464762380658847,16.718289495114366,16.79047532036904,16.805429465843794,16.81374996560514,16.817655422412074
grid_122.4999999999994600_11.2999999999999261,14.837386007566801,16.9296559831426,17.447291756301297,17.64960170507257,17.704480338356607,17.741911474616458,17.764749272551597
grid_122.4999999999994600_11.3999999999999257,13.47366569671255,16.062307806537206,18.020539967451548,19.97877212836589,21.124264510206935,22.567414238190544,24.525646399104886
grid_122.4999999999994600_11.4999999999999254,17.305398615446542,20.364736545825437,22.6790363494313,24.993336153037163,26.347114753572928,28.052674083416058,30.36697388702192
grid_122.4999999999994600_12.3999999999999222,33.299773087270665,35.85501143617992,37.78797462743957,39.72093781869921,40.851648800860396,42.27617616760847,44.20913935886811
grid_122.4999999999994600_12.4999999999999218,33.469492687045054,36.446036441986564,38.69770486968204,40.94937329737752,42.266514891637144,43.92591705231903,46.17758548001451
grid_122.4999999999994600_13.3999999999999186,29.03947316342665,32.37007503819859,34.88957809411612,37.40908115003364,38.88289595819776,40.739683024805586,43.25918608072311
grid_122.4999999999994600_13.4999999999999183,28.63619927372657,31.4074067783153,33.50374432897826,35.600081879641216,36.82636073563269,38.37128938422995,40.467626934892905
grid_122.4999999999994600_13.5999999999999179,32.395590713491714,34.138726586969895,34.43330267939838,34.51765931650169,34.53522120291604,34.545028660088555,34.54965386137597
grid_122.4999999999994600_13.9999999999999165,23.311462117023545,25.454487474274835,26.034334460195716,26.27828481035237,26.348688892159622,26.399050237525074,26.431726224634886
grid_122.4999999999994600_14.0999999999999162,23.972181392725787,26.211933771929022,26.769959050797596,26.989315625458644,27.049108168119716,27.090042991205916,27.11513880844122
grid_122.4999999999994600_14.1999999999999158,23.75062538779354,26.864027021420892,29.219224437731675,31.574421854042455,32.952124024379614,34.6878234876698,37.04302090398059
grid_122.4999999999994600_14.2999999999999154,28.807863588218307,32.41488030758934,35.14348312140455,37.87208593521976,39.46821626066388,41.47910265459079,44.207705468406
grid_122.4999999999994600_17.0999999999999233,35.34175556480263,36.348075314531776,36.58270001736079,36.67004133793629,36.69277935773786,36.70780875879871,36.71661428000492
grid_122.4999999999994600_7.6999999999999389,12.799656568532532,13.927407225528489,14.230275040655924,14.356913534595503,14.39327292400072,14.419178079299517,14.435899795662461
grid_122.4999999999994600_7.7999999999999385,11.730889223719087,12.746338844045631,13.514496828019084,14.282654811992536,14.731998427246568,15.298104432319079,16.06626241629253
grid_122.4999999999994600_7.8999999999999382,11.380308129810711,12.198857140638298,12.818065563542218,13.437273986446138,13.79948769397562,14.255822997273725,14.875031420177645
grid_122.4999999999994600_7.9999999999999378,11.576747708048044,12.76534348467455,13.6644814795651,14.563619474455649,15.089581484440231,15.752215251082156,16.651353245972704
grid_122.4999999999994600_9.5999999999999321,20.283499074437238,23.404257246100705,25.76501966860552,28.125782091110338,29.506739581387293,31.246540262773806,33.607302685278626
grid_122.4999999999994600_9.6999999999999318,20.1506052749761,22.774134464974203,24.758757683245122,26.74338090151604,27.90431106226507,29.366910091514146,31.35153330978507
grid_122.4999999999994600_9.7999999999999314,19.8741585266378,22.525597483305567,24.53133362502339,26.53706976674121,27.710350195987267,29.18850872340898,31.194244865126798
grid_122.4999999999994600_9.8999999999999311,19.055946282424237,21.869628301917906,27.148486094721896,38.88817729595259,51.60321294628118,78.91690338701235,154.01634646474605
grid_122.5999999999994543_10.4999999999999289,22.92775824907545,26.11601199970202,28.52783285664374,30.939653713585457,32.350478473353526,34.12790746421203,36.539728321153746
grid_122.5999999999994543_10.5999999999999286,21.67990232466819,24.78808336426055,27.13933155363896,29.49057974301737,30.865971763692254,32.59876078260973,34.95000897198814
grid_122.5999999999994543_10.6999999999999282,20.354019002840474,23.64422172047005,26.13316399377117,28.622106267072297,30.078044163413118,31.912308984701873,34.401251258003
grid_122.5999999999994543_10.8999999999999275,17.504392298253883,21.14913040542379,23.906268347544962,26.663406289666135,28.276228595122518,30.308144396836042,33.06528233895722
grid_122.5999999999994543_10.9999999999999272,18.908262455852174,21.550324882047747,22.268574654384906,22.571929218058468,22.65976316859904,22.722750441651208,22.763751482518018
grid_122.5999999999994543_11.0999999999999268,18.463158265074973,20.255746211588505,20.547098800288328,20.627939141992297,20.644318394601953,20.65328235463727,20.657401433215504
grid_122.5999999999994543_11.1999999999999265,14.76012308595666,18.247464478971295,20.885536403232642,23.52360832749398,25.06678147739217,27.01094972050862,29.649021644769963
grid_122.5999999999994543_11.2999999999999261,14.762393637013318,17.803361427557203,20.10376475683435,22.404168086111497,23.74981777027273,25.445135876655385,27.74553920593253
grid_122.5999999999994543_11.3999999999999257,16.066299403578462,18.923803888844553,21.0854225852908,23.247041281737047,24.511507160015853,26.10454576700314,28.266164463449392
grid_122.5999999999994543_11.4999999999999254,19.677367166368093,23.03779028680458,25.57985224420841,28.121914201612242,29.6089251212033,31.48233732204872,34.02439927945255
grid_122.5999999999994543_12.3999999999999222,33.59044787944414,36.06392600821293,40.27904044264,48.87851826029619,57.607915511093196,75.30171351766334,120.330125306553
grid_122.5999999999994543_12.4999999999999218,35.45112218256827,38.23004384056053,40.33221692299967,42.43439000543881,43.6640824286911,45.21331166343107,47.31548474587021
grid_122.5999999999994543_13.2999999999999190,30.265315377403677,33.969432063684344,36.7714881668919,39.573544270099454,41.21264201539272,43.27766095638012,46.07971705958767
grid_122.5999999999994543_13.3999999999999186,29.429396820537338,33.23356113625889,36.11130034948417,38.98903956270945,40.67240908930104,42.793203878431,45.670943091656284
grid_122.5999999999994543_13.4999999999999183,32.277343267757495,35.1687430202125,36.00453377638357,36.37587794543876,36.48805908041785,36.57118739760247,36.62764373317927
grid_122.5999999999994543_13.9999999999999165,24.013834814766454,26.216104494241897,26.831374934166117,27.097157852622793,27.17558081325569,27.23264503324877,27.270497462496987
grid_122.5999999999994543_14.0999999999999162,24.264092340292333,26.43757187642045,27.08394623828657,27.37795905171123,27.468539844876556,27.536691096517803,27.583896659056627
grid_122.5999999999994543_14.1999999999999158,23.65481525257058,26.46241092861428,28.586275068352474,30.710139208090666,31.95252008646391,33.51773488413437,35.64159902387256
grid_122.5999999999994543_7.7999999999999385,12.91773392299283,13.799284764797902,14.466152233016878,15.133019701235856,15.523112163094815,16.014570543040925,16.681438011259903
grid_122.5999999999994543_7.8999999999999382,11.972207577768556,12.529000358293679,12.950197836945168,13.37139531559666,13.61778004600608,13.928188096121783,14.349385574773272
grid_122.5999999999994543_7.9999999999999378,11.760381191221434,12.46824715449754,13.003727084165288,13.539207013833037,13.852442692577473,14.247072977109143,14.782552906776893
grid_122.5999999999994543_9.4999999999999325,21.80090758426225,24.83883412952191,27.13693684555391,29.435039561585914,30.779343473270075,32.47296610684557,34.771068822877574
grid_122.5999999999994543_9.5999999999999321,18.913340665240085,21.646822917702288,23.71462241680826,25.782421915914234,26.992007081901217,28.515904168376437,30.58370366748241
grid_122.5999999999994543_9.6999999999999318,17.04732095672279,19.55047173022085,21.44403219177632,23.33759265333179,24.445254516189983,25.840743426829846,27.73430388838532
grid_122.5999999999994543_9.7999999999999314,15.695706599407012,18.165200697386418,23.700076109305193,38.15205679467783,55.79306108404638,98.02801497443149,232.22795858448475
grid_122.5999999999994543_9.8999999999999311,16.61901760900647,19.19474196113122,23.551948222170942,32.38304385233134,41.30321395920238,59.30387176995918,104.8443038656137
grid_122.6999999999994486_10.4999999999999289,22.26556291316198,25.25336201369632,27.51354478164704,29.77372754959776,31.09584971362508,32.7615266501321,35.02170941808282
grid_122.6999999999994486_10.5999999999999286,21.27545645769215,24.785902153109156,27.4414518074314,30.097001461753646,31.650398428335187,33.60744715717065,36.2629968114929
grid_122.6999999999994486_10.6999999999999282,20.74561748201425,24.08308088027516,26.60777447833753,29.1324680763999,30.609319157077156,32.46993147466081,34.99462507272318
grid_122.6999999999994486_10.8999999999999275,19.370613291063105,22.8205189768957,25.430271881895077,28.040024786894456,29.566632372467197,31.489930472727046,34.09968337772643
grid_122.6999999999994486_10.9999999999999272,17.474337392308,20.701763940160234,23.143217874254304,25.584671808348375,27.01283080703155,28.812098356200607,31.253552290294678
grid_122.6999999999994486_11.0999999999999268,19.87309049180481,21.763871220655847,22.0745603086778,22.161532087470153,22.179288270093416,22.18906098640047,22.193584476814983
grid_122.6999999999994486_11.1999999999999265,15.980304848792903,19.24565490625729,21.715796867906583,24.18593882955588,25.630879248578513,27.45128888702026,29.92143084866956
grid_122.6999999999994486_11.2999999999999261,18.229258712172832,20.87974589374658,21.70821014340565,22.10090957594454,22.226126254041567,22.322888518728472,22.3922726000974
grid_122.6999999999994486_11.3999999999999257,17.197000865789846,20.31409310321378,22.672082353521326,25.030071603828873,26.40940689236238,28.147163841252812,30.50515309156036
grid_122.6999999999994486_11.4999999999999254,21.078635448816065,24.293140252012673,26.724819263623743,29.15649827523481,30.578939310817972,32.371003078431414,34.80268209004249
grid_122.6999999999994486_11.5999999999999250,24.56404431246189,28.02855526933447,30.64935663536322,33.27015800139196,34.803228522357564,36.73466895826455,39.35547032429329
grid_122.6999999999994486_13.8999999999999169,24.393259496822672,26.55227198881596,27.13964815680477,27.387882806891504,27.459794858360617,27.51138507496727,27.5449848291277
grid_122.6999999999994486_13.9999999999999165,23.159334614778913,25.25746404761516,25.948258849174003,26.29013106396088,26.40312187825074,26.492914381742864,26.559679405660994
grid_122.6999999999994486_14.0999999999999162,22.067062340509253,25.10483585062623,27.402822800041825,29.70080974945742,31.045045942012145,32.7385832595744,35.03657020898999
grid_122.6999999999994486_14.1999999999999158,23.889246455269017,26.44132525221157,28.371898334675645,30.302471417139717,31.43178427528285,32.85455021408227,34.785123296546345
grid_122.6999999999994486_14.2999999999999154,28.91873488513106,31.636812490569174,33.69295882405769,35.74910515754621,36.951873658632294,38.46718276298432,40.52332909647285
grid_122.6999999999994486_7.7999999999999385,11.968282983351727,12.597668673561138,13.07378056848462,13.549892463408103,13.828400068085632,14.179278153617513,14.655390048540996
grid_122.6999999999994486_7.8999999999999382,11.290899383486572,11.958235416111929,12.463055636823116,12.967875857534302,13.263176756256124,13.63521189015966,14.140032110870848
grid_122.6999999999994486_7.9999999999999378,11.125225501657962,11.630694406661666,12.013066872273551,12.395439337885438,12.619112891576682,12.900908242889143,13.28328070850103
grid_122.6999999999994486_9.4999999999999325,19.416302239377448,22.351263545094522,24.57147606426876,26.791688583443005,28.090429650791584,29.72664988916008,31.94686240833432
grid_122.6999999999994486_9.5999999999999321,16.97552185037987,19.362616479222037,21.168383856490436,22.974151233758835,24.030457434486443,25.361245862601002,27.1670132398694
grid_122.6999999999994486_9.6999999999999318,15.386613144931248,17.657080737817182,19.374623168201335,21.09216559858549,22.096863513757697,23.362633191471424,25.080175621855577
grid_122.6999999999994486_9.7999999999999314,14.051306208534491,16.43723411664402,20.783780091119578,30.197989691119965,40.19424144388841,61.28850258405869,117.92740738913201
grid_122.6999999999994486_9.8999999999999311,14.372626511779815,16.778962813416474,21.799783409413106,34.08763153363722,48.38285719691422,81.14130474479714,179.31879199593646
grid_122.7999999999994429_10.4999999999999289,19.763853648604425,23.35834203129398,26.077467524270077,28.796593017246177,30.387179465392123,32.39108139993573,35.11020689291183
grid_122.7999999999994429_10.9999999999999272,19.189157159819516,22.198413042584622,24.47482723969836,26.7512414368121,28.082858378232892,29.76049731957721,32.03691151669095
grid_122.7999999999994429_11.0999999999999268,20.260642564709567,22.78515014301903,23.543186760259204,23.890751230306947,23.998545684295898,24.080068288884377,24.136914726543317
grid_122.7999999999994429_11.1999999999999265,17.254582835950902,20.350816757043763,22.69302730016463,25.0352378432855,26.405343179804937,28.13147176437836,30.473682307499228
grid_122.7999999999994429_11.2999999999999261,17.17776427494977,20.26247200574418,22.595963322499387,24.92945463925459,26.294459555314816,28.014162370049,30.347653686804207
grid_122.7999999999994429_11.3999999999999257,18.398840212945668,21.80039393978429,24.37356999980929,26.94674605983429,28.451957562702326,30.34829978667291,32.921475846697916
grid_122.7999999999994429_11.4999999999999254,22.17072586624027,25.677331087971314,28.32997553610208,30.982619984232848,32.53431751413551,34.48922520596389,37.14186965409465
grid_122.7999999999994429_13.7999999999999172,24.773379269946776,27.118793246060385,27.749640835938518,28.013750940870864,28.089660390909618,28.143788111357495,28.178764297408875
grid_122.7999999999994429_13.8999999999999169,23.86646392700003,25.84884102544229,26.306745676904235,26.475907570258258,26.519662698543456,26.548441910419974,26.565196448079266
grid_122.7999999999994429_13.9999999999999165,21.493813918452986,24.267316849204526,26.365390822727164,28.463464796249802,29.69075939449958,31.236967727001343,33.33504170052398
grid_122.7999999999994429_14.0999999999999162,22.646327634727744,25.40411889276822,27.490307444707163,29.57649599664611,30.796838068964163,32.334287254686586,34.42047580662553
grid_122.7999999999994429_14.1999999999999158,24.722723111966232,27.768078355269896,30.07180066443464,32.37552297359939,33.723114136535514,35.42087821690305,37.724600526067796
grid_122.7999999999994429_7.3999999999999400,16.970935462604647,19.19676285117603,20.88053627060777,22.564309690039515,23.54925400011812,24.790137078610897,26.473910498042635
grid_122.7999999999994429_7.7999999999999385,11.399374521316785,12.011508290405402,12.114278895954136,12.143553154524252,12.149619935832883,12.152996441586318,12.154581866829535
grid_122.7999999999994429_7.8999999999999382,9.979997186585635,10.59056214858782,11.052436712237373,11.514311275886925,11.784490575658861,12.12487623788911,12.586750801538663
grid_122.7999999999994429_7.9999999999999378,10.09731140652444,10.612846407371944,11.002833580533151,11.39282075369436,11.620948625755915,11.908355754541864,12.298342927703072
grid_122.7999999999994429_8.0999999999999375,11.87709097942316,12.889303384506478,13.655012509683642,14.420721634860806,14.868632759549449,15.432934039944124,16.19864316512129
grid_122.7999999999994429_9.3999999999999329,18.95723085914672,21.924987117462866,24.170008060579306,26.41502900369575,27.728282068752513,29.3827852620119,31.62780620512834
grid_122.7999999999994429_9.4999999999999325,17.1930808380695,19.549961648278455,21.332873154073916,23.11578465986938,24.158721032864015,25.472665470078333,27.255576975873797
grid_122.7999999999994429_9.5999999999999321,15.530458563461288,17.864390401704675,19.62994168037861,21.39549295905255,22.42827425017709,23.729424797295934,25.494976075969873
grid_122.7999999999994429_9.6999999999999318,14.641377661470548,16.824145305250088,18.475345285204767,20.126545265159447,21.092435334624458,22.309312908938985,23.960512888893668
grid_122.7999999999994429_9.7999999999999314,14.123775531772145,16.285858598615285,17.921411300161708,19.55696400170813,20.51370100006597,21.719047068551276,23.354599770097696
grid_122.7999999999994429_9.8999999999999311,14.14130073451114,16.428114775152817,18.158022815904857,19.8879308566569,20.89986219019285,22.17474489729858,23.90465293805062
grid_122.7999999999994429_9.9999999999999307,14.85690154604826,17.22742702534929,19.020660324852628,20.81389362435597,21.862867859609892,23.184419103657,24.97765240316034
grid_122.8999999999994373_10.0999999999999304,14.44891311448176,17.706946439397697,20.171553506541954,22.63616057368621,24.07786328697795,25.894193898602154,28.358800965746408
grid_122.8999999999994373_10.1999999999999300,16.242183321111415,20.29048779210088,23.352911903250742,26.41533601440061,28.206739280727597,30.463640485390073,33.52606459653993
grid_122.8999999999994373_10.2999999999999297,17.321625352888542,21.942932594302178,25.43881656808776,28.93470054187334,30.979661573409963,33.55600778328697,37.05189175707255
grid_122.8999999999994373_10.3999999999999293,17.50258727173703,21.566547866698436,24.640815378433018,27.7150828901676,29.513414101717665,31.779043485129005,34.853310996863584
grid_122.8999999999994373_10.4999999999999289,18.98719318601412,23.091827743273896,26.196863919700355,29.301900096126822,31.1182298227189,33.40653465338659,36.51157082981305
grid_122.8999999999994373_10.5999999999999286,19.002159293012333,22.85862848363925,25.775934807290326,28.6932411309414,30.39975593339397,32.54971032156831,35.46701664521939
grid_122.8999999999994373_11.0999999999999268,19.9721191667517,23.367271430931005,25.935604971393808,28.50393851185661,30.00631732237175,31.899090776035912,34.46742431649872
grid_122.8999999999994373_11.1999999999999265,19.02622442251362,22.01280009633072,24.272057377697127,26.531314659063533,27.85289544814411,29.517890332880633,31.777147614247042
grid_122.8999999999994373_11.2999999999999261,18.73967761734969,22.09183125525407,24.62763759061303,27.16344392597199,28.646795541248117,30.51559756387637,33.051403899235325
grid_122.8999999999994373_11.3999999999999257,20.061971474957893,23.699903522421007,26.451892879128863,29.203882235836716,30.813692811894548,32.841814283299826,35.59380364000768
grid_122.8999999999994373_13.5999999999999179,28.22557592187912,30.922421288856036,31.72079387230908,32.08257889047496,32.19368888252961,32.27708199280013,32.334662581659416
grid_122.8999999999994373_13.6999999999999176,27.22794617642873,29.442300797854372,29.89934634484984,30.053344641494746,30.09018613796249,30.113023927938908,30.125341806860945
grid_122.8999999999994373_13.7999999999999172,26.689580955079965,28.152271043895734,28.307252125171516,28.337735631226984,28.342316480584355,28.34432981357852,28.34502850807217
grid_122.8999999999994373_13.8999999999999169,25.47667146369944,27.20593500343454,27.458633703794785,27.522973356875944,27.5350779086271,27.54134817302708,27.54403329999244
grid_122.8999999999994373_13.9999999999999165,22.212857345637474,24.774367587659036,26.71207528290234,28.649782978145645,29.783269317221798,31.21129322016721,33.14900091541051
grid_122.8999999999994373_14.0999999999999162,24.183868603593222,26.8237658272095,28.820770984922866,30.81777614263624,31.9859492736453,33.457673366252514,35.45467852396588
grid_122.8999999999994373_14.1999999999999158,25.977890388663504,28.8890862579468,31.091320918472228,33.293555578997655,34.58178027319342,36.20475144828096,38.406986108806386
grid_122.8999999999994373_7.5999999999999392,13.657932827085878,14.621900335051736,14.88515677156291,14.996763424625811,15.029180541540109,15.052484132087493,15.06770127868738
grid_122.8999999999994373_7.6999999999999389,10.435783721680961,11.17218444351426,11.729250084740414,12.28631572596657,12.612178236524056,13.02271644779987,13.579782089026024
grid_122.8999999999994373_7.7999999999999385,9.299360224205053,9.76626433539298,10.11946366067679,10.4726629859606,10.67927134653164,10.939567097148528,11.292766422432337
grid_122.8999999999994373_7.8999999999999382,9.327454608505512,9.692809551223524,9.786489299750134,9.82419447790865,9.834678690428932,9.84196664756692,9.84652356520973
grid_122.8999999999994373_7.9999999999999378,9.397536357763487,9.812268344381346,10.126000980991353,10.439733617601362,10.623255445270596,10.854465604219222,11.16819824082923
grid_122.8999999999994373_8.0999999999999375,12.322368360760821,12.948330291942911,13.057610923562372,13.08974189287777,13.096584290050096,13.100470580580778,13.102343598268
grid_122.8999999999994373_9.1999999999999336,20.44541730292709,23.38314312923074,25.605446927497436,27.827750725764133,29.127715112960345,30.76547655206778,32.98778035033448
grid_122.8999999999994373_9.2999999999999332,18.23921181793987,21.0652526173101,23.203069954198636,25.340887291087167,26.591430266558525,28.166928090457397,30.30474542734593
grid_122.8999999999994373_9.3999999999999329,16.65479349325604,19.378567944897483,21.439023776175908,23.499479607454333,24.70476900314445,26.22325405909578,28.283709890374205
grid_122.8999999999994373_9.4999999999999325,15.631692740137959,18.326966878168932,20.36586305448526,22.40475923080159,23.597437036810394,25.100033368832563,27.138929545148894
grid_122.8999999999994373_9.5999999999999321,15.008574527014254,17.55639217839706,19.48374182868186,21.411091478966657,22.5385187501613,23.958909130349465,25.886258780634265
grid_122.8999999999994373_9.6999999999999318,14.671465687280053,17.164973619499445,19.051239553223972,20.937505486948496,22.04090032456512,23.43101341916789,25.317279352892413
grid_122.8999999999994373_9.7999999999999314,13.95965748974079,16.2566808782118,17.994311992456883,19.731943106701966,20.748392148621658,22.028966495172973,23.766597609418056
grid_122.8999999999994373_9.8999999999999311,13.373811955188247,15.70128968659003,17.461958621915215,19.2226275572404,20.252552860590274,21.550105288642182,23.310774223967364
grid_122.8999999999994373_9.9999999999999307,13.513836589927783,15.813033687949797,17.552309149992173,19.291584612034548,20.3089955357538,21.59078171005656,23.33005717209894
grid_122.9999999999994316_10.0999999999999304,15.968559888814664,18.498229655438998,19.04403806943171,19.234729634780816,19.281775572899825,19.31162678182219,19.328218318955212
grid_122.9999999999994316_10.1999999999999300,14.418904431523396,17.531472373354497,19.886039126167407,22.240605878980322,23.617939134820656,25.35317382081142,27.707740573624335
grid_122.9999999999994316_10.2999999999999297,15.182153649770674,18.168965368954815,20.428401211748245,22.687837054541678,24.009522295361137,25.67464877372582,27.93408461651925
grid_122.9999999999994316_10.3999999999999293,15.047074989245392,17.973206391710292,20.186739346930693,22.400272302151095,23.69510607506551,25.32640370461599,27.539936659836393
grid_122.9999999999994316_10.4999999999999289,15.40344717287395,18.174313292271407,20.270392595006516,22.366471897741626,23.592599688379416,25.137338017139086,27.233417319874196
grid_122.9999999999994316_10.5999999999999286,16.796523271278325,19.65326648787988,21.814309306812454,23.97535212574503,25.239481137273323,26.832095342346584,28.99313816127916
grid_122.9999999999994316_10.6999999999999282,18.99009834035182,21.90576096072866,24.111374588015455,26.31698821530225,27.607189478344594,29.232650835679088,31.438264462965883
grid_122.9999999999994316_10.7999999999999279,20.76938727368586,23.22707954527286,25.086251977640607,26.94542441000835,28.032970565318024,29.40311668159535,31.262289113963096
grid_122.9999999999994316_11.1999999999999265,21.926193175844503,25.26852802710759,27.79690673710685,30.325285447106108,31.804292180077404,33.667620298369194,36.19599900836845
grid_122.9999999999994316_11.2999999999999261,24.679786620084094,27.76932344944421,28.660988475093376,29.05664464218986,29.17604082286208,29.264441411342226,29.32441321997557
grid_122.9999999999994316_11.3999999999999257,26.72195091107409,30.015128520588735,30.850273737529243,31.18337988894026,31.27529897436368,31.33882249605492,31.378242522920615
grid_122.9999999999994316_12.9999999999999201,37.73038283316083,39.555331856932725,40.08547531797385,40.321986748270135,40.39368086620073,40.44694870856536,40.483249868360204
grid_122.9999999999994316_13.0999999999999197,37.73025905087416,39.65883209536961,40.18622869533339,40.410064997091524,40.47514074778971,40.521955146413596,40.55255314968359
grid_122.9999999999994316_13.5999999999999179,29.07769184154214,31.25103317142713,31.629099020507432,31.739936264590717,31.763480668920526,31.776828345097996,31.783245945292464
grid_122.9999999999994316_13.6999999999999176,27.215221790368616,29.797748819151924,30.428504739869567,30.672433429270534,30.738014299279733,30.782440976406,30.80930919923812
grid_122.9999999999994316_13.7999999999999172,27.868105903437463,30.302406384803607,30.768648782169485,30.916457013881537,30.95002804130457,30.970039221436515,30.98030183983462
grid_122.9999999999994316_13.8999999999999169,24.37978065497729,27.743782764222907,30.288552122144946,32.833321480066985,34.32191612743563,36.1973235893126,38.74209294723464
grid_122.9999999999994316_13.9999999999999165,28.442737422116796,31.10527612829335,31.905930935806968,32.273481261797315,32.38758953245681,32.473954938175844,32.534239587709784
grid_122.9999999999994316_14.0999999999999162,26.00591022286247,28.8820694566664,31.057799925613725,33.23353039456105,34.5062511305717,36.10968962836498,38.28542009731231
grid_122.9999999999994316_7.5999999999999392,11.962901990170014,13.100219109734297,13.960566298029127,14.820913486323956,15.324184329077315,15.95823060588824,16.818577794183067
grid_122.9999999999994316_7.6999999999999389,9.94897977813814,10.623607505769918,11.13394368081676,11.644279855863603,11.942807381027475,12.31890758349538,12.829243758542223
grid_122.9999999999994316_7.7999999999999385,8.719948046137205,9.234848862269482,9.624356293213486,10.01386372415749,10.241710965011967,10.528764540289767,10.918271971233771
grid_122.9999999999994316_7.8999999999999382,8.418535201921918,8.81245227307459,9.110439033985541,9.408425794896493,9.58273687574076,9.802342866049164,10.100329626960116
grid_122.9999999999994316_7.9999999999999378,8.579489975541902,9.058321813683614,9.420544116086917,9.782766418490219,9.99465288232103,10.261598256631931,10.623820559035234
grid_122.9999999999994316_8.0999999999999375,11.338246709798035,12.143433173091237,12.330096420835481,12.39925974646667,12.41719440136796,12.429013222355819,12.435910855009048
grid_122.9999999999994316_8.1999999999999371,13.09540999375697,14.447684191878178,15.470640132788436,16.493596073698694,17.091986939021123,17.8458702718199,18.86882621273016
grid_122.9999999999994316_8.2999999999999368,15.059867238552378,16.581137681794104,17.731934347002543,18.882731012210982,19.55590390731288,20.404001455452708,21.55479812066115
grid_122.9999999999994316_9.0999999999999339,19.11405705360722,21.76474787644073,23.769918076760415,25.7750882770801,26.948037651830646,28.425779099913612,30.4309493002333
grid_122.9999999999994316_9.1999999999999336,16.1011124551454,18.473634523545,24.10262205465786,39.579320663144316,59.20670245570427,107.86987859644043,269.89437742800175
grid_122.9999999999994316_9.2999999999999332,15.683632368799099,18.320748573674145,20.315649971922845,22.31055137017155,23.477493880783243,24.947667575046594,26.942568973295295
grid_122.9999999999994316_9.3999999999999329,14.508505645365492,17.36920139727129,19.533234193737087,21.697266990202884,22.96314502646611,24.557962742108682,26.721995538574475
grid_122.9999999999994316_9.4999999999999325,14.635445959927969,17.393902189141286,19.48059377235358,21.567285355565872,22.78792168231552,24.32574158477919,26.41243316799148
grid_122.9999999999994316_9.5999999999999321,15.399850763598984,18.187740395911277,20.296697489035044,22.405654582158814,23.63931539726611,25.193544214471103,27.302501307594873
grid_122.9999999999994316_9.6999999999999318,15.7713741487187,18.33714332644832,20.278072782182626,22.219002237916936,23.354373186066628,24.784771415646553,26.725700871380866
grid_122.9999999999994316_9.7999999999999314,14.68975066998952,17.18120764234625,19.0659220848281,20.95063652730995,22.05312380072941,23.442093499666676,25.326807942148527
grid_122.9999999999994316_9.8999999999999311,13.458668810514826,15.674700815900653,17.351064314003512,19.027427812106367,20.00803759607428,21.243459817492194,22.919823315595053
grid_122.9999999999994316_9.9999999999999307,12.740408353499891,15.081524423487135,16.852510363676814,18.62349630386649,19.65945666818185,20.964612373853733,22.73559831404341
grid_123.0999999999994259_10.0999999999999304,12.817092039669728,15.178691244435703,16.965172077924002,18.7516529114123,19.796677207260032,21.113252116178277,22.89973294966658
grid_123.0999999999994259_10.1999999999999300,13.717536618685218,16.309699672301896,18.270595324374064,20.231490976446235,21.378541400735614,22.82365403006291,24.78454968213508
grid_123.0999999999994259_10.2999999999999297,13.83248781137209,16.22643091091708,18.037378956278783,19.848327001640484,20.90766369893136,22.242270101185476,24.053218146547177
grid_123.0999999999994259_10.3999999999999293,12.573852046273014,14.810392399719124,16.502269864231806,18.194147328744485,19.183832201299595,20.430687682190595,22.122565146703277
grid_123.0999999999994259_10.4999999999999289,11.998584563756276,14.16617966873087,15.805902066157701,17.445624463584533,18.40480057767182,19.613219568559124,21.252941965985958
grid_123.0999999999994259_10.5999999999999286,13.007356606465242,15.169735032221208,16.805511164159924,18.441287296098636,19.398154992857485,20.6036657218546,22.239441853793316
grid_123.0999999999994259_10.6999999999999282,15.26168587754361,17.457105260162372,19.117875911084823,20.778646562007275,21.75013511509517,22.974065944626034,24.634836595548485
grid_123.0999999999994259_10.7999999999999279,17.944211427291933,20.39644019204235,22.251479641037005,24.106519090031668,25.191647605051976,26.55874785478208,28.41378730377674
grid_123.0999999999994259_11.2999999999999261,29.02064714434076,31.726558681451323,32.266632597482655,32.443693684307675,32.48507704647555,32.51028290071723,32.52357346782503
grid_123.0999999999994259_11.3999999999999257,31.493292671675185,34.79661569691176,35.490274400531725,35.72730858714331,35.78469725203607,35.820595387187375,35.84018451010665
grid_123.0999999999994259_11.4999999999999254,27.412905079950196,32.455824755024935,36.270646222681556,40.085467690338184,42.316995195863356,45.12838736541292,48.94320883306955
grid_123.0999999999994259_12.9999999999999201,37.69803835282954,39.05941793484122,39.36469996749161,39.47477544473844,39.502668516384986,39.52073011451819,39.5310352014943
grid_123.0999999999994259_13.5999999999999179,29.469135213603725,31.408573992319972,31.702226034745163,31.779166043036625,31.79400388425364,31.801832012171356,31.805263885455012
grid_123.0999999999994259_13.6999999999999176,29.30744310287119,31.612740534614225,32.01135234249466,32.12764327890935,32.15224284055526,32.166145091749684,32.17280248745561
grid_123.0999999999994259_7.6999999999999389,9.898141309155646,10.425923078955233,10.825174575190779,11.224426071426327,11.457973225080936,11.752207841225914,12.15145933746146
grid_123.0999999999994259_7.7999999999999385,8.59789945562716,9.050558774434553,9.392982330267944,9.735405886101336,9.935710825627467,10.188065204908728,10.53048876074212
grid_123.0999999999994259_7.8999999999999382,7.941429492647645,8.520309593280903,8.95821548458627,9.396121375891639,9.652279901150154,9.975001476524897,10.412907367830265
grid_123.0999999999994259_7.9999999999999378,8.0330258740012,8.504462297805452,8.861090185228042,9.217718072650632,9.426332013504254,9.689154496454881,10.045782383877473
grid_123.0999999999994259_8.0999999999999375,9.436665581849804,10.383368813171149,11.099522161437804,11.815675509704459,12.23459836320635,12.762378741025804,13.47853208929246
grid_123.0999999999994259_8.1999999999999371,11.674656776779724,12.935894802204633,13.889984536966168,14.844074271727706,15.4021809888862,16.105312297152615,17.05940203191415
grid_123.0999999999994259_8.2999999999999368,13.8579162875258,15.274965114803337,16.34692117108057,17.418877227357804,18.045931322700923,18.83592605463534,19.907882110912574
grid_123.0999999999994259_8.3999999999999364,16.111057489832877,18.25144895148738,19.8705925871606,21.489736222833827,22.43687453298398,23.63012768448833,25.24927132016155
grid_123.0999999999994259_8.4999999999999361,18.118661067034473,20.38946532635982,22.10726243507384,23.82505954378786,24.829906436232783,26.095863803113204,27.81366091182722
grid_123.0999999999994259_9.0999999999999339,15.91959939208858,18.40072756422832,20.277628570974187,22.154529577720055,23.25244628423217,24.63565774985979,26.512558756605657
grid_123.0999999999994259_9.1999999999999336,14.3129667535977,16.71893998235202,18.538988469149125,20.359036955946223,21.42369707021681,22.765010184700543,24.58505867149765
grid_123.0999999999994259_9.2999999999999332,13.243632675346785,15.748598218670907,17.643531500603736,19.538464782536565,20.64692969383574,22.04343032586069,23.93836360779352
grid_123.0999999999994259_9.3999999999999329,12.72185492051282,15.270771357540035,17.198952207077394,19.127133056614753,20.255046548202763,21.676049493641965,23.604230343179324
grid_123.0999999999994259_9.4999999999999325,14.04506703074188,16.494073183135487,18.34667481999099,20.199276456846498,21.282978943181597,22.648282609240102,24.50088424609561
grid_123.0999999999994259_9.5999999999999321,16.0828631850652,19.165930227197904,21.498180410892957,23.830430594588012,25.194709494349645,26.913497636720717,29.245747820415772
grid_123.0999999999994259_9.6999999999999318,17.208985704057138,20.077970613554246,22.24827391567263,24.418577217791015,25.68812326472157,27.28756212728812,29.457865429406503
grid_123.0999999999994259_9.7999999999999314,15.740321879901273,18.424275297236463,20.454607678941294,22.484940060646124,23.672608367943326,25.168893477981314,27.19922585968615
grid_123.0999999999994259_9.8999999999999311,13.704334295392192,16.16400746405701,18.024678387216717,19.885349310376423,20.973772026607065,22.34502247904124,24.205693402200946
grid_123.0999999999994259_9.9999999999999307,12.563802735157626,14.80019544410104,16.491961219859043,18.183726995617043,19.173346534438906,20.420119704560456,22.111885480318456
grid_123.1999999999994202_10.0999999999999304,12.890317023974465,15.03748146746778,16.661748666113155,18.286015864758532,19.236151267117474,20.433180308251842,22.05744750689722
grid_123.1999999999994202_10.1999999999999300,13.878950160456684,16.049023887911225,17.690621290861834,19.332218693812443,20.292491615819785,21.502292421266983,23.14388982421759
grid_123.1999999999994202_10.2999999999999297,14.15111732269565,16.36183421482517,18.03417698496494,19.706519755104708,20.684777563988614,21.917236647234226,23.589579417373997
grid_123.1999999999994202_10.3999999999999293,12.195084596688773,14.173446992575814,15.670020371671454,17.166593750767092,18.04203305711559,19.14495614665413,20.64152952574977
grid_123.1999999999994202_10.4999999999999289,11.089997884639223,13.224421705873473,14.839050995839594,16.453680285805717,17.398177873001924,18.588104107039968,20.20273339700609
grid_123.1999999999994202_10.5999999999999286,11.334061508344535,13.232604979032445,14.668797672137796,16.10499036524315,16.945109234519506,18.00353383593106,19.439726529036413
grid_123.1999999999994202_10.6999999999999282,13.541394196031359,15.613981578183093,17.18183340777019,18.749685237357284,19.666819764352788,20.822272619509015,22.390124449096113
grid_123.1999999999994202_10.7999999999999279,15.900846943068004,18.573561000310495,20.59539113432412,22.617221268337744,23.799916079563744,25.289935325580238,27.311765459593865
grid_123.1999999999994202_10.8999999999999275,19.706482951409146,22.767500971056855,25.08307171313154,27.39864245520623,28.75316450708698,30.459660474853933,32.775231216928624
grid_123.1999999999994202_11.9999999999999236,33.837162990447375,37.09730949575593,39.56351512215676,42.029720748557594,43.47235855906961,45.28986725386615,47.756072880266984
grid_123.1999999999994202_12.8999999999999204,35.99332762558117,38.08445849082047,39.66633792384474,41.24821735686903,42.173557505850276,43.33934822210831,44.9212276551326
grid_123.1999999999994202_13.3999999999999186,34.46105955985634,37.33392202736336,38.059282985635235,38.347557607636816,38.426864110309594,38.48154365504018,38.51537341502305
grid_123.1999999999994202_13.4999999999999183,33.05626235274394,34.82218015303261,35.040033772368915,35.088435358426295,35.096525854437836,35.100368028446375,35.10184011018868
grid_123.1999999999994202_13.5999999999999179,28.40343480816158,30.872868739714953,31.41931859568013,31.614221500268748,31.663156903105005,31.694622951298967,31.71241462443242
grid_123.1999999999994202_13.6999999999999176,29.361005249431198,32.22470039509277,32.98083023784443,33.29260218878354,33.381070629558884,33.443535092495935,33.48338740461198
grid_123.1999999999994202_7.5999999999999392,13.010755071387,14.405744785235484,15.461013766387854,16.516282747540227,17.133575529688585,17.91127246138871,18.96654144254108
grid_123.1999999999994202_7.6999999999999389,10.453161288622185,11.332609578877575,11.99788652824926,12.663163477620948,13.05232554559755,13.542611767876336,14.207888717248021
grid_123.1999999999994202_7.7999999999999385,8.813358358039991,9.434053903067412,9.903591956935848,10.373130010804282,10.647792164978908,10.993825555831702,11.463363609700139
grid_123.1999999999994202_7.8999999999999382,7.915272299121323,8.64528991288074,9.197526919252574,9.749763925624407,10.072801865862438,10.479781539383824,11.032018545755657
grid_123.1999999999994202_7.9999999999999378,7.709128848442242,8.290365122857445,8.730053390822373,9.169741658787302,9.426942807553822,9.750977933202506,10.190666201167435
grid_123.1999999999994202_8.0999999999999375,8.563207902800677,9.259927078962999,9.786974789694714,10.314022500426429,10.622325647295412,11.01074167658875,11.537789387320466
grid_123.1999999999994202_8.1999999999999371,10.24651693886762,11.328266832676682,12.146579037397041,12.964891242117401,13.443573195761266,14.046641135926464,14.864953340646824
grid_123.1999999999994202_8.2999999999999368,12.213450225645545,13.30969267640692,14.138968077240866,14.968243478074815,15.45333849033318,16.064485928836188,16.893761329670138
grid_123.1999999999994202_8.3999999999999364,14.361389725310449,15.72048103628067,16.748593923983556,17.77670681168644,18.378114297500773,19.135798122656663,20.16391101035955
grid_123.1999999999994202_9.1999999999999336,12.787963379181484,15.048495847803068,16.758522646813038,18.468549445823008,19.46885099847207,20.729081914444592,22.43910871345456
grid_123.1999999999994202_9.2999999999999332,10.92456740144036,12.898950526076588,18.703953132689378,38.116239130145246,66.53537880071818,147.0174805912112,467.20457227400345
grid_123.1999999999994202_9.3999999999999329,12.691218792624067,14.954030997073058,16.66578234966217,18.37753370225128,19.37884405407463,20.640345906700272,22.352097259289383
grid_123.1999999999994202_9.9999999999999307,12.65221991268133,14.905932802274943,16.610800788899923,18.3156687755249,19.312952616380493,20.569381665118513,22.274249651743492
grid_123.2999999999994145_10.1999999999999300,15.924704940668091,18.389980254264316,20.25488903646724,22.119797818670165,23.210699523524433,24.585073132266388,26.44998191446931
grid_123.2999999999994145_10.2999999999999297,16.770503579592695,19.663607851331943,21.8521567466376,24.040705641943255,25.320924676691774,26.933809913682502,29.122358808988157
grid_123.2999999999994145_10.3999999999999293,15.68123826989872,18.884994894292095,21.30854322251365,23.732091550735205,25.149776441430262,26.93584817512858,29.359396503350133
grid_123.2999999999994145_10.4999999999999289,14.851534034189903,18.23100289156436,20.787472392776078,23.343941893987797,24.83938068643397,26.723410751362252,29.279880252573967
grid_123.2999999999994145_10.5999999999999286,15.037205779304728,18.845192654932028,21.725823523097187,24.606454391262346,26.291515427558792,28.414441266889646,31.295072135054802
grid_123.2999999999994145_10.6999999999999282,16.167306808911462,19.983228960984793,22.8698626340504,25.756496307116006,27.44506875917836,29.57241845918933,32.45905213225494
grid_123.2999999999994145_10.7999999999999279,17.32820605753671,21.26207975455076,24.237940326868227,27.2138008991857,28.954567741366013,31.147674596199742,34.123535168517215
grid_123.2999999999994145_10.8999999999999275,23.39161266909857,26.10846198292671,26.749162610576043,26.98990982378315,27.053082020749716,27.095090085194748,27.119894206336006
grid_123.2999999999994145_12.0999999999999233,34.180553117477174,36.950749807465115,37.61757485144241,37.872392291753265,37.940213998276434,37.985806206073484,38.01310651968571
grid_123.2999999999994145_12.1999999999999229,32.73327711580764,35.58115879999091,36.49662386218483,36.940768034895754,37.085155133735476,37.198426952029024,37.28125263186968
grid_123.2999999999994145_12.2999999999999226,31.32591824385461,34.96971247248855,37.72613639806101,40.482560323633464,42.09496495618395,44.1263545522674,46.882778477839864
grid_123.2999999999994145_12.3999999999999222,32.97027566633902,36.83179346317586,39.752918909992154,42.67404435680844,44.382793203098295,46.53556215364529,49.45668760046158
grid_123.2999999999994145_12.4999999999999218,34.51507553819168,37.93867580968511,40.5285294369243,43.11838306416349,44.63335031845508,46.541983335656916,49.1318369628961
grid_123.2999999999994145_13.1999999999999194,30.87028074606937,32.84945078938347,33.37399605652732,33.59094940230316,33.65267221988843,33.69633970799389,33.724271611187184
grid_123.2999999999994145_13.2999999999999190,32.1990717945711,34.48047342903175,34.95189831932267,35.110890499369425,35.148957015741196,35.1725684060216,35.18531342204055
grid_123.2999999999994145_13.3999999999999186,29.20719055195581,31.729333804528544,32.362590634240505,32.61310642509715,32.681758794013795,32.728952297013294,32.75803874541784
grid_123.2999999999994145_13.4999999999999183,27.126510605301785,28.830323077864797,29.073338415550488,29.134014476009845,29.14523833447005,29.150980252659753,29.153400087006588
grid_123.2999999999994145_13.5999999999999179,24.434676404037912,26.80251737864733,27.35852252199229,27.566711131788654,27.621177746829023,27.657314729357466,27.678589834735746
grid_123.2999999999994145_13.6999999999999176,26.147776462734434,28.79376534723965,29.475437200552218,29.75087444271768,29.82771333297827,29.881261427407786,29.914852323432342
grid_123.2999999999994145_13.7999999999999172,25.480436763547264,29.059559305606644,31.767060988869034,34.47456267213143,36.05834962747933,38.05368521419081,40.7611868974532
grid_123.2999999999994145_13.9999999999999165,32.65692995775576,36.65060366696865,39.67170120219667,42.692798737424695,44.4600275065542,46.68647244663758,49.7075699818656
grid_123.2999999999994145_7.4999999999999396,16.75188839630668,18.749240631340864,20.260179269197995,21.771117907055128,22.654960351092253,23.768470142089313,25.279408779946444
grid_123.2999999999994145_7.5999999999999392,14.86701680597228,16.15219887453081,17.124401578693806,18.0966042828568,18.665306407891855,19.38178635141533,20.35398905557832
grid_123.2999999999994145_7.6999999999999389,12.665313399680793,13.555305107434991,14.228557844248964,14.901810581062938,15.295638185607002,15.791802288817136,16.46505502563111
grid_123.2999999999994145_7.7999999999999385,10.82957916996947,11.45440484868332,11.927067228074756,12.399729607466195,12.67621937491182,13.024555286180044,13.497217665571482
grid_123.2999999999994145_7.8999999999999382,9.147509714060273,9.703544954317389,10.124169375878301,10.544793797439212,10.790843310939874,11.100829037696327,11.52145345925724
grid_123.2999999999994145_7.9999999999999378,8.00426429214814,8.42881220891182,8.749970310026129,9.071128411140437,9.25899385709512,9.495676327904118,9.816834429018426
grid_123.2999999999994145_8.0999999999999375,8.17958035331999,9.093636727059538,9.785093680939795,10.476550634820052,10.881027023702881,11.390607008559599,12.082063962439857
grid_123.2999999999994145_8.1999999999999371,8.944834595304053,10.051218676892733,10.888165925285204,11.725113173677675,12.214695929069025,12.831497255266354,13.668444503658826
grid_123.2999999999994145_8.2999999999999368,10.05076105681705,11.183012842875707,12.03952825429461,12.896043665713512,13.397073062683322,14.028295451772166,14.88481086319107
grid_123.2999999999994145_8.3999999999999364,11.915672339374387,13.254196086803143,14.266750213313939,15.279304339824735,15.871610533784017,16.61782808725349,17.630382213764285
grid_123.2999999999994145_8.4999999999999361,13.60358852126054,14.73061482364751,15.583177309266667,16.435739794885826,16.93445687849465,17.562766097272792,18.415328582891952
grid_123.2999999999994145_9.2999999999999332,14.035459742759262,16.565937767573708,18.48017049672231,20.39440322587091,21.51415759007596,22.924881250685356,24.839113979833957
grid_123.2999999999994145_9.5999999999999321,16.55755709920041,19.259110544415545,21.302756833244384,23.346403122073227,24.541859565776054,26.047956567288363,28.091602856117206
grid_123.3999999999994088_10.4999999999999289,19.446972407246015,23.69053833655083,26.90067203876736,30.110805740983892,31.988613579081736,34.35437167028871,37.56450537250524
grid_123.3999999999994088_10.5999999999999286,20.230850115700928,25.585499667504607,29.636135683573187,33.68677169964177,36.05624187311243,39.04142125144544,43.09205726751402
grid_123.3999999999994088_10.6999999999999282,19.971436047573878,24.957605185392595,28.729496528880205,32.501387872367815,34.70780286510281,37.487557010186535,41.259448353674145
grid_123.3999999999994088_10.7999999999999279,22.955142535225836,26.407882330064254,27.367497616846585,27.780251568101466,27.90160249920614,27.989657864664675,28.04785787256302
grid_123.3999999999994088_10.8999999999999275,26.014805565258495,28.627960306708385,29.148664107319203,29.31914615439425,29.358946369266942,29.38316708937718,29.395924062255787
grid_123.3999999999994088_12.1999999999999229,30.65597268384522,32.94380423168153,33.587392938950686,33.86699254340917,33.94988581214042,34.01042497205777,34.0507738742406
grid_123.3999999999994088_12.2999999999999226,29.282045299269797,32.711122561967265,35.30511937310974,37.899116184252215,39.416507045760824,41.32819344694968,43.92219025809216
grid_123.3999999999994088_12.3999999999999222,31.607090422667294,35.64652622236267,38.702241442667116,41.75795666297156,43.54543547973255,45.797392462666934,48.85310768297138
grid_123.3999999999994088_12.4999999999999218,34.26867675538646,38.53207936988369,41.75721894516482,44.982358520445956,46.868944231577174,49.24576113494318,52.47090071022431
grid_123.3999999999994088_13.0999999999999197,27.873034512336826,29.951746689309367,30.438098127356056,30.61966673292744,30.66705008743657,30.698427502159298,30.71685497557381
grid_123.3999999999994088_13.1999999999999194,25.790294298071498,27.65269200255087,28.042471114706466,28.175302508303183,28.207388125831788,28.227423395960763,28.238331717672647
grid_123.3999999999994088_13.3999999999999186,22.35934344961806,24.647689448892685,25.2198529948597,25.44542560398775,25.50706414344672,25.549342460892102,25.575325173886988
grid_123.3999999999994088_13.4999999999999183,20.64924540978548,23.036469473908593,23.689436986755414,23.966618902934464,24.04721625175927,24.105203545266157,24.143110028608902
grid_123.3999999999994088_13.5999999999999179,19.936887785312162,22.301369127816553,23.051095729734705,23.4107177225593,23.52652654755982,23.61671076433185,23.682026764272596
grid_123.3999999999994088_13.6999999999999176,19.88721114663611,22.641680084898752,24.725355398946256,26.80903071299376,28.02790263538993,29.563499651256407,31.64717496530391
grid_123.3999999999994088_13.7999999999999172,23.705363087238368,26.857583457322832,29.242146114154068,31.626708770985303,33.02158850585159,34.77892914106977,37.163491797901
grid_123.3999999999994088_13.8999999999999169,27.872856243910913,31.340689831261038,33.96400467021648,36.587319509171934,38.12186031754622,40.055153096522055,42.6784679354775
grid_123.3999999999994088_7.3999999999999400,18.22331706724735,20.213483687438497,21.71898661750575,23.224489547573004,24.10515230638817,25.214656167764147,26.720159097831402
grid_123.3999999999994088_7.4999999999999396,17.787992660780766,19.737217712041474,21.211749540814502,22.686281369587533,23.548827195539545,24.63550642084824,26.11003824962127
grid_123.3999999999994088_7.5999999999999392,16.061612173324157,17.220476037735075,18.097122709284683,18.97376938083429,19.486574810072824,20.13263324524521,21.009279916794814
grid_123.3999999999994088_7.6999999999999389,15.475902355406967,16.573182597575723,17.403243057303115,18.233303517030503,18.718857759302388,19.33058375919926,20.16064421892665
grid_123.3999999999994088_7.7999999999999385,13.307144813106609,14.328936201939541,15.101891548591732,15.874846895243923,16.326996787767378,16.896638284076857,17.669593630729047
grid_123.3999999999994088_7.8999999999999382,10.438841425886936,10.98476527804987,11.3977407297967,11.81071618154353,12.052291334533805,12.356640033706466,12.769615485453295
grid_123.3999999999994088_7.9999999999999378,8.952064910723646,9.246073406368993,9.306879712306328,9.327401745340989,9.332318178541696,9.335369071446015,9.337016859437929
grid_123.3999999999994088_8.0999999999999375,8.522928488237813,8.966635877748972,9.09338426203614,9.14915053046856,9.165859878039617,9.178163617916535,9.186451426603393
grid_123.3999999999994088_8.1999999999999371,9.074462165245793,9.415903379872969,9.460535797466136,9.470923993782097,9.472732097106423,9.473616577227256,9.473968545600084
grid_123.3999999999994088_8.2999999999999368,9.15706431029726,9.688328332224833,9.827038034562289,9.88370566069657,9.899661294356907,9.910859945900086,9.91794975936816
grid_123.3999999999994088_8.3999999999999364,10.015821286981106,10.672479957034875,11.169223064767767,11.66596617250066,11.956542263016091,12.32262484255443,12.819367950287322
grid_123.3999999999994088_8.4999999999999361,12.763204227447627,13.907391764280106,14.772936222604045,15.638480680927984,16.144791731754495,16.782668217760463,17.648212676084402
grid_123.3999999999994088_8.5999999999999357,16.15248105019158,17.615300496658662,18.72188068973015,19.82846088280164,20.475768799789236,21.291280329268723,22.39786052234021
grid_123.3999999999994088_9.4999999999999325,16.66994394962222,19.80539074140691,22.177264676087034,24.54913861076716,25.936595918992975,27.68458540255185,30.056459337231978
grid_123.3999999999994088_9.5999999999999321,16.22218717847515,19.1121156564203,21.298262156462265,23.48440865650423,24.76322238011158,26.374337134449377,28.56048363449134
grid_123.3999999999994088_9.6999999999999318,15.747846681319862,18.60309134078441,20.763000545004655,22.9229097492249,24.186375638656216,25.778154408689446,27.93806361290969
grid_123.3999999999994088_9.7999999999999314,14.396689035891665,17.05758185073885,19.070469560091837,21.08335726944483,22.260821097578834,23.744250084292013,25.757137793645
grid_123.3999999999994088_9.8999999999999311,13.463305974874405,16.21765487187634,18.30123937821564,20.38482388455494,21.603642687847035,23.139172781556876,25.222757287896176
grid_123.3999999999994088_9.9999999999999307,13.898464400973248,16.05716237116194,17.69015434594301,19.323146320724078,20.27838538994959,21.481844290912772,23.114836265693842
grid_123.4999999999994031_10.0999999999999304,17.823827182865063,20.619599699884606,22.734519965088413,24.849440230292224,26.08658927745169,27.645212747311767,29.76013301251557
grid_123.4999999999994031_10.6999999999999282,26.199062542937398,30.318343340051484,31.203895519696548,31.512364122654002,31.588274799782887,31.636348719349527,31.66300260269806
grid_123.4999999999994031_10.7999999999999279,26.286013534920038,29.31101921677774,29.905887463141838,30.098568140664433,30.143140355065743,30.170078329748918,30.184140829212303
grid_123.4999999999994031_12.2999999999999226,28.09851658240632,30.75481653703099,32.76422988174926,34.773643226467534,35.9490746815764,37.429943181092206,39.43935652581048
grid_123.4999999999994031_12.3999999999999222,31.06163014740067,34.64542259155966,37.356456919386964,40.067491247214264,41.65334466716102,43.65128369137325,46.36231801920056
grid_123.4999999999994031_12.4999999999999218,34.42115271814837,38.582537012612406,41.73050270799209,44.87846840337177,46.71991028872549,49.03985269783581,52.187818393215494
grid_123.4999999999994031_12.9999999999999201,25.838568158067716,29.538586016085183,32.3375414754082,35.13649693473123,36.77378091962395,38.836514792748694,41.63547025207171
grid_123.4999999999994031_13.0999999999999197,24.798088834187737,27.501540989684898,28.328291488836342,28.713145061689133,28.834021742252954,28.92633971921728,28.99153739218864
grid_123.4999999999994031_13.1999999999999194,21.332616527686124,23.262028286856367,23.758537070790027,23.958972696749495,24.014845105848515,24.05375879350062,24.07815075100168
grid_123.4999999999994031_13.2999999999999190,20.564461977020045,22.025120489437562,22.22606551597709,22.274798705394968,22.28358903513442,22.288003278748953,22.289819852109872
grid_123.4999999999994031_13.3999999999999186,15.890291709063455,18.70848195397324,20.840360575669315,22.97223919736539,24.219308247146696,25.790429442275176,27.92230806397125
grid_123.4999999999994031_13.4999999999999183,16.358512898884616,19.342126120864215,21.599142393926947,23.856158666989685,25.176428550248804,26.83977188896928,29.096788162032016
grid_123.4999999999994031_13.5999999999999179,19.956873911104243,22.228800720529733,22.79712800382372,23.021275413129455,23.08254460058202,23.124580138071188,23.15042203290424
grid_123.4999999999994031_13.6999999999999176,19.791436192927005,22.551081062141172,24.638671816802685,26.7262625714642,27.947424879793363,29.485907440678368,31.57349819533988
grid_123.4999999999994031_13.7999999999999172,23.6465841807999,26.358084125772557,28.409254651203966,30.460425176635383,31.66028301659727,33.17192512160804,35.22309564703945
grid_123.4999999999994031_13.8999999999999169,27.747494458507862,31.033275561944418,33.5188730132313,36.00447046451819,37.458451765409094,39.29025156795474,41.77584901924163
grid_123.4999999999994031_7.6999999999999389,17.362453721213694,18.53167053157837,19.4161489044087,20.300627277239034,20.818013958043643,21.46984408760371,22.35432246043404
grid_123.4999999999994031_7.8999999999999382,11.202336144957554,11.839761723234773,12.321955558695644,12.804149394156514,13.08621470598003,13.441574972433733,13.923768807894602
grid_123.4999999999994031_7.9999999999999378,9.350825456215551,9.611944651742327,9.658665680432726,9.672679664400983,9.675715472965031,9.677461932402114,9.678317604770571
grid_123.4999999999994031_8.0999999999999375,8.228495051745597,8.77109754535793,9.18156048635365,9.59202342734937,9.832128855767586,10.134625920961703,10.545088861957423
grid_123.4999999999994031_8.1999999999999371,7.982636329137542,8.457488529250837,8.816700351701552,9.17591217415227,9.386037620101645,9.650764374265563,10.009976196716279
grid_123.4999999999994031_8.2999999999999368,8.67640783483277,9.009914856932912,9.093011001778597,9.125676986814007,9.134581442523626,9.14067772325916,9.144415285846565
grid_123.4999999999994031_8.3999999999999364,9.4026852068257,10.136887429154793,10.692289969707993,11.247692510261192,11.572582169290076,11.981894732590286,12.537297273143485
grid_123.4999999999994031_8.4999999999999361,12.344496522453522,13.31955834171214,14.057164133607879,14.79476992550362,15.22624165407736,15.769831744762236,16.507437536657974
grid_123.4999999999994031_8.5999999999999357,15.716833853647241,17.154770292354858,18.24252721670568,19.330284141056495,19.966581151701504,20.76822057976411,21.855977504114932
grid_123.4999999999994031_8.6999999999999353,18.15420950284456,19.957969847763238,21.322461874141098,22.686953900518954,23.485130568483022,24.490714245437633,25.85520627181549
grid_123.4999999999994031_9.1999999999999336,23.35384516437043,25.942735103819615,27.901154740607634,29.859574377395653,31.00517642559259,32.448464316844834,34.40688395363286
grid_123.4999999999994031_9.7999999999999314,16.578778646618126,18.728037339237822,19.214886351012613,19.391886078699084,19.437052734844173,19.466455610986703,19.483347064410808
grid_123.4999999999994031_9.8999999999999311,14.257751374161389,16.91453787433874,18.92431927655921,20.934100678779675,22.10974743372543,23.59088717895703,25.600668581177494
grid_123.4999999999994031_9.9999999999999307,15.367489758938726,17.502948555864226,19.118360774716763,20.733772993569296,21.678728564804786,22.869231790494794,24.484644009347335
grid_123.5999999999993975_10.0999999999999304,20.352977399553247,22.785561793841687,23.51949330793177,23.857338348397718,23.96246464537675,24.04217332075572,24.097939612539065
grid_123.5999999999993975_10.1999999999999300,23.090682050561718,25.833340394099753,26.548410321467514,26.840197781069065,26.922273903592895,26.97983630831315,27.01624307103277
grid_123.5999999999993975_10.2999999999999297,21.69980705404906,24.88355166151933,27.291961483342163,29.700371305164992,31.109200737299872,32.88411591263526,35.292525734458096
grid_123.5999999999993975_12.1999999999999229,28.15514917220561,29.056211211721568,29.144442190608462,29.160737431821303,29.163054442362373,29.164032922675148,29.164355613423616
grid_123.5999999999993975_12.2999999999999226,29.204102983913593,31.064676142179124,31.47890125446436,31.627379225302693,31.66481575478106,31.688965031546065,31.702676068595594
grid_123.5999999999993975_12.9999999999999201,27.036458442326232,29.398999841174827,30.006213269724693,30.25108858458868,30.319290040839974,30.36675920861954,30.39648853155734
grid_123.5999999999993975_13.0999999999999197,24.20348746117675,26.027610912509015,26.3523757808424,26.44939665872966,26.470341468472938,26.482359587287103,26.488228269664397
grid_123.5999999999993975_13.1999999999999194,18.656344438320726,21.43299359202136,23.533447591326993,25.633901590632625,26.862588414716203,28.410550744333264,30.511004743638896
grid_123.5999999999993975_13.2999999999999190,16.306150760500444,18.86848034096255,20.80680784180928,22.745135342656013,23.878984244767906,25.30746492311812,27.24579242396485
grid_123.5999999999993975_13.3999999999999186,16.528491092938008,19.398869937270042,21.57022771038448,23.741585483498916,25.01174835642026,26.611964327830954,28.78332210094539
grid_123.5999999999993975_13.4999999999999183,20.397692049886782,22.98747090567965,23.777042144835875,24.143659679754876,24.258565924674343,24.346180198687343,24.407924612396798
grid_123.5999999999993975_13.7999999999999172,28.504798908807572,31.884274321945927,34.44074878240159,36.99722324285726,38.49266493627517,40.37669865599561,42.93317311645128
grid_123.5999999999993975_13.8999999999999169,31.69297577260261,34.71121983293645,36.99443332390248,39.277646814868504,40.61324108822427,42.295890875202346,44.57910436616838
grid_123.5999999999993975_7.8999999999999382,11.14435664557328,11.690012252227865,12.102784784081102,12.51555731593434,12.757013768396213,13.061212922588924,13.473985454442161
grid_123.5999999999993975_7.9999999999999378,9.308783155594941,9.552252938364996,9.59068360890991,9.60109734456045,9.603164733685539,9.60427915724743,9.604781392858428
grid_123.5999999999993975_8.0999999999999375,8.618500405207536,8.943544252220383,9.009135437834782,9.03083243588416,9.035942315512024,9.039072592088138,9.040735388107917
grid_123.5999999999993975_8.1999999999999371,8.446980551111821,8.777918471872503,8.850851422524915,8.876777634735374,8.883268645966222,8.887433463109538,8.889781821989617
grid_123.5999999999993975_8.2999999999999368,8.64199162926817,9.005970099591691,9.281309183261392,9.556648266931093,9.717711305860792,9.920626737254612,10.195965820924313
grid_123.5999999999993975_8.3999999999999364,10.923211326764198,11.500046909063736,11.652878568345901,11.716073546030168,11.734048428913631,11.746763089207938,11.754894234287049
grid_123.5999999999993975_8.4999999999999361,14.859693717111057,15.789256104982272,16.050159997441643,16.163295194698495,16.196784122762672,16.22121244138322,16.23746830037422
grid_123.5999999999993975_8.5999999999999357,18.517455601971545,19.700337146925463,20.031824419256296,20.175381852163017,20.21783026974582,20.248768290081635,20.269333891291236
grid_123.5999999999993975_9.0999999999999339,24.011381763859237,26.48493162050911,28.356099852893667,30.227268085278226,31.321831333763882,32.70081794192809,34.571986174312656
grid_123.5999999999993975_9.1999999999999336,23.813151460340553,26.610830867708614,28.727193639774853,30.843556411841096,32.08154927142212,33.64123581920916,35.757598591275396
grid_123.5999999999993975_9.8999999999999311,16.95569694520465,19.516684280097977,21.453996411369033,23.391308542640093,24.52456349162584,25.952295877533416,27.889608008804473
grid_123.5999999999993975_9.9999999999999307,17.066198941515854,19.43531142261281,21.227475830238035,23.019640237863264,24.067989211451163,25.38875271896022,27.18091712658544
grid_123.6999999999993918_10.1999999999999300,23.295642397282116,26.00639495673048,26.604943619625566,26.81804962224323,26.87147483711403,26.90578859831477,26.925161833480914
grid_123.6999999999993918_10.2999999999999297,23.159153283989554,26.003271201215448,26.73531705381065,27.030886283769423,27.11328929431363,27.17068708757249,27.206670334959547
grid_123.6999999999993918_10.3999999999999293,22.532173694628224,25.042350461280876,25.768567870161995,26.091457355964994,26.189058491564605,26.261415998700308,26.31058660962457
grid_123.6999999999993918_10.5999999999999286,22.218936248771566,28.1196420244082,32.583353627526385,37.04706523064456,39.65816913250262,42.9477710062812,47.411482609399386
grid_123.6999999999993918_12.0999999999999233,28.214870982580806,31.153633707030163,33.37672188846393,35.599810069897714,36.900233291832855,38.53857279434707,40.76166097578084
grid_123.6999999999993918_12.1999999999999229,26.931369387214303,28.163372384589344,28.38815846204993,28.45666169305656,28.47170432925296,28.48044668576815,28.484786395351207
grid_123.6999999999993918_12.2999999999999226,28.15207302289547,30.36552237068085,30.98275342724568,31.248969456922904,31.32741805528711,31.38444358880225,31.42222120573338
grid_123.6999999999993918_12.4999999999999218,34.35312377534853,38.43181569901925,41.51722703072883,44.60263836243841,46.407488290788635,48.68133028610914,51.76674161781872
grid_123.6999999999993918_12.9999999999999201,25.917430657495657,28.30559942166794,28.978791310517042,29.27174661661326,29.358722542655073,29.422312924304116,29.464755493100785
grid_123.6999999999993918_13.0999999999999197,23.126186253370356,25.580270956748976,26.255066040423724,26.542758803754715,26.626717260367187,26.687292469456004,26.72703462134931
grid_123.6999999999993918_13.1999999999999194,18.244406652270847,21.33402241319092,23.67122651140878,26.00843060962664,27.37560736361589,29.09804637054671,31.435250468764572
grid_123.6999999999993918_13.2999999999999190,16.373650556569597,19.370429709875232,21.63740562550624,23.904381541137248,25.230477441819396,26.90116069444288,29.16813661007389
grid_123.6999999999993918_13.7999999999999172,33.95441749446143,38.49676330352646,41.93291525962212,45.36906721571779,47.379087256813406,49.91141302478282,53.34756498087849
grid_123.6999999999993918_13.8999999999999169,36.25153707317332,40.28479324980307,43.33583376571965,46.386874281636224,48.17161857162835,50.42013045826598,53.471170974182556
grid_123.6999999999993918_7.7999999999999385,13.62777293421704,14.434808896055925,14.6911022536316,14.81419786923231,14.853880973831336,14.884809489360245,14.90723387942734
grid_123.6999999999993918_7.8999999999999382,11.778001156400633,12.302714171460838,12.413800140462568,12.452013728996988,12.461318196807131,12.467163388796818,12.470370693724671
grid_123.6999999999993918_7.9999999999999378,9.54964378504268,9.868460562938097,9.964112081929098,10.007938581766147,10.021523192577003,10.031792336682942,10.038948948409878
grid_123.6999999999993918_8.0999999999999375,8.886058035639177,9.278771121492614,9.391934497065943,9.44208346141611,9.457200473604951,9.468383723027236,9.475962351011859
grid_123.6999999999993918_8.1999999999999371,8.900566499081231,9.310096586680446,9.40097326481409,9.433460559061833,9.4416331579029,9.446895980871128,9.449877364999729
grid_123.6999999999993918_8.2999999999999368,9.440256573100806,9.965081763287433,10.36209669338569,10.759111623483946,10.991350469817856,11.283936813670573,11.68095174376883
grid_123.6999999999993918_8.3999999999999364,12.468609456071766,13.547902840840266,13.89294221932766,14.05957753529505,14.11354367497668,14.155754858203935,14.186501793364833
grid_123.6999999999993918_8.4999999999999361,15.887436972864444,17.372486342839547,18.495882823872535,19.619279304905522,20.276424119751923,21.104328674880627,22.22772515591361
grid_123.6999999999993918_8.5999999999999357,20.94940545595258,22.531586121345626,22.930123180971787,23.088203157234773,23.131621014202857,23.161518829805452,23.179986387404874
grid_123.7999999999993861_10.2999999999999297,23.872136078738027,27.286498321889823,28.144432074713176,28.484044483875657,28.577162830634393,28.641201045599487,28.680690094850476
grid_123.7999999999993861_10.3999999999999293,23.513304295372063,26.5901871035961,27.282013693015283,27.532013507165104,27.595481213360927,27.636636590472197,27.660160733382483
grid_123.7999999999993861_10.4999999999999289,24.85587218518005,28.36451638743936,29.34520471786198,29.768997831601087,29.894082959146253,29.985122711523687,30.045530987608675
grid_123.7999999999993861_10.5999999999999286,26.550608440849096,30.532902944280654,31.70861070975846,32.24018670950421,32.4031351185298,32.52525685752546,32.609419188173206
grid_123.7999999999993861_11.1999999999999265,36.15622225771536,40.35318042723457,41.605626046105534,42.17694487410599,42.35337865021104,42.48636934569545,42.578707012205506
grid_123.7999999999993861_11.8999999999999240,34.08467563373567,36.92080621203518,39.066256172035594,41.211706132036,42.46671390580995,44.04783671033552,46.19328667033592
grid_123.7999999999993861_11.9999999999999236,31.925429647834225,34.687855698906965,36.77755033642666,38.86724497394635,40.08963797485346,41.62967102501909,43.719365662538785
grid_123.7999999999993861_12.0999999999999233,29.01683535040277,31.33104198251007,33.08167171877003,34.83230145503,35.856354203389444,37.1465080871373,38.897137823397266
grid_123.7999999999993861_12.1999999999999229,27.50739328027498,28.724584767343785,29.0316832172429,29.153656933662795,29.187195666788355,29.21031059437447,29.224604361271872
grid_123.7999999999993861_12.8999999999999204,31.841871118349548,33.35286655791546,33.521247441608125,33.55572956097825,33.56109757745291,33.56351808474873,33.56438601490973
grid_123.7999999999993861_12.9999999999999201,28.23251931014346,30.23443393190881,30.615508537457252,30.73571314648084,30.762898157530735,30.77905069038995,30.787300211758673
grid_123.7999999999993861_13.0999999999999197,25.07511784722693,27.582525057392196,28.37762314105241,28.759029494369166,28.881859146317872,28.977514130719367,29.04679554419181
grid_123.7999999999993861_13.7999999999999172,36.83488246325402,41.16234802591692,44.43594935067856,47.709550675440205,49.62448469273686,52.03701623810311,55.31061756286475
grid_123.7999999999993861_7.7999999999999385,13.76393038332193,14.581508180532516,14.776748937485682,14.850871184992025,14.870490823415544,14.883624357354588,14.89144594226859
grid_123.7999999999993861_7.8999999999999382,11.232312152001894,11.885358788030638,12.016168132582733,12.059178817891116,12.069256459942796,12.075406093590958,12.078656518876157
grid_123.7999999999993861_7.9999999999999378,9.605881769084927,10.00993823522229,10.08097896865905,10.101986722477394,10.106482450404236,10.109045305055286,10.110286336756007
grid_123.7999999999993861_8.0999999999999375,9.444330098686352,9.752137997784452,9.813294308276388,9.833269861178517,9.837923874257958,9.840751794335095,9.842238330023568
grid_123.7999999999993861_8.1999999999999371,9.780574000705165,10.160104389417073,10.2625560381399,10.305576137900722,10.317971710030974,10.326827468586034,10.332564120856894
grid_123.7999999999993861_8.2999999999999368,10.897698252251558,11.531863245812596,12.011590544153337,12.49131784249408,12.771940322595682,13.125482836055117,13.60521013439586
grid_123.7999999999993861_8.3999999999999364,13.247964880424977,15.108189025603831,16.51539426798682,17.922599510369814,18.745761807982085,19.78282365554867,21.190028897931658
grid_123.7999999999993861_8.4999999999999361,17.24264219888103,18.719214489324692,19.149233139176502,19.341474559171026,19.399850189885505,19.443280868463603,19.47292967871944
grid_123.7999999999993861_9.5999999999999321,22.69642985887622,26.406683866456838,29.213382674001856,32.02008148154688,33.6618950347795,35.7303354891275,38.537034296672516
grid_123.8999999999993804_10.3999999999999293,27.198848927391207,31.138122373864952,32.12630742790339,32.51694552147556,32.62393137788413,32.697441502099025,32.74271975779507
grid_123.8999999999993804_10.4999999999999289,27.240530890905642,30.77736882120176,31.73417327408189,32.13665565936281,32.252797651126976,32.33586821205094,32.38976026513284
grid_123.8999999999993804_10.5999999999999286,29.33550091878216,32.97765588289704,33.97415572061642,34.39726237849486,34.52031447344698,34.60885973488687,34.66675313409256
grid_123.8999999999993804_10.6999999999999282,33.03152219795983,36.194442033039394,36.76610635039739,36.93898743302387,36.97670172567458,36.998512508527334,37.00927103654185
grid_123.8999999999993804_10.7999999999999279,34.219245951974074,37.911962090526565,38.79424209837215,39.12933429714649,39.218061861289286,39.27747262218056,39.31286648341153
grid_123.8999999999993804_11.8999999999999240,34.60635554448743,37.50034404818561,39.68956183914629,41.878779630106976,43.15938994373059,44.77276813380516,46.96198592476584
grid_123.8999999999993804_11.9999999999999236,36.16521329637677,37.74051643236528,37.98920420596238,38.05659948048275,38.06998037410075,38.077193821538536,38.080444980448114
grid_123.8999999999993804_12.0999999999999233,32.63665555615406,34.16618365320323,34.5228244221852,34.65559637524276,34.690163561909785,34.713012813567516,34.7264006308661
grid_123.8999999999993804_12.1999999999999229,29.32722724998537,30.623326570398355,30.953443412035167,31.08558407930644,31.122157269493897,31.147490554244147,31.163258149876242
grid_123.8999999999993804_12.6999999999999211,29.016636891585843,32.040323929272866,34.327654873657295,36.614985818041724,37.952988647245725,39.63867285572874,41.92600380011317
grid_123.8999999999993804_12.7999999999999208,29.588284168930326,31.829322697487935,32.37023439439125,32.57739568962285,32.63263684194816,32.66982521258063,32.69213460595783
grid_123.8999999999993804_12.9999999999999201,29.702469754750325,31.970353353324214,32.56108986279217,32.8019581219307,32.86966773830471,32.91713101454025,32.94713115767294
grid_123.8999999999993804_13.0999999999999197,30.10573975535663,32.71618823200982,33.43318450627925,33.738590481114905,33.82765006493213,33.89186776297167,33.93396751747912
grid_123.8999999999993804_13.2999999999999190,26.29780819418071,28.96306248337649,29.728506699708497,30.066779339500425,30.168513017922677,30.243638640009127,30.294431515280987
grid_123.8999999999993804_7.6999999999999389,13.03624835745574,14.159217227410814,14.438732334417395,14.548521624487496,14.578428294558641,14.598892417123544,14.61143007321568
grid_123.8999999999993804_7.7999999999999385,10.981881372536362,12.204848104685674,13.129986723706793,14.05512534272791,14.596296742824219,15.278092074877222,16.203230693898337
grid_123.8999999999993804_7.8999999999999382,9.684617629146912,10.70822682538105,11.482557290247488,12.256887755113928,12.709842040226775,13.280496951348066,14.054827416214504
grid_123.8999999999993804_7.9999999999999378,9.023581726877216,9.978096332454506,10.700158757233078,11.42222118201165,11.844600623686906,12.37673578758894,13.098798212367512
grid_123.8999999999993804_9.6999999999999318,19.082568350507373,22.585957317574447,25.236168762975026,27.886380208375606,29.43665452291696,31.38976917544268,34.03998062084327
grid_123.8999999999993804_9.7999999999999314,18.655104962281605,22.223792468125286,24.92340035122104,27.6230082343168,29.20217761257904,31.191695740160476,33.891303623256235
grid_123.8999999999993804_9.8999999999999311,18.605483408178813,22.34590321866511,25.175421575187375,28.00493993170964,29.660102065377316,31.745359742195937,34.5748780987182
grid_123.9999999999993747_10.3999999999999293,28.910861930969396,33.159799305157144,34.4157852835178,34.98424034389912,35.15864293835701,35.28943587998744,35.379651686959285
grid_123.9999999999993747_10.4999999999999289,29.93639027250201,34.62473357481104,36.019352004837216,36.653844394096396,36.84935508043217,36.99647307728927,37.09839314700793
grid_123.9999999999993747_10.5999999999999286,34.98971830890516,37.29837291166244,37.548091994244665,37.59802697849715,37.60564016488515,37.609021484321644,37.61021072150968
grid_123.9999999999993747_10.7999999999999279,36.70386619011812,40.007576692929355,40.62667342794203,40.81948384676745,40.86261660244618,40.88803584919964,40.90088210823118
grid_123.9999999999993747_10.8999999999999275,37.037253118714176,40.80083297937316,41.706045465995246,42.05172923071949,42.1436841045173,42.205472990852144,42.242451287198946
grid_123.9999999999993747_10.9999999999999272,37.031088995675724,41.02506846182259,42.16729130662071,42.67031959000957,42.82116267836337,42.93230258830025,43.00722609958335
grid_123.9999999999993747_11.1999999999999265,37.74062513627917,41.82761376219369,42.85366673582567,43.259538670509855,43.37075770750788,43.44720860429604,43.49432380603692
grid_123.9999999999993747_11.8999999999999240,35.3831064966426,38.774479021161966,41.33995329895038,43.90542757673879,45.4061338258097,47.29680010125816,49.86227437904657
grid_123.9999999999993747_11.9999999999999236,34.981029261051624,37.954466011115066,40.20378408035301,42.45310214959096,43.76886887228967,45.426538899654396,47.67585696889235
grid_123.9999999999993747_12.5999999999999215,29.31863054410866,32.317168886945794,34.58547557808441,36.85378226922303,38.18065662367401,39.85232061206017,42.12062730319879
grid_123.9999999999993747_12.6999999999999211,26.242012065123188,28.846116184906084,30.816044904822412,32.785973624738745,33.93830805498343,35.39007774452164,37.36000646443797
grid_123.9999999999993747_12.7999999999999208,26.14126344172038,27.839336253124987,28.326020005821256,28.54073853815696,28.60522315490616,28.652790228099875,28.684905303844044
grid_123.9999999999993747_12.9999999999999201,32.55132372272614,34.95484578103558,35.60350914795995,35.87583474941088,35.954288493101835,36.01033118164998,36.04662912544205
grid_123.9999999999993747_6.8999999999999417,11.780251368637419,12.960313242713665,13.852995589537375,14.745677936361083,15.26786363430871,15.92573981043733,16.81842215726104
grid_123.9999999999993747_6.9999999999999414,12.429484365374915,13.667477211322844,14.603982646630513,15.540488081938182,16.08830864331471,16.778480927886108,17.71498636319378
grid_123.9999999999993747_7.6999999999999389,11.457588895223793,12.485702140422976,12.76480810153275,12.882554046820973,12.916613672478992,12.94102031798406,12.956892387409951
grid_123.9999999999993747_7.7999999999999385,9.45855268666964,10.352300682566685,11.028394941667214,11.704489200767744,12.099978989294407,12.59823719666479,13.274331455765319
grid_123.9999999999993747_7.8999999999999382,9.030047715257608,9.926774217914254,10.605121630398177,11.283469042882102,11.680276841646425,12.180195545538748,12.85854295802267
grid_123.9999999999993747_7.9999999999999378,9.192930750128875,10.039149458697823,10.679289199915027,11.319428941132232,11.69388668496564,12.16564764970118,12.805787390918384
grid_123.9999999999993747_8.0999999999999375,10.56058395528466,11.359153277494073,11.96324764941788,12.567342021341686,12.920714575813811,13.365911343551101,13.970005715474905
grid_123.9999999999993747_9.6999999999999318,16.707464745455855,20.369184479335804,23.139168526154894,25.909152572973984,27.529489367958988,29.570872306853932,32.34085635367302
grid_123.9999999999993747_9.7999999999999314,16.352256331647627,19.985435205604812,22.733828925360616,25.482222645116423,27.089929908391095,29.115401519073604,31.86379523882941
grid_123.9999999999993747_9.8999999999999311,19.523374553870212,22.768433161124236,23.69474814323171,24.102064712925312,24.224049578783706,24.31383752404468,24.37428892153389
grid_124.0999999999993690_12.6999999999999211,28.8520065639602,30.532541047670975,30.931300919895847,31.0818961002277,31.121581343546882,31.148057211370425,31.1637560241477
grid_124.0999999999993690_12.7999999999999208,26.263750664785267,28.29559414516274,29.83262440288686,31.369654660610976,32.26875972385336,33.40149814098845,34.93852839871257
grid_124.0999999999993690_12.8999999999999204,29.989839908494023,31.582436749958617,32.01177639655461,32.19186144883384,32.24370246479215,32.28071297364643,32.30466598000017
grid_124.0999999999993690_12.9999999999999201,31.74211034305095,34.55734992329353,36.686996453336036,38.81664298337854,40.06240634324435,41.631882563621126,43.76152909366363
grid_124.0999999999993690_13.6999999999999176,33.6307422544881,38.09876774503404,41.47869855051907,44.8586293560041,46.835762132245094,49.326654846550035,52.706585652035066
grid_124.0999999999993690_6.3999999999999435,12.566547832368396,13.979927924739787,15.049108690197247,16.118289455654708,16.743720109939666,17.531669548026102,18.600850313483562
grid_124.0999999999993690_6.4999999999999432,12.635393113851732,14.274580386196147,15.514577689138775,16.7545749920814,17.47992691529821,18.393762264425817,19.633759567368447
grid_124.0999999999993690_6.5999999999999428,12.510551012804445,14.217818706800266,15.509316860594549,16.80081501438883,17.556293004109087,18.50808270838465,19.79958086217893
grid_124.0999999999993690_6.6999999999999424,11.53449968515716,13.181855195620022,14.428031532165186,15.67420786871035,16.403174294875342,17.321563379173213,18.56773971571838
grid_124.0999999999993690_6.7999999999999421,10.403538758046457,11.557595214860479,12.430605222951996,13.303615231043516,13.814293348531326,14.457671687857536,15.330681695949053
grid_124.0999999999993690_6.8999999999999417,9.893323330372613,11.006295786226627,11.848226947352941,12.690158108479254,13.18265626592677,13.803130564333268,14.64506172545958
grid_124.0999999999993690_6.9999999999999414,12.005343620209088,13.175395480378388,13.450584322782955,13.553761228442454,13.580784668833065,13.598729191913066,13.609305374246539
grid_124.0999999999993690_7.0999999999999410,13.039604882370254,14.125383892165788,14.946744005469114,15.768104118772438,16.248568984642965,16.853883128567972,17.675243241871296
grid_124.0999999999993690_7.5999999999999392,12.128065400615847,13.23984196068228,13.508185490466726,13.610956483627424,13.638361009040006,13.65680967162164,13.667877009034745
grid_124.0999999999993690_7.6999999999999389,10.04965885530087,11.03346507948801,11.307351217878114,11.425319214518396,11.46004234871747,11.48526088475152,11.5019483097598
grid_124.0999999999993690_7.7999999999999385,8.855841143566012,9.542529320329706,10.061988872947964,10.581448425566222,10.88531278448929,11.268136602329918,11.787596154948174
grid_124.0999999999993690_7.8999999999999382,8.830425051786822,9.596455038904132,10.175934354065054,10.755413669225977,11.094387338538692,11.521443656343287,12.100922971504207
grid_124.0999999999993690_7.9999999999999378,9.3991758220381,10.129164891232499,10.681380304474473,11.233595717716446,11.556621026783237,11.963584786910845,12.515800200152817
grid_124.0999999999993690_8.0999999999999375,10.668973211686524,11.45297768100461,12.046054167048194,12.63913065309178,12.986058157486749,13.423135122409866,14.01621160845345
grid_124.0999999999993690_8.1999999999999371,12.358500158754381,13.294142266756026,14.001928198245261,14.709714129734497,15.123742358193695,15.645356237736141,16.35314216922538
grid_124.0999999999993690_9.6999999999999318,15.57125569383396,19.117554757177043,21.80022643732259,24.482898117468135,26.052160452099898,28.029197180811217,30.711868860956763
grid_124.0999999999993690_9.7999999999999314,15.167632971324187,18.604550224691923,21.20447775982808,23.804405294964234,25.32526540761127,27.24132254833197,29.841250083468125
grid_124.0999999999993690_9.8999999999999311,18.518053418315393,21.067730636811532,21.780891863185396,22.089258347968574,22.180319655478847,22.246621450128544,22.290636928679433
grid_124.0999999999993690_9.9999999999999307,21.088236741694338,22.985956435282077,23.32013584554818,23.41908352943087,23.440281811398272,23.45237607936353,23.45823873902836
grid_124.1999999999993634_10.0999999999999304,21.170549338528687,25.178387964081082,28.210200844867074,31.242013725653074,33.01551057011626,35.24985235120546,38.28166523199146
grid_124.1999999999993634_13.5999999999999179,29.311604179598987,34.50050535269983,38.42575756056896,42.35100976843809,44.64713511591445,47.539910941538935,51.46516314940807
grid_124.1999999999993634_13.6999999999999176,28.68903258058715,33.32317608734028,36.82877032100243,40.33436455466458,42.385005724101255,44.96850806141771,48.47410229507986
grid_124.1999999999993634_13.7999999999999172,29.640234062271134,34.40687158482588,38.0126936722677,41.61851575970953,43.72778646513508,46.38515328226428,49.990975369706106
grid_124.1999999999993634_13.8999999999999169,31.692395461057398,35.98997062406757,39.24096073437031,42.491950844673056,44.3936581494155,46.78952600768322,50.04051611798597
grid_124.1999999999993634_13.9999999999999165,34.521616799017075,38.75726582782189,41.96141062600452,45.165555424187154,47.03985997800475,49.40120445299197,52.6053492511746
grid_124.1999999999993634_6.2999999999999439,11.07491740772187,12.250833277182068,13.14037929258799,14.029925307993915,14.550276369672304,15.205841177454111,16.095387192860034
grid_124.1999999999993634_6.3999999999999435,10.187273141032335,11.249843712562656,12.053647320065876,12.857450927569095,13.327645895902865,13.920021499099414,14.723825106602634
grid_124.1999999999993634_6.4999999999999432,9.908947004220867,10.906077667149644,11.660377894813493,12.414678122477344,12.855915469946126,13.41180878540612,14.16610901306997
grid_124.1999999999993634_6.5999999999999428,9.745502359499703,11.210115452581713,12.318052486938189,13.425989521294664,14.07409113955341,14.890602614376675,15.99853964873315
grid_124.1999999999993634_6.6999999999999424,9.20226235237305,10.381218290827782,11.273064029650051,12.16490976847232,12.6866060821113,13.343865706927051,14.23571144574932
grid_124.1999999999993634_6.7999999999999421,8.485814601551347,9.468343975979321,10.211598755288398,10.954853534597474,11.389629708975063,11.937382909025448,12.680637688334524
grid_124.1999999999993634_6.8999999999999417,8.37973723094263,9.27445065070147,9.951275224760524,10.628099798819578,11.024016794210695,11.522813218578415,12.199637792637471
grid_124.1999999999993634_6.9999999999999414,9.943325874202575,11.332115056073075,11.696724440672849,11.846357612608804,11.888650215224246,11.918420999439412,11.937340348371189
grid_124.1999999999993634_7.0999999999999410,11.868663273701804,13.279845835688054,13.622400684453453,13.754208092683992,13.789494295953055,13.813320637228333,13.827669800335922
grid_124.1999999999993634_7.1999999999999407,12.844304981959585,14.231997182145758,14.573224928845406,14.70592038230577,14.74176327383148,14.766131560386853,14.780937238922757
grid_124.1999999999993634_7.2999999999999403,12.318033068951447,13.507855604105712,13.768907170208045,13.861368531799489,13.88444624133178,13.899218880905291,13.907523390712132
grid_124.1999999999993634_7.3999999999999400,13.038598052437818,14.283626105615074,14.5716405854329,14.678170485919885,14.705753772428572,14.723910491286915,14.734491605358226
grid_124.1999999999993634_7.4999999999999396,12.38029296095133,13.484955530271343,13.706558126074473,13.779511083905874,13.796622159831013,13.807071973744325,13.812600869988724
grid_124.1999999999993634_7.5999999999999392,10.326990667614202,11.212092317537834,11.42768809495621,11.510880106406496,11.533204821450958,11.548306771652832,11.557423273684726
grid_124.1999999999993634_7.6999999999999389,9.076605315560796,9.989634464931122,10.25702147567046,10.377110493261338,10.413717347298427,10.441033836269952,10.45975423705379
grid_124.1999999999993634_7.7999999999999385,8.47429516039716,9.3226871775203,9.964470963192419,10.606254748864535,10.981674197053586,11.454646765987675,12.096430551659791
grid_124.1999999999993634_7.8999999999999382,8.91510762381457,9.53689877563998,10.00726562405649,10.477632472473,10.75277944037905,11.09942362429841,11.569790472714919
grid_124.1999999999993634_7.9999999999999378,9.54367758620684,10.239843681929761,10.766473003460476,11.293102324991189,11.601160729866882,11.989268420714112,12.515897742244825
grid_124.1999999999993634_8.0999999999999375,11.323751124491068,11.960473549222034,12.105150192909472,12.1578824407289,12.171367490592468,12.180160405440597,12.185222424677688
grid_124.1999999999993634_8.1999999999999371,11.346722481835677,12.449932956179476,13.284479463368886,14.119025970558296,14.607204382371918,15.222236444902094,16.056782952091503
grid_124.1999999999993634_9.6999999999999318,15.20226777729009,18.445016116320964,20.89806053800502,23.351104959689074,24.786043958977466,26.59385329871995,29.046897720404004
grid_124.1999999999993634_9.7999999999999314,14.81371928643915,17.81919229536098,20.09274485888216,22.366297422403335,23.696240415481682,25.371770431325167,27.645322994846346
grid_124.1999999999993634_9.8999999999999311,15.56842143959391,17.946567019612203,19.745564702781138,21.544562385950076,22.596908569488143,23.92270796596837,25.721705649137306
grid_124.1999999999993634_9.9999999999999307,17.446756595867775,20.856505167400407,23.435880388125373,26.015255608850346,27.524093388263804,29.42500418038297,32.00437940110794
grid_124.2999999999993577_10.0999999999999304,25.204205248798477,28.674957108424685,29.609241116409102,30.00064783516238,30.113207169302513,30.193502839300255,30.245417050835158
grid_124.2999999999993577_11.3999999999999257,34.69822987109781,41.7156868805357,47.02418817994702,52.332689479358336,55.43796367454348,59.35014648879623,64.65864778820753
grid_124.2999999999993577_11.7999999999999243,38.0016331419453,41.31592779359039,42.23828492094292,42.63544667237303,42.75232034278672,42.83718682794215,42.89333043915367
grid_124.2999999999993577_12.4999999999999218,36.569683300789414,40.08008651578842,42.735604034915,45.391121554041575,46.9444997227387,48.901524769040584,51.55704228816717
grid_124.2999999999993577_13.5999999999999179,25.92569564539727,30.917472066343862,34.69360515577028,38.469738245196694,40.678634500243476,43.46151466614329,47.2376477555697
grid_124.2999999999993577_13.6999999999999176,25.6092631433487,29.8581122493778,33.07224252050358,36.286372791629354,38.16651847267065,40.53522189765845,43.74935216878423
grid_124.2999999999993577_13.7999999999999172,26.15808042173502,30.850296283292405,34.39982055749825,37.9493448317041,40.025683427514,42.64156069326148,46.19108496746733
grid_124.2999999999993577_13.8999999999999169,28.156869840527147,31.826542939401925,34.6025434745804,37.37854400975887,39.002400224820136,41.04821710863365,43.82421764381212
grid_124.2999999999993577_13.9999999999999165,31.154113769816608,35.72162445341897,39.17681290222151,42.63200135102406,44.65315702649844,47.19951203462642,50.65470048342896
grid_124.2999999999993577_6.1999999999999442,10.795640135147224,11.99061425884032,12.227482457830751,12.304703997609494,12.322666360684137,12.333567511840304,12.339288847973723
grid_124.2999999999993577_6.2999999999999439,9.469813139137132,10.206880560830434,10.333793955105271,10.370693796613953,10.378476625244845,10.382865445147619,10.384961244234463
grid_124.2999999999993577_6.3999999999999435,8.33954372880131,9.157530544980148,9.36521455993849,9.448131458032375,9.471030595245388,9.486865621108667,9.49670009074146
grid_124.2999999999993577_6.4999999999999432,7.549295265045135,8.479540449401005,9.1832437657566,9.886947082112197,10.298587133813335,10.817192266468068,11.520895582823663
grid_124.2999999999993577_6.5999999999999428,7.723025062488016,8.495357006070224,9.079603567263112,9.663850128456001,10.005612457929129,10.436182072038209,11.020428633231097
grid_124.2999999999993577_6.6999999999999424,8.082404939831175,8.853335833412801,9.069513119703267,9.163181053336483,9.190889537060796,9.211091216090418,9.224525739283234
grid_124.2999999999993577_6.7999999999999421,7.750280631072018,8.567696727449652,8.77796052264808,8.862812859450042,8.886459051195951,8.902924370697388,8.913242247508705
grid_124.2999999999993577_6.8999999999999417,7.992575454121242,8.715696781744414,8.917972875674486,9.005440933519495,9.031271714613887,9.050079836350246,9.062566513975433
grid_124.2999999999993577_6.9999999999999414,7.9481321715004585,9.074720168591366,9.926951089053723,10.77918200951608,11.277705139941634,11.905770006606987,12.758000927069343
grid_124.2999999999993577_7.0999999999999410,9.53167521940302,10.983745165534346,11.386433656213955,11.559326920140723,11.610081108216518,11.646866601064017,11.671143132700452
grid_124.2999999999993577_7.1999999999999407,10.750122846922562,11.96175238397419,12.26936089635473,12.392165621685356,12.426079040962772,12.44952976328549,12.464093371815983
grid_124.2999999999993577_7.2999999999999403,10.981352673274115,11.484621171417112,11.516955286875035,11.521230621636748,11.521682590557734,11.521837151091479,11.5218761195417
grid_124.2999999999993577_7.3999999999999400,10.447711349284777,11.47900447605532,11.724776836675579,11.817926343445544,11.84254736028758,11.859010982711135,11.86880205812454
grid_124.2999999999993577_7.4999999999999396,10.299729028952777,10.913401509715644,11.011108472348354,11.037770441705558,11.0430955023649,11.045978843810376,11.047285759246332
grid_124.2999999999993577_7.5999999999999392,8.807143462152965,9.402178040540093,9.525825940634721,9.567718473027382,9.577787637608216,9.584051604870375,9.587445621836293
grid_124.2999999999993577_7.6999999999999389,8.51148793989253,9.163373613365675,9.33985371831888,9.414135133707038,9.435580889276938,9.450925921972368,9.460886015342398
grid_124.2999999999993577_7.7999999999999385,8.324106110978477,9.154151182000037,9.78205603872546,10.409960895450881,10.777261690655944,11.240005966472442,11.867910823197864
grid_124.2999999999993577_7.8999999999999382,8.990197822345245,9.847326668738368,10.4957196106148,11.144112552491233,11.523398109221217,12.001241398884355,12.649634340760787
grid_124.2999999999993577_7.9999999999999378,9.83879553233868,10.5472946744397,11.083253585398007,11.619212496356312,11.93272836119427,12.327711638457332,12.863670549415637
grid_124.2999999999993577_8.0999999999999375,10.696328619095155,11.425190595095367,11.651943153026378,11.759007971449751,11.793036198274535,11.819265450155648,11.838011849173492
grid_124.2999999999993577_8.1999999999999371,10.374039195245256,11.75376351865108,12.79748467772319,13.8412058367953,14.451743576061705,15.220930160201124,16.264651319273234
grid_124.2999999999993577_8.2999999999999368,11.30766139208789,13.344262520047124,14.884891799231,16.425521078414874,17.326731434250508,18.462122206374108,20.002751485557987
grid_124.2999999999993577_8.3999999999999364,15.626179606249247,17.647996557462225,18.189321907995716,18.41509924911736,18.479786034099995,18.52579898559235,18.555437956427635
grid_124.2999999999993577_8.4999999999999361,18.253593618491074,20.25190324815101,20.721538497736237,20.89751049616995,20.943575862881012,20.97415269604766,20.992164858994826
grid_124.2999999999993577_9.6999999999999318,18.12533698530318,20.38162738848865,20.928176399120876,21.138113631015727,21.194234223812586,21.23208643202443,21.25484978790501
grid_124.2999999999993577_9.7999999999999314,15.226781495937239,18.132706538809764,20.330953973077456,22.52920140734515,23.81509372369824,25.43512645021767,27.633373884485366
grid_124.2999999999993577_9.8999999999999311,15.497129797090649,18.78535584704222,21.272802828968835,23.760249810895452,25.215313017854537,27.048475860847024,29.53592284277364
grid_124.2999999999993577_9.9999999999999307,17.828147198916916,21.38950626174585,24.08357039171079,26.77763452167573,28.353561012243187,30.338993584504664,33.03305771446961
grid_124.3999999999993520_10.0999999999999304,23.311512037609013,28.510748139478654,32.443818419154226,36.3768886988298,38.677587325140884,41.576124800699446,45.50919508037502
grid_124.3999999999993520_11.0999999999999268,30.677093921126243,34.5552061615214,35.680135277554285,36.18138786392576,36.333179263480616,36.44586976489132,36.522588377612436
grid_124.3999999999993520_11.1999999999999265,29.411791485258533,35.190618230814394,39.56213190686518,43.93364558291597,46.490817154795366,49.71247232847183,54.083986004522615
grid_124.3999999999993520_11.2999999999999261,35.86197223629438,41.6818163096344,43.23229909597788,43.876332669980556,44.06021866612684,44.190674114311776,44.274418797558965
grid_124.3999999999993520_11.3999999999999257,33.77315721400756,40.54023282996094,45.65932791699741,50.77842300403389,53.77290166757613,57.54549861998727,62.66459370702374
grid_124.3999999999993520_11.4999999999999254,34.185939706289105,40.44522546321096,45.18019235069147,49.91515923817198,52.68493730950444,56.17444499509383,60.90941188257434
grid_124.3999999999993520_12.1999999999999229,31.75015282578838,33.74827169277296,34.131337853513884,34.25287201873932,34.28049386460326,34.296967051507956,34.30542066014432
grid_124.3999999999993520_12.2999999999999226,30.298591701605584,32.84976398553617,34.77965131737926,36.70953864922235,37.838450368967365,39.26071093315294,41.190598264996034
grid_124.3999999999993520_12.3999999999999222,31.300202078915717,33.96827356786567,35.98659173454122,38.00490990121676,39.18555034324623,40.672981390166726,42.69129955684227
grid_124.3999999999993520_12.4999999999999218,32.504802276954386,35.32422960771747,37.4570440487354,39.589858489753325,40.83747495874536,42.4092858205164,44.54210026153433
grid_124.3999999999993520_6.1999999999999442,8.668237022962618,9.683824238598078,10.45208630940458,11.220348380211082,11.669752882359266,12.235935595846541,13.004197666653042
grid_124.3999999999993520_6.2999999999999439,6.808537451626076,7.641986080413132,8.2724656291953,8.90294517797747,9.271752071486635,9.736393806764527,10.366873355546694
grid_124.3999999999993520_6.3999999999999435,6.225145473048472,6.800460082347697,7.235668783580607,7.670877484813518,7.925458255022328,8.246192094112743,8.681400795345652
grid_124.3999999999993520_6.4999999999999432,6.396180418520847,6.917509028686224,7.056555405232683,7.114365941525907,7.130885099569543,7.14261147429743,7.1501449932889525
grid_124.3999999999993520_6.5999999999999428,6.4884999623619555,6.9896407407690155,7.103916456980702,7.145689678134076,7.156398607229451,7.163394484532704,7.167431732185996
grid_124.3999999999993520_6.6999999999999424,6.512503141695604,6.900247648591683,6.993065870995796,7.028373597369944,7.03773491633036,7.044009447826694,7.047752355384017
grid_124.3999999999993520_6.7999999999999421,6.997810696594034,7.515464026271369,7.607981683823362,7.635707066691145,7.641708443698666,7.645158934868611,7.646848221217478
grid_124.3999999999993520_6.8999999999999417,7.292227411370936,7.905066068965922,8.054301077279433,8.11187309842359,8.127319627049989,8.137767144027126,8.144072715751468
grid_124.3999999999993520_6.9999999999999414,8.110847383875429,8.799778240509838,8.965934588311285,9.02952968133532,9.046478721888974,9.057884154569662,9.06472268658065
grid_124.3999999999993520_7.0999999999999410,8.961409591751726,10.028007527914383,10.345825634495121,10.490623943539514,10.535294374657468,10.568938803225992,10.592274569758825
grid_124.3999999999993520_7.1999999999999407,9.710976262095947,10.783870338007954,11.066724499568592,11.183205881387963,11.216223706891896,11.23951747598656,11.254363274126312
grid_124.3999999999993520_7.2999999999999403,9.116459273943766,10.106711998168498,10.30145682320733,10.364538598500964,10.379131697183656,10.387951552995158,10.392555985394154
grid_124.3999999999993520_7.3999999999999400,9.3218865263025,10.16128739173417,10.391177058380727,10.488866517789035,10.517297057966768,10.537765813432536,10.551158035477668
grid_124.3999999999993520_7.4999999999999396,9.292132485512576,9.940425499497906,10.073142622602688,10.117562874012274,10.128129422473819,10.13465146623182,10.138149805329054
grid_124.3999999999993520_7.5999999999999392,8.518537741513985,8.990962354890186,9.099471466552625,9.139372306785175,9.149652625867043,9.156394180164936,9.160303858676537
grid_124.3999999999993520_7.6999999999999389,7.935153612718614,8.849204508433882,9.540657318348742,10.232110128263605,10.636584093082073,11.146161023978872,11.837613833893734
grid_124.3999999999993520_7.7999999999999385,8.352051910931849,9.222798335344114,9.88149257732288,10.540186819301645,10.925498250300171,11.410933243713911,12.069627485692678
grid_124.3999999999993520_7.8999999999999382,8.952772153578678,9.642702401239521,10.164614485814463,10.686526570389404,10.991825568538953,11.376456818050247,11.898368902625188
grid_124.3999999999993520_7.9999999999999378,9.561806069283058,10.345823537500307,10.938909856831506,11.531996176162703,11.878929432662186,12.316013644379952,12.90909996371115
grid_124.3999999999993520_8.0999999999999375,9.434346448350183,10.157271521734222,10.704143228432942,11.251014935131662,11.570914376255793,11.9739400085157,12.520811715214421
grid_124.3999999999993520_8.1999999999999371,9.394108007702437,10.695239211906507,11.67950697142858,12.663774730950657,13.239534460939897,13.964905935154725,14.949173694676798
grid_124.3999999999993520_8.2999999999999368,10.1360141649354,11.931386192449986,13.289532701672613,14.647679210895237,15.442143989275813,16.443051238409822,17.80119774763245
grid_124.3999999999993520_8.3999999999999364,14.303184667779032,16.355464271017507,16.986647490861152,17.28184782152738,17.374929657407794,17.446236541894585,17.496794663538253
grid_124.3999999999993520_8.4999999999999361,19.738718020104614,21.246639845847483,21.483301315913607,21.54713460545513,21.559756719620058,21.566540554349466,21.569586229738576
grid_124.3999999999993520_9.6999999999999318,21.891964018118472,24.157403468747823,24.57181995484716,24.698379388676912,24.726220784653542,24.742423323709716,24.750480273890048
grid_124.3999999999993520_9.7999999999999314,18.381430571983483,21.518138839548786,23.89096704381853,26.26379524808827,27.651810768239592,29.400503515653575,31.77333171992332
grid_124.3999999999993520_9.8999999999999311,19.0671479077416,22.35674852816861,24.84523533251881,27.33372213686902,28.78939360095331,30.623322757296027,33.11180956164623
grid_124.3999999999993520_9.9999999999999307,20.70109001910821,24.567241808925573,27.491872736106814,30.416503663288058,32.12730308413843,34.28265545310542,37.20728638028666
grid_124.4999999999993463_10.8999999999999275,31.417738722413773,36.23871138048972,37.37640871601633,37.80414975370481,37.91644341463674,37.99114363470261,38.03527216544933
grid_124.4999999999993463_10.9999999999999272,28.734950154466294,33.36769704650048,34.69247854489478,35.275860946605285,35.4507888722198,35.579668043963025,35.666544800030245
grid_124.4999999999993463_11.0999999999999268,24.551619027247853,29.62423140374917,33.46151453292992,37.298797662110665,39.543464397331334,42.371410038611984,46.20869316779273
grid_124.4999999999993463_11.1999999999999265,29.746066007239023,34.84995959984029,36.35670843019728,37.037924221442196,37.24673406880227,37.403221511335744,37.51106295714441
grid_124.4999999999993463_11.2999999999999261,29.6648324585829,36.0687021668118,40.913042591223885,45.757383015635966,48.59114050464464,52.16125272386486,57.005593148276944
grid_124.4999999999993463_11.3999999999999257,32.43939863192505,39.68405117765468,45.16441926556261,50.644787353470534,53.85059717504558,57.88943989920016,63.36980798710809
grid_124.4999999999993463_11.4999999999999254,33.93509066131478,40.32938245673713,45.16647746981134,50.003572482885545,52.83309167795926,56.39786427830789,61.2349592913821
grid_124.4999999999993463_11.5999999999999250,39.317324871096645,43.60188437849835,44.89984800150604,45.49934750239893,45.68641760728378,45.82856786283402,45.92830181472803
grid_124.4999999999993463_12.0999999999999233,29.74789449669781,32.273051005772324,33.025965784888214,33.369177452418555,33.47510572323134,33.55491526248002,33.61029588611002
grid_124.4999999999993463_12.1999999999999229,25.415008596516454,28.693254362000673,31.173151550178332,33.65304873835599,35.10369559908376,36.931294503840206,39.411191692017866
grid_124.4999999999993463_12.2999999999999226,25.08059260910499,28.11144632400219,30.404198650410272,32.69695097681835,34.038125111208274,35.727804691715555,38.02055701812363
grid_124.4999999999993463_12.3999999999999222,26.55891976783132,29.503472777538363,31.730941140677995,33.95840950381763,35.261394967797045,36.90296251352467,39.1304308766643
grid_124.4999999999993463_12.4999999999999218,28.01567996262008,31.3063643657792,33.795671020116934,36.28497767445467,37.741128720037885,39.575662077613785,42.064968731951524
grid_124.4999999999993463_6.0999999999999446,9.614970581524974,10.566958557092018,10.837909003610742,10.95676138181433,10.992283469613334,11.018388691579176,11.035928773520428
grid_124.4999999999993463_6.1999999999999442,8.072361106786008,8.339480217649701,8.352539265085312,8.353932043141121,8.35405342159596,8.354089692633531,8.354097399877663
grid_124.4999999999993463_6.2999999999999439,6.325613256270665,6.882368911007632,7.009109306966053,7.055374020093795,7.0672203080418825,7.074952201990632,7.079408998261383
grid_124.4999999999993463_6.3999999999999435,5.900043715837588,6.337185715287845,6.441975479849098,6.4818830123192654,6.492474182006147,6.499578303374433,6.503820141005788
grid_124.4999999999993463_6.4999999999999432,5.090840255646451,5.696987770715493,6.155520664761209,6.6140535588069245,6.882278107170816,7.220201073875967,7.6787339679216835
grid_124.4999999999993463_6.5999999999999428,5.055345142679423,5.612398930380567,6.033793853338618,6.455188776296669,6.70168900422141,7.0122425639978125,7.433637486955864
grid_124.4999999999993463_6.6999999999999424,5.360024625457203,5.919043767968588,6.34192542444705,6.764807080925511,7.012176992208257,7.323826223436896,7.746707879915357
grid_124.4999999999993463_6.7999999999999421,5.853145690075322,6.581334310758466,7.132187737279514,7.683041163800562,8.00526976170913,8.411229784483705,8.962083211004753
grid_124.4999999999993463_6.8999999999999417,6.531784896819072,7.224467782501677,7.7484621573557995,8.272456532209922,8.578973592088408,8.965139417892527,9.48913379274665
grid_124.4999999999993463_6.9999999999999414,7.252375946440628,8.001689047275134,8.568522526140224,9.135356005005315,9.466932334294711,9.88466910583982,10.45150258470491
grid_124.4999999999993463_7.0999999999999410,8.770676282254911,9.436357346824096,9.599207921727952,9.662270411268391,9.679244046279527,9.690752472827581,9.697720254166477
grid_124.4999999999993463_7.1999999999999407,9.342490248141592,10.136737088284827,10.340440306211443,10.422446193434787,10.445252614987124,10.461108353522011,10.471024170650526
grid_124.4999999999993463_7.2999999999999403,8.695741693927273,9.44448863543884,9.645179965629287,9.728960604648579,9.752982589990612,9.770079890238435,9.781101349778357
grid_124.4999999999993463_7.3999999999999400,9.104710861722905,9.713555190457466,9.813534575631298,9.841507350465687,9.847215710861171,9.850356448018026,9.851809573703642
grid_124.4999999999993463_7.4999999999999396,8.908926054706649,9.435792605421263,9.550325624691931,9.590586389917437,9.600570973643288,9.606931338025744,9.610484488731796
grid_124.4999999999993463_7.5999999999999392,8.479144214862103,8.963297510526107,9.101164939985393,9.16166582148599,9.179754408931444,9.19305133893206,9.201988674795086
grid_124.4999999999993463_7.6999999999999389,8.712980116957402,9.428599092565031,9.6458015972622,9.746280659698966,9.777675777496857,9.801556584307566,9.818333765578151
grid_124.4999999999993463_7.7999999999999385,9.069854706359852,9.771999260966528,9.96585987802969,10.048790613373157,10.073061325560401,10.090610762132613,10.102157216193946
grid_124.4999999999993463_7.8999999999999382,9.303549161813681,9.850128106544188,10.030137519474705,10.119245015662912,10.148701451041894,10.172113791905065,10.189525507935214
grid_124.4999999999993463_7.9999999999999378,9.88427124520336,10.235367524421976,10.302188314571795,10.323262867070925,10.328028403569128,10.330859675617651,10.332305503385575
grid_124.4999999999993463_8.0999999999999375,9.108915899135344,9.776984511190674,10.282358906847387,10.787733302504101,11.083358372787893,11.45580191455943,11.961176310216143
grid_124.4999999999993463_8.1999999999999371,8.86447704628619,10.055381395557033,10.956265758236622,11.85715012091621,12.384133690569847,13.048054470187054,13.948938832866641
grid_124.4999999999993463_8.2999999999999368,9.500191027243213,10.947748410667359,12.042783298739305,13.137818186811252,13.778372533314728,14.585375570235396,15.680410458307342
grid_124.4999999999993463_8.3999999999999364,14.684480713802934,16.378665160064422,16.743821258428117,16.87128744767404,16.90271188595529,16.92263999417852,16.93370826691824
grid_124.4999999999993463_8.4999999999999361,18.933891991741447,20.986539834524994,21.383623521191577,21.510533052638035,21.53955783460996,21.556949487569124,21.565928723422537
grid_124.4999999999993463_9.7999999999999314,23.25723854458979,27.07804536605425,29.96837414886904,32.85870293168383,34.5494368843855,36.679509753148295,39.56983853596308
grid_124.4999999999993463_9.8999999999999311,23.49140245771776,27.114544406650268,29.85534548572955,32.59614656480883,34.1994124180063,36.21928851374134,38.96008959282062
grid_124.4999999999993463_9.9999999999999307,24.502256271090655,28.971108238402987,32.3516642494265,35.73222026045001,37.70971875848626,40.201072227762346,43.581628238785854
grid_124.5999999999993406_10.9999999999999272,22.461023146701883,27.403751113112232,31.14278047902604,34.88180984493985,37.06900181309463,39.8245378113502,43.563567177264005
grid_124.5999999999993406_11.0999999999999268,21.15260992002715,25.897469241500033,29.486816755804263,33.07616427010849,35.175797968033166,37.82102359158138,41.4103711058856
grid_124.5999999999993406_11.1999999999999265,23.713952958701704,28.641610350184777,32.36923926626659,36.0968681823484,38.27739131486011,41.024525573831475,44.75215448991329
grid_124.5999999999993406_11.2999999999999261,27.700950072762616,33.80649133140555,38.42515499568237,43.043818659959186,45.74556370700449,49.149359918602116,53.76802358287893
grid_124.5999999999993406_12.0999999999999233,25.287617689461534,28.89025842089212,31.615550927620752,34.34084343434938,35.93503735428199,37.943484165779964,40.6687766725086
grid_124.5999999999993406_12.1999999999999229,22.047905272308327,24.28561608982219,25.978378976221492,27.671141862620793,28.661344673776888,29.90885268013465,31.60161556653395
grid_124.5999999999993406_12.2999999999999226,21.426177177476845,24.43624350490326,26.713270779736156,28.990298054569053,30.322273623465584,32.00036438199547,34.27739165682837
grid_124.5999999999993406_12.3999999999999222,23.133361898932783,26.38398569888969,28.842987676780083,31.30198965467048,32.74041360093551,34.552613454627384,37.01161543251778
grid_124.5999999999993406_12.4999999999999218,25.006285394729158,28.432751606962338,31.02477323467813,33.616794862393924,35.13303031566588,37.043261074627104,39.6352827023429
grid_124.5999999999993406_5.9999999999999449,9.667847811693083,10.352071394780129,10.51757677211815,10.581075274250885,10.598032965645839,10.609461941894565,10.616328332144576
grid_124.5999999999993406_6.0999999999999446,7.509361483630667,7.8240055514421805,7.874515731499528,7.888390780534113,7.891177889988959,7.892693452465765,7.893384165421223
grid_124.5999999999993406_6.1999999999999442,6.1013864530118385,6.49679271684371,6.622947600912214,6.683772552630276,6.703444008322846,6.718814050241776,6.7299940857473475
grid_124.5999999999993406_6.2999999999999439,6.120099470476986,6.656753415081777,6.763928122035831,6.799081968428418,6.807301648955175,6.81230966762906,6.814951360287351
grid_124.5999999999993406_6.3999999999999435,5.106606550564467,5.780453843486012,6.290199642465314,6.799945441444615,7.098127618747652,7.47379273436616,7.983538533345462
grid_124.5999999999993406_6.4999999999999432,5.145430175396106,5.57966078996224,5.662294728714455,5.688354263645646,5.6942465952902666,5.697747112651859,5.699534568633662
grid_124.5999999999993406_6.5999999999999428,5.207272252959148,5.712581467264715,5.858042323158902,5.922449952438416,5.941851487018335,5.956196530584594,5.965910990566071
grid_124.5999999999993406_6.6999999999999424,5.168858281104672,6.003413834204105,6.634730738903481,7.266047643602857,7.635344358923343,8.10060319670229,8.731920101401666
grid_124.5999999999993406_6.7999999999999421,5.820357345996824,6.786313740781522,7.517031544965119,8.247749349148716,8.675191863205423,9.213705743933414,9.944423548117008
grid_124.5999999999993406_6.8999999999999417,6.624295241793122,7.506165789717125,8.173275106278814,8.840384422840502,9.23061835691081,9.722254970764507,10.389364287326195
grid_124.5999999999993406_6.9999999999999414,7.094025913544387,7.728250605142094,8.208023063304235,8.687795521466375,8.968444418370039,9.322020213064082,9.801792671226224
grid_124.5999999999993406_7.0999999999999410,8.279853510600628,8.717164388932595,9.047977297761218,9.37879020658984,9.57230335300907,9.816101084921808,10.146913993750431
grid_124.5999999999993406_7.1999999999999407,9.40687065343823,9.78069392104584,9.831315615355038,9.843437300400137,9.845599798192735,9.846676970569831,9.847115674115608
grid_124.5999999999993406_7.2999999999999403,8.54312355079397,9.078861835166995,9.214394780293592,9.268345634479818,9.283208111336949,9.293466049323332,9.299821099738532
grid_124.5999999999993406_7.3999999999999400,8.670765552295663,9.055915930916068,9.123944692222816,9.144136984427826,9.148472045112433,9.150949228535072,9.152152469019985
grid_124.5999999999993406_7.4999999999999396,8.740333191786362,9.343236578040026,9.48283210736064,9.534503144171136,9.547890383486727,9.556706709781492,9.561847696819965
grid_124.5999999999993406_7.5999999999999392,8.928972087551406,9.437086545684048,9.531839896598768,9.561232592885965,9.567785590966647,9.571637597959981,9.573577926721086
grid_124.5999999999993406_7.6999999999999389,9.029733754814355,9.63111798710556,9.797803449687848,9.869337343173466,9.8903287951828,9.905538514604372,9.915572380944683
grid_124.5999999999993406_7.7999999999999385,8.748044405814042,9.327481140514646,9.76580810923678,10.204135077958913,10.460539917716137,10.783571812659517,11.22189878138165
grid_124.5999999999993406_7.8999999999999382,9.046291512143238,9.350929948800488,9.435552100403886,9.471933977652082,9.48262637786202,9.49038282832265,9.495507531086636
grid_124.5999999999993406_7.9999999999999378,9.472954002716051,9.838699859257673,9.953482750452455,10.00807289137392,10.025528064514226,10.039045951964413,10.048766301163564
grid_124.5999999999993406_8.0999999999999375,8.710467212204682,9.275089854589492,9.702210395085245,10.129330935580999,10.379180435058766,10.69395357796581,11.121074118461562
grid_124.5999999999993406_8.1999999999999371,8.467209452985184,9.410083250169675,10.123339743341365,10.836596236513055,11.253824538414369,11.779470033697548,12.492726526869237
grid_124.5999999999993406_8.2999999999999368,10.225193744281135,11.35827502138994,11.68185171478545,11.82418265861999,11.866820739537875,11.898211800512735,11.919352477207775
grid_124.5999999999993406_8.3999999999999364,14.55827624054253,15.80331218957027,15.983688105181283,16.029295279949267,16.037824140065123,16.04222258153241,16.04409543818467
grid_124.6999999999993349_10.9999999999999272,22.51863891941577,24.901720018722486,25.375862351610046,25.530908918185034,25.56706767613136,25.58905496501169,25.600623812709994
grid_124.6999999999993349_11.0999999999999268,17.923611766891238,21.892082035965153,24.89411390473488,27.896145773504607,29.65222184270475,31.86461604257852,34.86664791134825
grid_124.6999999999993349_11.1999999999999265,20.384949147146354,25.444451580409574,29.27181742037557,33.09918326034156,35.3380487532628,38.15868569360478,41.98605153357078
grid_124.6999999999993349_11.2999999999999261,23.980676431220253,29.532264088152388,33.73187802963925,37.93149197112611,40.38810864440169,43.483079628058235,47.6826935695451
grid_124.6999999999993349_11.9999999999999236,27.144144441617414,29.643051760085402,30.348758009207586,30.656330112259145,30.747762002196666,30.814676084048095,30.859393925717907
grid_124.6999999999993349_12.0999999999999233,22.552247828366625,26.267987627720608,29.078836276542606,31.889684925364605,33.5339259801282,35.60542472471859,38.41627337354059
grid_124.6999999999993349_12.1999999999999229,19.638748792505492,22.639613204264442,24.90967949861508,27.17974579296572,28.50764944931187,30.180610204724665,32.45067649907531
grid_124.6999999999993349_12.2999999999999226,19.708693962590203,22.572958104561245,24.73969028390501,26.906422463248774,28.1738795372707,29.770686605219815,31.937418784563576
grid_124.6999999999993349_12.3999999999999222,21.820152023099986,24.546674873896745,26.60920978887567,28.671744703854596,29.878250285545363,31.398267554651355,33.46080246963028
grid_124.6999999999993349_12.4999999999999218,23.39625199918401,26.924985098986717,29.59436864068637,32.26375218238603,33.82524145432255,35.79248528218873,38.46186882388838
grid_124.6999999999993349_5.9999999999999449,8.793045684539187,9.1578944647944,9.215447787726664,9.23103528057605,9.234128424152196,9.235795232538866,9.23654609445011
grid_124.6999999999993349_6.0999999999999446,6.248893234847681,6.650506407750685,6.95431504488932,7.258123682027957,7.43584034214926,7.65973685493096,7.963545492069596
grid_124.6999999999993349_6.1999999999999442,5.4413033888941085,5.959027723326929,6.350671063411122,6.742314403495315,6.971411071101751,7.260038737928136,7.651682078012328
grid_124.6999999999993349_6.2999999999999439,5.709180471231267,6.157896428825428,6.253236308432866,6.286129976798898,6.294159182042542,6.299212804451589,6.301992547833171
grid_124.6999999999993349_6.3999999999999435,4.689014531480916,5.265295309593037,5.701234889318228,6.13717446904342,6.392182775762798,6.71345524715554,7.149394826880732
grid_124.6999999999993349_6.4999999999999432,4.492929740334949,5.128149518392956,5.608674730403169,6.089199942413382,6.370289172090439,6.7244197204713885,7.2049449324816015
grid_124.6999999999993349_6.5999999999999428,4.761166392531516,5.224493099478835,5.574986222924251,5.925479346369666,6.130504680345864,6.388806053316984,6.739299176762399
grid_124.6999999999993349_6.6999999999999424,4.8727877763377,5.511481580346752,5.994634791538223,6.477788002729694,6.760414513379713,7.116481806738745,7.599635017930217
grid_124.6999999999993349_6.7999999999999421,5.37046409163655,6.0881167159320295,6.6309999688646535,7.173883221797279,7.491449567032383,7.891535846092758,8.434419099025382
grid_124.6999999999993349_6.8999999999999417,5.810102188777843,6.6640170461875465,7.309978699254965,7.955940352322384,8.333803696270673,8.809855209732088,9.455816862799505
grid_124.6999999999993349_6.9999999999999414,6.398156474242597,6.967735742129755,7.398605825071513,7.829475908013271,8.081518749216814,8.399055175900429,8.829925258842186
grid_124.6999999999993349_7.0999999999999410,8.095036719443467,8.558915662991287,8.671040035098963,8.714032246907939,8.725507763612619,8.733238913280802,8.737881364586887
grid_124.6999999999993349_7.1999999999999407,8.097535297171605,8.949495147042382,9.593977893997973,10.238460640953564,10.615458880284345,11.090420490824341,11.734903237779932
grid_124.6999999999993349_7.2999999999999403,8.324477394691499,8.91157825480096,9.039187240381962,9.084039285563957,9.095161403476833,9.102245869723873,9.106203151842502
grid_124.6999999999993349_7.3999999999999400,8.481005572973613,8.762976664522332,8.797519891699451,8.805151592071638,8.806421038645288,8.807021749426529,8.807250855431729
grid_124.6999999999993349_7.4999999999999396,8.331975520379741,8.684059420227644,8.776880139501767,8.815103875900572,8.825938660300904,8.83358243480403,8.838453981413545
grid_124.6999999999993349_7.5999999999999392,8.109100292901347,8.547543832855595,8.879213567124769,9.210883301393944,9.404897658565561,9.649326841348191,9.980996575617365
grid_124.6999999999993349_7.6999999999999389,8.740173129467138,9.143945144323318,9.25132757379094,9.295867536545511,9.308569332655983,9.31757207331358,9.323344355202543
grid_124.6999999999993349_7.7999999999999385,8.705886605610422,9.016574906647909,9.077319995453117,9.09690325848009,9.101415253650798,9.10413392444841,9.105547648251012
grid_124.6999999999993349_7.8999999999999382,8.276724930769038,8.615751368385927,8.713939525237304,8.757634266455256,8.770851795344367,8.780656327568236,8.78732393073067
grid_124.6999999999993349_7.9999999999999378,8.188998895137477,8.470542303513806,8.542174379588113,8.57082223373872,8.578745331047164,8.584230316662774,8.587641686943348
grid_124.6999999999993349_8.0999999999999375,7.600955915305926,8.136734196580846,8.542034820228286,8.947335443875726,9.184421110228376,9.483113725150647,9.888414348798086
grid_124.6999999999993349_8.1999999999999371,7.633675390080699,8.261399737865114,8.736254875759661,9.211110013654208,9.488882462597292,9.838834361438623,10.31368949933317
grid_124.6999999999993349_8.2999999999999368,8.990828943036064,9.675710930449874,9.812285656542784,9.85702879113784,9.867479882704918,9.873842497223459,9.877195377494001
grid_124.6999999999993349_8.3999999999999364,10.845641074435274,12.004520396386898,12.280340352069075,12.384766909277298,12.412343842999519,12.430771379168212,12.44172070806393
grid_124.6999999999993349_8.4999999999999361,12.178385487298447,13.699218961257984,14.081161483162436,14.232287955418716,14.273710284246409,14.302188814289801,14.31974373452114
grid_124.6999999999993349_9.1999999999999336,26.693352914917142,31.18062719242972,34.57511914313974,37.96961109384976,39.95526159401493,42.45688537136233,45.85137732207235
grid_124.7999999999993292_10.2999999999999297,22.42320610683967,25.402136365667253,26.295768145809042,26.70517972905838,26.832071750759603,26.927988233222067,26.994827246863455
grid_124.7999999999993292_10.3999999999999293,21.532731050881377,23.5184794562354,23.940438201688018,24.086031899513177,24.121573129007718,24.143944114524473,24.156250087187807
grid_124.7999999999993292_10.4999999999999289,20.91530426158581,23.850377809333285,24.751004865123726,25.171425331570106,25.303782124791958,25.405051815361556,25.476740081031508
grid_124.7999999999993292_10.5999999999999286,16.453874967573363,19.512324809433157,21.825952800008842,24.139580790584525,25.49296640569014,27.198030632444315,29.511658623020004
grid_124.7999999999993292_10.6999999999999282,18.018959228338566,21.15056448617453,23.519532412605354,25.888500339036177,27.274257741409365,29.020105596872142,31.38907352330297
grid_124.7999999999993292_10.8999999999999275,17.578470476045133,21.44498786621249,24.369895359382014,27.294802852551534,29.005764054134026,31.16132024271889,34.086227735888414
grid_124.7999999999993292_10.9999999999999272,18.705788495632614,21.237348485630214,21.92742415503499,22.21953080342913,22.304266577282856,22.36511989971135,22.404805901019614
grid_124.7999999999993292_11.0999999999999268,15.588066755855614,19.307522061588028,22.12118138248274,24.934840703377446,26.580725895905406,28.654296009109864,31.46795533000457
grid_124.7999999999993292_11.1999999999999265,17.852955264948427,22.279369053892133,25.627821822286364,28.9762745906806,30.93499389562717,33.40268837962431,36.75114114801854
grid_124.7999999999993292_11.2999999999999261,21.691916632305258,26.692630105183127,30.4755238134101,34.25841752163707,36.47126848516385,39.25913099451494,43.04202470274191
grid_124.7999999999993292_11.8999999999999240,27.96092106872233,29.769698721485256,30.135797971739148,30.25719875105316,30.285849913288438,30.303429193237726,30.312786302552308
grid_124.7999999999993292_11.9999999999999236,26.067554881482646,28.0824076709711,28.48289611390271,28.613753556990773,28.64425046557752,28.662785454038925,28.672531430621056
grid_124.7999999999993292_12.0999999999999233,20.351181977292843,23.329124238238784,25.581850594886554,27.834576951534324,29.15233739455946,30.81251921248026,33.06524556912803
grid_124.7999999999993292_12.1999999999999229,17.944611099442753,21.10288574079441,23.492028277038607,25.881170813282807,27.278729605863496,29.03944545463446,31.428587990878658
grid_124.7999999999993292_12.2999999999999226,18.821719738925562,21.197516048521113,22.99473657722013,24.79195710591915,25.843263720734324,27.1677534155147,28.964973944213718
grid_124.7999999999993292_12.3999999999999222,20.919861314403796,23.586754956284125,25.604182116047728,27.621609275811334,28.80172851220943,30.28850291769166,32.305930077455265
grid_124.7999999999993292_12.4999999999999218,23.0335064959789,26.275095000755897,28.727262041697102,31.179429082638315,32.61385484709328,34.42101758741531,36.87318462835652
grid_124.7999999999993292_5.8999999999999453,11.13657734306919,12.119228473445926,12.390828360917387,12.507117971772342,12.541176901393293,12.565818051418054,12.582042461621734
grid_124.7999999999993292_5.9999999999999449,8.257588936897463,8.690791043009138,8.801963049457445,8.846740413836146,8.859198529111143,8.867862583164056,8.873283133783723
grid_124.7999999999993292_6.0999999999999446,5.742468919319925,6.0601703117198085,6.300502137352847,6.540833962985885,6.681419068711068,6.858535355385769,7.098867181018807
grid_124.7999999999993292_6.1999999999999442,5.309652337259192,5.834273106940143,6.231133398895471,6.627993690850801,6.8601420796699175,7.152614460531751,7.549474752487079
grid_124.7999999999993292_6.2999999999999439,5.247076510588561,5.767514191943812,6.161210099737947,6.554906007532082,6.7852033502790245,7.075343688887333,7.469039596681468
grid_124.7999999999993292_6.3999999999999435,4.87057425883453,5.698942136648412,6.325578245690687,6.952214354732961,7.318772980120503,7.780582232546843,8.407218341589116
grid_124.7999999999993292_6.4999999999999432,4.934322992575415,5.462608517536132,5.862241089840097,6.261873662144062,6.495643731008618,6.790159187104779,7.189791759408744
grid_124.7999999999993292_6.5999999999999428,5.2925444986711,5.8205368335486165,6.219947616116563,6.61935839868451,6.852998728870451,7.147350733562027,7.546761516129974
grid_124.7999999999993292_6.6999999999999424,5.049405474302909,5.589179196570301,5.997502254651145,6.40582531273199,6.644678989889069,6.945599034999381,7.353922093080225
grid_124.7999999999993292_6.7999999999999421,5.328093186769388,5.78421220026092,6.129252914090665,6.47429362792041,6.67612950673287,6.930412641411941,7.2754533552416865
grid_124.7999999999993292_6.8999999999999417,5.665421691041546,6.209866944640163,6.621723879752061,7.033580814863957,7.274501677566363,7.5780260684625755,7.989883003574472
grid_124.7999999999993292_6.9999999999999414,6.037402133907553,6.572782649644885,6.97778237527894,7.382782100912996,7.619691753211274,7.918162616650327,8.323162342284382
grid_124.7999999999993292_7.0999999999999410,7.124446893711157,7.9687513085400346,8.607442942445294,9.246134576350554,9.619745231709457,10.090438991179433,10.729130625084693
grid_124.7999999999993292_7.1999999999999407,7.973917466914719,8.910917400619246,9.619730487600627,10.328543574582007,10.743172650486517,11.265543508286534,11.974356595267915
grid_124.7999999999993292_7.2999999999999403,8.396532581603932,8.992133346409709,9.162343904125537,9.237258917737837,9.259712466108596,9.276249659885693,9.287392419195118
grid_124.7999999999993292_7.3999999999999400,8.251471174531613,9.002331101645112,9.57033470941886,10.13833831719261,10.470599128014578,10.889198244306108,11.457201852079855
grid_124.7999999999993292_7.4999999999999396,8.476615048599529,9.062113293870587,9.505025618327196,9.947937942783806,10.207025043698163,10.533436188054864,10.976348512511473
grid_124.7999999999993292_7.5999999999999392,8.26769529286773,8.780381433692098,9.168213527440018,9.55604562118794,9.782912852606646,10.068731762012307,10.456563855760228
grid_124.7999999999993292_7.6999999999999389,8.405451219628631,9.004770836684933,9.458138625276618,9.911506413868304,10.176709569229317,10.510826030924607,10.964193819516293
grid_124.7999999999993292_7.7999999999999385,7.856393948961997,8.417220648696933,8.84146966942958,9.265718690162227,9.513888458258497,9.826545389897165,10.250794410629812
grid_124.7999999999993292_7.8999999999999382,7.151163849732405,7.574376493708479,7.894524499952446,8.214672506196413,8.401947084529775,8.637885150172487,8.958033156416453
grid_124.7999999999993292_7.9999999999999378,7.041479259923639,7.418396208815192,7.5367633258348645,7.593089029730711,7.611107386283771,7.625066393769196,7.635108575215945
grid_124.7999999999993292_8.0999999999999375,6.815262127219868,7.370256624422347,7.790093754254865,8.209930884087383,8.455519861449806,8.764925381289864,9.184762511122381
grid_124.7999999999993292_8.1999999999999371,7.33505620448851,7.973895785889182,8.457159273420327,8.940422760951474,9.22311377912492,9.579262342352145,10.06252582988329
grid_124.7999999999993292_8.2999999999999368,8.474167144498438,9.203074723696286,9.391092188772841,9.467140308030537,9.48837370878374,9.503180762537568,9.512477187886962
grid_124.7999999999993292_8.3999999999999364,9.457675202692128,10.670189973300662,10.983333438195402,11.11011912624134,11.145548915298033,11.170271831750718,11.185806839721423
grid_124.7999999999993292_8.4999999999999361,11.222904592856292,12.420581439105243,12.637529700059307,12.703256947101394,12.717617595874174,12.725932197776284,12.730039613074513
grid_124.7999999999993292_8.5999999999999357,12.637305568570417,14.759063346939588,15.338067169800023,15.583379621697457,15.654595194730039,15.705768906057045,15.73916756458621
grid_124.7999999999993292_8.6999999999999353,10.669864107604166,12.866071737817222,14.52743867502585,16.18880561223448,17.160642970439486,18.385013242447535,20.04638017965616
grid_124.7999999999993292_8.8999999999999346,13.156031623650348,15.78012101396592,17.765168007417678,19.75021500086944,20.911393054207995,22.374304391185014,24.359351384636774
grid_124.7999999999993292_9.1999999999999336,30.36436779680242,34.20943934057824,35.045443875753676,35.33935806935571,35.41225679237941,35.45869879853217,35.48464614169258
grid_124.8999999999993236_10.1999999999999300,22.14262728711813,24.95182596506514,25.65809171463645,25.93779430460694,26.014515512604156,26.06729286295929,26.099850331073284
grid_124.8999999999993236_10.2999999999999297,18.41266712602588,20.83447593888728,21.425110740175576,21.653248560957145,21.71452170293881,21.75599792134252,21.78105660794545
grid_124.8999999999993236_10.3999999999999293,17.03906993531048,19.106208495948366,19.654279705189882,19.881035484464977,19.94556429779333,19.991226340997617,20.02044181650428
grid_124.8999999999993236_10.4999999999999289,14.285214484311352,17.457765322987772,19.85770738560559,22.257649448223404,23.661525558758214,25.430200286899826,27.830142349517644
grid_124.8999999999993236_10.5999999999999286,14.86541089306754,17.788968754290757,20.00055490071601,22.212141047141266,23.505836009914447,25.135698908364482,27.347285054789737
grid_124.8999999999993236_10.6999999999999282,15.829613478219587,18.596461970723325,20.689502056038627,22.78254214135393,24.006892103769587,25.54939063385767,27.64243071917297
grid_124.8999999999993236_10.7999999999999279,17.736658229556244,20.678633130735864,22.90415123006206,25.129669329388253,26.4315139621703,28.071644230567873,30.29716232989407
grid_124.8999999999993236_10.8999999999999275,18.837071043869365,21.32638528423036,22.00680761279265,22.29547973365739,22.379378102631286,22.439718175285705,22.479143915407093
grid_124.8999999999993236_10.9999999999999272,18.616582162685084,20.678970919426725,21.062628023654973,21.18140323336611,21.207838843428963,21.223358531999757,21.23116329156713
grid_124.8999999999993236_11.0999999999999268,18.19677258539816,21.047129252586373,21.804227358401192,22.11793175697909,22.20731568991761,22.270626718264637,22.311184823601955
grid_124.8999999999993236_11.1999999999999265,19.613473563330494,22.92728729785247,23.961719065718228,24.451511731220677,24.60754515766736,24.728035636760005,24.814354644217875
grid_124.8999999999993236_11.2999999999999261,19.96689767561282,24.505292106730025,27.9384549607988,31.371617814867584,33.379889343366635,35.91001224598479,39.343175100053564
grid_124.8999999999993236_11.3999999999999257,22.663017125574292,27.326376666024792,30.85407197599386,34.38176728596294,36.44533675626474,39.04512682641343,42.5728221363825
grid_124.8999999999993236_11.4999999999999254,24.81731684499733,28.634587103698202,31.522240580059282,34.40989405642036,36.099063055168685,38.22716431512124,41.114817791482324
grid_124.8999999999993236_11.7999999999999243,29.291316042086162,31.229454102948516,31.625206821883282,31.75738723244063,31.78877382076726,31.8081206162802,31.818479978701642
grid_124.8999999999993236_11.8999999999999240,25.22386221134798,26.857336619895257,27.18396259461452,27.291206301264985,27.31630372925249,27.33160485325768,27.339682859471193
grid_124.8999999999993236_11.9999999999999236,22.54491474869575,24.71025609822163,25.370320841917017,25.67676527963288,25.772801453638397,25.846021386414066,25.897616017794412
grid_124.8999999999993236_12.0999999999999233,22.05399980613856,23.97104684765768,24.27546937278688,24.358362277912285,24.374887684340397,24.38382343805496,24.387866609920593
grid_124.8999999999993236_12.1999999999999229,17.09399158037458,20.392940487102933,22.888498997045524,25.384057506988114,26.84386565366009,28.683006413716463,31.178564923659053
grid_124.8999999999993236_12.2999999999999226,18.037593627571646,21.254765376110566,23.688461853991264,26.122158331871965,27.545779509569332,29.33933008041089,31.77302655829159
grid_124.8999999999993236_12.3999999999999222,20.64845454935027,23.478141984624223,25.618717895082547,27.759293805540874,29.011450443106042,30.58898124081483,32.729557151273156
grid_124.8999999999993236_12.4999999999999218,23.783553587908234,26.82180634456203,29.120155829987464,31.4185053154129,32.762953577938546,34.45675807206669,36.755107557492124
grid_124.8999999999993236_5.8999999999999453,13.099886345437843,14.373139503899298,14.750770331166951,14.922156890031761,14.974859750625477,15.014454868679243,15.041829284992412
grid_124.8999999999993236_5.9999999999999449,7.920984464777154,8.302717988992988,8.382931575559926,8.410356928926802,8.417000026149836,8.42115693228003,8.423426334753069
grid_124.8999999999993236_6.0999999999999446,6.271573215781139,6.568134330463842,6.597320247142125,6.602732293524035,6.603504558741006,6.603831521904017,6.60393970192601
grid_124.8999999999993236_6.1999999999999442,5.323191969955949,5.85106901922021,6.250392591588372,6.649716163956534,6.88330547944592,7.177593213220795,7.576916785588956
grid_124.8999999999993236_6.2999999999999439,5.377107279302792,6.119372738540243,6.680874882346861,7.242377026153479,7.570834724354887,7.98464248539093,8.546144629197546
grid_124.8999999999993236_6.3999999999999435,5.241172477874669,6.068292671819568,6.693984944450611,7.319677217081654,7.685683733561813,8.146797411026553,8.772489683657597
grid_124.8999999999993236_6.4999999999999432,5.427177053693708,5.960483903002384,6.363914960539683,6.767346018076982,7.003338058362582,7.300652867385658,7.704083924922958
grid_124.8999999999993236_6.5999999999999428,5.49628661682388,6.000753473688879,7.301047861245559,11.156227448053404,16.324527096735473,29.811105672376385,77.89520302296201
grid_124.8999999999993236_6.6999999999999424,5.391144643195745,5.904201441007912,6.292313925942944,6.680426410877976,6.907457660626674,7.193483208690143,7.581595693625174
grid_124.8999999999993236_6.7999999999999421,5.318631151351487,5.895815049052167,6.332437812372634,6.7690605756931,7.024468519196821,7.34624447339378,7.782867236714247
grid_124.8999999999993236_6.8999999999999417,5.741665585594167,6.267998603420429,6.6661541610955295,7.06430971877063,7.297215789464284,7.590642736596892,7.988798294271993
grid_124.8999999999993236_6.9999999999999414,5.89056143199561,6.411916988020153,6.806307241197249,7.200697494374345,7.431401003132869,7.7220530503988885,8.116443303575984
grid_124.8999999999993236_7.0999999999999410,6.996243336505433,7.842083941973819,8.481937659237055,9.12179137650029,9.49608180704632,9.967631981968676,10.607485699231912
grid_124.8999999999993236_7.1999999999999407,8.807681480793452,9.67814558160807,9.922698456358342,10.028828067854313,10.060264293695678,10.08320712628382,10.098484671966293
grid_124.8999999999993236_7.2999999999999403,8.012533766902637,8.834769113289532,9.45676614139336,10.078763169497186,10.442608106497929,10.900998515884082,11.522995543987909
grid_124.8999999999993236_7.3999999999999400,8.64508818807752,9.485647391693716,10.121505882686616,10.757364373679515,11.129317746675502,11.597923577295711,12.233782068288612
grid_124.8999999999993236_7.4999999999999396,8.680762578713766,9.507772974293587,10.13338218766785,10.758991401042113,11.124949330971717,11.586001796621932,12.211611009996195
grid_124.8999999999993236_7.5999999999999392,8.489515793184598,9.202371629259478,9.741626251982069,10.280880874704662,10.596324607337912,10.993736710779542,11.532991333502133
grid_124.8999999999993236_7.6999999999999389,8.393311524657488,9.012567134301353,9.481015919102033,9.949464703902713,10.223489676519506,10.568720313546578,11.037169098347258
grid_124.8999999999993236_7.7999999999999385,7.651123823568077,8.314963760125336,8.817139286256221,9.319314812387105,9.613068663953591,9.983154748944365,10.485330275075249
grid_124.8999999999993236_7.8999999999999382,6.6715199362859865,7.187134781133612,7.577182353949258,7.967229926764903,8.19539313035936,8.482844771612529,8.872892344428173
grid_124.8999999999993236_7.9999999999999378,6.269564164885601,6.76312649430382,7.136491983188655,7.50985747207349,7.728262282134541,8.00341980149171,8.376785290376544
grid_124.8999999999993236_8.0999999999999375,6.690855058704397,7.033520149277851,7.292736283573454,7.5519524178690585,7.703584136013886,7.894617508442512,8.153833642738116
grid_124.8999999999993236_8.1999999999999371,7.3561665097443285,7.843851701441643,8.212771307268515,8.581690913095388,8.797495048284938,9.069376104792703,9.438295710619576
grid_124.8999999999993236_8.2999999999999368,8.435069347516473,9.135514300068113,9.32270691923437,9.400663006917,9.422969459551418,9.438820870617164,9.449018489176341
grid_124.8999999999993236_8.3999999999999364,8.841182550937067,9.772656078758214,9.965679867223493,10.030929442393582,10.046582478798806,10.056305974532856,10.061564604247316
grid_124.8999999999993236_8.4999999999999361,9.618464402092599,10.840863523108446,11.098977754788152,11.187579162913575,11.209113141331134,11.222622452844258,11.230021977026237
grid_124.8999999999993236_8.5999999999999357,10.119270884634492,11.65912895320848,12.098720667562903,12.292028684936643,12.349924386319536,12.392540698446114,12.421234413297874
grid_124.8999999999993236_8.6999999999999353,8.268238448284675,10.172203497125896,11.612497455779867,13.052791414433838,13.895309370261636,14.956756463275056,16.397050421929027
grid_124.8999999999993236_8.7999999999999350,8.278790590454399,10.203626174135566,11.659708082921368,13.115789991707167,13.967543306325343,15.040625575388336,16.496707484174138
grid_124.8999999999993236_8.8999999999999346,11.175387045043873,13.581228140978574,15.401176673156261,17.221125205333948,18.285726849900406,19.62696630126865,21.446914833446336
grid_124.9999999999993179_10.3999999999999293,16.830266280548507,18.781295722392343,19.29684659053796,19.509557927109366,19.56994944190574,19.612607445381105,19.639837823082004
grid_124.9999999999993179_10.4999999999999289,14.287659266071588,17.050823030887024,19.141075727309882,21.231328423732734,22.454047868171386,23.994492188548172,26.08474488497103
grid_124.9999999999993179_10.5999999999999286,15.533885782641356,18.17392340368956,20.17103476796021,22.168146132230863,23.336381390093266,24.808183753279067,26.80529511754972
grid_124.9999999999993179_10.6999999999999282,17.983045935234777,20.66327203571877,22.690784811073144,24.718297586427518,25.904316529742903,27.398523686911513,29.426036462265884
grid_124.9999999999993179_10.8999999999999275,24.80995082683354,27.23407112947529,27.656854793412123,27.781062601388953,27.807494800950533,27.822499801552134,27.829726741275042
grid_124.9999999999993179_10.9999999999999272,23.655207727971266,26.386142089471143,27.04627670827909,27.29940664948377,27.36697509212693,27.412497942400876,27.439834914901134
grid_124.9999999999993179_11.0999999999999268,23.764123398565822,26.12573566330962,26.50665844710942,26.611701402332063,26.63287172752473,26.644412071179573,26.64968822900758
grid_124.9999999999993179_11.1999999999999265,22.855749023512537,26.025981279051642,26.748455314952366,27.0124230254597,27.080065037253902,27.124239759645015,27.149722021106125
grid_124.9999999999993179_11.3999999999999257,20.73784891808249,25.21965797991007,28.61001565455308,32.00037332919609,33.98360543289442,36.48218239102367,39.87254006566667
grid_124.9999999999993179_11.4999999999999254,22.629642840224403,26.541359767977404,29.50045939138491,32.45955901479242,34.19052133038391,36.371275942545424,39.33037556595293
grid_124.9999999999993179_11.6999999999999247,27.47960016833504,29.77904989029958,30.37012343952314,30.60851504761191,30.674916585296742,30.721136132817335,30.750085382680865
grid_124.9999999999993179_11.7999999999999243,25.571234684078625,27.325805441248033,27.670306071787838,27.781750169552602,27.807502343997044,27.82305344321398,27.83116312118596
grid_124.9999999999993179_11.8999999999999240,22.44797505535263,24.021802061836745,24.32555431322107,24.422451973307332,24.444577298715288,24.45781876171106,24.464644633650988
grid_124.9999999999993179_11.9999999999999236,20.85913515082067,22.891059033292073,23.434277257660494,23.660565004731012,23.725330964238104,23.77136354072039,23.800984622741222
grid_124.9999999999993179_12.0999999999999233,20.0019857650844,22.100389838625624,22.63793761722618,22.85413031174795,22.91420575956748,22.95594581282243,22.982027870668098
grid_124.9999999999993179_12.1999999999999229,19.538301581120134,21.561859932008115,22.058217080717785,22.250847559646253,22.302790803583964,22.33805893848137,22.359450953846107
grid_124.9999999999993179_12.2999999999999226,20.196981530333687,22.18467304954684,22.740497732543293,22.980780956987363,23.051724285793966,23.10337094734425,23.137651187446913
grid_124.9999999999993179_12.3999999999999222,20.911739831122585,23.911993065479916,26.181597021974213,28.451200978468513,29.77883418450605,31.451454212825844,33.721058169320145
grid_124.9999999999993179_12.4999999999999218,23.862576512758338,27.32104689245349,29.93727873824828,32.55351058404307,34.083908107025515,36.011980963738225,38.62821280953301
grid_124.9999999999993179_5.8999999999999453,12.016776446847958,13.294862355864941,14.261697022561306,15.228531689257672,15.794093713672282,16.506617598274655,17.473452264971016
grid_124.9999999999993179_5.9999999999999449,8.447547121810691,8.931456439537229,9.006583576786385,9.026670057268952,9.030611930442662,9.032718654349562,9.033657701742108
grid_124.9999999999993179_6.0999999999999446,6.440908198830487,6.816328041798592,6.900862897977248,6.931447012151315,6.939219274808218,6.944263038321734,6.947148876535645
grid_124.9999999999993179_6.1999999999999442,5.7763618632369536,6.382380062658911,6.840815133193966,7.29925020372902,7.567417529007486,7.905268403150979,8.363703473686034
grid_124.9999999999993179_6.2999999999999439,5.5773978577478225,6.14809592203992,6.579812341790212,7.011528761540504,7.2640666780400185,7.582226825832601,8.013943245582892
grid_124.9999999999993179_6.3999999999999435,5.289314111395236,5.919471472641154,6.396167114168929,6.872862755696701,7.151711830247663,7.50302011694262,7.979715758470393
grid_124.9999999999993179_6.4999999999999432,5.311963881005631,5.829155363769527,6.220395617126849,6.611635870484173,6.840496747470851,7.128827353248068,7.520067606605391
grid_124.9999999999993179_6.5999999999999428,5.376557936543734,5.937302743602329,6.361489814916805,6.78567688623128,7.0338104162409785,7.346421693289875,7.770608764604351
grid_124.9999999999993179_6.6999999999999424,5.115833735514523,5.695672342814519,6.134303316422355,6.572934290030192,6.829516961245586,7.152772897330188,7.591403870938024
grid_124.9999999999993179_6.7999999999999421,4.967950147557007,5.670528876322055,6.202009167483363,6.733489458644669,7.044385498846396,7.436068187409718,7.967548478571025
grid_124.9999999999993179_6.8999999999999417,5.11044197914766,5.717743152585627,6.177148755497572,6.636554358409517,6.905289408734198,7.243855531847483,7.703261134759428
grid_124.9999999999993179_6.9999999999999414,5.497008765572764,6.155452446731366,6.653545863238037,7.151639279744709,7.443005250257196,7.81008296090331,8.308176377409982
grid_124.9999999999993179_7.0999999999999410,6.514782802722353,7.445185993173549,8.149008836526065,8.85283167987858,9.26454165039074,9.783234870329776,10.48705771368229
grid_124.9999999999993179_7.1999999999999407,7.318175096548529,8.128938916852857,8.742258070473998,9.35557722409514,9.714345929937545,10.166341044399466,10.779660198020608
grid_124.9999999999993179_7.2999999999999403,7.623632923333594,8.222889996780797,8.676210472958637,9.129530949136477,9.394706428509572,9.72878802258368,10.182108498761519
grid_124.9999999999993179_7.3999999999999400,8.639468643346994,9.16427327421978,9.293114267928676,9.343151712481284,9.356652555886566,9.365823511486914,9.3713895010785
grid_124.9999999999993179_7.4999999999999396,8.373864448542603,9.01512052825873,9.500212026197403,9.985303524136075,10.269063859848854,10.626559603852204,11.111651101790876
grid_124.9999999999993179_7.5999999999999392,8.218247136288378,8.666945539152284,9.006372777743607,9.34580001633493,9.544352222634187,9.794498419198835,10.133925657790158
grid_124.9999999999993179_7.6999999999999389,8.434231966533162,8.934849170783348,9.31355146645764,9.692253762131932,9.913780404038409,10.19287096638212,10.571573262056411
grid_124.9999999999993179_7.7999999999999385,7.7011193532667495,8.310911750242555,8.772201891010587,9.233492031778617,9.503329466080299,9.843284428754425,10.304574569522455
grid_124.9999999999993179_7.8999999999999382,6.643217279687897,7.291023672226548,7.781070290529073,8.271116908831598,8.55777580414379,8.91892330137025,9.408969919672774
grid_124.9999999999993179_7.9999999999999378,6.114845253736707,6.840333500701438,7.389144173362531,7.937954846023624,8.258988509525917,8.663443092988356,9.212253765649448
grid_124.9999999999993179_8.0999999999999375,6.299313343567093,6.753475078013529,7.097035167403363,7.440595256793197,7.641565025830658,7.894756991239634,8.238317080629468
grid_124.9999999999993179_8.1999999999999371,6.801892954948452,7.279888062990566,7.641477403508246,8.003066744025926,8.21458294888926,8.48106185206804,8.84265119258572
grid_124.9999999999993179_8.2999999999999368,7.671250162508525,8.141386179985803,8.257049108378386,8.302046376956033,8.314205021214773,8.322473458592892,8.327498932057596
grid_124.9999999999993179_8.3999999999999364,7.818887513708323,8.458482273787524,8.573244187676655,8.607745631451161,8.615234187236117,8.619548555275609,8.621666343306602
grid_124.9999999999993179_8.4999999999999361,8.516109702216179,9.42195228312777,9.58014839832921,9.626674470055287,9.636584698747228,9.642214428305746,9.644928322615218
grid_124.9999999999993179_8.5999999999999357,8.256240873664995,9.515617921782304,9.881299761111837,10.044379831829087,10.093799233158311,10.130508410629655,10.155517328460668
grid_124.9999999999993179_8.6999999999999353,7.0322196195937305,8.38404186153579,9.406655910794834,10.42926996005388,11.027460831581037,11.78109220199594,12.803706251254981
grid_124.9999999999993179_8.7999999999999350,6.53835937652422,7.52576505003368,9.525818860183474,14.29149396047502,19.72630196426943,31.957460446335666,67.74101378003598
grid_124.9999999999993179_8.8999999999999346,9.62669988723737,11.685604928442531,13.243106466663939,14.800608004885348,15.711687999560388,16.85951304609051,18.417014584311914
grid_125.0999999999993122_10.2999999999999297,15.797371218480922,18.70995120837202,20.91323291571728,23.116514623062546,24.40535180038441,26.029094612953642,28.232376320298904
grid_125.0999999999993122_10.3999999999999293,17.067776104354984,19.463675325950806,20.1487487056082,20.450407148789104,20.540854455215488,20.60748898986971,20.652404313010983
grid_125.0999999999993122_10.4999999999999289,14.758808491992427,17.8930904822116,20.264083278522683,22.63507607483377,24.02201795015575,25.76935806505294,28.140350861364027
grid_125.0999999999993122_10.5999999999999286,19.18784091298253,21.868213571728006,22.677975922953124,23.051136210051354,23.167357656223736,23.255541470785158,23.31729396031102
grid_125.0999999999993122_11.3999999999999257,19.10797759268828,23.728006252360334,27.222923016396365,30.717839780432392,32.7622350305352,35.33786844010445,38.83278520414048
grid_125.0999999999993122_11.4999999999999254,19.995176205960114,23.795463680594523,26.670270176751348,29.545076672908174,31.226730669989497,33.34536414754258,36.22017064369941
grid_125.0999999999993122_11.5999999999999250,21.778836657221454,25.02514279534117,27.480878588138832,29.93661438093649,31.373127731401862,33.18292051905621,35.638656311853865
grid_125.0999999999993122_11.6999999999999247,24.702968755827822,27.513388276464543,28.239907983532994,28.534295800283253,28.616616456998866,28.674089367755613,28.710227311199393
grid_125.0999999999993122_11.7999999999999243,22.155042400278155,24.682058226948108,25.364470131661804,25.65110965798841,25.733722247823145,25.79275513514567,25.831006007514894
grid_125.0999999999993122_11.8999999999999240,21.23890561887406,22.753503926503313,22.962730348544802,23.013640688061525,23.022850188627675,23.027484733184444,23.029397147857733
grid_125.0999999999993122_11.9999999999999236,19.2808714197941,21.260666196634283,21.744650390592295,21.931958556256355,21.982348548167593,22.01650085194785,22.03716821369375
grid_125.0999999999993122_12.0999999999999233,19.205457350153324,21.251710653664425,21.80317885607066,22.03443147156373,22.10098786037478,22.148496200756668,22.179236808998105
grid_125.0999999999993122_12.1999999999999229,19.969269585029263,21.671904639244033,22.094766554982627,22.260558708163785,22.305651472208872,22.336470748546603,22.355324061089675
grid_125.0999999999993122_12.2999999999999226,21.64256630391992,23.586144032817565,24.093458297304547,24.30066577335743,24.358996921860268,24.399931252709237,24.425841610137994
grid_125.0999999999993122_12.3999999999999222,22.257238428813068,25.04669534698033,27.156838046084502,29.266980745188675,30.501335095335143,32.056437663355936,34.16658036246011
grid_125.0999999999993122_12.4999999999999218,24.914530137424585,28.688635102758028,31.543635295226906,34.398635487695785,36.06870353984176,38.17274045302923,41.027740645498106
grid_125.0999999999993122_5.8999999999999453,11.491403158252938,12.924316274910547,14.008273202824773,15.092230130738997,15.726304285965725,16.525143247396606,17.609100175310832
grid_125.0999999999993122_5.9999999999999449,9.006089625125531,9.499800736123188,9.624099416484576,9.67338212995373,9.68691327296524,9.696228411174841,9.701980282144914
grid_125.0999999999993122_6.0999999999999446,7.306447150799812,7.622085973750445,7.695856159384164,7.723372450421865,7.730547954237193,7.735296906252902,7.738083855310732
grid_125.0999999999993122_6.1999999999999442,6.462813230598586,6.88090198582474,7.197173919860439,7.513445853896138,7.698453075337577,7.931534609122291,8.24780654315799
grid_125.0999999999993122_6.2999999999999439,6.012200368750759,6.629656049334447,7.096743240363774,7.563830431393102,7.837058922712437,8.18128611197679,8.648373303006117
grid_125.0999999999993122_6.3999999999999435,5.632598321224547,6.130853471215287,6.507768941820514,6.88468441242574,7.105165828671463,7.38293956241648,7.759855033021705
grid_125.0999999999993122_6.4999999999999432,5.4947729279350135,6.272554791795268,6.860924058526472,7.449293325257677,7.793467282872234,8.227075189117931,8.815444455849136
grid_125.0999999999993122_6.5999999999999428,5.631803975858137,6.282146722766797,6.774112019082004,7.2660773153972125,7.553858565397781,7.916420062305873,8.40838535862108
grid_125.0999999999993122_6.6999999999999424,5.432957690157105,6.095057890868523,6.595917357636896,7.096776824405271,7.389760830595964,7.758877025116688,8.259736491885063
grid_125.0999999999993122_6.7999999999999421,5.476774777029789,6.025110147574374,6.439909842554234,6.854709537534093,7.097351804407885,7.403044908078678,7.817844603058539
grid_125.0999999999993122_6.8999999999999417,5.5324333584154095,6.229226460476561,6.7563300939919095,7.2834337275072585,7.5917695871076045,7.98022682956841,8.507330463083758
grid_125.0999999999993122_6.9999999999999414,5.846835003852709,6.5290540638358445,7.04513286011959,7.561211656403337,7.863098399646641,8.243430716386472,8.759509512670219
grid_125.0999999999993122_7.0999999999999410,6.669440628481712,7.276557193860734,7.735823146167129,8.195089098473524,8.463742458430755,8.802205663852545,9.26147161615894
grid_125.0999999999993122_7.1999999999999407,7.075579534820547,7.834403852399406,8.40843228897902,8.982460725558633,9.318245835305298,9.741285043137491,10.315313479717105
grid_125.0999999999993122_7.2999999999999403,7.701031478508163,8.267576092595547,8.425091406771315,8.492862589740405,8.512792455450047,8.52725684226833,8.536819410436951
grid_125.0999999999993122_7.3999999999999400,7.88423213460539,8.547833254257085,9.049828122372993,9.551822990488903,9.84547116389117,10.215424110140598,10.717418978256507
grid_125.0999999999993122_7.4999999999999396,8.434166712148652,8.990030796400301,9.153863272641374,9.227833741532434,9.250482037093217,9.267440433590878,9.279113903094467
grid_125.0999999999993122_7.5999999999999392,8.43133097312435,8.824617265537805,8.932374654003661,8.978181515120479,8.991516671414397,9.001119625027114,9.00740448892286
grid_125.0999999999993122_7.6999999999999389,8.548571004577685,8.996219354075924,9.334852257960444,9.673485161844965,9.87157271212772,10.121133511343205,10.459766415227724
grid_125.0999999999993122_7.7999999999999385,7.970030155386121,8.439203611437994,8.794119629840532,9.14903564824307,9.356648209913812,9.618209104294943,9.97312512269748
grid_125.0999999999993122_7.8999999999999382,6.96946245045654,7.7296259930204245,8.304667514192312,8.8797090353642,9.216086761607407,9.639872577928086,10.214914099099975
grid_125.0999999999993122_7.9999999999999378,6.40569126470538,7.246582184926217,7.882691609843526,8.518801034760838,8.890901194692763,9.359691954981674,9.995801379898984
grid_125.0999999999993122_8.0999999999999375,6.165799082729028,6.866819371599712,7.397120748491483,7.927422125383254,8.237628544945736,8.628442414253938,9.158743791145708
grid_125.0999999999993122_8.1999999999999371,6.5093010886209495,6.99251495489968,7.358052133621873,7.7235893123440675,7.937414854515957,8.206803178622797,8.572340357344991
grid_125.0999999999993122_8.2999999999999368,6.835473567770364,7.4214169515465205,7.864666010283018,8.307915069019515,8.567199146860316,8.893858452795671,9.33710751153217
grid_125.0999999999993122_8.3999999999999364,6.980445030547498,7.49467459249532,7.645607624064964,7.713520274152028,7.734254183108932,7.749744632547918,7.760376950551276
grid_125.0999999999993122_8.4999999999999361,7.2640611785750036,7.7738431752953625,7.8929676143112,7.9373948354129045,7.948978882320479,7.9566448420394,7.961143130043263
grid_125.0999999999993122_8.5999999999999357,6.883191594323274,7.642613003441074,8.21709312233325,8.791573241225425,9.127622568187178,9.550994650343224,10.1254747692354
grid_125.0999999999993122_8.6999999999999353,6.5794819001738345,7.514098105886727,8.221107972253572,8.928117838620418,9.341692098084899,9.86273404433331,10.569743910700154
grid_125.0999999999993122_8.7999999999999350,6.796763638156809,7.70138426945197,8.385703359721582,9.070022449991194,9.470323456326533,9.974643081286356,10.658962171555967
grid_125.1999999999993065_10.0999999999999304,24.98261045139319,28.87119705952677,31.812799271608448,34.754401483690124,36.4751284697963,38.64298809182371,41.58459030390539
grid_125.1999999999993065_10.2999999999999297,17.80123322130308,20.758115323734405,22.99491028547797,25.231705247221534,26.540146421643534,28.18858734965286,30.425382311396426
grid_125.1999999999993065_10.3999999999999293,20.075008597862503,22.58861401981625,23.242655008862137,23.509100160036425,23.58394410088715,23.63637853753717,23.669496414821204
grid_125.1999999999993065_11.1999999999999265,29.82472145277316,32.87393292788716,33.42732260901725,33.59523867553615,33.631975022246394,33.65326593758249,33.66379708253677
grid_125.1999999999993065_11.2999999999999261,25.035198529965236,28.227396277729607,28.998285357330143,29.293650243899798,29.372439842759835,29.425495595393734,29.457335145977325
grid_125.1999999999993065_11.3999999999999257,18.542633755709367,23.173091245370394,26.675897114743776,30.178702984117155,32.227713065006554,34.80916047377818,38.31196634315156
grid_125.1999999999993065_11.4999999999999254,18.91322962562302,22.635437563794312,25.45117917074491,28.26692077769551,29.914024029481944,31.9891287158668,34.8048703228174
grid_125.1999999999993065_11.5999999999999250,19.912126229501972,23.456545019752404,26.13779432821229,28.819043636672177,30.38747393720574,32.36346242692261,35.0447117353825
grid_125.1999999999993065_11.6999999999999247,19.803449549423082,23.977513576770306,27.135071119794517,30.292628662818736,32.139681419357125,34.46669269016596,37.62425023319017
grid_125.1999999999993065_11.7999999999999243,22.005069658955545,24.83606504338848,25.438216274886102,25.64614851689857,25.69694148699812,25.728928774425732,25.746536091727542
grid_125.1999999999993065_11.8999999999999240,19.937407585505984,22.481254124072624,23.12767815835197,23.385940803147477,23.457307188060362,23.506680214971443,23.537361648188615
grid_125.1999999999993065_11.9999999999999236,21.69401127654652,22.67910249440436,22.747540488688845,22.757166018457315,22.758241267839157,22.758623546162877,22.758724806097973
grid_125.1999999999993065_12.0999999999999233,20.60505777754603,22.698480096760555,23.20878630461275,23.405820061256914,23.45872197433644,23.494522687308287,23.516145414987903
grid_125.1999999999993065_12.1999999999999229,22.28064534786168,23.875085884024145,24.196215972364442,24.30227743732579,24.327222906320536,24.34248901039106,24.35058786746216
grid_125.1999999999993065_12.2999999999999226,23.8302248054691,25.670215852076108,26.142274272132145,26.332362895325446,26.385239495341242,26.42200715525743,26.445005814837113
grid_125.1999999999993065_12.3999999999999222,24.659732870658868,27.387061808553483,29.450206504882072,31.51335120121066,32.72021348212462,34.24068013910528,36.303824835433865
grid_125.1999999999993065_12.4999999999999218,26.575281285318493,30.446690914298706,33.375299243263896,36.30390757222908,38.01703362397336,40.17531720120929,43.10392553017448
grid_125.1999999999993065_5.8999999999999453,12.087534376749277,13.601298378082728,14.746416639195434,15.891534900308141,16.56138614195009,17.40529890164159,18.550417162754297
grid_125.1999999999993065_6.1999999999999442,7.257300580617022,7.61717454173435,7.717770783435991,7.761245561407721,7.774078217984618,7.783418567798171,7.789616629761811
grid_125.1999999999993065_6.2999999999999439,6.571756373692992,7.087618143737703,7.477852508254076,7.86808687277045,8.096359342505279,8.38394864281516,8.774183007331533
grid_125.1999999999993065_6.3999999999999435,6.00491981902604,6.310877714998759,6.7979178037063726,7.732859804850905,8.63926145339798,10.402778335349192,14.652896979294677
grid_125.1999999999993065_6.4999999999999432,5.973899874410996,6.644881073913011,7.152458756917914,7.660036439922819,7.956950350683618,8.331017639424832,8.838595322429736
grid_125.1999999999993065_6.5999999999999428,5.974845227156384,6.832786824913436,7.481794589462199,8.130802354010962,8.510447558948854,8.988743951768015,9.637751716316778
grid_125.1999999999993065_6.6999999999999424,5.848987830627894,6.470255966580163,6.940227168762084,7.410198370944004,7.6851139006392675,8.031466506896273,8.501437709078193
grid_125.1999999999993065_6.7999999999999421,5.7045193174136015,6.309333758866429,6.76685822165074,7.224382684435049,7.492017338326463,7.829197125887877,8.286721588672187
grid_125.1999999999993065_6.8999999999999417,5.723904673760636,6.4099993167398175,6.929009878382841,7.448020440025864,7.75162215606526,8.134115083005046,8.65312564464807
grid_125.1999999999993065_6.9999999999999414,5.913353185753718,6.486237779531564,6.9196082449854055,7.352978710439247,7.606484181649818,7.925863304217094,8.359233769670935
grid_125.1999999999993065_7.0999999999999410,6.360469165984637,6.785030060772343,7.1061979793828325,7.427365897993323,7.6152370868151245,7.851926792781028,8.173094711391517
grid_125.1999999999993065_7.1999999999999407,6.983161659952432,7.426927491191488,7.550456679158206,7.603658537285861,7.619317051983162,7.630688810233805,7.638213111188781
grid_125.1999999999993065_7.2999999999999403,7.295748615569939,7.808320352920909,7.921935571314123,7.9625145334889815,7.972714796255415,7.979279490222052,7.98299556366462
grid_125.1999999999993065_7.3999999999999400,7.880865106142595,8.36175465323436,8.459163693896553,8.491485783394872,8.499118101753877,8.503802930432245,8.506297893119335
grid_125.1999999999993065_7.4999999999999396,8.164092887125374,8.594842860709525,8.69721627575096,8.735929497072828,8.746142674670104,8.75296215434182,8.757010190090606
grid_125.1999999999993065_7.5999999999999392,8.146784172329076,8.458058465573902,8.53858535708434,8.57123495815455,8.580369554339436,8.5867494650326,8.590763079517702
grid_125.1999999999993065_7.6999999999999389,8.629260398674871,8.992119328002246,9.089704275093396,9.130554458956471,9.142294331666129,9.150664907802247,9.156073282594711
grid_125.1999999999993065_7.7999999999999385,8.401925021498501,8.842211766258176,8.978349455162984,9.042303077041966,9.062543427719227,9.078093518704815,9.089160006785264
grid_125.1999999999993065_7.8999999999999382,7.323304174781538,8.088229635106343,8.666873408003825,9.245517180901306,9.584002089322142,10.010442641226112,10.589086414123592
grid_125.1999999999993065_7.9999999999999378,6.837775389074226,7.562337061535023,8.110446807642305,8.65855655374959,8.979180201502142,9.383118226210385,9.931227972317668
grid_125.1999999999993065_8.0999999999999375,6.292741755808209,6.968621263447741,7.4799043735151765,7.991187483582612,8.290268930224151,8.667066991222145,9.178350101289581
grid_125.1999999999993065_8.1999999999999371,6.711601419445026,7.264696516675825,7.414653499138135,7.477848223041537,7.496111827223087,7.509190253426333,7.517687808953903
grid_125.1999999999993065_8.2999999999999368,6.839527868412017,7.324208462252179,7.436440036253313,7.477985147355504,7.488749513875289,7.495838823249042,7.499972981234123
grid_125.1999999999993065_8.3999999999999364,6.707625475154906,7.066367192053681,7.119195125451902,7.132729375845127,7.135289337531815,7.13662068641378,7.1371937167748145
grid_125.1999999999993065_8.4999999999999361,6.617346601959288,6.939290890816393,7.037527986044633,7.083173768627651,7.097488524445257,7.108408250521155,7.1161082231145745
grid_125.1999999999993065_8.5999999999999357,7.042091781255762,7.441053889631809,7.510412146303327,7.530735479895776,7.535050740097276,7.537496326420216,7.538671677459109
grid_125.1999999999993065_8.6999999999999353,6.987931320490234,7.356229959020146,7.468111197878304,7.519905005015013,7.53609783749523,7.548420669303772,7.557083117419856
grid_125.1999999999993065_8.7999999999999350,7.371424080010731,7.662348824554081,7.7416407624154004,7.775200934906919,7.784935307331277,7.791925568332393,7.796483890094977
grid_125.1999999999993065_8.8999999999999346,9.48079062211483,10.306078927352573,10.516269205186383,10.600401544005528,10.623686410843682,10.639814781162594,10.649852823887537
grid_125.1999999999993065_9.9999999999999307,31.97315459719582,35.84443227994498,36.85196352645453,37.26248953292115,37.37782321968039,37.458633640435835,37.509681726709886
grid_125.2999999999993008_11.1999999999999265,29.156821419542016,33.22613771103799,34.453173142098116,35.01773370568275,35.19333604930836,35.326439513144585,35.419524674482695
grid_125.2999999999993008_11.2999999999999261,24.399812590624112,27.849088454121787,28.904108344216286,29.395293723219886,29.54958649171918,29.667436776798866,29.7506763742794
grid_125.2999999999993008_11.3999999999999257,19.15998943329653,23.49084278793388,26.76700687839174,30.0431709688496,31.959604107976688,34.37402432348695,37.65018841394481
grid_125.2999999999993008_11.4999999999999254,19.365943969625185,23.09301605158795,25.91243724127099,28.73185843095403,30.381114100657236,32.458930512916794,35.278351702599835
grid_125.2999999999993008_11.5999999999999250,20.129706152538272,23.823623856708725,26.61796472778704,29.412305598865355,31.04689022267866,33.106223303035804,35.90056417411412
grid_125.2999999999993008_11.6999999999999247,20.14961541245524,24.59517375638002,27.958108821546006,31.321043886711994,33.28823479219435,35.76660223063678,39.12953729580276
grid_125.2999999999993008_11.7999999999999243,22.82562307962721,26.136331072629062,27.048139492639628,27.43739819043635,27.551123780004414,27.633246317033095,27.68718522413444
grid_125.2999999999993008_11.8999999999999240,21.675086988726115,24.61456181621635,25.493841691281496,25.895726621625155,26.02004022976226,26.11386384344572,26.179114842486666
grid_125.2999999999993008_11.9999999999999236,23.063242852672968,25.446697090793414,25.983285967986596,26.17738938962127,26.226709800193987,26.258712731713914,26.277021117973305
grid_125.2999999999993008_12.0999999999999233,24.83252877040225,26.83173967363186,27.225875166557227,27.35379944219078,27.383443509940747,27.401383009978648,27.410763897665348
grid_125.2999999999993008_12.1999999999999229,28.153942167288598,29.73023932587694,29.93606845654116,29.983933906393048,29.992258823729312,29.996328933676565,29.997947446833443
grid_125.2999999999993008_12.2999999999999226,28.820809610800993,30.74809833928108,31.219505126057722,31.402027808184833,31.451149046125625,31.484451110672268,31.504611506780517
grid_125.2999999999993008_5.5999999999999464,19.225645062489505,21.152789039966194,21.70088682997543,21.941166091161307,22.01294377994274,22.065672864275225,22.101083756238925
grid_125.2999999999993008_5.6999999999999460,14.930276712221751,16.48216542793102,17.656123922126955,18.830082416322888,19.516804112830584,20.381971132032156,21.555929626228092
grid_125.2999999999993008_5.7999999999999456,13.260081929458131,14.85333436762087,16.058583309923208,17.263832252225544,17.968857687506247,18.857084690388284,20.06233363269062
grid_125.2999999999993008_5.8999999999999453,10.42186282582262,11.740103167898148,12.73731349058809,13.734523813278033,14.317854457383692,15.052764155353561,16.049974478043502
grid_125.2999999999993008_6.0999999999999446,7.930278485636939,8.32767469989716,8.44495242658546,8.49795994051935,8.5142042715459,8.526375974696005,8.5347619828414
grid_125.2999999999993008_6.1999999999999442,7.530411323822699,7.899166748947733,8.00925256144182,8.059485733275586,8.075002825463118,8.086701598483879,8.094826443381193
grid_125.2999999999993008_6.2999999999999439,7.107422300324286,7.628265315910635,8.022267847213767,8.4162703785169,8.646747084518447,8.93711339410325,9.331115925406381
grid_125.2999999999993008_6.3999999999999435,6.661441465393102,7.303927660365957,7.789949704573739,8.27597174878152,8.560276419166915,8.918457943754376,9.404479987962159
grid_125.2999999999993008_6.4999999999999432,6.4198972056540615,7.298743715232215,7.963565435095154,8.62838715495809,9.017282930742855,9.507233664536246,10.172055384399183
grid_125.2999999999993008_6.5999999999999428,6.4224779149391935,7.350461434296869,8.052453867127905,8.754446299958941,9.165085548955112,9.682429819316617,10.384422252147651
grid_125.2999999999993008_6.6999999999999424,6.0392819447762855,6.7435972528722985,7.276391215584791,7.809185178297283,8.120849667094717,8.513500486393296,9.046294449105789
grid_125.2999999999993008_6.7999999999999421,5.614235773667479,6.238862963084591,6.711375191119455,7.18388741915432,7.460289353686919,7.80851460857143,8.281026836606294
grid_125.2999999999993008_6.8999999999999417,5.430542363688435,6.108191111509651,6.620812600108058,7.133434088706466,7.433298436600392,7.811082836527682,8.323704325126089
grid_125.2999999999993008_6.9999999999999414,5.556168986647362,6.11524855001556,6.277597449163736,6.350002703490549,6.371945203180069,6.388244854792892,6.399349841581515
grid_125.2999999999993008_7.0999999999999410,5.48148452349635,5.815404338419632,5.9056760827670844,5.943627636739028,5.954573891400243,5.962400333521424,5.967475336587781
grid_125.2999999999993008_7.1999999999999407,5.738132423141863,5.97158712727039,6.021989319918744,6.039607527801125,6.043956032909262,6.046716115309076,6.04825083870808
grid_125.2999999999993008_7.2999999999999403,6.500797944364697,6.891113610544171,6.986873033275451,7.024042273515841,7.034066433699362,7.040873304781498,7.045002603135694
grid_125.2999999999993008_7.3999999999999400,7.270225751798419,7.688605069375625,7.789927065492925,7.828838883345458,7.83923915355803,7.846253065717203,7.85047038632682
grid_125.2999999999993008_7.4999999999999396,7.679760018591289,7.959610970113588,8.013607523004291,8.030828566107004,8.0347599928126,8.037112505821543,8.038324976536087
grid_125.2999999999993008_7.5999999999999392,7.658976187700987,8.083627772093338,8.404864294741367,8.726100817389396,8.914012137000556,9.150752401781746,9.471988924429775
grid_125.2999999999993008_7.6999999999999389,8.535563954403193,8.971727877333654,9.097153675464638,9.152642400363089,9.169345275742812,9.18168812246372,9.190040676825129
grid_125.2999999999993008_7.7999999999999385,8.061950389718014,8.54241053659435,8.90586460700449,9.269318677414633,9.481925679339032,9.749778824290969,10.11323289470111
grid_125.2999999999993008_7.8999999999999382,8.110756129451968,8.55198752450233,8.669856490030567,8.718925932491436,8.732962661841512,8.74293522035815,8.749348975035776
grid_125.2999999999993008_7.9999999999999378,7.281180605610801,7.747705350509656,8.100617696274275,8.453530042038896,8.659970530352737,8.920054786937751,9.27296713270237
grid_125.2999999999993008_8.0999999999999375,6.542760662762061,7.114460850377445,7.546935347157164,7.979409843936883,8.23239120707127,8.551110031552266,8.983584528331985
grid_125.2999999999993008_8.1999999999999371,6.50857866119912,7.075594627350636,7.192708307010491,7.232191197062943,7.24164134399226,7.24750154944461,7.250663809083392
grid_125.2999999999993008_8.2999999999999368,6.372101678983178,7.056179894986089,7.236272533279172,7.310349471370518,7.331326744987265,7.346114858004972,7.355530569085799
grid_125.2999999999993008_8.3999999999999364,6.402791934461446,7.105581772132653,7.289914093425246,7.3655032369432565,7.386853755177056,7.401875251948502,7.411415142249452
grid_125.2999999999993008_8.4999999999999361,6.762626152685177,7.329925474769184,7.453069539364143,7.496306047873973,7.507017843780501,7.513836257195626,7.517641552116724
grid_125.2999999999993008_8.5999999999999357,7.447333342594435,8.05360758190666,8.208900854987412,8.271351947998173,8.288704577539818,8.300760423058986,8.308293216063166
grid_125.2999999999993008_8.6999999999999353,7.091866468376353,7.884236944917402,8.483642071115709,9.083047197314016,9.43367671888006,9.875417673855065,10.474822800053373
grid_125.2999999999993008_8.7999999999999350,7.846641430795864,8.510162370017905,9.012096583980261,9.514030797942617,9.807643490939544,10.17755173716466,10.679485951127013
grid_125.2999999999993008_8.8999999999999346,10.51550523224356,11.664404547528859,11.983725771751509,12.121076886421708,12.16145934077602,12.190762341733228,12.210130483575197
grid_125.2999999999993008_8.9999999999999343,12.36901402256364,14.78304006449375,16.60918026929498,18.435320474096216,19.503544014964184,20.849346516026323,22.675486720827557
grid_125.3999999999992951_11.1999999999999265,31.46164992623025,35.55016331395055,36.69369752836043,37.18813697197321,37.33414167157002,37.44044532901242,37.5110145583373
grid_125.3999999999992951_11.2999999999999261,26.84567074627244,30.463755869908862,31.46748417129428,31.89855983255402,32.0251368886391,32.11689464891174,32.17746504094712
grid_125.3999999999992951_11.3999999999999257,20.285144678860348,24.74568601146385,28.119955270022555,31.49422452858126,33.46804551217428,35.95476586118476,39.329035119743466
grid_125.3999999999992951_11.4999999999999254,20.182658898035818,24.308837225677962,27.43017063526385,30.551504044849732,32.37736704170558,34.67768237249187,37.79901578207776
grid_125.3999999999992951_11.5999999999999250,20.759469906977575,25.017771445851167,28.239052206387868,31.460332966924568,33.344661416133064,35.718634505798164,38.939915266334864
grid_125.3999999999992951_11.6999999999999247,21.03830920912108,25.78525880173757,29.376187545120516,32.96711628850346,35.06767494614422,37.71406588111995,41.30499462450289
grid_125.3999999999992951_11.7999999999999243,24.084414328547417,27.573539007576077,28.623123038437672,29.105086347144464,29.254750859025375,29.368048979597432,29.447152309264858
grid_125.3999999999992951_11.9999999999999236,27.15871224310996,29.424854091783722,29.701918443313005,29.763033069644628,29.77318465069498,29.77798356538861,29.77981145158681
grid_125.3999999999992951_12.0999999999999233,28.99247108218949,31.55523231660765,32.136604514260966,32.34822469497611,32.402281020186265,32.43749834240224,32.45775041110831
grid_125.3999999999992951_12.1999999999999229,33.0571281853325,35.84598638220848,36.5264146003883,36.78932372992815,36.85995563657353,36.90777717619319,36.936677558245485
grid_125.3999999999992951_5.5999999999999464,18.05956809566934,19.844452628144364,20.407801576695057,20.676993700285117,20.763406345124423,20.83053227101794,20.878992432339622
grid_125.3999999999992951_5.6999999999999460,14.2347056400676,15.596415853951846,16.626509865230332,17.656603876508814,18.259170245324164,19.018314090393062,20.048408101671544
grid_125.3999999999992951_5.7999999999999456,11.554552952989255,13.016070662818795,14.121666130138118,15.227261597457442,15.87399348680653,16.688779307286982,17.794374774606304
grid_125.3999999999992951_5.8999999999999453,9.769260903463676,10.515134056037084,11.079365314498204,11.643596572959325,11.973650700893788,12.389469725532734,12.953700983993855
grid_125.3999999999992951_5.9999999999999449,8.7003878338337,9.20346348773461,9.314058684427511,9.35329360307021,9.363099806647064,9.369383552735675,9.372920736724272
grid_125.3999999999992951_6.0999999999999446,8.18870180163874,8.599588040976084,8.70187418164949,8.742055005662358,8.753001292611277,8.76049199366955,8.765081702859955
grid_125.3999999999992951_6.1999999999999442,8.081672112721789,8.411417431245178,8.496693419898978,8.531258744261146,8.540927010397638,8.547678418119885,8.551924737454902
grid_125.3999999999992951_6.2999999999999439,7.825531336702826,8.382629655440057,8.804058264826487,9.225486874212915,9.47200680743504,9.782585192950148,10.204013802336576
grid_125.3999999999992951_6.3999999999999435,7.476508991014748,8.147607371883725,8.655273699170731,9.162940026457736,9.45990579079947,9.834038407326712,10.34170473461372
grid_125.3999999999992951_6.4999999999999432,7.125307538870366,8.20269766739038,9.017711836986205,9.83272600658203,10.309478733351979,10.910116135102044,11.725130304697867
grid_125.3999999999992951_6.7999999999999421,5.845994341637912,6.520365271519934,7.030507186568257,7.54064910161658,7.839062991965927,8.215020031498602,8.725161946546926
grid_125.3999999999992951_6.8999999999999417,5.4468291967699285,6.115507531763858,6.6213431650181045,7.127178798272351,7.423073675254625,7.7958571332662805,8.301692766520526
grid_125.3999999999992951_6.9999999999999414,5.281118253648916,5.609161547366096,5.68448775834908,5.71218041866883,5.719313988598483,5.723991314968371,5.726703365736049
grid_125.3999999999992951_7.0999999999999410,5.186987170750066,5.503746921066949,5.577405771463741,5.604766912333774,5.611877000975876,5.61657010504753,5.619314802268176
grid_125.3999999999992951_7.1999999999999407,5.2128591217539295,5.608980552323395,5.736692402410325,5.798804791460553,5.819038159814322,5.834936534092034,5.846585617787651
grid_125.3999999999992951_7.2999999999999403,6.057998998767215,6.323558331583026,6.3663156276651245,6.378089225677099,6.3804591077676625,6.381749774659272,6.382339153970458
grid_125.3999999999992951_7.3999999999999400,7.478528758286404,7.97693720270397,8.077696751471565,8.111077079186034,8.11894853855689,8.123775182293159,8.126342263877769
grid_125.3999999999992951_7.4999999999999396,7.669086385375869,8.09078036820185,8.200461865563032,8.245129683678107,8.257673352992583,8.266459392286892,8.272007193473932
grid_125.3999999999992951_7.5999999999999392,7.670809605677939,8.134747645862204,8.485703225048828,8.836658804235453,9.041954657478502,9.300596844419719,9.651552423606342
grid_125.3999999999992951_7.6999999999999389,8.716390705137606,9.301458059558813,9.411882962096664,9.446474084539826,9.454250855037516,9.458851046050947,9.461187058748035
grid_125.3999999999992951_7.7999999999999385,8.022240275217277,8.523895965337246,8.903383845245505,9.282871725153765,9.50485790437827,9.784527415273734,10.164015295181994
grid_125.3999999999992951_7.8999999999999382,7.996006034708747,8.42821101186219,8.755161455555022,9.082111899247854,9.273365648402304,9.514316876401297,9.84126732009413
grid_125.3999999999992951_7.9999999999999378,8.354811698681347,8.615301001195522,8.657711577554892,8.6694954290846,8.671885840447485,8.673195218128612,8.67379758522872
grid_125.3999999999992951_8.0999999999999375,7.502839570456851,7.666360300118468,7.681370342822534,7.684003457814405,7.684361266578536,7.68450752353896,7.684553793195821
grid_125.3999999999992951_8.1999999999999371,7.241776460964385,7.608708527171304,7.635955129587929,7.639994427761868,7.640467308860161,7.640641102473527,7.640689121413228
grid_125.3999999999992951_8.2999999999999368,5.447163025284566,6.378973635202453,10.530846090264161,30.926305458770845,70.29532326430942,215.31811337786854,1036.9134677233146
grid_125.3999999999992951_8.3999999999999364,6.104717038951409,7.110005469903837,7.870476810849265,8.630948151794694,9.075795369120902,9.63623658274712,10.39670792369255
grid_125.3999999999992951_8.4999999999999361,7.965860242024593,8.739838987126554,8.896411340785502,8.948309515139176,8.960553274920763,8.96806352350751,8.97205966888489
grid_125.3999999999992951_8.5999999999999357,7.511429842287083,8.85222256756575,9.866493109559878,10.880763651554004,11.474073884206689,12.221556376832671,13.235826918826799
grid_125.3999999999992951_8.6999999999999353,7.926688429211438,8.986113028294303,9.787536799511706,10.588960570729107,11.05776342407782,11.648385169811974,12.449808941029376
grid_125.3999999999992951_8.7999999999999350,8.98460086328684,10.24511515645605,11.198657408901038,12.152199661346028,12.709986121879533,13.412713954515237,14.366256206960227
grid_125.3999999999992951_8.8999999999999346,11.534403528027298,12.780201192247933,13.093585452062397,13.217752421770605,13.251824133863696,13.275269423385613,13.289738003232518
grid_125.3999999999992951_8.9999999999999343,14.308187216326855,16.370959314181132,16.963980532681557,17.226275817434495,17.305215489006436,17.363540684927617,17.403002620185877
grid_125.3999999999992951_9.5999999999999321,23.29832815250957,26.4487592346491,27.210311946547996,27.50233568177339,27.580287203273468,27.632805999242862,27.66434454793687
grid_125.4999999999992895_11.0999999999999268,36.449182166476774,40.525904110781745,41.50681521156861,41.88152662592758,41.9812300069697,42.048239302589415,42.08835249093377
grid_125.4999999999992895_11.1999999999999265,35.8106959123384,38.04743862769117,38.27546787321127,38.31895872350157,38.32531994352625,38.32806164893413,38.328989665019385
grid_125.4999999999992895_11.2999999999999261,29.445279225082352,33.35629935315037,34.481524389265076,34.97952811889971,35.12948478084056,35.24032653242132,35.31535987274281
grid_125.4999999999992895_11.3999999999999257,23.580188838363476,28.83338039958599,32.80726640862048,36.78115241765498,39.10572671508061,42.03434397887749,46.00822998791198
grid_125.4999999999992895_11.4999999999999254,22.826040678732966,27.21078399722409,30.527714271608446,33.8446445459928,35.78492437401438,38.229387864483925,41.54631813886829
grid_125.4999999999992895_12.1999999999999229,35.06625829285648,37.929756476052034,38.69222354956678,39.008795187723976,39.09915015595136,39.16323308640975,39.20435544972806
grid_125.4999999999992895_5.7999999999999456,12.106651194115482,13.567706763369179,14.6729526348386,15.778198506308023,16.424725895194506,17.239254075561718,18.34449994703114
grid_125.4999999999992895_5.8999999999999453,11.823869579232824,12.832674651142783,13.071863935651958,13.162139668278053,13.185916864123628,13.2017733690389,13.211170582426703
grid_125.4999999999992895_5.9999999999999449,10.419027050119093,11.132357504507087,11.295142378872407,11.354684952601346,11.369957230724472,11.37993822136453,11.38570111871125
grid_125.4999999999992895_6.0999999999999446,9.240545410310947,9.902564839292324,10.40336320460567,10.904161569919015,11.197109834049778,11.566180998900393,12.06697936421374
grid_125.4999999999992895_6.1999999999999442,8.98128342398774,9.40665775731975,9.728441018434458,10.050224279549166,10.238455420661035,10.475598612881175,10.797381873995885
grid_125.4999999999992895_6.2999999999999439,8.843632242089516,9.373362530173283,9.774088023588947,10.17481351700461,10.409222903735756,10.704543805088376,11.105269298504039
grid_125.4999999999992895_6.3999999999999435,8.09227598263483,8.927564259591053,9.559435448490625,10.191306637390197,10.56092758818254,11.026594914346418,11.65846610324599
grid_125.4999999999992895_6.4999999999999432,7.690149068684905,8.666644974890485,9.405335611682485,10.144026248474482,10.576132570631634,11.120522154680064,11.85921279147206
grid_125.4999999999992895_6.9999999999999414,6.004642355564855,6.452280938897334,6.790906454962655,7.129531971027975,7.327615199713537,7.577170554360454,7.915796070425775
grid_125.4999999999992895_7.0999999999999410,7.137596896528978,7.800028924531805,8.3011394089559,8.802249893379996,9.095380735486303,9.464681921382823,9.965792405806917
grid_125.4999999999992895_7.1999999999999407,7.078211647850186,7.705928055315112,8.180777186589843,8.655626317864574,8.93339525316031,9.283342725329499,9.758191856604231
grid_125.4999999999992895_7.2999999999999403,6.371734841184663,6.881157961212928,7.266521675017399,7.651885388821871,7.877308710536126,8.161308508850134,8.546672222654607
grid_125.4999999999992895_7.3999999999999400,6.252225627017329,6.580105749489157,6.828137487175892,7.076169224862627,7.221258490398074,7.404049347334455,7.652081085021191
grid_125.4999999999992895_7.4999999999999396,7.006446276879495,7.364342586682961,7.465677145341761,7.509937080837093,7.52311783822089,7.532777507177082,7.539244532567795
grid_125.4999999999992895_7.5999999999999392,7.091831773400017,7.577113792158468,7.94421546783607,8.311317143513673,8.52605785773697,8.796599162272123,9.163700837949726
grid_125.4999999999992895_7.6999999999999389,7.4878804697759085,8.126305700342773,8.60925574356828,9.092205786793787,9.374713451802371,9.730631017360652,10.21358106058616
grid_125.4999999999992895_7.7999999999999385,7.696705561531838,8.241392449936757,8.65343217472325,9.06547189950974,9.306499687317304,9.61015878791466,10.022198512701152
grid_125.4999999999992895_7.8999999999999382,7.885255771648555,8.23387071241373,8.497587734628071,8.761304756842414,8.915569325639652,9.109919697607587,9.373636719821931
grid_125.4999999999992895_7.9999999999999378,8.093313618659053,8.56352404664782,8.919224504038306,9.274924961428791,9.48299639049159,9.745135389417559,10.100835846808044
grid_125.4999999999992895_8.0999999999999375,7.82569560283379,8.215091639983992,8.308688983345588,8.344413331219963,8.353912112552065,8.360292641034128,8.364109478061795
grid_125.4999999999992895_8.1999999999999371,6.899449442439429,7.812959796147777,8.504003701819656,9.195047607491533,9.59928237866147,10.108557961199882,10.799601866871761
grid_125.4999999999992895_8.2999999999999368,6.50154904011343,7.608244235032157,8.445426831573482,9.282609428114805,9.772329853347848,10.389304623033532,11.226487219574857
grid_125.4999999999992895_8.3999999999999364,6.618171542692979,7.758976590806707,8.62196229519249,9.484947999578274,9.989762275302391,10.625753047692003,11.488738752077786
grid_125.4999999999992895_8.4999999999999361,8.063754333415565,9.099778640261839,9.417272697341051,9.565323341333102,9.611891139062866,9.647496716097567,9.672679096438893
grid_125.4999999999992895_8.5999999999999357,7.819807572246261,9.016635708615016,9.922001243243988,10.82736677787296,11.35697166507627,12.024194914241717,12.929560448870689
grid_125.4999999999992895_8.6999999999999353,8.088682059116497,9.015481783446944,9.716578709909815,10.417675636372687,10.827791047724324,11.344475360703136,12.045572287166006
grid_125.4999999999992895_8.7999999999999350,8.788351046000155,9.798601060057194,10.562825693729966,11.327050327402736,11.77409308022867,12.337300341459775,13.101524975132545
grid_125.4999999999992895_8.8999999999999346,10.914488008613526,12.202106951383369,12.558503246393215,12.711278281468864,12.756066953174411,12.788495442503876,12.809868155493682
grid_125.4999999999992895_9.4999999999999325,22.891283427916107,26.415666129433816,27.400548105118357,27.82608022124811,27.951660520384806,28.043050493126664,28.103682418808443
grid_125.4999999999992895_9.5999999999999321,19.846504536654532,23.30840418673555,25.927230175433518,28.546056164131485,30.077971163433805,32.00795581421251,34.62678180291047
grid_125.4999999999992895_9.6999999999999318,20.804695488542635,23.488727218710935,25.519118841787076,27.549510464863214,28.737213426141118,30.233542195031518,32.26393381810765
grid_125.5999999999992838_10.0999999999999304,33.942916758092714,37.69156836688459,38.71040936903215,39.140636808953886,39.2651857580287,39.35449091947679,39.412614041872985
grid_125.5999999999992838_10.1999999999999300,31.863186670075287,35.98109921251189,39.096179796972486,42.21126038143308,44.03346571006706,46.32917292386968,49.44425350833028
grid_125.5999999999992838_10.2999999999999297,32.21414747038457,36.30492975288908,39.399487087986095,42.49404442308311,44.30424442044646,46.58482670558763,49.67938404068464
grid_125.5999999999992838_10.3999999999999293,36.19552226381049,39.89380187578105,40.92196827981897,41.36431728976365,41.494396255742444,41.58880003538034,41.65120895021258
grid_125.5999999999992838_5.8999999999999453,13.998189380231477,15.528374310352495,16.685914524558626,17.843454738764756,18.520572357152076,19.373639668885776,20.531179883091905
grid_125.5999999999992838_5.9999999999999449,13.966052242898366,14.888909896374493,15.147561427731164,15.259587486999598,15.29271529686282,15.316861729397038,15.332914118893502
grid_125.5999999999992838_6.0999999999999446,13.103446017661694,13.642035888316185,13.748757018107655,13.783539050540746,13.791627617742245,13.796535552556442,13.799110798497786
grid_125.5999999999992838_6.1999999999999442,11.462183888012056,12.35524773868034,13.030824461894152,13.706401185107966,14.101588234548121,14.599465035776248,15.275041758990062
grid_125.5999999999992838_6.2999999999999439,11.308042927763989,12.044635630948749,12.601846500460923,13.159057369973098,13.48500483363195,13.895650073157856,14.452860942670032
grid_125.5999999999992838_6.4999999999999432,8.88696017763393,10.191607840388414,11.178535698114025,12.165463555839636,12.742779343526184,13.47011121859412,14.457039076319731
grid_125.5999999999992838_7.0999999999999410,9.959741847703253,10.9975971745823,13.553235543545032,20.821394569501912,30.27138599533197,54.24421531921669,136.54532308901818
grid_125.5999999999992838_7.1999999999999407,10.326941007960075,11.445247779283472,12.291214194286312,13.137180609289153,13.632039238935326,14.25548738061255,15.101453795615392
grid_125.5999999999992838_7.2999999999999403,8.772849761866588,9.765380066514982,10.5162002574823,11.267020448449621,11.706222104949799,12.259550753098015,13.010370944065333
grid_125.5999999999992838_7.3999999999999400,7.442171571524386,8.092190784882048,8.583911337513959,9.075631890145868,9.36326997426942,9.72565110350353,10.217371656135441
grid_125.5999999999992838_7.4999999999999396,7.45152988599703,7.856372811581385,7.921679665906879,7.939690102561341,7.943320175791904,7.945299100688171,7.9462039109255045
grid_125.5999999999992838_7.5999999999999392,6.997738847243164,7.558366140389012,7.98246431586021,8.406562491331409,8.65464402060632,8.967189784477256,9.391287959948453
grid_125.5999999999992838_7.6999999999999389,7.7545787824719525,8.361674182371049,8.512750768357048,8.572080428455894,8.588239355860376,8.599295048634575,8.606067447019054
grid_125.5999999999992838_7.7999999999999385,7.490335711122944,8.084363946555248,8.533728959470658,8.983093972386069,9.245955654077662,9.577122207818373,10.026487220733783
grid_125.5999999999992838_7.8999999999999382,7.76068947786604,8.233391880897573,8.590977444635673,8.948563008373775,9.157737153959799,9.421265411405306,9.778850975143406
grid_125.5999999999992838_7.9999999999999378,8.145618364259755,8.785521586555566,9.26958968736277,9.753657788169972,10.036819474937495,10.393561010465783,10.877629111272986
grid_125.5999999999992838_8.0999999999999375,7.8923623768097375,8.638389564105054,9.20273734533508,9.767085126565107,10.097207415949857,10.513112313860423,11.07746009509045
grid_125.5999999999992838_8.1999999999999371,7.509726179884349,8.544758364109633,9.327729985810036,10.110701607510439,10.568710645334008,11.145733791735722,11.928705413436127
grid_125.5999999999992838_8.2999999999999368,7.252644924552425,8.472804807163282,9.395820126475957,10.318835445788633,10.85876479517771,11.538995328399487,12.462010647712162
grid_125.5999999999992838_8.3999999999999364,7.013307072853922,8.328892959715525,9.324095264553215,10.319297569390908,10.901453598352223,11.63488345625251,12.6300857610902
grid_125.5999999999992838_8.4999999999999361,7.414817985798809,8.770670310537453,9.796332999743079,10.821995688948707,11.421969900522814,12.177848013687349,13.203510702892977
grid_125.5999999999992838_8.5999999999999357,7.832594689426145,9.025774133447461,9.928379538867024,10.830984944286586,11.358975259405245,12.024164388307902,12.926769793727463
grid_125.5999999999992838_8.6999999999999353,7.865525271965671,8.81093246216355,9.526105393168118,10.241278324172685,10.659627670341195,11.186685514370563,11.901858445375131
grid_125.5999999999992838_8.7999999999999350,8.08694365650777,9.017858816000976,9.722068948982924,10.426279081964873,10.838215602387171,11.357194241458076,12.061404374440027
grid_125.5999999999992838_8.8999999999999346,8.743923827347356,10.029472403110665,11.001952359271101,11.974432315431535,12.543296622488345,13.259980891194846,14.23246084735528
grid_125.5999999999992838_8.9999999999999343,10.200905495505888,12.206361024651414,13.723429567866246,15.240498111081077,16.127926319885425,17.245953640226602,18.763022183441436
grid_125.5999999999992838_9.0999999999999339,13.455844813552169,15.364351747437093,15.791118010708729,15.944641966667376,15.983468799398777,16.008572952505776,16.022868728669394
grid_125.5999999999992838_9.1999999999999336,15.572200627885426,18.31506981664476,18.991809382931617,19.255707850316238,19.327157269755993,19.375820107491904,19.40545503035294
grid_125.5999999999992838_9.2999999999999332,14.860625725384963,18.314594612904195,20.927421211323328,23.54024780974246,25.06865339070447,26.994216697261695,29.607043295680825
grid_125.5999999999992838_9.3999999999999329,17.249444908730673,21.059371335557206,23.941469417564583,26.823567499571958,28.50948680094664,30.633493926398494,33.51559200840587
grid_125.5999999999992838_9.4999999999999325,20.405683373389486,23.44588746110389,24.30749260666535,24.684106272623666,24.79633545062893,24.878624912387423,24.93375221834867
grid_125.5999999999992838_9.5999999999999321,20.138337805188183,22.965676998261245,25.104476532069455,27.243276065877666,28.494393589715358,30.070615258950728,32.209414792758935
grid_125.5999999999992838_9.8999999999999311,27.947436457556027,31.166975349518566,33.60246250227242,36.03794965502626,37.4626183103754,39.2574885469888,41.69297569974265
grid_125.5999999999992838_9.9999999999999307,33.82898860247165,37.41247090135762,38.46986703980945,38.947737871999635,39.094169167414904,39.20388053355833,39.27946183650188
grid_125.6999999999992781_6.0999999999999446,15.579118796935333,16.902914745009298,17.904327721398733,18.905740697788165,19.49152973671154,20.22953664586213,21.23094962225156
grid_125.6999999999992781_6.1999999999999442,13.645078564443262,14.98816448273057,16.004169758268457,17.020175033806343,17.61450002053087,18.363260952093647,19.379266227631533
grid_125.6999999999992781_7.0999999999999410,14.745741098150798,16.195524761517063,17.292243765351984,18.388962769186907,19.030502260258597,19.838746432553172,20.935465436388093
grid_125.6999999999992781_7.2999999999999403,10.760330699902289,12.018008918341472,12.96940576307405,13.920802607806626,14.477334085279612,15.17848082624581,16.129877670978388
grid_125.6999999999992781_7.3999999999999400,9.533567769619307,10.54400011780178,11.308362681915803,12.072725246029828,12.519848682991602,13.083157594212299,13.847520158326324
grid_125.6999999999992781_7.4999999999999396,8.898404558472246,9.479435978128873,9.62520347353009,9.682830869423569,9.698614529557213,9.709460019219692,9.716140663913121
grid_125.6999999999992781_7.5999999999999392,7.849483815632363,8.504496043254154,8.999993665367711,9.495491287481267,9.7853388156142,10.15050351510306,10.646001137216615
grid_125.6999999999992781_7.6999999999999389,7.599774988917753,8.289137686513826,8.810620436038723,9.332103185563621,9.63715103880865,10.021465883159694,10.542948632684592
grid_125.6999999999992781_7.7999999999999385,7.775603060637007,8.417969805649541,8.903901489450593,9.389833173251645,9.674084986187552,10.03219991826418,10.518131602065232
grid_125.6999999999992781_7.8999999999999382,8.14236691251771,8.820976219080164,9.33432434231547,9.84767246555078,10.147961867459017,10.526281772113231,11.039629895348538
grid_125.6999999999992781_7.9999999999999378,8.036906455247195,9.15540710947783,24.385952233337242,240.79844117644825,1107.474033827817,7780.957657232502,110454.77796019812
grid_125.6999999999992781_8.0999999999999375,8.476909540062017,9.379534958790172,10.062344729018307,10.74515449924644,11.144572609955926,11.647779917974596,12.330589688202728
grid_125.6999999999992781_8.1999999999999371,8.163380319583002,9.165526879324162,9.923621486449179,10.681716093574197,11.125173010741271,11.683862653315355,12.441957260440375
grid_125.6999999999992781_8.2999999999999368,8.069443952669955,9.32277072067837,10.270875820233886,11.218980919789402,11.773586849771876,12.472307687797816,13.420412787353332
grid_125.6999999999992781_8.3999999999999364,7.589636897655762,8.817804948806735,9.746878213760397,10.675951478714056,11.219424499134519,11.904119529865032,12.833192794818691
grid_125.6999999999992781_8.4999999999999361,7.9041392014337974,9.332999167540414,10.413890005425484,11.494780843310554,12.12706145084639,12.923640809417172,14.004531647302244
grid_125.6999999999992781_8.5999999999999357,8.142172310202053,9.711922046888706,10.899391881865172,12.08686171684164,12.781487041040412,13.656611453528292,14.844081288504759
grid_125.6999999999992781_8.6999999999999353,7.888592195719353,9.043822563426044,9.917720600826577,10.79161863822711,11.302816219560235,11.9468490059338,12.820747043334332
grid_125.6999999999992781_8.7999999999999350,7.552275938788723,8.241472025218636,9.36734208639318,11.579123402204484,13.761192107090405,18.073107483453825,28.681673606770367
grid_125.6999999999992781_8.8999999999999346,7.442906794034712,8.303076418927533,10.090981778550022,14.45160262381485,19.51158425582538,31.079880936604816,65.64258468289889
grid_125.6999999999992781_8.9999999999999343,7.67548954832888,8.927847286416984,9.87521934313601,10.822591399855035,11.37676852726674,12.07494913794314,13.022321194662165
grid_125.6999999999992781_9.0999999999999339,9.248039143040675,10.391108273790849,10.675617768551044,10.787365966103204,10.81780559822231,10.838634070335662,10.85139468300562
grid_125.6999999999992781_9.1999999999999336,10.261424609506872,11.687665996122838,12.12167678916922,12.322883486027667,12.38586392450984,12.433836840842524,12.467600377622656
grid_125.6999999999992781_9.2999999999999332,11.867220645371805,13.943424268257091,15.514011678355367,17.08459908845364,18.003333827465887,19.160802711338924,20.731390121437197
grid_125.6999999999992781_9.3999999999999329,14.712498986064,16.78554240839694,18.35373921906354,19.921936029730144,20.83927235772062,21.994979452063085,23.563176262729684
grid_125.6999999999992781_9.4999999999999325,17.7323121790729,19.561811852195632,20.945774928703674,22.329738005211716,23.139304507351603,24.159237678334446,25.543200754842488
grid_125.6999999999992781_9.5999999999999321,20.68288640908458,23.23962254614906,25.17371877040877,27.107814994668473,28.23918875864678,29.664551131732953,31.59864735599266
grid_125.7999999999992724_10.6999999999999282,39.955318060817646,45.02690292783501,46.275191417691076,46.76100730205657,46.89232088525084,46.98164203041573,47.03594769602026
grid_125.7999999999992724_6.9999999999999414,14.89539306499803,16.674183592657972,18.019786681464026,19.365389770270085,20.152517118076187,21.144180297930028,22.489783386736082
grid_125.7999999999992724_7.3999999999999400,8.302506999704129,9.233339885913846,9.937487781559433,10.64163567720502,11.053535791119403,11.572468563414738,12.276616459060325
grid_125.7999999999992724_7.4999999999999396,7.748506260891073,8.544169331015098,9.146065208106522,9.747961085197947,10.100047602635101,10.543624155321972,11.145520032413398
grid_125.7999999999992724_7.5999999999999392,7.50375158449844,7.983518088929688,8.346447439086306,8.709376789242924,8.921676849495643,9.18914329367417,9.55207264383079
grid_125.7999999999992724_7.6999999999999389,7.530621760657878,8.04643077025064,8.436625223025857,8.826819675801076,9.05506879866399,9.342628685393837,9.732823138169055
grid_125.7999999999992724_7.7999999999999385,7.71480496849307,8.312456598034307,8.764562602780476,9.216668607526643,9.481133666654012,9.81432023706788,10.266426241814047
grid_125.7999999999992724_7.8999999999999382,7.943428841514689,8.62108515900035,9.133712373828857,9.646339588657362,9.946207286181167,10.323995906143024,10.83662312097153
grid_125.7999999999992724_7.9999999999999378,7.864804794250809,8.447192534612023,10.558840735910602,19.124399614936138,33.54466839904749,80.13286522775158,301.34016020855654
grid_125.7999999999992724_8.0999999999999375,7.798023439720791,8.546621565442665,10.506845262566955,16.402807149700514,24.390894353965116,45.440200822181936,121.4753727305234
grid_125.7999999999992724_8.1999999999999371,8.122278699918263,9.221557602207149,10.053129989949277,10.884702377691402,11.3711410411557,11.983981279980288,12.815553667722416
grid_125.7999999999992724_8.2999999999999368,8.977677605843725,10.21316077298017,10.565563217121625,10.720422184478174,10.76677534024947,10.800879924479986,10.823829249068885
grid_125.7999999999992724_8.3999999999999364,9.87952046789038,10.832861399375101,10.97994121581624,11.019066289320314,11.026710855255338,11.030783232562387,11.032590902624985
grid_125.7999999999992724_8.4999999999999361,8.16149943457822,9.882678895527409,11.184700894761676,12.486722893995942,13.248356938661978,14.20790235494513,15.509924354179397
grid_125.7999999999992724_8.5999999999999357,8.381323796955918,9.996848951200784,11.218946552797275,12.441044154393769,13.155925423548979,14.056569308638633,15.278666910235128
grid_125.7999999999992724_8.6999999999999353,7.94487835770114,9.355865911316748,10.42323679107389,11.490607670831032,12.11497960985071,12.901595224446638,13.968966104203782
grid_125.7999999999992724_8.7999999999999350,7.682314957442056,8.864994085296512,9.759656308172731,10.654318531048952,11.177662382243374,11.836997658903407,12.731659881779628
grid_125.7999999999992724_8.8999999999999346,7.424779694015828,8.487901863608098,9.292122738937067,10.096343614266036,10.566782668630628,11.159465783858309,11.963686659187276
grid_125.7999999999992724_8.9999999999999343,8.455555391868536,9.769464013625235,10.082414118808481,10.200970496951172,10.232294941359054,10.253234874306909,10.26568333694729
grid_125.7999999999992724_9.0999999999999339,7.323146413603336,8.632588400341335,9.623143024153588,10.613697647965843,11.19313495781196,11.92313963470384,12.913694258516095
grid_125.7999999999992724_9.1999999999999336,10.528257878975683,11.671086973159332,11.94680330549688,12.05235956474965,12.080498160850466,12.099436554898935,12.11079424182475
grid_125.7999999999992724_9.2999999999999332,13.007392788420868,14.411092399696605,14.850320187549796,15.058703969638414,15.125198917445296,15.176613212641236,15.213507869842505
grid_125.7999999999992724_9.3999999999999329,16.17636297623273,17.617761574769528,17.98555493122481,18.1329974566339,18.173857260575925,18.202187143028553,18.21984187574233
grid_125.7999999999992724_9.4999999999999325,19.462696569128013,21.20151731338247,21.681801350553712,21.887330206567306,21.947498055345736,21.99101329231896,22.01965185737848
grid_125.8999999999992667_7.0999999999999410,10.408906930737903,11.892436054794295,13.01468251418496,14.136928973575627,14.793401068886254,15.620458097632017,16.742704557022684
grid_125.8999999999992667_7.2999999999999403,7.9435164369869184,9.002257840417014,9.803164794074208,10.604071747731403,11.072572282187677,11.662813151161497,12.463720104818691
grid_125.8999999999992667_7.3999999999999400,6.836696268431553,7.593264607545132,8.165586462296273,8.737908317047415,9.072695140420013,9.494476656160993,10.066798510912134
grid_125.8999999999992667_7.4999999999999396,6.63238728886309,7.228214342118635,7.678940108187108,8.129665874255583,8.393323545514455,8.725492927511127,9.1762186935796
grid_125.8999999999992667_7.5999999999999392,7.32220147937748,7.748856634383296,7.876063840255876,7.934047959517967,7.951943431163131,7.965426037165479,7.974781408913273
grid_125.8999999999992667_7.6999999999999389,7.807685676565514,8.15354582821225,8.255668951205312,8.301847221724689,8.316003926863097,8.326614427503111,8.333927511678498
grid_125.8999999999992667_7.7999999999999385,7.81691257732318,8.32037901419342,8.701236671139688,9.082094328085953,9.30488177551204,9.585560764956194,9.966418421902459
grid_125.8999999999992667_7.8999999999999382,7.923832353686513,8.547925050517172,9.020032950518978,9.492140850520782,9.768306268316053,10.116233547351442,10.588341447353248
grid_125.8999999999992667_7.9999999999999378,7.755933443145624,8.421593716317037,9.70370649842316,12.623171688732656,15.841614234993454,22.866322643437293,42.59541764485624
grid_125.8999999999992667_8.0999999999999375,8.0526149816985,9.111528594812663,9.912565820066877,10.71360304532109,11.182179783776531,11.772516658435253,12.573553883689467
grid_125.8999999999992667_8.1999999999999371,8.0701068958661,9.212192495266295,10.07614689930482,10.940101303343345,11.445482232038778,12.082186902743539,12.946141306782064
grid_125.8999999999992667_8.2999999999999368,9.514978198886865,10.524351781710498,10.71144121709353,10.769191058513705,10.782011977246684,10.789524586129858,10.793293446605094
grid_125.8999999999992667_8.3999999999999364,9.646068711396385,10.90602741312094,11.24403165551097,11.3852346777091,11.425745100999954,11.454590978785514,11.473196925129804
grid_125.8999999999992667_8.4999999999999361,8.734167191123586,10.727074366273278,12.234650446135246,13.742226525997218,14.62410199970067,15.735133701146909,17.242709781008877
grid_125.8999999999992667_8.5999999999999357,9.003614608518728,10.87770746640943,12.295403984955989,13.713100503502549,14.54239980425522,15.587193361393249,17.00488987993981
grid_125.8999999999992667_8.6999999999999353,8.149711631024433,9.751636903540573,10.963446591761654,12.175256279982733,12.884119505602662,13.777181552498874,14.988991240719955
grid_125.8999999999992667_8.7999999999999350,7.626840106184712,8.809721604412218,9.704536914565903,10.599352224719588,11.122785626230664,11.782233722947094,12.67704903310078
grid_125.8999999999992667_8.8999999999999346,7.302950792479526,8.65287395525799,9.674051406587889,10.695228857917787,11.29257937352778,12.04515202069625,13.066329472026148
grid_125.8999999999992667_8.9999999999999343,8.897015899655683,10.40830437809676,10.796371792341532,10.952751349427242,10.996277499722233,11.02655740607262,11.045509264679733
grid_125.8999999999992667_9.0999999999999339,8.138399123015942,9.526175947198706,10.575988587954335,11.625801228709967,12.23990225633506,13.01357805289273,14.063390693648358
grid_125.8999999999992667_9.1999999999999336,10.47750528378852,11.705703257263544,12.634799157581535,13.563895057899526,14.107381319159312,14.792093031374549,15.72118893169254
grid_125.8999999999992667_9.2999999999999332,13.7291598590012,15.026874616949975,16.008557934649147,16.99024125234832,17.56448918078587,18.287956010297094,19.26963932799627
grid_125.8999999999992667_9.3999999999999329,17.340205233411766,18.746094861465433,19.16217662401941,19.35068151835501,19.40856315390231,19.451999412504982,19.481985072214655
grid_125.9999999999992610_6.9999999999999414,11.242151671740974,13.09746874219578,14.500961925849534,15.904455109503287,16.725445991958484,17.75977217995809,19.163265363611846
grid_125.9999999999992610_7.0999999999999410,8.950889698305396,10.550293423234635,11.760195634342054,12.970097845449475,13.677845268486926,14.569501570378714,15.779403781486135
grid_125.9999999999992610_7.1999999999999407,7.246178593001867,8.495469235832521,9.440521124556547,10.385573013280572,10.93839292941983,11.634863656111225,12.579915544835252
grid_125.9999999999992610_7.2999999999999403,6.081779019315157,7.049500495760096,7.781553532674631,8.513606569589166,8.941830144723209,9.481328046034106,10.21338108294864
grid_125.9999999999992610_7.3999999999999400,5.7385672165699075,6.224822738839043,6.592660841493611,6.960498944148179,7.17567044053752,7.446754466417314,7.814592569071882
grid_125.9999999999992610_7.4999999999999396,6.083693383077254,6.650811639332461,7.079820038842669,7.508828438352879,7.759782264560751,8.075946694608085,8.504955094118294
grid_125.9999999999992610_7.5999999999999392,6.760451059808348,7.196391648524337,7.526167973274537,7.8559442980247365,8.048851081629245,8.291884886740725,8.621661211490924
grid_125.9999999999992610_7.6999999999999389,8.542550188939897,8.943157731643382,9.011407574973298,9.031080730308613,9.035199555398572,9.037509409512564,9.03860463689028
grid_125.9999999999992610_7.7999999999999385,8.250277056617549,8.594621826296114,8.670139954229857,8.696878189787629,8.703549880050321,8.70781963664669,8.710219201433034
grid_125.9999999999992610_7.8999999999999382,7.961277251132498,8.605381488641866,9.092627534777417,9.579873580912967,9.864894246526916,10.223977818422336,10.711223864557887
grid_125.9999999999992610_7.9999999999999378,7.949298534801416,8.776041829364399,9.401448988619478,10.026856147874556,10.39269588372132,10.853599442437538,11.479006601692616
grid_125.9999999999992610_8.0999999999999375,8.104525398730347,9.018342241925934,9.709617997944608,10.400893753963283,10.805264148891874,11.31471059715887,12.005986353177542
grid_125.9999999999992610_8.1999999999999371,8.231234104430158,9.28978211258237,10.090542768359498,10.891303424136625,11.359718379819125,11.949851432288837,12.750612088065964
grid_125.9999999999992610_8.2999999999999368,8.607505547634652,10.033402157719065,11.112051303311139,12.190700448903213,12.821669750509491,13.616597058987626,14.695246204579698
grid_125.9999999999992610_8.3999999999999364,8.830600332521701,10.95748456067398,12.566410368649564,14.175336176625152,15.116497440733355,16.302220404777426,17.91114621275301
grid_125.9999999999992610_8.4999999999999361,9.876282074663235,11.955166873908539,13.527782515625752,15.100398157342966,16.020319335795072,17.179282956588267,18.75189859830548
grid_125.9999999999992610_8.5999999999999357,10.260156588612233,12.22634527804065,13.713709603704636,15.20107392936862,16.07112628479246,17.16726261879704,18.65462694446102
grid_125.9999999999992610_8.6999999999999353,9.006205846260531,10.516424240555988,11.658860353485519,12.80129646641505,13.469578751948463,14.311514860710506,15.453950973640037
grid_125.9999999999992610_8.7999999999999350,7.864681551655521,9.205063404723477,10.21902313388875,11.232982863054024,11.826111281857088,12.573364716121981,13.587324445287255
grid_125.9999999999992610_8.8999999999999346,7.7594580934404656,8.897499595787966,9.758394758504416,10.619289921220865,11.122881308462226,11.757331423568367,12.618226586284814
grid_125.9999999999992610_8.9999999999999343,8.398721372858352,9.656683242656873,10.608294661359421,11.559906080061971,12.11656307526102,12.817867949860492,13.76947936856304
grid_125.9999999999992610_9.0999999999999339,9.787815784596047,11.268058769855958,12.387819361210994,13.50757995256603,14.162597908294073,14.987822937825939,16.107583529180978
grid_125.9999999999992610_9.1999999999999336,12.53835568891666,14.060711208178041,15.212328701708273,16.363946195238505,17.03759924412818,17.886301714499886,19.037919208030118
grid_125.9999999999992610_9.7999999999999314,33.42204539051074,37.50723522330721,38.5526457641959,38.97273148308622,39.08938023985399,39.170382147008475,39.22096145811396
grid_125.9999999999992610_9.8999999999999311,35.67642296155252,39.12617591451135,39.64952901003021,39.7868700816549,39.813392391618414,39.82739913773746,39.833547695981636
grid_126.0999999999992554_6.5999999999999428,18.27175435751768,19.199872759387418,19.901967226899902,20.60406169441239,21.014760629870985,21.53218009628213,22.234274563794614
grid_126.0999999999992554_6.6999999999999424,16.703451979438537,18.46142996071859,19.791288965969436,21.12114797122028,21.899065620538366,22.879125952500335,24.208984957751177
grid_126.0999999999992554_6.7999999999999421,15.525609879095569,17.645932364802437,19.249894406238234,20.853856447674026,21.79211409449412,22.974178933380895,24.57814097481669
grid_126.0999999999992554_6.8999999999999417,13.7039727353338,16.062131360244425,17.846009495546145,19.629887630847865,20.673389445855754,21.98804625575849,23.77192439106021
grid_126.0999999999992554_6.9999999999999414,10.743021026927355,12.392385842130992,13.640082159035561,14.887778475940129,15.6176340336172,16.537143291143764,17.784839608048333
grid_126.0999999999992554_7.0999999999999410,7.887744770189969,9.337068497006461,10.433439572272839,11.529810647539218,12.17114661344538,12.97913437435571,14.075505449622089
grid_126.0999999999992554_7.1999999999999407,6.25986328933088,7.263010847808012,8.021862681244993,8.780714514681977,9.22461438084611,9.78386207315911,10.542713906596092
grid_126.0999999999992554_7.2999999999999403,5.608843667908597,6.308854441472947,6.8383921495159825,7.367929857559018,7.677689559482021,8.067940631123367,8.597478339166404
grid_126.0999999999992554_7.3999999999999400,5.032430256964197,5.457241000439081,5.778597922285181,6.0999548441312825,6.28793659275843,6.524765587606165,6.846122509452266
grid_126.0999999999992554_7.4999999999999396,5.128914844534474,5.539509227807927,5.8501118883168095,6.160714548825691,6.342405457847612,6.571308932099144,6.881911592608025
grid_126.0999999999992554_7.5999999999999392,5.76581416073392,6.310862134148196,6.723175009199632,7.135487884251067,7.376675454720685,7.680535857665343,8.092848732716778
grid_126.0999999999992554_7.6999999999999389,6.666185256272596,7.267477394136696,7.722337337116676,8.177197280096657,8.443273289820109,8.778489417960756,9.233349360940737
grid_126.0999999999992554_7.7999999999999385,7.781401231695699,8.314080236275926,8.396358646395678,8.418266739342547,8.422550857897681,8.424834473553881,8.425848935780385
grid_126.0999999999992554_7.8999999999999382,7.065913605291453,7.911648362164837,8.551422008057012,9.191195653949187,9.565439245745765,10.03693041082257,10.676704056714744
grid_126.0999999999992554_7.9999999999999378,7.502729315565786,8.260288162202672,8.833359306969767,9.406430451736862,9.741655581670958,10.163989298373748,10.737060443140841
grid_126.0999999999992554_8.0999999999999375,8.103653601465005,9.100823353572977,9.85515315105938,10.609482948545786,11.050737593251915,11.606652700653758,12.36098249814016
grid_126.0999999999992554_8.1999999999999371,8.689429022975402,9.827945249237047,10.689199526731358,11.550453804225668,12.054255260145531,12.688970030487312,13.550224307981622
grid_126.0999999999992554_8.2999999999999368,9.419566670013669,11.102543282891736,12.375665943183986,13.648788603476238,14.393517618565564,15.331765216354302,16.604887876646554
grid_126.0999999999992554_8.3999999999999364,10.402511846025229,12.535356073812208,14.148790447463758,15.76222482111531,16.70602342707599,17.89506904890229,19.50850342255384
grid_126.0999999999992554_8.4999999999999361,12.087139734867874,14.315006055339353,16.000321867211333,17.685637679083317,18.671484230900855,19.913503999554795,21.59881981142678
grid_126.0999999999992554_8.5999999999999357,12.869923577091111,15.175357746555314,16.91935137100479,18.663344995454267,19.683515867253988,20.96877916491847,22.712772789367946
grid_126.0999999999992554_8.6999999999999353,11.082133554381004,13.33832173808391,15.04506221241746,16.751802686751013,17.75018186269918,19.007990870453916,20.71473134478747
grid_126.0999999999992554_8.7999999999999350,10.571028480752187,12.247190971371374,12.732242896695428,12.94795086937569,13.01316519801723,13.061518985144602,13.094383599116956
grid_126.0999999999992554_8.8999999999999346,9.141609881594487,10.85872016668415,12.15766395321134,13.45660773973853,14.216441145401681,15.173718024828194,16.472661811355383
grid_126.0999999999992554_8.9999999999999343,10.805167701927473,12.366111558275236,13.546920001930232,14.727728445585232,15.418457105658314,16.28867230193299,17.46948074558799
grid_126.0999999999992554_9.0999999999999339,12.963112383310419,15.025464314973345,16.585573325167772,18.145682335362196,19.058287603363134,20.20803426702512,21.76814327721955
grid_126.0999999999992554_9.1999999999999336,15.525223733909005,17.270727218883753,18.59114963196778,19.911572045051813,20.68396964181771,21.65707553002656,22.977497943110592
grid_126.0999999999992554_9.7999999999999314,33.4235123379386,37.21081671067071,37.9696911724835,38.21928042228169,38.27777414331663,38.3134747521518,38.332348775560284
grid_126.1999999999992497_6.4999999999999432,18.76682669707672,19.579560578320972,20.1943700255122,20.80917947270343,21.168819944399402,21.621913353947683,22.23672280113891
grid_126.1999999999992497_6.5999999999999428,18.880821424077958,19.82757646457612,20.543769004972074,21.25996154536803,21.678907324795883,22.20671658586619,22.922909126262144
grid_126.1999999999992497_6.6999999999999424,17.65042999856849,19.01018218724287,20.038795009629577,21.067407832016286,21.669107760873462,22.42716002069066,23.45577284307737
grid_126.1999999999992497_6.7999999999999421,16.286634798675678,18.20356284896767,19.653662939665363,21.103763030363055,21.952017205713553,23.020691080655048,24.470791171352744
grid_126.1999999999992497_6.9999999999999414,11.188159745000096,12.854461407317919,14.114969954463824,15.375478501609729,16.112828733528588,17.04178016392755,18.30228871107346
grid_126.1999999999992497_7.0999999999999410,8.129527077427934,9.241526386347726,10.082721390236756,10.923916394125786,11.415983927194855,12.035915703045578,12.877110706934609
grid_126.1999999999992497_7.1999999999999407,6.4099796112793355,7.181130740366934,7.764484049877545,8.347837359388155,8.689077170123445,9.118988488475754,9.702341797986366
grid_126.1999999999992497_7.2999999999999403,5.533226741129887,6.056731290543425,6.4527471944630275,6.84876309838263,7.080417551864789,7.372267647796167,7.76828355171577
grid_126.1999999999992497_7.3999999999999400,4.535654850670302,4.940041335019825,5.245947901279754,5.551854467539684,5.730798337526114,5.956240951889207,6.262147518149136
grid_126.1999999999992497_7.4999999999999396,4.399743817438524,4.788590987799817,5.08274251681655,5.376894045833282,5.548961659837862,5.765741216194576,6.059892745211309
grid_126.1999999999992497_7.5999999999999392,4.89001272072558,5.347075336278883,5.692829857512694,6.0385843787465046,6.24083780812308,6.4956469942998085,6.841401515533619
grid_126.1999999999992497_7.6999999999999389,5.628967327938409,6.511283896220673,7.178730614158416,7.846177332096159,8.23660863331915,8.728493900378423,9.395940618316168
grid_126.1999999999992497_7.7999999999999385,6.0562396447700815,7.089113699578459,7.870452759398037,8.651791819217616,9.108845869560792,9.684665874025994,10.466004933845571
grid_126.1999999999992497_7.8999999999999382,6.570013624385364,7.415611747177065,8.055282033376521,8.694952319575975,9.069135449828227,9.540550442367676,10.180220728567132
grid_126.1999999999992497_7.9999999999999378,7.305235026217297,8.278498849550504,9.014744510034884,9.750990170519266,10.181666273221309,10.724253993852471,11.460499654336854
grid_126.1999999999992497_8.0999999999999375,8.217758553728435,9.440864366719655,10.36610819633615,11.291352025952643,11.832584970301927,12.514457838943862,13.439701668560357
grid_126.1999999999992497_8.1999999999999371,9.52017238566436,11.381357672631879,12.78928999071012,14.197222308788364,15.020809918417546,16.05840759575588,17.466339913834126
grid_126.1999999999992497_8.2999999999999368,10.938909766612603,13.122475939719532,14.77427998379122,16.42608402786291,17.392327452184404,18.60965020096984,20.261454245041527
grid_126.1999999999992497_8.3999999999999364,12.755338595539104,14.924100424533677,16.56470541461021,18.205310404686742,19.16500280237752,20.374072233681314,22.014677223757847
grid_126.1999999999992497_8.4999999999999361,15.003222468809259,17.236740576258477,18.92633179993205,20.615923023605625,21.60427053100224,22.849441131054846,24.53903235472842
grid_126.1999999999992497_8.7999999999999350,13.614532896208104,15.517274223323582,16.122707387282095,16.41396004533828,16.507978732992378,16.5813322216241,16.634588365695432
grid_126.1999999999992497_8.8999999999999346,12.192514897186905,13.844052050979077,15.093391678587864,16.34273130619665,17.073548139012725,17.994268459988824,19.243608087597607
grid_126.1999999999992497_8.9999999999999343,14.445195134645852,16.225422399909665,17.57211233875653,18.918802277603394,19.706565391927274,20.69902954286721,22.04571948171407
grid_126.2999999999992440_6.8999999999999417,15.833663600648434,17.67798662008366,19.073163125196352,20.468339630309043,21.284465567687164,22.312662649744272,23.707839154856963
grid_126.2999999999992440_6.9999999999999414,12.787114151366323,14.282365792984836,15.413479994582858,16.54459419618088,17.206253588148872,18.03984583779939,19.170960039397414
grid_126.2999999999992440_7.0999999999999410,9.76713045542522,10.73280702288437,11.463313145867883,12.193819268851398,12.62113795734395,13.159495836310548,13.890001959294063
grid_126.2999999999992440_7.1999999999999407,7.6355580461672705,8.307223661789358,8.815319085602345,9.323414509415333,9.620631279133953,9.99508012503742,10.503175548850407
grid_126.2999999999992440_7.2999999999999403,5.906985772974221,6.437175117939203,6.838247874479835,7.239320631020467,7.473933153657604,7.769509975985448,8.170582732526082
grid_126.2999999999992440_7.3999999999999400,4.464152979216378,5.084196482305414,5.553241285488803,6.0222860886721925,6.2966597096926105,6.642329591761229,7.111374394944617
grid_126.2999999999992440_7.4999999999999396,3.9599713698903583,4.346644382127936,4.639151224015221,4.931658065902505,5.102763599610939,5.3183310781400825,5.610837920027367
grid_126.2999999999992440_7.5999999999999392,4.4748452293393015,5.22440043127241,5.791417052548604,6.358433673824798,6.690117134556981,7.107988875757906,7.675005497034101
grid_126.2999999999992440_7.6999999999999389,5.53897331359061,6.649477852026125,7.489542105695035,8.329606359363945,8.821012445956562,9.44011089779946,10.28017515146837
grid_126.2999999999992440_7.7999999999999385,6.332433799349904,7.3983409595422875,8.20466859893118,9.010996238320072,9.482667670657586,10.076903398512457,10.883231037901348
grid_126.2999999999992440_7.8999999999999382,7.118938141189616,8.338012450661278,9.260206565595748,10.182400680530218,10.721849656152617,11.40147499000188,12.32366910493635
grid_126.2999999999992440_7.9999999999999378,8.087821053690297,9.485957482509997,10.54360686164573,11.60125624078146,12.219941466486876,12.99939266960116,14.057042048736893
grid_126.2999999999992440_8.0999999999999375,9.57027576693751,10.953753960368585,12.000314812491904,13.046875664615225,13.659074517830145,14.4303538580463,15.47691471016962
grid_126.2999999999992440_8.1999999999999371,11.076424391402833,13.04032653291268,14.525961151849486,16.011595770786293,16.88063631263749,17.975497912296138,19.461132531232945
grid_126.2999999999992440_8.2999999999999368,13.01793163649014,15.237753040413173,16.91698310784901,18.59621317528485,19.57849979481827,20.81603457920788,22.49526464664372
grid_126.2999999999992440_8.3999999999999364,15.247508267751922,17.48674675302384,19.180665275470187,20.874583797916536,21.865462612824636,23.113822283188455,24.8077408056348
grid_126.2999999999992440_8.4999999999999361,17.789087259417204,20.473414052362667,22.50402888181312,24.53464371126357,25.72247723990037,27.218970504209032,29.249585333659482
grid_126.2999999999992440_8.7999999999999350,13.760260668876807,16.1903941945602,18.028719240439838,19.867044286319476,20.94239550229556,22.297177812002868,24.135502857882507
grid_126.2999999999992440_8.8999999999999346,16.867124796882383,19.093777173909878,19.78823338776298,20.116811949294878,20.221423902465293,20.302168116301345,20.359977652842236
grid_126.3999999999992383_7.0999999999999410,13.132149433390992,14.165501870117147,14.94720281188751,15.728903753657876,16.186169491371952,16.76225619038403,17.543957132154397
grid_126.3999999999992383_7.1999999999999407,10.829052001520147,11.75999199562963,12.464220915273557,13.168449834917485,13.580397344832555,14.099389829026967,14.803618748670894
grid_126.3999999999992383_7.2999999999999403,8.501724970896234,9.367951438831312,10.02322646572972,10.67850149262813,11.061812811022746,11.544727960563208,12.200002987461616
grid_126.3999999999992383_7.3999999999999400,6.466190878954756,7.1599777935821285,7.6848073340924135,8.2096368746027,8.516642475071931,8.903423789230072,9.428253329740357
grid_126.3999999999992383_7.4999999999999396,5.8919655043682075,7.099474551110877,8.012919882527,8.926365213943122,9.460696479280362,10.13387426068579,11.047319592101914
grid_126.3999999999992383_7.5999999999999392,6.827418642528368,8.272395596886618,9.365478465725541,10.458561334564465,11.097973823015934,11.903538288922714,12.996621157761636
grid_126.3999999999992383_7.6999999999999389,8.330920170838423,9.890416712199023,11.070130304331643,12.249843896464263,12.939932109452897,13.809340437824865,14.989054029957483
grid_126.3999999999992383_7.7999999999999385,9.124045462064064,10.834401935487094,12.128236660717565,13.422071385948033,14.17891618233872,15.132427859371063,16.42626258460153
grid_126.3999999999992383_8.0999999999999375,12.796081685375635,14.898231702287411,16.488446801763672,18.07866190123994,19.008878102514117,20.18081191815171,21.77102701762798
grid_126.3999999999992383_8.1999999999999371,13.126002431530296,15.362132517659191,17.053699626927287,18.745266736195383,19.734770062570504,20.981396822324278,22.672963931592374
grid_126.4999999999992326_7.1999999999999407,14.757201116399472,15.79940350427666,16.587799175650893,17.376194847025133,17.83737675050994,18.41839723490232,19.206792906276554
grid_126.4999999999992326_7.2999999999999403,11.891737622049604,13.165979579971204,14.129906409917409,15.093833239863613,15.65769428882116,16.368075197785213,17.332002027731416
grid_126.4999999999992326_7.3999999999999400,9.473451852534334,10.913948596675933,12.003642317319901,13.093336037963867,13.730766001811903,14.533832782105467,15.623526502749435
grid_126.4999999999992326_7.4999999999999396,9.12862371696338,10.884941218010132,12.21354411845488,13.542147018899628,14.319329894009169,15.298464519946378,16.62706742039113
grid_126.4999999999992326_7.5999999999999392,10.458059695271073,12.514433201350027,14.070019707175952,15.625606213001877,16.535565985537893,17.68197971908083,19.237566224906754
grid_126.4999999999992326_7.6999999999999389,12.227555311724018,14.402942598450844,16.04855955382101,17.694176509191177,18.656800718633644,19.869563795918005,21.51518075128817
grid_126.5999999999992269_7.2999999999999403,15.475853112948547,16.866733614366925,17.91889409631575,18.971054578264575,19.586529004945334,20.36193507968295,21.414095561631775
grid_126.5999999999992269_7.4999999999999396,12.15848494860775,14.092966880105104,15.556345969315084,17.019725058525065,17.87574695005238,18.954206990022417,20.417586079232397
